model,genre,n_same_genre,n_different_genre,prevalence,average_precision,ap_ci_low,ap_ci_high,separation_auc,auc_ci_low,auc_ci_high,separation_p_naive,separation_p_perm,separation_p_maxT,n_permutations,naive_q,naive_q_by,perm_q,perm_q_by,maxT_q,maxT_q_by
clause_kind_1_2_3gram,Danklied Israels,6,1206,0.0049504950495049506,0.01068942818795002,0.003407811364439479,0.029873150793101332,0.6770315091210614,0.387178826960316,0.9336002601062157,0.06716411026928869,0.08695652173913043,0.5432283858070964,2000,0.9803301302734929,1.0,0.992574225707659,1.0,1.0,1.0
clause_kind_1_2_3gram,Danklied des Einzelnen,276,6760,0.03922683342808414,0.03706831470166713,0.0234248961094757,0.062385296216051773,0.46999506903353055,0.39872075310457816,0.5678000344424982,0.9547220688149175,0.7796101949025487,1.0,2000,0.9705026609145458,1.0,0.799859810354563,1.0,1.0,1.0
clause_kind_1_2_3gram,Fluch,1,608,0.0016420361247947454,0.002849002849002849,nan,nan,0.4375,nan,nan,0.5866755759617103,0.5776553106212425,1.0,2000,0.9026111339737467,1.0,0.8844142831116778,1.0,1.0,1.0
clause_kind_1_2_3gram,Hymnus,2850,17485,0.140152446520777,0.11691734612304927,0.0867243069041635,0.1694910559318573,0.40372724490666184,0.3813112055505267,0.4527758382624998,1.0,1.0,1.0,2000,1.0,1.0,1.0,1.0,1.0,1.0
clause_kind_1_2_3gram,Klagelied des Einzelnen,4095,19594,0.17286504284689097,0.19858646737181446,0.13805109352295827,0.30835716911218836,0.5459878762318284,0.4920821809692444,0.5916235575386021,9.194324391652417e-21,0.02948525737131434,0.9825087456271864,2000,1.3450956054454462e-20,6.662230661971968e-20,0.04016095400575574,0.19891637301319212,1.0,1.0
clause_kind_1_2_3gram,Klagelied des Volkes,406,8034,0.0481042654028436,0.049885641951719205,0.02759322822804268,0.07379550150041866,0.5306532826619871,0.4502090433000431,0.666257672490292,0.018427747675653493,0.19290354822588707,0.9965017491254373,2000,0.09098700414853912,0.450656746201044,0.78143686777301,1.0,1.0,1.0
clause_kind_1_2_3gram,Königspsalm,45,2964,0.014955134596211365,0.04917393385564628,0.01542834045346509,0.15787264174713986,0.6946093867146499,0.5796627911395694,0.946589076608228,3.602458920068177e-06,0.004497751124437781,0.49975012493753124,2000,2.189186574502969e-05,0.0001084299574125892,0.022856992556353404,0.11321021051063032,1.0,1.0
clause_kind_1_2_3gram,Liturgie,153,5161,0.028791870530673693,0.03651228125381353,0.018586810364979393,0.06079005447760643,0.5860127426285375,0.49608157308672346,0.7001929684485994,0.000140773261363952,0.04047976011994003,0.8905547226386806,2000,0.0005560543823876105,0.002754125833932681,0.13324587706146926,0.6599640680903789,1.0,1.0
clause_kind_1_2_3gram,Mischgedicht,45,2879,0.015389876880984952,0.027245574894973302,0.012260718893426016,0.07499592042346186,0.6552390876461734,0.5339349118422508,0.835086100608041,0.00017254352712845432,0.014992503748125937,0.6156921539230384,2000,0.00045436462143826306,0.0022504585550696407,0.04079626853240047,0.20206307269927654,1.0,1.0
clause_kind_1_2_3gram,Thronbesteigungslied,21,2097,0.009915014164305949,0.011441549428862115,0.003961993664899387,0.025269346701576424,0.549333514998751,0.41512003596767943,0.9648275541891483,0.21802173908039152,0.2283858070964518,0.9770114942528736,2000,0.3515044364765496,1.0,0.3783524904214559,1.0,1.0,1.0
clause_kind_1_2_3gram,Wallfahrtslied,0,305,0.0,nan,nan,nan,nan,nan,nan,nan,nan,0.0004997501249375312,2000,nan,nan,nan,nan,0.0004997501249375312,0.002475252013466025
clause_kind_1_2_3gram,Weisheitsgedicht,55,3254,0.01662133575098217,0.01770972218599076,0.007091297319739961,0.03355539207259264,0.5257585070123484,0.4140601443699937,0.6865784626278573,0.25589412926342314,0.31634182908545727,0.999000499750125,2000,0.572939278357116,1.0,0.6754325539932736,1.0,1.0,1.0
clause_kind_1_2_3gram,Zionslied,15,1805,0.008241758241758242,0.01449118744557432,0.005515196442371912,0.04376765709719627,0.6892520775623269,0.43335632706990757,0.8770683401264427,0.0057411917495471,0.02948525737131434,0.5162418790604698,2000,0.013744065097400634,0.06807406963590362,0.06295500898199548,0.3118148549936525,1.0,1.0
clause_kind_1_2_3gram,prophetische Gerichtsrede,1,605,0.0016501650165016502,0.00684931506849315,nan,nan,0.7619834710743801,nan,nan,0.18320812622883292,0.16983967935871744,0.34632683658170915,2000,0.4951456069202817,1.0,0.49597632765531063,1.0,0.9798282676843396,1.0
clause_kind_1_2_3gram,"prophetische Schelt-, Droh- und Mahnrede",21,2088,0.00995732574679943,0.013048630166497877,0.002804491920667206,0.061878213618994,0.5661831782521438,0.44881759121671294,0.9970773789001697,0.14802103593673943,0.2143928035982009,0.9465267366316842,2000,0.9901761234581943,1.0,0.9367588932806324,1.0,1.0,1.0
clause_kind_1_2_3gram,prophetische Tora,0,304,0.0,nan,nan,nan,nan,nan,nan,nan,nan,0.0004997501249375312,2000,nan,nan,nan,nan,0.0004997501249375312,0.002475252013466025
clause_kind_1_2_3gram,prophetisches Stück,28,2381,0.011623080116230802,0.015357358528970334,0.005777037819462736,0.0711117353017336,0.5385042299154017,0.31850613093062663,0.7045170898907575,0.2415263655781646,0.2863568215892054,0.993503248375812,2000,0.9931819757463919,1.0,0.9828506799231963,1.0,1.0,1.0
clause_kind_1_2_3gram_psalm,Danklied Israels,6,1206,0.0049504950495049506,0.0049368071520072025,0.001948129287890211,0.009169950120597457,0.4480375898286346,0.22095976414271998,0.7059157832417705,0.6701400831034655,0.6561719140429785,1.0,2000,0.9803301302734929,1.0,0.992574225707659,1.0,1.0,1.0
clause_kind_1_2_3gram_psalm,Danklied des Einzelnen,276,6760,0.03922683342808414,0.047138295850043484,0.02917437566958211,0.07075187058269267,0.5547409634679702,0.46669403887330635,0.6461382677213405,0.0010079244999824757,0.08845577211394302,0.9675162418790605,2000,0.0028437869820934136,0.01408521799604368,0.23293353323338328,1.0,1.0,1.0
clause_kind_1_2_3gram_psalm,Fluch,1,608,0.0016420361247947454,0.005747126436781609,nan,nan,0.7582236842105263,nan,nan,0.1865253227518473,0.1598196392785571,0.31784107946026985,2000,0.9026111339737467,1.0,0.8844142831116778,1.0,1.0,1.0
clause_kind_1_2_3gram_psalm,Hymnus,2850,17485,0.140152446520777,0.16875504289045407,0.09299523739834492,0.2593596288544921,0.5226664258587561,0.4491316787236596,0.6288389640498787,5.073069589452798e-05,0.16441779110444776,0.9995002498750625,2000,0.00030828653658982385,0.0015269368277072764,0.9277861069465267,1.0,1.0,1.0
clause_kind_1_2_3gram_psalm,Klagelied des Einzelnen,4095,19594,0.17286504284689097,0.21732077355645324,0.14028164098741813,0.27801961222607335,0.5666638313315868,0.5075454054263595,0.6511529557343825,1.7636533854987166e-41,0.001999000499750125,0.9400299850074962,2000,5.358792979015331e-41,2.654199058522165e-40,0.0050942270800083825,0.025231601169524644,1.0,1.0
clause_kind_1_2_3gram_psalm,Klagelied des Volkes,406,8034,0.0481042654028436,0.04261605591820328,0.015680229349039784,0.070924441316605,0.4639607407434659,0.35253604814726586,0.5389287584229443,0.9929391818700135,0.8580709645177411,1.0,2000,0.9997895658449124,1.0,0.9448221094931988,1.0,1.0,1.0
clause_kind_1_2_3gram_psalm,Königspsalm,45,2964,0.014955134596211365,0.027210640548781157,0.0058727880253674,0.12750123464183677,0.5016869095816464,0.31645951962020374,0.6574320455616582,0.4845192755132514,0.46476761619190404,1.0,2000,0.8699323355806104,1.0,0.8255761008384697,1.0,1.0,1.0
clause_kind_1_2_3gram_psalm,Liturgie,153,5161,0.028791870530673693,0.026309093463304217,0.00824573420020689,0.04665378373439596,0.4300687787871074,0.2692150389709211,0.5060602250370337,0.9984253501325017,0.9440279860069966,1.0,2000,0.9999999999461058,1.0,0.999000499750125,1.0,1.0,1.0
clause_kind_1_2_3gram_psalm,Mischgedicht,45,2879,0.015389876880984952,0.016879727868454923,0.0076054562522518505,0.03403595324361153,0.5043765196248697,0.3725984336023869,0.6334558209484936,0.45984985546882906,0.45177411294352826,1.0,2000,0.5588944397236537,1.0,0.5468310620808999,1.0,1.0,1.0
clause_kind_1_2_3gram_psalm,Thronbesteigungslied,21,2097,0.009915014164305949,0.06933077651440106,0.002956767558659803,0.5195783927676721,0.41353861525535346,0.17159405466448432,0.930305361399533,0.9139744287198948,0.8755622188905547,1.0,2000,0.95005236669568,1.0,0.9218897044984001,1.0,1.0,1.0
clause_kind_1_2_3gram_psalm,Wallfahrtslied,0,305,0.0,nan,nan,nan,nan,nan,nan,nan,nan,0.0004997501249375312,2000,nan,nan,nan,nan,0.0004997501249375312,0.002475252013466025
clause_kind_1_2_3gram_psalm,Weisheitsgedicht,55,3254,0.01662133575098217,0.018406703198900864,0.004663845601256223,0.04884256888017398,0.4136335698720456,0.263467228110358,0.6164673944625493,0.9860988729691346,0.9410294852573713,1.0,2000,0.9999998040278182,1.0,0.9995002498750625,1.0,1.0,1.0
clause_kind_1_2_3gram_psalm,Zionslied,15,1805,0.008241758241758242,0.007434816404857405,0.0025400348571962177,0.025356259404722522,0.3983194829178209,0.17283135748279557,0.6237485596157248,0.912851966199641,0.9025487256371814,1.0,2000,0.9625258756901349,1.0,0.9506846576711643,1.0,1.0,1.0
clause_kind_1_2_3gram_psalm,prophetische Gerichtsrede,1,605,0.0016501650165016502,0.010101010101010102,nan,nan,0.8396694214876033,nan,nan,0.12047065626601905,0.09619238476953908,0.1924037981009495,2000,0.4951456069202817,1.0,0.49597632765531063,1.0,0.9798282676843396,1.0
clause_kind_1_2_3gram_psalm,"prophetische Schelt-, Droh- und Mahnrede",21,2088,0.00995732574679943,0.01983794939049392,0.0036690981990062485,0.11053202775392278,0.5222359058565955,0.19464039285189144,0.6561742884653425,0.36280223956240887,0.3473263368315842,0.9995002498750625,2000,0.9901761234581943,1.0,0.9367588932806324,1.0,1.0,1.0
clause_kind_1_2_3gram_psalm,prophetische Tora,0,304,0.0,nan,nan,nan,nan,nan,nan,nan,nan,0.0004997501249375312,2000,nan,nan,nan,nan,0.0004997501249375312,0.002475252013466025
clause_kind_1_2_3gram_psalm,prophetisches Stück,28,2381,0.011623080116230802,0.01957018326030779,0.00412890901655897,0.12697149778653166,0.5286794264114718,0.31307057974816627,0.9284160778039674,0.30069046126962107,0.30334832583708143,0.9970014992503748,2000,0.9931819757463919,1.0,0.9828506799231963,1.0,1.0,1.0
clause_kind_1_2gram,Danklied Israels,6,1206,0.0049504950495049506,0.009850142711859435,0.003318645208759572,0.027801385203600492,0.6610005527915975,0.3657051554931389,0.9334640979948198,0.08665973934273136,0.10494752623688156,0.600199900049975,2000,0.9803301302734929,1.0,0.992574225707659,1.0,1.0,1.0
clause_kind_1_2gram,Danklied des Einzelnen,276,6760,0.03922683342808414,0.03737978534675053,0.02412219711109884,0.061666558797694795,0.47802798859446016,0.4045625398151454,0.5686898375480417,0.8923954447299711,0.7021489255372314,1.0,2000,0.9642288226460473,1.0,0.7704134044089067,1.0,1.0,1.0
clause_kind_1_2gram,Fluch,1,608,0.0016420361247947454,0.0028089887640449437,nan,nan,0.4292763157894737,nan,nan,0.5977174374280018,0.5906813627254509,1.0,2000,0.9026111339737467,1.0,0.8844142831116778,1.0,1.0,1.0
clause_kind_1_2gram,Hymnus,2850,17485,0.140152446520777,0.11604233695551398,0.08570696982143934,0.16975771919264526,0.40136821034570985,0.37971500467658675,0.4444159637290483,1.0,1.0,1.0,2000,1.0,1.0,1.0,1.0,1.0,1.0
clause_kind_1_2gram,Klagelied des Einzelnen,4095,19594,0.17286504284689097,0.19879925652703812,0.13799096142792808,0.30311479317905543,0.5458564600087515,0.48709942570030035,0.5873751537845453,1.1783109323509384e-20,0.030484757621189407,0.9825087456271864,2000,1.6924829755586206e-20,8.382833107909899e-20,0.04081857376396548,0.2021735500490301,1.0,1.0
clause_kind_1_2gram,Klagelied des Volkes,406,8034,0.0481042654028436,0.05252047411213091,0.02887989856440705,0.07699565412815147,0.5515270077539913,0.4702235401342368,0.6866786102954758,0.00022508161191039607,0.08045977011494253,0.9750124937531235,2000,0.002963574556820215,0.014678523371540665,0.78143686777301,1.0,1.0,1.0
clause_kind_1_2gram,Königspsalm,45,2964,0.014955134596211365,0.04337883082549531,0.01401409143955986,0.13130574857188215,0.6868720947668316,0.5703687424841772,0.9514375946449659,8.195127358892e-06,0.004497751124437781,0.5232383808095952,2000,4.316100409016453e-05,0.0002137755589170676,0.022856992556353404,0.11321021051063032,1.0,1.0
clause_kind_1_2gram,Liturgie,153,5161,0.028791870530673693,0.036332377116711265,0.01865495131933492,0.058667813958221154,0.5817386051494808,0.4886632129404723,0.7025383487911809,0.0002790038068429525,0.04397801099450275,0.9055472263868066,2000,0.001001877306390602,0.004962277538598401,0.1389705147426287,0.6883180799046322,1.0,1.0
clause_kind_1_2gram,Mischgedicht,45,2879,0.015389876880984952,0.024760201381562826,0.011666509182977767,0.05685134573786171,0.6445023349156729,0.5199607856034855,0.8306981180948534,0.0004321498158687885,0.018490754622688656,0.6571714142928535,2000,0.0011012850146333642,0.005454641857692262,0.04546211742613542,0.2251729255886366,1.0,1.0
clause_kind_1_2gram,Thronbesteigungslied,21,2097,0.009915014164305949,0.011628367439527939,0.004019007025391663,0.02635054947121834,0.5565092989985694,0.43115652824774015,0.9718729947937276,0.18613986757939305,0.2028985507246377,0.9685157421289355,2000,0.31967498997330546,1.0,0.36429512516469037,1.0,1.0,1.0
clause_kind_1_2gram,Wallfahrtslied,0,305,0.0,nan,nan,nan,nan,nan,nan,nan,nan,0.0004997501249375312,2000,nan,nan,nan,nan,0.0004997501249375312,0.002475252013466025
clause_kind_1_2gram,Weisheitsgedicht,55,3254,0.01662133575098217,0.017527471419934652,0.0065977287143356815,0.03599482406599312,0.5187964463317875,0.4094489379261126,0.6952275078847229,0.31607017741887217,0.35132433783108447,1.0,2000,0.6570932635813395,1.0,0.730384807596202,1.0,1.0,1.0
clause_kind_1_2gram,Zionslied,15,1805,0.008241758241758242,0.013973352839084314,0.00539802001835721,0.04105556401650797,0.6799076638965835,0.41453050523236895,0.8801813771583169,0.008133967099346402,0.03398300849575212,0.5417291354322838,2000,0.016910089496009625,0.0837553228788499,0.06644238856181665,0.32908777379032444,1.0,1.0
clause_kind_1_2gram,prophetische Gerichtsrede,1,605,0.0016501650165016502,0.006211180124223602,nan,nan,0.7371900826446282,nan,nan,0.2068329750426493,0.20090180360721444,0.40229885057471265,2000,0.4951456069202817,1.0,0.49597632765531063,1.0,0.9798282676843396,1.0
clause_kind_1_2gram,"prophetische Schelt-, Droh- und Mahnrede",21,2088,0.00995732574679943,0.0129285265180747,0.0029700358188227195,0.06117050462436024,0.5653849662470352,0.4405659246274681,0.9967428600660749,0.15095323735405564,0.2178910544727636,0.9510244877561219,2000,0.9901761234581943,1.0,0.9367588932806324,1.0,1.0,1.0
clause_kind_1_2gram,prophetische Tora,0,304,0.0,nan,nan,nan,nan,nan,nan,nan,nan,0.0004997501249375312,2000,nan,nan,nan,nan,0.0004997501249375312,0.002475252013466025
clause_kind_1_2gram,prophetisches Stück,28,2381,0.011623080116230802,0.014349784143866619,0.005114423676465247,0.042002879665474634,0.5416616667666647,0.3107739234022687,0.7126710178489752,0.22394755514428794,0.2748625687156422,0.9865067466266867,2000,0.9931819757463919,1.0,0.9828506799231963,1.0,1.0,1.0
clause_kind_1_2gram_psalm,Danklied Israels,6,1206,0.0049504950495049506,0.006206531948838088,0.001996430095441818,0.01993516843644553,0.3998065229408513,0.06669667198904512,0.9040799114794532,0.8019035107381199,0.7886056971514243,1.0,2000,0.9803301302734929,1.0,0.992574225707659,1.0,1.0,1.0
clause_kind_1_2gram_psalm,Danklied des Einzelnen,276,6760,0.03922683342808414,0.04816263016031995,0.02872101200604502,0.07026645879767413,0.5548444065689049,0.47274370597218407,0.6359814653919118,0.0009883116821812808,0.0879560219890055,0.9695152423788106,2000,0.0028437869820934136,0.01408521799604368,0.23293353323338328,1.0,1.0,1.0
clause_kind_1_2gram_psalm,Fluch,1,608,0.0016420361247947454,0.003105590062111801,nan,nan,0.5148026315789473,nan,nan,0.48070642944946784,0.4498997995991984,1.0,2000,0.9026111339737467,1.0,0.8844142831116778,1.0,1.0,1.0
clause_kind_1_2gram_psalm,Hymnus,2850,17485,0.140152446520777,0.16097523106666217,0.09020439799175875,0.25701149561632336,0.4954698613849465,0.4285340079836717,0.60973074304536,0.7813841500155776,0.5467266366816592,1.0,2000,1.0,1.0,1.0,1.0,1.0,1.0
clause_kind_1_2gram_psalm,Klagelied des Einzelnen,4095,19594,0.17286504284689097,0.21960793724519564,0.1421806024416041,0.2750932577159387,0.5637043148066931,0.5053474450494131,0.641223755545677,4.6908236075897456e-38,0.004497751124437781,0.9505247376311844,2000,1.1954034354825481e-37,5.920808445925344e-37,0.008883058470764617,0.04399760453935859,1.0,1.0
clause_kind_1_2gram_psalm,Klagelied des Volkes,406,8034,0.0481042654028436,0.044751744296695636,0.01657269924098186,0.07458617522825257,0.48233600179532554,0.3875227519240065,0.5456657999002695,0.8854857481009446,0.6751624187906047,1.0,2000,0.9997895658449124,1.0,0.9448221094931988,1.0,1.0,1.0
clause_kind_1_2gram_psalm,Königspsalm,45,2964,0.014955134596211365,0.014662902938853084,0.0028287663012248714,0.03199985874031704,0.5109611635927426,0.2601334615918088,0.6529612497957217,0.4002573344056463,0.3743128435782109,1.0,2000,0.7528649861439538,1.0,0.7212369425043575,1.0,1.0,1.0
clause_kind_1_2gram_psalm,Liturgie,153,5161,0.028791870530673693,0.023883540641052352,0.008769741509834563,0.04040173620281594,0.4088728561243008,0.3208572452871319,0.47876128670276774,0.9999403950076906,0.992503748125937,1.0,2000,0.9999999999461058,1.0,0.999000499750125,1.0,1.0,1.0
clause_kind_1_2gram_psalm,Mischgedicht,45,2879,0.015389876880984952,0.015405497638426892,0.008016799041817096,0.02831108440915644,0.5080043224885183,0.3621482758726758,0.638342959748227,0.42682973971950816,0.41829085457271364,1.0,2000,0.5438637006103411,1.0,0.5387145137108865,1.0,1.0,1.0
clause_kind_1_2gram_psalm,Thronbesteigungslied,21,2097,0.009915014164305949,0.07315778102780292,0.003502202520254401,0.49189836003977605,0.5943184140609034,0.2621194407240532,0.9084920400161276,0.0681952202774468,0.11744127936031984,0.8390804597701149,2000,0.1466192157355408,0.7262019374333759,0.25075300187743965,1.0,1.0,1.0
clause_kind_1_2gram_psalm,Wallfahrtslied,0,305,0.0,nan,nan,nan,nan,nan,nan,nan,nan,0.0004997501249375312,2000,nan,nan,nan,nan,0.0004997501249375312,0.002475252013466025
clause_kind_1_2gram_psalm,Weisheitsgedicht,55,3254,0.01662133575098217,0.016225008980838174,0.00443462553014896,0.043849525254134554,0.4118120355366821,0.31223269200098314,0.6090066156118812,0.9876628800564299,0.967016491754123,1.0,2000,0.9999998040278182,1.0,0.9995002498750625,1.0,1.0,1.0
clause_kind_1_2gram_psalm,Zionslied,15,1805,0.008241758241758242,0.013635599649499753,0.0023204244460065995,0.041879004564766405,0.6306001846722068,0.44704449808726054,0.9660653785680116,0.04054873706689021,0.07396301849075462,0.7201399300349826,2000,0.07280341427918924,0.3605938023613105,0.13279723774476399,0.6577419668510175,1.0,1.0
clause_kind_1_2gram_psalm,prophetische Gerichtsrede,1,605,0.0016501650165016502,0.004464285714285714,nan,nan,0.6330578512396694,nan,nan,0.3236147016442939,0.31312625250501,0.7116441779110445,2000,0.608703843569029,1.0,0.5918883220987429,1.0,1.0,1.0
clause_kind_1_2gram_psalm,"prophetische Schelt-, Droh- und Mahnrede",21,2088,0.00995732574679943,0.01960735369650554,0.0033098623756095797,0.10254433360456128,0.5144818463783981,0.20065580242897518,0.6383155007751845,0.40961976151322077,0.37231384307846077,1.0,2000,0.9901761234581943,1.0,0.9367588932806324,1.0,1.0,1.0
clause_kind_1_2gram_psalm,prophetische Tora,0,304,0.0,nan,nan,nan,nan,nan,nan,nan,nan,0.0004997501249375312,2000,nan,nan,nan,nan,0.0004997501249375312,0.002475252013466025
clause_kind_1_2gram_psalm,prophetisches Stück,28,2381,0.011623080116230802,0.016822370973322814,0.0034846286318506617,0.09719572304991043,0.4774104517909642,0.24029520321640319,0.6824702608250969,0.6597308281473917,0.5832083958020989,1.0,2000,0.9931819757463919,1.0,0.9828506799231963,1.0,1.0,1.0
clause_kind_1gram,Danklied Israels,6,1206,0.0049504950495049506,0.007777646882055278,0.0028311636807586194,0.03064090617152651,0.5664731896075179,0.34252358147454465,0.9531695446915667,0.2871084285517498,0.255872063968016,0.9305347326336831,2000,0.9803301302734929,1.0,0.992574225707659,1.0,1.0,1.0
clause_kind_1gram,Danklied des Einzelnen,276,6760,0.03922683342808414,0.03986682014856499,0.02378268192451853,0.06079102320498452,0.4892156547465912,0.4071291477109082,0.5684729082425968,0.7285121994041799,0.5902048975512244,1.0,2000,0.8340936775786987,1.0,0.6757418392253148,1.0,1.0,1.0
clause_kind_1gram,Fluch,1,608,0.0016420361247947454,0.003367003367003367,nan,nan,0.5386513157894737,nan,nan,0.44794784283798716,0.41082164328657317,0.984007996001999,2000,0.9026111339737467,1.0,0.8844142831116778,1.0,1.0,1.0
clause_kind_1gram,Hymnus,2850,17485,0.140152446520777,0.11839402490431344,0.08521858292990732,0.17157038277667824,0.41392527931209205,0.3929338325370639,0.43628193617999766,1.0,1.0,1.0,2000,1.0,1.0,1.0,1.0,1.0,1.0
clause_kind_1gram,Klagelied des Einzelnen,4095,19594,0.17286504284689097,0.20150803115977928,0.14057838983811066,0.2961472890808153,0.5521748141733852,0.4927140147152373,0.588228801317548,3.544571973295959e-26,0.013993003498250875,0.9650174912543729,2000,6.087417084573496e-26,3.015085068219145e-25,0.022108945527236384,0.10950514907573695,1.0,1.0
clause_kind_1gram,Klagelied des Volkes,406,8034,0.0481042654028436,0.05773788665361544,0.030786717460708476,0.0862135513085696,0.5763111456114469,0.5020018572703525,0.6816534552190849,1.0154096705304936e-07,0.020989505247376312,0.8980509745127436,2000,4.01086819859545e-06,1.9865747078224794e-05,0.5527236381809095,1.0,1.0,1.0
clause_kind_1gram,Königspsalm,45,2964,0.014955134596211365,0.02746337579832017,0.009302527347323989,0.08400053737573451,0.6000974658869396,0.46557285816757393,0.8978021272915807,0.0104956521132037,0.06096951524237881,0.8115942028985508,2000,0.026746984417519104,0.13247725959425075,0.1505184907546227,0.7455149658057985,1.0,1.0
clause_kind_1gram,Liturgie,153,5161,0.028791870530673693,0.036480974295135866,0.018372579516559514,0.05839220801563329,0.564608495338974,0.48687457832211956,0.6705193192163493,0.0031863683869135725,0.07446276861569215,0.9370314842578711,2000,0.009323077872821195,0.04617701152007881,0.19608529068798933,0.9712063816836194,1.0,1.0
clause_kind_1gram,Mischgedicht,45,2879,0.015389876880984952,0.023867025584742046,0.01138403985090464,0.05682637143109865,0.6222646752344564,0.4938532619235919,0.8441220245271394,0.0024111269515715555,0.03698150924537731,0.7426286856571714,2000,0.00529108414372647,0.02620663012703438,0.07896051974012994,0.391089818127632,1.0,1.0
clause_kind_1gram,Thronbesteigungslied,21,2097,0.009915014164305949,0.011239319731664709,0.0032995088854197645,0.023765821272172916,0.541907941049572,0.366930592233859,0.8088925008207741,0.25410272307856896,0.2448775612193903,0.9810094952523738,2000,0.38604067544628745,1.0,0.3788586475992773,1.0,1.0,1.0
clause_kind_1gram,Wallfahrtslied,0,305,0.0,nan,nan,nan,nan,nan,nan,nan,nan,0.0004997501249375312,2000,nan,nan,nan,nan,0.0004997501249375312,0.002475252013466025
clause_kind_1gram,Weisheitsgedicht,55,3254,0.01662133575098217,0.015968855059227974,0.00609858585352485,0.02992020781712623,0.4931552774207968,0.40215656802133376,0.6470190694366018,0.5692332196223924,0.5082458770614693,1.0,2000,0.9999998040278182,1.0,0.9559862925680017,1.0,1.0,1.0
clause_kind_1gram,Zionslied,15,1805,0.008241758241758242,0.019936938086410564,0.006696623092178867,0.12656012684617363,0.7090489381348107,0.5210868141860117,0.8964041611842686,0.002618047129520227,0.018490754622688656,0.49375312343828087,2000,0.006837208419158418,0.03386455162592347,0.04426574591492133,0.21924732228367247,1.0,1.0
clause_kind_1gram,prophetische Gerichtsrede,1,605,0.0016501650165016502,0.00625,nan,nan,0.7388429752066116,nan,nan,0.2051754214456023,0.21993987975951904,0.4387806096951524,2000,0.4951456069202817,1.0,0.5110367794412355,1.0,1.0,1.0
clause_kind_1gram,"prophetische Schelt-, Droh- und Mahnrede",21,2088,0.00995732574679943,0.011213739739893674,0.0028171810854741384,0.03879451513681126,0.5335020981572706,0.33206065157756165,0.7608339822059305,0.2984437321306971,0.3118440779610195,0.992503748125937,2000,0.9901761234581943,1.0,0.9367588932806324,1.0,1.0,1.0
clause_kind_1gram,prophetische Tora,0,304,0.0,nan,nan,nan,nan,nan,nan,nan,nan,0.0004997501249375312,2000,nan,nan,nan,nan,0.0004997501249375312,0.002475252013466025
clause_kind_1gram,prophetisches Stück,28,2381,0.011623080116230802,0.018251919036233525,0.005048978816350117,0.044610105582493086,0.6107802843943121,0.23315046036660475,0.8096186573792411,0.02178138254770146,0.07096451774112944,0.7776111944027986,2000,0.5735764070894718,1.0,0.9828506799231963,1.0,1.0,1.0
clause_kind_1gram_psalm,Danklied Israels,6,1206,0.0049504950495049506,0.004456243487812505,0.0017473609841172485,0.00910418184394117,0.3832227750138198,0.14305350507925982,0.7020751197777596,0.8386157158866274,0.8450774612693653,1.0,2000,0.9803301302734929,1.0,0.992574225707659,1.0,1.0,1.0
clause_kind_1gram_psalm,Danklied des Einzelnen,276,6760,0.03922683342808414,0.04660117218870695,0.02635629763982037,0.06713311902534844,0.5507530443358203,0.4613578829071768,0.633816460477736,0.0020985100239152353,0.0864567716141929,0.9675162418790605,2000,0.00552607639631012,0.027370541884793934,0.23293353323338328,1.0,1.0,1.0
clause_kind_1gram_psalm,Fluch,1,608,0.0016420361247947454,0.002631578947368421,nan,nan,0.42023026315789475,nan,nan,0.6098455747546272,0.562625250501002,1.0,2000,0.9026111339737467,1.0,0.8844142831116778,1.0,1.0,1.0
clause_kind_1gram_psalm,Hymnus,2850,17485,0.140152446520777,0.1590799624505563,0.0921610787565229,0.24997901638960013,0.49332457394558743,0.4379635803518255,0.6086023504412185,0.8738508155224551,0.5962018990504747,1.0,2000,1.0,1.0,1.0,1.0,1.0,1.0
clause_kind_1gram_psalm,Klagelied des Einzelnen,4095,19594,0.17286504284689097,0.2058729646918977,0.1320681179759111,0.2672198820348061,0.5483260493263555,0.495937241507022,0.6205582004672362,9.881152170029594e-23,0.01249375312343828,0.9710144927536232,2000,1.5306098459457606e-22,7.581078851119342e-22,0.020142989729624982,0.09976781074684489,1.0,1.0
clause_kind_1gram_psalm,Klagelied des Volkes,406,8034,0.0481042654028436,0.04480042289204418,0.01638714029935432,0.0697061794736129,0.47931727350877,0.420872018607964,0.5365619380899371,0.9204982744565988,0.7286356821589205,1.0,2000,0.9997895658449124,1.0,0.9448221094931988,1.0,1.0,1.0
clause_kind_1gram_psalm,Königspsalm,45,2964,0.014955134596211365,0.029922078337602655,0.009499024428663008,0.09241230490030437,0.5261208576998051,0.36942807589344806,0.9186423959671683,0.27349758276549174,0.29985007496251875,0.9980009995002499,2000,0.5401577259618462,1.0,0.5922038980509746,1.0,1.0,1.0
clause_kind_1gram_psalm,Liturgie,153,5161,0.028791870530673693,0.031213503503413443,0.011512474518640224,0.05057663159364796,0.4803940564794025,0.3952201400065795,0.5561701576418884,0.7961254423458154,0.6496751624187906,1.0,2000,0.9999999999461058,1.0,0.999000499750125,1.0,1.0,1.0
clause_kind_1gram_psalm,Mischgedicht,45,2879,0.015389876880984952,0.015209278891563796,0.00699530417848281,0.02703665243667333,0.48402222994095173,0.3780619402557711,0.6375156722161515,0.6437341854830372,0.5552223888055972,1.0,2000,0.6923657365590258,1.0,0.614685712699206,1.0,1.0,1.0
clause_kind_1gram_psalm,Thronbesteigungslied,21,2097,0.009915014164305949,0.059452318556558824,0.003746772406033145,0.5082769382238689,0.5114449213161659,0.22542030666678867,0.8133722536166579,0.4283532962625646,0.37231384307846077,1.0,2000,0.5735578034702136,1.0,0.498521925477939,1.0,1.0,1.0
clause_kind_1gram_psalm,Wallfahrtslied,0,305,0.0,nan,nan,nan,nan,nan,nan,nan,nan,0.0004997501249375312,2000,nan,nan,nan,nan,0.0004997501249375312,0.002475252013466025
clause_kind_1gram_psalm,Weisheitsgedicht,55,3254,0.01662133575098217,0.017706471534302326,0.006046760539936721,0.10464913301688851,0.3997262110968319,0.31367674051555694,0.529067446878564,0.9946803532546067,0.9940029985007496,1.0,2000,0.9999998040278182,1.0,0.9995002498750625,1.0,1.0,1.0
clause_kind_1gram_psalm,Zionslied,15,1805,0.008241758241758242,0.02476763528846896,0.0058713791267265905,0.07487395843231233,0.7568051708217913,0.5576736603017036,0.9329693888067571,0.00030150567567815544,0.0069965017491254375,0.3773113443278361,2000,0.0014886842736608924,0.007373422360334457,0.026320173246709978,0.13036327270921066,1.0,1.0
clause_kind_1gram_psalm,prophetische Gerichtsrede,1,605,0.0016501650165016502,0.006896551724137931,nan,nan,0.7636363636363637,nan,nan,0.18153118058546447,0.18236472945891782,0.36431784107946025,2000,0.4951456069202817,1.0,0.49597632765531063,1.0,0.9798282676843396,1.0
clause_kind_1gram_psalm,"prophetische Schelt-, Droh- und Mahnrede",21,2088,0.00995732574679943,0.02337552864890166,0.0036261536441516847,0.14349877555211038,0.5242428388980113,0.22764767716687864,0.715730547114319,0.35098071652321555,0.32083958020989506,0.9980009995002499,2000,0.9901761234581943,1.0,0.9367588932806324,1.0,1.0,1.0
clause_kind_1gram_psalm,prophetische Tora,0,304,0.0,nan,nan,nan,nan,nan,nan,nan,nan,0.0004997501249375312,2000,nan,nan,nan,nan,0.0004997501249375312,0.002475252013466025
clause_kind_1gram_psalm,prophetisches Stück,28,2381,0.011623080116230802,0.02021706717863162,0.0038908001200823753,0.09382386004127874,0.5347093058138838,0.14360443210041104,0.7062569861752662,0.2636004946984174,0.2613693153423288,0.9885057471264368,2000,0.9931819757463919,1.0,0.9828506799231963,1.0,1.0,1.0
clause_marginal_typ_rela,Danklied Israels,6,1206,0.0049504950495049506,0.004411417899671429,0.0021906224764773304,0.008065790472618985,0.3732725262576009,0.1353925860379035,0.6451551499176471,0.8583191054825396,0.8620689655172413,1.0,2000,0.9803301302734929,1.0,0.992574225707659,1.0,1.0,1.0
clause_marginal_typ_rela,Danklied des Einzelnen,276,6760,0.03922683342808414,0.03936705477195071,0.024792186308624436,0.06317672664604732,0.49844004587942714,0.40424969288970886,0.6202940239321074,0.5350639596650059,0.5047476261869065,1.0,2000,0.6404553456596283,1.0,0.5951501861009794,1.0,1.0,1.0
clause_marginal_typ_rela,Fluch,1,608,0.0016420361247947454,0.0024691358024691358,nan,nan,0.3355263157894737,nan,nan,0.7162278405165478,0.7374749498997996,1.0,2000,0.9026111339737467,1.0,0.9103206412825653,1.0,1.0,1.0
clause_marginal_typ_rela,Hymnus,2850,17485,0.140152446520777,0.11232403327476831,0.08174788079331834,0.15998042588119832,0.400271791861696,0.36048792447802847,0.43359952492917503,1.0,1.0,1.0,2000,1.0,1.0,1.0,1.0,1.0,1.0
clause_marginal_typ_rela,Klagelied des Einzelnen,4095,19594,0.17286504284689097,0.20823610586671598,0.14243022649730572,0.26709610081907076,0.557108253591871,0.5065686522351122,0.6023749590601732,5.660886752695402e-31,0.010994502748625687,0.9770114942528736,2000,1.1466924447767609e-30,5.6795439183026725e-30,0.01809511910711311,0.08962474998758233,1.0,1.0
clause_marginal_typ_rela,Klagelied des Volkes,406,8034,0.0481042654028436,0.047793201677821195,0.028360195950061735,0.06862196940282803,0.5190365515524538,0.42822795976123934,0.6942684871012759,0.09743510582841058,0.29685157421289354,1.0,2000,0.27490619144444417,1.0,0.7817091454272863,1.0,1.0,1.0
clause_marginal_typ_rela,Königspsalm,45,2964,0.014955134596211365,0.028981902033754697,0.01007864196077135,0.08403888669708146,0.6884315489578647,0.539966925523072,0.8825245968877701,6.961239300351769e-06,0.004497751124437781,0.5057471264367817,2000,3.928127890912784e-05,0.00019455936048738971,0.022856992556353404,0.11321021051063032,1.0,1.0
clause_marginal_typ_rela,Liturgie,153,5161,0.028791870530673693,0.03808268026353762,0.020398706029267636,0.06273164458293347,0.6079951065874907,0.49838943521066204,0.7734517351357105,2.559170475415066e-06,0.013993003498250875,0.8175912043978011,2000,2.527180844472378e-05,0.0001251707435681972,0.09718217814169837,0.48134131461862395,1.0,1.0
clause_marginal_typ_rela,Mischgedicht,45,2879,0.015389876880984952,0.03729169412998241,0.017573873833659114,0.08628656334713777,0.7616263363050442,0.6291193773671058,0.8879117066440803,8.119060910041448e-10,0.0004997501249375312,0.3308345827086457,2000,1.0690096864887906e-08,5.294782826171023e-08,0.0024675162418790605,0.0122215568164885,1.0,1.0
clause_marginal_typ_rela,Thronbesteigungslied,21,2097,0.009915014164305949,0.0558575364991744,0.0052088223997954234,0.3384947522337754,0.6628971092490406,0.3928218820538834,0.9278787802085797,0.005051630588674438,0.03298350824587706,0.600199900049975,2000,0.036885823873187534,0.18269472133073172,0.15247548639473366,0.7552079246602549,1.0,1.0
clause_marginal_typ_rela,Wallfahrtslied,0,305,0.0,nan,nan,nan,nan,nan,nan,nan,nan,0.0004997501249375312,2000,nan,nan,nan,nan,0.0004997501249375312,0.002475252013466025
clause_marginal_typ_rela,Weisheitsgedicht,55,3254,0.01662133575098217,0.024561413074474958,0.00904416688899787,0.08087726705463004,0.597010672179695,0.4623432120902111,0.7999395870456941,0.006736677360329184,0.07496251874062969,0.8615692153923038,2000,0.026609875573300277,0.1317981623298747,0.28200185621474977,1.0,1.0,1.0
clause_marginal_typ_rela,Zionslied,15,1805,0.008241758241758242,0.01718422821245526,0.007667143839747388,0.04526474465643862,0.753444136657433,0.6155722918672107,0.9060252619084278,0.0003557700758161795,0.0069965017491254375,0.3468265867066467,2000,0.0016532844699693049,0.008188683721960388,0.026320173246709978,0.13036327270921066,1.0,1.0
clause_marginal_typ_rela,prophetische Gerichtsrede,1,605,0.0016501650165016502,0.02040816326530612,nan,nan,0.9223140495867769,nan,nan,0.07246538320275028,0.051603206412825654,0.08845577211394302,2000,0.4951456069202817,1.0,0.49597632765531063,1.0,0.9798282676843396,1.0
clause_marginal_typ_rela,"prophetische Schelt-, Droh- und Mahnrede",21,2088,0.00995732574679943,0.032506630760371434,0.00527235134215431,0.5,0.4281609195402299,0.3128903403186594,0.9986052718269196,0.8717349368486711,0.8180909545227386,1.0,2000,0.9901761234581943,1.0,0.9595419681463616,1.0,1.0,1.0
clause_marginal_typ_rela,prophetische Tora,0,304,0.0,nan,nan,nan,nan,nan,nan,nan,nan,0.0004997501249375312,2000,nan,nan,nan,nan,0.0004997501249375312,0.002475252013466025
clause_marginal_typ_rela,prophetisches Stück,28,2381,0.011623080116230802,0.0110447715541464,0.004838443964729986,0.025160266437132667,0.4623882522349553,0.3419825560810993,0.6756174309050772,0.7534577958652469,0.6906546726636682,1.0,2000,0.9931819757463919,1.0,0.9828506799231963,1.0,1.0,1.0
clause_marginal_typ_rela_psalm,Danklied Israels,6,1206,0.0049504950495049506,0.004009247832627988,0.0017673531887968826,0.008794444586977366,0.3167495854063018,0.1635759471089054,0.7933275522300229,0.9395665247577298,0.9625187406296851,1.0,2000,0.9803301302734929,1.0,0.992574225707659,1.0,1.0,1.0
clause_marginal_typ_rela_psalm,Danklied des Einzelnen,276,6760,0.03922683342808414,0.04942077897276945,0.029189318785554502,0.06882027156889801,0.5719647757482206,0.4786659790622473,0.6488827960633471,2.460591497613545e-05,0.041979010494752625,0.9265367316341829,2000,9.213266753457108e-05,0.00045633119321270693,0.13818090954522738,0.6844071817233559,1.0,1.0
clause_marginal_typ_rela_psalm,Fluch,1,608,0.0016420361247947454,0.003703703703703704,nan,nan,0.5904605263157895,nan,nan,0.3782399495439047,0.3592184368737475,0.8665667166416792,2000,0.9026111339737467,1.0,0.8844142831116778,1.0,1.0,1.0
clause_marginal_typ_rela_psalm,Hymnus,2850,17485,0.140152446520777,0.1626297106322665,0.08940854159454802,0.2687939837663088,0.4847293168580588,0.42272005650361977,0.611681207582039,0.9955865086737722,0.7256371814092953,1.0,2000,1.0,1.0,1.0,1.0,1.0,1.0
clause_marginal_typ_rela_psalm,Klagelied des Einzelnen,4095,19594,0.17286504284689097,0.23210799406199456,0.15904950003032164,0.2882568976776214,0.6225992594727922,0.5686088493073996,0.6818464433454031,3.5508908635986796e-135,0.0004997501249375312,0.7401299350324838,2000,5.610407564485914e-134,2.778823241333791e-133,0.0017165330378289116,0.008501952567991999,1.0,1.0
clause_marginal_typ_rela_psalm,Klagelied des Volkes,406,8034,0.0481042654028436,0.047753295390749816,0.018213822394734916,0.08062472289415706,0.4869425017566966,0.3744912306185657,0.5665894723168318,0.8130461249841949,0.6146926536731634,1.0,2000,0.9997895658449124,1.0,0.9448221094931988,1.0,1.0,1.0
clause_marginal_typ_rela_psalm,Königspsalm,45,2964,0.014955134596211365,0.015603838276839817,0.0032065368097059553,0.03581306514217725,0.45513570250412355,0.3088068024758287,0.6454266058096817,0.8495849231081594,0.7346326836581709,1.0,2000,0.9953528377655053,1.0,0.8803508693414487,1.0,1.0,1.0
clause_marginal_typ_rela_psalm,Liturgie,153,5161,0.028791870530673693,0.024369381662847286,0.009355009845676925,0.04058041842146233,0.4356796131873921,0.3319142111500584,0.5164909349703991,0.9966947445866258,0.9380309845077461,1.0,2000,0.9999999999461058,1.0,0.999000499750125,1.0,1.0,1.0
clause_marginal_typ_rela_psalm,Mischgedicht,45,2879,0.015389876880984952,0.017638149349818454,0.00844228818448815,0.038216411850920326,0.5341129250125429,0.3975243453899077,0.6576006526499982,0.21582370199503043,0.2943528235882059,0.9950024987506247,2000,0.3552098428668209,1.0,0.47456883802996463,1.0,1.0,1.0
clause_marginal_typ_rela_psalm,Thronbesteigungslied,21,2097,0.009915014164305949,0.08338038500289757,0.003243419852597084,0.4182584780844731,0.6409610100597225,0.36306766611721747,0.8720557844692034,0.01300816769272216,0.05247376311844078,0.665167416291854,2000,0.04281855198854378,0.21207940075370865,0.15247548639473366,0.7552079246602549,1.0,1.0
clause_marginal_typ_rela_psalm,Wallfahrtslied,0,305,0.0,nan,nan,nan,nan,nan,nan,nan,nan,0.0004997501249375312,2000,nan,nan,nan,nan,0.0004997501249375312,0.002475252013466025
clause_marginal_typ_rela_psalm,Weisheitsgedicht,55,3254,0.01662133575098217,0.013431714589987966,0.004350765586319488,0.025350073333014977,0.41042074090629715,0.28167989742044686,0.5314881415923838,0.9887517208054974,0.952023988005997,1.0,2000,0.9999998040278182,1.0,0.9995002498750625,1.0,1.0,1.0
clause_marginal_typ_rela_psalm,Zionslied,15,1805,0.008241758241758242,0.01826451520411813,0.004109209632107697,0.1895369490506017,0.6113573407202216,0.24781069514531065,0.7934965299464615,0.06847535968340401,0.11744127936031984,0.7786106946526736,2000,0.11759898728236777,0.5824653472345449,0.19411127769448608,0.9614291362304285,1.0,1.0
clause_marginal_typ_rela_psalm,prophetische Gerichtsrede,1,605,0.0016501650165016502,0.00909090909090909,nan,nan,0.8214876033057851,nan,nan,0.13364594144709085,0.11022044088176353,0.20889555222388806,2000,0.4951456069202817,1.0,0.49597632765531063,1.0,0.9798282676843396,1.0
clause_marginal_typ_rela_psalm,"prophetische Schelt-, Droh- und Mahnrede",21,2088,0.00995732574679943,0.059426654611186305,0.0031691852094530067,0.3333333333333333,0.5156221492428389,0.2094990018470493,0.936314293122714,0.40263829090253767,0.38330834582708645,1.0,2000,0.9901761234581943,1.0,0.9367588932806324,1.0,1.0,1.0
clause_marginal_typ_rela_psalm,prophetische Tora,0,304,0.0,nan,nan,nan,nan,nan,nan,nan,nan,0.0004997501249375312,2000,nan,nan,nan,nan,0.0004997501249375312,0.002475252013466025
clause_marginal_typ_rela_psalm,prophetisches Stück,28,2381,0.011623080116230802,0.021795168277487887,0.005421646141059387,0.23270081331741513,0.48153536929261415,0.16910781131902974,0.7033814193578928,0.631776866718569,0.5622188905547226,1.0,2000,0.9931819757463919,1.0,0.9828506799231963,1.0,1.0,1.0
clause_mother_edge_distance,Danklied Israels,6,1206,0.0049504950495049506,0.006227235660322244,0.0032948715140127325,0.013854919881053035,0.5667495854063018,0.2762369838319941,0.8125773184138347,0.2863193229785385,0.25237381309345325,0.9415292353823088,2000,0.9803301302734929,1.0,0.992574225707659,1.0,1.0,1.0
clause_mother_edge_distance,Danklied des Einzelnen,276,6760,0.03922683342808414,0.03876018016362577,0.02409913478487208,0.0715973738585901,0.476816953949061,0.3970023645618674,0.6213105218774939,0.9045084903641474,0.729135432283858,1.0,2000,0.9642288226460473,1.0,0.7811827419623522,1.0,1.0,1.0
clause_mother_edge_distance,Fluch,1,608,0.0016420361247947454,0.002849002849002849,nan,nan,0.4300986842105263,nan,nan,0.5966167116332061,0.5846693386773547,1.0,2000,0.9026111339737467,1.0,0.8844142831116778,1.0,1.0,1.0
clause_mother_edge_distance,Hymnus,2850,17485,0.140152446520777,0.11897899204742254,0.08688703585449324,0.18198769007998908,0.40073865819825516,0.36976342959908004,0.4535029212467654,1.0,1.0,1.0,2000,1.0,1.0,1.0,1.0,1.0,1.0
clause_mother_edge_distance,Klagelied des Einzelnen,4095,19594,0.17286504284689097,0.18203427007466014,0.12861258860872948,0.30661303588977473,0.5126431080855904,0.45335912483528396,0.5625311796069411,0.005403383123109837,0.27636181909045476,1.0,2000,0.005847496804461331,0.028962530506197088,0.299076489152684,1.0,1.0,1.0
clause_mother_edge_distance,Klagelied des Volkes,406,8034,0.0481042654028436,0.04869039326432019,0.02949716222898107,0.06953713195604598,0.5198089768729206,0.4230178853274205,0.6871758826861578,0.08868375754660718,0.2818590704647676,1.0,2000,0.25948210541414696,1.0,0.78143686777301,1.0,1.0,1.0
clause_mother_edge_distance,Königspsalm,45,2964,0.014955134596211365,0.02016040412700451,0.009034861352540755,0.04267121712691991,0.6239991003148898,0.4696002046277926,0.8145433707423646,0.0021229478978424766,0.04097951024487756,0.7326336831584208,2000,0.00645049553575214,0.03194917072751091,0.1156207610480474,0.5726672336868897,1.0,1.0
clause_mother_edge_distance,Liturgie,153,5161,0.028791870530673693,0.04317123966839705,0.02212882888993541,0.07464473334951684,0.6438674675450494,0.5363201200230399,0.8132825919547333,6.217734984257906e-10,0.001999000499750125,0.6636681659170415,2000,4.912010637563746e-08,2.432908690581319e-07,0.09718217814169837,0.48134131461862395,1.0,1.0
clause_mother_edge_distance,Mischgedicht,45,2879,0.015389876880984952,0.03245519362866584,0.014300902482842248,0.07811463458812477,0.7327351317973062,0.6075207523381485,0.9606929301196382,4.0364055046964024e-08,0.0009995002498750624,0.4017991004497751,2000,1.9929752179438487e-07,9.871164957927808e-07,0.00438669554111833,0.021727212118201774,1.0,1.0
clause_mother_edge_distance,Thronbesteigungslied,21,2097,0.009915014164305949,0.01134497400581189,0.004195198183128111,0.028546742492072858,0.5366169357585666,0.27576143835758776,0.8239235394860018,0.28160786914730257,0.28385807096451776,0.9945027486256871,2000,0.41975512571013024,1.0,0.42310920011692266,1.0,1.0,1.0
clause_mother_edge_distance,Wallfahrtslied,0,305,0.0,nan,nan,nan,nan,nan,nan,nan,nan,0.0004997501249375312,2000,nan,nan,nan,nan,0.0004997501249375312,0.002475252013466025
clause_mother_edge_distance,Weisheitsgedicht,55,3254,0.01662133575098217,0.023117715709257736,0.009767619040429176,0.043596908630696506,0.6192993239090351,0.50684857954749,0.8525430612874624,0.0011878158048810336,0.034482758620689655,0.7551224387806097,2000,0.006255829905706777,0.030984995895573353,0.19458128078817735,0.9637570518145216,1.0,1.0
clause_mother_edge_distance,Zionslied,15,1805,0.008241758241758242,0.03261963786202448,0.006513727397735409,0.44724213845373356,0.6316343490304709,0.4743894676100132,0.9984321790522274,0.03937039462137919,0.06946526736631684,0.7026486756621689,2000,0.07233165523462688,0.35825718958893793,0.12762223539393092,0.632110287438847,1.0,1.0
clause_mother_edge_distance,prophetische Gerichtsrede,1,605,0.0016501650165016502,0.007352941176470588,nan,nan,0.7785123966942149,nan,nan,0.1684382702705695,0.15781563126252504,0.312343828085957,2000,0.4951456069202817,1.0,0.49597632765531063,1.0,0.9798282676843396,1.0
clause_mother_edge_distance,"prophetische Schelt-, Droh- und Mahnrede",21,2088,0.00995732574679943,0.015740654468644366,0.004263350494947345,0.04506802768512936,0.5510855683269477,0.37007763594795295,0.8975716122032259,0.2099656669836541,0.24387806096951525,0.9740129935032483,2000,0.9901761234581943,1.0,0.9367588932806324,1.0,1.0,1.0
clause_mother_edge_distance,prophetische Tora,0,304,0.0,nan,nan,nan,nan,nan,nan,nan,nan,0.0004997501249375312,2000,nan,nan,nan,nan,0.0004997501249375312,0.002475252013466025
clause_mother_edge_distance,prophetisches Stück,28,2381,0.011623080116230802,0.011557234547719605,0.004624400417887814,0.06167421632628567,0.49226015479690405,0.3421798737128093,0.7598429865335499,0.5561259835724982,0.512743628185907,1.0,2000,0.9931819757463919,1.0,0.9828506799231963,1.0,1.0,1.0
clause_mother_edge_distance_psalm,Danklied Israels,6,1206,0.0049504950495049506,0.005459709348010974,0.0028627920499316555,0.009942769117856397,0.5034549474847982,0.26720126884501055,0.7224788483349344,0.4885712020364228,0.4047976011994003,1.0,2000,0.9803301302734929,1.0,0.992574225707659,1.0,1.0,1.0
clause_mother_edge_distance_psalm,Danklied des Einzelnen,276,6760,0.03922683342808414,0.048045054914431846,0.03368872002595195,0.07623321334691936,0.5741904103421662,0.5086898255030216,0.6658444942535157,1.4262337478137e-05,0.014992503748125937,0.8925537231384307,2000,5.6336233038641157e-05,0.00027903219489423543,0.09057236087838434,0.44860302667581314,1.0,1.0
clause_mother_edge_distance_psalm,Fluch,1,608,0.0016420361247947454,0.0022123893805309734,nan,nan,0.30098684210526316,nan,nan,0.755393065257632,0.7064128256513026,1.0,2000,0.9026111339737467,1.0,0.9103206412825653,1.0,1.0,1.0
clause_mother_edge_distance_psalm,Hymnus,2850,17485,0.140152446520777,0.16622537185243047,0.09723917461489519,0.25546196494973894,0.5149529872722985,0.44976097144969335,0.6375609178573098,0.0051694985154593885,0.17841079460269865,0.999000499750125,2000,0.02268835459562732,0.11237495018551037,0.9302536231884058,1.0,1.0,1.0
clause_mother_edge_distance_psalm,Klagelied des Einzelnen,4095,19594,0.17286504284689097,0.1917289227817208,0.12529272106368286,0.265038593151347,0.509337661986432,0.4601821092614038,0.5936784683362127,0.029880486499187918,0.2913543228385807,1.0,2000,0.031899438289673586,0.1579972568587545,0.3110404257330794,1.0,1.0,1.0
clause_mother_edge_distance_psalm,Klagelied des Volkes,406,8034,0.0481042654028436,0.05201072812096618,0.02455395129975828,0.07802650436097325,0.5311599041511997,0.4773435679434622,0.6468844322130745,0.016924456942335443,0.1409295352323838,0.9860069965017492,2000,0.08913547322963333,0.4414861519253767,0.78143686777301,1.0,1.0,1.0
clause_mother_edge_distance_psalm,Königspsalm,45,2964,0.014955134596211365,0.014957748735073724,0.005212333920343001,0.031922748978876966,0.4786174838806418,0.36531949247533857,0.6788442450532031,0.6890549373098018,0.6361819090454772,1.0,2000,0.9788990707729978,1.0,0.8648644427786107,1.0,1.0,1.0
clause_mother_edge_distance_psalm,Liturgie,153,5161,0.028791870530673693,0.0322975784134668,0.012950904723721977,0.051852230522067874,0.5266896140358875,0.4398926748489424,0.7056218475405995,0.12989120979088914,0.1934032983508246,0.9905047476261869,2000,0.27733528576973626,1.0,0.42441279360319845,1.0,1.0,1.0
clause_mother_edge_distance_psalm,Mischgedicht,45,2879,0.015389876880984952,0.01743876202886386,0.008411542845778093,0.032219477575736045,0.5680869128941376,0.3924713239039247,0.6640222453311143,0.05824716108317731,0.11244377811094453,0.9115442278860569,2000,0.1110519788273777,0.550038150017898,0.2195487622042637,1.0,1.0,1.0
clause_mother_edge_distance_psalm,Thronbesteigungslied,21,2097,0.009915014164305949,0.058944470027833255,0.004796857782899032,0.5046766400982265,0.5101392011263256,0.3458788293776576,0.8834576792668443,0.436458589217624,0.392303848075962,0.999000499750125,2000,0.5746704758032048,1.0,0.5165333999666833,1.0,1.0,1.0
clause_mother_edge_distance_psalm,Wallfahrtslied,0,305,0.0,nan,nan,nan,nan,nan,nan,nan,nan,0.0004997501249375312,2000,nan,nan,nan,nan,0.0004997501249375312,0.002475252013466025
clause_mother_edge_distance_psalm,Weisheitsgedicht,55,3254,0.01662133575098217,0.016776834274225237,0.006088915495535859,0.03156731791689605,0.4783427390065374,0.3665714358951621,0.6707291231277147,0.709437477285003,0.6521739130434783,1.0,2000,0.9999998040278182,1.0,0.9995002498750625,1.0,1.0,1.0
clause_mother_edge_distance_psalm,Zionslied,15,1805,0.008241758241758242,0.010722418692062821,0.004718510892310671,0.030173833900289493,0.6091412742382272,0.4380632250334637,0.8899644937664148,0.07246183953926146,0.09395302348825588,0.7791104447776112,2000,0.12179756007663096,0.6032607912856748,0.1649397523460492,0.8169431756443869,1.0,1.0
clause_mother_edge_distance_psalm,prophetische Gerichtsrede,1,605,0.0016501650165016502,0.005025125628140704,nan,nan,0.6743801652892562,nan,nan,0.27404667242113917,0.29208416833667333,0.5882058970514743,2000,0.5697286084544736,1.0,0.5768662324649299,1.0,1.0,1.0
clause_mother_edge_distance_psalm,"prophetische Schelt-, Droh- und Mahnrede",21,2088,0.00995732574679943,0.02542874199867994,0.007598813554462622,0.169727599398415,0.6779328589673417,0.5162589246006065,0.919640649618507,0.0024785445475944174,0.01899050474762619,0.5797101449275363,2000,0.06526833975331965,0.32327273436936815,0.5395635515575545,1.0,1.0,1.0
clause_mother_edge_distance_psalm,prophetische Tora,0,304,0.0,nan,nan,nan,nan,nan,nan,nan,nan,0.0004997501249375312,2000,nan,nan,nan,nan,0.0004997501249375312,0.002475252013466025
clause_mother_edge_distance_psalm,prophetisches Stück,28,2381,0.011623080116230802,0.01664403236277732,0.005742231512612615,0.040652497538680894,0.5312968740625188,0.2675071879739746,0.7448719783728751,0.28430261326880385,0.2638680659670165,0.9855072463768116,2000,0.9931819757463919,1.0,0.9828506799231963,1.0,1.0,1.0
clause_rela_1_2_3gram,Danklied Israels,6,1206,0.0049504950495049506,0.004142852954647412,0.0023958484074894323,0.00810330511047635,0.34715312327252623,0.2193522330728716,0.7499432139590837,0.9021372039078904,0.9250374812593704,1.0,2000,0.9803301302734929,1.0,0.992574225707659,1.0,1.0,1.0
clause_rela_1_2_3gram,Danklied des Einzelnen,276,6760,0.03922683342808414,0.035534584780633954,0.023591165394341234,0.05538111109171958,0.4647095553554584,0.36781689886093544,0.5794967394821743,0.9767380045484915,0.8245877061469266,1.0,2000,0.9767380045484915,1.0,0.8245877061469266,1.0,1.0,1.0
clause_rela_1_2_3gram,Fluch,1,608,0.0016420361247947454,0.0030211480362537764,nan,nan,0.45723684210526316,nan,nan,0.5599160672186505,0.531062124248497,1.0,2000,0.9026111339737467,1.0,0.8844142831116778,1.0,1.0,1.0
clause_rela_1_2_3gram,Hymnus,2850,17485,0.140152446520777,0.13227108439980687,0.09463916541116496,0.1866920091920614,0.43684216546513555,0.40179271762579133,0.4849606928508472,1.0,0.999000499750125,1.0,2000,1.0,1.0,1.0,1.0,1.0,1.0
clause_rela_1_2_3gram,Klagelied des Einzelnen,4095,19594,0.17286504284689097,0.19105861807895239,0.13616290539862183,0.28432523014152067,0.5424946374777956,0.47392666603714967,0.5792067394073682,5.308482943466596e-18,0.025987006496751622,0.9860069965017492,2000,7.230519871273466e-18,3.581261509842128e-17,0.0373267911498796,0.18487882311488057,1.0,1.0
clause_rela_1_2_3gram,Klagelied des Volkes,406,8034,0.0481042654028436,0.044410229787209946,0.02130848758829501,0.06523602804077869,0.47969313913404976,0.417945586606534,0.5949736651458619,0.9166415950674696,0.7126436781609196,1.0,2000,0.9997895658449124,1.0,0.9448221094931988,1.0,1.0,1.0
clause_rela_1_2_3gram,Königspsalm,45,2964,0.014955134596211365,0.0440093355189017,0.004289246901703078,0.14090761807666358,0.6707977207977208,0.474528717631137,0.8186565067267264,4.100153372156156e-05,0.009995002498750625,0.5812093953023488,2000,0.0002024450727502102,0.0010027062504564088,0.03760024749529997,0.18623324672744382,1.0,1.0
clause_rela_1_2_3gram,Liturgie,153,5161,0.028791870530673693,0.032069630524666576,0.0156105169514798,0.053229350594790864,0.5442135777000201,0.4609590802775084,0.6543613836200453,0.03096356401710756,0.16741629185407297,0.9845077461269365,2000,0.07194475168680875,0.3563408643336442,0.38690654672663666,1.0,1.0,1.0
clause_rela_1_2_3gram,Mischgedicht,45,2879,0.015389876880984952,0.02443075701894775,0.010577845483010412,0.05507290441820307,0.6781945891706225,0.5543923128165349,0.7986153072004264,1.9945524527289238e-05,0.005497251374312844,0.5612193903048476,2000,6.565401823566041e-05,0.00032518299190073703,0.017371314342828587,0.08603975998807903,1.0,1.0
clause_rela_1_2_3gram,Thronbesteigungslied,21,2097,0.009915014164305949,0.049252695127486604,0.006077162376799398,0.2511196250862554,0.6980947839316938,0.5938700621761132,0.9940177134301627,0.0008795721878759019,0.01199400299850075,0.5012493753123438,2000,0.017371550710549064,0.08604093071250077,0.15247548639473366,0.7552079246602549,1.0,1.0
clause_rela_1_2_3gram,Wallfahrtslied,0,305,0.0,nan,nan,nan,nan,nan,nan,nan,nan,0.0004997501249375312,2000,nan,nan,nan,nan,0.0004997501249375312,0.002475252013466025
clause_rela_1_2_3gram,Weisheitsgedicht,55,3254,0.01662133575098217,0.022790628788171195,0.008234249733264636,0.04508170023408096,0.5752584231994189,0.4516327736335921,0.7473455384058602,0.027623048049214814,0.10644677661169415,0.9150424787606197,2000,0.07793645699599894,0.38601765657561105,0.30086680797532267,1.0,1.0,1.0
clause_rela_1_2_3gram,Zionslied,15,1805,0.008241758241758242,0.010441450807573634,0.0036838897811581023,0.026446159903331316,0.5698060941828255,0.338545327723352,0.826732722688993,0.17561926514131548,0.20589705147426288,0.9345327336331835,2000,0.2617721121917721,1.0,0.30690315219748615,1.0,1.0,1.0
clause_rela_1_2_3gram,prophetische Gerichtsrede,1,605,0.0016501650165016502,0.013157894736842105,nan,nan,0.8776859504132232,nan,nan,0.09620532342643368,0.10721442885771543,0.19640179910044978,2000,0.4951456069202817,1.0,0.49597632765531063,1.0,0.9798282676843396,1.0
clause_rela_1_2_3gram,"prophetische Schelt-, Droh- und Mahnrede",21,2088,0.00995732574679943,0.00937667820804496,0.003282533597118555,0.027240202265487786,0.44872058018609745,0.2682449668319848,0.8448614164283885,0.7910214051062503,0.7346326836581709,1.0,2000,0.9901761234581943,1.0,0.9367588932806324,1.0,1.0,1.0
clause_rela_1_2_3gram,prophetische Tora,0,304,0.0,nan,nan,nan,nan,nan,nan,nan,nan,0.0004997501249375312,2000,nan,nan,nan,nan,0.0004997501249375312,0.002475252013466025
clause_rela_1_2_3gram,prophetisches Stück,28,2381,0.011623080116230802,0.013354146840968395,0.005088329285127224,0.08480615910975987,0.47843043139137215,0.3548756127876831,0.668377524027852,0.6528884366007898,0.5897051474262869,1.0,2000,0.9931819757463919,1.0,0.9828506799231963,1.0,1.0,1.0
clause_rela_1_2_3gram_psalm,Danklied Israels,6,1206,0.0049504950495049506,0.006060699410498438,0.0021742790907683923,0.025720718590100174,0.33595909342178,0.09741535866881253,0.8925751918997563,0.9175246754698241,0.9550224887556222,1.0,2000,0.9803301302734929,1.0,0.992574225707659,1.0,1.0,1.0
clause_rela_1_2_3gram_psalm,Danklied des Einzelnen,276,6760,0.03922683342808414,0.04134867788581097,0.024734815798666793,0.056816102937811114,0.5103882600120059,0.43362353297358563,0.5983613788898631,0.2789523963655106,0.36531734132933535,1.0,2000,0.4157969681674592,1.0,0.5297533051655989,1.0,1.0,1.0
clause_rela_1_2_3gram_psalm,Fluch,1,608,0.0016420361247947454,0.0035587188612099642,nan,nan,0.5731907894736842,nan,nan,0.4011543753383272,0.3466933867735471,0.9175412293853074,2000,0.9026111339737467,1.0,0.8844142831116778,1.0,1.0,1.0
clause_rela_1_2_3gram_psalm,Hymnus,2850,17485,0.140152446520777,0.1675330732585608,0.09742280242366805,0.2536178951146791,0.5330031254860056,0.4686624774156364,0.6222549576105105,7.592418646279833e-09,0.09345327336331834,0.9965017491254373,2000,6.664456367290076e-08,3.300891429262425e-07,0.6711644177911044,1.0,1.0,1.0
clause_rela_1_2_3gram_psalm,Klagelied des Einzelnen,4095,19594,0.17286504284689097,0.20891170080300198,0.13441320962530698,0.2744712532749178,0.5644143138682284,0.5102270566547773,0.635175085320334,7.327340762506003e-39,0.006496751624187906,0.9490254872563718,2000,2.0673568579927654e-38,1.0239575679824075e-37,0.01193589251885685,0.05911822832161879,1.0,1.0
clause_rela_1_2_3gram_psalm,Klagelied des Volkes,406,8034,0.0481042654028436,0.057911481735383276,0.023977017800025566,0.09672844357559181,0.48148248637870333,0.3924541511787574,0.581071180122433,0.8963427351545106,0.6806596701649176,1.0,2000,0.9997895658449124,1.0,0.9448221094931988,1.0,1.0,1.0
clause_rela_1_2_3gram_psalm,Königspsalm,45,2964,0.014955134596211365,0.022074263230373974,0.0014795918187947012,0.054737861063614404,0.557767281451492,0.3727897018661035,0.8549147457971352,0.09142414729129478,0.16241879060469766,0.9655172413793104,2000,0.20062521211145246,0.993692518422073,0.35641901271586435,1.0,1.0,1.0
clause_rela_1_2_3gram_psalm,Liturgie,153,5161,0.028791870530673693,0.028745059040333924,0.011263077469740578,0.046582827381045785,0.4728918370939411,0.3804384588364896,0.5817212477738195,0.8738180536855211,0.6876561719140429,1.0,2000,0.9999999999461058,1.0,0.999000499750125,1.0,1.0,1.0
clause_rela_1_2_3gram_psalm,Mischgedicht,45,2879,0.015389876880984952,0.012213621526391312,0.00671816630404197,0.023128253701159878,0.4101848635714561,0.34478831111950486,0.5022447463106776,0.9808091739680157,0.9515242378810594,1.0,2000,0.9808091739680157,1.0,0.9515242378810594,1.0,1.0,1.0
clause_rela_1_2_3gram_psalm,Thronbesteigungslied,21,2097,0.009915014164305949,0.03974442613502973,0.0020446367756916965,0.24334449859338456,0.6123941231237369,0.18347888856214992,0.8945501709177364,0.037963241668093776,0.09195402298850575,0.7636181909045477,2000,0.09110363810804409,0.4512344317856934,0.22013235806339254,1.0,1.0,1.0
clause_rela_1_2_3gram_psalm,Wallfahrtslied,0,305,0.0,nan,nan,nan,nan,nan,nan,nan,nan,0.0004997501249375312,2000,nan,nan,nan,nan,0.0004997501249375312,0.002475252013466025
clause_rela_1_2_3gram_psalm,Weisheitsgedicht,55,3254,0.01662133575098217,0.012611151161720853,0.004207997702246982,0.023351924985401052,0.39159635693132927,0.23981873274431237,0.454271946126173,0.9971221486616447,0.984007996001999,1.0,2000,0.9999998040278182,1.0,0.9995002498750625,1.0,1.0,1.0
clause_rela_1_2_3gram_psalm,Zionslied,15,1805,0.008241758241758242,0.006267527031241516,0.002234482540106383,0.013627171671077841,0.35488457987072947,0.14055443532949297,0.48609291439635344,0.9737294987060431,0.9855072463768116,1.0,2000,0.9862132102279154,1.0,0.9981419546636938,1.0,1.0,1.0
clause_rela_1_2_3gram_psalm,prophetische Gerichtsrede,1,605,0.0016501650165016502,0.00392156862745098,nan,nan,0.5818181818181818,nan,nan,0.38966389822152014,0.3456913827655311,0.889055472263868,2000,0.6340833131175253,1.0,0.6029225116900467,1.0,1.0,1.0
clause_rela_1_2_3gram_psalm,"prophetische Schelt-, Droh- und Mahnrede",21,2088,0.00995732574679943,0.030645866606673344,0.004107221196489342,0.10284010796395844,0.7267834336799854,0.3985654401352933,0.8841877552302717,0.00017102433422203032,0.006496751624187906,0.351824087956022,2000,0.013510922403540395,0.06691931870417633,0.5132433783108445,1.0,1.0,1.0
clause_rela_1_2_3gram_psalm,prophetische Tora,0,304,0.0,nan,nan,nan,nan,nan,nan,nan,nan,0.0004997501249375312,2000,nan,nan,nan,nan,0.0004997501249375312,0.002475252013466025
clause_rela_1_2_3gram_psalm,prophetisches Stück,28,2381,0.011623080116230802,0.01939155740794843,0.0049412082507166565,0.12960570314122802,0.5436266274674506,0.25169884696847644,0.7898867702184152,0.21338130987310616,0.2383808095952024,0.9900049975012494,2000,0.9931819757463919,1.0,0.9828506799231963,1.0,1.0,1.0
clause_rela_1_2gram,Danklied Israels,6,1206,0.0049504950495049506,0.0040566381358509715,0.002366041469731868,0.008039382593714953,0.33430071862907684,0.22688271056751746,0.759801600512268,0.919627768204643,0.9460269865067467,1.0,2000,0.9803301302734929,1.0,0.992574225707659,1.0,1.0,1.0
clause_rela_1_2gram,Danklied des Einzelnen,276,6760,0.03922683342808414,0.03681998208099581,0.023992725126116027,0.057508754926545724,0.4756265543263871,0.3717981042150997,0.5947609251419745,0.9154071101070069,0.7396301849075462,1.0,2000,0.9642288226460473,1.0,0.7811827419623522,1.0,1.0,1.0
clause_rela_1_2gram,Fluch,1,608,0.0016420361247947454,0.0030120481927710845,nan,nan,0.4555921052631579,nan,nan,0.5621594331608775,0.5360721442885772,1.0,2000,0.9026111339737467,1.0,0.8844142831116778,1.0,1.0,1.0
clause_rela_1_2gram,Hymnus,2850,17485,0.140152446520777,0.13226990018107015,0.0944562734920861,0.1928262806073298,0.43698895795393544,0.4034603171595448,0.4747462654605984,1.0,0.999000499750125,1.0,2000,1.0,1.0,1.0,1.0,1.0,1.0
clause_rela_1_2gram,Klagelied des Einzelnen,4095,19594,0.17286504284689097,0.18870446414071118,0.13410355907066604,0.28313130181395,0.5376660805312433,0.47571472582971686,0.5737037173949968,1.5556753192715096e-14,0.037481259370314844,0.9930034982508745,2000,2.014727052827037e-14,9.978901345383283e-14,0.049350324837581214,0.24443113632977,1.0,1.0
clause_rela_1_2gram,Klagelied des Volkes,406,8034,0.0481042654028436,0.04651280846100457,0.02242734167216089,0.06664727017731156,0.49922466218080547,0.4363263305724582,0.6236379575496861,0.5210575584007553,0.4737631184407796,1.0,2000,0.9997895658449124,1.0,0.9448221094931988,1.0,1.0,1.0
clause_rela_1_2gram,Königspsalm,45,2964,0.014955134596211365,0.035858679198802354,0.005786819207792919,0.12644768717436689,0.6546596191333034,0.4587547809155456,0.8127756423245226,0.00018100826446685984,0.014492753623188406,0.6376811594202898,2000,0.0006809358520419966,0.003372661165455119,0.04895552223888056,0.24247568723913182,1.0,1.0
clause_rela_1_2gram,Liturgie,153,5161,0.028791870530673693,0.03172960591050876,0.015903228745855865,0.0525366919001927,0.5376573674099233,0.455097333020175,0.6519066385861357,0.055918269549971956,0.20189905047476261,0.9930034982508745,2000,0.12621552269850814,0.6251428686069883,0.43108175641908775,1.0,1.0,1.0
clause_rela_1_2gram,Mischgedicht,45,2879,0.015389876880984952,0.023574116724499536,0.010186336606512986,0.054193771432807646,0.6600169812048937,0.5388737134081136,0.7812300507759322,0.0001125537229109199,0.01249375312343828,0.6206896551724138,2000,0.00031756228964152406,0.0015728794403689628,0.03525023202684372,0.17459366880697855,1.0,1.0
clause_rela_1_2gram,Thronbesteigungslied,21,2097,0.009915014164305949,0.03795687843779669,0.0059714883787384794,0.133067026880075,0.7166246565388197,0.6145823333672318,0.9898838814584532,0.0003122214670828961,0.005997001499250375,0.47226386806596704,2000,0.008221831966516263,0.04072256336512692,0.15247548639473366,0.7552079246602549,1.0,1.0
clause_rela_1_2gram,Wallfahrtslied,0,305,0.0,nan,nan,nan,nan,nan,nan,nan,nan,0.0004997501249375312,2000,nan,nan,nan,nan,0.0004997501249375312,0.002475252013466025
clause_rela_1_2gram,Weisheitsgedicht,55,3254,0.01662133575098217,0.027797297825318045,0.009814749693863959,0.10317994944609889,0.5743811812035536,0.4489633480082847,0.7527281162351165,0.02907332635221581,0.10494752623688156,0.9195402298850575,2000,0.07919975109741548,0.3922747260831413,0.30086680797532267,1.0,1.0,1.0
clause_rela_1_2gram,Zionslied,15,1805,0.008241758241758242,0.009677844386528342,0.003596867809501465,0.023440054457957403,0.5470544783010157,0.31977874618951685,0.8098035126143774,0.2649086872316354,0.2843578210894553,0.9800099950024987,2000,0.3608239015741241,1.0,0.37440446443444947,1.0,1.0,1.0
clause_rela_1_2gram,prophetische Gerichtsrede,1,605,0.0016501650165016502,0.015873015873015872,nan,nan,0.8991735537190083,nan,nan,0.08413118046944584,0.08817635270541083,0.15642178910544727,2000,0.4951456069202817,1.0,0.49597632765531063,1.0,0.9798282676843396,1.0
clause_rela_1_2gram,"prophetische Schelt-, Droh- und Mahnrede",21,2088,0.00995732574679943,0.009339366912773194,0.003202332377266852,0.027726514367727755,0.4436576354679803,0.2746769943520328,0.8958897508484243,0.8132468563123965,0.7611194402798601,1.0,2000,0.9901761234581943,1.0,0.9367588932806324,1.0,1.0,1.0
clause_rela_1_2gram,prophetische Tora,0,304,0.0,nan,nan,nan,nan,nan,nan,nan,nan,0.0004997501249375312,2000,nan,nan,nan,nan,0.0004997501249375312,0.002475252013466025
clause_rela_1_2gram,prophetisches Stück,28,2381,0.011623080116230802,0.012330653964280897,0.0047203007590248276,0.04327870915054989,0.4747780044399112,0.3636467707578851,0.6758048248112937,0.6771260398805944,0.6071964017991005,1.0,2000,0.9931819757463919,1.0,0.9828506799231963,1.0,1.0,1.0
clause_rela_1_2gram_psalm,Danklied Israels,6,1206,0.0049504950495049506,0.0038789754661606815,0.0017477528058822214,0.010164187794479774,0.23341625207296848,0.017825875893097903,0.7631004758366465,0.9879733316822036,0.9995002498750625,1.0,2000,0.9879733316822036,1.0,0.9995002498750625,1.0,1.0,1.0
clause_rela_1_2gram_psalm,Danklied des Einzelnen,276,6760,0.03922683342808414,0.04408812901465903,0.02613812846558347,0.05940627839925896,0.5394086056084384,0.46268086527243596,0.6177709862633174,0.013110713979067155,0.15642178910544727,0.9950024987506247,2000,0.028770733454064036,0.14250084663804372,0.3432589260925093,1.0,1.0,1.0
clause_rela_1_2gram_psalm,Fluch,1,608,0.0016420361247947454,0.004048582995951417,nan,nan,0.6291118421052632,nan,nan,0.3285823215828225,0.30060120240480964,0.7286356821589205,2000,0.9026111339737467,1.0,0.8844142831116778,1.0,1.0,1.0
clause_rela_1_2gram_psalm,Hymnus,2850,17485,0.140152446520777,0.1734796571283001,0.09911779148207114,0.2525129913825739,0.5360562186134481,0.4735333989874415,0.6284316430296862,3.143704000146299e-10,0.06996501749125437,0.9975012493753124,2000,3.547894514450824e-09,1.7572648013959392e-08,0.6711644177911044,1.0,1.0,1.0
clause_rela_1_2gram_psalm,Klagelied des Einzelnen,4095,19594,0.17286504284689097,0.20561033022356062,0.13230445651824058,0.27381559460461863,0.5590412915767616,0.5011882331922641,0.6267604689787402,5.7089204751962974e-33,0.009995002498750625,0.9695152423788106,2000,1.2189316690283986e-32,6.037343299148133e-32,0.017165330378289118,0.08501952567992001,1.0,1.0
clause_rela_1_2gram_psalm,Klagelied des Volkes,406,8034,0.0481042654028436,0.0452274336257844,0.01590570937317301,0.07882075249011755,0.4768500805075964,0.3772902402980097,0.5658609167884994,0.9425370726195132,0.7256371814092953,1.0,2000,0.9997895658449124,1.0,0.9448221094931988,1.0,1.0,1.0
clause_rela_1_2gram_psalm,Königspsalm,45,2964,0.014955134596211365,0.015173905780716935,0.0038408307895662027,0.04300049651285229,0.4471884840305893,0.29181305492664417,0.5876874109774102,0.8883744090459209,0.7906046976511744,1.0,2000,0.9953528377655053,1.0,0.8995859213250518,1.0,1.0,1.0
clause_rela_1_2gram_psalm,Liturgie,153,5161,0.028791870530673693,0.02304208527238831,0.008401024799254773,0.04062647050309046,0.4253507642157813,0.3139904686626655,0.5133014355553783,0.9991891466022369,0.9600199900049975,1.0,2000,0.9999999999461058,1.0,0.999000499750125,1.0,1.0,1.0
clause_rela_1_2gram_psalm,Mischgedicht,45,2879,0.015389876880984952,0.012833019481185587,0.006993519416881093,0.023394205910530912,0.4353402030025858,0.3163177210888334,0.5012224226390474,0.9319936754988878,0.8495752123938031,1.0,2000,0.9439423123642581,1.0,0.8604672022962877,1.0,1.0,1.0
clause_rela_1_2gram_psalm,Thronbesteigungslied,21,2097,0.009915014164305949,0.06570751959351248,0.004119393226539724,0.4194566913069726,0.6130980766173899,0.23267756294731967,0.8759099204794462,0.037054135433575754,0.08395802098950525,0.7931034482758621,2000,0.09110363810804409,0.4512344317856934,0.21395753736035208,1.0,1.0,1.0
clause_rela_1_2gram_psalm,Wallfahrtslied,0,305,0.0,nan,nan,nan,nan,nan,nan,nan,nan,0.0004997501249375312,2000,nan,nan,nan,nan,0.0004997501249375312,0.002475252013466025
clause_rela_1_2gram_psalm,Weisheitsgedicht,55,3254,0.01662133575098217,0.024663053080120068,0.005730653550772228,0.11621662523257989,0.4445214281723194,0.3540645849294814,0.5687902741130605,0.9212088042438821,0.8145927036481759,1.0,2000,0.9999998040278182,1.0,0.9995002498750625,1.0,1.0,1.0
clause_rela_1_2gram_psalm,Zionslied,15,1805,0.008241758241758242,0.0072088712649725755,0.002414625443539093,0.01812576421772808,0.40337950138504153,0.21572069946046357,0.7423170455675167,0.9016286281309138,0.8845577211394303,1.0,2000,0.9625258756901349,1.0,0.9506846576711643,1.0,1.0,1.0
clause_rela_1_2gram_psalm,prophetische Gerichtsrede,1,605,0.0016501650165016502,0.006535947712418301,nan,nan,0.7504132231404959,nan,nan,0.1939425634780979,0.1628256513026052,0.3313343328335832,2000,0.4951456069202817,1.0,0.49597632765531063,1.0,0.9798282676843396,1.0
clause_rela_1_2gram_psalm,"prophetische Schelt-, Droh- und Mahnrede",21,2088,0.00995732574679943,0.02175069212788871,0.0024457498205962503,0.08623066615993165,0.5453954570333881,0.14012330236186243,0.771487597432581,0.2367784363748704,0.2753623188405797,0.9885057471264368,2000,0.9901761234581943,1.0,0.9367588932806324,1.0,1.0,1.0
clause_rela_1_2gram_psalm,prophetische Tora,0,304,0.0,nan,nan,nan,nan,nan,nan,nan,nan,0.0004997501249375312,2000,nan,nan,nan,nan,0.0004997501249375312,0.002475252013466025
clause_rela_1_2gram_psalm,prophetisches Stück,28,2381,0.011623080116230802,0.01303594113263085,0.003509085911573731,0.08777154377453172,0.4412086758264835,0.12305696817446099,0.5905431461734033,0.857986965812213,0.7841079460269865,1.0,2000,0.9931819757463919,1.0,0.9828506799231963,1.0,1.0,1.0
clause_rela_1gram,Danklied Israels,6,1206,0.0049504950495049506,0.004107215070651963,0.002144503894278404,0.008007348730029968,0.3358208955223881,0.18532525203023037,0.7117458798457937,0.9177529185619042,0.953023488255872,1.0,2000,0.9803301302734929,1.0,0.992574225707659,1.0,1.0,1.0
clause_rela_1gram,Danklied des Einzelnen,276,6760,0.03922683342808414,0.03675610661467657,0.024503213331901776,0.060319945296104,0.46932483277591974,0.3970484675153267,0.5629470678461955,0.958217817105501,0.8060969515242379,1.0,2000,0.9705026609145458,1.0,0.8164315278258306,1.0,1.0,1.0
clause_rela_1gram,Fluch,1,608,0.0016420361247947454,0.0031847133757961785,nan,nan,0.48519736842105265,nan,nan,0.521575579544501,0.48597194388777554,1.0,2000,0.9026111339737467,1.0,0.8844142831116778,1.0,1.0,1.0
clause_rela_1gram,Hymnus,2850,17485,0.140152446520777,0.1492272189661094,0.09199935350128186,0.2364155046072899,0.46839342995750743,0.42838007016301255,0.5204539248623764,0.9999999703221264,0.9240379810094953,1.0,2000,1.0,1.0,1.0,1.0,1.0,1.0
clause_rela_1gram,Klagelied des Einzelnen,4095,19594,0.17286504284689097,0.1924481339230067,0.13428774917526506,0.2693763639947917,0.5563507330680956,0.502927596813158,0.5953229320027722,3.258449329289534e-30,0.00399800099950025,0.9620189905047476,2000,6.278475536923736e-30,3.109715923774959e-29,0.00809851484514153,0.04011177621821866,1.0,1.0
clause_rela_1gram,Klagelied des Volkes,406,8034,0.0481042654028436,0.04420278373363691,0.01802531294921287,0.0676799898351591,0.48297061993915025,0.42786201669293816,0.545056653409613,0.8769081719329292,0.6616691654172914,1.0,2000,0.9997895658449124,1.0,0.9448221094931988,1.0,1.0,1.0
clause_rela_1gram,Königspsalm,45,2964,0.014955134596211365,0.017927075938223413,0.0036596234329924937,0.05763389455225961,0.5433423301844355,0.40825496879510276,0.7265200382502536,0.15878686204243392,0.2318840579710145,0.9805097451274363,2000,0.3301095289829547,1.0,0.4820747520976354,1.0,1.0,1.0
clause_rela_1gram,Liturgie,153,5161,0.028791870530673693,0.029664373124955443,0.011425795383972965,0.05070724784354954,0.4878544842984019,0.4180231586573577,0.5854091653860336,0.6959748418077917,0.5987006496751625,1.0,2000,0.9999999999461058,1.0,0.999000499750125,1.0,1.0,1.0
clause_rela_1gram,Mischgedicht,45,2879,0.015389876880984952,0.03372761816116816,0.011367015632520256,0.168771774459632,0.659484388869592,0.5497923309805759,0.8881500250999242,0.00011803062686962608,0.015492253873063468,0.6361819090454772,2000,0.0003215317076793262,0.0015925398856596698,0.04079626853240047,0.20206307269927654,1.0,1.0
clause_rela_1gram,Thronbesteigungslied,21,2097,0.009915014164305949,0.018306966731549783,0.003842010204281709,0.04402387108140691,0.7280014533233418,0.5626628856723455,0.8781778724208872,0.00015825009013530476,0.0069965017491254375,0.47126436781609193,2000,0.006250878560344538,0.03096047198459128,0.15247548639473366,0.7552079246602549,1.0,1.0
clause_rela_1gram,Wallfahrtslied,0,305,0.0,nan,nan,nan,nan,nan,nan,nan,nan,0.0004997501249375312,2000,nan,nan,nan,nan,0.0004997501249375312,0.002475252013466025
clause_rela_1gram,Weisheitsgedicht,55,3254,0.01662133575098217,0.018007336025120654,0.0064909183121258105,0.03221635127079717,0.5251271162764709,0.419322633730966,0.6769781198354787,0.2610862534285592,0.3008495752123938,0.9985007496251874,2000,0.572939278357116,1.0,0.6601976789383087,1.0,1.0,1.0
clause_rela_1gram,Zionslied,15,1805,0.008241758241758242,0.009765224790163493,0.002761741883596787,0.023432934958394012,0.5521883656509695,0.3500687416518414,0.8660844146879402,0.24291682587476787,0.24587706146926536,0.9715142428785607,2000,0.3366741972650292,1.0,0.3407769799310871,1.0,1.0,1.0
clause_rela_1gram,prophetische Gerichtsrede,1,605,0.0016501650165016502,0.007518796992481203,nan,nan,0.7834710743801653,nan,nan,0.16386273117072753,0.19589178356713427,0.37031484257871067,2000,0.4951456069202817,1.0,0.49597632765531063,1.0,0.9798282676843396,1.0
clause_rela_1gram,"prophetische Schelt-, Droh- und Mahnrede",21,2088,0.00995732574679943,0.009494551132101844,0.0025384604275200907,0.028860477086014285,0.4502485860244481,0.303171451065034,0.8887836489801876,0.7840428910348257,0.7211394302848576,1.0,2000,0.9901761234581943,1.0,0.9367588932806324,1.0,1.0,1.0
clause_rela_1gram,prophetische Tora,0,304,0.0,nan,nan,nan,nan,nan,nan,nan,nan,0.0004997501249375312,2000,nan,nan,nan,nan,0.0004997501249375312,0.002475252013466025
clause_rela_1gram,prophetisches Stück,28,2381,0.011623080116230802,0.012506003664123305,0.0037382794768907783,0.0372096223676509,0.503194936101278,0.318639392722968,0.6736732805948472,0.4768376774567932,0.42978510744627685,1.0,2000,0.9931819757463919,1.0,0.9828506799231963,1.0,1.0,1.0
clause_rela_1gram_psalm,Danklied Israels,6,1206,0.0049504950495049506,0.0045078975478826,0.0018285863516954272,0.009520574887119689,0.38971807628524047,0.2061615455331158,0.8469730442450293,0.8247791809750282,0.8335832083958021,1.0,2000,0.9803301302734929,1.0,0.992574225707659,1.0,1.0,1.0
clause_rela_1gram_psalm,Danklied des Einzelnen,276,6760,0.03922683342808414,0.04364601549249794,0.025287745592723253,0.0593463920103643,0.5168944558785696,0.4307120155586063,0.5859454681028587,0.17029758938805534,0.2993503248375812,0.999000499750125,2000,0.29896687914791936,1.0,0.5297533051655989,1.0,1.0,1.0
clause_rela_1gram_psalm,Fluch,1,608,0.0016420361247947454,0.003067484662576687,nan,nan,0.49917763157894735,nan,nan,0.502270233394782,0.47344689378757515,1.0,2000,0.9026111339737467,1.0,0.8844142831116778,1.0,1.0,1.0
clause_rela_1gram_psalm,Hymnus,2850,17485,0.140152446520777,0.16840079126055732,0.09777899086638925,0.25303827927911465,0.5157759483065686,0.4570978350543295,0.6207604685550272,0.003410862629534565,0.22038980509745126,0.9995002498750625,2000,0.015850479278425332,0.07850709542739595,0.9672663668165917,1.0,1.0,1.0
clause_rela_1gram_psalm,Klagelied des Einzelnen,4095,19594,0.17286504284689097,0.20546847977540458,0.1380638407611677,0.2686059722582697,0.5595534403332709,0.5044414435006808,0.6014363647948489,1.6417156753530927e-33,0.005497251374312844,0.9505247376311844,2000,3.705586810082695e-33,1.8353694686673403e-32,0.010340068061207491,0.05121414285004705,1.0,1.0
clause_rela_1gram_psalm,Klagelied des Volkes,406,8034,0.0481042654028436,0.046730697163594785,0.0180843423397037,0.07425686377980581,0.48829849984855006,0.40933096379082895,0.5495817293397475,0.7872277534923398,0.6111944027986007,1.0,2000,0.9997895658449124,1.0,0.9448221094931988,1.0,1.0,1.0
clause_rela_1gram_psalm,Königspsalm,45,2964,0.014955134596211365,0.01760384889522173,0.0035821366451705802,0.04925683020766104,0.45991527965212176,0.3060638728934182,0.6353189516029335,0.8223730906551358,0.7466266866566716,1.0,2000,0.984355669117511,1.0,0.8803508693414487,1.0,1.0,1.0
clause_rela_1gram_psalm,Liturgie,153,5161,0.028791870530673693,0.02415112588228067,0.009131584334213533,0.04166570430029206,0.4353288173113332,0.36123251603208256,0.5341729408436808,0.996839679849059,0.9560219890054973,1.0,2000,0.9999999999461058,1.0,0.999000499750125,1.0,1.0,1.0
clause_rela_1gram_psalm,Mischgedicht,45,2879,0.015389876880984952,0.021612874995832393,0.008669675001929996,0.06528738687353247,0.5755084713056231,0.42366407779333454,0.8165977448682025,0.04086448638651687,0.10144927536231885,0.9010494752623688,2000,0.08495511643512718,0.4207809313435887,0.2109077040427155,1.0,1.0,1.0
clause_rela_1gram_psalm,Thronbesteigungslied,21,2097,0.009915014164305949,0.08021811830867748,0.005799632737302402,0.5063525191201946,0.7522764947657652,0.39737887006870853,0.8895933823983478,3.388977002793273e-05,0.0014992503748125937,0.4197901049475262,2000,0.0026772918322066856,0.013260570968609789,0.1184407796101949,0.5866347271914479,1.0,1.0
clause_rela_1gram_psalm,Wallfahrtslied,0,305,0.0,nan,nan,nan,nan,nan,nan,nan,nan,0.0004997501249375312,2000,nan,nan,nan,nan,0.0004997501249375312,0.002475252013466025
clause_rela_1gram_psalm,Weisheitsgedicht,55,3254,0.01662133575098217,0.017998471643219195,0.005756115923588232,0.05193887683981219,0.47648209197072133,0.36625165159185613,0.5917538454660258,0.7254573302305283,0.6261869065467266,1.0,2000,0.9999998040278182,1.0,0.9995002498750625,1.0,1.0,1.0
clause_rela_1gram_psalm,Zionslied,15,1805,0.008241758241758242,0.006960655748106,0.0022525935153394857,0.014971145255439234,0.4120960295475531,0.1871049181207309,0.6310076256007722,0.8798933393982594,0.8775612193903048,1.0,2000,0.9625258756901349,1.0,0.9506846576711643,1.0,1.0,1.0
clause_rela_1gram_psalm,prophetische Gerichtsrede,1,605,0.0016501650165016502,0.00980392156862745,nan,nan,0.8347107438016529,nan,nan,0.12402594939387857,0.14428857715430862,0.2698650674662669,2000,0.4951456069202817,1.0,0.49597632765531063,1.0,0.9798282676843396,1.0
clause_rela_1gram_psalm,"prophetische Schelt-, Droh- und Mahnrede",21,2088,0.00995732574679943,0.019992920182087114,0.0028823432409623155,0.11623443362781943,0.493123973727422,0.06348968116648077,0.7818836568620928,0.5433060063997188,0.4927536231884058,1.0,2000,0.9901761234581943,1.0,0.9367588932806324,1.0,1.0,1.0
clause_rela_1gram_psalm,prophetische Tora,0,304,0.0,nan,nan,nan,nan,nan,nan,nan,nan,0.0004997501249375312,2000,nan,nan,nan,nan,0.0004997501249375312,0.002475252013466025
clause_rela_1gram_psalm,prophetisches Stück,28,2381,0.011623080116230802,0.018407829979373493,0.004670547731706011,0.3894827780911406,0.4267939641207176,0.20040772569560558,0.6956766593628083,0.9088909023010131,0.8655672163918041,1.0,2000,0.9931819757463919,1.0,0.9828506799231963,1.0,1.0,1.0
clause_signature_1_2_3gram,Danklied Israels,6,1206,0.0049504950495049506,0.014010951387838814,0.004064817234877428,0.13334318810426654,0.5713101160862355,0.3657595354113588,0.9770945488216927,0.27328161433182985,0.248375812093953,0.9235382308845578,2000,0.9803301302734929,1.0,0.992574225707659,1.0,1.0,1.0
clause_signature_1_2_3gram,Danklied des Einzelnen,276,6760,0.03922683342808414,0.03916042976782552,0.02618777643696267,0.05992327950282084,0.5082931352371152,0.422648300250207,0.589163323056219,0.3198806287880445,0.39930034982508744,1.0,2000,0.4512601727545628,1.0,0.5534162743189809,1.0,1.0,1.0
clause_signature_1_2_3gram,Fluch,1,608,0.0016420361247947454,0.0027548209366391185,nan,nan,0.40542763157894735,nan,nan,0.6301354057567667,0.6117234468937875,1.0,2000,0.9026111339737467,1.0,0.8844142831116778,1.0,1.0,1.0
clause_signature_1_2_3gram,Hymnus,2850,17485,0.140152446520777,0.13066353164446542,0.09831446814754018,0.1814900421985031,0.43645052149963126,0.3877449684997997,0.48659235004329315,1.0,0.9995002498750625,1.0,2000,1.0,1.0,1.0,1.0,1.0,1.0
clause_signature_1_2_3gram,Klagelied des Einzelnen,4095,19594,0.17286504284689097,0.201813554265993,0.14151265723945738,0.2694539952303952,0.5552753122825594,0.5141246008423687,0.5852980193543126,3.5101374040251406e-29,0.0024987506246876563,0.9655172413793104,2000,6.302292157226956e-29,3.1215122464605958e-28,0.005805920569127202,0.02875660427409059,1.0,1.0
clause_signature_1_2_3gram,Klagelied des Volkes,406,8034,0.0481042654028436,0.04773550320942075,0.027055188732791145,0.06791875927009261,0.517833996156728,0.4328234037694916,0.674825256183248,0.11220911831485819,0.2868565717141429,1.0,2000,0.2954840115624599,1.0,0.78143686777301,1.0,1.0,1.0
clause_signature_1_2_3gram,Königspsalm,45,2964,0.014955134596211365,0.03220190596653029,0.011936453089583023,0.10221436195619366,0.6666666666666666,0.5109298345099819,0.8694912006493923,6.069490256759106e-05,0.004497751124437781,0.5812093953023488,2000,0.0002663831834910941,0.0013193903880909304,0.022856992556353404,0.11321021051063032,1.0,1.0
clause_signature_1_2_3gram,Liturgie,153,5161,0.028791870530673693,0.03509155744172571,0.018634860620948355,0.05694814062063783,0.5798484865754091,0.4720159349061283,0.7362357857912392,0.0003734675099628596,0.022988505747126436,0.8960519740129935,2000,0.0012827797081333004,0.006353581313836014,0.1074740407573991,0.5323166968959435,1.0,1.0
clause_signature_1_2_3gram,Mischgedicht,45,2879,0.015389876880984952,0.034200366864548346,0.017152054122970568,0.070475539735442,0.7407471730153217,0.6101813512421028,0.8745924441137711,1.4266198770640391e-08,0.0004997501249375312,0.4002998500749625,2000,9.39191419067159e-08,4.6517956376030735e-07,0.0024675162418790605,0.0122215568164885,1.0,1.0
clause_signature_1_2_3gram,Thronbesteigungslied,21,2097,0.009915014164305949,0.02179606552967478,0.003674107401446504,0.07453155375822991,0.6494538683379885,0.39214905870443023,0.9000554849822442,0.009126792680464107,0.03298350824587706,0.6401799100449775,2000,0.03853699116654244,0.1908729187207911,0.15247548639473366,0.7552079246602549,1.0,1.0
clause_signature_1_2_3gram,Wallfahrtslied,0,305,0.0,nan,nan,nan,nan,nan,nan,nan,nan,0.0004997501249375312,2000,nan,nan,nan,nan,0.0004997501249375312,0.002475252013466025
clause_signature_1_2_3gram,Weisheitsgedicht,55,3254,0.01662133575098217,0.025059812951654534,0.008839719874628813,0.07120012540646972,0.6263116723473208,0.49804578796092974,0.7806693837346329,0.0006460752505883516,0.018490754622688656,0.7171414292853573,2000,0.005617772159789645,0.02782470910127511,0.15792103948025987,0.782179636255264,1.0,1.0
clause_signature_1_2_3gram,Zionslied,15,1805,0.008241758241758242,0.014991166272220632,0.00529861751253693,0.036919435222589524,0.6834903047091413,0.46407281876263445,0.880882545104623,0.007127635176075909,0.02048975512243878,0.5317341329335332,2000,0.01564119941416658,0.07747053659622181,0.047608548666843054,0.23580415504754282,1.0,1.0
clause_signature_1_2_3gram,prophetische Gerichtsrede,1,605,0.0016501650165016502,0.027777777777777776,nan,nan,0.943801652892562,nan,nan,0.06276163816519371,0.04609218436873747,0.08745627186406797,2000,0.4951456069202817,1.0,0.49597632765531063,1.0,0.9798282676843396,1.0
clause_signature_1_2_3gram,"prophetische Schelt-, Droh- und Mahnrede",21,2088,0.00995732574679943,0.03166762925978449,0.004891094629258749,0.5,0.35252463054187194,0.19741705733137946,0.9985024101839091,0.9901761234581943,0.9895052473763118,1.0,2000,0.9901761234581943,1.0,0.9905047476261869,1.0,1.0,1.0
clause_signature_1_2_3gram,prophetische Tora,0,304,0.0,nan,nan,nan,nan,nan,nan,nan,nan,0.0004997501249375312,2000,nan,nan,nan,nan,0.0004997501249375312,0.002475252013466025
clause_signature_1_2_3gram,prophetisches Stück,28,2381,0.011623080116230802,0.011631186034001581,0.004282955087603587,0.02452294311418807,0.499647507049859,0.3334054314821326,0.7895953923498171,0.5026203774511455,0.48875562218890556,1.0,2000,0.9931819757463919,1.0,0.9828506799231963,1.0,1.0,1.0
clause_signature_1_2_3gram_psalm,Danklied Israels,6,1206,0.0049504950495049506,0.004784404982948765,0.0017912303512651862,0.010176769089064458,0.433665008291874,0.21630000118860615,0.6938976787665406,0.7129488894967158,0.7071464267866067,1.0,2000,0.9803301302734929,1.0,0.992574225707659,1.0,1.0,1.0
clause_signature_1_2_3gram_psalm,Danklied des Einzelnen,276,6760,0.03922683342808414,0.04341197913753081,0.027791449734076875,0.06364195277920691,0.5303870808678501,0.45219717805223053,0.6226185141568928,0.04324447558948175,0.2273863068465767,0.9975012493753124,2000,0.08759778388638612,0.43387000847081786,0.4381345912409649,1.0,1.0,1.0
clause_signature_1_2_3gram_psalm,Fluch,1,608,0.0016420361247947454,0.004016064257028112,nan,nan,0.6463815789473685,nan,nan,0.3071177306226875,0.25851703406813625,0.6111944027986007,2000,0.9026111339737467,1.0,0.8844142831116778,1.0,1.0,1.0
clause_signature_1_2_3gram_psalm,Hymnus,2850,17485,0.140152446520777,0.1659009377784269,0.09563119845858542,0.23534134235786489,0.5354027662808724,0.4643916766557126,0.6164276039372805,6.320781505571699e-10,0.057971014492753624,0.9945027486256871,2000,6.241771736752053e-09,3.091536607604069e-08,0.6711644177911044,1.0,1.0,1.0
clause_signature_1_2_3gram_psalm,Klagelied des Einzelnen,4095,19594,0.17286504284689097,0.2259549093819599,0.1476993784701588,0.2928235452263377,0.5950681246894374,0.5518900320661775,0.6590529339211134,3.378620799989312e-82,0.0009995002498750624,0.84007996001999,2000,2.224258693326297e-81,1.101670721905958e-80,0.003036943066928074,0.015041916081831998,1.0,1.0
clause_signature_1_2_3gram_psalm,Klagelied des Volkes,406,8034,0.0481042654028436,0.05034377027425251,0.020285306325845867,0.08135451871985522,0.45323784016452245,0.2935385032877004,0.531710377029877,0.9992746325058,0.9135432283858071,1.0,2000,0.9997895658449124,1.0,0.9535232383808095,1.0,1.0,1.0
clause_signature_1_2_3gram_psalm,Königspsalm,45,2964,0.014955134596211365,0.016985181584400155,0.0022199293731956604,0.039900994639115325,0.5120032988454041,0.29700562774118194,0.6821152946647463,0.3909972489776599,0.4052973513243378,1.0,2000,0.7528649861439538,1.0,0.7623450179672068,1.0,1.0,1.0
clause_signature_1_2_3gram_psalm,Liturgie,153,5161,0.028791870530673693,0.02544997235405098,0.008339888615921671,0.04315436106121159,0.39106838240043157,0.24438017637804751,0.4890172249090946,0.9999978830492232,0.993503248375812,1.0,2000,0.9999999999461058,1.0,0.999000499750125,1.0,1.0,1.0
clause_signature_1_2_3gram_psalm,Mischgedicht,45,2879,0.015389876880984952,0.014784738711098413,0.007975283111031694,0.027991073880633023,0.49332329898498706,0.3877133657454903,0.5975045279553456,0.5612054425915134,0.5472263868065967,1.0,2000,0.6425395647062254,1.0,0.614685712699206,1.0,1.0,1.0
clause_signature_1_2_3gram_psalm,Thronbesteigungslied,21,2097,0.009915014164305949,0.05972423454729322,0.0031064355936424597,0.49775788565861834,0.4813679405954084,0.20963932001568378,0.8108635034478534,0.6158027586545238,0.5637181409295352,1.0,2000,0.7280097027306023,1.0,0.6670396145210976,1.0,1.0,1.0
clause_signature_1_2_3gram_psalm,Wallfahrtslied,0,305,0.0,nan,nan,nan,nan,nan,nan,nan,nan,0.0004997501249375312,2000,nan,nan,nan,nan,0.0004997501249375312,0.002475252013466025
clause_signature_1_2_3gram_psalm,Weisheitsgedicht,55,3254,0.01662133575098217,0.016796479836485113,0.0032558236169869647,0.03550902245404905,0.4724478962954685,0.22373031089813458,0.6341763731774891,0.7586343982782284,0.6736631684157921,1.0,2000,0.9999998040278182,1.0,0.9995002498750625,1.0,1.0,1.0
clause_signature_1_2_3gram_psalm,Zionslied,15,1805,0.008241758241758242,0.018968512407553532,0.0037463948598021914,0.07275124237780481,0.6967497691597414,0.41015926447650225,0.8202347380900338,0.004291877561066905,0.013993003498250875,0.45577211394302847,2000,0.010595572728883921,0.052479652174722266,0.040942491717104415,0.20278731310321657,1.0,1.0
clause_signature_1_2_3gram_psalm,prophetische Gerichtsrede,1,605,0.0016501650165016502,0.004149377593360996,nan,nan,0.6074380165289256,nan,nan,0.3559868864433996,0.32965931863727455,0.792103948025987,2000,0.6309026065943476,1.0,0.5918883220987429,1.0,1.0,1.0
clause_signature_1_2_3gram_psalm,"prophetische Schelt-, Droh- und Mahnrede",21,2088,0.00995732574679943,0.025409479460375414,0.002970250217502304,0.15376710289376558,0.4616858237547893,0.15012727618155067,0.869013747145174,0.7275256535389014,0.6811594202898551,1.0,2000,0.9901761234581943,1.0,0.9367588932806324,1.0,1.0,1.0
clause_signature_1_2_3gram_psalm,prophetische Tora,0,304,0.0,nan,nan,nan,nan,nan,nan,nan,nan,0.0004997501249375312,2000,nan,nan,nan,nan,0.0004997501249375312,0.002475252013466025
clause_signature_1_2_3gram_psalm,prophetisches Stück,28,2381,0.011623080116230802,0.03762284969561321,0.0061833277777051205,0.20745616403398828,0.5322193556128877,0.23834516267231423,0.9521826139877779,0.27860895607159814,0.3308345827086457,0.9965017491254373,2000,0.9931819757463919,1.0,0.9828506799231963,1.0,1.0,1.0
clause_signature_1_2gram,Danklied Israels,6,1206,0.0049504950495049506,0.012424852968100739,0.003916031677222215,0.10150979081618247,0.5661967938087341,0.3623114642481691,0.9766587823987677,0.28786128235641756,0.25987006496751625,0.9370314842578711,2000,0.9803301302734929,1.0,0.992574225707659,1.0,1.0,1.0
clause_signature_1_2gram,Danklied des Einzelnen,276,6760,0.03922683342808414,0.039485326748874984,0.02651034537598689,0.060034186665488126,0.5113878526712975,0.4285227276540424,0.5897605718460873,0.26021191853862913,0.36881559220389803,1.0,2000,0.3953219531644558,1.0,0.5297533051655989,1.0,1.0,1.0
clause_signature_1_2gram,Fluch,1,608,0.0016420361247947454,0.0027624309392265192,nan,nan,0.40707236842105265,nan,nan,0.6279709775480726,0.6157314629258517,1.0,2000,0.9026111339737467,1.0,0.8844142831116778,1.0,1.0,1.0
clause_signature_1_2gram,Hymnus,2850,17485,0.140152446520777,0.1302758740095255,0.0976121297282889,0.18345189317189325,0.4377580783528739,0.3897345001931146,0.4843734142796797,1.0,0.9995002498750625,1.0,2000,1.0,1.0,1.0,1.0,1.0,1.0
clause_signature_1_2gram,Klagelied des Einzelnen,4095,19594,0.17286504284689097,0.20253108089008434,0.14268507959792917,0.2657277462121403,0.5550149724386736,0.5142418203827372,0.5886211101479112,6.325898276206324e-29,0.0024987506246876563,0.968015992003998,2000,1.1105465862673325e-28,5.500514230085777e-28,0.005805920569127202,0.02875660427409059,1.0,1.0
clause_signature_1_2gram,Klagelied des Volkes,406,8034,0.0481042654028436,0.04835816346401028,0.027500625191654814,0.06864142068824662,0.5226120269642198,0.4389276050462698,0.6867050152333215,0.061737699029146026,0.24437781109445278,0.9995002498750625,2000,0.21701534481088966,1.0,0.78143686777301,1.0,1.0,1.0
clause_signature_1_2gram,Königspsalm,45,2964,0.014955134596211365,0.03020484178168607,0.011420902842161752,0.093489238640745,0.6610661268556005,0.5112254673161754,0.8726543857934923,0.00010194312719695173,0.005497251374312844,0.6031984007996002,2000,0.00040267535242795934,0.0019944426767177655,0.022856992556353404,0.11321021051063032,1.0,1.0
clause_signature_1_2gram,Liturgie,153,5161,0.028791870530673693,0.03492553909156734,0.018583556186909905,0.055856615142213836,0.5781400979948913,0.47028728943836157,0.7351872280667182,0.00048410514388933483,0.026486756621689155,0.9015492253873063,2000,0.0015935127653023938,0.007892635707277926,0.11012914595333911,0.5454673779148552,1.0,1.0
clause_signature_1_2gram,Mischgedicht,45,2879,0.015389876880984952,0.033444287645100206,0.01677567526576046,0.0692797035269249,0.7362008413415152,0.6031701789232259,0.8699718406455004,2.5844790328960128e-08,0.0004997501249375312,0.41629185407296354,2000,1.3611589573252335e-07,6.741792110982966e-07,0.0024675162418790605,0.0122215568164885,1.0,1.0
clause_signature_1_2gram,Thronbesteigungslied,21,2097,0.009915014164305949,0.02212106281037166,0.0033714071791076535,0.07254682368269225,0.64847741671776,0.3909674226518778,0.8989631171788977,0.009513268674883849,0.03398300849575212,0.6436781609195402,2000,0.03853699116654244,0.1908729187207911,0.15247548639473366,0.7552079246602549,1.0,1.0
clause_signature_1_2gram,Wallfahrtslied,0,305,0.0,nan,nan,nan,nan,nan,nan,nan,nan,0.0004997501249375312,2000,nan,nan,nan,nan,0.0004997501249375312,0.002475252013466025
clause_signature_1_2gram,Weisheitsgedicht,55,3254,0.01662133575098217,0.025139508136189495,0.0088084710855167,0.07497775165207277,0.6252276917919204,0.4987708798532036,0.7791935166287408,0.0007111103999733727,0.02048975512243878,0.7231384307846077,2000,0.005617772159789645,0.02782470910127511,0.15792103948025987,0.782179636255264,1.0,1.0
clause_signature_1_2gram,Zionslied,15,1805,0.008241758241758242,0.014400885459619789,0.005169335669171609,0.03508725926882065,0.6770267774699907,0.4593711884098822,0.8729081799625983,0.009028975351009319,0.025987006496751622,0.5517241379310345,2000,0.017832226318243403,0.08832264745172647,0.05865638609266795,0.2905238648948123,1.0,1.0
clause_signature_1_2gram,prophetische Gerichtsrede,1,605,0.0016501650165016502,0.03571428571428571,nan,nan,0.9570247933884297,nan,nan,0.057314074833545926,0.037575150300601205,0.07246376811594203,2000,0.4951456069202817,1.0,0.49597632765531063,1.0,0.9798282676843396,1.0
clause_signature_1_2gram,"prophetische Schelt-, Droh- und Mahnrede",21,2088,0.00995732574679943,0.03171445373353228,0.00489538727265463,0.5,0.35412105455208903,0.19739104878554237,0.9984932065971912,0.9894936045000821,0.9905047476261869,1.0,2000,0.9901761234581943,1.0,0.9905047476261869,1.0,1.0,1.0
clause_signature_1_2gram,prophetische Tora,0,304,0.0,nan,nan,nan,nan,nan,nan,nan,nan,0.0004997501249375312,2000,nan,nan,nan,nan,0.0004997501249375312,0.002475252013466025
clause_signature_1_2gram,prophetisches Stück,28,2381,0.011623080116230802,0.011543796844910935,0.0043233532416329145,0.023902616840175337,0.499047519049619,0.3348735798152278,0.7853631016360726,0.5069873661625556,0.49075462268865566,1.0,2000,0.9931819757463919,1.0,0.9828506799231963,1.0,1.0,1.0
clause_signature_1_2gram_psalm,Danklied Israels,6,1206,0.0049504950495049506,0.004704528144696688,0.0018044158699101545,0.009373157411041323,0.41445550027639577,0.1887793565216552,0.7261764346218601,0.7655938625176182,0.7461269365317341,1.0,2000,0.9803301302734929,1.0,0.992574225707659,1.0,1.0,1.0
clause_signature_1_2gram_psalm,Danklied des Einzelnen,276,6760,0.03922683342808414,0.04817022756075848,0.026465602814708816,0.06491599124197407,0.5665621516164995,0.5000215882340028,0.655991252677944,8.682474128236399e-05,0.04147926036981509,0.9425287356321839,2000,0.0002857981067211148,0.0014155521005515409,0.13818090954522738,0.6844071817233559,1.0,1.0
clause_signature_1_2gram_psalm,Fluch,1,608,0.0016420361247947454,0.004651162790697674,nan,nan,0.680921052631579,nan,nan,0.2666285907852701,0.2575150300601202,0.5372313843078461,2000,0.9026111339737467,1.0,0.8844142831116778,1.0,1.0,1.0
clause_signature_1_2gram_psalm,Hymnus,2850,17485,0.140152446520777,0.166385997419405,0.09679889431938166,0.26474526451615826,0.5050426781853117,0.447721459689785,0.6177875478653875,0.1935938715222154,0.4002998500749625,1.0,2000,0.5273764086294833,1.0,1.0,1.0,1.0,1.0
clause_signature_1_2gram_psalm,Klagelied des Einzelnen,4095,19594,0.17286504284689097,0.239940395494955,0.1674441102840624,0.3118688447053432,0.6327471979100029,0.5830706953369538,0.7075798344373577,4.4360960223174775e-158,0.0004997501249375312,0.704647676161919,2000,1.7522579288154035e-156,8.678897212790682e-156,0.0017165330378289116,0.008501952567991999,1.0,1.0
clause_signature_1_2gram_psalm,Klagelied des Volkes,406,8034,0.0481042654028436,0.04848210540001299,0.019761358120058324,0.08025892468820481,0.46144250236985423,0.33231502044463246,0.534305408855995,0.9956755899026992,0.8680659670164917,1.0,2000,0.9997895658449124,1.0,0.9448221094931988,1.0,1.0,1.0
clause_signature_1_2gram_psalm,Königspsalm,45,2964,0.014955134596211365,0.012167214332139664,0.003853248283900731,0.024484163832297522,0.4151222072274704,0.2302331192930867,0.5416859560894791,0.9748476390611819,0.9315342328835582,1.0,2000,0.999238174620484,1.0,0.9623954256637915,1.0,1.0,1.0
clause_signature_1_2gram_psalm,Liturgie,153,5161,0.028791870530673693,0.024120379921919635,0.008721944197834827,0.03820854223188259,0.4012528605060832,0.2986856597856094,0.4849004642215239,0.9999847344961227,0.9960019990004998,1.0,2000,0.9999999999461058,1.0,0.999000499750125,1.0,1.0,1.0
clause_signature_1_2gram_psalm,Mischgedicht,45,2879,0.015389876880984952,0.01726408673557062,0.008515008230869389,0.03387401958119414,0.5049091119601714,0.3778510477058843,0.6467001963775282,0.45497987099809595,0.44877561219390305,1.0,2000,0.5588944397236537,1.0,0.5468310620808999,1.0,1.0,1.0
clause_signature_1_2gram_psalm,Thronbesteigungslied,21,2097,0.009915014164305949,0.07644032817179099,0.004190552151186251,0.517722925157102,0.56886254740332,0.2365815677365995,0.8234626830440778,0.13844283812099079,0.1809095452273863,0.9365317341329336,2000,0.2583196676950028,1.0,0.3402822398324647,1.0,1.0,1.0
clause_signature_1_2gram_psalm,Wallfahrtslied,0,305,0.0,nan,nan,nan,nan,nan,nan,nan,nan,0.0004997501249375312,2000,nan,nan,nan,nan,0.0004997501249375312,0.002475252013466025
clause_signature_1_2gram_psalm,Weisheitsgedicht,55,3254,0.01662133575098217,0.015601088165810047,0.0038303794216014465,0.03233661652688981,0.45746214449349054,0.3000774259830778,0.5898922041000149,0.8607324725794545,0.7611194402798601,1.0,2000,0.9999998040278182,1.0,0.9995002498750625,1.0,1.0,1.0
clause_signature_1_2gram_psalm,Zionslied,15,1805,0.008241758241758242,0.03877418650580122,0.010477792794219735,0.13233085183813062,0.8667590027700831,0.7778726469644195,0.9545603861729252,4.820047497176123e-07,0.0004997501249375312,0.1724137931034483,2000,9.519593806922842e-06,4.7150350869666906e-05,0.007896051974012993,0.03910898181276319,1.0,1.0
clause_signature_1_2gram_psalm,prophetische Gerichtsrede,1,605,0.0016501650165016502,0.004366812227074236,nan,nan,0.6247933884297521,nan,nan,0.3340125397823275,0.3226452905811623,0.7331334332833583,2000,0.6136509451814853,1.0,0.5918883220987429,1.0,1.0,1.0
clause_signature_1_2gram_psalm,"prophetische Schelt-, Droh- und Mahnrede",21,2088,0.00995732574679943,0.03314899988989338,0.0022289992658444807,0.11861303233212082,0.4713669950738916,0.15133432863640386,0.7907376017680182,0.6744918746199681,0.5972013993003499,1.0,2000,0.9901761234581943,1.0,0.9367588932806324,1.0,1.0,1.0
clause_signature_1_2gram_psalm,prophetische Tora,0,304,0.0,nan,nan,nan,nan,nan,nan,nan,nan,0.0004997501249375312,2000,nan,nan,nan,nan,0.0004997501249375312,0.002475252013466025
clause_signature_1_2gram_psalm,prophetisches Stück,28,2381,0.011623080116230802,0.02547318337925236,0.006239373834456332,0.16127308728345202,0.5577938441231175,0.25250470295444066,0.9099670612868817,0.14620032973687042,0.19640179910044978,0.960519740129935,2000,0.9931819757463919,1.0,0.9828506799231963,1.0,1.0,1.0
clause_signature_1gram,Danklied Israels,6,1206,0.0049504950495049506,0.013545872038277727,0.0037939271734357826,0.11763958076235524,0.5692371475953566,0.3666361354863678,0.9842168823396722,0.2791479725415751,0.248375812093953,0.9230384807596201,2000,0.9803301302734929,1.0,0.992574225707659,1.0,1.0,1.0
clause_signature_1gram,Danklied des Einzelnen,276,6760,0.03922683342808414,0.03935658623811637,0.026849301973993763,0.06008019135856899,0.5122848061915788,0.44126786744279123,0.5915658122315544,0.24405611804377653,0.35732133933033483,1.0,2000,0.3856086665091669,1.0,0.5297533051655989,1.0,1.0,1.0
clause_signature_1gram,Fluch,1,608,0.0016420361247947454,0.0027548209366391185,nan,nan,0.40625,nan,nan,0.6290537112462438,0.6067134268537074,1.0,2000,0.9026111339737467,1.0,0.8844142831116778,1.0,1.0,1.0
clause_signature_1gram,Hymnus,2850,17485,0.140152446520777,0.1313491953423849,0.09666719462252175,0.19160264407413052,0.44328387740870623,0.3976094938783282,0.48174943097694783,1.0,0.9975012493753124,1.0,2000,1.0,1.0,1.0,1.0,1.0,1.0
clause_signature_1gram,Klagelied des Einzelnen,4095,19594,0.17286504284689097,0.20521410052318076,0.14009479825589755,0.2639550645440446,0.5560375500561272,0.5127398395627935,0.5922269897740361,6.1595268856901015e-30,0.001999000499750125,0.9685157421289355,2000,1.1585776761179e-29,5.738411222860809e-29,0.0050942270800083825,0.025231601169524644,1.0,1.0
clause_signature_1gram,Klagelied des Volkes,406,8034,0.0481042654028436,0.0488569294151015,0.02724253173378569,0.06993006802642597,0.5227789591281389,0.4441274425925154,0.6800240154911161,0.06036458671155616,0.23738130934532733,1.0,2000,0.21701534481088966,1.0,0.78143686777301,1.0,1.0,1.0
clause_signature_1gram,Königspsalm,45,2964,0.014955134596211365,0.024900446653256917,0.00978772440783143,0.05991655988025922,0.6462663067926225,0.49655327339412075,0.8620857452358137,0.000371954432664258,0.0079960019990005,0.6431784107946027,2000,0.001305599368379283,0.006466606618186943,0.03158420789605197,0.15643592725105276,1.0,1.0
clause_signature_1gram,Liturgie,153,5161,0.028791870530673693,0.034537531137266694,0.018300127581472023,0.05557757743868396,0.5732720137076338,0.46587847048095,0.7307301749504511,0.000987255220208129,0.029985007496251874,0.9120439780109945,2000,0.0031197264958576876,0.01545194068996043,0.1128007424858999,0.5586997401823315,1.0,1.0
clause_signature_1gram,Mischgedicht,45,2879,0.015389876880984952,0.031631818244471546,0.015366579797162048,0.06357301792522015,0.7364555594149204,0.6172032471610156,0.8677416024607856,2.500558296583142e-08,0.0004997501249375312,0.4272863568215892,2000,1.3611589573252335e-07,6.741792110982966e-07,0.0024675162418790605,0.0122215568164885,1.0,1.0
clause_signature_1gram,Thronbesteigungslied,21,2097,0.009915014164305949,0.02968824579984006,0.0027369175085131445,0.20731820211255184,0.6316960737561595,0.35489652696788515,0.9018542514196676,0.018765029978402067,0.04597701149425287,0.6921539230384808,2000,0.05111852994116425,0.2531890195687425,0.15247548639473366,0.7552079246602549,1.0,1.0
clause_signature_1gram,Wallfahrtslied,0,305,0.0,nan,nan,nan,nan,nan,nan,nan,nan,0.0004997501249375312,2000,nan,nan,nan,nan,0.0004997501249375312,0.002475252013466025
clause_signature_1gram,Weisheitsgedicht,55,3254,0.01662133575098217,0.025001523984860177,0.008322211269046894,0.07206809383082695,0.6235011454433704,0.4890495522040365,0.777786932392501,0.0008272625000428859,0.021989005497251374,0.7271364317841079,2000,0.005651449187804724,0.027991510723210267,0.15792103948025987,0.782179636255264,1.0,1.0
clause_signature_1gram,Zionslied,15,1805,0.008241758241758242,0.014658150889596185,0.0051232691081337205,0.03525801647907811,0.6838965835641736,0.44192509264803004,0.8737928274273485,0.007020889899489164,0.01699150424787606,0.5377311344327836,2000,0.01564119941416658,0.07747053659622181,0.04426574591492133,0.21924732228367247,1.0,1.0
clause_signature_1gram,prophetische Gerichtsrede,1,605,0.0016501650165016502,0.030303030303030304,nan,nan,0.9487603305785124,nan,nan,0.060673324400238655,0.047094188376753505,0.09095452273863068,2000,0.4951456069202817,1.0,0.49597632765531063,1.0,0.9798282676843396,1.0
clause_signature_1gram,"prophetische Schelt-, Droh- und Mahnrede",21,2088,0.00995732574679943,0.03172091094337724,0.004915202121854921,0.5,0.358089308520343,0.21222953211690812,0.9985308279483507,0.987615389415672,0.9870064967516242,1.0,2000,0.9901761234581943,1.0,0.9905047476261869,1.0,1.0,1.0
clause_signature_1gram,prophetische Tora,0,304,0.0,nan,nan,nan,nan,nan,nan,nan,nan,0.0004997501249375312,2000,nan,nan,nan,nan,0.0004997501249375312,0.002475252013466025
clause_signature_1gram,prophetisches Stück,28,2381,0.011623080116230802,0.011860773499650396,0.0042174225960195846,0.024715154273558703,0.5060673786524269,0.328399239315907,0.7808756991303037,0.4559797054463961,0.44877561219390305,1.0,2000,0.9931819757463919,1.0,0.9828506799231963,1.0,1.0,1.0
clause_signature_1gram_psalm,Danklied Israels,6,1206,0.0049504950495049506,0.004707827180194441,0.0022167693734059454,0.0090405969970148,0.4230237700386954,0.2555411059227632,0.6360489221047034,0.7427715323387639,0.7206396801599201,1.0,2000,0.9803301302734929,1.0,0.992574225707659,1.0,1.0,1.0
clause_signature_1gram_psalm,Danklied des Einzelnen,276,6760,0.03922683342808414,0.04572318599706826,0.02450337654175087,0.06348304487843634,0.5428345553554583,0.46422369351849124,0.6248458844848553,0.007842625293806006,0.12043978010994502,0.984007996001999,2000,0.01936148119408358,0.09589701516398925,0.28952190571380976,1.0,1.0,1.0
clause_signature_1gram_psalm,Fluch,1,608,0.0016420361247947454,0.0047169811320754715,nan,nan,0.6858552631578947,nan,nan,0.26104944198477587,0.2565130260521042,0.5332333833083458,2000,0.9026111339737467,1.0,0.8844142831116778,1.0,1.0,1.0
clause_signature_1gram_psalm,Hymnus,2850,17485,0.140152446520777,0.16050795240412735,0.09626868282108562,0.2609213065258236,0.4840491950493907,0.4427354816521856,0.5929898199700414,0.9968836994529986,0.776111944027986,1.0,2000,1.0,1.0,1.0,1.0,1.0,1.0
clause_signature_1gram_psalm,Klagelied des Einzelnen,4095,19594,0.17286504284689097,0.23963995119662462,0.16938840785830908,0.32618746032933993,0.6356383548176955,0.5848593048289755,0.6876494106656184,6.155148753534637e-165,0.0004997501249375312,0.679160419790105,2000,4.8625675152923627e-163,2.408419614571666e-162,0.0017165330378289116,0.008501952567991999,1.0,1.0
clause_signature_1gram_psalm,Klagelied des Volkes,406,8034,0.0481042654028436,0.048654968919078154,0.021592743700736546,0.0785948818471798,0.4880679525808418,0.4011469962709293,0.5531736515070522,0.7917586158941079,0.6271864067966016,1.0,2000,0.9997895658449124,1.0,0.9448221094931988,1.0,1.0,1.0
clause_signature_1gram_psalm,Königspsalm,45,2964,0.014955134596211365,0.015639770481665,0.004932267115832319,0.03655817240248878,0.4682636077372919,0.3241194244722886,0.6736582448149008,0.767893129649057,0.6816591704147926,1.0,2000,0.9788990707729978,1.0,0.8648644427786107,1.0,1.0,1.0
clause_signature_1gram_psalm,Liturgie,153,5161,0.028791870530673693,0.026825077618761267,0.0113244450686614,0.04190331474078534,0.4535391757943247,0.35345627372060495,0.5599816528608392,0.9751048926436783,0.8780609695152424,1.0,2000,0.9999999999461058,1.0,0.999000499750125,1.0,1.0,1.0
clause_signature_1gram_psalm,Mischgedicht,45,2879,0.015389876880984952,0.017376653432817205,0.0088908384642724,0.03456635429996384,0.5486704488441203,0.4448470399256454,0.6787232487218169,0.13093213726456743,0.20739630184907545,0.9780109945027486,2000,0.22486171399784408,1.0,0.3519623167139834,1.0,1.0,1.0
clause_signature_1gram_psalm,Thronbesteigungslied,21,2097,0.009915014164305949,0.10083869382813909,0.004714318460342365,0.5533307449810264,0.5940913322887572,0.2847738039415159,0.9081388785001572,0.06866975926854442,0.11544227886056972,0.8370814592703648,2000,0.1466192157355408,0.7262019374333759,0.25075300187743965,1.0,1.0,1.0
clause_signature_1gram_psalm,Wallfahrtslied,0,305,0.0,nan,nan,nan,nan,nan,nan,nan,nan,0.0004997501249375312,2000,nan,nan,nan,nan,0.0004997501249375312,0.002475252013466025
clause_signature_1gram_psalm,Weisheitsgedicht,55,3254,0.01662133575098217,0.020223750590292626,0.006071639565794108,0.05232399501471829,0.5144716991674583,0.3472339491289004,0.6779958908032291,0.3562282229286014,0.3743128435782109,0.9995002498750625,2000,0.7215905028553721,1.0,0.7582234523763759,1.0,1.0,1.0
clause_signature_1gram_psalm,Zionslied,15,1805,0.008241758241758242,0.021990147369490266,0.006692278745227621,0.0647347820676458,0.7371929824561404,0.4934962913883955,0.9184391487456885,0.0007671133654535357,0.006496751624187906,0.4122938530734633,2000,0.0025250814946178885,0.012506676320491175,0.026320173246709978,0.13036327270921066,1.0,1.0
clause_signature_1gram_psalm,prophetische Gerichtsrede,1,605,0.0016501650165016502,0.023255813953488372,nan,nan,0.9322314049586777,nan,nan,0.0677923504966293,0.061122244488977955,0.11344327836081959,2000,0.4951456069202817,1.0,0.49597632765531063,1.0,0.9798282676843396,1.0
clause_signature_1gram_psalm,"prophetische Schelt-, Droh- und Mahnrede",21,2088,0.00995732574679943,0.07663067443212519,0.002791118897086045,0.3619053707392492,0.5490900383141762,0.25611682029213606,0.9931095074656416,0.21915589782436617,0.23488255872063968,0.9775112443778111,2000,0.9901761234581943,1.0,0.9367588932806324,1.0,1.0,1.0
clause_signature_1gram_psalm,prophetische Tora,0,304,0.0,nan,nan,nan,nan,nan,nan,nan,nan,0.0004997501249375312,2000,nan,nan,nan,nan,0.0004997501249375312,0.002475252013466025
clause_signature_1gram_psalm,prophetisches Stück,28,2381,0.011623080116230802,0.023437667984873428,0.007428910854403548,0.17192640751767765,0.5636212275754485,0.2537188533842435,0.8555068780042194,0.12321887995847158,0.16091954022988506,0.9505247376311844,2000,0.9931819757463919,1.0,0.9828506799231963,1.0,1.0,1.0
clause_tab_1gram,Danklied Israels,6,1206,0.0049504950495049506,0.015108358234883136,0.0031708699230623707,0.052717922721205554,0.7625760088446656,0.43214559687687093,0.957794043228528,0.013175136397892253,0.022488755622188907,0.37181409295352325,2000,0.520417887716744,1.0,0.8883058470764619,1.0,1.0,1.0
clause_tab_1gram,Danklied des Einzelnen,276,6760,0.03922683342808414,0.03859049808409878,0.022420768870761734,0.07771752249690243,0.4759647543092359,0.40675794295948353,0.5758617579871921,0.9124118993642566,0.7416291854072964,1.0,2000,0.9642288226460473,1.0,0.7811827419623522,1.0,1.0,1.0
clause_tab_1gram,Fluch,1,608,0.0016420361247947454,0.0020964360587002098,nan,nan,0.21792763157894737,nan,nan,0.8362713799440783,0.8486973947895792,1.0,2000,0.9026111339737467,1.0,0.918453345046257,1.0,1.0,1.0
clause_tab_1gram,Hymnus,2850,17485,0.140152446520777,0.1168771479621924,0.08488323927642903,0.1669239853046267,0.4207581937399977,0.3905543072005302,0.4474670968233302,1.0,1.0,1.0,2000,1.0,1.0,1.0,1.0,1.0,1.0
clause_tab_1gram,Klagelied des Einzelnen,4095,19594,0.17286504284689097,0.18603276853952683,0.1352652934466173,0.2548073838695384,0.5263107317868979,0.47706003574786027,0.5597055812870134,5.652656978819296e-08,0.0944527736131934,0.999000499750125,2000,6.665073154130216e-08,3.301196922506299e-07,0.11479644792988121,0.5685844278932496,1.0,1.0
clause_tab_1gram,Klagelied des Volkes,406,8034,0.0481042654028436,0.047491358140865615,0.025629754517715757,0.07026822031415512,0.49380174283923867,0.4308456047440503,0.640031144723897,0.6635246188761297,0.5497251374312844,1.0,2000,0.9997895658449124,1.0,0.9448221094931988,1.0,1.0,1.0
clause_tab_1gram,Königspsalm,45,2964,0.014955134596211365,0.021760468505460255,0.008817060519951878,0.047299367002642256,0.5968660968660968,0.3932563788181306,0.7564947254426759,0.012754300221358835,0.059470264867566215,0.8450774612693653,2000,0.031487178671479626,0.1559553435122938,0.1505184907546227,0.7455149658057985,1.0,1.0
clause_tab_1gram,Liturgie,153,5161,0.028791870530673693,0.03770662581048496,0.020034494409944613,0.05974739516828938,0.6205287772927424,0.5379718819325245,0.7549131317980902,1.7989300185514513e-07,0.005497251374312844,0.7571214392803598,2000,4.737182382185488e-06,2.3463166179550483e-05,0.09718217814169837,0.48134131461862395,1.0,1.0
clause_tab_1gram,Mischgedicht,45,2879,0.015389876880984952,0.02711126980640359,0.010334717547882026,0.07171762089355792,0.638759600169812,0.4648017322391838,0.7854663914002319,0.0006896750356385242,0.01699150424787606,0.6876561719140429,2000,0.0016510402368316187,0.008177568081732305,0.04330093018007125,0.21446860994095945,1.0,1.0
clause_tab_1gram,Thronbesteigungslied,21,2097,0.009915014164305949,0.020320767702302164,0.005998929488517358,0.05561616449493221,0.6398028930217772,0.3998407476697445,0.8448821148192212,0.013634467026555387,0.050974512743628186,0.6861569215392304,2000,0.043084915803915026,0.2133986952119033,0.15247548639473366,0.7552079246602549,1.0,1.0
clause_tab_1gram,Wallfahrtslied,0,305,0.0,nan,nan,nan,nan,nan,nan,nan,nan,0.0004997501249375312,2000,nan,nan,nan,nan,0.0004997501249375312,0.002475252013466025
clause_tab_1gram,Weisheitsgedicht,55,3254,0.01662133575098217,0.036592414110548054,0.012415366987728145,0.25019582160917964,0.5382969212717215,0.4479186443245527,0.739544410720073,0.16467191533231962,0.2463768115942029,0.9910044977511244,2000,0.40653379097666403,1.0,0.6017748701406872,1.0,1.0,1.0
clause_tab_1gram,Zionslied,15,1805,0.008241758241758242,0.03041142837451681,0.008983315129559676,0.11107951368519195,0.8247276084949215,0.7066739821501535,0.9325360050628668,7.213813296184967e-06,0.0014992503748125937,0.2733633183408296,2000,9.498187506643539e-05,0.0004704432590794463,0.01316008662335499,0.06518163635460533,1.0,1.0
clause_tab_1gram,prophetische Gerichtsrede,1,605,0.0016501650165016502,0.00641025641025641,nan,nan,0.7454545454545455,nan,nan,0.1987706072020321,0.20791583166332667,0.40929535232383807,2000,0.4951456069202817,1.0,0.49773790004250934,1.0,0.9798282676843396,1.0
clause_tab_1gram,"prophetische Schelt-, Droh- und Mahnrede",21,2088,0.00995732574679943,0.027712514451472756,0.0063819338487626515,0.2781697593084469,0.5725688742930122,0.35642247683296974,0.7990288918327224,0.12593535637686176,0.1539230384807596,0.9265367316341829,2000,0.9901761234581943,1.0,0.9367588932806324,1.0,1.0,1.0
clause_tab_1gram,prophetische Tora,0,304,0.0,nan,nan,nan,nan,nan,nan,nan,nan,0.0004997501249375312,2000,nan,nan,nan,nan,0.0004997501249375312,0.002475252013466025
clause_tab_1gram,prophetisches Stück,28,2381,0.011623080116230802,0.009596005805698728,0.004231682801844993,0.019165319339623312,0.43039389212215756,0.3331260753425659,0.663492372808852,0.897662518699146,0.863568215892054,1.0,2000,0.9931819757463919,1.0,0.9828506799231963,1.0,1.0,1.0
clause_tab_1gram_psalm,Danklied Israels,6,1206,0.0049504950495049506,0.07701229769757688,0.004214893877950123,0.4541789594270299,0.804588170259812,0.4316555975529038,0.9335938755091058,0.004987257815095164,0.01699150424787606,0.3118440779610195,2000,0.393993367392518,1.0,0.8883058470764619,1.0,1.0,1.0
clause_tab_1gram_psalm,Danklied des Einzelnen,276,6760,0.03922683342808414,0.043729577429191514,0.02312200462394304,0.06065231800409203,0.5096188684503902,0.4248449069071559,0.5897433502355627,0.29371432572967865,0.34382808595702147,1.0,2000,0.42969318023415953,1.0,0.5297533051655989,1.0,1.0,1.0
clause_tab_1gram_psalm,Fluch,1,608,0.0016420361247947454,0.006024096385542169,nan,nan,0.7639802631578947,nan,nan,0.18129106467501993,0.2059118236472946,0.38780609695152424,2000,0.9026111339737467,1.0,0.8844142831116778,1.0,1.0,1.0
clause_tab_1gram_psalm,Hymnus,2850,17485,0.140152446520777,0.16497272531565338,0.09198461296693926,0.2767259142442522,0.4876514205158306,0.43446226063941673,0.6247326534533381,0.9828952433144529,0.7136431784107946,1.0,2000,1.0,1.0,1.0,1.0,1.0,1.0
clause_tab_1gram_psalm,Klagelied des Einzelnen,4095,19594,0.17286504284689097,0.20511356037739675,0.1355000619004544,0.2587493171644809,0.5491856107554791,0.5060963688844045,0.6063551110207219,1.77299344337829e-23,0.010994502748625687,0.9740129935032483,2000,2.8584996332017326e-23,1.4158089452121542e-22,0.01809511910711311,0.08962474998758233,1.0,1.0
clause_tab_1gram_psalm,Klagelied des Volkes,406,8034,0.0481042654028436,0.04756281898784187,0.01956572185441797,0.07453769910988156,0.49778036939068077,0.42634122737422986,0.5938538913944714,0.5600748798599544,0.4897551224387806,1.0,2000,0.9997895658449124,1.0,0.9448221094931988,1.0,1.0,1.0
clause_tab_1gram_psalm,Königspsalm,45,2964,0.014955134596211365,0.01657786621158279,0.004549949585528947,0.03715376961001848,0.49252511620932676,0.33991654446020153,0.6379626138756237,0.5684610124852064,0.4827586206896552,1.0,2000,0.9762699997028546,1.0,0.8290854572713644,1.0,1.0,1.0
clause_tab_1gram_psalm,Liturgie,153,5161,0.028791870530673693,0.026998789388569734,0.008093191052928168,0.04800643271725075,0.4917911232180013,0.39077024495868745,0.5920569805552351,0.6355668332904947,0.5352323838080959,1.0,2000,0.9999999999461058,1.0,0.999000499750125,1.0,1.0,1.0
clause_tab_1gram_psalm,Mischgedicht,45,2879,0.015389876880984952,0.01814620894342601,0.007458769319797346,0.04643638547429237,0.5414881710470456,0.39284834109946926,0.7114410317332007,0.16943186675620453,0.20939530234882558,0.9875062468765617,2000,0.2847897334838332,1.0,0.3519623167139834,1.0,1.0,1.0
clause_tab_1gram_psalm,Thronbesteigungslied,21,2097,0.009915014164305949,0.06283733381233358,0.004021100494589098,0.3662016578595313,0.6574698548947476,0.35185007913084076,0.8498418405950534,0.006446473290291097,0.03798100949525238,0.6381809095452274,2000,0.03822838388366126,0.18934439324334895,0.15247548639473366,0.7552079246602549,1.0,1.0
clause_tab_1gram_psalm,Wallfahrtslied,0,305,0.0,nan,nan,nan,nan,nan,nan,nan,nan,0.0004997501249375312,2000,nan,nan,nan,nan,0.0004997501249375312,0.002475252013466025
clause_tab_1gram_psalm,Weisheitsgedicht,55,3254,0.01662133575098217,0.015610418806402565,0.004500106694584335,0.030724935318496394,0.4421187908588032,0.3487433137326482,0.6180938888712804,0.9298201758942669,0.855072463768116,1.0,2000,0.9999998040278182,1.0,0.9995002498750625,1.0,1.0,1.0
clause_tab_1gram_psalm,Zionslied,15,1805,0.008241758241758242,0.012925682635266274,0.0023205880787167264,0.03207041158931628,0.6741828254847645,0.4186452592845633,0.8085985736298318,0.009996713241802235,0.02948525737131434,0.5987006496751625,2000,0.019261959661033574,0.0954040870729837,0.06295500898199548,0.3118148549936525,1.0,1.0
clause_tab_1gram_psalm,prophetische Gerichtsrede,1,605,0.0016501650165016502,0.0034129692832764505,nan,nan,0.5190082644628099,nan,nan,0.47492145960331,0.43537074148296595,1.0,2000,0.6340833131175253,1.0,0.6029225116900467,1.0,1.0,1.0
clause_tab_1gram_psalm,"prophetische Schelt-, Droh- und Mahnrede",21,2088,0.00995732574679943,0.0391833292897872,0.0031901799460927185,0.10496890456158985,0.6255701514322204,0.3271908932443752,0.740816451560648,0.02369329448991363,0.06296851574212893,0.7436281859070465,2000,0.4679425661757942,1.0,0.9367588932806324,1.0,1.0,1.0
clause_tab_1gram_psalm,prophetische Tora,0,304,0.0,nan,nan,nan,nan,nan,nan,nan,nan,0.0004997501249375312,2000,nan,nan,nan,nan,0.0004997501249375312,0.002475252013466025
clause_tab_1gram_psalm,prophetisches Stück,28,2381,0.011623080116230802,0.016993256881258658,0.0031741521805133135,0.0493445474699378,0.5506389872202556,0.3840841648563363,0.6828169565881989,0.17813071498344313,0.20339830084957522,0.9695152423788106,2000,0.9931819757463919,1.0,0.9828506799231963,1.0,1.0,1.0
clause_tab_transition_psalm,Danklied Israels,6,1206,0.0049504950495049506,0.008371658963036677,0.003539325797347064,0.021013241794136755,0.6265892758430072,0.4122470813888295,0.8659514940319007,0.14216623683045232,0.127936031984008,0.7271364317841079,2000,0.9803301302734929,1.0,0.992574225707659,1.0,1.0,1.0
clause_tab_transition_psalm,Danklied des Einzelnen,276,6760,0.03922683342808414,0.04843111220305022,0.03252644440421872,0.07214477315703342,0.5831039361975817,0.49573823816986334,0.6546306861551504,1.3811445673496258e-06,0.011494252873563218,0.88055972013993,2000,6.418260048271791e-06,3.178950902597403e-05,0.09057236087838434,0.44860302667581314,1.0,1.0
clause_tab_transition_psalm,Fluch,1,608,0.0016420361247947454,0.002777777777777778,nan,nan,0.45230263157894735,nan,nan,0.5666727879907835,0.5345691382765531,1.0,2000,0.9026111339737467,1.0,0.8844142831116778,1.0,1.0,1.0
clause_tab_transition_psalm,Hymnus,2850,17485,0.140152446520777,0.16743279995516333,0.10212899906030454,0.26254297788172326,0.507398190930572,0.45479246151219793,0.6010267180492567,0.10227074956985915,0.3313343328335832,1.0,2000,0.3512777920008206,1.0,1.0,1.0,1.0,1.0
clause_tab_transition_psalm,Klagelied des Einzelnen,4095,19594,0.17286504284689097,0.20892304905147127,0.14833624587598457,0.2748349059400001,0.5642992615790411,0.5074733037649665,0.6132529813230828,9.882647440911492e-39,0.0004997501249375312,0.927536231884058,2000,2.6921694752827856e-38,1.3334259626485262e-37,0.0017165330378289116,0.008501952567991999,1.0,1.0
clause_tab_transition_psalm,Klagelied des Volkes,406,8034,0.0481042654028436,0.04658320384033679,0.020202564729896216,0.06805334280130436,0.4978654450114109,0.45136175244090215,0.5578497254530663,0.5577890714018748,0.5137431284357821,1.0,2000,0.9997895658449124,1.0,0.9448221094931988,1.0,1.0,1.0
clause_tab_transition_psalm,Königspsalm,45,2964,0.014955134596211365,0.011099853590759268,0.003566867259173741,0.021428127885967124,0.36253186384765335,0.22804646209911922,0.47493803524423117,0.999238174620484,1.0,1.0,2000,0.999238174620484,1.0,1.0,1.0,1.0,1.0
clause_tab_transition_psalm,Liturgie,153,5161,0.028791870530673693,0.02387825368068362,0.010294502518138151,0.03804724581255904,0.41527393105404664,0.35193804595837763,0.48430583325739957,0.9998265328540823,0.9960019990004998,1.0,2000,0.9999999999461058,1.0,0.999000499750125,1.0,1.0,1.0
clause_tab_transition_psalm,Mischgedicht,45,2879,0.015389876880984952,0.02023689979097615,0.00834261009422411,0.044794108503857524,0.5547952607000888,0.4254718858652596,0.7344412820909888,0.10325511734087933,0.1619190404797601,0.9560219890054973,2000,0.1812700948873215,0.8978270238693911,0.28425787106446776,1.0,1.0,1.0
clause_tab_transition_psalm,Thronbesteigungslied,21,2097,0.009915014164305949,0.056204622493040646,0.0031637776025343883,0.5041781681860941,0.41460589958444033,0.19589324133419989,0.7721322871991689,0.9113076240841335,0.8985507246376812,1.0,2000,0.95005236669568,1.0,0.9218897044984001,1.0,1.0,1.0
clause_tab_transition_psalm,Wallfahrtslied,0,305,0.0,nan,nan,nan,nan,nan,nan,nan,nan,0.0004997501249375312,2000,nan,nan,nan,nan,0.0004997501249375312,0.002475252013466025
clause_tab_transition_psalm,Weisheitsgedicht,55,3254,0.01662133575098217,0.023400837420924324,0.007642106452112052,0.08697252282429281,0.5403391629882103,0.4091757569271781,0.7393722243109236,0.15209723169798856,0.22588705647176413,0.9785107446276862,2000,0.3876026227142289,1.0,0.5756476600409473,1.0,1.0,1.0
clause_tab_transition_psalm,Zionslied,15,1805,0.008241758241758242,0.013653160183569496,0.002524498684343458,0.08287583726423711,0.5594090489381348,0.26980664929200215,0.9651153731389701,0.2137843429071119,0.22338830584707647,0.9435282358820589,2000,0.3015886266011043,1.0,0.32517377674798964,1.0,1.0,1.0
clause_tab_transition_psalm,prophetische Gerichtsrede,1,605,0.0016501650165016502,0.07142857142857142,nan,nan,0.9818181818181818,nan,nan,0.0479987965180319,0.009519038076152305,0.02148925537231384,2000,0.4951456069202817,1.0,0.49597632765531063,1.0,0.9798282676843396,1.0
clause_tab_transition_psalm,"prophetische Schelt-, Droh- und Mahnrede",21,2088,0.00995732574679943,0.01910137339387616,0.0034062327750653564,0.11724456220778791,0.4486635650428754,0.20528118581402457,0.6710279005396359,0.7912902554596439,0.7361319340329835,1.0,2000,0.9901761234581943,1.0,0.9367588932806324,1.0,1.0,1.0
clause_tab_transition_psalm,prophetische Tora,0,304,0.0,nan,nan,nan,nan,nan,nan,nan,nan,0.0004997501249375312,2000,nan,nan,nan,nan,0.0004997501249375312,0.002475252013466025
clause_tab_transition_psalm,prophetisches Stück,28,2381,0.011623080116230802,0.017614010077718532,0.002868002886163193,0.07368618818722242,0.4745605087898242,0.25385883384670943,0.7028184534793482,0.6785528639101996,0.6211894052973513,1.0,2000,0.9931819757463919,1.0,0.9828506799231963,1.0,1.0,1.0
clause_tree_summary_psalm,Danklied Israels,6,1206,0.0049504950495049506,0.009416726086417212,0.00220690573984739,0.04131644346352757,0.6797954671088999,0.2574133364873585,0.9718608684326038,0.06415772318541682,0.09095452273863068,0.567216391804098,2000,0.9803301302734929,1.0,0.992574225707659,1.0,1.0,1.0
clause_tree_summary_psalm,Danklied des Einzelnen,276,6760,0.03922683342808414,0.04955460966852361,0.03099722425193426,0.07522577084031581,0.595744093559729,0.5302138208261948,0.6725616628683588,3.314360917363031e-08,0.004997501249375313,0.8275862068965517,2000,2.3803137497425407e-07,1.1789644679863909e-06,0.09057236087838434,0.44860302667581314,1.0,1.0
clause_tree_summary_psalm,Fluch,1,608,0.0016420361247947454,0.0020325203252032522,nan,nan,0.22861842105263158,nan,nan,0.8268967466155964,0.8196392785571143,1.0,2000,0.9026111339737467,1.0,0.9103206412825653,1.0,1.0,1.0
clause_tree_summary_psalm,Hymnus,2850,17485,0.140152446520777,0.162035370587914,0.09542893989898235,0.2486159354584546,0.49774450280691723,0.4403702068892576,0.6168952881500904,0.6505509981035662,0.5217391304347826,1.0,2000,1.0,1.0,1.0,1.0,1.0,1.0
clause_tree_summary_psalm,Klagelied des Einzelnen,4095,19594,0.17286504284689097,0.19870330378281814,0.13899530732136292,0.28518579058471505,0.5192703205972574,0.45561959753985265,0.5686285820987734,5.1128543821482233e-05,0.12593703148425786,0.9980009995002499,2000,5.770221374138709e-05,0.0002857978690103755,0.14630919834200548,0.7246664277070828,1.0,1.0
clause_tree_summary_psalm,Klagelied des Volkes,406,8034,0.0481042654028436,0.06123163551063171,0.035156337709783554,0.09376491010461195,0.5723993532413352,0.4985512949228577,0.7180496849749147,4.1089944137781994e-07,0.009995002498750625,0.8970514742628686,2000,1.0820351956282591e-05,5.359297903036525e-05,0.3948025987006497,1.0,1.0,1.0
clause_tree_summary_psalm,Königspsalm,45,2964,0.014955134596211365,0.0211647751235516,0.008624743884067745,0.0542943964466489,0.6137576848103163,0.44784900367102876,0.8530176632755503,0.004355787920127968,0.03248375812093953,0.7596201899050474,2000,0.01228954448893248,0.06086985920136164,0.09650730190460326,0.4779986666004391,1.0,1.0
clause_tree_summary_psalm,Liturgie,153,5161,0.028791870530673693,0.037158286361733,0.02042497665865761,0.060575581267487785,0.5573734886966477,0.4551272187019069,0.7542759340953203,0.007707453686398805,0.06496751624187906,0.9415292353823088,2000,0.01902777628829705,0.09424418168034612,0.19301460380920651,0.9559973332008782,1.0,1.0
clause_tree_summary_psalm,Mischgedicht,45,2879,0.015389876880984952,0.02078550270848769,0.00868084480470214,0.04218064214720709,0.5677936011732468,0.37770838983190025,0.6943502578281382,0.05904029254113751,0.11394302848575712,0.9105447276361819,2000,0.1110519788273777,0.550038150017898,0.2195487622042637,1.0,1.0,1.0
clause_tree_summary_psalm,Thronbesteigungslied,21,2097,0.009915014164305949,0.06103231073453888,0.004785328848050388,0.5091450400949322,0.6187069963893999,0.31113608296548595,0.9177888638066155,0.030427631072222443,0.06646676661669165,0.7436281859070465,2000,0.08012609515685243,0.39686288901470684,0.17502915209062134,0.8669157635162509,1.0,1.0
clause_tree_summary_psalm,Wallfahrtslied,0,305,0.0,nan,nan,nan,nan,nan,nan,nan,nan,0.0004997501249375312,2000,nan,nan,nan,nan,0.0004997501249375312,0.002475252013466025
clause_tree_summary_psalm,Weisheitsgedicht,55,3254,0.01662133575098217,0.017675861256234916,0.005188900376001553,0.03336275193912038,0.49585964128066157,0.41875917940441576,0.7165912666716331,0.5420250427388023,0.5007496251874063,1.0,2000,0.9999998040278182,1.0,0.9559862925680017,1.0,1.0,1.0
clause_tree_summary_psalm,Zionslied,15,1805,0.008241758241758242,0.013303146683275993,0.004978606474625286,0.03569373247326838,0.672927054478301,0.47123468514349404,0.8953992654661589,0.010452288997612625,0.034482758620689655,0.584207896051974,2000,0.01966025787646184,0.09737684988084089,0.06644238856181665,0.32908777379032444,1.0,1.0
clause_tree_summary_psalm,prophetische Gerichtsrede,1,605,0.0016501650165016502,0.00234192037470726,nan,nan,0.2975206611570248,nan,nan,0.7590967360348708,0.716933867735471,1.0,2000,0.7850406942987646,1.0,0.7866357715430863,1.0,1.0,1.0
clause_tree_summary_psalm,"prophetische Schelt-, Droh- und Mahnrede",21,2088,0.00995732574679943,0.03166624384746167,0.0033817946318268357,0.10513419950185982,0.6805327494982667,0.35150509649659717,0.913802497630105,0.002180427531417546,0.02048975512243878,0.5657171414292853,2000,0.06526833975331965,0.32327273436936815,0.5395635515575545,1.0,1.0,1.0
clause_tree_summary_psalm,prophetische Tora,0,304,0.0,nan,nan,nan,nan,nan,nan,nan,nan,0.0004997501249375312,2000,nan,nan,nan,nan,0.0004997501249375312,0.002475252013466025
clause_tree_summary_psalm,prophetisches Stück,28,2381,0.011623080116230802,0.022645168763430097,0.007736512228811718,0.13789020663495452,0.6612767744645107,0.5003345686843218,0.9725824504382677,0.0016498107119503934,0.015992003998001,0.6131934032983508,2000,0.07632105994318139,0.37801662844573614,0.9828506799231963,1.0,1.0,1.0
clause_typ_1_2_3gram,Danklied Israels,6,1206,0.0049504950495049506,0.007927367086075792,0.0028218815317510725,0.030885877864649063,0.5621890547263682,0.2661059832534545,0.9627483922178655,0.2995715579230733,0.27386306846576713,0.9565217391304348,2000,0.9803301302734929,1.0,0.992574225707659,1.0,1.0,1.0
clause_typ_1_2_3gram,Danklied des Einzelnen,276,6760,0.03922683342808414,0.03813929078779622,0.024473849167871955,0.058681206942169155,0.5023205021010205,0.4345678424886107,0.5714331030379414,0.44792268262934615,0.46676661669165415,1.0,2000,0.5616808242494975,1.0,0.5884438733014445,1.0,1.0,1.0
clause_typ_1_2_3gram,Fluch,1,608,0.0016420361247947454,0.002136752136752137,nan,nan,0.23355263157894737,nan,nan,0.8226708736474966,0.8281563126252505,1.0,2000,0.9026111339737467,1.0,0.9103206412825653,1.0,1.0,1.0
clause_typ_1_2_3gram,Hymnus,2850,17485,0.140152446520777,0.13499303590813075,0.10031917971413908,0.17848382272246785,0.4385286737002644,0.3905291338067643,0.504190880957595,1.0,0.9985007496251874,1.0,2000,1.0,1.0,1.0,1.0,1.0,1.0
clause_typ_1_2_3gram,Klagelied des Einzelnen,4095,19594,0.17286504284689097,0.20357530490232967,0.14221025382340338,0.2678935172625839,0.5592294892795046,0.5133942446806992,0.5899924006977122,3.4758905292337416e-33,0.0009995002498750624,0.9600199900049975,2000,7.627648661374045e-33,3.777958576686215e-32,0.003036943066928074,0.015041916081831998,1.0,1.0
clause_typ_1_2_3gram,Klagelied des Volkes,406,8034,0.0481042654028436,0.04762282049416458,0.027324513426338893,0.07015083770884378,0.511942624388222,0.4284378013217526,0.6749219788408328,0.20801914823951012,0.3563218390804598,1.0,2000,0.5135472722162906,1.0,0.8796695402298851,1.0,1.0,1.0
clause_typ_1_2_3gram,Königspsalm,45,2964,0.014955134596211365,0.041669682283840805,0.01304791525441855,0.1604808674125811,0.6693432298695456,0.526806082366852,0.8700824928732072,4.7118268838755394e-05,0.004997501249375313,0.5677161419290355,2000,0.0002189613669565692,0.0010845111134254726,0.022856992556353404,0.11321021051063032,1.0,1.0
clause_typ_1_2_3gram,Liturgie,153,5161,0.028791870530673693,0.03953934329372562,0.020560755359726506,0.06504462015538148,0.605197604456754,0.49791614535118284,0.7478321529806516,4.459464469963007e-06,0.0079960019990005,0.8105947026486756,2000,3.9144188125230844e-05,0.00019388035267541348,0.09718217814169837,0.48134131461862395,1.0,1.0
clause_typ_1_2_3gram,Mischgedicht,45,2879,0.015389876880984952,0.03261385589945059,0.014111014094075693,0.07506603102410035,0.6948747636139091,0.5466464219266334,0.8628902012829375,3.5171955401923e-06,0.001999000499750125,0.5027486256871564,2000,1.2629929439781441e-05,6.255577880978144e-05,0.007896051974012993,0.03910898181276319,1.0,1.0
clause_typ_1_2_3gram,Thronbesteigungslied,21,2097,0.009915014164305949,0.02275461670112266,0.004391833721853399,0.06566573674660194,0.677612008084111,0.41819385475515547,0.8903538507925485,0.002517715722494702,0.017491254372813594,0.5442278860569715,2000,0.03101308322856768,0.15360715860730842,0.15247548639473366,0.7552079246602549,1.0,1.0
clause_typ_1_2_3gram,Wallfahrtslied,0,305,0.0,nan,nan,nan,nan,nan,nan,nan,nan,0.0004997501249375312,2000,nan,nan,nan,nan,0.0004997501249375312,0.002475252013466025
clause_typ_1_2_3gram,Weisheitsgedicht,55,3254,0.01662133575098217,0.023832648562887256,0.008564912094777692,0.05457060989104491,0.6262669721182321,0.4519561411404703,0.7668466063645539,0.0006493524198992568,0.01899050474762619,0.7361319340329835,2000,0.005617772159789645,0.02782470910127511,0.15792103948025987,0.782179636255264,1.0,1.0
clause_typ_1_2_3gram,Zionslied,15,1805,0.008241758241758242,0.014562270341673327,0.007311235935815674,0.03201158023719144,0.7192797783933518,0.5948084368674195,0.8394585282850741,0.00170160865732938,0.009995002498750625,0.45177411294352826,2000,0.004800967283179323,0.023779091472482534,0.03158420789605198,0.1564359272510528,1.0,1.0
clause_typ_1_2_3gram,prophetische Gerichtsrede,1,605,0.0016501650165016502,0.015151515151515152,nan,nan,0.8942148760330578,nan,nan,0.08683580753294612,0.08216432865731463,0.15792103948025987,2000,0.4951456069202817,1.0,0.49597632765531063,1.0,0.9798282676843396,1.0
clause_typ_1_2_3gram,"prophetische Schelt-, Droh- und Mahnrede",21,2088,0.00995732574679943,0.03128005966942129,0.00475985961446655,0.5,0.37618591497901843,0.21674412931442177,0.74218392071545,0.9747846960712561,0.9705147426286856,1.0,2000,0.9901761234581943,1.0,0.9905047476261869,1.0,1.0,1.0
clause_typ_1_2_3gram,prophetische Tora,0,304,0.0,nan,nan,nan,nan,nan,nan,nan,nan,0.0004997501249375312,2000,nan,nan,nan,nan,0.0004997501249375312,0.002475252013466025
clause_typ_1_2_3gram,prophetisches Stück,28,2381,0.011623080116230802,0.01073099177783907,0.004498953974901653,0.021763589563810956,0.4731355372892542,0.3087452597930638,0.6964932944814557,0.6878926776180742,0.6446776611694153,1.0,2000,0.9931819757463919,1.0,0.9828506799231963,1.0,1.0,1.0
clause_typ_1_2_3gram_psalm,Danklied Israels,6,1206,0.0049504950495049506,0.005473527243778553,0.0015965980900548874,0.012203044130684983,0.5042841348811498,0.18632921897187604,0.7436117226856473,0.48577093494600426,0.4617691154422789,1.0,2000,0.9803301302734929,1.0,0.992574225707659,1.0,1.0,1.0
clause_typ_1_2_3gram_psalm,Danklied des Einzelnen,276,6760,0.03922683342808414,0.04629664360888902,0.03109216649212209,0.0671548487376726,0.5542540305291142,0.4689591118537561,0.6269723460820277,0.001104361364218339,0.08845577211394302,0.9675162418790605,2000,0.0030084326818361645,0.014900704735237013,0.23293353323338328,1.0,1.0,1.0
clause_typ_1_2_3gram_psalm,Fluch,1,608,0.0016420361247947454,0.005780346820809248,nan,nan,0.7713815789473685,nan,nan,0.17440960139217826,0.125751503006012,0.25087456271864067,2000,0.9026111339737467,1.0,0.8844142831116778,1.0,1.0,1.0
clause_typ_1_2_3gram_psalm,Hymnus,2850,17485,0.140152446520777,0.1669557799548252,0.09726425287589742,0.23676474525543847,0.5328223289135048,0.4615991456861481,0.6250271465793825,9.04527909003792e-09,0.07946026986506746,0.9985007496251874,2000,7.145770481129957e-08,3.539285312513721e-07,0.6711644177911044,1.0,1.0,1.0
clause_typ_1_2_3gram_psalm,Klagelied des Einzelnen,4095,19594,0.17286504284689097,0.23410189099816014,0.1538872651525907,0.293550910438404,0.5975155236153501,0.5501871114580718,0.6698970608094557,2.272118624361487e-86,0.0004997501249375312,0.8270864567716142,2000,1.9944152369395277e-85,9.878297342174692e-85,0.0017165330378289116,0.008501952567991999,1.0,1.0
clause_typ_1_2_3gram_psalm,Klagelied des Volkes,406,8034,0.0481042654028436,0.04841079072715544,0.017413047658011126,0.08015013850812407,0.4825032405380581,0.3005003460859659,0.5704454047428508,0.8832679942146977,0.6786606696651675,1.0,2000,0.9997895658449124,1.0,0.9448221094931988,1.0,1.0,1.0
clause_typ_1_2_3gram_psalm,Königspsalm,45,2964,0.014955134596211365,0.01089120942249698,0.00318443767848131,0.022261941893818415,0.3662318188633978,0.1748898706996992,0.4766104765836917,0.9989819150681486,0.9815092453773113,1.0,2000,0.999238174620484,1.0,0.9940926972411229,1.0,1.0,1.0
clause_typ_1_2_3gram_psalm,Liturgie,153,5161,0.028791870530673693,0.02378786632654608,0.008102476700794982,0.03952220940622607,0.4024863449222614,0.23482365963923926,0.49940634661847416,0.9999808451924235,0.984007996001999,1.0,2000,0.9999999999461058,1.0,0.999000499750125,1.0,1.0,1.0
clause_typ_1_2_3gram_psalm,Mischgedicht,45,2879,0.015389876880984952,0.014976135305827452,0.007649513625490706,0.029814416005577125,0.482432171664544,0.3569870808061552,0.6283466735840598,0.6573092435686955,0.6036981509245377,1.0,2000,0.6923657365590258,1.0,0.635895385640513,1.0,1.0,1.0
clause_typ_1_2_3gram_psalm,Thronbesteigungslied,21,2097,0.009915014164305949,0.05808845142517119,0.0031271956682079843,0.5038286775006179,0.4517791856847651,0.2040915488664299,0.8224386834921042,0.7769206480001205,0.7246376811594203,1.0,2000,0.876810445600136,1.0,0.8096233573354168,1.0,1.0,1.0
clause_typ_1_2_3gram_psalm,Wallfahrtslied,0,305,0.0,nan,nan,nan,nan,nan,nan,nan,nan,0.0004997501249375312,2000,nan,nan,nan,nan,0.0004997501249375312,0.002475252013466025
clause_typ_1_2_3gram_psalm,Weisheitsgedicht,55,3254,0.01662133575098217,0.010914674471221119,0.0033395207554640957,0.022243436951445785,0.30086047940995697,0.1538633980456385,0.4530326099339259,0.9999998040278182,0.9995002498750625,1.0,2000,0.9999998040278182,1.0,0.9995002498750625,1.0,1.0,1.0
clause_typ_1_2_3gram_psalm,Zionslied,15,1805,0.008241758241758242,0.018028950098089344,0.004145317418327257,0.22076687796843225,0.5258171745152355,0.27641160520922664,0.6823156048158111,0.3651772874271182,0.38630684657671166,1.0,2000,0.44383085702680514,1.0,0.4623975890842458,1.0,1.0,1.0
clause_typ_1_2_3gram_psalm,prophetische Gerichtsrede,1,605,0.0016501650165016502,0.003401360544217687,nan,nan,0.5198347107438016,nan,nan,0.47375757110880584,0.43887775551102204,1.0,2000,0.6340833131175253,1.0,0.6029225116900467,1.0,1.0,1.0
clause_typ_1_2_3gram_psalm,"prophetische Schelt-, Droh- und Mahnrede",21,2088,0.00995732574679943,0.026533846057981626,0.003231220735066707,0.1610020050594323,0.4896004378762999,0.16190367257915272,0.7462397261631931,0.565307453451245,0.5172413793103449,1.0,2000,0.9901761234581943,1.0,0.9367588932806324,1.0,1.0,1.0
clause_typ_1_2_3gram_psalm,prophetische Tora,0,304,0.0,nan,nan,nan,nan,nan,nan,nan,nan,0.0004997501249375312,2000,nan,nan,nan,nan,0.0004997501249375312,0.002475252013466025
clause_typ_1_2_3gram_psalm,prophetisches Stück,28,2381,0.011623080116230802,0.01975659435428271,0.004720031747595597,0.11298288706979304,0.5424941501169976,0.1784965025858566,0.7558705019944688,0.21940308424530935,0.26936531734132935,0.992503748125937,2000,0.9931819757463919,1.0,0.9828506799231963,1.0,1.0,1.0
clause_typ_1_2gram,Danklied Israels,6,1206,0.0049504950495049506,0.0078114570801290075,0.002782397679462672,0.030486000482936343,0.5572139303482587,0.27069732827460374,0.9639016371970055,0.3143576984139564,0.28385807096451776,0.967016491754123,2000,0.9803301302734929,1.0,0.992574225707659,1.0,1.0,1.0
clause_typ_1_2gram,Danklied des Einzelnen,276,6760,0.03922683342808414,0.03816380414066167,0.024880435260645192,0.05740062928692015,0.5056553361632793,0.4406892946285282,0.5729561852411437,0.37483736705497195,0.4332833583208396,1.0,2000,0.5019008813108946,1.0,0.58015907300587,1.0,1.0,1.0
clause_typ_1_2gram,Fluch,1,608,0.0016420361247947454,0.002136752136752137,nan,nan,0.23355263157894737,nan,nan,0.8226708736474966,0.8296593186372746,1.0,2000,0.9026111339737467,1.0,0.9103206412825653,1.0,1.0,1.0
clause_typ_1_2gram,Hymnus,2850,17485,0.140152446520777,0.13422943137219667,0.09955477595817792,0.18007532686361835,0.4399319215969578,0.39264286749598165,0.4975985808926693,1.0,0.9985007496251874,1.0,2000,1.0,1.0,1.0,1.0,1.0,1.0
clause_typ_1_2gram,Klagelied des Einzelnen,4095,19594,0.17286504284689097,0.20500631789934726,0.13972869894915488,0.26347446649963285,0.5596622922743164,0.5138680079404172,0.5931613569344786,1.212108677229518e-33,0.0004997501249375312,0.9615192403798101,2000,2.816370161797998e-33,1.3949423053225914e-32,0.0017165330378289116,0.008501952567991999,1.0,1.0
clause_typ_1_2gram,Klagelied des Volkes,406,8034,0.0481042654028436,0.04918963573772229,0.027846139659129538,0.07162313236597624,0.5213795801341834,0.43913365737724075,0.6881322835434344,0.07269700259079441,0.24887556221889057,0.999000499750125,2000,0.23929430019469825,1.0,0.78143686777301,1.0,1.0,1.0
clause_typ_1_2gram,Königspsalm,45,2964,0.014955134596211365,0.039954623427950045,0.013126812991706673,0.1654680859991685,0.662175738491528,0.5210295745244977,0.8603578078166547,9.212407132377274e-05,0.005497251374312844,0.5952023988005997,2000,0.0003830421912935814,0.0018972000364389935,0.022856992556353404,0.11321021051063032,1.0,1.0
clause_typ_1_2gram,Liturgie,153,5161,0.028791870530673693,0.039548395580329576,0.020508487759434837,0.06595149288102815,0.6021683490938196,0.4955167135094984,0.7493397300771563,8.01848713114228e-06,0.008995502248875561,0.8210894552723638,2000,4.8727729489249236e-05,0.00024134743447031386,0.09718217814169837,0.48134131461862395,1.0,1.0
clause_typ_1_2gram,Mischgedicht,45,2879,0.015389876880984952,0.031877243738156376,0.013902891030482388,0.07429273243318316,0.6881749064104048,0.5387771515921153,0.8584911575868573,7.1832562637679435e-06,0.0024987506246876563,0.5167416291854073,2000,2.467292368859424e-05,0.00012220447978061126,0.008972786334105675,0.044442024787230916,1.0,1.0
clause_typ_1_2gram,Thronbesteigungslied,21,2097,0.009915014164305949,0.023473637338126074,0.004451986144893434,0.06835292229367003,0.6760905602107319,0.4087420303790059,0.8940886494680007,0.002711833797933134,0.018490754622688656,0.5472263868065967,2000,0.03101308322856768,0.15360715860730842,0.15247548639473366,0.7552079246602549,1.0,1.0
clause_typ_1_2gram,Wallfahrtslied,0,305,0.0,nan,nan,nan,nan,nan,nan,nan,nan,0.0004997501249375312,2000,nan,nan,nan,nan,0.0004997501249375312,0.002475252013466025
clause_typ_1_2gram,Weisheitsgedicht,55,3254,0.01662133575098217,0.0236340244871181,0.008367593136595332,0.05409981779537202,0.6230876683243002,0.45029337873767417,0.7660017479015323,0.0008584479778943885,0.019490254872563718,0.7476261869065467,2000,0.005651449187804724,0.027991510723210267,0.15792103948025987,0.782179636255264,1.0,1.0
clause_typ_1_2gram,Zionslied,15,1805,0.008241758241758242,0.01400873167893861,0.007109542970361607,0.031062323074413117,0.7084579870729455,0.5819306243955965,0.833390025121883,0.002682955202454569,0.01199400299850075,0.47626186906546725,2000,0.006837208419158418,0.03386455162592347,0.036443316803136894,0.18050299298198397,1.0,1.0
clause_typ_1_2gram,prophetische Gerichtsrede,1,605,0.0016501650165016502,0.016129032258064516,nan,nan,0.9008264462809917,nan,nan,0.0832763395962528,0.07615230460921844,0.14442778610694654,2000,0.4951456069202817,1.0,0.49597632765531063,1.0,0.9798282676843396,1.0
clause_typ_1_2gram,"prophetische Schelt-, Droh- und Mahnrede",21,2088,0.00995732574679943,0.03131366972497398,0.004769275523590005,0.5,0.3768358876117497,0.21711704452922237,0.7474236237089191,0.9741741054908396,0.9695152423788106,1.0,2000,0.9901761234581943,1.0,0.9905047476261869,1.0,1.0,1.0
clause_typ_1_2gram,prophetische Tora,0,304,0.0,nan,nan,nan,nan,nan,nan,nan,nan,0.0004997501249375312,2000,nan,nan,nan,nan,0.0004997501249375312,0.002475252013466025
clause_typ_1_2gram,prophetisches Stück,28,2381,0.011623080116230802,0.010681533471507444,0.0045539123052226954,0.02155854597991607,0.47289554208915824,0.3097962408461637,0.6927874022008345,0.6894391019469915,0.6426786606696652,1.0,2000,0.9931819757463919,1.0,0.9828506799231963,1.0,1.0,1.0
clause_typ_1_2gram_psalm,Danklied Israels,6,1206,0.0049504950495049506,0.005186496912008451,0.0014871898262034324,0.011373935873214433,0.4412658927584301,0.14682133083108814,0.8014086465275782,0.690603465975345,0.6636681659170415,1.0,2000,0.9803301302734929,1.0,0.992574225707659,1.0,1.0,1.0
clause_typ_1_2gram_psalm,Danklied des Einzelnen,276,6760,0.03922683342808414,0.050635330681081274,0.028622504803076754,0.06977260904711127,0.5717919239344824,0.5021151217188545,0.6583922708922186,2.565719855393119e-05,0.03398300849575212,0.9320339830084957,2000,9.213266753457108e-05,0.00045633119321270693,0.12202989414383716,0.6044115371063403,1.0,1.0
clause_typ_1_2gram_psalm,Fluch,1,608,0.0016420361247947454,0.00558659217877095,nan,nan,0.740953947368421,nan,nan,0.2030602328343707,0.19188376753507014,0.3708145927036482,2000,0.9026111339737467,1.0,0.8844142831116778,1.0,1.0,1.0
clause_typ_1_2gram_psalm,Hymnus,2850,17485,0.140152446520777,0.16701255455544708,0.09592972142457457,0.26285921529283923,0.49919615309362914,0.44210331819503634,0.6053172850909972,0.5548196033810133,0.49375312343828087,1.0,2000,1.0,1.0,1.0,1.0,1.0,1.0
clause_typ_1_2gram_psalm,Klagelied des Einzelnen,4095,19594,0.17286504284689097,0.24192157516850854,0.16839138971621434,0.3007973051950365,0.6314505586731779,0.5774668845834013,0.7013978095646881,4.727610800600092e-155,0.0004997501249375312,0.6926536731634183,2000,1.2449375108246908e-153,6.166149694696703e-153,0.0017165330378289116,0.008501952567991999,1.0,1.0
clause_typ_1_2gram_psalm,Klagelied des Volkes,406,8034,0.0481042654028436,0.047846602584797934,0.016784718819755268,0.07888876603877536,0.4894052493650753,0.34728837803750773,0.564413754898061,0.7646908921237947,0.6016991504247876,1.0,2000,0.9997895658449124,1.0,0.9448221094931988,1.0,1.0,1.0
clause_typ_1_2gram_psalm,Königspsalm,45,2964,0.014955134596211365,0.012161020368554466,0.0039502922827127475,0.02431565174689416,0.4117933723196881,0.20045138851054867,0.5171707318885956,0.9790306704088506,0.9380309845077461,1.0,2000,0.999238174620484,1.0,0.9623954256637915,1.0,1.0,1.0
clause_typ_1_2gram_psalm,Liturgie,153,5161,0.028791870530673693,0.02277533141775753,0.008473002841348321,0.03799730397270046,0.4051470746536682,0.2854406855006211,0.48457934631600663,0.9999689969238365,0.9890054972513743,1.0,2000,0.9999999999461058,1.0,0.999000499750125,1.0,1.0,1.0
clause_typ_1_2gram_psalm,Mischgedicht,45,2879,0.015389876880984952,0.014973119570292851,0.006758364775835065,0.02734931107416175,0.47394156921770675,0.35547811464923473,0.6035802132252578,0.7260333299926183,0.663168415792104,1.0,2000,0.7546925403870637,1.0,0.6893461164154765,1.0,1.0,1.0
clause_typ_1_2gram_psalm,Thronbesteigungslied,21,2097,0.009915014164305949,0.11602763794165746,0.004050829453661308,0.7333333333333334,0.5524899516315825,0.24860648732573432,0.8948016964872724,0.20361491527481101,0.24387806096951525,0.9725137431284357,2000,0.3410120409557104,1.0,0.3788586475992773,1.0,1.0,1.0
clause_typ_1_2gram_psalm,Wallfahrtslied,0,305,0.0,nan,nan,nan,nan,nan,nan,nan,nan,0.0004997501249375312,2000,nan,nan,nan,nan,0.0004997501249375312,0.002475252013466025
clause_typ_1_2gram_psalm,Weisheitsgedicht,55,3254,0.01662133575098217,0.01301719825982752,0.0037130666734055524,0.02730701974645025,0.40648153321785774,0.22657630877361987,0.5594545668078668,0.9913957117544063,0.9565217391304348,1.0,2000,0.9999998040278182,1.0,0.9995002498750625,1.0,1.0,1.0
clause_typ_1_2gram_psalm,Zionslied,15,1805,0.008241758241758242,0.019404781075679604,0.004074824367129294,0.043495917116260926,0.7481994459833795,0.4871686918346105,0.8594424359811736,0.0004579535929203501,0.004997501249375313,0.3488255872063968,2000,0.001808916692035383,0.008959526892989919,0.026320173246709978,0.13036327270921066,1.0,1.0
clause_typ_1_2gram_psalm,prophetische Gerichtsrede,1,605,0.0016501650165016502,0.0034965034965034965,nan,nan,0.5305785123966942,nan,nan,0.45900977363841955,0.44589178356713427,0.9955022488755623,2000,0.6340833131175253,1.0,0.6029225116900467,1.0,1.0,1.0
clause_typ_1_2gram_psalm,"prophetische Schelt-, Droh- und Mahnrede",21,2088,0.00995732574679943,0.03336616502296413,0.002251064786221249,0.11122235128707775,0.5043787629994526,0.1335701074923013,0.6646614527359075,0.4725064007827357,0.4292853573213393,1.0,2000,0.9901761234581943,1.0,0.9367588932806324,1.0,1.0,1.0
clause_typ_1_2gram_psalm,prophetische Tora,0,304,0.0,nan,nan,nan,nan,nan,nan,nan,nan,0.0004997501249375312,2000,nan,nan,nan,nan,0.0004997501249375312,0.002475252013466025
clause_typ_1_2gram_psalm,prophetisches Stück,28,2381,0.011623080116230802,0.01803530957219201,0.0033241424739566656,0.07687068444878606,0.5636137277254455,0.12895434272603595,0.7647580125453488,0.12324643194656065,0.17841079460269865,0.9545227386306847,2000,0.9931819757463919,1.0,0.9828506799231963,1.0,1.0,1.0
clause_typ_1gram,Danklied Israels,6,1206,0.0049504950495049506,0.0073961400805339075,0.002726262777112702,0.02671666855791174,0.5439469320066335,0.28422272553232064,0.9594370041180381,0.3552159996865438,0.3288355822088955,0.9865067466266867,2000,0.9803301302734929,1.0,0.992574225707659,1.0,1.0,1.0
clause_typ_1gram,Danklied des Einzelnen,276,6760,0.03922683342808414,0.03874765035592572,0.02553049161815344,0.05782778468206756,0.5115237222365149,0.45783176268281256,0.5830195363300622,0.25779046064064215,0.3638180909545227,0.9995002498750625,2000,0.3953219531644558,1.0,0.5297533051655989,1.0,1.0,1.0
clause_typ_1gram,Fluch,1,608,0.0016420361247947454,0.002136752136752137,nan,nan,0.23684210526315788,nan,nan,0.8196942069523596,0.8186372745490982,1.0,2000,0.9026111339737467,1.0,0.9103206412825653,1.0,1.0,1.0
clause_typ_1gram,Hymnus,2850,17485,0.140152446520777,0.13562661534491632,0.09868639848295581,0.1920200614559071,0.44744610167110654,0.4016147851533463,0.4955198835153571,1.0,0.9960019990004998,1.0,2000,1.0,1.0,1.0,1.0,1.0,1.0
clause_typ_1gram,Klagelied des Einzelnen,4095,19594,0.17286504284689097,0.20858343804077747,0.13718950453345483,0.26026451746582835,0.5607376881338298,0.5132175095083883,0.6024058227218037,8.56034049315727e-35,0.0004997501249375312,0.9565217391304348,2000,2.049293633210377e-34,1.015010890176597e-33,0.0017165330378289116,0.008501952567991999,1.0,1.0
clause_typ_1gram,Klagelied des Volkes,406,8034,0.0481042654028436,0.05086719474255077,0.029125287253802288,0.07417930930314122,0.5224457079579276,0.4432697318940448,0.6853559008044212,0.06318168266646154,0.23638180909545228,0.999000499750125,2000,0.21701534481088966,1.0,0.78143686777301,1.0,1.0,1.0
clause_typ_1gram,Königspsalm,45,2964,0.014955134596211365,0.029433529230764192,0.010447372572695027,0.11898109841570727,0.6418728445044235,0.5013671640452976,0.8505294449201313,0.000534885613742062,0.01249375312343828,0.6671664167916042,2000,0.001690238539424916,0.008371716462246742,0.04486393167052837,0.22221012393615455,1.0,1.0
clause_typ_1gram,Liturgie,153,5161,0.028791870530673693,0.041445847335316456,0.021471245304143752,0.08525382122371415,0.5936162749023913,0.4905916158304236,0.748913517449239,3.861497438222029e-05,0.010994502748625687,0.8575712143928036,2000,0.000179446057423259,0.0008887926041058691,0.09718217814169837,0.48134131461862395,1.0,1.0
clause_typ_1gram,Mischgedicht,45,2879,0.015389876880984952,0.028347591273545084,0.013310676231269228,0.05971593418093046,0.6766276870827062,0.5337558054001925,0.845507001445704,2.330873333242854e-05,0.0024987506246876563,0.5602198900549725,2000,7.365559733047419e-05,0.0003648146473561933,0.008972786334105675,0.044442024787230916,1.0,1.0
clause_typ_1gram,Thronbesteigungslied,21,2097,0.009915014164305949,0.036039924165557284,0.0031600007358490267,0.21085136887112435,0.6758180620841565,0.4096607516557826,0.8995235747727748,0.002747994716455364,0.017491254372813594,0.5632183908045977,2000,0.03101308322856768,0.15360715860730842,0.15247548639473366,0.7552079246602549,1.0,1.0
clause_typ_1gram,Wallfahrtslied,0,305,0.0,nan,nan,nan,nan,nan,nan,nan,nan,0.0004997501249375312,2000,nan,nan,nan,nan,0.0004997501249375312,0.002475252013466025
clause_typ_1gram,Weisheitsgedicht,55,3254,0.01662133575098217,0.024422107815035277,0.0089761566383207,0.05297420554401438,0.629641839414427,0.4537446895603412,0.779309866867077,0.00047959319378795725,0.018490754622688656,0.7141429285357321,2000,0.005617772159789645,0.02782470910127511,0.15792103948025987,0.782179636255264,1.0,1.0
clause_typ_1gram,Zionslied,15,1805,0.008241758241758242,0.01600113404240174,0.0076246413071035316,0.03415449194052087,0.7379686057248385,0.6001907489485713,0.8624367733614263,0.0007404781363758634,0.0069965017491254375,0.424287856071964,2000,0.0025250814946178885,0.012506676320491175,0.026320173246709978,0.13036327270921066,1.0,1.0
clause_typ_1gram,prophetische Gerichtsrede,1,605,0.0016501650165016502,0.013513513513513514,nan,nan,0.8809917355371901,nan,nan,0.09429368940584115,0.10320641282565131,0.18940529735132433,2000,0.4951456069202817,1.0,0.49597632765531063,1.0,0.9798282676843396,1.0
clause_typ_1gram,"prophetische Schelt-, Droh- und Mahnrede",21,2088,0.00995732574679943,0.023388273180339404,0.004080311472020772,0.2526452349070853,0.37709815727057105,0.2187136407729378,0.7242609554116723,0.9739242505231887,0.9710144927536232,1.0,2000,0.9901761234581943,1.0,0.9905047476261869,1.0,1.0,1.0
clause_typ_1gram,prophetische Tora,0,304,0.0,nan,nan,nan,nan,nan,nan,nan,nan,0.0004997501249375312,2000,nan,nan,nan,nan,0.0004997501249375312,0.002475252013466025
clause_typ_1gram,prophetisches Stück,28,2381,0.011623080116230802,0.011128372141536811,0.004606475879111737,0.022137422493959776,0.4868002639947201,0.3081231228794803,0.7151399839229752,0.5951344083320437,0.559720139930035,1.0,2000,0.9931819757463919,1.0,0.9828506799231963,1.0,1.0,1.0
clause_typ_1gram_psalm,Danklied Israels,6,1206,0.0049504950495049506,0.004216094132047923,0.0017288843412909304,0.00923977951725219,0.34383637368711994,0.0875210663668626,0.6326193769027735,0.9069118301753487,0.9315342328835582,1.0,2000,0.9803301302734929,1.0,0.992574225707659,1.0,1.0,1.0
clause_typ_1gram_psalm,Danklied des Einzelnen,276,6760,0.03922683342808414,0.04721049102259512,0.028352041262664444,0.06878569018298131,0.5417374153160106,0.4689791639545983,0.6353977635069645,0.009278368892712198,0.127936031984008,0.9855072463768116,2000,0.022211852803765565,0.11001484668403871,0.2898979081887627,1.0,1.0,1.0
clause_typ_1gram_psalm,Fluch,1,608,0.0016420361247947454,0.00546448087431694,nan,nan,0.7360197368421053,nan,nan,0.20789639828427336,0.2099198396793587,0.41179410294852575,2000,0.9026111339737467,1.0,0.8844142831116778,1.0,1.0,1.0
clause_typ_1gram_psalm,Hymnus,2850,17485,0.140152446520777,0.16656138334091553,0.09671214596877432,0.28368939802875753,0.4816047639831635,0.44111532898749245,0.6016795460927445,0.9991962037074702,0.7991004497751124,1.0,2000,1.0,1.0,1.0,1.0,1.0,1.0
clause_typ_1gram_psalm,Klagelied des Einzelnen,4095,19594,0.17286504284689097,0.23487469052517948,0.17251122252891116,0.30376555924502746,0.6285378656818894,0.5772860192634429,0.6810668481754385,2.326223669717579e-148,0.0004997501249375312,0.7021489255372314,2000,4.5942917476922186e-147,2.275543182774994e-146,0.0017165330378289116,0.008501952567991999,1.0,1.0
clause_typ_1gram_psalm,Klagelied des Volkes,406,8034,0.0481042654028436,0.048484558150744234,0.020542838002547352,0.07557833840838424,0.5051074497425351,0.42538133433149666,0.5725013668180527,0.36399970818838256,0.40679660169915044,1.0,2000,0.8457640278494772,1.0,0.9448221094931988,1.0,1.0,1.0
clause_typ_1gram_psalm,Königspsalm,45,2964,0.014955134596211365,0.019998834151122115,0.005954817640554003,0.09030060786062975,0.47382666066876594,0.33627962155439095,0.6658631477891216,0.7269598311688187,0.6356821589205397,1.0,2000,0.9788990707729978,1.0,0.8648644427786107,1.0,1.0,1.0
clause_typ_1gram_psalm,Liturgie,153,5161,0.028791870530673693,0.027311799017402168,0.010789138661732997,0.042711500277765345,0.464184627542162,0.3774171157214696,0.5666605776286341,0.9347681511424005,0.8210894552723638,1.0,2000,0.9999999999461058,1.0,0.999000499750125,1.0,1.0,1.0
clause_typ_1gram_psalm,Mischgedicht,45,2879,0.015389876880984952,0.015410214672852161,0.00732301018728335,0.03018969519639588,0.490969086488364,0.3646292554273773,0.6283481981919465,0.5825006607804469,0.5602198900549725,1.0,2000,0.6481345380514832,1.0,0.614685712699206,1.0,1.0,1.0
clause_typ_1gram_psalm,Thronbesteigungslied,21,2097,0.009915014164305949,0.17664065976566418,0.0057921411910211405,1.0,0.6370779117560234,0.35344141955670616,0.9545602216520306,0.01520660717398798,0.04147926036981509,0.6771614192903548,2000,0.046204691028655785,0.2288508772550119,0.15247548639473366,0.7552079246602549,1.0,1.0
clause_typ_1gram_psalm,Wallfahrtslied,0,305,0.0,nan,nan,nan,nan,nan,nan,nan,nan,0.0004997501249375312,2000,nan,nan,nan,nan,0.0004997501249375312,0.002475252013466025
clause_typ_1gram_psalm,Weisheitsgedicht,55,3254,0.01662133575098217,0.01744238039885789,0.005320596853576007,0.03711199595495793,0.5061742191428731,0.33183964298233715,0.685393349271663,0.43754285210522365,0.4407796101949025,1.0,2000,0.8641471329078168,1.0,0.8705397301349326,1.0,1.0,1.0
clause_typ_1gram_psalm,Zionslied,15,1805,0.008241758241758242,0.02129455194573343,0.006653470269518453,0.05453230448702295,0.7626777469990766,0.5720746467361336,0.894005574435326,0.00022525427544798805,0.0034982508745627187,0.36281859070464767,2000,0.0012710776971707899,0.0062956214960167055,0.02303015159087123,0.11406786362055932,1.0,1.0
clause_typ_1gram_psalm,prophetische Gerichtsrede,1,605,0.0016501650165016502,0.010309278350515464,nan,nan,0.8429752066115702,nan,nan,0.11825793444971067,0.12224448897795591,0.23288355822088955,2000,0.4951456069202817,1.0,0.49597632765531063,1.0,0.9798282676843396,1.0
clause_typ_1gram_psalm,"prophetische Schelt-, Droh- und Mahnrede",21,2088,0.00995732574679943,0.047609297857886645,0.0031894854522161475,0.13586744657833108,0.5902891808064222,0.3415683906236557,0.9034020559319208,0.07697611879502884,0.1089455272363818,0.8535732133933034,2000,0.9901761234581943,1.0,0.9367588932806324,1.0,1.0,1.0
clause_typ_1gram_psalm,prophetische Tora,0,304,0.0,nan,nan,nan,nan,nan,nan,nan,nan,0.0004997501249375312,2000,nan,nan,nan,nan,0.0004997501249375312,0.002475252013466025
clause_typ_1gram_psalm,prophetisches Stück,28,2381,0.011623080116230802,0.024920585847830468,0.005679741545493482,0.14158421599989648,0.5707160856782865,0.2760902212665491,0.820890524950401,0.09881734677134757,0.13943028485757122,0.920039980009995,2000,0.9931819757463919,1.0,0.9828506799231963,1.0,1.0,1.0
phrase_complexity_core,Danklied Israels,6,1206,0.0049504950495049506,0.005778183023201841,0.0028381166721306293,0.01744716265629354,0.5023493642896628,0.3398734874120725,0.9239275563565956,0.49230376532775855,0.42528735632183906,1.0,2000,0.9803301302734929,1.0,0.992574225707659,1.0,1.0,1.0
phrase_complexity_core,Danklied des Einzelnen,276,6760,0.03922683342808414,0.0376370523991356,0.024260039860620728,0.05665038091101432,0.47100993696938515,0.41688542517774346,0.5447405898620342,0.9489992160506381,0.7786106946526736,1.0,2000,0.9705026609145458,1.0,0.799859810354563,1.0,1.0,1.0
phrase_complexity_core,Fluch,1,608,0.0016420361247947454,0.0028735632183908046,nan,nan,0.4309210526315789,nan,nan,0.5955125162264077,0.5531062124248497,1.0,2000,0.9026111339737467,1.0,0.8844142831116778,1.0,1.0,1.0
phrase_complexity_core,Hymnus,2850,17485,0.140152446520777,0.1188532450166775,0.08935000709768513,0.16096437635074262,0.4178480201074605,0.3979813978063402,0.47329403850210433,1.0,1.0,1.0,2000,1.0,1.0,1.0,1.0,1.0,1.0
phrase_complexity_core,Klagelied des Einzelnen,4095,19594,0.17286504284689097,0.20910577184099027,0.15198845916719622,0.2830504758375435,0.5772151039732952,0.5302789390484202,0.6163202865684806,6.120703764315241e-55,0.0009995002498750624,0.9050474762618691,2000,2.3025504637185904e-54,1.140448473552457e-53,0.003036943066928074,0.015041916081831998,1.0,1.0
phrase_complexity_core,Klagelied des Volkes,406,8034,0.0481042654028436,0.05873883882833073,0.0301401530749223,0.08589685767904683,0.596354961855464,0.5197919416960397,0.6898533724542423,2.6653841096949074e-11,0.004497751124437781,0.847576211894053,2000,2.105653446658977e-09,1.042925788994212e-08,0.35532233883058467,1.0,1.0,1.0
phrase_complexity_core,Königspsalm,45,2964,0.014955134596211365,0.025857009305711012,0.00881288245014623,0.06095671444569057,0.6432523616734143,0.5233525420146135,0.7829790494035348,0.0004778328862230357,0.015492253873063468,0.6981509245377311,2000,0.0015728665838174924,0.007790375598193861,0.04895552223888056,0.24247568723913182,1.0,1.0
phrase_complexity_core,Liturgie,153,5161,0.028791870530673693,0.03080938584709654,0.015725074862248358,0.047642578950016244,0.5470478057527991,0.4579444456753646,0.7032471863272682,0.02348977701933189,0.12093953023488256,0.9770114942528736,2000,0.05623310256143089,0.2785213917775852,0.28952190571380976,1.0,1.0,1.0
phrase_complexity_core,Mischgedicht,45,2879,0.015389876880984952,0.024547891062639177,0.010154820458487585,0.06262188007309312,0.631766431245417,0.45143804253124836,0.8084377450801704,0.001191900188312017,0.02498750624687656,0.7271364317841079,2000,0.0026902889964756957,0.013324945653919248,0.058059205691272014,0.28756604274090586,1.0,1.0
phrase_complexity_core,Thronbesteigungslied,21,2097,0.009915014164305949,0.010867980083041066,0.0035318341933403266,0.03315514793483254,0.44796421191270974,0.34703878298474156,0.8394755610466204,0.7944395618874631,0.7276361819090454,1.0,2000,0.8839538787198534,1.0,0.8096233573354168,1.0,1.0,1.0
phrase_complexity_core,Wallfahrtslied,0,305,0.0,nan,nan,nan,nan,nan,nan,nan,nan,0.0004997501249375312,2000,nan,nan,nan,nan,0.0004997501249375312,0.002475252013466025
phrase_complexity_core,Weisheitsgedicht,55,3254,0.01662133575098217,0.018917113946209596,0.007037351007707773,0.048377013851205034,0.5306811197407386,0.4009019982737206,0.7521122611155177,0.21727039312021723,0.27436281859070466,0.9940029985007496,2000,0.5048341487205048,1.0,0.6374900784901668,1.0,1.0,1.0
phrase_complexity_core,Zionslied,15,1805,0.008241758241758242,0.014487770524617239,0.003490339873524017,0.058660636626756676,0.6859279778393352,0.35703450645785334,0.9456906262729355,0.00650936140926224,0.033483258370814596,0.5707146426786607,2000,0.015124692686226971,0.07491228947530099,0.06644238856181665,0.32908777379032444,1.0,1.0
phrase_complexity_core,prophetische Gerichtsrede,1,605,0.0016501650165016502,0.0021645021645021645,nan,nan,0.2396694214876033,nan,nan,0.8167861977988106,0.8291583166332666,1.0,2000,0.8272578157193081,1.0,0.8397885514618981,1.0,1.0,1.0
phrase_complexity_core,"prophetische Schelt-, Droh- und Mahnrede",21,2088,0.00995732574679943,0.0137879500428772,0.004048425221059064,0.054462356895379746,0.5513136288998358,0.2625597808510234,0.8410950555380722,0.20892957974799514,0.22688655672163918,0.9730134932533733,2000,0.9901761234581943,1.0,0.9367588932806324,1.0,1.0,1.0
phrase_complexity_core,prophetische Tora,0,304,0.0,nan,nan,nan,nan,nan,nan,nan,nan,0.0004997501249375312,2000,nan,nan,nan,nan,0.0004997501249375312,0.002475252013466025
phrase_complexity_core,prophetisches Stück,28,2381,0.011623080116230802,0.010800821518365391,0.004068279399151828,0.029354820185656702,0.44881352372952543,0.35599575867404337,0.8320393671265249,0.8245224144761385,0.7641179410294853,1.0,2000,0.9931819757463919,1.0,0.9828506799231963,1.0,1.0,1.0
phrase_complexity_core_psalm,Danklied Israels,6,1206,0.0049504950495049506,0.004332973449638237,0.0018140735665396425,0.00869270136808476,0.36864289662797123,0.15300321473839298,0.6651747069660262,0.8669498620205225,0.8905547226386806,1.0,2000,0.9803301302734929,1.0,0.992574225707659,1.0,1.0,1.0
phrase_complexity_core_psalm,Danklied des Einzelnen,276,6760,0.03922683342808414,0.04829875670385817,0.027488341221280632,0.06781165046285398,0.5618908648486408,0.48123788949308266,0.6480801608179123,0.0002404726924765341,0.04847576211894053,0.9470264867566217,2000,0.0007598937082258479,0.003763737791043694,0.15318340829585209,0.758714247167606,1.0,1.0
phrase_complexity_core_psalm,Fluch,1,608,0.0016420361247947454,0.004291845493562232,nan,nan,0.6554276315789473,nan,nan,0.2963492882312043,0.29909819639278556,0.6361819090454772,2000,0.9026111339737467,1.0,0.8844142831116778,1.0,1.0,1.0
phrase_complexity_core_psalm,Hymnus,2850,17485,0.140152446520777,0.17190253243594528,0.09759749744622331,0.27252473245650566,0.5139662266905468,0.4561503164484277,0.6193059852431233,0.008309785728335963,0.2383808095952024,1.0,2000,0.03282365362692705,0.16257487627345452,0.9810844577711144,1.0,1.0,1.0
phrase_complexity_core_psalm,Klagelied des Einzelnen,4095,19594,0.17286504284689097,0.20542903730707698,0.1447001566377769,0.26609273868349487,0.5570931920426664,0.4963341619293844,0.6136848642418778,5.8544849252984655e-31,0.00399800099950025,0.960519740129935,2000,1.156260772746447e-30,5.726935648470682e-30,0.00809851484514153,0.04011177621821866,1.0,1.0
phrase_complexity_core_psalm,Klagelied des Volkes,406,8034,0.0481042654028436,0.04834872636991012,0.016461539254580167,0.08434497449778933,0.5179908112198035,0.42943230862874066,0.5954479292930275,0.11026923242788988,0.26936531734132935,1.0,2000,0.2954840115624599,1.0,0.78143686777301,1.0,1.0,1.0
phrase_complexity_core_psalm,Königspsalm,45,2964,0.014955134596211365,0.015646941553148018,0.0031568889786502755,0.037258354834961316,0.5024066576698155,0.3545019543633215,0.6258968146198186,0.47790542164129385,0.440279860069965,1.0,2000,0.8699323355806104,1.0,0.808886254547145,1.0,1.0,1.0
phrase_complexity_core_psalm,Liturgie,153,5161,0.028791870530673693,0.025327131993204726,0.009105625676178335,0.04350079624064867,0.46048480749917997,0.3830808997618361,0.544194566385699,0.952391375288854,0.8385807096451774,1.0,2000,0.9999999999461058,1.0,0.999000499750125,1.0,1.0,1.0
phrase_complexity_core_psalm,Mischgedicht,45,2879,0.015389876880984952,0.018497566906151584,0.008235318585448148,0.04481482379259974,0.528609470881093,0.4194103566470705,0.7268053210385622,0.25478792583431253,0.2848575712143928,0.9985007496251874,2000,0.4025649228182138,1.0,0.46882808595702147,1.0,1.0,1.0
phrase_complexity_core_psalm,Thronbesteigungslied,21,2097,0.009915014164305949,0.05643635555326202,0.0030938227477591163,0.5027674774190222,0.4035016009264936,0.19428101261050745,0.852487507399213,0.9362613765874801,0.9265367316341829,1.0,2000,0.9521499270695216,1.0,0.938415407680775,1.0,1.0,1.0
phrase_complexity_core_psalm,Wallfahrtslied,0,305,0.0,nan,nan,nan,nan,nan,nan,nan,nan,0.0004997501249375312,2000,nan,nan,nan,nan,0.0004997501249375312,0.002475252013466025
phrase_complexity_core_psalm,Weisheitsgedicht,55,3254,0.01662133575098217,0.022237476122832535,0.005591719877061066,0.08394821334037958,0.47111247695144437,0.3407805175491653,0.7052087595536422,0.7691076740505348,0.6521739130434783,1.0,2000,0.9999998040278182,1.0,0.9995002498750625,1.0,1.0,1.0
phrase_complexity_core_psalm,Zionslied,15,1805,0.008241758241758242,0.014496103045505181,0.0021623480797897257,0.05900580361759951,0.6809418282548476,0.23919339644464097,0.951199567011678,0.007829412039603028,0.033483258370814596,0.5647176411794103,2000,0.016716852733206465,0.08279822519675535,0.06644238856181665,0.32908777379032444,1.0,1.0
phrase_complexity_core_psalm,prophetische Gerichtsrede,1,605,0.0016501650165016502,0.0018484288354898336,nan,nan,0.10909090909090909,nan,nan,0.912350172817165,0.9589178356713427,1.0,2000,0.912350172817165,1.0,0.9589178356713427,1.0,1.0,1.0
phrase_complexity_core_psalm,"prophetische Schelt-, Droh- und Mahnrede",21,2088,0.00995732574679943,0.021190764895305525,0.003318934646061322,0.1715263058184299,0.4801131180441525,0.19074381547871544,0.7252128505361392,0.6233290577852068,0.5472263868065967,1.0,2000,0.9901761234581943,1.0,0.9367588932806324,1.0,1.0,1.0
phrase_complexity_core_psalm,prophetische Tora,0,304,0.0,nan,nan,nan,nan,nan,nan,nan,nan,0.0004997501249375312,2000,nan,nan,nan,nan,0.0004997501249375312,0.002475252013466025
phrase_complexity_core_psalm,prophetisches Stück,28,2381,0.011623080116230802,0.0220031882643614,0.004217370152023286,0.1210502715810638,0.6585693286134278,0.3504148504224285,0.8202895037564413,0.0019321787327387695,0.02798600699650175,0.6266866566716641,2000,0.07632105994318139,0.37801662844573614,0.9828506799231963,1.0,1.0,1.0
phrase_det_1_2_3gram,Danklied Israels,6,1206,0.0049504950495049506,0.007138689332627332,0.002992919354797019,0.014988570338789116,0.5717247097844113,0.21546178368514124,0.8273834755151939,0.27217065324356676,0.2538730634682659,0.9395302348825587,2000,0.9803301302734929,1.0,0.992574225707659,1.0,1.0,1.0
phrase_det_1_2_3gram,Danklied des Einzelnen,276,6760,0.03922683342808414,0.042079537279134195,0.024411873302974604,0.07402213994067702,0.5229708001029071,0.42288403194099405,0.6398032509634852,0.09754388496534061,0.26436781609195403,0.9995002498750625,2000,0.18347540267290258,0.9087498676350714,0.49726327312534213,1.0,1.0,1.0
phrase_det_1_2_3gram,Fluch,1,608,0.0016420361247947454,0.002386634844868735,nan,nan,0.3125,nan,nan,0.7425729296009125,0.7459919839679359,1.0,2000,0.9026111339737467,1.0,0.9103206412825653,1.0,1.0,1.0
phrase_det_1_2_3gram,Hymnus,2850,17485,0.140152446520777,0.11217567953615078,0.08379189736128784,0.14855092126250272,0.4050511867314841,0.3627193092479619,0.4736343098961963,1.0,1.0,1.0,2000,1.0,1.0,1.0,1.0,1.0,1.0
phrase_det_1_2_3gram,Klagelied des Einzelnen,4095,19594,0.17286504284689097,0.20084566803233334,0.1417671508849494,0.2788720956571029,0.5456866265532183,0.4833911457192766,0.5813253210509277,1.6222696294947983e-20,0.026486756621689155,0.9845077461269365,2000,2.2885589416087335e-20,1.133518501643354e-19,0.03736524594845435,0.18506928893539726,1.0,1.0
phrase_det_1_2_3gram,Klagelied des Volkes,406,8034,0.0481042654028436,0.04815507773428128,0.029163266292806866,0.07112351789521267,0.5210500079097334,0.4275263068999224,0.6589907476369584,0.07586974970057409,0.2768615692153923,1.0,2000,0.23974840905381412,1.0,0.78143686777301,1.0,1.0,1.0
phrase_det_1_2_3gram,Königspsalm,45,2964,0.014955134596211365,0.02327990395486052,0.009372793258436166,0.09605371909769338,0.646011396011396,0.5196964095593365,0.8458500148507697,0.00038011120851548746,0.014992503748125937,0.6426786606696652,2000,0.001305599368379283,0.006466606618186943,0.04895552223888056,0.24247568723913182,1.0,1.0
phrase_det_1_2_3gram,Liturgie,153,5161,0.028791870530673693,0.038518913378773216,0.022186766893659147,0.06834911986999274,0.5874475864103957,0.49155403525853325,0.7706718730470984,0.00011111999721498496,0.029985007496251874,0.8865567216391804,2000,0.0004620252515780954,0.002288401497415896,0.1128007424858999,0.5586997401823315,1.0,1.0
phrase_det_1_2_3gram,Mischgedicht,45,2879,0.015389876880984952,0.03259713409989318,0.016428237838558273,0.07218482776704253,0.74936899386361,0.6513650629264309,0.8565055805310845,4.4892674900996256e-09,0.0004997501249375312,0.3568215892053973,2000,3.588866256634385e-08,1.777558020401687e-07,0.0024675162418790605,0.0122215568164885,1.0,1.0
phrase_det_1_2_3gram,Thronbesteigungslied,21,2097,0.009915014164305949,0.011277333638281845,0.004497516829432347,0.026821923082207606,0.551695165429071,0.3459046665642954,0.8590585521166519,0.20719718944144433,0.24287856071964017,0.9790104947526237,2000,0.3410120409557104,1.0,0.3788586475992773,1.0,1.0,1.0
phrase_det_1_2_3gram,Wallfahrtslied,0,305,0.0,nan,nan,nan,nan,nan,nan,nan,nan,0.0004997501249375312,2000,nan,nan,nan,nan,0.0004997501249375312,0.002475252013466025
phrase_det_1_2_3gram,Weisheitsgedicht,55,3254,0.01662133575098217,0.05769795515101594,0.015136335508136386,0.15580517263124063,0.7621500810191653,0.5932784918371031,0.8969734670996838,1.2154889463027799e-11,0.0004997501249375312,0.3293353323338331,2000,9.60236267579196e-10,4.756030336211741e-09,0.03948025987006497,0.195544909063816,1.0,1.0
phrase_det_1_2_3gram,Zionslied,15,1805,0.008241758241758242,0.020153017197976394,0.007284798139312405,0.3366377713802221,0.7141828254847645,0.4874297910973065,0.9187834145967805,0.002113762509405147,0.017991004497751123,0.4352823588205897,2000,0.005758180629069193,0.02852014934020517,0.04426574591492133,0.21924732228367247,1.0,1.0
phrase_det_1_2_3gram,prophetische Gerichtsrede,1,605,0.0016501650165016502,0.004149377593360996,nan,nan,0.6049586776859505,nan,nan,0.3593749024904512,0.3527054108216433,0.8175912043978011,2000,0.6309026065943476,1.0,0.6029225116900467,1.0,1.0,1.0
phrase_det_1_2_3gram,"prophetische Schelt-, Droh- und Mahnrede",21,2088,0.00995732574679943,0.016202545808465047,0.003990321022194117,0.27658612878797756,0.42608556832694766,0.2994605988152353,0.9986193222429743,0.8784760345532903,0.8325837081459271,1.0,2000,0.9901761234581943,1.0,0.9595419681463616,1.0,1.0,1.0
phrase_det_1_2_3gram,prophetische Tora,0,304,0.0,nan,nan,nan,nan,nan,nan,nan,nan,0.0004997501249375312,2000,nan,nan,nan,nan,0.0004997501249375312,0.002475252013466025
phrase_det_1_2_3gram,prophetisches Stück,28,2381,0.011623080116230802,0.010303124148146828,0.004395082650830906,0.022868825386871124,0.4397087058258835,0.3015230310477925,0.8684492513944598,0.8640341583184019,0.8050974512743628,1.0,2000,0.9931819757463919,1.0,0.9828506799231963,1.0,1.0,1.0
phrase_det_1_2_3gram_psalm,Danklied Israels,6,1206,0.0049504950495049506,0.004796028191848179,0.0018496054306818954,0.01112954029027564,0.4035378662244334,0.07045848417399671,0.7644265247804406,0.7929761683971892,0.7961019490254873,1.0,2000,0.9803301302734929,1.0,0.992574225707659,1.0,1.0,1.0
phrase_det_1_2_3gram_psalm,Danklied des Einzelnen,276,6760,0.03922683342808414,0.05040014476999959,0.03187322001687081,0.06872423210668942,0.5941852113883886,0.5167796129636725,0.6759254541010054,5.399911476547898e-08,0.015492253873063468,0.8500749625187406,2000,3.281484666517569e-07,1.6253125557438957e-06,0.09057236087838434,0.44860302667581314,1.0,1.0
phrase_det_1_2_3gram_psalm,Fluch,1,608,0.0016420361247947454,0.0038022813688212928,nan,nan,0.6019736842105263,nan,nan,0.3631888573388428,0.35771543086172347,0.8310844577711144,2000,0.9026111339737467,1.0,0.8844142831116778,1.0,1.0,1.0
phrase_det_1_2_3gram_psalm,Hymnus,2850,17485,0.140152446520777,0.16056688379349585,0.09121702283337021,0.25397265964950305,0.49116617250876693,0.4344219086194276,0.606562610208383,0.9350963868295843,0.6306846576711644,1.0,2000,1.0,1.0,1.0,1.0,1.0,1.0
phrase_det_1_2_3gram_psalm,Klagelied des Einzelnen,4095,19594,0.17286504284689097,0.22485136598527522,0.14971519878658043,0.2891375648526958,0.5900225617894292,0.5395279648781929,0.6574340567979953,6.537024983131062e-74,0.0004997501249375312,0.8685657171414293,2000,3.227656085420962e-73,1.5986513710652425e-72,0.0017165330378289116,0.008501952567991999,1.0,1.0
phrase_det_1_2_3gram_psalm,Klagelied des Volkes,406,8034,0.0481042654028436,0.04437934803470898,0.01514867551328521,0.07224589104524534,0.48754431596748304,0.3997764043441602,0.5385962729166649,0.8018356074909287,0.607696151924038,1.0,2000,0.9997895658449124,1.0,0.9448221094931988,1.0,1.0,1.0
phrase_det_1_2_3gram_psalm,Königspsalm,45,2964,0.014955134596211365,0.014320703090977811,0.0031590251662895917,0.04972211976622196,0.4605263157894737,0.3009796111889585,0.5775089498616536,0.8186803357551049,0.7381309345327336,1.0,2000,0.984355669117511,1.0,0.8803508693414487,1.0,1.0,1.0
phrase_det_1_2_3gram_psalm,Liturgie,153,5161,0.028791870530673693,0.02392239014250906,0.007875734769882436,0.041408663124492345,0.41770037473104593,0.34172538252052936,0.4891210111885912,0.9997445720122885,0.9905047476261869,1.0,2000,0.9999999999461058,1.0,0.999000499750125,1.0,1.0,1.0
phrase_det_1_2_3gram_psalm,Mischgedicht,45,2879,0.015389876880984952,0.018299422398378694,0.007419037976897136,0.03796631163974554,0.5635714561383196,0.4520716330402947,0.7048507035763536,0.07138760065588022,0.15142428785607195,0.9420289855072463,2000,0.1311539639956869,0.6496028660222036,0.2718754259234019,1.0,1.0,1.0
phrase_det_1_2_3gram_psalm,Thronbesteigungslied,21,2097,0.009915014164305949,0.05653715152881941,0.0031902582765359422,0.5037212986709471,0.42698185616640555,0.1250959868329867,0.7265267188833235,0.8756069693465909,0.8255872063968016,1.0,2000,0.9347696024105497,1.0,0.8813701257479368,1.0,1.0,1.0
phrase_det_1_2_3gram_psalm,Wallfahrtslied,0,305,0.0,nan,nan,nan,nan,nan,nan,nan,nan,0.0004997501249375312,2000,nan,nan,nan,nan,0.0004997501249375312,0.002475252013466025
phrase_det_1_2_3gram_psalm,Weisheitsgedicht,55,3254,0.01662133575098217,0.03523656869215734,0.00761339371589717,0.1007124304814569,0.6218081242666369,0.40063497677156507,0.8069766516896291,0.0009588700888510987,0.027486256871564217,0.7461269365317341,2000,0.005826979770710523,0.028860910063163915,0.18095119107113108,0.8962474998758232,1.0,1.0
phrase_det_1_2_3gram_psalm,Zionslied,15,1805,0.008241758241758242,0.00959503456219184,0.0025517630940259553,0.02921158823653114,0.5397783933518006,0.3510692881017677,0.9053136359445769,0.2976729977029315,0.2943528235882059,0.9890054972513743,2000,0.3919361136421931,1.0,0.38015669584562556,1.0,1.0,1.0
phrase_det_1_2_3gram_psalm,prophetische Gerichtsrede,1,605,0.0016501650165016502,0.0030120481927710845,nan,nan,0.45454545454545453,nan,nan,0.5636018217328231,0.5230460921843687,1.0,2000,0.6746143017711065,1.0,0.6405734546015106,1.0,1.0,1.0
phrase_det_1_2_3gram_psalm,"prophetische Schelt-, Droh- und Mahnrede",21,2088,0.00995732574679943,0.019262142917373035,0.0032055277460639286,0.10042996737098323,0.4878671775223499,0.13500445815808385,0.6768114217615055,0.5760430805738086,0.5152423788105946,1.0,2000,0.9901761234581943,1.0,0.9367588932806324,1.0,1.0,1.0
phrase_det_1_2_3gram_psalm,prophetische Tora,0,304,0.0,nan,nan,nan,nan,nan,nan,nan,nan,0.0004997501249375312,2000,nan,nan,nan,nan,0.0004997501249375312,0.002475252013466025
phrase_det_1_2_3gram_psalm,prophetisches Stück,28,2381,0.011623080116230802,0.01782589076464051,0.0036570404172316254,0.08984220139815847,0.5449016019679607,0.35295472364481384,0.8119409268439741,0.20668644082889742,0.23588205897051473,0.9785107446276862,2000,0.9931819757463919,1.0,0.9828506799231963,1.0,1.0,1.0
phrase_det_1_2gram,Danklied Israels,6,1206,0.0049504950495049506,0.007590415736810234,0.003034403514053262,0.021741702343354895,0.5678551686014373,0.2585681962280897,0.9209447623907273,0.28314567146087977,0.26486756621689156,0.9375312343828086,2000,0.9803301302734929,1.0,0.992574225707659,1.0,1.0,1.0
phrase_det_1_2gram,Danklied des Einzelnen,276,6760,0.03922683342808414,0.04382278040564721,0.025209292766430486,0.08272085973149755,0.5276399429723009,0.4163438141965385,0.6431841238039292,0.059493280930366696,0.22288855572213892,0.999000499750125,2000,0.11463339496338948,0.5677768299288455,0.4381345912409649,1.0,1.0,1.0
phrase_det_1_2gram,Fluch,1,608,0.0016420361247947454,0.0020325203252032522,nan,nan,0.1924342105263158,nan,nan,0.8569093044054558,0.8792585170340681,1.0,2000,0.9026111339737467,1.0,0.9261523046092183,1.0,1.0,1.0
phrase_det_1_2gram,Hymnus,2850,17485,0.140152446520777,0.11616031962470223,0.08592986308120212,0.15287424050055248,0.4221651540919786,0.38046558210817827,0.4912011343171957,1.0,1.0,1.0,2000,1.0,1.0,1.0,1.0,1.0,1.0
phrase_det_1_2gram,Klagelied des Einzelnen,4095,19594,0.17286504284689097,0.20197781033360698,0.145125869856084,0.301341033876166,0.5558361789503976,0.5003293247056972,0.5907058814083189,1.0728716282874919e-29,0.0079960019990005,0.9655172413793104,2000,1.9710897356909733e-29,9.762766617819587e-29,0.014037425731578655,0.06952707877824568,1.0,1.0
phrase_det_1_2gram,Klagelied des Volkes,406,8034,0.0481042654028436,0.048404880821269286,0.028876532199110988,0.07055975019802685,0.5198764242118779,0.4407647662827289,0.6454888216279535,0.08794834668248452,0.26786606696651677,1.0,2000,0.25948210541414696,1.0,0.78143686777301,1.0,1.0,1.0
phrase_det_1_2gram,Königspsalm,45,2964,0.014955134596211365,0.024905371501109757,0.008845813375483463,0.07176381668101474,0.6031563952616584,0.4714085672409928,0.8229271124874917,0.008687750105349178,0.05297351324337831,0.8180909545227386,2000,0.02287774194408617,0.11331298179812152,0.14430715676644434,0.7147503572677412,1.0,1.0
phrase_det_1_2gram,Liturgie,153,5161,0.028791870530673693,0.04028674629230396,0.021519072506335345,0.08350753605863129,0.5635744706718184,0.4745115306321861,0.7308627405351725,0.0036341589804038247,0.07146426786606697,0.9485257371314343,2000,0.010253519980425077,0.05078547199929924,0.19608529068798933,0.9712063816836194,1.0,1.0
phrase_det_1_2gram,Mischgedicht,45,2879,0.015389876880984952,0.03258091441927611,0.013423917507816296,0.07711885191478417,0.738477866543167,0.6457094675947664,0.845967739821909,1.9218407270909368e-08,0.0004997501249375312,0.4047976011994003,2000,1.1678878264629538e-07,5.784524204603727e-07,0.0024675162418790605,0.0122215568164885,1.0,1.0
phrase_det_1_2gram,Thronbesteigungslied,21,2097,0.009915014164305949,0.013345384044224005,0.0045442737939636775,0.05083110654504172,0.5873470036560166,0.362065371270327,0.8993185418658649,0.08391736045476372,0.13693153423288357,0.8760619690154923,2000,0.17141856375565312,0.8490325943083509,0.28243570522431094,1.0,1.0,1.0
phrase_det_1_2gram,Wallfahrtslied,0,305,0.0,nan,nan,nan,nan,nan,nan,nan,nan,0.0004997501249375312,2000,nan,nan,nan,nan,0.0004997501249375312,0.002475252013466025
phrase_det_1_2gram,Weisheitsgedicht,55,3254,0.01662133575098217,0.06520511630691081,0.01829474292601052,0.21108565096646523,0.7495278538302509,0.5359967151659097,0.8925703120841472,1.0356672620713791e-10,0.0009995002498750624,0.3828085957021489,2000,4.090885685181948e-09,2.0262072031241016e-08,0.03948025987006497,0.195544909063816,1.0,1.0
phrase_det_1_2gram,Zionslied,15,1805,0.008241758241758242,0.013994466344207906,0.005197399063409744,0.09209835820865998,0.6773961218836565,0.4940522005890042,0.9214306482086934,0.00891105650311952,0.03548225887056472,0.5382308845577212,2000,0.017832226318243403,0.08832264745172647,0.06674043930415745,0.3305640129412128,1.0,1.0
phrase_det_1_2gram,prophetische Gerichtsrede,1,605,0.0016501650165016502,0.003663003663003663,nan,nan,0.5520661157024793,nan,nan,0.42967293688555663,0.4318637274549098,0.9710144927536232,2000,0.6340833131175253,1.0,0.6029225116900467,1.0,1.0,1.0
phrase_det_1_2gram,"prophetische Schelt-, Droh- und Mahnrede",21,2088,0.00995732574679943,0.016451447450735283,0.0037418513216288312,0.21056493542625246,0.44300766283524906,0.3218555806886958,0.9985958069046539,0.8159868352194765,0.7596201899050474,1.0,2000,0.9901761234581943,1.0,0.9367588932806324,1.0,1.0,1.0
phrase_det_1_2gram,prophetische Tora,0,304,0.0,nan,nan,nan,nan,nan,nan,nan,nan,0.0004997501249375312,2000,nan,nan,nan,nan,0.0004997501249375312,0.002475252013466025
phrase_det_1_2gram,prophetisches Stück,28,2381,0.011623080116230802,0.009904409652402035,0.004006762685521851,0.021796303189237094,0.41960910781784366,0.303259020351329,0.8927105091835715,0.9285167965525354,0.8930534732633684,1.0,2000,0.9931819757463919,1.0,0.9828506799231963,1.0,1.0,1.0
phrase_det_1_2gram_psalm,Danklied Israels,6,1206,0.0049504950495049506,0.004777212752262909,0.0019556360494094515,0.010066159046095357,0.4040906578220011,0.08195494169804211,0.7207671340842813,0.7916427459089435,0.7891054472763618,1.0,2000,0.9803301302734929,1.0,0.992574225707659,1.0,1.0,1.0
phrase_det_1_2gram_psalm,Danklied des Einzelnen,276,6760,0.03922683342808414,0.05134684476713382,0.029353775811588087,0.07067239934677343,0.587597279392848,0.4946095783163781,0.6726167736955981,3.8822501054678955e-07,0.017991004497751123,0.8640679660169915,2000,1.9168609895747733e-06,9.49417276198285e-06,0.09057236087838434,0.44860302667581314,1.0,1.0
phrase_det_1_2gram_psalm,Fluch,1,608,0.0016420361247947454,0.0036496350364963502,nan,nan,0.587171052631579,nan,nan,0.38256340577922443,0.37074148296593185,0.8650674662668666,2000,0.9026111339737467,1.0,0.8844142831116778,1.0,1.0,1.0
phrase_det_1_2gram_psalm,Hymnus,2850,17485,0.140152446520777,0.16593454654234785,0.09595543525308785,0.27358445058590775,0.49500371747211896,0.4472037556382147,0.5999617037965831,0.8042204686956024,0.5657171414292853,1.0,2000,1.0,1.0,1.0,1.0,1.0,1.0
phrase_det_1_2gram_psalm,Klagelied des Einzelnen,4095,19594,0.17286504284689097,0.21694329739941778,0.139974791710085,0.2749535382842775,0.5804445007772557,0.5278806561420009,0.6534920768066965,1.8818355718466365e-59,0.0004997501249375312,0.888055972013993,2000,7.433250508794214e-59,3.6816735745268955e-58,0.0017165330378289116,0.008501952567991999,1.0,1.0
phrase_det_1_2gram_psalm,Klagelied des Volkes,406,8034,0.0481042654028436,0.04612456643160601,0.019653431293876707,0.07110926610789252,0.48690433269442307,0.4339894053270859,0.5327520883852106,0.813743771279684,0.6216891554222889,1.0,2000,0.9997895658449124,1.0,0.9448221094931988,1.0,1.0,1.0
phrase_det_1_2gram_psalm,Königspsalm,45,2964,0.014955134596211365,0.019179683832775667,0.006777557088636497,0.09507147295657527,0.47467386414754836,0.3442301504824356,0.6302172795901713,0.7204262158976884,0.6441779110444777,1.0,2000,0.9788990707729978,1.0,0.8648644427786107,1.0,1.0,1.0
phrase_det_1_2gram_psalm,Liturgie,153,5161,0.028791870530673693,0.02484311765287859,0.008155417047337061,0.042761688450276225,0.4334735250426464,0.3781691629161455,0.5217421587717245,0.9975152639762064,0.9715142428785607,1.0,2000,0.9999999999461058,1.0,0.999000499750125,1.0,1.0,1.0
phrase_det_1_2gram_psalm,Mischgedicht,45,2879,0.015389876880984952,0.01928570858248057,0.007354800913691643,0.03803247955953753,0.5746323955076994,0.45870640860705203,0.7268211650575497,0.04266641092300844,0.111944027986007,0.9085457271364318,2000,0.08642683238250427,0.42807030993544104,0.2195487622042637,1.0,1.0,1.0
phrase_det_1_2gram_psalm,Thronbesteigungslied,21,2097,0.009915014164305949,0.07359577560501744,0.003462189913524533,0.5028567141535705,0.49340327451915433,0.1567118597603676,0.7810306623549139,0.5415572013021144,0.4867566216891554,1.0,2000,0.6790955381407466,1.0,0.6013147272517587,1.0,1.0,1.0
phrase_det_1_2gram_psalm,Wallfahrtslied,0,305,0.0,nan,nan,nan,nan,nan,nan,nan,nan,0.0004997501249375312,2000,nan,nan,nan,nan,0.0004997501249375312,0.002475252013466025
phrase_det_1_2gram_psalm,Weisheitsgedicht,55,3254,0.01662133575098217,0.041900675262384494,0.010396541795960888,0.11374251263663851,0.641906464770632,0.43198445948015984,0.8368899496042767,0.00015037601840048117,0.014992503748125937,0.6781609195402298,2000,0.002876800965003584,0.014248735569313217,0.15792103948025987,0.782179636255264,1.0,1.0
phrase_det_1_2gram_psalm,Zionslied,15,1805,0.008241758241758242,0.010579011629895016,0.003764583797008454,0.049350009517654995,0.5794090489381348,0.40654434536373685,0.932567326514118,0.14445970347644244,0.15992003998001,0.8910544727636182,2000,0.22377091322821477,1.0,0.24771927761609394,1.0,1.0,1.0
phrase_det_1_2gram_psalm,prophetische Gerichtsrede,1,605,0.0016501650165016502,0.0028653295128939827,nan,nan,0.42644628099173554,nan,nan,0.601542468760332,0.5566132264529058,1.0,2000,0.6988508092950917,1.0,0.66624916499666,1.0,1.0,1.0
phrase_det_1_2gram_psalm,"prophetische Schelt-, Droh- und Mahnrede",21,2088,0.00995732574679943,0.03399035433207474,0.0045391024305529715,0.199306127931461,0.49680715197956576,0.12818791783173925,0.7018559303921793,0.5201785723898023,0.45577211394302847,1.0,2000,0.9901761234581943,1.0,0.9367588932806324,1.0,1.0,1.0
phrase_det_1_2gram_psalm,prophetische Tora,0,304,0.0,nan,nan,nan,nan,nan,nan,nan,nan,0.0004997501249375312,2000,nan,nan,nan,nan,0.0004997501249375312,0.002475252013466025
phrase_det_1_2gram_psalm,prophetisches Stück,28,2381,0.011623080116230802,0.021584478677064683,0.0038387527969242882,0.0844320324824916,0.5291594168116638,0.32972156969177996,0.8184620457392011,0.29765651319623154,0.2843578210894553,0.9945027486256871,2000,0.9931819757463919,1.0,0.9828506799231963,1.0,1.0,1.0
phrase_det_1gram,Danklied Israels,6,1206,0.0049504950495049506,0.009622011208882869,0.003230169586163284,0.06896551724137931,0.5272249861802101,0.2383131625726457,0.9660772839483501,0.40913927691513824,0.351824087956022,0.9950024987506247,2000,0.9803301302734929,1.0,0.992574225707659,1.0,1.0,1.0
phrase_det_1gram,Danklied des Einzelnen,276,6760,0.03922683342808414,0.04682232153078311,0.02678286569193132,0.08801408083490429,0.5403063630906441,0.4371335564766576,0.6561293939037128,0.011497952088631785,0.11694152923538231,0.9845077461269365,2000,0.026715829852997384,0.13232295168173008,0.28952190571380976,1.0,1.0,1.0
phrase_det_1gram,Fluch,1,608,0.0016420361247947454,0.0020491803278688526,nan,nan,0.19901315789473684,nan,nan,0.8517074769835029,0.8677354709418837,1.0,2000,0.9026111339737467,1.0,0.9261523046092183,1.0,1.0,1.0
phrase_det_1gram,Hymnus,2850,17485,0.140152446520777,0.13021341994179017,0.09559143467361911,0.17145585291196222,0.4632951753131757,0.4253003862619979,0.5406729667018516,0.9999999998454454,0.9750124937531235,1.0,2000,1.0,1.0,1.0,1.0,1.0,1.0
phrase_det_1gram,Klagelied des Einzelnen,4095,19594,0.17286504284689097,0.19273009364808602,0.13752545877871045,0.3009938399197901,0.5422622770943686,0.4908851164110069,0.5790868534296008,7.964388606276547e-18,0.014492753623188406,0.9835082458770614,2000,1.0664181354166902e-17,5.2819469274105804e-17,0.02244955953395851,0.11119220319315028,1.0,1.0
phrase_det_1gram,Klagelied des Volkes,406,8034,0.0481042654028436,0.04825905998849983,0.026281828659269302,0.07058823502522008,0.5062447038509978,0.44552117229851446,0.6324215337829819,0.3353345446105278,0.39080459770114945,1.0,2000,0.8027705764918697,1.0,0.9355625217694185,1.0,1.0,1.0
phrase_det_1gram,Königspsalm,45,2964,0.014955134596211365,0.01731204716820469,0.006781969004687534,0.04618934049885098,0.5313090418353577,0.41859045037212295,0.7498234221034974,0.23518130070022875,0.2673663168415792,0.993503248375812,2000,0.4763928911620018,1.0,0.5415881802688398,1.0,1.0,1.0
phrase_det_1gram,Liturgie,153,5161,0.028791870530673693,0.035975350776052004,0.01859563548808516,0.061380354819721566,0.5365365935820818,0.45991767327965066,0.694117548676782,0.06145580314012559,0.1714142928535732,0.9885057471264368,2000,0.13486134577972006,0.6679654511776597,0.38690654672663666,1.0,1.0,1.0
phrase_det_1gram,Mischgedicht,45,2879,0.015389876880984952,0.024677102546335254,0.012078824298409526,0.0674434186279647,0.6608737601790745,0.5442430179468594,0.7904318426897858,0.00010413526811259534,0.009995002498750625,0.616191904047976,2000,0.0003046920807738901,0.0015091335625318709,0.029244636940788868,0.14484808078801184,1.0,1.0
phrase_det_1gram,Thronbesteigungslied,21,2097,0.009915014164305949,0.015827906494172456,0.004739688761823724,0.04150484150376241,0.6328996071485342,0.44588968637224863,0.9454348116330565,0.01792800529538908,0.0559720139930035,0.6941529235382309,2000,0.05111852994116425,0.2531890195687425,0.15247548639473366,0.7552079246602549,1.0,1.0
phrase_det_1gram,Wallfahrtslied,0,305,0.0,nan,nan,nan,nan,nan,nan,nan,nan,0.0004997501249375312,2000,nan,nan,nan,nan,0.0004997501249375312,0.002475252013466025
phrase_det_1gram,Weisheitsgedicht,55,3254,0.01662133575098217,0.0418280220507408,0.010321623728135193,0.13075881384498092,0.6883779404369448,0.40661653069958636,0.8677026141614609,7.99958320863744e-07,0.0034982508745627187,0.5452273863068465,2000,2.1065569116078593e-05,0.00010433732733113189,0.09212060636348492,0.45627145448223727,1.0,1.0
phrase_det_1gram,Zionslied,15,1805,0.008241758241758242,0.014128107477062847,0.004310477765051184,0.0994945992770461,0.6186334256694368,0.42874552804583743,0.8600646829543229,0.056553596011965794,0.09695152423788106,0.736631684157921,2000,0.09928297966545106,0.4917465410349482,0.16650370466940442,0.824689399095224,1.0,1.0
phrase_det_1gram,prophetische Gerichtsrede,1,605,0.0016501650165016502,0.0053475935828877,nan,nan,0.6942148760330579,nan,nan,0.25180705980447415,0.281563126252505,0.5327336331834083,2000,0.5525766034598183,1.0,0.5768662324649299,1.0,1.0,1.0
phrase_det_1gram,"prophetische Schelt-, Droh- und Mahnrede",21,2088,0.00995732574679943,0.00856415254318418,0.0031081914615381755,0.020953811723512676,0.4268837803320562,0.322831400564173,0.9541457603012881,0.8759133146457692,0.8380809595202399,1.0,2000,0.9901761234581943,1.0,0.9595419681463616,1.0,1.0,1.0
phrase_det_1gram,prophetische Tora,0,304,0.0,nan,nan,nan,nan,nan,nan,nan,nan,0.0004997501249375312,2000,nan,nan,nan,nan,0.0004997501249375312,0.002475252013466025
phrase_det_1gram,prophetisches Stück,28,2381,0.011623080116230802,0.011047362601633503,0.0038746893630131393,0.02611090279526176,0.45440091198176036,0.33160077677219457,0.8216304362313436,0.7969955923774577,0.736631684157921,1.0,2000,0.9931819757463919,1.0,0.9828506799231963,1.0,1.0,1.0
phrase_det_1gram_psalm,Danklied Israels,6,1206,0.0049504950495049506,0.004340214325492055,0.0019427065789405474,0.009314181405145451,0.36076561636263127,0.10159162093505286,0.6742991234570698,0.8807703770908852,0.9130434782608695,1.0,2000,0.9803301302734929,1.0,0.992574225707659,1.0,1.0,1.0
phrase_det_1gram_psalm,Danklied des Einzelnen,276,6760,0.03922683342808414,0.04837892256645616,0.03077706767628087,0.0682388840998359,0.5685675006431695,0.4769834150257396,0.6579588639954898,5.489347863431549e-05,0.031484257871064465,0.9120439780109945,2000,0.0001885471657439532,0.0009338702050337061,0.11844077961019489,0.5866347271914479,1.0,1.0
phrase_det_1gram_psalm,Fluch,1,608,0.0016420361247947454,0.007352941176470588,nan,nan,0.8231907894736842,nan,nan,0.1322685991821239,0.16332665330661322,0.30634682658670664,2000,0.9026111339737467,1.0,0.8844142831116778,1.0,1.0,1.0
phrase_det_1gram_psalm,Hymnus,2850,17485,0.140152446520777,0.16319825810589259,0.10263701838455597,0.25693247397310576,0.5015959644607658,0.45777573166507074,0.5547994449689349,0.3921589089959334,0.43278360819590206,1.0,2000,0.999372703570282,1.0,1.0,1.0,1.0,1.0
phrase_det_1gram_psalm,Klagelied des Einzelnen,4095,19594,0.17286504284689097,0.21361728910689054,0.1374317011276506,0.270458462826305,0.5765959104123849,0.5166044563087954,0.6500106660148526,4.2372271670292094e-54,0.0004997501249375312,0.8915542228885557,2000,1.5215497554332161e-53,7.5362044105453385e-53,0.0017165330378289116,0.008501952567991999,1.0,1.0
phrase_det_1gram_psalm,Klagelied des Volkes,406,8034,0.0481042654028436,0.04718454366370052,0.020673425386477828,0.07231208656050721,0.48899504691269,0.4437028781778524,0.5569869315555491,0.7731945251054848,0.6081959020489756,1.0,2000,0.9997895658449124,1.0,0.9448221094931988,1.0,1.0,1.0
phrase_det_1gram_psalm,Königspsalm,45,2964,0.014955134596211365,0.01472470086957243,0.005182107543884224,0.03709428119053938,0.445748987854251,0.3362787488967277,0.6133960910293745,0.8945576136879857,0.8605697151424287,1.0,2000,0.9953528377655053,1.0,0.9313014725513956,1.0,1.0,1.0
phrase_det_1gram_psalm,Liturgie,153,5161,0.028791870530673693,0.02748182755174086,0.008956701401909493,0.04536969326357845,0.457671475229632,0.40393788007484405,0.5754878610781161,0.9630549577566185,0.881559220389805,1.0,2000,0.9999999999461058,1.0,0.999000499750125,1.0,1.0,1.0
phrase_det_1gram_psalm,Mischgedicht,45,2879,0.015389876880984952,0.018534725737152,0.0077632836225900725,0.0394203990091748,0.5572305198564317,0.43334742937623166,0.701297434809321,0.093522554444469,0.14642678660669664,0.9420289855072463,2000,0.16791549547984205,0.8316819697255273,0.2690166544634659,1.0,1.0,1.0
phrase_det_1gram_psalm,Thronbesteigungslied,21,2097,0.009915014164305949,0.06228513227817551,0.004587294758112901,0.5049036860975111,0.5870517973522266,0.18782989215606163,0.864117899153604,0.0846243542591199,0.13943028485757122,0.8605697151424287,2000,0.17141856375565312,0.8490325943083509,0.28243570522431094,1.0,1.0,1.0
phrase_det_1gram_psalm,Wallfahrtslied,0,305,0.0,nan,nan,nan,nan,nan,nan,nan,nan,0.0004997501249375312,2000,nan,nan,nan,nan,0.0004997501249375312,0.002475252013466025
phrase_det_1gram_psalm,Weisheitsgedicht,55,3254,0.01662133575098217,0.03572110166795979,0.010151643941187274,0.10042726366477385,0.5774319718388556,0.36230061340199055,0.8003935859917873,0.02428508991603479,0.10044977511244378,0.888055972013993,2000,0.07378931166795186,0.3654769316990182,0.30086680797532267,1.0,1.0,1.0
phrase_det_1gram_psalm,Zionslied,15,1805,0.008241758241758242,0.014420270378469562,0.0028811061882552127,0.0897597527745132,0.6021606648199446,0.46353303923731765,0.9000463700067886,0.08621028523735358,0.11794102948525736,0.8145927036481759,2000,0.14188776111981108,0.7027671407623957,0.19411127769448608,0.9614291362304285,1.0,1.0
phrase_det_1gram_psalm,prophetische Gerichtsrede,1,605,0.0016501650165016502,0.005555555555555556,nan,nan,0.7057851239669422,nan,nan,0.2390418727227745,0.2695390781563126,0.5292353823088456,2000,0.5395516555742624,1.0,0.5768662324649299,1.0,1.0,1.0
phrase_det_1gram_psalm,"prophetische Schelt-, Droh- und Mahnrede",21,2088,0.00995732574679943,0.021992059466690278,0.0034753333452419276,0.10541133417307504,0.5001596424010217,0.15001974047596117,0.770668115885807,0.4990660448242596,0.43278360819590206,1.0,2000,0.9901761234581943,1.0,0.9367588932806324,1.0,1.0,1.0
phrase_det_1gram_psalm,prophetische Tora,0,304,0.0,nan,nan,nan,nan,nan,nan,nan,nan,0.0004997501249375312,2000,nan,nan,nan,nan,0.0004997501249375312,0.002475252013466025
phrase_det_1gram_psalm,prophetisches Stück,28,2381,0.011623080116230802,0.031010302508512867,0.005751667569259941,0.16819180612673748,0.5532114357712846,0.3403729632236728,0.8865810632886277,0.1661709211505445,0.18840579710144928,0.9515242378810594,2000,0.9931819757463919,1.0,0.9828506799231963,1.0,1.0,1.0
phrase_full_signature_1_2_3gram,Danklied Israels,6,1206,0.0049504950495049506,0.005392450277688263,0.0029279854715352147,0.014324560340522437,0.462824765063571,0.23773722465482217,0.8814711870556264,0.6236630294679119,0.5872063968015993,1.0,2000,0.9803301302734929,1.0,0.992574225707659,1.0,1.0,1.0
phrase_full_signature_1_2_3gram,Danklied des Einzelnen,276,6760,0.03922683342808414,0.04343423396921289,0.024784756538845244,0.07393793811359763,0.5131469213618043,0.4013650845409108,0.6585169802384436,0.22918014537061993,0.36481759120439783,1.0,2000,0.37719232258914526,1.0,0.5297533051655989,1.0,1.0,1.0
phrase_full_signature_1_2_3gram,Fluch,1,608,0.0016420361247947454,0.002976190476190476,nan,nan,0.44901315789473684,nan,nan,0.5711013205758394,0.5801603206412825,1.0,2000,0.9026111339737467,1.0,0.8844142831116778,1.0,1.0,1.0
phrase_full_signature_1_2_3gram,Hymnus,2850,17485,0.140152446520777,0.10956847088258254,0.08169754360253316,0.15275952148196692,0.3920580146391142,0.3446305584491172,0.41894100160309217,1.0,1.0,1.0,2000,1.0,1.0,1.0,1.0,1.0,1.0
phrase_full_signature_1_2_3gram,Klagelied des Einzelnen,4095,19594,0.17286504284689097,0.19535773267550438,0.13877503364908467,0.2542414487637901,0.5338543682169282,0.4938368271828035,0.5878832374688816,4.39211455739333e-12,0.08095952023988005,0.999000499750125,2000,5.421516406782392e-12,2.685265842325634e-11,0.09993440779610194,0.49497305106778416,1.0,1.0
phrase_full_signature_1_2_3gram,Klagelied des Volkes,406,8034,0.0481042654028436,0.05072570719142154,0.03170881600518126,0.07377257000128286,0.5442687543457547,0.43107236898941137,0.7397489819432373,0.0012869241919752836,0.12643678160919541,0.991504247876062,2000,0.010166701116604742,0.05035545996577552,0.78143686777301,1.0,1.0,1.0
phrase_full_signature_1_2_3gram,Königspsalm,45,2964,0.014955134596211365,0.026648836823140166,0.012644561769654413,0.054615629308977495,0.7131878842405158,0.6026267356777927,0.8801038501378238,4.4176034200569357e-07,0.0034982508745627187,0.3988005997001499,2000,3.939753655964933e-06,1.9513518222144156e-05,0.022856992556353404,0.11321021051063032,1.0,1.0
phrase_full_signature_1_2_3gram,Liturgie,153,5161,0.028791870530673693,0.03765120887754603,0.022183275067543615,0.06301909209714783,0.6176122325181445,0.5032230917706434,0.80356168495179,3.4183888877194034e-07,0.0074962518740629685,0.777111444277861,2000,6.751318053245822e-06,3.3439138423297336e-05,0.09718217814169837,0.48134131461862395,1.0,1.0
phrase_full_signature_1_2_3gram,Mischgedicht,45,2879,0.015389876880984952,0.03880885104581758,0.015666339333883058,0.08396066654157303,0.751900737138667,0.6040908452353981,0.8938775408433188,3.1735754888537176e-09,0.0004997501249375312,0.30434782608695654,2000,3.133905795243046e-08,1.5522170466006077e-07,0.0024675162418790605,0.0122215568164885,1.0,1.0
phrase_full_signature_1_2_3gram,Thronbesteigungslied,21,2097,0.009915014164305949,0.01450386293795939,0.006031332917922101,0.03355881031947552,0.6422780843381701,0.49974275169625443,0.9437590309749607,0.012330875959814707,0.0559720139930035,0.6581709145427287,2000,0.04278908723511099,0.21193346244049682,0.15247548639473366,0.7552079246602549,1.0,1.0
phrase_full_signature_1_2_3gram,Wallfahrtslied,0,305,0.0,nan,nan,nan,nan,nan,nan,nan,nan,0.0004997501249375312,2000,nan,nan,nan,nan,0.0004997501249375312,0.002475252013466025
phrase_full_signature_1_2_3gram,Weisheitsgedicht,55,3254,0.01662133575098217,0.028501712575598144,0.01137428110958496,0.07187925145662002,0.6266245739509415,0.47868684769497727,0.7929305137721845,0.00062912110448528,0.029985007496251874,0.728135932033983,2000,0.005617772159789645,0.02782470910127511,0.18221658401568447,0.9025149649099199,1.0,1.0
phrase_full_signature_1_2_3gram,Zionslied,15,1805,0.008241758241758242,0.015901445916224482,0.0066686272847080365,0.034251781614715794,0.7235641735918744,0.5609407870944163,0.8681300706745495,0.0014133760000199105,0.017991004497751123,0.36481759120439783,2000,0.004140719858211418,0.02050889965763937,0.04426574591492133,0.21924732228367247,1.0,1.0
phrase_full_signature_1_2_3gram,prophetische Gerichtsrede,1,605,0.0016501650165016502,0.007874015748031496,nan,nan,0.7933884297520661,nan,nan,0.15581821946935098,0.11372745490981964,0.22538730634682658,2000,0.4951456069202817,1.0,0.49597632765531063,1.0,0.9798282676843396,1.0
phrase_full_signature_1_2_3gram,"prophetische Schelt-, Droh- und Mahnrede",21,2088,0.00995732574679943,0.032616517756834044,0.005325941402830096,0.5,0.469896004378763,0.3197677252153848,0.9986194112664619,0.6828091428938355,0.6216891554222889,1.0,2000,0.9901761234581943,1.0,0.9367588932806324,1.0,1.0,1.0
phrase_full_signature_1_2_3gram,prophetische Tora,0,304,0.0,nan,nan,nan,nan,nan,nan,nan,nan,0.0004997501249375312,2000,nan,nan,nan,nan,0.0004997501249375312,0.002475252013466025
phrase_full_signature_1_2_3gram,prophetisches Stück,28,2381,0.011623080116230802,0.010502454101079976,0.005053671499797259,0.022711061222776913,0.47915791684166315,0.34033857704735676,0.7313948585597164,0.6479802827838442,0.5867066466766616,1.0,2000,0.9931819757463919,1.0,0.9828506799231963,1.0,1.0,1.0
phrase_full_signature_1_2_3gram_psalm,Danklied Israels,6,1206,0.0049504950495049506,0.004044134811783965,0.001694983139715037,0.009238321706902959,0.3156440022111664,0.08520555831144377,0.7489419477657545,0.9407272032637437,0.9495252373813093,1.0,2000,0.9803301302734929,1.0,0.992574225707659,1.0,1.0,1.0
phrase_full_signature_1_2_3gram_psalm,Danklied des Einzelnen,276,6760,0.03922683342808414,0.050888538632054295,0.03644193436400962,0.07599800622982109,0.612696970671469,0.5349906915476045,0.6819033612540727,1.0247921886238952e-10,0.010494752623688156,0.7856071964017991,2000,2.698619430042924e-09,1.3366206118762362e-08,0.09057236087838434,0.44860302667581314,1.0,1.0
phrase_full_signature_1_2_3gram_psalm,Fluch,1,608,0.0016420361247947454,0.0033003300330033004,nan,nan,0.5575657894736842,nan,nan,0.42211373915682004,0.4148296593186373,0.975512243878061,2000,0.9026111339737467,1.0,0.8844142831116778,1.0,1.0,1.0
phrase_full_signature_1_2_3gram_psalm,Hymnus,2850,17485,0.140152446520777,0.16302991397018893,0.092800299635232,0.23390989979814517,0.5060147394508576,0.4293866703452908,0.6126656786096811,0.1511345662918927,0.3798100949525237,1.0,2000,0.45921656680998163,1.0,1.0,1.0,1.0,1.0
phrase_full_signature_1_2_3gram_psalm,Klagelied des Einzelnen,4095,19594,0.17286504284689097,0.23368279763465025,0.14884623920410298,0.30189804109056484,0.5998077767445942,0.5444650711842421,0.6786326505100353,2.2575958647557608e-90,0.0004997501249375312,0.8380809595202399,2000,2.2293759164463136e-89,1.1042052719138764e-88,0.0017165330378289116,0.008501952567991999,1.0,1.0
phrase_full_signature_1_2_3gram_psalm,Klagelied des Volkes,406,8034,0.0481042654028436,0.043473845115857696,0.014758521198229943,0.07717140335044038,0.4723134805156901,0.3443851301706069,0.562524901012149,0.9703102288677353,0.7621189405297352,1.0,2000,0.9997895658449124,1.0,0.9448221094931988,1.0,1.0,1.0
phrase_full_signature_1_2_3gram_psalm,Königspsalm,45,2964,0.014955134596211365,0.012596361109712774,0.002793726435509216,0.02885190705707634,0.43620482831009144,0.2285023685984906,0.5958833172952578,0.9293899322924233,0.8450774612693653,1.0,2000,0.999238174620484,1.0,0.9313014725513956,1.0,1.0,1.0
phrase_full_signature_1_2_3gram_psalm,Liturgie,153,5161,0.028791870530673693,0.021183125878647,0.00764437395283806,0.036706613552047074,0.3824897135758004,0.26898219743612284,0.47019368750698093,0.9999996507548556,0.9980009995002499,1.0,2000,0.9999999999461058,1.0,0.999000499750125,1.0,1.0,1.0
phrase_full_signature_1_2_3gram_psalm,Mischgedicht,45,2879,0.015389876880984952,0.0156961194643711,0.0072166815770619295,0.030647249253374958,0.509409131256995,0.41467126685343486,0.6126302179496087,0.41416388652840014,0.42278860569715143,1.0,2000,0.5438637006103411,1.0,0.5387145137108865,1.0,1.0,1.0
phrase_full_signature_1_2_3gram_psalm,Thronbesteigungslied,21,2097,0.009915014164305949,0.10486513122897274,0.0038302627924487417,0.6563515912077025,0.5314167631764198,0.2846127517536415,0.8468665569892384,0.3099283872919841,0.3293353323338331,0.9985007496251874,2000,0.4455756793421512,1.0,0.4645980581138003,1.0,1.0,1.0
phrase_full_signature_1_2_3gram_psalm,Wallfahrtslied,0,305,0.0,nan,nan,nan,nan,nan,nan,nan,nan,0.0004997501249375312,2000,nan,nan,nan,nan,0.0004997501249375312,0.002475252013466025
phrase_full_signature_1_2_3gram_psalm,Weisheitsgedicht,55,3254,0.01662133575098217,0.017934695047084132,0.004217619550146747,0.04680535617987797,0.44991898083477677,0.3062210035275791,0.593093699923888,0.898987651194149,0.7851074462768616,1.0,2000,0.9999998040278182,1.0,0.9995002498750625,1.0,1.0,1.0
phrase_full_signature_1_2_3gram_psalm,Zionslied,15,1805,0.008241758241758242,0.00741174983728826,0.002153782149377577,0.01524458754041511,0.4382456140350877,0.2501218709925034,0.5957947001460654,0.7953837551639918,0.760119940029985,1.0,2000,0.898657623003853,1.0,0.8578496466052687,1.0,1.0,1.0
phrase_full_signature_1_2_3gram_psalm,prophetische Gerichtsrede,1,605,0.0016501650165016502,0.0037593984962406013,nan,nan,0.5661157024793388,nan,nan,0.41056056350715814,0.3937875751503006,0.9600199900049975,2000,0.6340833131175253,1.0,0.6029225116900467,1.0,1.0,1.0
phrase_full_signature_1_2_3gram_psalm,"prophetische Schelt-, Droh- und Mahnrede",21,2088,0.00995732574679943,0.02655588793322279,0.0025519319689535323,0.11434127014752779,0.4960089399744572,0.2047548205192492,0.6935389237425786,0.525203659763851,0.46776611694152925,1.0,2000,0.9901761234581943,1.0,0.9367588932806324,1.0,1.0,1.0
phrase_full_signature_1_2_3gram_psalm,prophetische Tora,0,304,0.0,nan,nan,nan,nan,nan,nan,nan,nan,0.0004997501249375312,2000,nan,nan,nan,nan,0.0004997501249375312,0.002475252013466025
phrase_full_signature_1_2_3gram_psalm,prophetisches Stück,28,2381,0.011623080116230802,0.012933993186557075,0.0033199129420854157,0.09454623976544935,0.4296214075718486,0.18537915036385658,0.6210430504722421,0.9001850776758826,0.8265867066466767,1.0,2000,0.9931819757463919,1.0,0.9828506799231963,1.0,1.0,1.0
phrase_full_signature_1_2gram,Danklied Israels,6,1206,0.0049504950495049506,0.005654115493153228,0.0029342834440779834,0.016069360311183067,0.476644555002764,0.2594261610168733,0.8992703797512932,0.5785516147053429,0.5352323838080959,1.0,2000,0.9803301302734929,1.0,0.992574225707659,1.0,1.0,1.0
phrase_full_signature_1_2gram,Danklied des Einzelnen,276,6760,0.03922683342808414,0.04417210049159317,0.025347311931717707,0.07669107133636661,0.5170212138753109,0.4057858471899498,0.6579220275158715,0.16850678680794057,0.33183408295852074,1.0,2000,0.29896687914791936,1.0,0.5297533051655989,1.0,1.0,1.0
phrase_full_signature_1_2gram,Fluch,1,608,0.0016420361247947454,0.0029411764705882353,nan,nan,0.44243421052631576,nan,nan,0.5800148951320472,0.5861723446893787,1.0,2000,0.9026111339737467,1.0,0.8844142831116778,1.0,1.0,1.0
phrase_full_signature_1_2gram,Hymnus,2850,17485,0.140152446520777,0.11025022717942017,0.08015087822119998,0.15427159126510323,0.3962090614010004,0.34975306941864204,0.4170593293504047,1.0,1.0,1.0,2000,1.0,1.0,1.0,1.0,1.0,1.0
phrase_full_signature_1_2gram,Klagelied des Einzelnen,4095,19594,0.17286504284689097,0.1985944417979968,0.140678592370407,0.26016942290898126,0.5396050945300715,0.5015005030282769,0.5910906581891087,7.054743081167844e-16,0.05547226386806597,0.9955022488755623,2000,9.288745056870994e-16,4.600696179408963e-15,0.07068240073511631,0.35008846622715445,1.0,1.0
phrase_full_signature_1_2gram,Klagelied des Volkes,406,8034,0.0481042654028436,0.05244563484344514,0.032710945949803685,0.0766897530777818,0.5546234537697544,0.44796041624789384,0.7466047577769622,9.97546932304712e-05,0.08345827086456771,0.9830084957521239,2000,0.0015761241530414451,0.007806510271059828,0.78143686777301,1.0,1.0,1.0
phrase_full_signature_1_2gram,Königspsalm,45,2964,0.014955134596211365,0.026899519862660454,0.012774869755832129,0.05538375306534995,0.7130529314739841,0.6012202109688708,0.8699489467783635,4.488326949833468e-07,0.0034982508745627187,0.4047976011994003,2000,3.939753655964933e-06,1.9513518222144156e-05,0.022856992556353404,0.11321021051063032,1.0,1.0
phrase_full_signature_1_2gram,Liturgie,153,5161,0.028791870530673693,0.03726167733603723,0.021919514080572897,0.06443507290201979,0.6034689532985577,0.49409665931644936,0.7861890910135131,6.247455326937819e-06,0.015992003998001,0.8280859570214892,2000,4.486808825709888e-05,0.00022223071142330941,0.09718217814169837,0.48134131461862395,1.0,1.0
phrase_full_signature_1_2gram,Mischgedicht,45,2879,0.015389876880984952,0.03952266104542244,0.014659865329697338,0.08585305410339926,0.7485816834549033,0.5960412358453521,0.8778961741184467,4.997155547212434e-09,0.0004997501249375312,0.31634182908545727,2000,3.588866256634385e-08,1.777558020401687e-07,0.0024675162418790605,0.0122215568164885,1.0,1.0
phrase_full_signature_1_2gram,Thronbesteigungslied,21,2097,0.009915014164305949,0.016837617282399155,0.006464490146198871,0.06269708888391447,0.6563571542112314,0.5224364469305824,0.9796780909383759,0.006774650308496932,0.038980509745127435,0.5912043978010995,2000,0.03822838388366126,0.18934439324334895,0.15247548639473366,0.7552079246602549,1.0,1.0
phrase_full_signature_1_2gram,Wallfahrtslied,0,305,0.0,nan,nan,nan,nan,nan,nan,nan,nan,0.0004997501249375312,2000,nan,nan,nan,nan,0.0004997501249375312,0.002475252013466025
phrase_full_signature_1_2gram,Weisheitsgedicht,55,3254,0.01662133575098217,0.026408311912772865,0.010579699573801145,0.06780328435528436,0.6194222495390289,0.4685392575156606,0.7981145890153301,0.0011755343665143215,0.037481259370314844,0.7566216891554223,2000,0.006255829905706777,0.030984995895573353,0.19740129935032485,0.97772454531908,1.0,1.0
phrase_full_signature_1_2gram,Zionslied,15,1805,0.008241758241758242,0.01588871485415818,0.0067274959155968,0.03563327638871636,0.7248938134810711,0.5669001019833391,0.8706518954942416,0.0013334329625944632,0.01649175412293853,0.37231384307846077,2000,0.004140719858211418,0.02050889965763937,0.04426574591492133,0.21924732228367247,1.0,1.0
phrase_full_signature_1_2gram,prophetische Gerichtsrede,1,605,0.0016501650165016502,0.00625,nan,nan,0.7388429752066116,nan,nan,0.2052100347091248,0.16683366733466934,0.33833083458270863,2000,0.4951456069202817,1.0,0.49597632765531063,1.0,0.9798282676843396,1.0
phrase_full_signature_1_2gram,"prophetische Schelt-, Droh- und Mahnrede",21,2088,0.00995732574679943,0.032614965140524824,0.005409252889478337,0.5,0.4713327859879584,0.32448215444563305,0.9987723869167353,0.6746822967980557,0.6136931534232883,1.0,2000,0.9901761234581943,1.0,0.9367588932806324,1.0,1.0,1.0
phrase_full_signature_1_2gram,prophetische Tora,0,304,0.0,nan,nan,nan,nan,nan,nan,nan,nan,0.0004997501249375312,2000,nan,nan,nan,nan,0.0004997501249375312,0.002475252013466025
phrase_full_signature_1_2gram,prophetisches Stück,28,2381,0.011623080116230802,0.010339664962963992,0.004996265271257404,0.021606322528660092,0.47041309173816526,0.3369628812579389,0.7330362991558607,0.7051260930971587,0.6306846576711644,1.0,2000,0.9931819757463919,1.0,0.9828506799231963,1.0,1.0,1.0
phrase_full_signature_1_2gram_psalm,Danklied Israels,6,1206,0.0049504950495049506,0.004365446593603056,0.0017437630860130345,0.009815911750743304,0.3464621337755666,0.06517559633072491,0.7463068951504134,0.903153780683347,0.92103948025987,1.0,2000,0.9803301302734929,1.0,0.992574225707659,1.0,1.0,1.0
phrase_full_signature_1_2gram_psalm,Danklied des Einzelnen,276,6760,0.03922683342808414,0.05126788372477444,0.03276335461320123,0.06834253436611451,0.6053878848297745,0.5376261973876834,0.6789102569658676,1.3846437134875106e-09,0.011494252873563218,0.8045977011494253,2000,2.7346713341378333e-08,1.354477045271098e-07,0.09057236087838434,0.44860302667581314,1.0,1.0
phrase_full_signature_1_2gram_psalm,Fluch,1,608,0.0016420361247947454,0.003215434083601286,nan,nan,0.5230263157894737,nan,nan,0.46938379838192046,0.4574148296593186,0.9995002498750625,2000,0.9026111339737467,1.0,0.8844142831116778,1.0,1.0,1.0
phrase_full_signature_1_2gram_psalm,Hymnus,2850,17485,0.140152446520777,0.16774256286234737,0.0924583644058428,0.26896584825749026,0.4999496310120454,0.4281992856719066,0.6206939050002838,0.503446530922675,0.4827586206896552,1.0,2000,1.0,1.0,1.0,1.0,1.0,1.0
phrase_full_signature_1_2gram_psalm,Klagelied des Einzelnen,4095,19594,0.17286504284689097,0.22846543221951776,0.1507453590322255,0.29905454266024795,0.6004865434997108,0.5521765920267313,0.6773581964975868,1.4936890994217844e-91,0.0004997501249375312,0.824087956021989,2000,1.685734840776014e-90,8.349409736160115e-90,0.0017165330378289116,0.008501952567991999,1.0,1.0
phrase_full_signature_1_2gram_psalm,Klagelied des Volkes,406,8034,0.0481042654028436,0.04580700854014869,0.01620516090716215,0.0779488051573035,0.4845760198957387,0.36789508438993024,0.5607741468007736,0.8532158641624954,0.638680659670165,1.0,2000,0.9997895658449124,1.0,0.9448221094931988,1.0,1.0,1.0
phrase_full_signature_1_2gram_psalm,Königspsalm,45,2964,0.014955134596211365,0.013428842407606906,0.0025458422128922294,0.030259637339840533,0.46611186084870293,0.2708551714698147,0.6273045204907044,0.7827590023088041,0.6921539230384808,1.0,2000,0.9788990707729978,1.0,0.8648644427786107,1.0,1.0,1.0
phrase_full_signature_1_2gram_psalm,Liturgie,153,5161,0.028791870530673693,0.023620814707585702,0.00845656643094,0.039866575290693464,0.40234134085074963,0.31795690011327776,0.4860099409082432,0.9999813428555233,0.993503248375812,1.0,2000,0.9999999999461058,1.0,0.999000499750125,1.0,1.0,1.0
phrase_full_signature_1_2gram_psalm,Mischgedicht,45,2879,0.015389876880984952,0.018126929374650783,0.007617980017016938,0.035509289652801576,0.5105206283045811,0.41587574131715815,0.6213155429136134,0.40421134903791145,0.41529235382308843,1.0,2000,0.5438637006103411,1.0,0.5387145137108865,1.0,1.0,1.0
phrase_full_signature_1_2gram_psalm,Thronbesteigungslied,21,2097,0.009915014164305949,0.08109122920628703,0.003555660095950533,0.5034245042511524,0.5785816472511751,0.3285430498351431,0.8773832493726191,0.1073389357771829,0.16391804097951024,0.8995502248875562,2000,0.21199439815993623,1.0,0.3158420789605197,1.0,1.0,1.0
phrase_full_signature_1_2gram_psalm,Wallfahrtslied,0,305,0.0,nan,nan,nan,nan,nan,nan,nan,nan,0.0004997501249375312,2000,nan,nan,nan,nan,0.0004997501249375312,0.002475252013466025
phrase_full_signature_1_2gram_psalm,Weisheitsgedicht,55,3254,0.01662133575098217,0.01749763737318208,0.004050247782295988,0.038195056242446276,0.46156897804101243,0.325186616642275,0.5986201375259835,0.8362111924857512,0.7201399300349826,1.0,2000,0.9999998040278182,1.0,0.9995002498750625,1.0,1.0,1.0
phrase_full_signature_1_2gram_psalm,Zionslied,15,1805,0.008241758241758242,0.010128297249784042,0.002847912124310849,0.022822471644139627,0.5612003693444136,0.33840947378567454,0.7909199775882169,0.20689122982765057,0.22638680659670166,0.95952023988006,2000,0.3015886266011043,1.0,0.32517377674798964,1.0,1.0,1.0
phrase_full_signature_1_2gram_psalm,prophetische Gerichtsrede,1,605,0.0016501650165016502,0.0037735849056603774,nan,nan,0.5652892561983471,nan,nan,0.4117650502779763,0.375250501002004,0.9445277361319341,2000,0.6340833131175253,1.0,0.6029225116900467,1.0,1.0,1.0
phrase_full_signature_1_2gram_psalm,"prophetische Schelt-, Droh- und Mahnrede",21,2088,0.00995732574679943,0.027466299847333737,0.002745459585081273,0.11243477120222344,0.5173554095967889,0.1760432428306936,0.6890942159098455,0.3920824539819364,0.37231384307846077,1.0,2000,0.9901761234581943,1.0,0.9367588932806324,1.0,1.0,1.0
phrase_full_signature_1_2gram_psalm,prophetische Tora,0,304,0.0,nan,nan,nan,nan,nan,nan,nan,nan,0.0004997501249375312,2000,nan,nan,nan,nan,0.0004997501249375312,0.002475252013466025
phrase_full_signature_1_2gram_psalm,prophetisches Stück,28,2381,0.011623080116230802,0.014302343879666021,0.0036621189210334763,0.09984136490241129,0.44723855522889544,0.22335961265466836,0.6548772508945534,0.8318376500680744,0.7541229385307346,1.0,2000,0.9931819757463919,1.0,0.9828506799231963,1.0,1.0,1.0
phrase_full_signature_1gram,Danklied Israels,6,1206,0.0049504950495049506,0.005748962551516589,0.0027504619992274933,0.018759253333439054,0.45425649530127143,0.2670455283536796,0.945915656904191,0.6508475312084414,0.6146926536731634,1.0,2000,0.9803301302734929,1.0,0.992574225707659,1.0,1.0,1.0
phrase_full_signature_1gram,Danklied des Einzelnen,276,6760,0.03922683342808414,0.04401450979267744,0.024379697792600984,0.07579967617489371,0.5155628269445159,0.4169787949706821,0.6452232061734907,0.1900204244913578,0.33933033483258374,1.0,2000,0.3263394246699406,1.0,0.5297533051655989,1.0,1.0,1.0
phrase_full_signature_1gram,Fluch,1,608,0.0016420361247947454,0.0038910505836575876,nan,nan,0.5789473684210527,nan,nan,0.39350698155007485,0.3657314629258517,0.9150424787606197,2000,0.9026111339737467,1.0,0.8844142831116778,1.0,1.0,1.0
phrase_full_signature_1gram,Hymnus,2850,17485,0.140152446520777,0.11269950923091855,0.08245489632664157,0.1600089911459406,0.4053092324749535,0.3678862489464671,0.4225968483283082,1.0,1.0,1.0,2000,1.0,1.0,1.0,1.0,1.0,1.0
phrase_full_signature_1gram,Klagelied des Einzelnen,4095,19594,0.17286504284689097,0.20654740785162973,0.1483871609930293,0.2775170345561297,0.5483082521461617,0.5068012052753039,0.5933395851154876,1.02703036628472e-22,0.02498750624687656,0.9875062468765617,2000,1.5602961333940938e-22,7.728114417719756e-22,0.03724552817930657,0.18447632930548677,1.0,1.0
phrase_full_signature_1gram,Klagelied des Volkes,406,8034,0.0481042654028436,0.05314545214145326,0.03214425270447915,0.07660303548018924,0.5589995597528239,0.4594724862074588,0.7458072800790017,2.9392840377912027e-05,0.06796601699150424,0.9695152423788106,2000,0.0005805085974637626,0.0028752470544877395,0.78143686777301,1.0,1.0,1.0
phrase_full_signature_1gram,Königspsalm,45,2964,0.014955134596211365,0.025889663886215643,0.012074389690191234,0.05501961945413999,0.6977732793522268,0.5764688508209622,0.8702664761403651,2.5516403085039384e-06,0.005497251374312844,0.47876061969015493,2000,1.6798298697650927e-05,8.320162537100249e-05,0.022856992556353404,0.11321021051063032,1.0,1.0
phrase_full_signature_1gram,Liturgie,153,5161,0.028791870530673693,0.03462230009015918,0.020781664542851446,0.05698038390415853,0.5938733563566873,0.49309002563673127,0.7493567354000953,3.691221431806506e-05,0.02448775612193903,0.8575712143928036,2000,0.000179446057423259,0.0008887926041058691,0.1074740407573991,0.5323166968959435,1.0,1.0
phrase_full_signature_1gram,Mischgedicht,45,2879,0.015389876880984952,0.03610791068864293,0.012882096603334066,0.08306295541206384,0.7089460074871676,0.5403727399974125,0.8440927921797856,7.284932691378109e-07,0.0034982508745627187,0.44877561219390305,2000,2.7405222981850984e-06,1.3573750156398939e-05,0.012015731264802383,0.059513667975944,1.0,1.0
phrase_full_signature_1gram,Thronbesteigungslied,21,2097,0.009915014164305949,0.01843401491012198,0.006883799147361956,0.18000227577474212,0.6632150237300452,0.5211424823880704,0.9951916689687108,0.004978860938956989,0.030484757621189407,0.5702148925537232,2000,0.036885823873187534,0.18269472133073172,0.15247548639473366,0.7552079246602549,1.0,1.0
phrase_full_signature_1gram,Wallfahrtslied,0,305,0.0,nan,nan,nan,nan,nan,nan,nan,nan,0.0004997501249375312,2000,nan,nan,nan,nan,0.0004997501249375312,0.002475252013466025
phrase_full_signature_1gram,Weisheitsgedicht,55,3254,0.01662133575098217,0.02776216741410615,0.01029474309756202,0.09679773019533304,0.6085042185841203,0.46783346395450315,0.8029983908725264,0.0028568731789264576,0.049475262368815595,0.7971014492753623,2000,0.012659333055664924,0.0627014143099784,0.22372147259703484,1.0,1.0,1.0
phrase_full_signature_1gram,Zionslied,15,1805,0.008241758241758242,0.026177027841968036,0.00640787833918613,0.06782624650520623,0.7914866112650046,0.5638370770727383,0.9234401214347004,4.9457395107335234e-05,0.0029985007496251873,0.27636181909045476,2000,0.0003907134213479484,0.0019351954799422969,0.021534687201853617,0.10666085948935418,1.0,1.0
phrase_full_signature_1gram,prophetische Gerichtsrede,1,605,0.0016501650165016502,0.005952380952380952,nan,nan,0.7256198347107438,nan,nan,0.21845437513235733,0.19789579158316634,0.40229885057471265,2000,0.5075851657487126,1.0,0.49597632765531063,1.0,0.9798282676843396,1.0
phrase_full_signature_1gram,"prophetische Schelt-, Droh- und Mahnrede",21,2088,0.00995732574679943,0.03238142233069059,0.005277586844387728,0.5,0.45997536945812806,0.3325190967880784,0.9990323364220719,0.7363819616800132,0.6681659170414792,1.0,2000,0.9901761234581943,1.0,0.9367588932806324,1.0,1.0,1.0
phrase_full_signature_1gram,prophetische Tora,0,304,0.0,nan,nan,nan,nan,nan,nan,nan,nan,0.0004997501249375312,2000,nan,nan,nan,nan,0.0004997501249375312,0.002475252013466025
phrase_full_signature_1gram,prophetisches Stück,28,2381,0.011623080116230802,0.010732804525757344,0.0050928617780106235,0.023200710420280064,0.4922076558468831,0.35108351710118646,0.7121025534918147,0.5565037924554155,0.5177411294352824,1.0,2000,0.9931819757463919,1.0,0.9828506799231963,1.0,1.0,1.0
phrase_full_signature_1gram_psalm,Danklied Israels,6,1206,0.0049504950495049506,0.005086487932861095,0.001652980010859697,0.01315705283951548,0.38156440022111665,0.05918427410564446,0.8547310451375059,0.8420015626331401,0.8505747126436781,1.0,2000,0.9803301302734929,1.0,0.992574225707659,1.0,1.0,1.0
phrase_full_signature_1gram_psalm,Danklied des Einzelnen,276,6760,0.03922683342808414,0.050968745578379125,0.032210622970585294,0.07238334105389656,0.5988479225623874,0.5243470555916835,0.6874267276768208,1.2325731546121956e-08,0.01249375312343828,0.8135932033983009,2000,1.275717342393879e-07,6.318601562668326e-07,0.09057236087838434,0.44860302667581314,1.0,1.0
phrase_full_signature_1gram_psalm,Fluch,1,608,0.0016420361247947454,0.0028735632183908046,nan,nan,0.4621710526315789,nan,nan,0.5531854516940741,0.5305611222444889,1.0,2000,0.9026111339737467,1.0,0.8844142831116778,1.0,1.0,1.0
phrase_full_signature_1gram_psalm,Hymnus,2850,17485,0.140152446520777,0.16414410478701227,0.09258835363310314,0.26890112585430875,0.49115242639054024,0.4280858554554934,0.6085436402627314,0.9353931685294915,0.6331834082958521,1.0,2000,1.0,1.0,1.0,1.0,1.0,1.0
phrase_full_signature_1gram_psalm,Klagelied des Einzelnen,4095,19594,0.17286504284689097,0.22722719972079616,0.15385093051218868,0.30337673882848437,0.6010731400544609,0.5534365977584352,0.6703954513367268,1.3450241549730283e-92,0.0004997501249375312,0.8045977011494253,2000,1.7709484707144872e-91,8.771471079529106e-91,0.0017165330378289116,0.008501952567991999,1.0,1.0
phrase_full_signature_1gram_psalm,Klagelied des Volkes,406,8034,0.0481042654028436,0.04799450655364631,0.0177141746754126,0.07500415701348297,0.5005964490815512,0.4177879116863247,0.5659145856029795,0.483805191825593,0.4612693653173413,1.0,2000,0.9997895658449124,1.0,0.9448221094931988,1.0,1.0,1.0
phrase_full_signature_1gram_psalm,Königspsalm,45,2964,0.014955134596211365,0.014246487178469873,0.0027091333374893688,0.03075169646377546,0.47415654520917677,0.3209203604100478,0.6350019009997737,0.7244241015131703,0.657671164417791,1.0,2000,0.9788990707729978,1.0,0.8648644427786107,1.0,1.0,1.0
phrase_full_signature_1gram_psalm,Liturgie,153,5161,0.028791870530673693,0.02363470539905155,0.008677550072415968,0.039265951407332425,0.42217713798688755,0.34481571314976234,0.5004012622714838,0.9994918486977635,0.9750124937531235,1.0,2000,0.9999999999461058,1.0,0.999000499750125,1.0,1.0,1.0
phrase_full_signature_1gram_psalm,Mischgedicht,45,2879,0.015389876880984952,0.019381383994743276,0.007775060888867515,0.041839178449833085,0.5004785612288217,0.38696595421881563,0.6247268501643182,0.49563401207688307,0.463768115942029,1.0,2000,0.5844042828966234,1.0,0.5468310620808999,1.0,1.0,1.0
phrase_full_signature_1gram_psalm,Thronbesteigungslied,21,2097,0.009915014164305949,0.08948919633177797,0.004435679920255952,0.5053295320206451,0.6518836432999523,0.3681780835392587,0.9550170775313743,0.008233185989008627,0.035982008995502246,0.6251874062968515,2000,0.03853699116654244,0.1908729187207911,0.15247548639473366,0.7552079246602549,1.0,1.0
phrase_full_signature_1gram_psalm,Wallfahrtslied,0,305,0.0,nan,nan,nan,nan,nan,nan,nan,nan,0.0004997501249375312,2000,nan,nan,nan,nan,0.0004997501249375312,0.002475252013466025
phrase_full_signature_1gram_psalm,Weisheitsgedicht,55,3254,0.01662133575098217,0.01947796800425647,0.00480576994303351,0.0550766139570934,0.47410739230038557,0.3414802581227029,0.6046980884207404,0.7452512127343511,0.6521739130434783,1.0,2000,0.9999998040278182,1.0,0.9995002498750625,1.0,1.0,1.0
phrase_full_signature_1gram_psalm,Zionslied,15,1805,0.008241758241758242,0.020696267463597713,0.005777923704733412,0.056301212930276005,0.74269621421976,0.5283658314215449,0.9240980872523762,0.0005942198106478574,0.00849575212393803,0.39280359820089955,2000,0.00213378932005367,0.01056861428786107,0.029610194902548723,0.14665868179786198,1.0,1.0
phrase_full_signature_1gram_psalm,prophetische Gerichtsrede,1,605,0.0016501650165016502,0.0038022813688212928,nan,nan,0.5685950413223141,nan,nan,0.40732045491452823,0.375250501002004,0.9175412293853074,2000,0.6340833131175253,1.0,0.6029225116900467,1.0,1.0,1.0
phrase_full_signature_1gram_psalm,"prophetische Schelt-, Droh- und Mahnrede",21,2088,0.00995732574679943,0.02952188916492887,0.003319877493096791,0.1199477074362695,0.5180395913154534,0.2693835030936047,0.6913627512349589,0.38793696169840763,0.36481759120439783,1.0,2000,0.9901761234581943,1.0,0.9367588932806324,1.0,1.0,1.0
phrase_full_signature_1gram_psalm,prophetische Tora,0,304,0.0,nan,nan,nan,nan,nan,nan,nan,nan,0.0004997501249375312,2000,nan,nan,nan,nan,0.0004997501249375312,0.002475252013466025
phrase_full_signature_1gram_psalm,prophetisches Stück,28,2381,0.011623080116230802,0.0140003029816919,0.0038317940960262,0.08909356764754658,0.4604457910841783,0.2101596315168369,0.6210437321211655,0.7644886603675322,0.6856571714142928,1.0,2000,0.9931819757463919,1.0,0.9828506799231963,1.0,1.0,1.0
phrase_function_1_2_3gram,Danklied Israels,6,1206,0.0049504950495049506,0.005421973709043381,0.0026940773607650017,0.012347673711437033,0.4671088999447208,0.1902830096745029,0.8298682299202139,0.6098271164940368,0.5677161419290355,1.0,2000,0.9803301302734929,1.0,0.992574225707659,1.0,1.0,1.0
phrase_function_1_2_3gram,Danklied des Einzelnen,276,6760,0.03922683342808414,0.04056491409580025,0.023983089695135896,0.07150680389713725,0.48752706671812024,0.3811994034565156,0.6271491140944396,0.7591473877582167,0.6186906546726637,1.0,2000,0.8446851215901284,1.0,0.6884022777343723,1.0,1.0,1.0
phrase_function_1_2_3gram,Fluch,1,608,0.0016420361247947454,0.0048543689320388345,nan,nan,0.662828947368421,nan,nan,0.28764185992807556,0.25551102204408815,0.5687156421789106,2000,0.9026111339737467,1.0,0.8844142831116778,1.0,1.0,1.0
phrase_function_1_2_3gram,Hymnus,2850,17485,0.140152446520777,0.11430309891247137,0.08366856537483396,0.1573895909135507,0.4134748782164161,0.36153564058822973,0.4389661535384965,1.0,1.0,1.0,2000,1.0,1.0,1.0,1.0,1.0,1.0
phrase_function_1_2_3gram,Klagelied des Einzelnen,4095,19594,0.17286504284689097,0.19042222716144386,0.13739947120298193,0.2481820247122968,0.5221081545109308,0.4832783832203999,0.5763398652518753,4.154468108741257e-06,0.17341329335332334,1.0,2000,4.756564936095062e-06,2.3559167567437647e-05,0.19295281936496542,0.9556913161287908,1.0,1.0
phrase_function_1_2_3gram,Klagelied des Volkes,406,8034,0.0481042654028436,0.048618497550710994,0.029319498770809544,0.0718374536232169,0.5241473736619368,0.40792269120391644,0.7113952740413119,0.05005372670693117,0.25787106446776614,1.0,2000,0.20811812683408226,1.0,0.78143686777301,1.0,1.0,1.0
phrase_function_1_2_3gram,Königspsalm,45,2964,0.014955134596211365,0.029711362913986475,0.013644641048123927,0.06407949904758017,0.7300269905533063,0.6060299676115253,0.8863479456337292,5.656676611614421e-08,0.0009995002498750624,0.37381309345327335,2000,1.1171936307938482e-06,5.5334369038918376e-06,0.01974012993503248,0.09777245453190798,1.0,1.0
phrase_function_1_2_3gram,Liturgie,153,5161,0.028791870530673693,0.03974866376126501,0.023064316843560105,0.06561791995377528,0.6267810489176617,0.511026630588529,0.7974773683939436,4.323457413893929e-08,0.0069965017491254375,0.7176411794102948,2000,1.7077656784881019e-06,8.4585280188459e-06,0.09718217814169837,0.48134131461862395,1.0,1.0
phrase_function_1_2_3gram,Mischgedicht,45,2879,0.015389876880984952,0.04260804072303139,0.018351521634774,0.08857384501168564,0.7739685847709467,0.6418597328775577,0.910998758286964,1.3411764055913057e-10,0.0004997501249375312,0.2783608195902049,2000,5.297646802085658e-09,2.623913483790224e-08,0.0024675162418790605,0.0122215568164885,1.0,1.0
phrase_function_1_2_3gram,Thronbesteigungslied,21,2097,0.009915014164305949,0.018014676181853526,0.0061920684680718,0.038564919699421406,0.6420282943888094,0.3994335312940407,0.8595733139258566,0.012457582359589275,0.050474762618690654,0.6491754122938531,2000,0.04278908723511099,0.21193346244049682,0.15247548639473366,0.7552079246602549,1.0,1.0
phrase_function_1_2_3gram,Wallfahrtslied,0,305,0.0,nan,nan,nan,nan,nan,nan,nan,nan,0.0004997501249375312,2000,nan,nan,nan,nan,0.0004997501249375312,0.002475252013466025
phrase_function_1_2_3gram,Weisheitsgedicht,55,3254,0.01662133575098217,0.023561977804393817,0.009792099966909268,0.05517722781141444,0.6083812929541264,0.4846578401091669,0.7976877338832218,0.0028844050000249193,0.050974512743628186,0.7931034482758621,2000,0.012659333055664924,0.0627014143099784,0.22372147259703484,1.0,1.0,1.0
phrase_function_1_2_3gram,Zionslied,15,1805,0.008241758241758242,0.03142057172395312,0.0080653428524441,0.10535283333344597,0.80533702677747,0.6522866629482289,0.9412686282296729,2.2688639381449644e-05,0.0009995002498750624,0.22138930534732634,2000,0.00019915583457050245,0.0009864147219087996,0.011280074248589992,0.05586997401823313,1.0,1.0
phrase_function_1_2_3gram,prophetische Gerichtsrede,1,605,0.0016501650165016502,0.01020408163265306,nan,nan,0.8413223140495868,nan,nan,0.11948435303151039,0.08817635270541083,0.16841579210394803,2000,0.4951456069202817,1.0,0.49597632765531063,1.0,0.9798282676843396,1.0
phrase_function_1_2_3gram,"prophetische Schelt-, Droh- und Mahnrede",21,2088,0.00995732574679943,0.03393387890543946,0.005489966041169758,0.5,0.48141306330961503,0.32653841135351,0.9980002590633953,0.6155050340702823,0.5567216391804098,1.0,2000,0.9901761234581943,1.0,0.9367588932806324,1.0,1.0,1.0
phrase_function_1_2_3gram,prophetische Tora,0,304,0.0,nan,nan,nan,nan,nan,nan,nan,nan,0.0004997501249375312,2000,nan,nan,nan,nan,0.0004997501249375312,0.002475252013466025
phrase_function_1_2_3gram,prophetisches Stück,28,2381,0.011623080116230802,0.010223905990148089,0.00486340796753869,0.021817314489538043,0.45794834103317933,0.33570955947853487,0.8232445958695268,0.778252470182518,0.7171414292853573,1.0,2000,0.9931819757463919,1.0,0.9828506799231963,1.0,1.0,1.0
phrase_function_1_2_3gram_psalm,Danklied Israels,6,1206,0.0049504950495049506,0.003777147901367444,0.0017060889094648614,0.008234615715794855,0.269624101713654,0.11167232589074166,0.7368931585618292,0.9744359628633567,0.9800099950024987,1.0,2000,0.986928731618015,1.0,0.992574225707659,1.0,1.0,1.0
phrase_function_1_2_3gram_psalm,Danklied des Einzelnen,276,6760,0.03922683342808414,0.05000782846084009,0.0339899012562166,0.07005247281208735,0.5968589207615127,0.5165906726080177,0.6634372949637312,2.3256780719189927e-08,0.017491254372813594,0.8580709645177411,2000,1.8372856768160043e-07,9.100037886773057e-07,0.09057236087838434,0.44860302667581314,1.0,1.0
phrase_function_1_2_3gram_psalm,Fluch,1,608,0.0016420361247947454,0.003355704697986577,nan,nan,0.5657894736842105,nan,nan,0.4110030127458897,0.407314629258517,0.9625187406296851,2000,0.9026111339737467,1.0,0.8844142831116778,1.0,1.0,1.0
phrase_function_1_2_3gram_psalm,Hymnus,2850,17485,0.140152446520777,0.16522553628358336,0.09442607448463555,0.23451602337042837,0.5192371105057468,0.4416291513541676,0.6206168795843283,0.00048454110513053975,0.21389305347326337,1.0,2000,0.00239242170658204,0.011849615139200315,0.9672663668165917,1.0,1.0,1.0
phrase_function_1_2_3gram_psalm,Klagelied des Einzelnen,4095,19594,0.17286504284689097,0.22927923811892292,0.14325988222575378,0.29643813983351447,0.5888449069218693,0.5301552726180623,0.6714313981396945,4.590725211968482e-72,0.0004997501249375312,0.8900549725137431,2000,2.0148182874750565e-71,9.979353228704444e-71,0.0017165330378289116,0.008501952567991999,1.0,1.0
phrase_function_1_2_3gram_psalm,Klagelied des Volkes,406,8034,0.0481042654028436,0.040892473115067246,0.013407292784882537,0.0777036677290712,0.45565751344961253,0.3037963018213934,0.5575509579699907,0.9987344147194647,0.8730634682658671,1.0,2000,0.9997895658449124,1.0,0.9448221094931988,1.0,1.0,1.0
phrase_function_1_2_3gram_psalm,Königspsalm,45,2964,0.014955134596211365,0.012520360201180901,0.002660953576843512,0.030412358353253555,0.43185635027740293,0.24186843111615935,0.6066307220261828,0.9419716514720877,0.856071964017991,1.0,2000,0.999238174620484,1.0,0.9313014725513956,1.0,1.0,1.0
phrase_function_1_2_3gram_psalm,Liturgie,153,5161,0.028791870530673693,0.02113751618608902,0.00671346750111785,0.0363318646848091,0.38089403558361923,0.2503618884016463,0.4718662335670148,0.9999997536819516,0.9980009995002499,1.0,2000,0.9999999999461058,1.0,0.999000499750125,1.0,1.0,1.0
phrase_function_1_2_3gram_psalm,Mischgedicht,45,2879,0.015389876880984952,0.01497545191022642,0.007254479175731493,0.027159563440581166,0.5067616070394813,0.3809636145593463,0.5886920920652919,0.43809305995607245,0.44177911044477763,1.0,2000,0.5493547894687257,1.0,0.5468310620808999,1.0,1.0,1.0
phrase_function_1_2_3gram_psalm,Thronbesteigungslied,21,2097,0.009915014164305949,0.08153923613350808,0.003675110257657896,0.5108067980748412,0.5568726298340032,0.2864010762823402,0.8292360236817475,0.18455739372806113,0.2223888055972014,0.9785107446276862,2000,0.31967498997330546,1.0,0.3783524904214559,1.0,1.0,1.0
phrase_function_1_2_3gram_psalm,Wallfahrtslied,0,305,0.0,nan,nan,nan,nan,nan,nan,nan,nan,0.0004997501249375312,2000,nan,nan,nan,nan,0.0004997501249375312,0.002475252013466025
phrase_function_1_2_3gram_psalm,Weisheitsgedicht,55,3254,0.01662133575098217,0.013967522249614448,0.0032898166911764985,0.030401284589479015,0.4243504497960552,0.29900275837281526,0.5616576221682401,0.9730177489260144,0.8875562218890555,1.0,2000,0.9999998040278182,1.0,0.9995002498750625,1.0,1.0,1.0
phrase_function_1_2_3gram_psalm,Zionslied,15,1805,0.008241758241758242,0.009188360447457532,0.002266605953553817,0.01987459462494131,0.5596860572483842,0.24495692822979215,0.6659049486725191,0.21269064392508058,0.24287856071964017,0.9730134932533733,2000,0.3015886266011043,1.0,0.3407769799310871,1.0,1.0,1.0
phrase_function_1_2_3gram_psalm,prophetische Gerichtsrede,1,605,0.0016501650165016502,0.0033444816053511705,nan,nan,0.5115702479338843,nan,nan,0.4851600337441965,0.49599198396793587,1.0,2000,0.6340833131175253,1.0,0.6319897860236602,1.0,1.0,1.0
phrase_function_1_2_3gram_psalm,"prophetische Schelt-, Droh- und Mahnrede",21,2088,0.00995732574679943,0.03301103192362165,0.0022230098990572668,0.11455694449569576,0.4711731435869367,0.1754344816773948,0.6177118451908802,0.6756237365072862,0.6036981509245377,1.0,2000,0.9901761234581943,1.0,0.9367588932806324,1.0,1.0,1.0
phrase_function_1_2_3gram_psalm,prophetische Tora,0,304,0.0,nan,nan,nan,nan,nan,nan,nan,nan,0.0004997501249375312,2000,nan,nan,nan,nan,0.0004997501249375312,0.002475252013466025
phrase_function_1_2_3gram_psalm,prophetisches Stück,28,2381,0.011623080116230802,0.021431050689372465,0.004027221862278491,0.1404574571037867,0.41546169076618467,0.16425377298677177,0.6168524494188912,0.93829675836368,0.8855572213893054,1.0,2000,0.9931819757463919,1.0,0.9828506799231963,1.0,1.0,1.0
phrase_function_1_2gram,Danklied Israels,6,1206,0.0049504950495049506,0.005345940837493334,0.002610712665633132,0.012769556023071605,0.4541182974018795,0.17796150377294398,0.8291358827995913,0.6512801410707381,0.6126936531734133,1.0,2000,0.9803301302734929,1.0,0.992574225707659,1.0,1.0,1.0
phrase_function_1_2gram,Danklied des Einzelnen,276,6760,0.03922683342808414,0.04112164997594124,0.024520983410871097,0.07461690773844278,0.4909195180516251,0.3919362320818716,0.6251049207874848,0.6957473431748104,0.5837081459270365,1.0,2000,0.8082947075119121,1.0,0.6757418392253148,1.0,1.0,1.0
phrase_function_1_2gram,Fluch,1,608,0.0016420361247947454,0.005319148936170213,nan,nan,0.6924342105263158,nan,nan,0.25376954899200677,0.23146292585170342,0.48825587206396803,2000,0.9026111339737467,1.0,0.8844142831116778,1.0,1.0,1.0
phrase_function_1_2gram,Hymnus,2850,17485,0.140152446520777,0.11633859911850869,0.08447867418706113,0.16428251952281964,0.4225811999257509,0.3691853177498156,0.44313834086628007,1.0,1.0,1.0,2000,1.0,1.0,1.0,1.0,1.0,1.0
phrase_function_1_2gram,Klagelied des Einzelnen,4095,19594,0.17286504284689097,0.195041072545926,0.14038665318643578,0.25319205077036167,0.5291519805656786,0.49059113269353405,0.5817718205990319,2.0873233711026306e-09,0.10444777611194403,0.9965017491254373,2000,2.498462822986482e-09,1.2374834591467765e-08,0.12315484049020267,0.6099833730498141,1.0,1.0
phrase_function_1_2gram,Klagelied des Volkes,406,8034,0.0481042654028436,0.05078967759904464,0.030371369978447662,0.07509079614214346,0.538840776453766,0.4339983081209185,0.7192739937662107,0.004085787095086659,0.15342328835582209,0.9940029985007496,2000,0.024829013885526618,0.12297759129166384,0.78143686777301,1.0,1.0,1.0
phrase_function_1_2gram,Königspsalm,45,2964,0.014955134596211365,0.03247895176039729,0.014274161204678849,0.08023022176396966,0.7353876143349828,0.6084786008778322,0.9176908545118293,2.85152787624743e-08,0.0004997501249375312,0.36731634182908546,2000,8.199793294372004e-07,4.0613406278660925e-06,0.01974012993503248,0.09777245453190798,1.0,1.0
phrase_function_1_2gram,Liturgie,153,5161,0.028791870530673693,0.03853641572121548,0.022247405927327036,0.06413003122412013,0.6096173792128748,0.4977687640992304,0.7804602811568193,1.8427305830758559e-06,0.012993503248375811,0.7901049475262368,2000,2.0936566636713032e-05,0.00010369838072390167,0.09718217814169837,0.48134131461862395,1.0,1.0
phrase_function_1_2gram,Mischgedicht,45,2879,0.015389876880984952,0.040889680075735055,0.01862598856101962,0.09044529678685395,0.76582532515148,0.6165678453966807,0.8900380165295124,4.4392499009364605e-10,0.0004997501249375312,0.30684657671164417,2000,8.76751855434951e-09,4.342533772746347e-08,0.0024675162418790605,0.0122215568164885,1.0,1.0
phrase_function_1_2gram,Thronbesteigungslied,21,2097,0.009915014164305949,0.02078684065259787,0.006266378266142147,0.061731253782264794,0.6479097122873947,0.4231512526245436,0.89772301928257,0.0097562002953272,0.04097951024487756,0.6271864067966016,2000,0.03853699116654244,0.1908729187207911,0.15247548639473366,0.7552079246602549,1.0,1.0
phrase_function_1_2gram,Wallfahrtslied,0,305,0.0,nan,nan,nan,nan,nan,nan,nan,nan,0.0004997501249375312,2000,nan,nan,nan,nan,0.0004997501249375312,0.002475252013466025
phrase_function_1_2gram,Weisheitsgedicht,55,3254,0.01662133575098217,0.022017662083316562,0.00873221917409791,0.049927890770433414,0.5876012739565291,0.46367499872683304,0.7785769699380573,0.012829720035036692,0.095952023988006,0.887056471764118,2000,0.04607035830763175,0.22818553007129555,0.30086680797532267,1.0,1.0,1.0
phrase_function_1_2gram,Zionslied,15,1805,0.008241758241758242,0.030275142319640347,0.007070604921104918,0.08895731296084784,0.8100646352723915,0.6728856938408985,0.9319514657949761,1.7260258592859854e-05,0.0009995002498750624,0.23088455772113944,2000,0.00019479434697656123,0.0009648123642306308,0.011280074248589992,0.05586997401823313,1.0,1.0
phrase_function_1_2gram,prophetische Gerichtsrede,1,605,0.0016501650165016502,0.007936507936507936,nan,nan,0.7950413223140496,nan,nan,0.15445530833733329,0.12725450901803606,0.24987506246876562,2000,0.4951456069202817,1.0,0.49597632765531063,1.0,0.9798282676843396,1.0
phrase_function_1_2gram,"prophetische Schelt-, Droh- und Mahnrede",21,2088,0.00995732574679943,0.033595759386880475,0.0055631043914191785,0.5,0.47427476737821567,0.3135661531572063,0.9981852179490047,0.657783363791872,0.585207396301849,1.0,2000,0.9901761234581943,1.0,0.9367588932806324,1.0,1.0,1.0
phrase_function_1_2gram,prophetische Tora,0,304,0.0,nan,nan,nan,nan,nan,nan,nan,nan,0.0004997501249375312,2000,nan,nan,nan,nan,0.0004997501249375312,0.002475252013466025
phrase_function_1_2gram,prophetisches Stück,28,2381,0.011623080116230802,0.010172707286575364,0.004484452395794364,0.01972474079929024,0.4632882342353153,0.35164099525615106,0.9178792984122803,0.7482565548138252,0.6916541729135433,1.0,2000,0.9931819757463919,1.0,0.9828506799231963,1.0,1.0,1.0
phrase_function_1_2gram_psalm,Danklied Israels,6,1206,0.0049504950495049506,0.003891135742775445,0.0016361136074984736,0.007729156162413692,0.2990602542841349,0.09462939427612817,0.6295616296288743,0.9555116459627716,0.9690154922538731,1.0,2000,0.9803301302734929,1.0,0.992574225707659,1.0,1.0,1.0
phrase_function_1_2gram_psalm,Danklied des Einzelnen,276,6760,0.03922683342808414,0.04988124794200422,0.032169674953886694,0.06874272308735198,0.5882077544807478,0.5004062063602086,0.650054298639411,3.2535811350338256e-07,0.0239880059970015,0.8835582208895553,2000,1.7135527311178148e-06,8.487191170607036e-06,0.09475262368815593,0.46930778175315835,1.0,1.0
phrase_function_1_2gram_psalm,Fluch,1,608,0.0016420361247947454,0.003401360544217687,nan,nan,0.5509868421052632,nan,nan,0.4311128926386092,0.43537074148296595,0.9835082458770614,2000,0.9026111339737467,1.0,0.8844142831116778,1.0,1.0,1.0
phrase_function_1_2gram_psalm,Hymnus,2850,17485,0.140152446520777,0.17001007002766105,0.09519679343640902,0.27214094322780225,0.513500293484641,0.4430746049144026,0.6322168746873464,0.010304740452851544,0.27436281859070466,1.0,2000,0.038765452179774854,0.19200448138537818,1.0,1.0,1.0,1.0
phrase_function_1_2gram_psalm,Klagelied des Einzelnen,4095,19594,0.17286504284689097,0.22517793379681483,0.1443552927105604,0.2951149877843733,0.5913946458654022,0.5361793300749774,0.6778063609968414,4.1002066354900127e-76,0.0004997501249375312,0.8675662168915542,2000,2.1594421613580732e-75,1.0695672279287858e-74,0.0017165330378289116,0.008501952567991999,1.0,1.0
phrase_function_1_2gram_psalm,Klagelied des Volkes,406,8034,0.0481042654028436,0.04196914019615945,0.013710533553604038,0.07805205062707132,0.4633730291580978,0.3281746128441478,0.5571530297332573,0.9936874069664959,0.8370814592703648,1.0,2000,0.9997895658449124,1.0,0.9448221094931988,1.0,1.0,1.0
phrase_function_1_2gram_psalm,Königspsalm,45,2964,0.014955134596211365,0.013551697044930993,0.002610408083437341,0.03399581869006537,0.4645748987854251,0.2931381804520683,0.6638761476041274,0.7930321586009096,0.7006496751624188,1.0,2000,0.9788990707729978,1.0,0.8648644427786107,1.0,1.0,1.0
phrase_function_1_2gram_psalm,Liturgie,153,5161,0.028791870530673693,0.02215690182354541,0.007008668627506979,0.03768703729538142,0.4019183595417111,0.2872815742953341,0.48317131782929235,0.9999827380732781,0.9940029985007496,1.0,2000,0.9999999999461058,1.0,0.999000499750125,1.0,1.0,1.0
phrase_function_1_2gram_psalm,Mischgedicht,45,2879,0.015389876880984952,0.01575885346347613,0.007063697257132644,0.026981583923862164,0.5005480297942959,0.36703019772131396,0.602033965546927,0.4949951183975913,0.46026986506746626,1.0,2000,0.5844042828966234,1.0,0.5468310620808999,1.0,1.0,1.0
phrase_function_1_2gram_psalm,Thronbesteigungslied,21,2097,0.009915014164305949,0.07679061754200003,0.003337518924092266,0.4492638435004221,0.612325998592093,0.3584648377909657,0.9276708852426373,0.03805595009576525,0.08895552223888056,0.7881059470264867,2000,0.09110363810804409,0.4512344317856934,0.2196089455272364,1.0,1.0,1.0
phrase_function_1_2gram_psalm,Wallfahrtslied,0,305,0.0,nan,nan,nan,nan,nan,nan,nan,nan,0.0004997501249375312,2000,nan,nan,nan,nan,0.0004997501249375312,0.002475252013466025
phrase_function_1_2gram_psalm,Weisheitsgedicht,55,3254,0.01662133575098217,0.015718729251628,0.003537507365025634,0.03866422601725205,0.42333910711292394,0.2954025458823638,0.559891722381322,0.974579215784732,0.9055472263868066,1.0,2000,0.9999998040278182,1.0,0.9995002498750625,1.0,1.0,1.0
phrase_function_1_2gram_psalm,Zionslied,15,1805,0.008241758241758242,0.02066242384375834,0.0033252217513954248,0.050186294231626,0.7235272391505079,0.373070917047832,0.82292751061898,0.0014151827363507378,0.015492253873063468,0.3963018490754623,2000,0.004140719858211418,0.02050889965763937,0.043710287713286215,0.21649614932065342,1.0,1.0
phrase_function_1_2gram_psalm,prophetische Gerichtsrede,1,605,0.0016501650165016502,0.003472222222222222,nan,nan,0.5272727272727272,nan,nan,0.4635516113753629,0.45791583166332667,0.999000499750125,2000,0.6340833131175253,1.0,0.6029225116900467,1.0,1.0,1.0
phrase_function_1_2gram_psalm,"prophetische Schelt-, Droh- und Mahnrede",21,2088,0.00995732574679943,0.03052451965270287,0.002395845247289359,0.11419297922570426,0.48474274767378217,0.17732340369829735,0.6570127207860275,0.5952696050526488,0.5357321339330335,1.0,2000,0.9901761234581943,1.0,0.9367588932806324,1.0,1.0,1.0
phrase_function_1_2gram_psalm,prophetische Tora,0,304,0.0,nan,nan,nan,nan,nan,nan,nan,nan,0.0004997501249375312,2000,nan,nan,nan,nan,0.0004997501249375312,0.002475252013466025
phrase_function_1_2gram_psalm,prophetisches Stück,28,2381,0.011623080116230802,0.013845082149706771,0.0034710939429826687,0.09324326400151083,0.4190541189176216,0.21274499121927484,0.6430283488251123,0.9298902567307035,0.8825587206396801,1.0,2000,0.9931819757463919,1.0,0.9828506799231963,1.0,1.0,1.0
phrase_function_1gram,Danklied Israels,6,1206,0.0049504950495049506,0.005106175974002319,0.0022706524747466705,0.012679253100965945,0.4357379767827529,0.12425724703959883,0.8016245147486877,0.7068791918418225,0.6711644177911045,1.0,2000,0.9803301302734929,1.0,0.992574225707659,1.0,1.0,1.0
phrase_function_1gram,Danklied des Einzelnen,276,6760,0.03922683342808414,0.03925217364765264,0.02458471015291789,0.06559901160407462,0.48832674084555355,0.39351755768933294,0.6007822556521499,0.7448774866805161,0.6166916541729135,1.0,2000,0.8406474492537254,1.0,0.6884022777343723,1.0,1.0,1.0
phrase_function_1gram,Fluch,1,608,0.0016420361247947454,0.010101010101010102,nan,nan,0.8388157894736842,nan,nan,0.12121718428087475,0.12074148296593186,0.22688655672163918,2000,0.9026111339737467,1.0,0.8844142831116778,1.0,1.0,1.0
phrase_function_1gram,Hymnus,2850,17485,0.140152446520777,0.12165553469070745,0.08879683013626005,0.17747500879229536,0.4374420380376162,0.39194540058797533,0.4597923830669526,1.0,0.999000499750125,1.0,2000,1.0,1.0,1.0,1.0,1.0,1.0
phrase_function_1gram,Klagelied des Einzelnen,4095,19594,0.17286504284689097,0.20676574783845725,0.14720680173114217,0.27930427720470585,0.5449668938798264,0.5009729996770073,0.5901139753837771,6.204459446371836e-20,0.025487256371814093,0.9830084957521239,2000,8.599163092339914e-20,4.2591476612632637e-19,0.037286912099505805,0.18468130300471508,1.0,1.0
phrase_function_1gram,Klagelied des Volkes,406,8034,0.0481042654028436,0.053014328871891905,0.030511316850662207,0.07854072842158479,0.549025631215119,0.4576465531859165,0.7143375375053798,0.0004212410206266047,0.0944527736131934,0.9785107446276862,2000,0.004754005804214539,0.023546492240261323,0.78143686777301,1.0,1.0,1.0
phrase_function_1gram,Königspsalm,45,2964,0.014955134596211365,0.033749354758109584,0.012795254240081945,0.10567780871088729,0.7209176788124156,0.589999662210939,0.8956099891922811,1.751100054471117e-07,0.0014992503748125937,0.4362818590704648,2000,2.305615071720304e-06,1.1419663675455145e-05,0.01974012993503248,0.09777245453190798,1.0,1.0
phrase_function_1gram,Liturgie,153,5161,0.028791870530673693,0.035896982764325236,0.020833847706059068,0.05758452816524846,0.5946521991862043,0.5014199534055372,0.7432788125835128,3.214340947667796e-05,0.019490254872563718,0.8450774612693653,2000,0.00016928862324383726,0.0008384830430879403,0.10528069298683992,0.5214530908368427,1.0,1.0
phrase_function_1gram,Mischgedicht,45,2879,0.015389876880984952,0.032037627139613035,0.01505432682783769,0.06849158073736267,0.7252325267261008,0.5637765789741784,0.8550078617325908,1.0373139711344004e-07,0.0004997501249375312,0.42278860569715143,2000,4.55265576220098e-07,2.254920965435336e-06,0.0024675162418790605,0.0122215568164885,1.0,1.0
phrase_function_1gram,Thronbesteigungslied,21,2097,0.009915014164305949,0.02061821798132964,0.006667963360209179,0.07077478914182471,0.6479324204646093,0.44932279012747006,0.9192440528508927,0.009746850199512436,0.03798100949525238,0.6506746626686657,2000,0.03853699116654244,0.1908729187207911,0.15247548639473366,0.7552079246602549,1.0,1.0
phrase_function_1gram,Wallfahrtslied,0,305,0.0,nan,nan,nan,nan,nan,nan,nan,nan,0.0004997501249375312,2000,nan,nan,nan,nan,0.0004997501249375312,0.002475252013466025
phrase_function_1gram,Weisheitsgedicht,55,3254,0.01662133575098217,0.020805923860969903,0.00779423664966144,0.04059967713978129,0.5828798122590378,0.46635718612106414,0.7508033740963707,0.017383515011686796,0.09495252373813093,0.8960519740129935,2000,0.05722073691346904,0.2834131242584049,0.30086680797532267,1.0,1.0,1.0
phrase_function_1gram,Zionslied,15,1805,0.008241758241758242,0.04730595764593586,0.011129033233362201,0.17264468600481545,0.8616620498614959,0.6642154077899772,0.9529274024510322,6.8062606122116e-07,0.0004997501249375312,0.19140429785107446,2000,1.0753891767294329e-05,5.326380309143158e-05,0.007896051974012993,0.03910898181276319,1.0,1.0
phrase_function_1gram,prophetische Gerichtsrede,1,605,0.0016501650165016502,0.006535947712418301,nan,nan,0.7504132231404959,nan,nan,0.19402224805564572,0.18687374749498997,0.36481759120439783,2000,0.4951456069202817,1.0,0.49597632765531063,1.0,0.9798282676843396,1.0
phrase_function_1gram,"prophetische Schelt-, Droh- und Mahnrede",21,2088,0.00995732574679943,0.032367118082349045,0.005322124875346645,0.5,0.4539545703338807,0.31835716342366127,0.9985669037487854,0.7664814024686939,0.7061469265367316,1.0,2000,0.9901761234581943,1.0,0.9367588932806324,1.0,1.0,1.0
phrase_function_1gram,prophetische Tora,0,304,0.0,nan,nan,nan,nan,nan,nan,nan,nan,0.0004997501249375312,2000,nan,nan,nan,nan,0.0004997501249375312,0.002475252013466025
phrase_function_1gram,prophetisches Stück,28,2381,0.011623080116230802,0.011309931347006164,0.004658813306442845,0.023608447967529263,0.498762524749505,0.3775764198946677,0.9166232523680862,0.509048453575331,0.4832583708145927,1.0,2000,0.9931819757463919,1.0,0.9828506799231963,1.0,1.0,1.0
phrase_function_1gram_psalm,Danklied Israels,6,1206,0.0049504950495049506,0.004302024590635148,0.0017032934780600092,0.009754668397450688,0.36138750690989496,0.02803292152623616,0.7210078865604156,0.8796910249902218,0.904047976011994,1.0,2000,0.9803301302734929,1.0,0.992574225707659,1.0,1.0,1.0
phrase_function_1gram_psalm,Danklied des Einzelnen,276,6760,0.03922683342808414,0.049183217699752244,0.03213534290888536,0.06722485818884696,0.5826596132407169,0.49936833006513387,0.6510605126066699,1.5612980229909335e-06,0.019490254872563718,0.889055472263868,2000,6.852363545349098e-06,3.393961465191571e-05,0.09057236087838434,0.44860302667581314,1.0,1.0
phrase_function_1gram_psalm,Fluch,1,608,0.0016420361247947454,0.004032258064516129,nan,nan,0.6266447368421053,nan,nan,0.33167577990478053,0.33216432865731466,0.7321339330334833,2000,0.9026111339737467,1.0,0.8844142831116778,1.0,1.0,1.0
phrase_function_1gram_psalm,Hymnus,2850,17485,0.140152446520777,0.1654967966497195,0.09656406310873508,0.2672379676000306,0.5064779133994551,0.44917319811425754,0.6103169677320365,0.13331530473948755,0.36881559220389803,1.0,2000,0.42127636297678067,1.0,1.0,1.0,1.0,1.0
phrase_function_1gram_psalm,Klagelied des Einzelnen,4095,19594,0.17286504284689097,0.22857600868119096,0.15005186433429582,0.30128389138505945,0.5959916275982419,0.5382567604958596,0.6757183579518904,9.743260520738792e-84,0.0004997501249375312,0.8380809595202399,2000,7.697175811383645e-83,3.812395230018384e-82,0.0017165330378289116,0.008501952567991999,1.0,1.0
phrase_function_1gram_psalm,Klagelied des Volkes,406,8034,0.0481042654028436,0.043651275741962633,0.014883414053560872,0.0740441914932562,0.4732503853695685,0.3636900268980274,0.547349701091762,0.9657390708714623,0.7786106946526736,1.0,2000,0.9997895658449124,1.0,0.9448221094931988,1.0,1.0,1.0
phrase_function_1gram_psalm,Königspsalm,45,2964,0.014955134596211365,0.014346754309840348,0.001409757427025885,0.036796808444727276,0.4720572799520168,0.313620203232105,0.6698487319494186,0.7403562326519173,0.6636681659170415,1.0,2000,0.9788990707729978,1.0,0.8648644427786107,1.0,1.0,1.0
phrase_function_1gram_psalm,Liturgie,153,5161,0.028791870530673693,0.023743450953491844,0.00869720577007626,0.03987885059531208,0.4309394364217301,0.3113301437067999,0.5011300190826125,0.9982272484410671,0.9615192403798101,1.0,2000,0.9999999999461058,1.0,0.999000499750125,1.0,1.0,1.0
phrase_function_1gram_psalm,Mischgedicht,45,2879,0.015389876880984952,0.015141940238090637,0.007194172817438754,0.027855619534590283,0.49198024005248736,0.359589738448078,0.6025091771279916,0.5733785999339207,0.5112443778110944,1.0,2000,0.6470987056397105,1.0,0.5853377658996588,1.0,1.0,1.0
phrase_function_1gram_psalm,Thronbesteigungslied,21,2097,0.009915014164305949,0.0852288004631286,0.004396989205552893,0.46697815244528673,0.6585144310466199,0.28506637568606846,0.9398853287231701,0.006155074163625906,0.031984007996002,0.616191904047976,2000,0.03822838388366126,0.18934439324334895,0.15247548639473366,0.7552079246602549,1.0,1.0
phrase_function_1gram_psalm,Wallfahrtslied,0,305,0.0,nan,nan,nan,nan,nan,nan,nan,nan,0.0004997501249375312,2000,nan,nan,nan,nan,0.0004997501249375312,0.002475252013466025
phrase_function_1gram_psalm,Weisheitsgedicht,55,3254,0.01662133575098217,0.015871250775960133,0.004032904436312385,0.03346442865417319,0.4363580488350003,0.3040635834033111,0.5636772411902109,0.9475115361904205,0.8745627186406797,1.0,2000,0.9999998040278182,1.0,0.9995002498750625,1.0,1.0,1.0
phrase_function_1gram_psalm,Zionslied,15,1805,0.008241758241758242,0.05299101195294535,0.016121870212057736,0.27247667638916223,0.9004432132963989,0.7984789564758409,0.9626949079821774,4.427130391393017e-08,0.0004997501249375312,0.13143428285857073,2000,3.4974330092004833e-06,1.732271322407006e-05,0.007896051974012993,0.03910898181276319,1.0,1.0
phrase_function_1gram_psalm,prophetische Gerichtsrede,1,605,0.0016501650165016502,0.004807692307692308,nan,nan,0.6595041322314049,nan,nan,0.29152304493034353,0.2740480961923848,0.6126936531734133,2000,0.5905210397306958,1.0,0.5768662324649299,1.0,1.0,1.0
phrase_function_1gram_psalm,"prophetische Schelt-, Droh- und Mahnrede",21,2088,0.00995732574679943,0.03092895358667992,0.0025273180234125702,0.11401651833736143,0.48757069877759535,0.24363865674706275,0.6847667977759843,0.57787606023699,0.519240379810095,1.0,2000,0.9901761234581943,1.0,0.9367588932806324,1.0,1.0,1.0
phrase_function_1gram_psalm,prophetische Tora,0,304,0.0,nan,nan,nan,nan,nan,nan,nan,nan,0.0004997501249375312,2000,nan,nan,nan,nan,0.0004997501249375312,0.002475252013466025
phrase_function_1gram_psalm,prophetisches Stück,28,2381,0.011623080116230802,0.013650128983990255,0.003972659464186863,0.09901091438471711,0.4399562008759825,0.07955817130133651,0.5862724850878376,0.8630526376339065,0.8045977011494253,1.0,2000,0.9931819757463919,1.0,0.9828506799231963,1.0,1.0,1.0
phrase_marginal_typ_function,Danklied Israels,6,1206,0.0049504950495049506,0.005298077551404163,0.002667485727518683,0.013493022755238912,0.46199557766721944,0.2229178147406329,0.8560391174474442,0.6263233045701476,0.5812093953023488,1.0,2000,0.9803301302734929,1.0,0.992574225707659,1.0,1.0,1.0
phrase_marginal_typ_function,Danklied des Einzelnen,276,6760,0.03922683342808414,0.04146697785898702,0.0237470816902843,0.07366517156733639,0.5000699446874196,0.39595509203203716,0.6501346525589952,0.4984320895253066,0.48425787106446777,1.0,2000,0.6057866934230649,1.0,0.5885595663706608,1.0,1.0,1.0
phrase_marginal_typ_function,Fluch,1,608,0.0016420361247947454,0.003125,nan,nan,0.4753289473684211,nan,nan,0.5351280194546589,0.5220440881763527,1.0,2000,0.9026111339737467,1.0,0.8844142831116778,1.0,1.0,1.0
phrase_marginal_typ_function,Hymnus,2850,17485,0.140152446520777,0.11830825083650578,0.0879497709155654,0.16127823585447407,0.4222072854426601,0.38497399463503873,0.46079010009647947,1.0,1.0,1.0,2000,1.0,1.0,1.0,1.0,1.0,1.0
phrase_marginal_typ_function,Klagelied des Einzelnen,4095,19594,0.17286504284689097,0.20970119388009134,0.15055279017886974,0.28708406791722435,0.546216902759722,0.4994113930813142,0.587765801076445,5.958124698782234e-21,0.02798600699650175,0.9905047476261869,2000,8.880978324599932e-21,4.3987301618507736e-20,0.03878762373199365,0.19211429662409993,1.0,1.0
phrase_marginal_typ_function,Klagelied des Volkes,406,8034,0.0481042654028436,0.05271092533536729,0.030842629305799393,0.07757698136999089,0.5466609888270417,0.4481183412761762,0.7114988529653321,0.0007429491729107194,0.1089455272363818,0.9890054972513743,2000,0.007336623082493354,0.036338142105022966,0.78143686777301,1.0,1.0,1.0
phrase_marginal_typ_function,Königspsalm,45,2964,0.014955134596211365,0.031083007189990713,0.011496786145343198,0.07622956034296388,0.7001199580146948,0.5548289150843143,0.8918361932224762,1.969169589535452e-06,0.0034982508745627187,0.4767616191904048,2000,1.4142217961209156e-05,7.004611252020007e-05,0.022856992556353404,0.11321021051063032,1.0,1.0
phrase_marginal_typ_function,Liturgie,153,5161,0.028791870530673693,0.034417836049431945,0.01936462164084386,0.056964833108296656,0.5897043309993377,0.49385479720867187,0.7294694650302792,7.606040293796485e-05,0.031484257871064465,0.8680659670164917,2000,0.00033382065733884576,0.0016534067986832745,0.11305710780973148,0.5599695123191094,1.0,1.0
phrase_marginal_typ_function,Mischgedicht,45,2879,0.015389876880984952,0.03628911906477665,0.016844947359576323,0.08484083924699,0.749237775462159,0.6096524130667532,0.8826222265414456,4.570282466225757e-09,0.0004997501249375312,0.3658170914542729,2000,3.588866256634385e-08,1.777558020401687e-07,0.0024675162418790605,0.0122215568164885,1.0,1.0
phrase_marginal_typ_function,Thronbesteigungslied,21,2097,0.009915014164305949,0.019379364547734996,0.006587936943790403,0.08150194860097303,0.6484547085405454,0.44964043850330415,0.8925819098023224,0.00953395322463199,0.04397801099450275,0.6486756621689156,2000,0.03853699116654244,0.1908729187207911,0.15247548639473366,0.7552079246602549,1.0,1.0
phrase_marginal_typ_function,Wallfahrtslied,0,305,0.0,nan,nan,nan,nan,nan,nan,nan,nan,0.0004997501249375312,2000,nan,nan,nan,nan,0.0004997501249375312,0.002475252013466025
phrase_marginal_typ_function,Weisheitsgedicht,55,3254,0.01662133575098217,0.021152096696059497,0.008563514202856377,0.044359766674318575,0.595552327205677,0.48252837549108507,0.7924894899681009,0.007469416618961775,0.06996501749125437,0.8490754622688655,2000,0.028099233947522867,0.1391749234963232,0.2763618190904548,1.0,1.0,1.0
phrase_marginal_typ_function,Zionslied,15,1805,0.008241758241758242,0.05845948739303444,0.013045445069791273,0.3659537841679317,0.86797783933518,0.7788046875348273,0.968193886603761,4.440079979462604e-07,0.0004997501249375312,0.16741629185407297,2000,9.519593806922842e-06,4.7150350869666906e-05,0.007896051974012993,0.03910898181276319,1.0,1.0
phrase_marginal_typ_function,prophetische Gerichtsrede,1,605,0.0016501650165016502,0.006289308176100629,nan,nan,0.740495867768595,nan,nan,0.20358870418499775,0.19138276553106212,0.3823088455772114,2000,0.4951456069202817,1.0,0.49597632765531063,1.0,0.9798282676843396,1.0
phrase_marginal_typ_function,"prophetische Schelt-, Droh- und Mahnrede",21,2088,0.00995732574679943,0.02438599086911667,0.00491288837819541,0.5,0.4454707170224412,0.29817224878475307,0.9981049933466535,0.8054583779281794,0.744127936031984,1.0,2000,0.9901761234581943,1.0,0.9367588932806324,1.0,1.0,1.0
phrase_marginal_typ_function,prophetische Tora,0,304,0.0,nan,nan,nan,nan,nan,nan,nan,nan,0.0004997501249375312,2000,nan,nan,nan,nan,0.0004997501249375312,0.002475252013466025
phrase_marginal_typ_function,prophetisches Stück,28,2381,0.011623080116230802,0.009961221595995913,0.0044914356010895455,0.01930501687439322,0.44678856422871543,0.3316337477209147,0.8268197924075879,0.8338850676241318,0.7671164417791104,1.0,2000,0.9931819757463919,1.0,0.9828506799231963,1.0,1.0,1.0
phrase_marginal_typ_function_psalm,Danklied Israels,6,1206,0.0049504950495049506,0.004278878022705096,0.0016789999804290745,0.009982743938657876,0.33388612493090103,0.09452464318665028,0.7937118817603463,0.9201593243831323,0.9420289855072463,1.0,2000,0.9803301302734929,1.0,0.992574225707659,1.0,1.0,1.0
phrase_marginal_typ_function_psalm,Danklied des Einzelnen,276,6760,0.03922683342808414,0.05010906027336207,0.030858399490808215,0.06786771636431137,0.6040752829945973,0.5239722867396128,0.675021942387439,2.1715450164589074e-09,0.0079960019990005,0.8180909545227386,2000,2.8592009383375614e-08,1.4161563001927518e-07,0.09057236087838434,0.44860302667581314,1.0,1.0
phrase_marginal_typ_function_psalm,Fluch,1,608,0.0016420361247947454,0.002967359050445104,nan,nan,0.48026315789473684,nan,nan,0.5283505409372075,0.5280561122244489,1.0,2000,0.9026111339737467,1.0,0.8844142831116778,1.0,1.0,1.0
phrase_marginal_typ_function_psalm,Hymnus,2850,17485,0.140152446520777,0.1668495693091929,0.09838625129670749,0.2645066999230058,0.5142808422256672,0.4586519216519796,0.6138968948171197,0.0071642857144491685,0.248375812093953,0.9995002498750625,2000,0.02978834586534128,0.14754105982509771,0.9810844577711144,1.0,1.0,1.0
phrase_marginal_typ_function_psalm,Klagelied des Einzelnen,4095,19594,0.17286504284689097,0.22826169774772193,0.14772623317237701,0.3009904754634331,0.5896147907528942,0.534851530634075,0.6700195836584791,2.915776301750697e-73,0.0004997501249375312,0.8700649675162418,2000,1.3549783990488534e-72,6.71117993390774e-72,0.0017165330378289116,0.008501952567991999,1.0,1.0
phrase_marginal_typ_function_psalm,Klagelied des Volkes,406,8034,0.0481042654028436,0.043052985375187716,0.014427370875498325,0.07569352572286571,0.4680153988406416,0.35338802466883956,0.5499221028568839,0.9852985635966556,0.8160919540229885,1.0,2000,0.9997895658449124,1.0,0.9448221094931988,1.0,1.0,1.0
phrase_marginal_typ_function_psalm,Königspsalm,45,2964,0.014955134596211365,0.014456683535166734,0.0018844314666788308,0.035663571118169625,0.46961313540260907,0.2993180005252705,0.6562370994227488,0.7582879055097352,0.6676661669165417,1.0,2000,0.9788990707729978,1.0,0.8648644427786107,1.0,1.0,1.0
phrase_marginal_typ_function_psalm,Liturgie,153,5161,0.028791870530673693,0.022429903584533437,0.007826835555946652,0.03802846296152279,0.40590628811105917,0.26571129084385403,0.4863310337874605,0.9999645112888741,0.993503248375812,1.0,2000,0.9999999999461058,1.0,0.999000499750125,1.0,1.0,1.0
phrase_marginal_typ_function_psalm,Mischgedicht,45,2879,0.015389876880984952,0.015975227291558137,0.0075959169419087735,0.02766750430652597,0.5128285284242213,0.3576012432902341,0.6120220849059768,0.3837412888899927,0.39780109945027486,0.9995002498750625,2000,0.5438637006103411,1.0,0.5387145137108865,1.0,1.0,1.0
phrase_marginal_typ_function_psalm,Thronbesteigungslied,21,2097,0.009915014164305949,0.08871720353409766,0.003966012576996908,0.4969357409798277,0.5996094193519086,0.29600105524750864,0.9421141802079269,0.05787313633027841,0.1089455272363818,0.8350824587706147,2000,0.13062793628834268,0.6469974616875764,0.24590561861926177,1.0,1.0,1.0
phrase_marginal_typ_function_psalm,Wallfahrtslied,0,305,0.0,nan,nan,nan,nan,nan,nan,nan,nan,0.0004997501249375312,2000,nan,nan,nan,nan,0.0004997501249375312,0.002475252013466025
phrase_marginal_typ_function_psalm,Weisheitsgedicht,55,3254,0.01662133575098217,0.01569610625764728,0.004444675899872053,0.050814928595055424,0.41993630217354866,0.3021762479061189,0.5396778233310219,0.9792995497674323,0.9230384807596201,1.0,2000,0.9999998040278182,1.0,0.9995002498750625,1.0,1.0,1.0
phrase_marginal_typ_function_psalm,Zionslied,15,1805,0.008241758241758242,0.04894424713129953,0.01294224345915835,0.13937429755654213,0.8899168975069252,0.7674001117672498,0.9496200843934175,9.534877999380817e-08,0.0004997501249375312,0.12743628185907047,2000,3.766276809755423e-06,1.8654290997491635e-05,0.007896051974012993,0.03910898181276319,1.0,1.0
phrase_marginal_typ_function_psalm,prophetische Gerichtsrede,1,605,0.0016501650165016502,0.003472222222222222,nan,nan,0.5272727272727272,nan,nan,0.46355161529757605,0.43837675350701405,0.9980009995002499,2000,0.6340833131175253,1.0,0.6029225116900467,1.0,1.0,1.0
phrase_marginal_typ_function_psalm,"prophetische Schelt-, Droh- und Mahnrede",21,2088,0.00995732574679943,0.0286508349710611,0.0024145034036964844,0.11001031599368873,0.4390622149242839,0.19394260527353163,0.6756448707748699,0.8321022497977456,0.7721139430284858,1.0,2000,0.9901761234581943,1.0,0.9367588932806324,1.0,1.0,1.0
phrase_marginal_typ_function_psalm,prophetische Tora,0,304,0.0,nan,nan,nan,nan,nan,nan,nan,nan,0.0004997501249375312,2000,nan,nan,nan,nan,0.0004997501249375312,0.002475252013466025
phrase_marginal_typ_function_psalm,prophetisches Stück,28,2381,0.011623080116230802,0.015828365776968913,0.00426034075120462,0.16251084418864872,0.4298989020219596,0.1925340203717904,0.6101103949923762,0.8992662456073235,0.8555722138930535,1.0,2000,0.9931819757463919,1.0,0.9828506799231963,1.0,1.0,1.0
phrase_rela_1_2_3gram,Danklied Israels,6,1206,0.0049504950495049506,0.005790186054592025,0.002945562088206373,0.010913484471944585,0.5172056384742952,0.32661473249645395,0.7260778225185287,0.4423537345726234,0.37831084457771114,0.9995002498750625,2000,0.9803301302734929,1.0,0.992574225707659,1.0,1.0,1.0
phrase_rela_1_2_3gram,Danklied des Einzelnen,276,6760,0.03922683342808414,0.04262370889552807,0.027586871849521216,0.06470426405129318,0.5077019552354001,0.4473596021266458,0.5851408961542247,0.3319885083859565,0.37681159420289856,1.0,2000,0.46012442390334324,1.0,0.5315734989648033,1.0,1.0,1.0
phrase_rela_1_2_3gram,Fluch,1,608,0.0016420361247947454,0.0022675736961451248,nan,nan,0.28207236842105265,nan,nan,0.7754332402796242,0.7935871743486974,1.0,2000,0.9026111339737467,1.0,0.9103206412825653,1.0,1.0,1.0
phrase_rela_1_2_3gram,Hymnus,2850,17485,0.140152446520777,0.130815018245418,0.09126399551468695,0.2011596740547267,0.4314795739706716,0.3997676438975108,0.46238130684397644,1.0,1.0,1.0,2000,1.0,1.0,1.0,1.0,1.0,1.0
phrase_rela_1_2_3gram,Klagelied des Einzelnen,4095,19594,0.17286504284689097,0.19363061784299415,0.14450038619731811,0.2619144531680446,0.5513338724832039,0.5032896867888533,0.5924980888177993,2.111131517769884e-25,0.0079960019990005,0.9740129935032483,2000,3.548497657528103e-25,1.7575635369123396e-24,0.014037425731578655,0.06952707877824568,1.0,1.0
phrase_rela_1_2_3gram,Klagelied des Volkes,406,8034,0.0481042654028436,0.047516286205199876,0.02260059331434145,0.06966409687193373,0.5227886163607623,0.4667337346735974,0.6092126674419018,0.06035292918462596,0.24087956021989004,0.9985007496251874,2000,0.21701534481088966,1.0,0.78143686777301,1.0,1.0,1.0
phrase_rela_1_2_3gram,Königspsalm,45,2964,0.014955134596211365,0.03371748374607871,0.006498993091644913,0.11000774208800265,0.6099190283400809,0.40715385312846103,0.8870445490920663,0.005627921420421165,0.05697151424287856,0.7926036981509246,2000,0.015331234214250759,0.07593528538384456,0.15002498750624688,0.7430706544425008,1.0,1.0
phrase_rela_1_2_3gram,Liturgie,153,5161,0.028791870530673693,0.03884651952930425,0.020325024691961277,0.06370064026046764,0.6025267434365078,0.5248629439728576,0.7318042550795862,7.489045866979243e-06,0.010994502748625687,0.815592203898051,2000,4.8727729489249236e-05,0.00024134743447031386,0.09718217814169837,0.48134131461862395,1.0,1.0
phrase_rela_1_2_3gram,Mischgedicht,45,2879,0.015389876880984952,0.02953467785106396,0.013535197790545402,0.06449306665596553,0.71465786731504,0.5345002616905963,0.8399377710080603,3.733273708476663e-07,0.00399800099950025,0.47626186906546725,2000,1.4746431148482818e-06,7.303876791683212e-06,0.013160086623354989,0.06518163635460532,1.0,1.0
phrase_rela_1_2_3gram,Thronbesteigungslied,21,2097,0.009915014164305949,0.01062655776271992,0.0039279022169867,0.024895780454864964,0.5313713468219906,0.3620213048718363,0.7089845573585757,0.31021091599770023,0.303848075962019,0.9955022488755623,2000,0.4455756793421512,1.0,0.4445184814999908,1.0,1.0,1.0
phrase_rela_1_2_3gram,Wallfahrtslied,0,305,0.0,nan,nan,nan,nan,nan,nan,nan,nan,0.0004997501249375312,2000,nan,nan,nan,nan,0.0004997501249375312,0.002475252013466025
phrase_rela_1_2_3gram,Weisheitsgedicht,55,3254,0.01662133575098217,0.01517506688238783,0.005879351022019841,0.030550396505984376,0.46936358048835003,0.3868889145327568,0.6485141411599845,0.7824401049463909,0.7016491754122939,1.0,2000,0.9999998040278182,1.0,0.9995002498750625,1.0,1.0,1.0
phrase_rela_1_2_3gram,Zionslied,15,1805,0.008241758241758242,0.010859509008721345,0.0024197270789006364,0.0532044085994867,0.5983194829178209,0.22721783662034523,0.920325097461823,0.0945738754399405,0.127936031984008,0.8295852073963018,2000,0.149426723195106,0.7401074637060874,0.20626421483135982,1.0,1.0,1.0
phrase_rela_1_2_3gram,prophetische Gerichtsrede,1,605,0.0016501650165016502,0.0023584905660377358,nan,nan,0.30247933884297523,nan,nan,0.7537215041195504,0.7585170340681363,1.0,2000,0.7850406942987646,1.0,0.7931252114618847,1.0,1.0,1.0
phrase_rela_1_2_3gram,"prophetische Schelt-, Droh- und Mahnrede",21,2088,0.00995732574679943,0.009832546786406162,0.002907515305678845,0.028889868846866076,0.4539317642765919,0.25415032063542276,0.7867960972740596,0.7666071858760883,0.6981509245377311,1.0,2000,0.9901761234581943,1.0,0.9367588932806324,1.0,1.0,1.0
phrase_rela_1_2_3gram,prophetische Tora,0,304,0.0,nan,nan,nan,nan,nan,nan,nan,nan,0.0004997501249375312,2000,nan,nan,nan,nan,0.0004997501249375312,0.002475252013466025
phrase_rela_1_2_3gram,prophetisches Stück,28,2381,0.011623080116230802,0.013423523917124236,0.004771559461580591,0.03816425095254111,0.503359932801344,0.3728017339630064,0.8417767188225778,0.4756469573386108,0.4307846076961519,1.0,2000,0.9931819757463919,1.0,0.9828506799231963,1.0,1.0,1.0
phrase_rela_1_2_3gram_psalm,Danklied Israels,6,1206,0.0049504950495049506,0.005061302307623906,0.0017955986819694007,0.013793061127873707,0.40263957987838583,0.027452884576476138,0.8427548900864665,0.7951491394890473,0.7966016991504248,1.0,2000,0.9803301302734929,1.0,0.992574225707659,1.0,1.0,1.0
phrase_rela_1_2_3gram_psalm,Danklied des Einzelnen,276,6760,0.03922683342808414,0.04196347815910582,0.025592834869382367,0.05585099157033818,0.5143115942028985,0.44424298740220963,0.5786262118532739,0.2097535328356122,0.31434282858570717,1.0,2000,0.352564448808795,1.0,0.5297533051655989,1.0,1.0,1.0
phrase_rela_1_2_3gram_psalm,Fluch,1,608,0.0016420361247947454,0.0036900369003690036,nan,nan,0.5904605263157895,nan,nan,0.3782281195171827,0.342685370741483,0.8630684657671165,2000,0.9026111339737467,1.0,0.8844142831116778,1.0,1.0,1.0
phrase_rela_1_2_3gram_psalm,Hymnus,2850,17485,0.140152446520777,0.17541287524175828,0.10185422851549425,0.2686585301378829,0.5437844869537297,0.48024948911382503,0.6324850851106352,2.98827372598638e-14,0.03698150924537731,0.9865067466266867,2000,5.901840608823101e-13,2.923169424314001e-12,0.6711644177911044,1.0,1.0,1.0
phrase_rela_1_2_3gram_psalm,Klagelied des Einzelnen,4095,19594,0.17286504284689097,0.21201494873015775,0.13936578786846973,0.26972813388313827,0.5687215118928909,0.5170088680179714,0.6480359337526702,5.950170455339565e-44,0.001999000499750125,0.935032483758121,2000,1.8802538638873024e-43,9.312858426991053e-43,0.0050942270800083825,0.025231601169524644,1.0,1.0
phrase_rela_1_2_3gram_psalm,Klagelied des Volkes,406,8034,0.0481042654028436,0.04200158515160478,0.016240389994159044,0.06816934899578597,0.4648456804884659,0.37708663507701123,0.5242791019260947,0.9916646575827286,0.8305847076461769,1.0,2000,0.9997895658449124,1.0,0.9448221094931988,1.0,1.0,1.0
phrase_rela_1_2_3gram_psalm,Königspsalm,45,2964,0.014955134596211365,0.013778240662405442,0.00242982084066682,0.036866804609951245,0.4350277402908982,0.3008215088914067,0.5838471693598366,0.9329789950833371,0.8810594702648675,1.0,2000,0.999238174620484,1.0,0.9405905155530342,1.0,1.0,1.0
phrase_rela_1_2_3gram_psalm,Liturgie,153,5161,0.028791870530673693,0.02627956749090338,0.007736452860494316,0.04488604193170493,0.4715760359559441,0.3746874936403522,0.555643599581811,0.8849664245025675,0.7106446776611695,1.0,2000,0.9999999999461058,1.0,0.999000499750125,1.0,1.0,1.0
phrase_rela_1_2_3gram_psalm,Mischgedicht,45,2879,0.015389876880984952,0.017517108392675326,0.007320213643630099,0.032347158449727534,0.5102890664196673,0.4078929350318621,0.6508677336285607,0.4062792111387438,0.384807596201899,1.0,2000,0.5438637006103411,1.0,0.5387145137108865,1.0,1.0,1.0
phrase_rela_1_2_3gram_psalm,Thronbesteigungslied,21,2097,0.009915014164305949,0.013919177406629988,0.0034749261206583203,0.0788833412950678,0.44110634239389607,0.2735841941971592,0.7652213466338857,0.8239092292599053,0.7646176911544228,1.0,2000,0.9016121712966642,1.0,0.8382794903917905,1.0,1.0,1.0
phrase_rela_1_2_3gram_psalm,Wallfahrtslied,0,305,0.0,nan,nan,nan,nan,nan,nan,nan,nan,0.0004997501249375312,2000,nan,nan,nan,nan,0.0004997501249375312,0.002475252013466025
phrase_rela_1_2_3gram_psalm,Weisheitsgedicht,55,3254,0.01662133575098217,0.016845935192305123,0.0036375548904356977,0.037945772814609674,0.46131753925238866,0.2992681333636586,0.6918301137549939,0.837789607686431,0.7156421789105447,1.0,2000,0.9999998040278182,1.0,0.9995002498750625,1.0,1.0,1.0
phrase_rela_1_2_3gram_psalm,Zionslied,15,1805,0.008241758241758242,0.0059354127067873935,0.0023523783687250635,0.013866633662664945,0.3207202216066482,0.19670791202561624,0.7032008125317835,0.9916912424253421,0.9995002498750625,1.0,2000,0.9916912424253421,1.0,0.9995002498750625,1.0,1.0,1.0
phrase_rela_1_2_3gram_psalm,prophetische Gerichtsrede,1,605,0.0016501650165016502,0.002364066193853428,nan,nan,0.30413223140495865,nan,nan,0.7519181660388952,0.7730460921843687,1.0,2000,0.7850406942987646,1.0,0.7931252114618847,1.0,1.0,1.0
phrase_rela_1_2_3gram_psalm,"prophetische Schelt-, Droh- und Mahnrede",21,2088,0.00995732574679943,0.01008974218632648,0.0019518911783497866,0.049767125945861294,0.45190202517788725,0.19487144157264535,0.7200454856942502,0.7762976044255308,0.7091454272863568,1.0,2000,0.9901761234581943,1.0,0.9367588932806324,1.0,1.0,1.0
phrase_rela_1_2_3gram_psalm,prophetische Tora,0,304,0.0,nan,nan,nan,nan,nan,nan,nan,nan,0.0004997501249375312,2000,nan,nan,nan,nan,0.0004997501249375312,0.002475252013466025
phrase_rela_1_2_3gram_psalm,prophetisches Stück,28,2381,0.011623080116230802,0.015248600302423483,0.002785833298885523,0.0637918233382605,0.4785354292914142,0.16654452803668082,0.5997472223015787,0.652184676370355,0.5737131434282858,1.0,2000,0.9931819757463919,1.0,0.9828506799231963,1.0,1.0,1.0
phrase_rela_1_2gram,Danklied Israels,6,1206,0.0049504950495049506,0.0043774689271167564,0.0021868341345460686,0.00857232101466566,0.4087893864013267,0.2674174915768802,0.6660303963531222,0.7804431592529693,0.7661169415292354,1.0,2000,0.9803301302734929,1.0,0.992574225707659,1.0,1.0,1.0
phrase_rela_1_2gram,Danklied des Einzelnen,276,6760,0.03922683342808414,0.04294806420045942,0.02750505139759876,0.06326499590204479,0.5432601192007547,0.46906114537940546,0.6228257029169594,0.007242775769527193,0.12843578210894552,0.9930034982508745,2000,0.01845739631589188,0.09141910149589778,0.2898979081887627,1.0,1.0,1.0
phrase_rela_1_2gram,Fluch,1,608,0.0016420361247947454,0.0017482517482517483,nan,nan,0.15460526315789475,nan,nan,0.8860175089036701,0.9519038076152304,1.0,2000,0.9190694167562155,1.0,0.9799196787148594,1.0,1.0,1.0
phrase_rela_1_2gram,Hymnus,2850,17485,0.140152446520777,0.1398045885967892,0.09731507483161736,0.19000550175812728,0.4713432365586543,0.4350753432995816,0.5163559640929328,0.9999995789887508,0.8885557221389305,1.0,2000,1.0,1.0,1.0,1.0,1.0,1.0
phrase_rela_1_2gram,Klagelied des Einzelnen,4095,19594,0.17286504284689097,0.20646039562441001,0.13939006007642998,0.2890054546697465,0.570341672209591,0.5126222930918014,0.6276800302252967,3.773468589747077e-46,0.0034982508745627187,0.9445277361319341,2000,1.2961044286522568e-45,6.419578378464145e-45,0.007896051974012993,0.0391089818127632,1.0,1.0
phrase_rela_1_2gram,Klagelied des Volkes,406,8034,0.0481042654028436,0.04176258710170473,0.016799068599142628,0.06392752971274121,0.45035492629232166,0.4242754037313159,0.5116086535774289,0.9996422678174273,0.9340329835082459,1.0,2000,0.9997895658449124,1.0,0.9535232383808095,1.0,1.0,1.0
phrase_rela_1_2gram,Königspsalm,45,2964,0.014955134596211365,0.03526572206784064,0.00892512718860588,0.10125092981381126,0.5905383115909432,0.41978555606344914,0.8786257055645841,0.018385384289223296,0.09195402298850575,0.8665667166416792,2000,0.04401349572268607,0.2179979323084212,0.22013235806339254,1.0,1.0,1.0
phrase_rela_1_2gram,Liturgie,153,5161,0.028791870530673693,0.02615271537494043,0.010561104549304276,0.04392522440582976,0.4780809565962922,0.4401183113146587,0.5493309253825864,0.8227443200761676,0.6736631684157921,1.0,2000,0.9999999999461058,1.0,0.999000499750125,1.0,1.0,1.0
phrase_rela_1_2gram,Mischgedicht,45,2879,0.015389876880984952,0.020022235196888807,0.010048987918161941,0.04559083208946074,0.6348577824090155,0.5288326709037636,0.7782112910228421,0.0009358215976864707,0.031984007996002,0.6911544227886057,2000,0.0021744090063891526,0.010769802752597982,0.07219247519097594,0.3575678337166921,1.0,1.0
phrase_rela_1_2gram,Thronbesteigungslied,21,2097,0.009915014164305949,0.010228623904281222,0.0032609682794675684,0.029574841265305258,0.48902059631673367,0.3028411304294664,0.7120195875490252,0.5690652082245057,0.4947526236881559,1.0,2000,0.6916330992267068,1.0,0.6013147272517587,1.0,1.0,1.0
phrase_rela_1_2gram,Wallfahrtslied,0,305,0.0,nan,nan,nan,nan,nan,nan,nan,nan,0.0004997501249375312,2000,nan,nan,nan,nan,0.0004997501249375312,0.002475252013466025
phrase_rela_1_2gram,Weisheitsgedicht,55,3254,0.01662133575098217,0.01456764905224219,0.004930261760479925,0.029476616985459413,0.4565234396826284,0.38276289911010886,0.6109226220492666,0.866053072587418,0.760119940029985,1.0,2000,0.9999998040278182,1.0,0.9995002498750625,1.0,1.0,1.0
phrase_rela_1_2gram,Zionslied,15,1805,0.008241758241758242,0.008725542555168088,0.002759871203633222,0.02667235343341037,0.5349769159741459,0.24762216708097934,0.867901025849062,0.32013497152264403,0.2983508245877061,0.9965017491254373,2000,0.40791391532724,1.0,0.38015669584562556,1.0,1.0,1.0
phrase_rela_1_2gram,prophetische Gerichtsrede,1,605,0.0016501650165016502,0.002136752136752137,nan,nan,0.3239669421487603,nan,nan,0.7310120992259763,0.7670340681362725,1.0,2000,0.7850406942987646,1.0,0.7931252114618847,1.0,1.0,1.0
phrase_rela_1_2gram,"prophetische Schelt-, Droh- und Mahnrede",21,2088,0.00995732574679943,0.015175285331755937,0.0035068957109789115,0.044191758343568026,0.583743842364532,0.13809559537214194,0.8193508172718272,0.09085909228183348,0.15142428785607195,0.8975512243878061,2000,0.9901761234581943,1.0,0.9367588932806324,1.0,1.0,1.0
phrase_rela_1_2gram,prophetische Tora,0,304,0.0,nan,nan,nan,nan,nan,nan,nan,nan,0.0004997501249375312,2000,nan,nan,nan,nan,0.0004997501249375312,0.002475252013466025
phrase_rela_1_2gram,prophetisches Stück,28,2381,0.011623080116230802,0.01721031840096647,0.003802261784258118,0.046000245694754645,0.5998680026399472,0.15951652049521275,0.8070529324326553,0.03348109961082556,0.08745627186406797,0.8305847076461769,2000,0.6612517173138047,1.0,0.9828506799231963,1.0,1.0,1.0
phrase_rela_1_2gram_psalm,Danklied Israels,6,1206,0.0049504950495049506,0.004860591260478508,0.0017706972446184619,0.012047675675700423,0.3976644555002764,0.049985220762014844,0.7815964674514396,0.8069027947205967,0.8035982008995503,1.0,2000,0.9803301302734929,1.0,0.992574225707659,1.0,1.0,1.0
phrase_rela_1_2gram_psalm,Danklied des Einzelnen,276,6760,0.03922683342808414,0.044452402488710026,0.026729399072732474,0.059964849528129784,0.5316021353228711,0.4621714554986151,0.6040602077994555,0.037322777749524104,0.18190904547726136,0.9960019990004998,2000,0.07759209058453695,0.38431201687527505,0.3781793313869381,1.0,1.0,1.0
phrase_rela_1_2gram_psalm,Fluch,1,608,0.0016420361247947454,0.002631578947368421,nan,nan,0.4144736842105263,nan,nan,0.6174491165901678,0.5986973947895792,1.0,2000,0.9026111339737467,1.0,0.8844142831116778,1.0,1.0,1.0
phrase_rela_1_2gram_psalm,Hymnus,2850,17485,0.140152446520777,0.1741176421123885,0.09879166755237759,0.26514031002024635,0.5364582173191056,0.47176808703803647,0.6281780340819367,2.0236238626630142e-10,0.06046976511744128,0.9930034982508745,2000,3.04171360191157e-09,1.5065544442754737e-08,0.6711644177911044,1.0,1.0,1.0
phrase_rela_1_2gram_psalm,Klagelied des Einzelnen,4095,19594,0.17286504284689097,0.21448326197954634,0.13700999753164828,0.2713865273690302,0.5640917399772151,0.5054114488158197,0.6489478455803873,1.7046877874335597e-38,0.0014992503748125937,0.9390304847576212,2000,4.4890111735750404e-38,2.223397932567207e-37,0.004230027843221247,0.020951240256837426,1.0,1.0
phrase_rela_1_2gram_psalm,Klagelied des Volkes,406,8034,0.0481042654028436,0.045437004375773075,0.01645441583747931,0.07362935572531294,0.4857400996503775,0.4027210548004682,0.5496229398748382,0.8342403845425816,0.6446776611694153,1.0,2000,0.9997895658449124,1.0,0.9448221094931988,1.0,1.0,1.0
phrase_rela_1_2gram_psalm,Königspsalm,45,2964,0.014955134596211365,0.015513077789062593,0.0038235643054158074,0.039122422642324906,0.4656470235417604,0.3171276568388227,0.6847398140656241,0.7858990277972934,0.7006496751624188,1.0,2000,0.9788990707729978,1.0,0.8648644427786107,1.0,1.0,1.0
phrase_rela_1_2gram_psalm,Liturgie,153,5161,0.028791870530673693,0.027426483684611584,0.00875727301528192,0.04679245993283437,0.4756032232695442,0.3887666626858075,0.5516549381552969,0.8485291564611313,0.6826586706646677,1.0,2000,0.9999999999461058,1.0,0.999000499750125,1.0,1.0,1.0
phrase_rela_1_2gram_psalm,Mischgedicht,45,2879,0.015389876880984952,0.01716023910971065,0.006988439041955479,0.03237902854678496,0.5210798502566477,0.42386062951960396,0.6678279436027925,0.3135142764530865,0.31784107946026985,0.999000499750125,2000,0.4763005353806506,1.0,0.5021889055472264,1.0,1.0,1.0
phrase_rela_1_2gram_psalm,Thronbesteigungslied,21,2097,0.009915014164305949,0.014335612185852083,0.0036015658287047465,0.08033553642990754,0.464404932216091,0.28671133317451863,0.7851220147319521,0.713079085172305,0.63968015992004,1.0,2000,0.8164238801248129,1.0,0.732387429473669,1.0,1.0,1.0
phrase_rela_1_2gram_psalm,Wallfahrtslied,0,305,0.0,nan,nan,nan,nan,nan,nan,nan,nan,0.0004997501249375312,2000,nan,nan,nan,nan,0.0004997501249375312,0.002475252013466025
phrase_rela_1_2gram_psalm,Weisheitsgedicht,55,3254,0.01662133575098217,0.016740763090711448,0.0038207894972661473,0.041329402263107266,0.4533553109459686,0.3257056072436387,0.6588521906312992,0.8826299963914694,0.7726136931534233,1.0,2000,0.9999998040278182,1.0,0.9995002498750625,1.0,1.0,1.0
phrase_rela_1_2gram_psalm,Zionslied,15,1805,0.008241758241758242,0.006341068131464946,0.0026047692575958434,0.014665477179657034,0.36112650046168054,0.1891546853393568,0.647440848012638,0.9682261725335628,0.9855072463768116,1.0,2000,0.9862132102279154,1.0,0.9981419546636938,1.0,1.0,1.0
phrase_rela_1_2gram_psalm,prophetische Gerichtsrede,1,605,0.0016501650165016502,0.0035087719298245615,nan,nan,0.5322314049586777,nan,nan,0.4567320098925883,0.4408817635270541,0.9960019990004998,2000,0.6340833131175253,1.0,0.6029225116900467,1.0,1.0,1.0
phrase_rela_1_2gram_psalm,"prophetische Schelt-, Droh- und Mahnrede",21,2088,0.00995732574679943,0.011856907237400592,0.0020525928431478,0.06820579070301126,0.5006613756613757,0.19379993599450798,0.8466901040464563,0.49590511191125425,0.4567716141929036,1.0,2000,0.9901761234581943,1.0,0.9367588932806324,1.0,1.0,1.0
phrase_rela_1_2gram_psalm,prophetische Tora,0,304,0.0,nan,nan,nan,nan,nan,nan,nan,nan,0.0004997501249375312,2000,nan,nan,nan,nan,0.0004997501249375312,0.002475252013466025
phrase_rela_1_2gram_psalm,prophetisches Stück,28,2381,0.011623080116230802,0.016478727629077927,0.0031102543242985834,0.045355246801533425,0.5174821503569929,0.332407850388241,0.6338225438609539,0.3750930791013483,0.3448275862068966,0.9995002498750625,2000,0.9931819757463919,1.0,0.9828506799231963,1.0,1.0,1.0
phrase_rela_1gram,Danklied Israels,6,1206,0.0049504950495049506,0.0044925272366450174,0.0016470784000925612,0.010530402656363689,0.3970425649530127,0.146967957081522,0.8312248820335675,0.8104713464978551,0.8180909545227386,1.0,2000,0.9803301302734929,1.0,0.992574225707659,1.0,1.0,1.0
phrase_rela_1gram,Danklied des Einzelnen,276,6760,0.03922683342808414,0.04076830728953361,0.026088138224873193,0.06318148501743735,0.529654135580139,0.45226509139804644,0.603303311157435,0.04627797269567947,0.1969015492253873,0.9965017491254373,2000,0.09139899607396697,0.4526973336707809,0.39885185612322044,1.0,1.0,1.0
phrase_rela_1gram,Fluch,1,608,0.0016420361247947454,0.0018975332068311196,nan,nan,0.2565789473684211,nan,nan,0.8043373640478108,0.8286573146292585,1.0,2000,0.9026111339737467,1.0,0.9103206412825653,1.0,1.0,1.0
phrase_rela_1gram,Hymnus,2850,17485,0.140152446520777,0.1503362022919991,0.09982857663544838,0.20932757234156865,0.5052683352648134,0.46263525765945757,0.5529611829893326,0.1806820309431772,0.391304347826087,1.0,2000,0.5097814444468214,1.0,1.0,1.0,1.0,1.0
phrase_rela_1gram,Klagelied des Einzelnen,4095,19594,0.17286504284689097,0.2035027294957268,0.14005128278250586,0.2799504023074155,0.565928775385752,0.511894149206374,0.6353173104195734,1.893293063381225e-41,0.00399800099950025,0.9445277361319341,2000,5.539635259522844e-41,2.743769865333261e-40,0.00809851484514153,0.04011177621821866,1.0,1.0
phrase_rela_1gram,Klagelied des Volkes,406,8034,0.0481042654028436,0.0419908673820027,0.0166719185500208,0.06455341152374867,0.44838239820663656,0.42140822684037776,0.4994490779749221,0.9997895658449124,0.9535232383808095,1.0,2000,0.9997895658449124,1.0,0.9535232383808095,1.0,1.0,1.0
phrase_rela_1gram,Königspsalm,45,2964,0.014955134596211365,0.015393418214624099,0.0036009736887891754,0.04391676706257855,0.4961088618983356,0.3542346644132239,0.746583146243431,0.535804596890145,0.4702648675662169,1.0,2000,0.940634736762699,1.0,0.8255761008384697,1.0,1.0,1.0
phrase_rela_1gram,Liturgie,153,5161,0.028791870530673693,0.02575056148369477,0.010039700683276784,0.04405350991782247,0.46434102931361787,0.41865565640907754,0.5516903940314718,0.9343627204588644,0.783608195902049,1.0,2000,0.9999999999461058,1.0,0.999000499750125,1.0,1.0,1.0
phrase_rela_1gram,Mischgedicht,45,2879,0.015389876880984952,0.016566920622848536,0.008281713638255856,0.03290270197037287,0.5700088765389217,0.47271358411915937,0.6867041022074475,0.05291172558896387,0.1329335332333833,0.9335332333833083,2000,0.10450065803820364,0.5175895938993939,0.2500416458437448,1.0,1.0,1.0
phrase_rela_1gram,Thronbesteigungslied,21,2097,0.009915014164305949,0.009687995181864981,0.002617007692279079,0.023305214382949947,0.500442809455685,0.28489317563791783,0.681884337468902,0.4972676955615832,0.42278860569715143,1.0,2000,0.6336152895058882,1.0,0.5387145137108865,1.0,1.0,1.0
phrase_rela_1gram,Wallfahrtslied,0,305,0.0,nan,nan,nan,nan,nan,nan,nan,nan,0.0004997501249375312,2000,nan,nan,nan,nan,0.0004997501249375312,0.002475252013466025
phrase_rela_1gram,Weisheitsgedicht,55,3254,0.01662133575098217,0.01373255390217094,0.004282260622291352,0.026895851863686173,0.43762921159970947,0.3578249215556799,0.5431174021068843,0.9440847642290703,0.8690654672663668,1.0,2000,0.9999998040278182,1.0,0.9995002498750625,1.0,1.0,1.0
phrase_rela_1gram,Zionslied,15,1805,0.008241758241758242,0.009707841172484862,0.002683868575776951,0.07852772512086235,0.5260757156048015,0.30102703763833155,0.9607957747098836,0.3636836185666162,0.30484757621189407,0.9985007496251874,2000,0.44383085702680514,1.0,0.382269182868883,1.0,1.0,1.0
phrase_rela_1gram,prophetische Gerichtsrede,1,605,0.0016501650165016502,0.002074688796680498,nan,nan,0.32727272727272727,nan,nan,0.7287300738288967,0.7429859719438878,1.0,2000,0.7850406942987646,1.0,0.7931252114618847,1.0,1.0,1.0
phrase_rela_1gram,"prophetische Schelt-, Droh- und Mahnrede",21,2088,0.00995732574679943,0.01266439545465902,0.003393942383952045,0.034926103116314236,0.543240284619595,0.1837541718172003,0.7768030670683898,0.24279262862833328,0.2463768115942029,0.9865067466266867,2000,0.9901761234581943,1.0,0.9367588932806324,1.0,1.0,1.0
phrase_rela_1gram,prophetische Tora,0,304,0.0,nan,nan,nan,nan,nan,nan,nan,nan,0.0004997501249375312,2000,nan,nan,nan,nan,0.0004997501249375312,0.002475252013466025
phrase_rela_1gram,prophetisches Stück,28,2381,0.011623080116230802,0.0138862011002874,0.00414410730134684,0.035234673596986954,0.5419691606167877,0.24120454952278936,0.7242699377908879,0.21899440875367543,0.23388305847076463,0.9865067466266867,2000,0.9931819757463919,1.0,0.9828506799231963,1.0,1.0,1.0
phrase_rela_1gram_psalm,Danklied Israels,6,1206,0.0049504950495049506,0.004197415263193499,0.0017832808655088585,0.008923472167211993,0.3548231066887783,0.20921732331614232,0.7304667720161672,0.8905019323383617,0.9280359820089955,1.0,2000,0.9803301302734929,1.0,0.992574225707659,1.0,1.0,1.0
phrase_rela_1gram_psalm,Danklied des Einzelnen,276,6760,0.03922683342808414,0.043302424339147896,0.02738689312420986,0.060245686616168706,0.5395452791355801,0.4731325339092981,0.608277853289648,0.012842028445737856,0.12093953023488256,0.9885057471264368,2000,0.028770733454064036,0.14250084663804372,0.28952190571380976,1.0,1.0,1.0
phrase_rela_1gram_psalm,Fluch,1,608,0.0016420361247947454,0.0024154589371980675,nan,nan,0.3684210526315789,nan,nan,0.6766726331892077,0.6603206412825652,1.0,2000,0.9026111339737467,1.0,0.9103206412825653,1.0,1.0,1.0
phrase_rela_1gram_psalm,Hymnus,2850,17485,0.140152446520777,0.16450624517964818,0.09887858213304564,0.23806021216504297,0.5213166774528544,0.4658560449784526,0.6064432687782089,0.00012787809623385183,0.15542228885557222,1.0,2000,0.0006734913068316196,0.003335788487286949,0.9277861069465267,1.0,1.0,1.0
phrase_rela_1gram_psalm,Klagelied des Einzelnen,4095,19594,0.17286504284689097,0.2119899669618857,0.1294497180103937,0.2888840597332245,0.54994015885105,0.4856193505458808,0.6380016109677844,3.738802426965679e-24,0.005497251374312844,0.968015992003998,2000,6.15344566104768e-24,3.0477888853286355e-23,0.010340068061207491,0.05121414285004705,1.0,1.0
phrase_rela_1gram_psalm,Klagelied des Volkes,406,8034,0.0481042654028436,0.05112118677698316,0.019042018632815415,0.0818585144252158,0.5145365877287538,0.4392801747256695,0.5971679702153679,0.16111591351395116,0.3343328335832084,1.0,2000,0.41058571508394004,1.0,0.8520094791314021,1.0,1.0,1.0
phrase_rela_1gram_psalm,Königspsalm,45,2964,0.014955134596211365,0.017397452136456763,0.004810807585026755,0.0530945947065168,0.49076698155645526,0.32824978341159505,0.7575649259662056,0.5843386538819135,0.5147426286856571,1.0,2000,0.9788990707729978,1.0,0.8648644427786107,1.0,1.0,1.0
phrase_rela_1gram_psalm,Liturgie,153,5161,0.028791870530673693,0.02873659514595115,0.009749264334104646,0.04959833141419164,0.47737113317199253,0.39728911303781966,0.5589871788700302,0.830338557416139,0.6781609195402298,1.0,2000,0.9999999999461058,1.0,0.999000499750125,1.0,1.0,1.0
phrase_rela_1gram_psalm,Mischgedicht,45,2879,0.015389876880984952,0.016008336668892786,0.006823547535136034,0.030689257275034233,0.5083207903979005,0.4059895041458785,0.6398736679329967,0.4239669348127573,0.4047976011994003,1.0,2000,0.5438637006103411,1.0,0.5387145137108865,1.0,1.0,1.0
phrase_rela_1gram_psalm,Thronbesteigungslied,21,2097,0.009915014164305949,0.015215063172740472,0.004229675243299555,0.07541233359956755,0.4907123555192225,0.17438692436751926,0.6448435537985028,0.5583952409147873,0.4942528735632184,1.0,2000,0.6892691255041906,1.0,0.6013147272517587,1.0,1.0,1.0
phrase_rela_1gram_psalm,Wallfahrtslied,0,305,0.0,nan,nan,nan,nan,nan,nan,nan,nan,0.0004997501249375312,2000,nan,nan,nan,nan,0.0004997501249375312,0.002475252013466025
phrase_rela_1gram_psalm,Weisheitsgedicht,55,3254,0.01662133575098217,0.01520524781224804,0.0038334000176522298,0.03229057441152143,0.4462144493490529,0.33315685093443514,0.6473729043628589,0.9146807989711918,0.8290854572713643,1.0,2000,0.9999998040278182,1.0,0.9995002498750625,1.0,1.0,1.0
phrase_rela_1gram_psalm,Zionslied,15,1805,0.008241758241758242,0.006942666314948435,0.0024720808746458538,0.015791354506045577,0.4178208679593721,0.21532171647786807,0.7142896873590716,0.863911770277227,0.8555722138930535,1.0,2000,0.9612539415760696,1.0,0.9506846576711643,1.0,1.0,1.0
phrase_rela_1gram_psalm,prophetische Gerichtsrede,1,605,0.0016501650165016502,0.0045871559633027525,nan,nan,0.6429752066115703,nan,nan,0.3113227478846009,0.3286573146292585,0.6761619190404797,2000,0.608703843569029,1.0,0.5918883220987429,1.0,1.0,1.0
phrase_rela_1gram_psalm,"prophetische Schelt-, Droh- und Mahnrede",21,2088,0.00995732574679943,0.011661299957434819,0.0020986459665139684,0.06287316497554465,0.5016648421820835,0.20187616766485805,0.7820600883190783,0.489583783208857,0.44427786106946526,1.0,2000,0.9901761234581943,1.0,0.9367588932806324,1.0,1.0,1.0
phrase_rela_1gram_psalm,prophetische Tora,0,304,0.0,nan,nan,nan,nan,nan,nan,nan,nan,0.0004997501249375312,2000,nan,nan,nan,nan,0.0004997501249375312,0.002475252013466025
phrase_rela_1gram_psalm,prophetisches Stück,28,2381,0.011623080116230802,0.019151531682367974,0.0039052005147101033,0.08517634669749118,0.5318593628127437,0.340154009424056,0.6723260576502246,0.2808331443322981,0.28735632183908044,0.9950024987506247,2000,0.9931819757463919,1.0,0.9828506799231963,1.0,1.0,1.0
phrase_signature_1_2_3gram,Danklied Israels,6,1206,0.0049504950495049506,0.005203994963041109,0.002999281037914523,0.01279221102554909,0.4597844112769486,0.24128517674748617,0.8682609530481771,0.6333876966040852,0.5977011494252874,1.0,2000,0.9803301302734929,1.0,0.992574225707659,1.0,1.0,1.0
phrase_signature_1_2_3gram,Danklied des Einzelnen,276,6760,0.03922683342808414,0.04253869536033901,0.024680960094306148,0.07317532117607387,0.5036647264385559,0.39705121372539953,0.6466969513894032,0.41812316556400575,0.4592703648175912,1.0,2000,0.5505288346592743,1.0,0.5884438733014445,1.0,1.0,1.0
phrase_signature_1_2_3gram,Fluch,1,608,0.0016420361247947454,0.0031446540880503146,nan,nan,0.4786184210526316,nan,nan,0.5306050227269692,0.5185370741482966,1.0,2000,0.9026111339737467,1.0,0.8844142831116778,1.0,1.0,1.0
phrase_signature_1_2_3gram,Hymnus,2850,17485,0.140152446520777,0.10958731508483369,0.08138748988893907,0.147748957276346,0.3903274485900195,0.35449096359167,0.4334747322550999,1.0,1.0,1.0,2000,1.0,1.0,1.0,1.0,1.0,1.0
phrase_signature_1_2_3gram,Klagelied des Einzelnen,4095,19594,0.17286504284689097,0.19394071353711959,0.13872247382996858,0.2522281584935262,0.5306306545461389,0.4904410468394707,0.5872001680427439,3.303448993223237e-10,0.09895052473763119,0.9980009995002499,2000,4.0149610840713185e-10,1.988601905517787e-09,0.11844077961019492,0.5866347271914479,1.0,1.0
phrase_signature_1_2_3gram,Klagelied des Volkes,406,8034,0.0481042654028436,0.049000847819717475,0.03020157418870275,0.07219180520019629,0.5284489809933399,0.41618138343206684,0.7138040736721705,0.026357037904497276,0.2318840579710145,0.999000499750125,2000,0.12248270555619323,0.6066543026490099,0.78143686777301,1.0,1.0,1.0
phrase_signature_1_2_3gram,Königspsalm,45,2964,0.014955134596211365,0.030144706656062323,0.01362299150739756,0.06494158695823174,0.7347053531264057,0.6147126136538259,0.8729768709346607,3.113845554824812e-08,0.0009995002498750624,0.3613193403298351,2000,8.199793294372004e-07,4.0613406278660925e-06,0.01974012993503248,0.09777245453190798,1.0,1.0
phrase_signature_1_2_3gram,Liturgie,153,5161,0.028791870530673693,0.039332473672511074,0.02360483904516432,0.06930383247151084,0.6095844525241473,0.49649293462488503,0.7905721918345062,1.8551388159112814e-06,0.013493253373313344,0.8040979510244878,2000,2.0936566636713032e-05,0.00010369838072390167,0.09718217814169837,0.48134131461862395,1.0,1.0
phrase_signature_1_2_3gram,Mischgedicht,45,2879,0.015389876880984952,0.0403786588265259,0.016395751550668896,0.08818526654789653,0.7634170815483772,0.6371539035506624,0.9091990812554243,6.283094708019696e-10,0.0004997501249375312,0.2908545727136432,2000,9.92728963867112e-09,4.9169659876428574e-08,0.0024675162418790605,0.0122215568164885,1.0,1.0
phrase_signature_1_2_3gram,Thronbesteigungslied,21,2097,0.009915014164305949,0.017525624730730195,0.005965051131539059,0.04418416471099911,0.6434589095533302,0.48259845678606494,0.9304781749317514,0.011746903685225742,0.05247376311844078,0.6466766616691654,2000,0.04278908723511099,0.21193346244049682,0.15247548639473366,0.7552079246602549,1.0,1.0
phrase_signature_1_2_3gram,Wallfahrtslied,0,305,0.0,nan,nan,nan,nan,nan,nan,nan,nan,0.0004997501249375312,2000,nan,nan,nan,nan,0.0004997501249375312,0.002475252013466025
phrase_signature_1_2_3gram,Weisheitsgedicht,55,3254,0.01662133575098217,0.024805552666459483,0.008766070644605242,0.05904603459022585,0.6055372408783595,0.46402243193632586,0.7922827825041068,0.003591956416051662,0.05697151424287856,0.8190904547726137,2000,0.014934976677267437,0.07397263001404018,0.2368815592203898,1.0,1.0,1.0
phrase_signature_1_2_3gram,Zionslied,15,1805,0.008241758241758242,0.02324622222486288,0.007490007704988602,0.07319028226874835,0.7627146814404432,0.5656717877098096,0.9215651421930031,0.00022496327533539718,0.005997001499250375,0.2943528235882059,2000,0.0012710776971707899,0.0062956214960167055,0.026320173246709978,0.13036327270921066,1.0,1.0
phrase_signature_1_2_3gram,prophetische Gerichtsrede,1,605,0.0016501650165016502,0.007874015748031496,nan,nan,0.7933884297520661,nan,nan,0.1558182227307799,0.11022044088176353,0.2288855572213893,2000,0.4951456069202817,1.0,0.49597632765531063,1.0,0.9798282676843396,1.0
phrase_signature_1_2_3gram,"prophetische Schelt-, Droh- und Mahnrede",21,2088,0.00995732574679943,0.035338450800295594,0.00539081820566446,0.5,0.4902618135376756,0.32760223201289357,0.9868248811449231,0.561179757323471,0.5142428785607196,1.0,2000,0.9901761234581943,1.0,0.9367588932806324,1.0,1.0,1.0
phrase_signature_1_2_3gram,prophetische Tora,0,304,0.0,nan,nan,nan,nan,nan,nan,nan,nan,0.0004997501249375312,2000,nan,nan,nan,nan,0.0004997501249375312,0.002475252013466025
phrase_signature_1_2_3gram,prophetisches Stück,28,2381,0.011623080116230802,0.01015029175181821,0.0047037115727966,0.020316280401980753,0.45821833563328734,0.32161052050431155,0.8365471755827186,0.7767866626751776,0.6981509245377311,1.0,2000,0.9931819757463919,1.0,0.9828506799231963,1.0,1.0,1.0
phrase_signature_1_2_3gram_psalm,Danklied Israels,6,1206,0.0049504950495049506,0.00393471123243525,0.0016842929658925053,0.008637029188729611,0.3076285240464345,0.0959568797906064,0.6673295795099715,0.9483167634189372,0.9565217391304348,1.0,2000,0.9803301302734929,1.0,0.992574225707659,1.0,1.0,1.0
phrase_signature_1_2_3gram_psalm,Danklied des Einzelnen,276,6760,0.03922683342808414,0.05096220515005613,0.03508718635861805,0.07193563590865877,0.6045265736214733,0.5270407931862326,0.6695309834924188,1.8546559867708041e-09,0.012993503248375811,0.8360819590204898,2000,2.8592009383375614e-08,1.4161563001927518e-07,0.09057236087838434,0.44860302667581314,1.0,1.0
phrase_signature_1_2_3gram_psalm,Fluch,1,608,0.0016420361247947454,0.0029498525073746312,nan,nan,0.49835526315789475,nan,nan,0.5034081216317169,0.5125250501002004,1.0,2000,0.9026111339737467,1.0,0.8844142831116778,1.0,1.0,1.0
phrase_signature_1_2_3gram_psalm,Hymnus,2850,17485,0.140152446520777,0.16535031306783177,0.09351813489467725,0.23358293927750373,0.5082948291518044,0.42572226189923695,0.6170093630265018,0.07742096810701737,0.3543228385807096,1.0,2000,0.2780116582024715,1.0,1.0,1.0,1.0,1.0
phrase_signature_1_2_3gram_psalm,Klagelied des Einzelnen,4095,19594,0.17286504284689097,0.22902959594810934,0.1463092694048301,0.29984952823211125,0.5930301793065904,0.5376400405509677,0.6652887237159056,8.360485196540506e-79,0.0004997501249375312,0.8785607196401799,2000,4.717702360905e-78,2.3366682037794807e-77,0.0017165330378289116,0.008501952567991999,1.0,1.0
phrase_signature_1_2_3gram_psalm,Klagelied des Volkes,406,8034,0.0481042654028436,0.04103225968331647,0.013492131141310442,0.0749798232335076,0.4579612999432216,0.31660816086860727,0.5548819998535621,0.9978998235047823,0.8610694652673663,1.0,2000,0.9997895658449124,1.0,0.9448221094931988,1.0,1.0,1.0
phrase_signature_1_2_3gram_psalm,Königspsalm,45,2964,0.014955134596211365,0.012813058139021696,0.0026539040767540336,0.030846362775271984,0.44581646423751686,0.2180302211499664,0.6098361490878222,0.8942788375586723,0.7971014492753623,1.0,2000,0.9953528377655053,1.0,0.8995859213250518,1.0,1.0,1.0
phrase_signature_1_2_3gram_psalm,Liturgie,153,5161,0.028791870530673693,0.02158417467887607,0.00759115361014401,0.03660057153207597,0.3787765962162169,0.2656102205561179,0.4648141281054969,0.9999998460659749,0.9985007496251874,1.0,2000,0.9999999999461058,1.0,0.999000499750125,1.0,1.0,1.0
phrase_signature_1_2_3gram_psalm,Mischgedicht,45,2879,0.015389876880984952,0.015466465331845633,0.007581527261945022,0.028526198940999427,0.5119949056385319,0.4221556391426686,0.5926381781205935,0.39109583714743756,0.40929535232383807,1.0,2000,0.5438637006103411,1.0,0.5387145137108865,1.0,1.0,1.0
phrase_signature_1_2_3gram_psalm,Thronbesteigungslied,21,2097,0.009915014164305949,0.10457841761102997,0.0037476205903610193,0.6549421950446014,0.5282376183663737,0.26065421553778195,0.8084045749474166,0.32785704273787986,0.35132433783108447,0.9980009995002499,2000,0.45439835747881596,1.0,0.4792086715263058,1.0,1.0,1.0
phrase_signature_1_2_3gram_psalm,Wallfahrtslied,0,305,0.0,nan,nan,nan,nan,nan,nan,nan,nan,0.0004997501249375312,2000,nan,nan,nan,nan,0.0004997501249375312,0.002475252013466025
phrase_signature_1_2_3gram_psalm,Weisheitsgedicht,55,3254,0.01662133575098217,0.014424240839269777,0.003523150274324245,0.03209890303349095,0.4358160585573001,0.299562365969895,0.575177849711612,0.9489810854487785,0.8405797101449275,1.0,2000,0.9999998040278182,1.0,0.9995002498750625,1.0,1.0,1.0
phrase_signature_1_2_3gram_psalm,Zionslied,15,1805,0.008241758241758242,0.007650225420115208,0.0020882775303612544,0.015960855149177045,0.46956602031394273,0.19615257658770532,0.6006043375873809,0.6579316765714167,0.631184407796102,1.0,2000,0.7757701858080884,1.0,0.7442323614312247,1.0,1.0,1.0
phrase_signature_1_2_3gram_psalm,prophetische Gerichtsrede,1,605,0.0016501650165016502,0.0030581039755351682,nan,nan,0.4652892561983471,nan,nan,0.5489737112921211,0.5676352705410822,1.0,2000,0.6746143017711065,1.0,0.6693012891454552,1.0,1.0,1.0
phrase_signature_1_2_3gram_psalm,"prophetische Schelt-, Droh- und Mahnrede",21,2088,0.00995732574679943,0.019653260315678055,0.0020589026828712245,0.09175244403096858,0.4599525634008393,0.17986945287432138,0.6199363474696826,0.736542800981531,0.6621689155422289,1.0,2000,0.9901761234581943,1.0,0.9367588932806324,1.0,1.0,1.0
phrase_signature_1_2_3gram_psalm,prophetische Tora,0,304,0.0,nan,nan,nan,nan,nan,nan,nan,nan,0.0004997501249375312,2000,nan,nan,nan,nan,0.0004997501249375312,0.002475252013466025
phrase_signature_1_2_3gram_psalm,prophetisches Stück,28,2381,0.011623080116230802,0.0138131438204997,0.003460207612456747,0.11049721134605107,0.4126117477650447,0.1909331372801527,0.5999182824274546,0.9443710375921556,0.8930534732633684,1.0,2000,0.9931819757463919,1.0,0.9828506799231963,1.0,1.0,1.0
phrase_signature_1_2gram,Danklied Israels,6,1206,0.0049504950495049506,0.005490287361570834,0.002833280611578956,0.014239859757837288,0.46987285793255945,0.2458492493780966,0.9036592108953401,0.6008250690096683,0.5517241379310345,1.0,2000,0.9803301302734929,1.0,0.992574225707659,1.0,1.0,1.0
phrase_signature_1_2gram,Danklied des Einzelnen,276,6760,0.03922683342808414,0.04333240388025513,0.025397399720729418,0.07877244573698447,0.5065356744704571,0.4026000283961307,0.6484313560809454,0.3561996283828589,0.4312843578210895,1.0,2000,0.48516845934906644,1.0,0.58015907300587,1.0,1.0,1.0
phrase_signature_1_2gram,Fluch,1,608,0.0016420361247947454,0.003134796238244514,nan,nan,0.4769736842105263,nan,nan,0.5328671016884976,0.5110220440881763,1.0,2000,0.9026111339737467,1.0,0.8844142831116778,1.0,1.0,1.0
phrase_signature_1_2gram,Hymnus,2850,17485,0.140152446520777,0.110587183837696,0.08193608145016057,0.15008090690056725,0.3962738587962615,0.35876958241629214,0.43194462110347304,1.0,1.0,1.0,2000,1.0,1.0,1.0,1.0,1.0,1.0
phrase_signature_1_2gram,Klagelied des Einzelnen,4095,19594,0.17286504284689097,0.1988102016956802,0.1425653170292486,0.25895693332905106,0.5369421104339958,0.49703567786883124,0.5913191581128978,4.7514776867947173e-14,0.06496751624187906,0.9960019990004998,2000,5.95820217867909e-14,2.9510851930765564e-13,0.08146720290648327,0.40350536790946157,1.0,1.0
phrase_signature_1_2gram,Klagelied des Volkes,406,8034,0.0481042654028436,0.05050762371661931,0.030344085524357457,0.074984754667538,0.5377196177330091,0.43310056857475143,0.7197040510325845,0.0051062401711205446,0.16991504247876063,0.9960019990004998,2000,0.028813783822751647,0.14271407422210441,0.78143686777301,1.0,1.0,1.0
phrase_signature_1_2gram,Königspsalm,45,2964,0.014955134596211365,0.032450686252253474,0.014999761315421752,0.07362867909484509,0.737876743139901,0.6165967398946661,0.8924235266905138,2.0642101743327887e-08,0.0009995002498750624,0.3563218390804598,2000,8.199793294372004e-07,4.0613406278660925e-06,0.01974012993503248,0.09777245453190798,1.0,1.0
phrase_signature_1_2gram,Liturgie,153,5161,0.028791870530673693,0.03849090636712389,0.02275022160990039,0.0699594794525301,0.5979423352367492,0.48886244259860145,0.7776869479433474,1.7715550302758713e-05,0.02348825587206397,0.847576211894053,2000,9.996631956556703e-05,0.0004951311094006992,0.1074740407573991,0.5323166968959435,1.0,1.0
phrase_signature_1_2gram,Mischgedicht,45,2879,0.015389876880984952,0.03987042482807349,0.017988805629928106,0.09737864255455536,0.7591794990544556,0.6302735697596655,0.8926334548862016,1.1493772755684827e-09,0.0004997501249375312,0.3103448275862069,2000,1.2971543538558591e-08,6.42477863624203e-08,0.0024675162418790605,0.0122215568164885,1.0,1.0
phrase_signature_1_2gram,Thronbesteigungslied,21,2097,0.009915014164305949,0.02259034403454544,0.007521675946296523,0.12634660413075152,0.6625337784136067,0.5063762114678722,0.9134759998298292,0.00513600079246915,0.03248375812093953,0.5737131434282858,2000,0.036885823873187534,0.18269472133073172,0.15247548639473366,0.7552079246602549,1.0,1.0
phrase_signature_1_2gram,Wallfahrtslied,0,305,0.0,nan,nan,nan,nan,nan,nan,nan,nan,0.0004997501249375312,2000,nan,nan,nan,nan,0.0004997501249375312,0.002475252013466025
phrase_signature_1_2gram,Weisheitsgedicht,55,3254,0.01662133575098217,0.023537507814630643,0.009057536442921154,0.06445431665193013,0.5861764541543275,0.4463679057581214,0.7795850734193895,0.014080571198132302,0.09695152423788106,0.894552723638181,2000,0.04836370107184573,0.239544409261967,0.30086680797532267,1.0,1.0,1.0
phrase_signature_1_2gram,Zionslied,15,1805,0.008241758241758242,0.023051508596669667,0.007195030539635698,0.09041299061706534,0.7582086795937212,0.5588349794345906,0.9222491079505021,0.00028161064973576905,0.004497751124437781,0.3118440779610195,2000,0.001483149421941717,0.007346008354457346,0.026320173246709978,0.13036327270921066,1.0,1.0
phrase_signature_1_2gram,prophetische Gerichtsrede,1,605,0.0016501650165016502,0.006802721088435374,nan,nan,0.7603305785123967,nan,nan,0.18473483900734494,0.1467935871743487,0.30684657671164417,2000,0.4951456069202817,1.0,0.49597632765531063,1.0,0.9798282676843396,1.0
phrase_signature_1_2gram,"prophetische Schelt-, Droh- und Mahnrede",21,2088,0.00995732574679943,0.0350791548625538,0.005628946658853446,0.5,0.498015873015873,0.34354549068001994,0.998408172802387,0.5125695824697771,0.47276361819090457,1.0,2000,0.9901761234581943,1.0,0.9367588932806324,1.0,1.0,1.0
phrase_signature_1_2gram,prophetische Tora,0,304,0.0,nan,nan,nan,nan,nan,nan,nan,nan,0.0004997501249375312,2000,nan,nan,nan,nan,0.0004997501249375312,0.002475252013466025
phrase_signature_1_2gram,prophetisches Stück,28,2381,0.011623080116230802,0.010090183318684248,0.004415884106554546,0.01986922705051621,0.4562233755324894,0.3228665810682292,0.8851682903020454,0.7874873762096654,0.7106446776611695,1.0,2000,0.9931819757463919,1.0,0.9828506799231963,1.0,1.0,1.0
phrase_signature_1_2gram_psalm,Danklied Israels,6,1206,0.0049504950495049506,0.00425516025691682,0.0017570788239397613,0.009178075997491182,0.3441127694859038,0.10543527586806667,0.6815126732954406,0.906517728481324,0.9215392303848076,1.0,2000,0.9803301302734929,1.0,0.992574225707659,1.0,1.0,1.0
phrase_signature_1_2gram_psalm,Danklied des Einzelnen,276,6760,0.03922683342808414,0.049462806105848744,0.0342286370105951,0.07157116108964544,0.5944057649429723,0.5160272462012481,0.666485893711163,5.044068790239147e-08,0.021989005497251374,0.8680659670164917,2000,3.281484666517569e-07,1.6253125557438957e-06,0.09475262368815593,0.46930778175315835,1.0,1.0
phrase_signature_1_2gram_psalm,Fluch,1,608,0.0016420361247947454,0.0025575447570332483,nan,nan,0.39144736842105265,nan,nan,0.6474245434187004,0.6653306613226453,1.0,2000,0.9026111339737467,1.0,0.9103206412825653,1.0,1.0,1.0
phrase_signature_1_2gram_psalm,Hymnus,2850,17485,0.140152446520777,0.16653092397086972,0.09358665943159777,0.2520632669621703,0.5031874739751867,0.4271310650819821,0.6251459179693775,0.29232893507635116,0.43228385807096453,1.0,2000,0.7697995290343914,1.0,1.0,1.0,1.0,1.0
phrase_signature_1_2gram_psalm,Klagelied des Einzelnen,4095,19594,0.17286504284689097,0.22940616712356884,0.14945442581585305,0.3046733663641137,0.5940095850527616,0.5412075706167704,0.6673901739121284,2.098198535611627e-80,0.0004997501249375312,0.8680659670164917,2000,1.2750591101024503e-79,6.315341351768147e-79,0.0017165330378289116,0.008501952567991999,1.0,1.0
phrase_signature_1_2gram_psalm,Klagelied des Volkes,406,8034,0.0481042654028436,0.04257676985836027,0.014044209139258908,0.07555412243503756,0.465065344208297,0.33724493342191586,0.5515215316748902,0.991318518783903,0.8295852073963018,1.0,2000,0.9997895658449124,1.0,0.9448221094931988,1.0,1.0,1.0
phrase_signature_1_2gram_psalm,Königspsalm,45,2964,0.014955134596211365,0.01351414579040852,0.002742166491285658,0.03368839984496712,0.4705353126405758,0.24691153584386666,0.6343750744967478,0.7516022704100974,0.663168415792104,1.0,2000,0.9788990707729978,1.0,0.8648644427786107,1.0,1.0,1.0
phrase_signature_1_2gram_psalm,Liturgie,153,5161,0.028791870530673693,0.023612537016313783,0.008463882133205288,0.03979958676165442,0.39998201696231034,0.3135320516578291,0.48530198237221994,0.9999879532736112,0.993503248375812,1.0,2000,0.9999999999461058,1.0,0.999000499750125,1.0,1.0,1.0
phrase_signature_1_2gram_psalm,Mischgedicht,45,2879,0.015389876880984952,0.017020146958095943,0.007750574987805579,0.03061661511523767,0.5102118791246961,0.3945718537118523,0.6013777540876989,0.4069711746126119,0.4107946026986507,1.0,2000,0.5438637006103411,1.0,0.5387145137108865,1.0,1.0,1.0
phrase_signature_1_2gram_psalm,Thronbesteigungslied,21,2097,0.009915014164305949,0.11932257817955336,0.00447771352651856,0.7555555555555555,0.5771510320866544,0.30585557089582205,0.8632873523299572,0.11157168962042341,0.15792103948025987,0.9255372313843079,2000,0.21497959707349876,1.0,0.31189405297351325,1.0,1.0,1.0
phrase_signature_1_2gram_psalm,Wallfahrtslied,0,305,0.0,nan,nan,nan,nan,nan,nan,nan,nan,0.0004997501249375312,2000,nan,nan,nan,nan,0.0004997501249375312,0.002475252013466025
phrase_signature_1_2gram_psalm,Weisheitsgedicht,55,3254,0.01662133575098217,0.015062217756748056,0.0035176998604361243,0.032859232163166316,0.43516790523551435,0.30806159206898415,0.5734645782254326,0.9506823225878912,0.8565717141429285,1.0,2000,0.9999998040278182,1.0,0.9995002498750625,1.0,1.0,1.0
phrase_signature_1_2gram_psalm,Zionslied,15,1805,0.008241758241758242,0.009881351311783427,0.0021034131659250113,0.021170804282557895,0.575050784856879,0.3049157432177913,0.7155886589254702,0.1581074478882259,0.1889055472263868,0.9340329835082459,2000,0.24020169967634317,1.0,0.28699111982470304,1.0,1.0,1.0
phrase_signature_1_2gram_psalm,prophetische Gerichtsrede,1,605,0.0016501650165016502,0.0031545741324921135,nan,nan,0.4793388429752066,nan,nan,0.5296283464082225,0.5270541082164328,1.0,2000,0.6641371327976123,1.0,0.6405734546015106,1.0,1.0,1.0
phrase_signature_1_2gram_psalm,"prophetische Schelt-, Droh- und Mahnrede",21,2088,0.00995732574679943,0.028011617532377978,0.002419524939846946,0.11417845553208025,0.48499361430395915,0.20173136795024374,0.68351958725547,0.5937336803820432,0.5292353823088456,1.0,2000,0.9901761234581943,1.0,0.9367588932806324,1.0,1.0,1.0
phrase_signature_1_2gram_psalm,prophetische Tora,0,304,0.0,nan,nan,nan,nan,nan,nan,nan,nan,0.0004997501249375312,2000,nan,nan,nan,nan,0.0004997501249375312,0.002475252013466025
phrase_signature_1_2gram_psalm,prophetisches Stück,28,2381,0.011623080116230802,0.013843013283332836,0.0034985999180090965,0.1028044758272531,0.4229540409191816,0.2049244439332267,0.636593162080332,0.9198282797243594,0.8645677161419291,1.0,2000,0.9931819757463919,1.0,0.9828506799231963,1.0,1.0,1.0
phrase_signature_1gram,Danklied Israels,6,1206,0.0049504950495049506,0.005566096939665842,0.0024894608004151844,0.01617699402979389,0.4596462133775567,0.19156677073452474,0.911830853219425,0.6338277528250864,0.5947026486756621,1.0,2000,0.9803301302734929,1.0,0.992574225707659,1.0,1.0,1.0
phrase_signature_1gram,Danklied des Einzelnen,276,6760,0.03922683342808414,0.04169831908316557,0.02440601423456373,0.07223501102230509,0.5004100205814253,0.40790979646247866,0.6194430567353568,0.49078027556969667,0.48225887056471767,1.0,2000,0.6057866934230649,1.0,0.5885595663706608,1.0,1.0,1.0
phrase_signature_1gram,Fluch,1,608,0.0016420361247947454,0.0033333333333333335,nan,nan,0.5082236842105263,nan,nan,0.489789412989062,0.46092184368737477,1.0,2000,0.9026111339737467,1.0,0.8844142831116778,1.0,1.0,1.0
phrase_signature_1gram,Hymnus,2850,17485,0.140152446520777,0.11377698364543781,0.08387400680418526,0.15727873470001286,0.40722621394779485,0.373996385932048,0.43245923211048587,1.0,1.0,1.0,2000,1.0,1.0,1.0,1.0,1.0,1.0
phrase_signature_1gram,Klagelied des Einzelnen,4095,19594,0.17286504284689097,0.21095830679626854,0.15132559144906194,0.2795987864171427,0.549165021860745,0.5080436348912215,0.6027904445447282,1.8494746120014347e-23,0.022488755622188907,0.9855072463768116,2000,2.922169886962267e-23,1.447344689968267e-22,0.03416560950294084,0.16922155592061,1.0,1.0
phrase_signature_1gram,Klagelied des Volkes,406,8034,0.0481042654028436,0.05263771901191193,0.030058967012684897,0.07967891318883542,0.5410720570579961,0.44476819514536753,0.7117711180835412,0.0025802634429166345,0.13993003498250875,0.9940029985007496,2000,0.018530982908219466,0.09178357436290455,0.78143686777301,1.0,1.0,1.0
phrase_signature_1gram,Königspsalm,45,2964,0.014955134596211365,0.03258596062927195,0.011579219286786764,0.08184931960339814,0.7156770130454341,0.5854831289772744,0.876758734769217,3.2902780974476126e-07,0.0024987506246876563,0.4312843578210895,2000,3.7133138528337345e-06,1.8391966569306825e-05,0.022856992556353404,0.11321021051063032,1.0,1.0
phrase_signature_1gram,Liturgie,153,5161,0.028791870530673693,0.03634956377836285,0.020479864456559933,0.06280773823845107,0.5850819304664319,0.4838745967636234,0.7290792559770415,0.00016381771978087593,0.03698150924537731,0.8925537231384307,2000,0.000616266660128057,0.003052355997919226,0.12702344479933947,0.629144490031408,1.0,1.0
phrase_signature_1gram,Mischgedicht,45,2879,0.015389876880984952,0.035561063785905254,0.016712744687702268,0.09448017802342625,0.7256493381189456,0.5855072022078449,0.8538615962883761,9.850720627913811e-08,0.0014992503748125937,0.40879560219890054,2000,4.55265576220098e-07,2.254920965435336e-06,0.006233725242641837,0.030875511957444632,1.0,1.0
phrase_signature_1gram,Thronbesteigungslied,21,2097,0.009915014164305949,0.02102839670140916,0.006623618419769518,0.07173730093164207,0.6645548061857075,0.5103564958839399,0.9640951308898623,0.0046822613541786864,0.027486256871564217,0.5762118940529735,2000,0.036885823873187534,0.18269472133073172,0.15247548639473366,0.7552079246602549,1.0,1.0
phrase_signature_1gram,Wallfahrtslied,0,305,0.0,nan,nan,nan,nan,nan,nan,nan,nan,0.0004997501249375312,2000,nan,nan,nan,nan,0.0004997501249375312,0.002475252013466025
phrase_signature_1gram,Weisheitsgedicht,55,3254,0.01662133575098217,0.028830237745236527,0.010196874920705952,0.14444637052090362,0.5785885902665251,0.44976867870981596,0.7661692647150992,0.02265557015050291,0.11044477761119441,0.9180409795102449,2000,0.0715916016755892,0.35459171964571434,0.30086680797532267,1.0,1.0,1.0
phrase_signature_1gram,Zionslied,15,1805,0.008241758241758242,0.03466502118704548,0.0064869048718939875,0.11928607653802498,0.8066666666666666,0.6066478742580048,0.9578806313088191,2.10171605710233e-05,0.0014992503748125937,0.2698650674662669,2000,0.00019915583457050245,0.0009864147219087996,0.01316008662335499,0.06518163635460533,1.0,1.0
phrase_signature_1gram,prophetische Gerichtsrede,1,605,0.0016501650165016502,0.00625,nan,nan,0.7388429752066116,nan,nan,0.2052100283996771,0.187374749498998,0.38130934532733635,2000,0.4951456069202817,1.0,0.49597632765531063,1.0,0.9798282676843396,1.0
phrase_signature_1gram,"prophetische Schelt-, Droh- und Mahnrede",21,2088,0.00995732574679943,0.024820101171254706,0.005063438907432281,0.5,0.4709450830140485,0.33115308695103074,0.9985922699667408,0.6768835857342351,0.6031984007996002,1.0,2000,0.9901761234581943,1.0,0.9367588932806324,1.0,1.0,1.0
phrase_signature_1gram,prophetische Tora,0,304,0.0,nan,nan,nan,nan,nan,nan,nan,nan,0.0004997501249375312,2000,nan,nan,nan,nan,0.0004997501249375312,0.002475252013466025
phrase_signature_1gram,prophetisches Stück,28,2381,0.011623080116230802,0.01043771992208252,0.004458435911371708,0.021375862816257463,0.47665296694066117,0.3405337685029872,0.8987600662345903,0.664768424049938,0.6016991504247876,1.0,2000,0.9931819757463919,1.0,0.9828506799231963,1.0,1.0,1.0
phrase_signature_1gram_psalm,Danklied Israels,6,1206,0.0049504950495049506,0.004908354485250273,0.0016227393763371214,0.012325152336378367,0.39870093974571585,0.055398751366720254,0.9015366779165503,0.8044760895884546,0.800599700149925,1.0,2000,0.9803301302734929,1.0,0.992574225707659,1.0,1.0,1.0
phrase_signature_1gram_psalm,Danklied des Einzelnen,276,6760,0.03922683342808414,0.050056464226825546,0.03354333400734308,0.06875257017960723,0.5898314895806535,0.5169806736629404,0.6638666657389612,2.0194129869037089e-07,0.018490754622688656,0.8685657171414293,2000,1.1395258997528072e-06,5.644048169297399e-06,0.09057236087838434,0.44860302667581314,1.0,1.0
phrase_signature_1gram_psalm,Fluch,1,608,0.0016420361247947454,0.002320185614849188,nan,nan,0.3256578947368421,nan,nan,0.7277355182400111,0.7179358717434869,1.0,2000,0.9026111339737467,1.0,0.9103206412825653,1.0,1.0,1.0
phrase_signature_1gram_psalm,Hymnus,2850,17485,0.140152446520777,0.16750152972304239,0.09370631808166856,0.2671160704303295,0.5005191316868093,0.4312559902653433,0.6207205738484582,0.4645328118422297,0.4802598700649675,1.0,2000,1.0,1.0,1.0,1.0,1.0,1.0
phrase_signature_1gram_psalm,Klagelied des Einzelnen,4095,19594,0.17286504284689097,0.22784130838269445,0.15413508730419861,0.30779608899054733,0.5954109447423728,0.547729013119537,0.6662052315859258,9.387248378564214e-83,0.0004997501249375312,0.8425787106446777,2000,6.741751108241572e-82,3.339175354292848e-81,0.0017165330378289116,0.008501952567991999,1.0,1.0
phrase_signature_1gram_psalm,Klagelied des Volkes,406,8034,0.0481042654028436,0.044851577114826305,0.015446350526985075,0.0723939234824097,0.4756973441690549,0.351313121637481,0.5419129698445273,0.95103071923249,0.7471264367816092,1.0,2000,0.9997895658449124,1.0,0.9448221094931988,1.0,1.0,1.0
phrase_signature_1gram_psalm,Königspsalm,45,2964,0.014955134596211365,0.014155963661293146,0.0022841222283192966,0.031816092385198065,0.47769530664267507,0.3054697653406314,0.6480401504162931,0.6965248060918274,0.6261869065467266,1.0,2000,0.9788990707729978,1.0,0.8648644427786107,1.0,1.0,1.0
phrase_signature_1gram_psalm,Liturgie,153,5161,0.028791870530673693,0.024596036184739538,0.009161714731619175,0.03997056520618678,0.4224392850856031,0.34063764143857284,0.4996480375704235,0.9994715135943143,0.9750124937531235,1.0,2000,0.9999999999461058,1.0,0.999000499750125,1.0,1.0,1.0
phrase_signature_1gram_psalm,Mischgedicht,45,2879,0.015389876880984952,0.017112135186483704,0.007976088549022091,0.03349665815814406,0.49624097873490025,0.39371216875289117,0.5982215279725557,0.5345657697005564,0.487256371814093,1.0,2000,0.6210396442109405,1.0,0.5660772554899022,1.0,1.0,1.0
phrase_signature_1gram_psalm,Thronbesteigungslied,21,2097,0.009915014164305949,0.13917099005497796,0.005196962952342243,0.7555555555555555,0.6322410700093104,0.3265124919652247,0.9726868619840814,0.01838945063836833,0.05297351324337831,0.7026486756621689,2000,0.05111852994116425,0.2531890195687425,0.15247548639473366,0.7552079246602549,1.0,1.0
phrase_signature_1gram_psalm,Wallfahrtslied,0,305,0.0,nan,nan,nan,nan,nan,nan,nan,nan,0.0004997501249375312,2000,nan,nan,nan,nan,0.0004997501249375312,0.002475252013466025
phrase_signature_1gram_psalm,Weisheitsgedicht,55,3254,0.01662133575098217,0.017537091178590123,0.004573962025944683,0.04682557318350331,0.4460803486617869,0.3121602134815038,0.5774758039547436,0.9152075257332593,0.8205897051474262,1.0,2000,0.9999998040278182,1.0,0.9995002498750625,1.0,1.0,1.0
phrase_signature_1gram_psalm,Zionslied,15,1805,0.008241758241758242,0.024423771057812134,0.004910648838905878,0.058981608347231936,0.7512280701754386,0.3884569072295938,0.8996768797980942,0.0003959550314065982,0.008995502248875561,0.3458270864567716,2000,0.0017378026378400701,0.008607300456118726,0.029610194902548723,0.14665868179786198,1.0,1.0
phrase_signature_1gram_psalm,prophetische Gerichtsrede,1,605,0.0016501650165016502,0.003389830508474576,nan,nan,0.515702479338843,nan,nan,0.4794782326007799,0.4534068136272545,1.0,2000,0.6340833131175253,1.0,0.6029225116900467,1.0,1.0,1.0
phrase_signature_1gram_psalm,"prophetische Schelt-, Droh- und Mahnrede",21,2088,0.00995732574679943,0.027633043776400478,0.002474651906493484,0.11304369162521662,0.4722906403940887,0.21856637340363227,0.6835447533248072,0.6692215520414949,0.5987006496751625,1.0,2000,0.9901761234581943,1.0,0.9367588932806324,1.0,1.0,1.0
phrase_signature_1gram_psalm,prophetische Tora,0,304,0.0,nan,nan,nan,nan,nan,nan,nan,nan,0.0004997501249375312,2000,nan,nan,nan,nan,0.0004997501249375312,0.002475252013466025
phrase_signature_1gram_psalm,prophetisches Stück,28,2381,0.011623080116230802,0.014218640792733174,0.0037197268979422553,0.10509721315502762,0.44133617327653446,0.21880852247825383,0.6229598571130395,0.8574638515430975,0.791104447776112,1.0,2000,0.9931819757463919,1.0,0.9828506799231963,1.0,1.0,1.0
phrase_signature_posmean,Danklied Israels,6,1206,0.0049504950495049506,0.005168995821981779,0.0018199325694095668,0.011650399778107275,0.45702045328911,0.10876586282877365,0.8431462685917334,0.6421653451292488,0.6211894052973513,1.0,2000,0.9803301302734929,1.0,0.992574225707659,1.0,1.0,1.0
phrase_signature_posmean,Danklied des Einzelnen,276,6760,0.03922683342808414,0.055431771661878904,0.03915612948002338,0.09509100014407607,0.6215370680044593,0.5337843321391524,0.7057397010326073,3.552319307051958e-12,0.004497751124437781,0.7426286856571714,2000,2.806332252571047e-10,1.389970549682089e-09,0.09057236087838434,0.44860302667581314,1.0,1.0
phrase_signature_posmean,Fluch,1,608,0.0016420361247947454,0.002638522427440633,nan,nan,0.41118421052631576,nan,nan,0.6217581700062231,0.6082164328657315,1.0,2000,0.9026111339737467,1.0,0.8844142831116778,1.0,1.0,1.0
phrase_signature_posmean,Hymnus,2850,17485,0.140152446520777,0.17636328842826066,0.10582332033368767,0.25269390336479336,0.5363388568647813,0.4720601404836085,0.638820651767204,2.3101622292999267e-10,0.04847576211894053,0.993503248375812,2000,3.04171360191157e-09,1.5065544442754737e-08,0.6711644177911044,1.0,1.0,1.0
phrase_signature_posmean,Klagelied des Einzelnen,4095,19594,0.17286504284689097,0.21262295361247133,0.13907313739194524,0.28813164142744635,0.5579846276232925,0.5098616653453909,0.6209068576188653,7.174572739960122e-32,0.00399800099950025,0.9645177411294353,2000,1.4915559117285516e-31,7.387645524180205e-31,0.00809851484514153,0.04011177621821866,1.0,1.0
phrase_signature_posmean,Klagelied des Volkes,406,8034,0.0481042654028436,0.04261629475933705,0.013957558427829066,0.07231157581443345,0.46269732945327186,0.2991136143163389,0.5469672248295055,0.9944602790687403,0.8730634682658671,1.0,2000,0.9997895658449124,1.0,0.9448221094931988,1.0,1.0,1.0
phrase_signature_posmean,Königspsalm,45,2964,0.014955134596211365,0.012321468397804283,0.0030075424392680575,0.026246061702299282,0.41765632028789923,0.219658443821121,0.5541944928573176,0.971212969832689,0.9330334832583708,1.0,2000,0.999238174620484,1.0,0.9623954256637915,1.0,1.0,1.0
phrase_signature_posmean,Liturgie,153,5161,0.028791870530673693,0.02311375893446109,0.008077709843289699,0.03865778457511125,0.4247207246910907,0.2835350910681139,0.5109758294910258,0.9992599964574091,0.9710144927536232,1.0,2000,0.9999999999461058,1.0,0.999000499750125,1.0,1.0,1.0
phrase_signature_posmean,Mischgedicht,45,2879,0.015389876880984952,0.01700048289091774,0.006913326736256197,0.037705479375816656,0.5136004013739338,0.36714146774552947,0.6419692464704273,0.37696381125681955,0.38830584707646176,1.0,2000,0.5438637006103411,1.0,0.5387145137108865,1.0,1.0,1.0
phrase_signature_posmean,Thronbesteigungslied,21,2097,0.009915014164305949,0.07524664463393221,0.0023467247160502895,0.3158539181783169,0.5461316620114903,0.22934405029055882,0.8421636447574641,0.23320113696791245,0.2493753123438281,0.9860069965017492,2000,0.3684577964093017,1.0,0.3788586475992773,1.0,1.0,1.0
phrase_signature_posmean,Wallfahrtslied,0,305,0.0,nan,nan,nan,nan,nan,nan,nan,nan,0.0004997501249375312,2000,nan,nan,nan,nan,0.0004997501249375312,0.002475252013466025
phrase_signature_posmean,Weisheitsgedicht,55,3254,0.01662133575098217,0.015074552729199497,0.0035799498736058615,0.03225104623977136,0.4708945633346371,0.294537422569848,0.6053947146247547,0.7707923958835494,0.6861569215392304,1.0,2000,0.9999998040278182,1.0,0.9995002498750625,1.0,1.0,1.0
phrase_signature_posmean,Zionslied,15,1805,0.008241758241758242,0.01044669949470979,0.0027635620995137677,0.03306451367091355,0.5420313942751616,0.14898088257358158,0.7330083392959661,0.2873305436698298,0.2843578210894553,0.9895052473763118,2000,0.3847307279646873,1.0,0.37440446443444947,1.0,1.0,1.0
phrase_signature_posmean,prophetische Gerichtsrede,1,605,0.0016501650165016502,0.0029154518950437317,nan,nan,0.43636363636363634,nan,nan,0.5882349544043777,0.6042084168336673,1.0,2000,0.6935904686260573,1.0,0.7019480136744077,1.0,1.0,1.0
phrase_signature_posmean,"prophetische Schelt-, Droh- und Mahnrede",21,2088,0.00995732574679943,0.029007451073510642,0.0022455116927623353,0.11425427406687783,0.41949461777047986,0.1486784179393843,0.5665787076687693,0.8982274888669601,0.8575712143928036,1.0,2000,0.9901761234581943,1.0,0.9678303705290212,1.0,1.0,1.0
phrase_signature_posmean,prophetische Tora,0,304,0.0,nan,nan,nan,nan,nan,nan,nan,nan,0.0004997501249375312,2000,nan,nan,nan,nan,0.0004997501249375312,0.002475252013466025
phrase_signature_posmean,prophetisches Stück,28,2381,0.011623080116230802,0.01249197499762493,0.0029708530233458798,0.08078079504848058,0.37038009239815206,0.11780143965538148,0.5642557055441909,0.9909071935914949,0.9795102448775612,1.0,2000,0.9931819757463919,1.0,0.9920680685298376,1.0,1.0,1.0
phrase_subphrase_rela_1_2_3gram,Danklied Israels,6,1058,0.005639097744360902,0.005394281411727278,0.0028979003579496935,0.015398291458324925,0.3744486452425961,0.18578370981075065,0.8383254606715859,0.8560135346697074,0.8725637181409296,1.0,2000,0.9803301302734929,1.0,0.992574225707659,1.0,1.0,1.0
phrase_subphrase_rela_1_2_3gram,Danklied des Einzelnen,153,4518,0.03275529865125241,0.034144744432468246,0.0188438089365492,0.05888584279943742,0.5171073151113773,0.4427143007621765,0.6313264067509098,0.2355119962522293,0.3003498250874563,0.9995002498750625,2000,0.3797030143658391,1.0,0.5297533051655989,1.0,1.0,1.0
phrase_subphrase_rela_1_2_3gram,Fluch,1,534,0.001869158878504673,0.0020833333333333333,nan,nan,0.10393258426966293,nan,nan,0.9151138839130877,0.9733935742971888,1.0,2000,0.9190694167562155,1.0,0.9799196787148594,1.0,1.0,1.0
phrase_subphrase_rela_1_2_3gram,Hymnus,1953,12987,0.13072289156626507,0.13248826064915684,0.09580524941576055,0.20246421629296069,0.4995221303465031,0.45558486650680075,0.5406811463256002,0.5271904650977663,0.48825587206396803,1.0,2000,1.0,1.0,1.0,1.0,1.0,1.0
phrase_subphrase_rela_1_2_3gram,Klagelied des Einzelnen,2850,14705,0.16234690971233268,0.15121582039078296,0.11170846447659492,0.22525163572567505,0.4533086251841777,0.4185474274627524,0.503871659110731,0.9999999999999987,0.9885057471264368,1.0,2000,0.9999999999999997,1.0,0.9955022488755623,1.0,1.0,1.0
phrase_subphrase_rela_1_2_3gram,Klagelied des Volkes,351,6535,0.05097298867266918,0.04907619706171587,0.02802822149486263,0.07682432941985988,0.4724688669600682,0.41714764011267685,0.5576510806548544,0.9591186220341776,0.7851074462768616,1.0,2000,0.9997895658449124,1.0,0.9448221094931988,1.0,1.0,1.0
phrase_subphrase_rela_1_2_3gram,Königspsalm,45,2594,0.017051913603637742,0.01957120588073869,0.009197490706841786,0.04113617480979438,0.565672920414632,0.47622421185066105,0.6948303099944887,0.06518267878245504,0.1329335332333833,0.9370314842578711,2000,0.15145387128864554,0.7501478862087426,0.3088749742775671,1.0,1.0,1.0
phrase_subphrase_rela_1_2_3gram,Liturgie,153,4501,0.03287494628276751,0.036265035627078966,0.019110582758257878,0.056291906299676474,0.5687552366721702,0.5197313468042387,0.6517837638798102,0.0018843412420619667,0.07296351824087956,0.927536231884058,2000,0.00572549838934213,0.028358274884047498,0.19608529068798933,0.9712063816836194,1.0,1.0
phrase_subphrase_rela_1_2_3gram,Mischgedicht,45,2538,0.017421602787456445,0.03217343633959905,0.014407124115198695,0.07645735032899022,0.6719070133963752,0.5561217270896246,0.8564134361532523,3.7637100473598787e-05,0.009495252373813094,0.5922038980509745,2000,0.00011435888220824246,0.0005664171739407961,0.028850959135816708,0.142898202777404,1.0,1.0
phrase_subphrase_rela_1_2_3gram,Thronbesteigungslied,21,1838,0.011296395911780527,0.011755707863129499,0.0041985134870573685,0.027802619012996684,0.5026167158920152,0.4003942974769959,0.7729907003868626,0.483612527625724,0.41579210394802596,1.0,2000,0.6263178636464295,1.0,0.5384848559326894,1.0,1.0,1.0
phrase_subphrase_rela_1_2_3gram,Wallfahrtslied,0,268,0.0,nan,nan,nan,nan,nan,nan,nan,nan,0.0004997501249375312,2000,nan,nan,nan,nan,0.0004997501249375312,0.002475252013466025
phrase_subphrase_rela_1_2_3gram,Weisheitsgedicht,55,2847,0.018952446588559616,0.020593056696390485,0.008354416086719421,0.039558409111529066,0.543717469744867,0.43496853059954865,0.684099336170856,0.13303424026306687,0.19740129935032483,0.984007996001999,2000,0.35032349935940943,1.0,0.519823421622522,1.0,1.0,1.0
phrase_subphrase_rela_1_2_3gram,Zionslied,15,1583,0.009386733416770964,0.010117832963594722,0.0046794000878667774,0.023464047881896415,0.5293535481153927,0.390247870547991,0.7229820194858619,0.34768774662301083,0.3353323338330835,0.9960019990004998,2000,0.4359893965590136,1.0,0.4139258495752124,1.0,1.0,1.0
phrase_subphrase_rela_1_2_3gram,prophetische Gerichtsrede,1,531,0.0018796992481203006,0.004098360655737705,nan,nan,0.544256120527307,nan,nan,0.44046555133417425,0.40852130325814534,0.9825087456271864,2000,0.6340833131175253,1.0,0.6029225116900467,1.0,1.0,1.0
phrase_subphrase_rela_1_2_3gram,"prophetische Schelt-, Droh- und Mahnrede",15,1574,0.009439899307740718,0.010793520891995655,0.003565666678177771,0.029162331104206653,0.48261329944938586,0.19324434852432895,0.7978622088093263,0.591877724354916,0.5147426286856571,1.0,2000,0.9901761234581943,1.0,0.9367588932806324,1.0,1.0,1.0
phrase_subphrase_rela_1_2_3gram,prophetische Tora,0,267,0.0,nan,nan,nan,nan,nan,nan,nan,nan,0.0004997501249375312,2000,nan,nan,nan,nan,0.0004997501249375312,0.002475252013466025
phrase_subphrase_rela_1_2_3gram,prophetisches Stück,28,2086,0.013245033112582781,0.013282710705599023,0.00426078225282313,0.03664315129553741,0.3897582522942063,0.24431815094379492,0.8086135511722707,0.97763237498657,0.9695152423788106,1.0,2000,0.9931819757463919,1.0,0.9920680685298376,1.0,1.0,1.0
phrase_subphrase_rela_1_2_3gram_psalm,Danklied Israels,6,1202,0.004966887417218543,0.015444029634469114,0.0021727921907682673,0.0517679483586534,0.5905435385468664,0.1992478359701329,0.962374734211864,0.2219766313928987,0.21489255372313842,0.856071964017991,2000,0.9803301302734929,1.0,0.992574225707659,1.0,1.0,1.0
phrase_subphrase_rela_1_2_3gram_psalm,Danklied des Einzelnen,276,6736,0.039361095265259556,0.05026186630610166,0.0291583423402412,0.0691988883236861,0.5791117486832593,0.5044029221597375,0.6418743058407811,4.057150673479965e-06,0.0239880059970015,0.8960519740129935,2000,1.686920543183775e-05,8.355282495616753e-05,0.09475262368815593,0.46930778175315835,1.0,1.0
phrase_subphrase_rela_1_2_3gram_psalm,Fluch,1,606,0.0016474464579901153,0.0038461538461538464,nan,nan,0.6056105610561056,nan,nan,0.35848605498025726,0.347564038171773,0.7931034482758621,2000,0.9026111339737467,1.0,0.8844142831116778,1.0,1.0,1.0
phrase_subphrase_rela_1_2_3gram_psalm,Hymnus,2850,17409,0.14067821708870132,0.1832423659343787,0.10628284888793137,0.265432552677492,0.5612645405230003,0.4979507092987557,0.6501099303422752,4.2001689513996056e-26,0.0069965017491254375,0.9505247376311844,2000,1.1060444905352294e-24,5.478215443212842e-24,0.18424121272696983,0.9125429089644745,1.0,1.0
phrase_subphrase_rela_1_2_3gram_psalm,Klagelied des Einzelnen,4005,19378,0.17127827909164778,0.18854801547098793,0.11689655538809034,0.26030902318266563,0.5190693360000381,0.45831650397012863,0.6025470516312487,7.072423911895751e-05,0.1714142928535732,1.0,2000,7.869316747038935e-05,0.0003897656278754278,0.19295281936496542,0.9556913161287908,1.0,1.0
phrase_subphrase_rela_1_2_3gram_psalm,Klagelied des Volkes,406,8005,0.048270122458685054,0.04353368070440286,0.0169367410192424,0.07180583168792064,0.4496424648387861,0.33297375891428577,0.5311333085244873,0.9996969518340125,0.9470264867566217,1.0,2000,0.9997895658449124,1.0,0.9535232383808095,1.0,1.0,1.0
phrase_subphrase_rela_1_2_3gram_psalm,Königspsalm,45,2954,0.015005001667222408,0.013968773337675336,0.0032690556108840047,0.02994933315812819,0.46964567817648384,0.2929383843080223,0.6228657951993595,0.7580481623846083,0.679160419790105,1.0,2000,0.9788990707729978,1.0,0.8648644427786107,1.0,1.0,1.0
phrase_subphrase_rela_1_2_3gram_psalm,Liturgie,153,5143,0.028889728096676736,0.02694701598589328,0.009920114356421778,0.04332314648595116,0.42372906126609045,0.2928837661745938,0.499536182605095,0.9993596921121138,0.9790104947526237,1.0,2000,0.9999999999461058,1.0,0.999000499750125,1.0,1.0,1.0
phrase_subphrase_rela_1_2_3gram_psalm,Mischgedicht,45,2869,0.015442690459849005,0.020113033901268104,0.009399242529222054,0.04980077166051685,0.48906703845706984,0.37453482330197446,0.6713188864827576,0.5995332005870724,0.5687156421789106,1.0,2000,0.6578211506441489,1.0,0.6154593935908759,1.0,1.0,1.0
phrase_subphrase_rela_1_2_3gram_psalm,Thronbesteigungslied,21,2090,0.00994789199431549,0.05546328527253205,0.0032114724353090427,0.3518106459755027,0.3874458874458874,0.10555079282999054,0.5834058609527614,0.9622682787627371,0.9485257371314343,1.0,2000,0.9622682787627371,1.0,0.9485257371314343,1.0,1.0,1.0
phrase_subphrase_rela_1_2_3gram_psalm,Wallfahrtslied,0,304,0.0,nan,nan,nan,nan,nan,nan,nan,nan,0.0004997501249375312,2000,nan,nan,nan,nan,0.0004997501249375312,0.002475252013466025
phrase_subphrase_rela_1_2_3gram_psalm,Weisheitsgedicht,55,3243,0.016676773802304427,0.014001941648464338,0.0031666026006744448,0.029064555903046397,0.4207047346732823,0.28689200310338975,0.5970797843859014,0.9783011206424915,0.9355322338830585,1.0,2000,0.9999998040278182,1.0,0.9995002498750625,1.0,1.0,1.0
phrase_subphrase_rela_1_2_3gram_psalm,Zionslied,15,1799,0.008269018743109152,0.0070019605092191805,0.0024544650081885573,0.015716359451270298,0.39786918658513987,0.23552472903837854,0.6838265688045028,0.9137903883134193,0.9025487256371814,1.0,2000,0.9625258756901349,1.0,0.9506846576711643,1.0,1.0,1.0
phrase_subphrase_rela_1_2_3gram_psalm,prophetische Gerichtsrede,1,603,0.0016556291390728477,0.0125,nan,nan,0.8706467661691543,nan,nan,0.1003824425612091,0.09027081243731194,0.1794102948525737,2000,0.4951456069202817,1.0,0.49597632765531063,1.0,0.9798282676843396,1.0
phrase_subphrase_rela_1_2_3gram_psalm,"prophetische Schelt-, Droh- und Mahnrede",21,2081,0.009990485252140819,0.024504558301596892,0.003003970299044458,0.12403953159574846,0.4780210979153795,0.1094027789654468,0.7377303642931174,0.6358036376797517,0.5807096451774113,1.0,2000,0.9901761234581943,1.0,0.9367588932806324,1.0,1.0,1.0
phrase_subphrase_rela_1_2_3gram_psalm,prophetische Tora,0,303,0.0,nan,nan,nan,nan,nan,nan,nan,nan,0.0004997501249375312,2000,nan,nan,nan,nan,0.0004997501249375312,0.002475252013466025
phrase_subphrase_rela_1_2_3gram_psalm,prophetisches Stück,28,2373,0.011661807580174927,0.01633520964392151,0.002881595417599505,0.0726438256755413,0.5187601589308289,0.22760248219206955,0.8112206005285052,0.3662987472401559,0.3428285857071464,1.0,2000,0.9931819757463919,1.0,0.9828506799231963,1.0,1.0,1.0
phrase_subphrase_rela_1_2gram,Danklied Israels,6,1058,0.005639097744360902,0.005899425259113203,0.003099687522063253,0.01998032699255779,0.391304347826087,0.20963486877890755,0.8782029152652072,0.8212171290249732,0.8265867066466767,1.0,2000,0.9803301302734929,1.0,0.992574225707659,1.0,1.0,1.0
phrase_subphrase_rela_1_2gram,Danklied des Einzelnen,153,4518,0.03275529865125241,0.035119637837180376,0.018578035953844177,0.06351266283494227,0.512300832978905,0.43863144906973783,0.6376883979308778,0.30212956130921487,0.3363318340829585,1.0,2000,0.4339679153350541,1.0,0.5297533051655989,1.0,1.0,1.0
phrase_subphrase_rela_1_2gram,Fluch,1,534,0.001869158878504673,0.002066115702479339,nan,nan,0.09644194756554307,nan,nan,0.9190694167562155,0.9799196787148594,1.0,2000,0.9190694167562155,1.0,0.9799196787148594,1.0,1.0,1.0
phrase_subphrase_rela_1_2gram,Hymnus,1953,12987,0.13072289156626507,0.1358253857757443,0.09802434143244858,0.20847425355670612,0.5083209169230675,0.46386090547071374,0.5538876388537717,0.11748699096396431,0.3328335832083958,1.0,2000,0.3867280119230492,1.0,1.0,1.0,1.0,1.0
phrase_subphrase_rela_1_2gram,Klagelied des Einzelnen,2850,14705,0.16234690971233268,0.15102505222772866,0.11261454069251789,0.22315974431495267,0.45216439091608657,0.4172309851964069,0.49836064696493765,0.9999999999999997,0.9945027486256871,1.0,2000,0.9999999999999997,1.0,0.9955022488755623,1.0,1.0,1.0
phrase_subphrase_rela_1_2gram,Klagelied des Volkes,351,6535,0.05097298867266918,0.04890574070127121,0.027424892968727247,0.07751498412587006,0.46867513738209987,0.41676317157025533,0.5511968260478449,0.9761701534650807,0.8265867066466767,1.0,2000,0.9997895658449124,1.0,0.9448221094931988,1.0,1.0,1.0
phrase_subphrase_rela_1_2gram,Königspsalm,45,2594,0.017051913603637742,0.01998466113913961,0.008962218852134713,0.059150362649571034,0.5583568919729289,0.45862754683082607,0.7006945837435619,0.08945215492583247,0.14642678660669664,0.9465267366316842,2000,0.20062521211145246,0.993692518422073,0.3305061754836867,1.0,1.0,1.0
phrase_subphrase_rela_1_2gram,Liturgie,153,4501,0.03287494628276751,0.035456665758260675,0.0183476156538454,0.054431557459801265,0.5596287244809796,0.508845254944855,0.6424120211154127,0.00599626491651886,0.08945527236381809,0.9445277361319341,2000,0.01528080414209645,0.07568550628142853,0.22796666183037512,1.0,1.0,1.0
phrase_subphrase_rela_1_2gram,Mischgedicht,45,2538,0.017421602787456445,0.02676821782870238,0.012269749981316854,0.06812166187179584,0.642102267752386,0.5317020486051045,0.8337421640897705,0.0005328989480751998,0.01899050474762619,0.6811594202898551,2000,0.0013155942780606496,0.006516111198733683,0.04546211742613542,0.2251729255886366,1.0,1.0
phrase_subphrase_rela_1_2gram,Thronbesteigungslied,21,1838,0.011296395911780527,0.01397587946424804,0.00409551156546296,0.05535884770489326,0.5167625265557801,0.37581556941967603,0.7589151713722906,0.3957662576295842,0.351824087956022,0.9995002498750625,2000,0.5390609371161578,1.0,0.4792086715263058,1.0,1.0,1.0
phrase_subphrase_rela_1_2gram,Wallfahrtslied,0,268,0.0,nan,nan,nan,nan,nan,nan,nan,nan,0.0004997501249375312,2000,nan,nan,nan,nan,0.0004997501249375312,0.002475252013466025
phrase_subphrase_rela_1_2gram,Weisheitsgedicht,55,2847,0.018952446588559616,0.01991303846737976,0.008184641170354811,0.038020049863859685,0.531672893316729,0.42601254004037076,0.6748414730756718,0.21019968565662556,0.2513743128435782,0.9950024987506247,2000,0.5032053080870733,1.0,0.6017748701406872,1.0,1.0,1.0
phrase_subphrase_rela_1_2gram,Zionslied,15,1583,0.009386733416770964,0.010520729956134251,0.004657148585827668,0.030473357066384536,0.5147399452516319,0.3901777845473889,0.6757257596732344,0.4221140879388598,0.383808095952024,0.9995002498750625,2000,0.5052577719268171,1.0,0.4623975890842458,1.0,1.0,1.0
phrase_subphrase_rela_1_2gram,prophetische Gerichtsrede,1,531,0.0018796992481203006,0.0038022813688212928,nan,nan,0.5084745762711864,nan,nan,0.48960863417935496,0.44411027568922307,1.0,2000,0.6340833131175253,1.0,0.6029225116900467,1.0,1.0,1.0
phrase_subphrase_rela_1_2gram,"prophetische Schelt-, Droh- und Mahnrede",15,1574,0.009439899307740718,0.010543397116160386,0.003569482614105465,0.02734509475812433,0.4907454468445574,0.1781127573775409,0.7624932563368352,0.5492723323227698,0.487256371814093,1.0,2000,0.9901761234581943,1.0,0.9367588932806324,1.0,1.0,1.0
phrase_subphrase_rela_1_2gram,prophetische Tora,0,267,0.0,nan,nan,nan,nan,nan,nan,nan,nan,0.0004997501249375312,2000,nan,nan,nan,nan,0.0004997501249375312,0.002475252013466025
phrase_subphrase_rela_1_2gram,prophetisches Stück,28,2086,0.013245033112582781,0.01423997281415395,0.004953667933133045,0.0368318940156116,0.4439631557320915,0.33783996708224023,0.8264496653534962,0.8462121493603812,0.7891054472763618,1.0,2000,0.9931819757463919,1.0,0.9828506799231963,1.0,1.0,1.0
phrase_subphrase_rela_1_2gram_psalm,Danklied Israels,6,1202,0.004966887417218543,0.006910459602374549,0.001840068440698233,0.017872225519529876,0.5628119800332779,0.19195176648885948,0.9055192881140899,0.29774711789222263,0.28335832083958024,0.9500249875062469,2000,0.9803301302734929,1.0,0.992574225707659,1.0,1.0,1.0
phrase_subphrase_rela_1_2gram_psalm,Danklied des Einzelnen,276,6736,0.039361095265259556,0.047254338131731494,0.02768133677959439,0.06296674763393723,0.555672903972598,0.47317317684582305,0.6422965781508245,0.0008443758259353797,0.07446276861569215,0.968015992003998,2000,0.002565603471111346,0.012707380830405188,0.22625225848614153,1.0,1.0,1.0
phrase_subphrase_rela_1_2gram_psalm,Fluch,1,606,0.0016474464579901153,0.002824858757062147,nan,nan,0.4513201320132013,nan,nan,0.5679934326718059,0.5715720743345053,1.0,2000,0.9026111339737467,1.0,0.8844142831116778,1.0,1.0,1.0
phrase_subphrase_rela_1_2gram_psalm,Hymnus,2850,17409,0.14067821708870132,0.19106883947375233,0.10999968539968982,0.27898735259172663,0.5700116193176952,0.5067269735317833,0.6648591831127584,1.7297377227363258e-33,0.0029985007496251873,0.9305347326336831,2000,6.832464004808487e-32,3.3841052639957535e-31,0.1184407796101949,0.5866347271914479,1.0,1.0
phrase_subphrase_rela_1_2gram_psalm,Klagelied des Einzelnen,4005,19378,0.17127827909164778,0.1830035068657139,0.11445313953598285,0.2523634069656919,0.49691418083675726,0.43831282216271894,0.5801388897145844,0.7309970481525203,0.5547226386806596,1.0,2000,0.7598521947901198,1.0,0.5766195849443699,1.0,1.0,1.0
phrase_subphrase_rela_1_2gram_psalm,Klagelied des Volkes,406,8005,0.048270122458685054,0.04168206302490042,0.014244967539185416,0.0699803084604301,0.45424242237763957,0.3450308763892533,0.5265295625748829,0.999082329105277,0.9335332333833083,1.0,2000,0.9997895658449124,1.0,0.9535232383808095,1.0,1.0,1.0
phrase_subphrase_rela_1_2gram_psalm,Königspsalm,45,2954,0.015005001667222408,0.013013307073662907,0.0033408080476109154,0.02651161635702011,0.45283984051756565,0.2540556802300251,0.574864023391299,0.8616076567605999,0.7816091954022989,1.0,2000,0.9953528377655053,1.0,0.8995859213250518,1.0,1.0,1.0
phrase_subphrase_rela_1_2gram_psalm,Liturgie,153,5143,0.028889728096676736,0.026689741491968944,0.008215779492335942,0.04389994915759619,0.4635541169608034,0.32558844555446526,0.5384811301465713,0.9380760937006467,0.8065967016491754,1.0,2000,0.9999999999461058,1.0,0.999000499750125,1.0,1.0,1.0
phrase_subphrase_rela_1_2gram_psalm,Mischgedicht,45,2869,0.015442690459849005,0.01678695452207927,0.008082290521130832,0.040604782169854234,0.48275434723674526,0.38834486874038066,0.6491562130076366,0.6545643479567265,0.6026986506746627,1.0,2000,0.6923657365590258,1.0,0.635895385640513,1.0,1.0,1.0
phrase_subphrase_rela_1_2gram_psalm,Thronbesteigungslied,21,2090,0.00994789199431549,0.05607386828310464,0.0031213451563901185,0.36322938504882685,0.43880154932786514,0.21144084192376245,0.7498593511900918,0.8331352975272972,0.7746126936531734,1.0,2000,0.9016121712966642,1.0,0.8382794903917905,1.0,1.0,1.0
phrase_subphrase_rela_1_2gram_psalm,Wallfahrtslied,0,304,0.0,nan,nan,nan,nan,nan,nan,nan,nan,0.0004997501249375312,2000,nan,nan,nan,nan,0.0004997501249375312,0.002475252013466025
phrase_subphrase_rela_1_2gram_psalm,Weisheitsgedicht,55,3243,0.016676773802304427,0.016475331621811293,0.003330330603583569,0.03430257964693021,0.4559470748184902,0.31918202356535363,0.6322452111100848,0.8691065933429389,0.769615192403798,1.0,2000,0.9999998040278182,1.0,0.9995002498750625,1.0,1.0,1.0
phrase_subphrase_rela_1_2gram_psalm,Zionslied,15,1799,0.008269018743109152,0.02286702253018296,0.003117223742376394,0.4315083157201103,0.3794515471558273,0.21459586040555173,0.5903376811023909,0.9463546888486749,0.9470264867566217,1.0,2000,0.9837107949874384,1.0,0.9844091112338568,1.0,1.0,1.0
phrase_subphrase_rela_1_2gram_psalm,prophetische Gerichtsrede,1,603,0.0016556291390728477,0.0026109660574412533,nan,nan,0.3681592039800995,nan,nan,0.6768755709703554,0.6519558676028084,1.0,2000,0.7639024300951154,1.0,0.7357787648660267,1.0,1.0,1.0
phrase_subphrase_rela_1_2gram_psalm,"prophetische Schelt-, Droh- und Mahnrede",21,2081,0.009990485252140819,0.02622265344165501,0.002990208894093153,0.12425268785147836,0.5996887943067665,0.28736709796374055,0.9330679988616642,0.05773500489836103,0.09695152423788106,0.824087956021989,2000,0.9122130773941043,1.0,0.9367588932806324,1.0,1.0,1.0
phrase_subphrase_rela_1_2gram_psalm,prophetische Tora,0,303,0.0,nan,nan,nan,nan,nan,nan,nan,nan,0.0004997501249375312,2000,nan,nan,nan,nan,0.0004997501249375312,0.002475252013466025
phrase_subphrase_rela_1_2gram_psalm,prophetisches Stück,28,2373,0.011661807580174927,0.012645236754926091,0.0024942689174668256,0.047487896274536874,0.3646228402865571,0.12929487687719324,0.47255801682068826,0.9931819757463919,0.9930034982508745,1.0,2000,0.9931819757463919,1.0,0.9930034982508745,1.0,1.0,1.0
phrase_subphrase_rela_1gram,Danklied Israels,6,1058,0.005639097744360902,0.0072472970441794255,0.00291970802919708,0.03571428571428571,0.3771266540642722,0.18461395972217107,0.9596283099538916,0.8509139379863118,0.8645677161419291,1.0,2000,0.9803301302734929,1.0,0.992574225707659,1.0,1.0,1.0
phrase_subphrase_rela_1gram,Danklied des Einzelnen,153,4518,0.03275529865125241,0.032708269348137045,0.01822782292017678,0.055200685026333615,0.49677036226915144,0.43673005572165247,0.612094902837771,0.5541366205678943,0.4917541229385307,1.0,2000,0.6533849705203529,1.0,0.5886147835173322,1.0,1.0,1.0
phrase_subphrase_rela_1gram,Fluch,1,534,0.001869158878504673,0.0020161290322580645,nan,nan,0.10299625468164794,nan,nan,0.9157107234276268,0.9668674698795181,1.0,2000,0.9190694167562155,1.0,0.9799196787148594,1.0,1.0,1.0
phrase_subphrase_rela_1gram,Hymnus,1953,12987,0.13072289156626507,0.13370880860114465,0.09691875415535946,0.19906024383539472,0.5069344424183134,0.4647226855955849,0.542491020890242,0.1611397625643804,0.3453273363318341,1.0,2000,0.4714830089846686,1.0,1.0,1.0,1.0,1.0
phrase_subphrase_rela_1gram,Klagelied des Einzelnen,2850,14705,0.16234690971233268,0.15153976500755428,0.11182677585302919,0.23359768637303552,0.45564118899765566,0.42408765645064767,0.49856270327393576,0.99999999999997,0.9955022488755623,1.0,2000,0.9999999999999997,1.0,0.9955022488755623,1.0,1.0,1.0
phrase_subphrase_rela_1gram,Klagelied des Volkes,351,6535,0.05097298867266918,0.05166077992500272,0.029103762850752175,0.08172881622204657,0.4768092911933769,0.42571911325590733,0.5552223683800908,0.9287079544071077,0.776111944027986,1.0,2000,0.9997895658449124,1.0,0.9448221094931988,1.0,1.0,1.0
phrase_subphrase_rela_1gram,Königspsalm,45,2594,0.017051913603637742,0.018326558668851953,0.008012307007476835,0.040764057315011794,0.546907393129444,0.441048009338506,0.7011508154667145,0.13997589484157003,0.17191404297851073,0.9665167416291854,2000,0.29886745114821706,1.0,0.3670597133865499,1.0,1.0,1.0
phrase_subphrase_rela_1gram,Liturgie,153,4501,0.03287494628276751,0.035432473052417236,0.018658583269596418,0.05372342117166969,0.5610111333283961,0.5101397421618074,0.669993012620552,0.005075461042080514,0.06596701649175413,0.9305347326336831,2000,0.013826255942219331,0.06848115918720966,0.19301460380920651,0.9559973332008782,1.0,1.0
phrase_subphrase_rela_1gram,Mischgedicht,45,2538,0.017421602787456445,0.022936168285351867,0.009971014426709467,0.05895465682654604,0.6159399352070747,0.48667598948997753,0.7707733314455911,0.003791699272632801,0.03298350824587706,0.7711144427786107,2000,0.00809579033886463,0.04009828179508381,0.07238047642845245,0.35849899995032936,1.0,1.0
phrase_subphrase_rela_1gram,Thronbesteigungslied,21,1838,0.011296395911780527,0.016056289218891566,0.003385872823704708,0.07114147779080232,0.5437716980154412,0.45583529281528107,0.9497167733292727,0.24492009627949035,0.2288855572213893,0.9735132433783108,2000,0.3793860314917596,1.0,0.3783524904214559,1.0,1.0,1.0
phrase_subphrase_rela_1gram,Wallfahrtslied,0,268,0.0,nan,nan,nan,nan,nan,nan,nan,nan,0.0004997501249375312,2000,nan,nan,nan,nan,0.0004997501249375312,0.002475252013466025
phrase_subphrase_rela_1gram,Weisheitsgedicht,55,2847,0.018952446588559616,0.01942318082362226,0.007750276407365645,0.038605210112893945,0.5216400038317847,0.41419303201177227,0.6452680556383313,0.29099177800891163,0.2908545727136432,0.9985007496251874,2000,0.6213067692622708,1.0,0.6565003212679374,1.0,1.0,1.0
phrase_subphrase_rela_1gram,Zionslied,15,1583,0.009386733416770964,0.013487113984615376,0.005410683833939136,0.06889701500732416,0.5365129500947567,0.33235439590467347,0.7214079797435746,0.3130697619294128,0.2703648175912044,0.984007996001999,2000,0.4054510031544855,1.0,0.3682555274087094,1.0,1.0,1.0
phrase_subphrase_rela_1gram,prophetische Gerichtsrede,1,531,0.0018796992481203006,0.0034602076124567475,nan,nan,0.4595103578154426,nan,nan,0.556987804297191,0.5112781954887218,1.0,2000,0.6746143017711065,1.0,0.6405734546015106,1.0,1.0,1.0
phrase_subphrase_rela_1gram,"prophetische Schelt-, Droh- und Mahnrede",15,1574,0.009439899307740718,0.009297239509924476,0.0034389537598088437,0.025911935374008533,0.4607157983905125,0.21255607038757227,0.7201877176812457,0.700114820525068,0.638680659670165,1.0,2000,0.9901761234581943,1.0,0.9367588932806324,1.0,1.0,1.0
phrase_subphrase_rela_1gram,prophetische Tora,0,267,0.0,nan,nan,nan,nan,nan,nan,nan,nan,0.0004997501249375312,2000,nan,nan,nan,nan,0.0004997501249375312,0.002475252013466025
phrase_subphrase_rela_1gram,prophetisches Stück,28,2086,0.013245033112582781,0.02262063727515133,0.007691147515683452,0.07632231759478023,0.49527461991508015,0.36320614761143444,0.9386083270868533,0.534348316448445,0.4732633683158421,1.0,2000,0.9931819757463919,1.0,0.9828506799231963,1.0,1.0,1.0
phrase_subphrase_rela_1gram_psalm,Danklied Israels,6,1202,0.004966887417218543,0.008941011096183511,0.0024278837232798983,0.03986635966501213,0.5031891292290627,0.1497829404443782,0.9734566527887458,0.48946757272292324,0.4452773613193403,1.0,2000,0.9803301302734929,1.0,0.992574225707659,1.0,1.0,1.0
phrase_subphrase_rela_1gram_psalm,Danklied des Einzelnen,276,6736,0.039361095265259556,0.04531685830152005,0.02694237012168706,0.06258888496778917,0.5326404308237805,0.4559013211769925,0.6243006378663427,0.03280272121357252,0.17391304347826086,0.9930034982508745,2000,0.07003824259114133,0.3468979642876823,0.3713278495887191,1.0,1.0,1.0
phrase_subphrase_rela_1gram_psalm,Fluch,1,606,0.0016474464579901153,0.00228310502283105,nan,nan,0.3358085808580858,nan,nan,0.7161029840336854,0.7187343043696635,1.0,2000,0.9026111339737467,1.0,0.9103206412825653,1.0,1.0,1.0
phrase_subphrase_rela_1gram_psalm,Hymnus,2850,17409,0.14067821708870132,0.19203996318774588,0.11371141059497353,0.2773698956006903,0.5783253670968737,0.516369180524145,0.6660309956258262,2.0716311098422165e-41,0.0009995002498750624,0.9000499750124937,2000,1.636588576775351e-39,8.105989308927247e-39,0.07896051974012994,0.391089818127632,1.0,1.0
phrase_subphrase_rela_1gram_psalm,Klagelied des Einzelnen,4005,19378,0.17127827909164778,0.1885273204670834,0.11810286378067086,0.2693749650145523,0.5021238868382217,0.4440460647148294,0.5894765157787613,0.3358312243843946,0.4452773613193403,1.0,2000,0.35374222301822894,1.0,0.4690254872563718,1.0,1.0,1.0
phrase_subphrase_rela_1gram_psalm,Klagelied des Volkes,406,8005,0.048270122458685054,0.042660640390054586,0.01605142937378412,0.06893538273411265,0.45603040587317656,0.36732604410051006,0.5141465293566119,0.9986229308925919,0.9330334832583708,1.0,2000,0.9997895658449124,1.0,0.9535232383808095,1.0,1.0,1.0
phrase_subphrase_rela_1gram_psalm,Königspsalm,45,2954,0.015005001667222408,0.01341072445862183,0.0037368624198248967,0.02899939454190208,0.47277138343489056,0.3200486747516671,0.6205804738228166,0.7349869683571417,0.6486756621689156,1.0,2000,0.9788990707729978,1.0,0.8648644427786107,1.0,1.0,1.0
phrase_subphrase_rela_1gram_psalm,Liturgie,153,5143,0.028889728096676736,0.027462806532726026,0.00869411267115117,0.04471791997859784,0.4694781535661773,0.3605066118629767,0.5382172339261875,0.9012518470891917,0.7561219390304847,1.0,2000,0.9999999999461058,1.0,0.999000499750125,1.0,1.0,1.0
phrase_subphrase_rela_1gram_psalm,Mischgedicht,45,2869,0.015442690459849005,0.015143417757079555,0.007417737248313775,0.03725045526740066,0.46204252352736147,0.3719782853295694,0.6193087417171138,0.8092600231533951,0.7451274362818591,1.0,2000,0.8302797640145222,1.0,0.7644813956658034,1.0,1.0,1.0
phrase_subphrase_rela_1gram_psalm,Thronbesteigungslied,21,2090,0.00994789199431549,0.06064318995661458,0.003426974450690504,0.40671892401151394,0.4659831396673502,0.25703298607660796,0.909423300403565,0.7045055226274943,0.6301849075462269,1.0,2000,0.8164238801248129,1.0,0.7321265837669402,1.0,1.0,1.0
phrase_subphrase_rela_1gram_psalm,Wallfahrtslied,0,304,0.0,nan,nan,nan,nan,nan,nan,nan,nan,0.0004997501249375312,2000,nan,nan,nan,nan,0.0004997501249375312,0.002475252013466025
phrase_subphrase_rela_1gram_psalm,Weisheitsgedicht,55,3243,0.016676773802304427,0.016337874608097047,0.003409144281345655,0.03481241764566955,0.45954082919855355,0.33074884111492037,0.625701854393665,0.8486462690811494,0.743128435782109,1.0,2000,0.9999998040278182,1.0,0.9995002498750625,1.0,1.0,1.0
phrase_subphrase_rela_1gram_psalm,Zionslied,15,1799,0.008269018743109152,0.007389881565410436,0.0023767120951440246,0.01611118969076331,0.43800259403372244,0.25429474058101725,0.6610858374887079,0.7962789064591103,0.7496251874062968,1.0,2000,0.898657623003853,1.0,0.8578496466052687,1.0,1.0,1.0
phrase_subphrase_rela_1gram_psalm,prophetische Gerichtsrede,1,603,0.0016556291390728477,0.002320185614849188,nan,nan,0.29187396351575456,nan,nan,0.7651662463418338,0.7387161484453361,1.0,2000,0.7850406942987646,1.0,0.7931252114618847,1.0,1.0,1.0
phrase_subphrase_rela_1gram_psalm,"prophetische Schelt-, Droh- und Mahnrede",21,2081,0.009990485252140819,0.02393487270325989,0.002796128532237178,0.12192212410220685,0.5761767465275394,0.2742905513569068,0.9159639737079315,0.1145273073392502,0.14742628685657172,0.9045477261369316,2000,0.9901761234581943,1.0,0.9367588932806324,1.0,1.0,1.0
phrase_subphrase_rela_1gram_psalm,prophetische Tora,0,303,0.0,nan,nan,nan,nan,nan,nan,nan,nan,0.0004997501249375312,2000,nan,nan,nan,nan,0.0004997501249375312,0.002475252013466025
phrase_subphrase_rela_1gram_psalm,prophetisches Stück,28,2373,0.011661807580174927,0.012076244875016559,0.0032875898901340915,0.04421789996232356,0.4092920353982301,0.15840335913864428,0.5426454364472654,0.9508216499733625,0.9345327336331835,1.0,2000,0.9931819757463919,1.0,0.9828506799231963,1.0,1.0,1.0
phrase_typ_1_2_3gram,Danklied Israels,6,1206,0.0049504950495049506,0.005664659935955635,0.0030645154943637135,0.010971155565307674,0.5164455500276396,0.3442733321411655,0.8150248374776313,0.4448999969588974,0.3918040979510245,1.0,2000,0.9803301302734929,1.0,0.992574225707659,1.0,1.0,1.0
phrase_typ_1_2_3gram,Danklied des Einzelnen,276,6760,0.03922683342808414,0.04242185979818328,0.023693850988908412,0.07259787730991343,0.5023644520195524,0.38688279446629786,0.6518954818011111,0.4469567149210073,0.46926536731634183,1.0,2000,0.5616808242494975,1.0,0.5884438733014445,1.0,1.0,1.0
phrase_typ_1_2_3gram,Fluch,1,608,0.0016420361247947454,0.002824858757062147,nan,nan,0.4194078947368421,nan,nan,0.6108616637392518,0.6122244488977956,1.0,2000,0.9026111339737467,1.0,0.8844142831116778,1.0,1.0,1.0
phrase_typ_1_2_3gram,Hymnus,2850,17485,0.140152446520777,0.11374858772820738,0.08482142225525215,0.15018280906130085,0.4067333704578862,0.37135396864103337,0.4708275880098421,1.0,1.0,1.0,2000,1.0,1.0,1.0,1.0,1.0,1.0
phrase_typ_1_2_3gram,Klagelied des Einzelnen,4095,19594,0.17286504284689097,0.18824737934057637,0.13388056017700425,0.24800304850887278,0.5178632466169467,0.47440475636257085,0.5661042743676665,0.0001583274028933931,0.21389305347326337,1.0,2000,0.00017372034484136188,0.000860433268330535,0.23468821144983065,1.0,1.0,1.0
phrase_typ_1_2_3gram,Klagelied des Volkes,406,8034,0.0481042654028436,0.04831412767623314,0.030776829402515745,0.07097642056198879,0.5258516452858603,0.40841244298520585,0.6976429446554723,0.03917108345723749,0.24687656171914044,1.0,2000,0.171917532951209,0.8515039783947712,0.78143686777301,1.0,1.0,1.0
phrase_typ_1_2_3gram,Königspsalm,45,2964,0.014955134596211365,0.030127950742085484,0.013078649663868435,0.06273897143368885,0.7278227620332883,0.6078895054772697,0.8973435817592852,7.464737454688469e-08,0.0014992503748125937,0.3743128435782109,2000,1.1794285178407781e-06,5.841685009862796e-06,0.01974012993503248,0.09777245453190798,1.0,1.0
phrase_typ_1_2_3gram,Liturgie,153,5161,0.028791870530673693,0.03465724522352156,0.020713949145239753,0.05579987216360906,0.6131671295399255,0.503885385838253,0.775828962239568,8.841062332040484e-07,0.014992503748125937,0.7896051974012993,2000,1.3968878484623966e-05,6.918756568445035e-05,0.09718217814169837,0.48134131461862395,1.0,1.0
phrase_typ_1_2_3gram,Mischgedicht,45,2879,0.015389876880984952,0.04072905135411248,0.01776187837271349,0.08103733032620113,0.7829300297171086,0.6580908073330807,0.909807140316484,3.452467710986959e-11,0.0004997501249375312,0.26786606696651677,2000,2.727449491679698e-09,1.3509000816660025e-08,0.0024675162418790605,0.0122215568164885,1.0,1.0
phrase_typ_1_2_3gram,Thronbesteigungslied,21,2097,0.009915014164305949,0.012719045537061408,0.004881719712459047,0.05920398346374211,0.5578490814542316,0.3453127595008794,0.8058792746411616,0.18052481046188856,0.22988505747126436,0.9780109945027486,2000,0.31967498997330546,1.0,0.3783524904214559,1.0,1.0,1.0
phrase_typ_1_2_3gram,Wallfahrtslied,0,305,0.0,nan,nan,nan,nan,nan,nan,nan,nan,0.0004997501249375312,2000,nan,nan,nan,nan,0.0004997501249375312,0.002475252013466025
phrase_typ_1_2_3gram,Weisheitsgedicht,55,3254,0.01662133575098217,0.02565719557110867,0.010894733832117783,0.05779065789871114,0.6399508297480024,0.5196102331835594,0.847441227950418,0.0001820760104432648,0.020989505247376312,0.6621689155422289,2000,0.002876800965003584,0.014248735569313217,0.15792103948025987,0.782179636255264,1.0,1.0
phrase_typ_1_2_3gram,Zionslied,15,1805,0.008241758241758242,0.021040856236844003,0.005894609409505429,0.06712988175504501,0.7484949215143121,0.5201389651748255,0.9277133235731833,0.0004517279660075171,0.008995502248875561,0.3373313343328336,2000,0.001808916692035383,0.008959526892989919,0.029610194902548723,0.14665868179786198,1.0,1.0
phrase_typ_1_2_3gram,prophetische Gerichtsrede,1,605,0.0016501650165016502,0.004484304932735426,nan,nan,0.6347107438016529,nan,nan,0.3216734027325052,0.28857715430861725,0.6901549225387307,2000,0.608703843569029,1.0,0.5768662324649299,1.0,1.0,1.0
phrase_typ_1_2_3gram,"prophetische Schelt-, Droh- und Mahnrede",21,2088,0.00995732574679943,0.03201990089350029,0.005083551685215421,0.5,0.4376026272577997,0.2794458774849612,0.9982888443488487,0.8378181734773371,0.782608695652174,1.0,2000,0.9901761234581943,1.0,0.9367588932806324,1.0,1.0,1.0
phrase_typ_1_2_3gram,prophetische Tora,0,304,0.0,nan,nan,nan,nan,nan,nan,nan,nan,0.0004997501249375312,2000,nan,nan,nan,nan,0.0004997501249375312,0.002475252013466025
phrase_typ_1_2_3gram,prophetisches Stück,28,2381,0.011623080116230802,0.00916490972908255,0.004215897600126839,0.018109230401215756,0.3983395332093358,0.26879896465049724,0.8612623429187214,0.9680127996193137,0.936031984007996,1.0,2000,0.9931819757463919,1.0,0.9828506799231963,1.0,1.0,1.0
phrase_typ_1_2_3gram_psalm,Danklied Israels,6,1206,0.0049504950495049506,0.0043111323478049815,0.0015904213162436635,0.009076970162326238,0.3655334438916528,0.09849479276551697,0.714478420191863,0.8725777562790387,0.879560219890055,1.0,2000,0.9803301302734929,1.0,0.992574225707659,1.0,1.0,1.0
phrase_typ_1_2_3gram_psalm,Danklied des Einzelnen,276,6760,0.03922683342808414,0.05093983309624399,0.03383283593327687,0.07333132937485444,0.615129223479976,0.5277000029246455,0.6847875784181033,4.1574661818024286e-11,0.006496751624187906,0.7691154422788605,2000,1.6421991418119593e-09,8.133778321296743e-09,0.09057236087838434,0.44860302667581314,1.0,1.0
phrase_typ_1_2_3gram_psalm,Fluch,1,608,0.0016420361247947454,0.002652519893899204,nan,nan,0.43585526315789475,nan,nan,0.5889969872541103,0.6147294589178357,1.0,2000,0.9026111339737467,1.0,0.8844142831116778,1.0,1.0,1.0
phrase_typ_1_2_3gram_psalm,Hymnus,2850,17485,0.140152446520777,0.16577239086364942,0.09708946231280552,0.23539566918792562,0.5216188010776154,0.4491985407238098,0.6192809098791635,0.0001045277321638292,0.18840579710144928,1.0,2000,0.0005898350600673219,0.002921440830509029,0.9302536231884058,1.0,1.0,1.0
phrase_typ_1_2_3gram_psalm,Klagelied des Einzelnen,4095,19594,0.17286504284689097,0.2288992489642327,0.1440123012365267,0.29244963771471283,0.5860891793269052,0.529128567752873,0.6658882342694864,8.54005611284085e-68,0.0004997501249375312,0.8830584707646177,2000,3.5508654363917215e-67,1.7587362928772028e-66,0.0017165330378289116,0.008501952567991999,1.0,1.0
phrase_typ_1_2_3gram_psalm,Klagelied des Volkes,406,8034,0.0481042654028436,0.041880781838181065,0.013315828418491122,0.0818504445926336,0.46429491165011755,0.31697609977639685,0.5678860905930628,0.9924799328770809,0.8260869565217391,1.0,2000,0.9997895658449124,1.0,0.9448221094931988,1.0,1.0,1.0
phrase_typ_1_2_3gram_psalm,Königspsalm,45,2964,0.014955134596211365,0.01361262458647757,0.002485510818509188,0.03429471137774557,0.46545958914379965,0.2645404020985358,0.6423262249860888,0.7871642630456268,0.6876561719140429,1.0,2000,0.9788990707729978,1.0,0.8648644427786107,1.0,1.0,1.0
phrase_typ_1_2_3gram_psalm,Liturgie,153,5161,0.028791870530673693,0.01991595493004636,0.006969330633118046,0.03449746673331963,0.34711125294915485,0.20622519643998763,0.43357193237932956,0.9999999999461058,0.999000499750125,1.0,2000,0.9999999999461058,1.0,0.999000499750125,1.0,1.0,1.0
phrase_typ_1_2_3gram_psalm,Mischgedicht,45,2879,0.015389876880984952,0.01569247527412073,0.00750097884526919,0.0294118067707787,0.5289761105322064,0.4156210441278183,0.6123640069867393,0.2520730047962152,0.328335832083958,0.999000499750125,2000,0.4025649228182138,1.0,0.5085986418555428,1.0,1.0,1.0
phrase_typ_1_2_3gram_psalm,Thronbesteigungslied,21,2097,0.009915014164305949,0.05661536385087827,0.0031051643010487325,0.5028780275006935,0.4015259895088221,0.18803376074804928,0.6858821963047158,0.9400973963471226,0.895552223888056,1.0,2000,0.9521499270695216,1.0,0.9218897044984001,1.0,1.0,1.0
phrase_typ_1_2_3gram_psalm,Wallfahrtslied,0,305,0.0,nan,nan,nan,nan,nan,nan,nan,nan,0.0004997501249375312,2000,nan,nan,nan,nan,0.0004997501249375312,0.002475252013466025
phrase_typ_1_2_3gram_psalm,Weisheitsgedicht,55,3254,0.01662133575098217,0.013837104229835738,0.0035883567729828145,0.0317515070159958,0.43022852992121585,0.26334589148960985,0.5723045814875538,0.9622476890159863,0.8705647176411794,1.0,2000,0.9999998040278182,1.0,0.9995002498750625,1.0,1.0,1.0
phrase_typ_1_2_3gram_psalm,Zionslied,15,1805,0.008241758241758242,0.007327665256797643,0.0020279433421034887,0.01722830424067703,0.43831948291782086,0.16150031508774815,0.6792799273941673,0.7951035668679695,0.7561219390304847,1.0,2000,0.898657623003853,1.0,0.8578496466052687,1.0,1.0,1.0
phrase_typ_1_2_3gram_psalm,prophetische Gerichtsrede,1,605,0.0016501650165016502,0.002777777777777778,nan,nan,0.41074380165289254,nan,nan,0.6224665243936891,0.6457915831663327,1.0,2000,0.7126790641608904,1.0,0.7357787648660267,1.0,1.0,1.0
phrase_typ_1_2_3gram_psalm,"prophetische Schelt-, Droh- und Mahnrede",21,2088,0.00995732574679943,0.02591195657364348,0.002629590705252245,0.1221273739515269,0.39602718482028826,0.15478470672707836,0.6499745186323173,0.9497479630616209,0.9020489755122438,1.0,2000,0.9901761234581943,1.0,0.9905047476261869,1.0,1.0,1.0
phrase_typ_1_2_3gram_psalm,prophetische Tora,0,304,0.0,nan,nan,nan,nan,nan,nan,nan,nan,0.0004997501249375312,2000,nan,nan,nan,nan,0.0004997501249375312,0.002475252013466025
phrase_typ_1_2_3gram_psalm,prophetisches Stück,28,2381,0.011623080116230802,0.014309381486287083,0.0035093860533707954,0.11154061986890289,0.40584688306233874,0.17071567775530003,0.5877327851428013,0.9569040491949451,0.9140429785107447,1.0,2000,0.9931819757463919,1.0,0.9828506799231963,1.0,1.0,1.0
phrase_typ_1_2gram,Danklied Israels,6,1206,0.0049504950495049506,0.0058216180736662786,0.002928116248856744,0.010680039593270704,0.5284687672747375,0.3011423893463764,0.777377549612206,0.40505547685713933,0.3563218390804598,0.999000499750125,2000,0.9803301302734929,1.0,0.992574225707659,1.0,1.0,1.0
phrase_typ_1_2gram,Danklied des Einzelnen,276,6760,0.03922683342808414,0.04285344099227627,0.024462069122563292,0.07577508666550933,0.502832893834148,0.3940965606687491,0.655577844852428,0.43652841617223415,0.46326836581709147,1.0,2000,0.5616808242494975,1.0,0.5884438733014445,1.0,1.0,1.0
phrase_typ_1_2gram,Fluch,1,608,0.0016420361247947454,0.0024330900243309003,nan,nan,0.3256578947368421,nan,nan,0.7276737195911083,0.7464929859719439,1.0,2000,0.9026111339737467,1.0,0.9103206412825653,1.0,1.0,1.0
phrase_typ_1_2gram,Hymnus,2850,17485,0.140152446520777,0.11678083231785749,0.08705585332935742,0.1546997958886431,0.4167737760185422,0.3850466229118927,0.4876188322806067,1.0,0.9995002498750625,1.0,2000,1.0,1.0,1.0,1.0,1.0,1.0
phrase_typ_1_2gram,Klagelied des Einzelnen,4095,19594,0.17286504284689097,0.1898661883257189,0.13528901033009627,0.2546978408049958,0.5234540911891121,0.4796563486622065,0.562197262262131,1.1314265806508266e-06,0.14842578710644677,1.0,2000,1.3144514686972839e-06,6.510450887637148e-06,0.16993677074506225,0.8416933042312079,1.0,1.0
phrase_typ_1_2gram,Klagelied des Volkes,406,8034,0.0481042654028436,0.050903352403920285,0.031303913463687674,0.07578435646013469,0.5443450924703017,0.4358806854678693,0.7031089870665872,0.0012650425291769085,0.12393803098450774,0.9930034982508745,2000,0.010166701116604742,0.05035545996577552,0.78143686777301,1.0,1.0,1.0
phrase_typ_1_2gram,Königspsalm,45,2964,0.014955134596211365,0.03060581871986634,0.012542363880034246,0.07815811060834159,0.7053981106612686,0.5786078218703444,0.8852096149782469,1.0881559697259605e-06,0.0029985007496251873,0.44127936031984005,2000,8.596432160835087e-06,4.257795036547702e-05,0.022856992556353404,0.11321021051063032,1.0,1.0
phrase_typ_1_2gram,Liturgie,153,5161,0.028791870530673693,0.03534333215848759,0.020276019056698985,0.05868808416177727,0.6043085838611102,0.49812436968080837,0.7568945281380358,5.308246618342248e-06,0.01999000499750125,0.8275862068965517,2000,4.1935148284903756e-05,0.0002077039205146359,0.10528069298683992,0.5214530908368427,1.0,1.0
phrase_typ_1_2gram,Mischgedicht,45,2879,0.015389876880984952,0.036755056121774585,0.015641161352245848,0.0763211774424114,0.7689668480568098,0.6412498079353777,0.90985281351195,2.808947142552713e-10,0.0004997501249375312,0.3003498250874563,2000,7.396894142055478e-09,3.663666341415425e-08,0.0024675162418790605,0.0122215568164885,1.0,1.0
phrase_typ_1_2gram,Thronbesteigungslied,21,2097,0.009915014164305949,0.018305140598428634,0.00654908816725291,0.21011354623728137,0.5682494266185253,0.3198174102678586,0.8042881157534496,0.14060437608715343,0.18990504747626186,0.953023488255872,2000,0.2583196676950028,1.0,0.34889531978196947,1.0,1.0,1.0
phrase_typ_1_2gram,Wallfahrtslied,0,305,0.0,nan,nan,nan,nan,nan,nan,nan,nan,0.0004997501249375312,2000,nan,nan,nan,nan,0.0004997501249375312,0.002475252013466025
phrase_typ_1_2gram,Weisheitsgedicht,55,3254,0.01662133575098217,0.022715679799449044,0.009938747406750707,0.047698815658314596,0.6127004525898195,0.4912498830679375,0.8309869855097173,0.002048083772787838,0.04397801099450275,0.7866066966516742,2000,0.01011241362813995,0.050086575160303425,0.21714142928535732,1.0,1.0,1.0
phrase_typ_1_2gram,Zionslied,15,1805,0.008241758241758242,0.026364570988022043,0.008649132202718209,0.08615457176263362,0.7810710987996307,0.5773702038627437,0.9268118365675316,8.697747964435875e-05,0.0024987506246876563,0.2733633183408296,2000,0.0006246564447185765,0.003093910427150885,0.019740129935032484,0.097772454531908,1.0,1.0
phrase_typ_1_2gram,prophetische Gerichtsrede,1,605,0.0016501650165016502,0.0037593984962406013,nan,nan,0.5636363636363636,nan,nan,0.41401791773216745,0.39478957915831664,0.9640179910044977,2000,0.6340833131175253,1.0,0.6029225116900467,1.0,1.0,1.0
phrase_typ_1_2gram,"prophetische Schelt-, Droh- und Mahnrede",21,2088,0.00995732574679943,0.024458623351831552,0.004834449042568552,0.5,0.43931308155446086,0.26823043243873385,0.824885699679865,0.8310995951831299,0.768615692153923,1.0,2000,0.9901761234581943,1.0,0.9367588932806324,1.0,1.0,1.0
phrase_typ_1_2gram,prophetische Tora,0,304,0.0,nan,nan,nan,nan,nan,nan,nan,nan,0.0004997501249375312,2000,nan,nan,nan,nan,0.0004997501249375312,0.002475252013466025
phrase_typ_1_2gram,prophetisches Stück,28,2381,0.011623080116230802,0.009140406986410454,0.004033995979835279,0.018050612975246634,0.39536959260814786,0.2733184560795488,0.8792607963140241,0.9717053466091624,0.9455272363818091,1.0,2000,0.9931819757463919,1.0,0.9828506799231963,1.0,1.0,1.0
phrase_typ_1_2gram_psalm,Danklied Israels,6,1206,0.0049504950495049506,0.004456779079572696,0.0017691616924399149,0.009886809857699725,0.38018242122719736,0.13955246292876433,0.6879028576075983,0.8448112269055872,0.8525737131434283,1.0,2000,0.9803301302734929,1.0,0.992574225707659,1.0,1.0,1.0
phrase_typ_1_2gram_psalm,Danklied des Einzelnen,276,6760,0.03922683342808414,0.050875970328980204,0.026962594412462106,0.06559356712236863,0.5987016014921533,0.5139081240985927,0.6642112350193423,1.291865663183675e-08,0.011494252873563218,0.841079460269865,2000,1.275717342393879e-07,6.318601562668326e-07,0.09057236087838434,0.44860302667581314,1.0,1.0
phrase_typ_1_2gram_psalm,Fluch,1,608,0.0016420361247947454,0.002364066193853428,nan,nan,0.3412828947368421,nan,nan,0.7095108841237273,0.7419839679358717,1.0,2000,0.9026111339737467,1.0,0.9103206412825653,1.0,1.0,1.0
phrase_typ_1_2gram_psalm,Hymnus,2850,17485,0.140152446520777,0.17189286019861466,0.10135997334961615,0.26920721327286706,0.5263537367869201,0.4666569267925903,0.6228594440499009,3.1031140692642765e-06,0.13893053473263367,1.0,2000,2.0428834289323154e-05,0.00010118359292802922,0.9146260203231716,1.0,1.0,1.0
phrase_typ_1_2gram_psalm,Klagelied des Einzelnen,4095,19594,0.17286504284689097,0.21588103883394816,0.13786291824335153,0.26867368573424066,0.5702095144373392,0.5147805994199781,0.6535052726582428,8.756793992354506e-46,0.0014992503748125937,0.9435282358820589,2000,2.882444689150025e-45,1.4276688818066621e-44,0.004230027843221247,0.020951240256837426,1.0,1.0
phrase_typ_1_2gram_psalm,Klagelied des Volkes,406,8034,0.0481042654028436,0.043340105055413664,0.01409301367579665,0.08211793758589958,0.4731128847717398,0.3464681125790662,0.5675493309193836,0.9664440140580106,0.7616191904047976,1.0,2000,0.9997895658449124,1.0,0.9448221094931988,1.0,1.0,1.0
phrase_typ_1_2gram_psalm,Königspsalm,45,2964,0.014955134596211365,0.01724709798995382,0.00331254175278104,0.0524388122525959,0.4751761883340831,0.2933606067700693,0.6645927909573028,0.7165164384017094,0.6286856571714143,1.0,2000,0.9788990707729978,1.0,0.8648644427786107,1.0,1.0,1.0
phrase_typ_1_2gram_psalm,Liturgie,153,5161,0.028791870530673693,0.02130801843181933,0.00746370769315283,0.03616063020066059,0.3824194277594781,0.2657353212391158,0.4589072872204571,0.9999996559381068,0.9980009995002499,1.0,2000,0.9999999999461058,1.0,0.999000499750125,1.0,1.0,1.0
phrase_typ_1_2gram_psalm,Mischgedicht,45,2879,0.015389876880984952,0.015515935460701128,0.0065580686900969945,0.02859227759773661,0.5224615028366331,0.36829354899522354,0.5998969053610889,0.30231404937207507,0.3488255872063968,1.0,2000,0.4682903902038026,1.0,0.5199475733831197,1.0,1.0,1.0
phrase_typ_1_2gram_psalm,Thronbesteigungslied,21,2097,0.009915014164305949,0.06445713477027562,0.003668405364780603,0.5037337436159585,0.481095442468833,0.24328989725073194,0.8376218600356847,0.617425950417093,0.5657171414292853,1.0,2000,0.7280097027306023,1.0,0.6670396145210976,1.0,1.0,1.0
phrase_typ_1_2gram_psalm,Wallfahrtslied,0,305,0.0,nan,nan,nan,nan,nan,nan,nan,nan,0.0004997501249375312,2000,nan,nan,nan,nan,0.0004997501249375312,0.002475252013466025
phrase_typ_1_2gram_psalm,Weisheitsgedicht,55,3254,0.01662133575098217,0.013504472217608579,0.0035825328673829405,0.029250132890875972,0.42149522266301614,0.28913406310326906,0.5514013670587502,0.9772384109611535,0.912543728135932,1.0,2000,0.9999998040278182,1.0,0.9995002498750625,1.0,1.0,1.0
phrase_typ_1_2gram_psalm,Zionslied,15,1805,0.008241758241758242,0.011329944438949422,0.0019373127895329753,0.02543497765478665,0.6012003693444137,0.20505144243168236,0.7960151978544859,0.08825513210514924,0.13893053473263367,0.8340829585207397,2000,0.1422888864552406,0.704753906237038,0.2195102448775612,1.0,1.0,1.0
phrase_typ_1_2gram_psalm,prophetische Gerichtsrede,1,605,0.0016501650165016502,0.0025380710659898475,nan,nan,0.35206611570247937,nan,nan,0.6966078353399675,0.7129258517034068,1.0,2000,0.7750988590402456,1.0,0.7866357715430863,1.0,1.0,1.0
phrase_typ_1_2gram_psalm,"prophetische Schelt-, Droh- und Mahnrede",21,2088,0.00995732574679943,0.018741316682842638,0.0021807929311948096,0.10151915779172457,0.3837005108556833,0.11702740849668995,0.5948950228315215,0.9668792446831417,0.9435282358820589,1.0,2000,0.9901761234581943,1.0,0.9905047476261869,1.0,1.0,1.0
phrase_typ_1_2gram_psalm,prophetische Tora,0,304,0.0,nan,nan,nan,nan,nan,nan,nan,nan,0.0004997501249375312,2000,nan,nan,nan,nan,0.0004997501249375312,0.002475252013466025
phrase_typ_1_2gram_psalm,prophetisches Stück,28,2381,0.011623080116230802,0.028406470340014735,0.003308427060034187,0.2582003926105238,0.4380137397252055,0.2095514395220803,0.6333511670782683,0.8706637436660206,0.8125937031484258,1.0,2000,0.9931819757463919,1.0,0.9828506799231963,1.0,1.0,1.0
phrase_typ_1gram,Danklied Israels,6,1206,0.0049504950495049506,0.006229794816025723,0.0028466493484211363,0.012755399525998405,0.5453289110005528,0.2403644089320353,0.818323377383183,0.3508848660781439,0.3098450774612694,0.9900049975012494,2000,0.9803301302734929,1.0,0.992574225707659,1.0,1.0,1.0
phrase_typ_1gram,Danklied des Einzelnen,276,6760,0.03922683342808414,0.043823279882696756,0.02385433979805587,0.07990428863432847,0.5174167631420976,0.4124182573055534,0.6807307039831079,0.16295300091901826,0.31784107946026985,1.0,2000,0.29896687914791936,1.0,0.5297533051655989,1.0,1.0,1.0
phrase_typ_1gram,Fluch,1,608,0.0016420361247947454,0.002197802197802198,nan,nan,0.2532894736842105,nan,nan,0.8040213128363041,0.8176352705410822,1.0,2000,0.9026111339737467,1.0,0.9103206412825653,1.0,1.0,1.0
phrase_typ_1gram,Hymnus,2850,17485,0.140152446520777,0.12166776674783339,0.08914939147985691,0.15957089559611118,0.43023758710473636,0.40095560670959673,0.5089117326165519,1.0,0.9995002498750625,1.0,2000,1.0,1.0,1.0,1.0,1.0,1.0
phrase_typ_1gram,Klagelied des Einzelnen,4095,19594,0.17286504284689097,0.1984227768654525,0.14378959790745888,0.28676063871519214,0.5370353524533376,0.4739099485517395,0.5736891883459009,4.1199836989455197e-14,0.050474762618690654,0.9965017491254373,2000,5.249656648656388e-14,2.600144060237365e-13,0.06536895486682888,0.3237710789417281,1.0,1.0
phrase_typ_1gram,Klagelied des Volkes,406,8034,0.0481042654028436,0.051340432927226454,0.02938409956889928,0.07366722756133885,0.5394272617238804,0.449683300653282,0.6895031030764871,0.0036282855788267888,0.1374312843578211,0.9950024987506247,2000,0.023886213393943024,0.11830791999267065,0.78143686777301,1.0,1.0,1.0
phrase_typ_1gram,Königspsalm,45,2964,0.014955134596211365,0.024103555733092714,0.008778143031206885,0.07279717888658853,0.6213675213675214,0.47645689831851207,0.8391890080582394,0.002566183136300101,0.03298350824587706,0.7461269365317341,2000,0.00750846176917437,0.03718925555947524,0.09650730190460326,0.4779986666004391,1.0,1.0
phrase_typ_1gram,Liturgie,153,5161,0.028791870530673693,0.03344968752820858,0.017542370223798898,0.05633924451950696,0.5601108362999013,0.4664081229025008,0.6981800530063939,0.005573634409836976,0.09745127436281859,0.9695152423788106,2000,0.01467723727923737,0.07269605211622937,0.2405828335832084,1.0,1.0,1.0
phrase_typ_1gram,Mischgedicht,45,2879,0.015389876880984952,0.02970774500128739,0.012279127075293808,0.06831594797936542,0.7234649376712593,0.5855567589838127,0.8957375382005796,1.2901788597087518e-07,0.0009995002498750624,0.43228385807096453,2000,5.364427890367968e-07,2.6569900184389957e-06,0.00438669554111833,0.021727212118201774,1.0,1.0
phrase_typ_1gram,Thronbesteigungslied,21,2097,0.009915014164305949,0.01922284756339056,0.00532557480328518,0.08386524384674499,0.61103163249086,0.42908755156599937,0.8898015123789604,0.03978214753142255,0.095952023988006,0.7976011994002998,2000,0.09243498985242299,0.4578285893885901,0.22294734985448453,1.0,1.0,1.0
phrase_typ_1gram,Wallfahrtslied,0,305,0.0,nan,nan,nan,nan,nan,nan,nan,nan,0.0004997501249375312,2000,nan,nan,nan,nan,0.0004997501249375312,0.002475252013466025
phrase_typ_1gram,Weisheitsgedicht,55,3254,0.01662133575098217,0.019339648312658074,0.008413617042416967,0.036752702674324005,0.5763479912834554,0.4687119202118193,0.7752277242923507,0.025906661903386686,0.11044477761119441,0.9300349825087456,2000,0.0758009737173166,0.3754406521457628,0.30086680797532267,1.0,1.0,1.0
phrase_typ_1gram,Zionslied,15,1805,0.008241758241758242,0.0296844516503657,0.007230079061832824,0.11087814133560368,0.7756417359187442,0.6063520389295988,0.9672285618123677,0.00011589048468708324,0.004997501249375313,0.33933033483258374,2000,0.0007629456908566312,0.0037788541977736663,0.026320173246709978,0.13036327270921066,1.0,1.0
phrase_typ_1gram,prophetische Gerichtsrede,1,605,0.0016501650165016502,0.00510204081632653,nan,nan,0.6793388429752066,nan,nan,0.26849664643193466,0.26753507014028055,0.5442278860569715,2000,0.5697286084544736,1.0,0.5768662324649299,1.0,1.0,1.0
phrase_typ_1gram,"prophetische Schelt-, Droh- und Mahnrede",21,2088,0.00995732574679943,0.010660782576008918,0.0033598412193343967,0.06434944972030066,0.45637201240649516,0.32734967492032635,0.998463799102954,0.7546301902159128,0.6896551724137931,1.0,2000,0.9901761234581943,1.0,0.9367588932806324,1.0,1.0,1.0
phrase_typ_1gram,prophetische Tora,0,304,0.0,nan,nan,nan,nan,nan,nan,nan,nan,0.0004997501249375312,2000,nan,nan,nan,nan,0.0004997501249375312,0.002475252013466025
phrase_typ_1gram,prophetisches Stück,28,2381,0.011623080116230802,0.009620740326153438,0.003615015882985898,0.01895615292650296,0.4155741885162297,0.2768406404267727,0.8589887156743872,0.9380182567478833,0.9075462268865567,1.0,2000,0.9931819757463919,1.0,0.9828506799231963,1.0,1.0,1.0
phrase_typ_1gram_psalm,Danklied Israels,6,1206,0.0049504950495049506,0.005228203290113716,0.0015863671890732685,0.016494129221527494,0.4097567716970702,0.12349603204180996,0.9664443983129745,0.7776296700178031,0.7661169415292354,1.0,2000,0.9803301302734929,1.0,0.992574225707659,1.0,1.0,1.0
phrase_typ_1gram_psalm,Danklied des Einzelnen,276,6760,0.03922683342808414,0.050131593914000086,0.026193845345627118,0.0681158926664167,0.5969023347054283,0.5292052143818098,0.6679839461021502,2.2999794203265092e-08,0.00849575212393803,0.8450774612693653,2000,1.8372856768160043e-07,9.100037886773057e-07,0.09057236087838434,0.44860302667581314,1.0,1.0
phrase_typ_1gram_psalm,Fluch,1,608,0.0016420361247947454,0.0022471910112359553,nan,nan,0.3092105263157895,nan,nan,0.7463378893853176,0.7680360721442886,1.0,2000,0.9026111339737467,1.0,0.9103206412825653,1.0,1.0,1.0
phrase_typ_1gram_psalm,Hymnus,2850,17485,0.140152446520777,0.1755408127427331,0.10454004364029643,0.2703919629504321,0.5297100472083841,0.47621426132166483,0.6161598959692867,1.744771476329802e-07,0.08995502248875563,0.9975012493753124,2000,1.2530631511823122e-06,6.206395823016167e-06,0.6711644177911044,1.0,1.0,1.0
phrase_typ_1gram_psalm,Klagelied des Einzelnen,4095,19594,0.17286504284689097,0.21120921159728615,0.1386297451148846,0.2649780975091195,0.5619194495636264,0.5077871701671064,0.6349415435256484,4.6045155492420177e-36,0.0024987506246876563,0.953023488255872,2000,1.1367397762191232e-35,5.63024855716648e-35,0.005805920569127202,0.02875660427409059,1.0,1.0
phrase_typ_1gram_psalm,Klagelied des Volkes,406,8034,0.0481042654028436,0.04327472871472448,0.015609909809016638,0.07292764176405911,0.46310630559040333,0.35799429565684837,0.5410868677260935,0.9940032649134376,0.8670664667666167,1.0,2000,0.9997895658449124,1.0,0.9448221094931988,1.0,1.0,1.0
phrase_typ_1gram_psalm,Königspsalm,45,2964,0.014955134596211365,0.0180003394990763,0.006173469323554569,0.07922239380570764,0.46907332433648224,0.3164862809335345,0.6722306759115073,0.7621576311666278,0.6846576711644178,1.0,2000,0.9788990707729978,1.0,0.8648644427786107,1.0,1.0,1.0
phrase_typ_1gram_psalm,Liturgie,153,5161,0.028791870530673693,0.023245168832850046,0.007931819350803481,0.0392748855239974,0.41848175038277274,0.2915175786687179,0.4903687406818508,0.9997113022983188,0.9855072463768116,1.0,2000,0.9999999999461058,1.0,0.999000499750125,1.0,1.0,1.0
phrase_typ_1gram_psalm,Mischgedicht,45,2879,0.015389876880984952,0.01604624893992755,0.007759943018020821,0.02883567751191744,0.5202230712824669,0.3916493604104859,0.5943633338002714,0.3205530926880513,0.33933033483258374,1.0,2000,0.47780555325200097,1.0,0.5155210856110406,1.0,1.0,1.0
phrase_typ_1gram_psalm,Thronbesteigungslied,21,2097,0.009915014164305949,0.10623482449194233,0.004280976362179899,0.6550097272903291,0.5290551127460998,0.24690312395067038,0.9065037778464347,0.32323354532042714,0.328335832083958,0.9980009995002499,2000,0.45439835747881596,1.0,0.4645980581138003,1.0,1.0,1.0
phrase_typ_1gram_psalm,Wallfahrtslied,0,305,0.0,nan,nan,nan,nan,nan,nan,nan,nan,0.0004997501249375312,2000,nan,nan,nan,nan,0.0004997501249375312,0.002475252013466025
phrase_typ_1gram_psalm,Weisheitsgedicht,55,3254,0.01662133575098217,0.013555850122170681,0.003919146800086865,0.027055528538768286,0.41695814941051573,0.2994303476302658,0.5309451166247556,0.9828007485632297,0.9335332333833083,1.0,2000,0.9999998040278182,1.0,0.9995002498750625,1.0,1.0,1.0
phrase_typ_1gram_psalm,Zionslied,15,1805,0.008241758241758242,0.021391995184296103,0.0063436437771861925,0.06229783717655963,0.7443582640812557,0.48459529739291807,0.9016222346656061,0.0005494097268645547,0.005997001499250375,0.36081959020489757,2000,0.002066827067728563,0.010236951639623295,0.026320173246709978,0.13036327270921066,1.0,1.0
phrase_typ_1gram_psalm,prophetische Gerichtsrede,1,605,0.0016501650165016502,0.003236245954692557,nan,nan,0.4925619834710744,nan,nan,0.5114069571096518,0.48296593186372744,1.0,2000,0.651631445349395,1.0,0.6254804691349913,1.0,1.0,1.0
phrase_typ_1gram_psalm,"prophetische Schelt-, Droh- und Mahnrede",21,2088,0.00995732574679943,0.02054325797667489,0.0026914533146107423,0.1154902621368602,0.39513774858602446,0.1828235961876077,0.6393187109746361,0.9511581913908042,0.936031984007996,1.0,2000,0.9901761234581943,1.0,0.9905047476261869,1.0,1.0,1.0
phrase_typ_1gram_psalm,prophetische Tora,0,304,0.0,nan,nan,nan,nan,nan,nan,nan,nan,0.0004997501249375312,2000,nan,nan,nan,nan,0.0004997501249375312,0.002475252013466025
phrase_typ_1gram_psalm,prophetisches Stück,28,2381,0.011623080116230802,0.016141877307889903,0.004116984014713791,0.26037140731254727,0.43358882822343553,0.12699413477111207,0.5900782012327924,0.8868986737549223,0.8315842078960519,1.0,2000,0.9931819757463919,1.0,0.9828506799231963,1.0,1.0,1.0
