model,genre,n_same_genre,n_different_genre,prevalence,average_precision,ap_ci_low,ap_ci_high,separation_auc,auc_ci_low,auc_ci_high,separation_p_naive,separation_p_perm,separation_p_maxT,n_permutations,naive_q,naive_q_by,perm_q,perm_q_by,maxT_q,maxT_q_by
morph_atomic_core,Danklied Israels,6,1206,0.0049504950495049506,0.00550117099568413,0.002823873978952617,0.014175474011277415,0.44914317302377005,0.20582190801427394,0.8342833120914949,0.6667193663016255,0.6221889055472264,1.0,2000,0.9622723208019656,1.0,0.9855019298861208,1.0,1.0,1.0
morph_atomic_core,Danklied des Einzelnen,276,6760,0.03922683342808414,0.04333107782267192,0.025845117466073837,0.07593844337717538,0.5086634936969385,0.4135409547739069,0.6523385473597308,0.31254217836750164,0.40729635182408797,1.0,2000,0.4969933000270108,1.0,0.6372217117247828,1.0,1.0,1.0
morph_atomic_core,Fluch,1,608,0.0016420361247947454,0.002004008016032064,nan,nan,0.18092105263157895,nan,nan,0.8657131898112931,0.8997995991983968,1.0,2000,0.9192378014665723,1.0,0.9639278557114228,1.0,1.0,1.0
morph_atomic_core,Hymnus,2850,17485,0.140152446520777,0.1349576792765762,0.0928846572364369,0.17005525341992742,0.46907946159364666,0.4275927581346616,0.5413778857488787,0.9999999428083297,0.9070464767616192,1.0,2000,1.0,1.0,1.0,1.0,1.0,1.0
morph_atomic_core,Klagelied des Einzelnen,4095,19594,0.17286504284689097,0.20748274494453925,0.1409110373228832,0.27082214411881433,0.5473232754339216,0.4943223629167313,0.5861175891504653,7.106963089467052e-22,0.019490254872563718,0.9875062468765617,2000,1.044508211633794e-21,5.386604496848983e-21,0.028217234666248963,0.14551832283263022,1.0,1.0
morph_atomic_core,Klagelied des Volkes,406,8034,0.0481042654028436,0.04792534414911184,0.02898456701894155,0.06849549185821674,0.5155325090042198,0.41476566761158085,0.678561351108765,0.1450975455341646,0.3238380809595202,1.0,2000,0.2814892383362793,1.0,0.6050148002921617,1.0,1.0,1.0
morph_atomic_core,Königspsalm,45,2964,0.014955134596211365,0.03343659113829564,0.014659776862135213,0.0712850447030096,0.7369620632778527,0.595885821749173,0.8829442901616111,2.325306741677613e-08,0.0004997501249375312,0.3803098450774613,2000,7.392279667286289e-07,3.812252163674738e-06,0.015148675662168916,0.07812281754636398,1.0,1.0
morph_atomic_core,Liturgie,153,5161,0.028791870530673693,0.03818363923165555,0.021737653781962716,0.06821887308007005,0.6183936081698713,0.5118607024173243,0.7893393711334176,2.8823774112219636e-07,0.008995502248875561,0.7626186906546727,2000,7.35764760232975e-07,3.7943921569507826e-06,0.019390304847576208,0.09999720645934589,1.0,1.0
morph_atomic_core,Mischgedicht,45,2879,0.015389876880984952,0.027127355527197732,0.011304873528421723,0.05606536082246414,0.6830882636717996,0.5452655771012095,0.83193300248617,1.2165876020402207e-05,0.005997001499250375,0.526736631684158,2000,6.941705729288318e-05,0.00035798879205266185,0.03231717474596035,0.1666620107655765,1.0,1.0
morph_atomic_core,Thronbesteigungslied,21,2097,0.009915014164305949,0.029381136655920622,0.005739680139902204,0.13002958990772173,0.7251629311715149,0.44144786410104814,0.9376105608004889,0.00018858146215174797,0.004997501249375313,0.40429785107446276,2000,0.0004573100457179888,0.0023583810268620327,0.012429682594600137,0.06410077337137557,0.8995628767894535,1.0
morph_atomic_core,Wallfahrtslied,0,305,0.0,nan,nan,nan,nan,nan,nan,nan,nan,0.0004997501249375312,2000,nan,nan,nan,nan,0.0004997501249375312,0.002577247589158399
morph_atomic_core,Weisheitsgedicht,55,3254,0.01662133575098217,0.03084986904647157,0.012310429151774665,0.06405648617684971,0.7119126110521317,0.5761723332524925,0.8630942098964547,3.3729065188292984e-08,0.001999000499750125,0.44377811094452774,2000,2.181146215509613e-07,1.1248329004873757e-06,0.011406061675044831,0.0588218861525564,1.0,1.0
morph_atomic_core,Zionslied,15,1805,0.008241758241758242,0.04187457663362591,0.008824607450501065,0.14555776061421224,0.8306371191135734,0.6497506497074155,0.9663199599680239,5.022903154766032e-06,0.0014992503748125937,0.21539230384807595,2000,6.0902700751538137e-05,0.00031407963870895935,0.00908920539730135,0.04687369052781838,0.7195188120225602,1.0
morph_atomic_core,prophetische Gerichtsrede,1,605,0.0016501650165016502,0.006493506493506494,nan,nan,0.7487603305785124,nan,nan,0.19559736978805253,0.1778557114228457,0.36081959020489757,2000,0.7811299501170966,1.0,0.735296680317156,1.0,1.0,1.0
morph_atomic_core,"prophetische Schelt-, Droh- und Mahnrede",21,2088,0.00995732574679943,0.031503571581121416,0.004601448134688502,0.5,0.402002371829958,0.27541346291221186,0.9990797856407236,0.9391542871861724,0.9060469765117442,1.0,2000,0.9904531834126397,1.0,0.9838981608097049,1.0,1.0,1.0
morph_atomic_core,prophetische Tora,0,304,0.0,nan,nan,nan,nan,nan,nan,nan,nan,0.0004997501249375312,2000,nan,nan,nan,nan,0.0004997501249375312,0.002577247589158399
morph_atomic_core,prophetisches Stück,28,2381,0.011623080116230802,0.010251075497456155,0.004091284924122731,0.02044361131376048,0.4255039899202016,0.2827152944693232,0.720383030394197,0.9126777518606333,0.8535732133933034,1.0,2000,0.9975015437452767,1.0,0.9930034982508745,1.0,1.0,1.0
morph_atomic_core_psalm,Danklied Israels,6,1206,0.0049504950495049506,0.004910089374995382,0.0017493683696323814,0.010434909722612575,0.40367606412382534,0.06624508479390576,0.7644108577922784,0.7926446121281254,0.784607696151924,1.0,2000,0.9622723208019656,1.0,0.9855019298861208,1.0,1.0,1.0
morph_atomic_core_psalm,Danklied des Einzelnen,276,6760,0.03922683342808414,0.04948224483078628,0.02868975179528587,0.06566374755328504,0.5785993375353743,0.5059386802480004,0.649507752755769,4.6347108392098455e-06,0.01699150424787606,0.9025487256371814,2000,4.995188348926167e-05,0.0002576054809645384,0.14827880177558278,0.7646845199832332,1.0,1.0
morph_atomic_core_psalm,Fluch,1,608,0.0016420361247947454,0.003278688524590164,nan,nan,0.5345394736842105,nan,nan,0.45356961223493764,0.437374749498998,0.9965017491254373,2000,0.9192378014665723,1.0,0.9639278557114228,1.0,1.0,1.0
morph_atomic_core_psalm,Hymnus,2850,17485,0.140152446520777,0.16754139613835944,0.10861961943110227,0.2785684062173641,0.4992640408570755,0.4523951867114522,0.5381837422318486,0.5502156790363315,0.4962518740629685,1.0,2000,1.0,1.0,1.0,1.0,1.0,1.0
morph_atomic_core_psalm,Klagelied des Einzelnen,4095,19594,0.17286504284689097,0.23762665258510265,0.16254340981268584,0.29617933944362246,0.623234729726513,0.5748865021225931,0.695642384844509,1.4781339929939825e-136,0.0004997501249375312,0.7301349325337332,2000,2.0482713902916613e-135,1.0563083907645184e-134,0.00098930126773348,0.0051018982887421375,1.0,1.0
morph_atomic_core_psalm,Klagelied des Volkes,406,8034,0.0481042654028436,0.044261487927904034,0.01669856943107437,0.06648150843273208,0.4604045797969467,0.3940417324887245,0.5168369043870766,0.996494397528465,0.8760619690154923,1.0,2000,0.9999998289335992,1.0,0.9900049975012494,1.0,1.0,1.0
morph_atomic_core_psalm,Königspsalm,45,2964,0.014955134596211365,0.020758157626309483,0.006129366678030074,0.04298100960869686,0.5673264357474884,0.41567645805895326,0.7070847122135446,0.06027604615318732,0.12493753123438281,0.9415292353823088,2000,0.08726532055013686,0.4500335783469553,0.17563681927152366,0.9057717976390026,1.0,1.0
morph_atomic_core_psalm,Liturgie,153,5161,0.028791870530673693,0.026782772160408603,0.00995430912459667,0.04405754771185102,0.459047430895112,0.3743991184832516,0.5461922067687778,0.9581120483189934,0.8335832083958021,1.0,2000,0.9999999962821108,1.0,0.9982416199307754,1.0,1.0,1.0
morph_atomic_core_psalm,Mischgedicht,45,2879,0.015389876880984952,0.017609188687936733,0.007158252002852504,0.039168777102416945,0.49527227818301106,0.36722411340446365,0.6369172152741671,0.5434326919286063,0.5047476261869065,1.0,2000,0.6201526013773507,1.0,0.5760061145897638,1.0,1.0,1.0
morph_atomic_core_psalm,Thronbesteigungslied,21,2097,0.009915014164305949,0.15247998961418793,0.009900110287077947,0.7126707781743333,0.6877398551218293,0.31622328459642773,0.9239613238177683,0.0015150173140435707,0.01649175412293853,0.544727636181909,2000,0.002624226418968328,0.013533325704595495,0.028566074105804244,0.1473173130874292,0.8995628767894535,1.0
morph_atomic_core_psalm,Wallfahrtslied,0,305,0.0,nan,nan,nan,nan,nan,nan,nan,nan,0.0004997501249375312,2000,nan,nan,nan,nan,0.0004997501249375312,0.002577247589158399
morph_atomic_core_psalm,Weisheitsgedicht,55,3254,0.01662133575098217,0.016827676801503245,0.00546272215783318,0.03292543732553397,0.5045203106665922,0.3852963215383623,0.6432482680098817,0.45419380226268985,0.43778110944527737,1.0,2000,0.5874239842597455,1.0,0.5533791545785549,1.0,1.0,1.0
morph_atomic_core_psalm,Zionslied,15,1805,0.008241758241758242,0.04217903629098931,0.008270082115482674,0.13128807717718166,0.8161957525392428,0.38308910207795943,0.9465804992878913,1.202930098538935e-05,0.0014992503748125937,0.2798600699650175,2000,8.975709196790515e-05,0.0004628838240171887,0.00908920539730135,0.04687369052781838,0.7195188120225602,1.0
morph_atomic_core_psalm,prophetische Gerichtsrede,1,605,0.0016501650165016502,0.003703703703703704,nan,nan,0.5570247933884298,nan,nan,0.42292132274838895,0.41132264529058116,0.9655172413793104,2000,0.7993302292188865,1.0,0.735296680317156,1.0,1.0,1.0
morph_atomic_core_psalm,"prophetische Schelt-, Droh- und Mahnrede",21,2088,0.00995732574679943,0.022899080988330336,0.002315422321968234,0.11315236287168473,0.4222769567597154,0.25767799644900785,0.8405890883056766,0.8901981621994401,0.8565717141429285,1.0,2000,0.9904531834126397,1.0,0.9838981608097049,1.0,1.0,1.0
morph_atomic_core_psalm,prophetische Tora,0,304,0.0,nan,nan,nan,nan,nan,nan,nan,nan,0.0004997501249375312,2000,nan,nan,nan,nan,0.0004997501249375312,0.002577247589158399
morph_atomic_core_psalm,prophetisches Stück,28,2381,0.011623080116230802,0.015351042087050546,0.003899038347421785,0.08666682619845542,0.4712530749385012,0.2651250431373481,0.7100309700409572,0.699828901911882,0.6431784107946027,1.0,2000,0.9975015437452767,1.0,0.9930034982508745,1.0,1.0,1.0
morph_full_all,Danklied Israels,6,1206,0.0049504950495049506,0.011159123875544798,0.0029181077199646223,0.05090919336503288,0.5212824765063571,0.20595387777482635,0.972407916101963,0.4287798675473231,0.3793103448275862,1.0,2000,0.9622723208019656,1.0,0.9855019298861208,1.0,1.0,1.0
morph_full_all,Danklied des Einzelnen,276,6760,0.03922683342808414,0.045537054723969836,0.024722808225234257,0.0849723342653476,0.5060431137981305,0.4185356325948859,0.6652602447415833,0.3666073810265256,0.4367816091954023,1.0,2000,0.5644589834852856,1.0,0.6585245838619151,1.0,1.0,1.0
morph_full_all,Fluch,1,608,0.0016420361247947454,0.0021691973969631237,nan,nan,0.24342105263157895,nan,nan,0.8133212928455353,0.8401803607214429,1.0,2000,0.9192378014665723,1.0,0.9639278557114228,1.0,1.0,1.0
morph_full_all,Hymnus,2850,17485,0.140152446520777,0.14276037849257261,0.09603129779012344,0.17797989729817976,0.4749492146150334,0.43075135916040996,0.588494694822938,0.9999912931169171,0.8570714642678661,1.0,2000,1.0,1.0,1.0,1.0,1.0,1.0
morph_full_all,Klagelied des Einzelnen,4095,19594,0.17286504284689097,0.22953952652133158,0.1540917917776387,0.29534676206082067,0.5642030907520343,0.5089734251529355,0.6473365830921062,1.278166467201476e-38,0.0024987506246876563,0.9610194902548725,2000,2.2959656910841328e-38,1.1840461356316095e-37,0.004328193046333976,0.02232080501324685,1.0,1.0
morph_full_all,Klagelied des Volkes,406,8034,0.0481042654028436,0.05124869407559012,0.0323049557872213,0.07323783405296329,0.5395554116678991,0.4241960755473587,0.7295806263216817,0.00353465938465773,0.13693153423288357,0.9965017491254373,2000,0.009796056008908566,0.050518970326172724,0.3589826708267488,1.0,1.0,1.0
morph_full_all,Königspsalm,45,2964,0.014955134596211365,0.03187583092199033,0.013931967464826294,0.06270195265336988,0.7576923076923077,0.6324881168311316,0.8927743327711523,1.4060375537784571e-09,0.0009995002498750624,0.34832583708145926,2000,6.819282135825517e-08,3.5167531867138854e-07,0.015148675662168916,0.07812281754636398,1.0,1.0
morph_full_all,Liturgie,153,5161,0.028791870530673693,0.04159979146618833,0.02492626205545992,0.07436223333788294,0.6553690131998029,0.5481835130883493,0.8375652550795386,2.687546261990103e-11,0.0009995002498750624,0.6231884057971014,2000,1.9932761402969824e-10,1.027946942034182e-09,0.006059470264867566,0.03124912701854559,1.0,1.0
morph_full_all,Mischgedicht,45,2879,0.015389876880984952,0.03169204608555591,0.013203402458525132,0.09538893058344591,0.6906680560379761,0.573909694811361,0.8347778427677004,5.521873012214231e-06,0.00399800099950025,0.5112443778110944,2000,3.570811214565203e-05,0.00018414932052749969,0.027700435496537446,0.14285315208477983,1.0,1.0
morph_full_all,Thronbesteigungslied,21,2097,0.009915014164305949,0.04525003905313323,0.010854344789326755,0.15677516110650716,0.8307105388650453,0.6288217900202734,0.9449180042975025,8.832653395015866e-08,0.0009995002498750624,0.22038980509745126,2000,4.380108862665438e-07,2.2588538638118236e-06,0.0031274685238026146,0.016128581686991272,0.8995628767894535,1.0
morph_full_all,Wallfahrtslied,0,305,0.0,nan,nan,nan,nan,nan,nan,nan,nan,0.0004997501249375312,2000,nan,nan,nan,nan,0.0004997501249375312,0.002577247589158399
morph_full_all,Weisheitsgedicht,55,3254,0.01662133575098217,0.045026424913938844,0.014928584473742993,0.13403280620199529,0.7542269654131978,0.6009260788135028,0.9230215789279708,4.7201254923230514e-11,0.0009995002498750624,0.3548225887056472,2000,2.28926086377668e-09,1.180588407628837e-08,0.007457809556760082,0.038460464022825346,1.0,1.0
morph_full_all,Zionslied,15,1805,0.008241758241758242,0.044902277284110316,0.012202241714359973,0.14715224010336903,0.8742936288088643,0.7624230622654358,0.973370883004453,2.876644483093644e-07,0.0009995002498750624,0.14992503748125938,2000,1.3951725743004173e-05,7.195006012304912e-05,0.00908920539730135,0.04687369052781838,0.7195188120225602,1.0
morph_full_all,prophetische Gerichtsrede,1,605,0.0016501650165016502,0.0035211267605633804,nan,nan,0.5338842975206611,nan,nan,0.4544892788823251,0.4248496993987976,0.9980009995002499,2000,0.7993302292188865,1.0,0.735296680317156,1.0,1.0,1.0
morph_full_all,"prophetische Schelt-, Droh- und Mahnrede",21,2088,0.00995732574679943,0.031694031388595056,0.004776178235820133,0.5,0.40574256522532387,0.2719547040144465,0.9990659200833566,0.9317101614774621,0.8970514742628686,1.0,2000,0.9904531834126397,1.0,0.9838981608097049,1.0,1.0,1.0
morph_full_all,prophetische Tora,0,304,0.0,nan,nan,nan,nan,nan,nan,nan,nan,0.0004997501249375312,2000,nan,nan,nan,nan,0.0004997501249375312,0.002577247589158399
morph_full_all,prophetisches Stück,28,2381,0.011623080116230802,0.010370981640654822,0.00439610014501086,0.019897003448353965,0.44680356392872145,0.3202748063432725,0.7779915331431517,0.833816921936841,0.7596201899050474,1.0,2000,0.9975015437452767,1.0,0.9930034982508745,1.0,1.0,1.0
morph_full_all_psalm,Danklied Israels,6,1206,0.0049504950495049506,0.0064242701230949485,0.001964592210365631,0.013361928189746308,0.4834162520729685,0.0768725829225321,0.8245808971420499,0.5560288575578703,0.4927536231884058,1.0,2000,0.9622723208019656,1.0,0.9855019298861208,1.0,1.0,1.0
morph_full_all_psalm,Danklied des Einzelnen,276,6760,0.03922683342808414,0.04834612851577549,0.02917731861794146,0.067189760456919,0.5718626725838264,0.4980157737262014,0.6467587510560499,2.522274092364811e-05,0.01699150424787606,0.9035482258870565,2000,0.00017475756211384762,0.0009012374047958709,0.14827880177558278,0.7646845199832332,1.0,1.0
morph_full_all_psalm,Fluch,1,608,0.0016420361247947454,0.0023752969121140144,nan,nan,0.34375,nan,nan,0.7065754571642728,0.6578156312625251,1.0,2000,0.9192378014665723,1.0,0.9639278557114228,1.0,1.0,1.0
morph_full_all_psalm,Hymnus,2850,17485,0.140152446520777,0.1659969397051539,0.12143697559808035,0.2670048469684995,0.4838282437578074,0.4406814946493772,0.5204852587216849,0.9972244708772591,0.8275862068965517,1.0,2000,1.0,1.0,1.0,1.0,1.0,1.0
morph_full_all_psalm,Klagelied des Einzelnen,4095,19594,0.17286504284689097,0.2464889930207943,0.1735741023776676,0.3092707139830641,0.6472449641021653,0.5933121025014905,0.714031817204827,5.963695920471136e-194,0.0004997501249375312,0.6816591704147926,2000,2.892392521428501e-192,1.4916277717155527e-191,0.00098930126773348,0.0051018982887421375,1.0,1.0
morph_full_all_psalm,Klagelied des Volkes,406,8034,0.0481042654028436,0.06093288497926741,0.03676038496767689,0.08547867052216108,0.5833414576718895,0.4953951694481971,0.7436619320493071,6.9249808716262695e-09,0.00399800099950025,0.8745627186406797,2000,2.920535411077166e-08,1.506141263734797e-07,0.01939030484757621,0.09999720645934589,1.0,1.0
morph_full_all_psalm,Königspsalm,45,2964,0.014955134596211365,0.020829761048580853,0.0075656976173735044,0.04132326424792965,0.6297795771479981,0.5116255942173891,0.80226152858991,0.0013829278325586934,0.013493253373313344,0.735632183908046,2000,0.003048727267231665,0.01572250732394804,0.03537420478949714,0.18242733610826617,1.0,1.0
morph_full_all_psalm,Liturgie,153,5161,0.028791870530673693,0.03356055863267293,0.019129175298152175,0.053268522048377495,0.5620370475904629,0.47169906076524093,0.7444195781930778,0.004404340330404509,0.051974012993503245,0.9340329835082459,2000,0.007120350200820623,0.03672016168344598,0.08844700456789148,0.4561276084110514,1.0,1.0
morph_full_all_psalm,Mischgedicht,45,2879,0.015389876880984952,0.02312210078745186,0.00930243567818759,0.05309382181411615,0.5600478561228822,0.43725641890464767,0.7365397583623603,0.08313311044443722,0.12443778110944528,0.9390304847576212,2000,0.12599862051735017,0.6497840115722151,0.18719101987467804,0.965357646972916,1.0,1.0
morph_full_all_psalm,Thronbesteigungslied,21,2097,0.009915014164305949,0.16835952208671595,0.011989440279603534,0.6148535646998817,0.8184254149919385,0.6623842289070244,0.9736673895423507,2.4715724084052894e-07,0.0009995002498750624,0.3118440779610195,2000,7.991417453843769e-07,4.12123185951213e-06,0.0031274685238026146,0.016128581686991272,0.8995628767894535,1.0
morph_full_all_psalm,Wallfahrtslied,0,305,0.0,nan,nan,nan,nan,nan,nan,nan,nan,0.0004997501249375312,2000,nan,nan,nan,nan,0.0004997501249375312,0.002577247589158399
morph_full_all_psalm,Weisheitsgedicht,55,3254,0.01662133575098217,0.0240634099882524,0.008686641364376222,0.05478179766488707,0.6171313627982343,0.4620138345293051,0.8501336923624953,0.0014245784967160623,0.015992003998001,0.7736131934032984,2000,0.0023824847272665177,0.012286646292128233,0.031024487756121936,0.15999553033495342,1.0,1.0
morph_full_all_psalm,Zionslied,15,1805,0.008241758241758242,0.04874789557442788,0.012292441833998892,0.1409376478158769,0.892797783933518,0.7992436115437745,0.9730985355792762,7.742627649268401e-08,0.0004997501249375312,0.17091454272863568,2000,7.510348819790349e-06,3.8731412807476156e-05,0.00908920539730135,0.04687369052781838,0.7195188120225602,1.0
morph_full_all_psalm,prophetische Gerichtsrede,1,605,0.0016501650165016502,0.0025380710659898475,nan,nan,0.35206611570247937,nan,nan,0.6966032884735178,0.6312625250501002,1.0,2000,0.8240361553066206,1.0,0.760156114698533,1.0,1.0,1.0
morph_full_all_psalm,"prophetische Schelt-, Droh- und Mahnrede",21,2088,0.00995732574679943,0.04397412157179779,0.0032793084600894135,0.1565591312436111,0.4950282795110381,0.30911772936032855,0.863998313703714,0.5313617939906284,0.48375812093953025,1.0,2000,0.9904531834126397,1.0,0.9838981608097049,1.0,1.0,1.0
morph_full_all_psalm,prophetische Tora,0,304,0.0,nan,nan,nan,nan,nan,nan,nan,nan,0.0004997501249375312,2000,nan,nan,nan,nan,0.0004997501249375312,0.002577247589158399
morph_full_all_psalm,prophetisches Stück,28,2381,0.011623080116230802,0.019492525209259693,0.007150587346337174,0.1829149261566015,0.5622862542749145,0.3923578940175829,0.7958057664672424,0.12824525934627923,0.15642178910544727,0.9340329835082459,2000,0.654725797715215,1.0,0.7925787106446776,1.0,1.0,1.0
morph_gn_1_2_3gram,Danklied Israels,6,1206,0.0049504950495049506,0.004368355868611221,0.002739099559334287,0.008488990692680037,0.3826699834162521,0.22379893267058248,0.6483283641247568,0.8397147693892841,0.8425787106446777,1.0,2000,0.9622723208019656,1.0,0.9855019298861208,1.0,1.0,1.0
morph_gn_1_2_3gram,Danklied des Einzelnen,276,6760,0.03922683342808414,0.04511352882497835,0.024845416232810575,0.07836912452263736,0.4923596818454678,0.38977644671121636,0.6800272622258903,0.6667564869916163,0.5642178910544727,1.0,2000,0.8399399901063218,1.0,0.7084919078922077,1.0,1.0,1.0
morph_gn_1_2_3gram,Fluch,1,608,0.0016420361247947454,0.0019120458891013384,nan,nan,0.14144736842105263,nan,nan,0.8930421825705711,0.9428857715430862,1.0,2000,0.9192378014665723,1.0,0.9639278557114228,1.0,1.0,1.0
morph_gn_1_2_3gram,Hymnus,2850,17485,0.140152446520777,0.13075264599733144,0.09210907412686233,0.16717484523825793,0.45330182763170435,0.41537096857865713,0.5307223082186191,0.9999999999999994,0.9780109945027486,1.0,2000,1.0,1.0,1.0,1.0,1.0,1.0
morph_gn_1_2_3gram,Klagelied des Einzelnen,4095,19594,0.17286504284689097,0.16626454806400867,0.11967786471421617,0.22461654218189367,0.48207169646385734,0.43234521553554833,0.523767957307759,0.9998494767125319,0.7731134432783608,1.0,2000,0.9998494767125319,1.0,0.7731134432783608,1.0,1.0,1.0
morph_gn_1_2_3gram,Klagelied des Volkes,406,8034,0.0481042654028436,0.050837177051402324,0.031633877053861226,0.07377450187137347,0.5321515333232776,0.4149761080343421,0.736802767537776,0.014284418676673396,0.18290854572713644,0.9980009995002499,2000,0.03552791311890563,0.1832200210954907,0.4520364817591204,1.0,1.0,1.0
morph_gn_1_2_3gram,Königspsalm,45,2964,0.014955134596211365,0.03138144576521767,0.013688949609649679,0.08193099309786489,0.7348702953966112,0.6241593551402204,0.8848041222579047,3.048362749396408e-08,0.001999000499750125,0.39480259870064965,2000,7.392279667286289e-07,3.812252163674738e-06,0.015148675662168916,0.07812281754636398,1.0,1.0
morph_gn_1_2_3gram,Liturgie,153,5161,0.028791870530673693,0.04044838519068074,0.024421899705019803,0.06857728850571146,0.6433102466588909,0.5300809362134808,0.8130729262583551,7.197589869964422e-10,0.0024987506246876563,0.670664667666167,2000,3.4908310869327445e-09,1.8002468741916177e-08,0.010099117108112612,0.052081878364242655,1.0,1.0
morph_gn_1_2_3gram,Mischgedicht,45,2879,0.015389876880984952,0.03623846660344286,0.015137296607720736,0.09613040940155843,0.7102195978541932,0.5640445372834548,0.8524456171902645,6.285823489043978e-07,0.0024987506246876563,0.44677661169415295,2000,6.097248784372658e-06,3.144395357977685e-05,0.020198234216225224,0.10416375672848531,1.0,1.0
morph_gn_1_2_3gram,Thronbesteigungslied,21,2097,0.009915014164305949,0.02052385462360447,0.0055195821716189164,0.07261666055079516,0.6481595022367554,0.43306163804144765,0.9101735112648771,0.009653780380685628,0.04097951024487756,0.6571714142928535,2000,0.014863757094071523,0.0766534718552003,0.061154038365432664,0.3153758049871678,0.8995628767894535,1.0
morph_gn_1_2_3gram,Wallfahrtslied,0,305,0.0,nan,nan,nan,nan,nan,nan,nan,nan,0.0004997501249375312,2000,nan,nan,nan,nan,0.0004997501249375312,0.002577247589158399
morph_gn_1_2_3gram,Weisheitsgedicht,55,3254,0.01662133575098217,0.04909752003235368,0.014270938189669933,0.23872540706554377,0.6928591384030843,0.5604992827460076,0.8580619564359419,4.4966049771076257e-07,0.0014992503748125937,0.49975012493753124,2000,1.8963942729540856e-06,9.779842613697489e-06,0.009695152423788106,0.04999860322967295,1.0,1.0
morph_gn_1_2_3gram,Zionslied,15,1805,0.008241758241758242,0.02207593341279753,0.007186405712523382,0.07692307692307693,0.7616805170821791,0.5803629678127092,0.9585544000397778,0.00023693447582604938,0.0079960019990005,0.3263368315842079,2000,0.0007551950788348214,0.003894595717238933,0.020962491727109418,0.10810508806415772,0.7195188120225602,1.0
morph_gn_1_2_3gram,prophetische Gerichtsrede,1,605,0.0016501650165016502,0.00558659217877095,nan,nan,0.7074380165289256,nan,nan,0.23744539304747664,0.2219438877755511,0.45527236381809094,2000,0.7811299501170966,1.0,0.735296680317156,1.0,1.0,1.0
morph_gn_1_2_3gram,"prophetische Schelt-, Droh- und Mahnrede",21,2088,0.00995732574679943,0.03297286836224086,0.005590058197619005,0.5,0.4938423645320197,0.3336712241348123,0.9978511345951028,0.5388030059990621,0.4927536231884058,1.0,2000,0.9904531834126397,1.0,0.9838981608097049,1.0,1.0,1.0
morph_gn_1_2_3gram,prophetische Tora,0,304,0.0,nan,nan,nan,nan,nan,nan,nan,nan,0.0004997501249375312,2000,nan,nan,nan,nan,0.0004997501249375312,0.002577247589158399
morph_gn_1_2_3gram,prophetisches Stück,28,2381,0.011623080116230802,0.011675595295325018,0.0042183265257364,0.06324567886634155,0.4642332153356933,0.19919359089616714,0.7016913674300028,0.7427336616830641,0.6621689155422289,1.0,2000,0.9975015437452767,1.0,0.9930034982508745,1.0,1.0,1.0
morph_gn_1_2_3gram_psalm,Danklied Israels,6,1206,0.0049504950495049506,0.0037551241032157843,0.0017456848726202549,0.00826402333833855,0.2614704256495301,0.035333668671721954,0.6727286232942146,0.9782503486545774,0.9955022488755623,1.0,2000,0.9782503486545774,1.0,0.9955022488755623,1.0,1.0,1.0
morph_gn_1_2_3gram_psalm,Danklied des Einzelnen,276,6760,0.03922683342808414,0.051400712522254394,0.03344953025073566,0.07804524140880444,0.6060455256839036,0.5253640513032997,0.7012158585182646,1.1039687896759268e-09,0.0034982508745627187,0.8030984507746127,2000,2.6771243149641225e-08,1.380612398542385e-07,0.10907046476761618,0.5624842863338206,1.0,1.0
morph_gn_1_2_3gram_psalm,Fluch,1,608,0.0016420361247947454,0.004,nan,nan,0.6233552631578947,nan,nan,0.33581575845118616,0.35420841683366733,0.7416291854072964,2000,0.9192378014665723,1.0,0.9639278557114228,1.0,1.0,1.0
morph_gn_1_2_3gram_psalm,Hymnus,2850,17485,0.140152446520777,0.170405725834548,0.11456165311930089,0.26416487257814447,0.5155828103286526,0.45685119364558974,0.5496581993176087,0.0037678194679273682,0.21189405297351324,0.9995002498750625,2000,0.015890369060389337,0.08194778411880299,0.8564051307679494,1.0,1.0,1.0
morph_gn_1_2_3gram_psalm,Klagelied des Einzelnen,4095,19594,0.17286504284689097,0.21683439557735962,0.13863531055374798,0.274911808699221,0.5735933404148164,0.5108796559004268,0.6553425665623167,4.239838519048546e-50,0.0009995002498750624,0.9025487256371814,2000,8.393149721381816e-50,4.328408099463843e-49,0.0018292740422241709,0.0094336987225798,1.0,1.0
morph_gn_1_2_3gram_psalm,Klagelied des Volkes,406,8034,0.0481042654028436,0.050028575726189316,0.0205293700381854,0.07415594000019263,0.46552030716744475,0.39538336216577685,0.5367753757982574,0.9905614455092391,0.8645677161419291,1.0,2000,0.9999998289335992,1.0,0.9900049975012494,1.0,1.0,1.0
morph_gn_1_2_3gram_psalm,Königspsalm,45,2964,0.014955134596211365,0.020306969211815636,0.0061162952689129664,0.0458666545582671,0.564117558854401,0.4373591052336077,0.7418044637937017,0.06964222966808943,0.13893053473263367,0.9290354822588706,2000,0.09934259232065698,0.512316943574877,0.18980650519810516,0.9788458942147238,1.0,1.0
morph_gn_1_2_3gram_psalm,Liturgie,153,5161,0.028791870530673693,0.025487003212495873,0.010152660037136984,0.04116760936794708,0.44291082059640363,0.37182309244396833,0.5155792969507023,0.9920352605207086,0.9300349825087456,1.0,2000,0.9999999962821108,1.0,0.9995002498750625,1.0,1.0,1.0
morph_gn_1_2_3gram_psalm,Mischgedicht,45,2879,0.015389876880984952,0.01945375257439618,0.00892393598978821,0.03731558076213014,0.5450773802632086,0.415665099671263,0.7159730221005215,0.14936557819189572,0.21139430284857572,0.974512743628186,2000,0.2099776968784621,1.0,0.2929321053758835,1.0,1.0,1.0
morph_gn_1_2_3gram_psalm,Thronbesteigungslied,21,2097,0.009915014164305949,0.06908387271692489,0.004020362065373898,0.40558234279218797,0.6082385266934623,0.36644643974780444,0.8630146065867978,0.043711139341368874,0.07846076961519241,0.7956021989005497,2000,0.05234543847052816,0.2699492173583176,0.09395919324288474,0.4845543646332502,0.9307346326836581,1.0
morph_gn_1_2_3gram_psalm,Wallfahrtslied,0,305,0.0,nan,nan,nan,nan,nan,nan,nan,nan,0.0004997501249375312,2000,nan,nan,nan,nan,0.0004997501249375312,0.002577247589158399
morph_gn_1_2_3gram_psalm,Weisheitsgedicht,55,3254,0.01662133575098217,0.030941181299105745,0.007088243595056537,0.1724614198101348,0.4981170028496396,0.37399705991935445,0.6725044221955893,0.5191561365223945,0.4732633683158421,1.0,2000,0.6456172467009265,1.0,0.5885454708543164,1.0,1.0,1.0
morph_gn_1_2_3gram_psalm,Zionslied,15,1805,0.008241758241758242,0.010679649619114422,0.0025035220677815865,0.026373264018662686,0.5819205909510619,0.23010631365326853,0.7935784713839482,0.13697047867178624,0.14792603698150925,0.879560219890055,2000,0.1492824318108232,0.7698603127637826,0.16492902973800458,0.8505509514932869,0.9678812279253631,1.0
morph_gn_1_2_3gram_psalm,prophetische Gerichtsrede,1,605,0.0016501650165016502,0.003355704697986577,nan,nan,0.5107438016528926,nan,nan,0.4863154697618591,0.4709418837675351,1.0,2000,0.7993302292188865,1.0,0.735296680317156,1.0,1.0,1.0
morph_gn_1_2_3gram_psalm,"prophetische Schelt-, Droh- und Mahnrede",21,2088,0.00995732574679943,0.03155424709964187,0.0028719880289851903,0.11476608169109287,0.5265918627987594,0.16725209702645738,0.7232223429997617,0.3373314713407448,0.3058470764617691,0.9985007496251874,2000,0.9904531834126397,1.0,0.9838981608097049,1.0,1.0,1.0
morph_gn_1_2_3gram_psalm,prophetische Tora,0,304,0.0,nan,nan,nan,nan,nan,nan,nan,nan,0.0004997501249375312,2000,nan,nan,nan,nan,0.0004997501249375312,0.002577247589158399
morph_gn_1_2_3gram_psalm,prophetisches Stück,28,2381,0.011623080116230802,0.01580242076996127,0.0040815763450594246,0.103712115053686,0.4385012299754005,0.17955855326105252,0.5682362680227078,0.8687809127475448,0.8290854572713643,1.0,2000,0.9975015437452767,1.0,0.9930034982508745,1.0,1.0,1.0
morph_gn_1_2gram,Danklied Israels,6,1206,0.0049504950495049506,0.004351656370615923,0.0026891026924329956,0.008469667870408783,0.37893864013267,0.2343109545572131,0.6627089100394838,0.8472845011727141,0.8615692153923038,1.0,2000,0.9622723208019656,1.0,0.9855019298861208,1.0,1.0,1.0
morph_gn_1_2gram,Danklied des Einzelnen,276,6760,0.03922683342808414,0.04690772895078789,0.025305420626481296,0.08398568412877226,0.5091967884400995,0.4008701985374088,0.6986967959721344,0.3019716385929341,0.3983008495752124,1.0,2000,0.4881874823919101,1.0,0.6357476999205315,1.0,1.0,1.0
morph_gn_1_2gram,Fluch,1,608,0.0016420361247947454,0.001841620626151013,nan,nan,0.10855263157894737,nan,nan,0.9125512593657503,0.9614228456913828,1.0,2000,0.9192378014665723,1.0,0.9639278557114228,1.0,1.0,1.0
morph_gn_1_2gram,Hymnus,2850,17485,0.140152446520777,0.13287985976899386,0.09607329028119516,0.17269822376732946,0.4632593049681682,0.4240435197428562,0.5306740782462319,0.999999999851456,0.9525237381309345,1.0,2000,1.0,1.0,1.0,1.0,1.0,1.0
morph_gn_1_2gram,Klagelied des Einzelnen,4095,19594,0.17286504284689097,0.16745105853536116,0.12277913425224644,0.23367867295524322,0.4873643759527193,0.4332185601850459,0.5217912318526761,0.9945732205824838,0.6921539230384808,1.0,2000,0.9998494767125319,1.0,0.6993638597367984,1.0,1.0,1.0
morph_gn_1_2gram,Klagelied des Volkes,406,8034,0.0481042654028436,0.05244795317031712,0.03176533765788381,0.07740984053953699,0.5276248971428081,0.42867440764786663,0.7299984680961414,0.0299765129221609,0.20339830084957522,0.9985007496251874,2000,0.06762143612673506,0.3487286436493463,0.4588287251722976,1.0,1.0,1.0
morph_gn_1_2gram,Königspsalm,45,2964,0.014955134596211365,0.03474512335377699,0.013432056008280752,0.09810523219415403,0.721240065976908,0.5867951631011715,0.8889539806763151,1.6836806962740728e-07,0.0024987506246876563,0.4352823588205897,2000,2.0414628442323134e-06,1.0527971742502011e-05,0.015148675662168916,0.07812281754636398,1.0,1.0
morph_gn_1_2gram,Liturgie,153,5161,0.028791870530673693,0.038414982426652824,0.023321755549997648,0.06313138295119866,0.6287541174191048,0.5220212212197621,0.7914409007379961,2.718539159154192e-08,0.004997501249375313,0.7306346826586707,2000,9.417796372784166e-08,4.856825798688235e-07,0.013850217748268723,0.07142657604238993,1.0,1.0
morph_gn_1_2gram,Mischgedicht,45,2879,0.015389876880984952,0.03160452414152315,0.014173100123581568,0.09664622576943219,0.6801165528154066,0.5501614220730932,0.8344408676992259,1.6450370368555703e-05,0.0074962518740629685,0.5432283858070964,2000,8.864921809721685e-05,0.0004571704382272803,0.03462554437067181,0.1785664401059748,1.0,1.0
morph_gn_1_2gram,Thronbesteigungslied,21,2097,0.009915014164305949,0.04056133144725594,0.00907929724263844,0.5897292143877599,0.629788586870132,0.39220583856166286,0.889572992220304,0.020210166685066356,0.06596701649175413,0.7276361819090454,2000,0.02613848224601915,0.13479804604597778,0.0820359051243609,0.4230651042510788,0.8995628767894535,1.0
morph_gn_1_2gram,Wallfahrtslied,0,305,0.0,nan,nan,nan,nan,nan,nan,nan,nan,0.0004997501249375312,2000,nan,nan,nan,nan,0.0004997501249375312,0.002577247589158399
morph_gn_1_2gram,Weisheitsgedicht,55,3254,0.01662133575098217,0.031677740655054624,0.011733364562339707,0.11010116947865138,0.6836676537967257,0.5546738481609095,0.8470109986381859,1.4459537147452058e-06,0.0024987506246876563,0.5382308845577212,2000,5.194722604825369e-06,2.6789560705575276e-05,0.012756779504984352,0.06578763582851703,1.0,1.0
morph_gn_1_2gram,Zionslied,15,1805,0.008241758241758242,0.02729791496135725,0.007223505550420851,0.1175009445510093,0.8050415512465374,0.6336089348915583,0.9786967026842842,2.3076816947933483e-05,0.0014992503748125937,0.2748625687156422,2000,0.00011781322336576568,0.0006075713256266896,0.00908920539730135,0.04687369052781838,0.7195188120225602,1.0
morph_gn_1_2gram,prophetische Gerichtsrede,1,605,0.0016501650165016502,0.004545454545454545,nan,nan,0.6396694214876033,nan,nan,0.3155519619962909,0.30511022044088176,0.6876561719140429,2000,0.7993302292188865,1.0,0.735296680317156,1.0,1.0,1.0
morph_gn_1_2gram,"prophetische Schelt-, Droh- und Mahnrede",21,2088,0.00995732574679943,0.03408482377641612,0.005870947185744684,0.5,0.5213236635650429,0.36068877710465674,0.9984994722798305,0.36822683562297087,0.3538230884557721,0.9995002498750625,2000,0.9904531834126397,1.0,0.9838981608097049,1.0,1.0,1.0
morph_gn_1_2gram,prophetische Tora,0,304,0.0,nan,nan,nan,nan,nan,nan,nan,nan,0.0004997501249375312,2000,nan,nan,nan,nan,0.0004997501249375312,0.002577247589158399
morph_gn_1_2gram,prophetisches Stück,28,2381,0.011623080116230802,0.014926062960797551,0.004858495716699072,0.10448456023295874,0.48238285234295314,0.2309003494767663,0.7169685644100192,0.6259385717286023,0.5732133933033483,1.0,2000,0.9975015437452767,1.0,0.9930034982508745,1.0,1.0,1.0
morph_gn_1_2gram_psalm,Danklied Israels,6,1206,0.0049504950495049506,0.0040713055818020205,0.0018706664514791097,0.009448541132186569,0.310530679933665,0.08721763173749686,0.8039723561606913,0.9456180187541491,0.984007996001999,1.0,2000,0.9622723208019656,1.0,0.9955022488755623,1.0,1.0,1.0
morph_gn_1_2gram_psalm,Danklied des Einzelnen,276,6760,0.03922683342808414,0.04973313268380178,0.03421795330556795,0.07507572557367762,0.585364409141583,0.5086660003764444,0.6896186661024134,7.354752532126266e-07,0.006496751624187906,0.8710644677661169,2000,8.917637445203097e-06,4.5988902172883336e-05,0.11311011161086125,0.5833170376795177,1.0,1.0
morph_gn_1_2gram_psalm,Fluch,1,608,0.0016420361247947454,0.00398406374501992,nan,nan,0.6225328947368421,nan,nan,0.3368556093226771,0.3692384769539078,0.7521239380309845,2000,0.9192378014665723,1.0,0.9639278557114228,1.0,1.0,1.0
morph_gn_1_2gram_psalm,Hymnus,2850,17485,0.140152446520777,0.16856583807199255,0.11299811789441883,0.27003150125926423,0.5046746434287033,0.4560746997743999,0.5342675372797103,0.21138652771069183,0.3748125937031484,1.0,2000,0.7070514892392106,1.0,1.0,1.0,1.0,1.0
morph_gn_1_2gram_psalm,Klagelied des Einzelnen,4095,19594,0.17286504284689097,0.21045143711870729,0.13760576367276006,0.26829269849183535,0.5674761330217082,0.5101269257400263,0.6382179432389831,1.9100105442251058e-42,0.0004997501249375312,0.9235382308845578,2000,3.562904284419909e-42,1.8374155441324107e-41,0.00098930126773348,0.0051018982887421375,1.0,1.0
morph_gn_1_2gram_psalm,Klagelied des Volkes,406,8034,0.0481042654028436,0.05051538750606531,0.02369124330203949,0.07347429767097527,0.4714533736545789,0.4189590882945154,0.5661476484715965,0.9740480220446353,0.8465767116441779,1.0,2000,0.9999998289335992,1.0,0.9900049975012494,1.0,1.0,1.0
morph_gn_1_2gram_psalm,Königspsalm,45,2964,0.014955134596211365,0.022337447292163436,0.007367710782269035,0.05191453910793015,0.5975783475783476,0.46854436447792847,0.7863147190234615,0.01222234820452621,0.051974012993503245,0.8395802098950524,2000,0.020799434663842847,0.10726419097933647,0.0900264153637467,0.46427274427553444,1.0,1.0
morph_gn_1_2gram_psalm,Liturgie,153,5161,0.028791870530673693,0.026697932253152975,0.011611527236248075,0.042207310380596545,0.4693788126889327,0.409240022067113,0.5506446372319311,0.9019872900929415,0.7871064467766117,1.0,2000,0.9999999962821108,1.0,0.9901174412793602,1.0,1.0,1.0
morph_gn_1_2gram_psalm,Mischgedicht,45,2879,0.015389876880984952,0.01889122229263597,0.008948169195360746,0.03667239632211797,0.5504341785342133,0.43148277129933793,0.7317348663500713,0.12248396447642235,0.16741629185407297,0.9560219890054973,2000,0.17732753065989504,0.9144909187201379,0.24237881059470265,1.0,1.0,1.0
morph_gn_1_2gram_psalm,Thronbesteigungslied,21,2097,0.009915014164305949,0.09418312025840832,0.002257554458851988,0.31913413105528843,0.6068987442378,0.3960598488895085,0.9182834739491262,0.04570563539497504,0.07446276861569215,0.8120939530234883,2000,0.052823935030179785,0.27241685877198796,0.09028610694652672,0.46561199257632924,0.9307346326836581,1.0
morph_gn_1_2gram_psalm,Wallfahrtslied,0,305,0.0,nan,nan,nan,nan,nan,nan,nan,nan,0.0004997501249375312,2000,nan,nan,nan,nan,0.0004997501249375312,0.002577247589158399
morph_gn_1_2gram_psalm,Weisheitsgedicht,55,3254,0.01662133575098217,0.024923112305472492,0.007877455338041581,0.11515138305640706,0.5390456501089568,0.41666538014729926,0.730083987016535,0.15998504672194436,0.20239880059970014,0.9780109945027486,2000,0.22169356474326574,1.0,0.2804669094024416,1.0,1.0,1.0
morph_gn_1_2gram_psalm,Zionslied,15,1805,0.008241758241758242,0.014365169308315141,0.0034650191912616725,0.037545294652723,0.6862973222530009,0.27415533094047134,0.8558112228510245,0.006418102713869313,0.026486756621689155,0.5847076461769115,2000,0.008646610600629491,0.04459119710605249,0.03618613228596969,0.1866145050121596,0.753287829769326,1.0
morph_gn_1_2gram_psalm,prophetische Gerichtsrede,1,605,0.0016501650165016502,0.003257328990228013,nan,nan,0.49586776859504134,nan,nan,0.5068434307845662,0.5,1.0,2000,0.7993302292188865,1.0,0.735296680317156,1.0,1.0,1.0
morph_gn_1_2gram_psalm,"prophetische Schelt-, Droh- und Mahnrede",21,2088,0.00995732574679943,0.03309715701444827,0.0035676667800302363,0.11392186098623958,0.5395457033388068,0.26453441105357245,0.7831349135381228,0.2662072353584661,0.23238380809595202,0.9775112443778111,2000,0.9904531834126397,1.0,0.9838981608097049,1.0,1.0,1.0
morph_gn_1_2gram_psalm,prophetische Tora,0,304,0.0,nan,nan,nan,nan,nan,nan,nan,nan,0.0004997501249375312,2000,nan,nan,nan,nan,0.0004997501249375312,0.002577247589158399
morph_gn_1_2gram_psalm,prophetisches Stück,28,2381,0.011623080116230802,0.015611047871602708,0.0037640628767023183,0.0867237632093243,0.4633782324353513,0.2014167782442516,0.6100828392087191,0.7477377880215179,0.6901549225387307,1.0,2000,0.9975015437452767,1.0,0.9930034982508745,1.0,1.0,1.0
morph_gn_1gram,Danklied Israels,6,1206,0.0049504950495049506,0.004671339447844964,0.0025218613025677667,0.00962315249368059,0.4083747927031509,0.21235606187531603,0.7069092880603836,0.7810676277187544,0.7531234382808596,1.0,2000,0.9622723208019656,1.0,0.9855019298861208,1.0,1.0,1.0
morph_gn_1gram,Danklied des Einzelnen,276,6760,0.03922683342808414,0.04293320868204052,0.025957537849574542,0.07489812971742421,0.5173824607666581,0.4263348454456619,0.6649290647995479,0.16342987426488914,0.3168415792103948,1.0,2000,0.3048595731479663,1.0,0.5561955864173176,1.0,1.0,1.0
morph_gn_1gram,Fluch,1,608,0.0016420361247947454,0.001834862385321101,nan,nan,0.10526315789473684,nan,nan,0.914345632937744,0.9619238476953907,1.0,2000,0.9192378014665723,1.0,0.9639278557114228,1.0,1.0,1.0
morph_gn_1gram,Hymnus,2850,17485,0.140152446520777,0.13865381306506164,0.10099633112080084,0.18196168882846392,0.4866184047479293,0.4471315867946376,0.5467871693980872,0.9891241424908391,0.7296351824087957,1.0,2000,1.0,1.0,1.0,1.0,1.0,1.0
morph_gn_1gram,Klagelied des Einzelnen,4095,19594,0.17286504284689097,0.1718519834350628,0.12645961043537426,0.24490497203754918,0.4949474889711697,0.45074881381428644,0.5276380000335221,0.845803955543919,0.5772113943028486,1.0,2000,0.8636103546080015,1.0,0.5893632131302771,1.0,1.0,1.0
morph_gn_1gram,Klagelied des Volkes,406,8034,0.0481042654028436,0.05304404072981307,0.031057118069437686,0.0773705911351012,0.5260466294112093,0.44473067464288,0.7099833135026499,0.03805929459764781,0.21389305347326337,0.9985007496251874,2000,0.08390344490845085,0.4326961421758914,0.4664445555000277,1.0,1.0,1.0
morph_gn_1gram,Königspsalm,45,2964,0.014955134596211365,0.024332159381262555,0.010503166214849364,0.047401093424494396,0.6799895036737142,0.5372641091214555,0.8253811651931191,1.659409170517263e-05,0.004997501249375313,0.559720139930035,2000,6.214298465780312e-05,0.0003204758726422534,0.018644523891900206,0.09615116005706337,1.0,1.0
morph_gn_1gram,Liturgie,153,5161,0.028791870530673693,0.03898421390085777,0.021847570987059216,0.06428569723107093,0.6269672113500829,0.541730251063466,0.7610924550951846,4.1394699294558455e-08,0.0029985007496251873,0.7251374312843578,2000,1.3384286105240568e-07,6.902373281377237e-07,0.011634182908545726,0.05999832387560753,1.0,1.0
morph_gn_1gram,Mischgedicht,45,2879,0.015389876880984952,0.022916120441541774,0.01049409721793171,0.06498979018321495,0.6164679093821157,0.4892051788352377,0.7605625316709127,0.0036263294106328543,0.03798100949525238,0.7711144427786107,2000,0.008437723657261566,0.043513952010277995,0.08402465433949691,0.4333212279904988,1.0,1.0
morph_gn_1gram,Thronbesteigungslied,21,2097,0.009915014164305949,0.069374736816903,0.01227877658508822,1.0,0.6921225333242501,0.5171740697192881,0.964018187373977,0.0012074796650816363,0.013493253373313344,0.526736631684158,2000,0.0021689912502392355,0.011185644968640048,0.02467856980600609,0.12726917185734932,0.8995628767894535,1.0
morph_gn_1gram,Wallfahrtslied,0,305,0.0,nan,nan,nan,nan,nan,nan,nan,nan,0.0004997501249375312,2000,nan,nan,nan,nan,0.0004997501249375312,0.002577247589158399
morph_gn_1gram,Weisheitsgedicht,55,3254,0.01662133575098217,0.02673480483494667,0.010366939895058073,0.06329506708501306,0.6725931720400067,0.5188901172450108,0.8361246379371876,5.506607190731192e-06,0.004497751124437781,0.584207896051974,2000,1.723035153228792e-05,8.885817077582849e-05,0.015044202036912577,0.07758403949432008,1.0,1.0
morph_gn_1gram,Zionslied,15,1805,0.008241758241758242,0.016874835021230692,0.005743845957157354,0.0896614594369687,0.7220498614958448,0.49578183637098855,0.9365237358593052,0.0015097363694942076,0.013993003498250875,0.4642678660669665,2000,0.0025249039282920368,0.013021112426656494,0.023812655075970787,0.12280358687989845,0.7195188120225602,1.0
morph_gn_1gram,prophetische Gerichtsrede,1,605,0.0016501650165016502,0.004464285714285714,nan,nan,0.6330578512396694,nan,nan,0.323724737994476,0.3226452905811623,0.7081459270364817,2000,0.7993302292188865,1.0,0.735296680317156,1.0,1.0,1.0
morph_gn_1gram,"prophetische Schelt-, Droh- und Mahnrede",21,2088,0.00995732574679943,0.02626733545883398,0.0043123538092275215,0.5,0.49331782521437695,0.3208573927491083,0.9985616324926846,0.5420905494101347,0.4912543728135932,1.0,2000,0.9904531834126397,1.0,0.9838981608097049,1.0,1.0,1.0
morph_gn_1gram,prophetische Tora,0,304,0.0,nan,nan,nan,nan,nan,nan,nan,nan,0.0004997501249375312,2000,nan,nan,nan,nan,0.0004997501249375312,0.002577247589158399
morph_gn_1gram,prophetisches Stück,28,2381,0.011623080116230802,0.01852946020630549,0.00500823714798872,0.09418504553484598,0.496377572448551,0.24005019486518997,0.712614398071766,0.5263652773278524,0.4767616191904048,1.0,2000,0.9975015437452767,1.0,0.9930034982508745,1.0,1.0,1.0
morph_gn_1gram_psalm,Danklied Israels,6,1206,0.0049504950495049506,0.004975399918385989,0.002132419218453407,0.012407308275055928,0.40630182421227196,0.0710348229122438,0.8282350459683484,0.7862380113935058,0.7791104447776112,1.0,2000,0.9622723208019656,1.0,0.9855019298861208,1.0,1.0,1.0
morph_gn_1gram_psalm,Danklied des Einzelnen,276,6760,0.03922683342808414,0.04551663608547792,0.029456875670066007,0.06288617514365645,0.552235282137038,0.49618516253543005,0.6249468833760444,0.0016072080755945093,0.050474762618690654,0.9555222388805598,2000,0.006047678180563447,0.031188314385736857,0.2191947504508615,1.0,1.0,1.0
morph_gn_1gram_psalm,Fluch,1,608,0.0016420361247947454,0.0037313432835820895,nan,nan,0.5986842105263158,nan,nan,0.36745592866853055,0.40080160320641284,0.8235882058970515,2000,0.9192378014665723,1.0,0.9639278557114228,1.0,1.0,1.0
morph_gn_1gram_psalm,Hymnus,2850,17485,0.140152446520777,0.16663417203935543,0.1131898996696282,0.2743404672505022,0.49682934244389926,0.4599001126849111,0.5267127288461773,0.7066846835799513,0.5622188905547226,1.0,2000,1.0,1.0,1.0,1.0,1.0,1.0
morph_gn_1gram_psalm,Klagelied des Einzelnen,4095,19594,0.17286504284689097,0.20266971381999987,0.13564318476994744,0.26375064358913736,0.5571397476215277,0.5047156914591779,0.6371796887746134,5.251914799076965e-31,0.0004997501249375312,0.9420289855072463,2000,9.09706670554403e-31,4.6914231863788254e-30,0.00098930126773348,0.0051018982887421375,1.0,1.0
morph_gn_1gram_psalm,Klagelied des Volkes,406,8034,0.0481042654028436,0.04637514168248616,0.020068302704270662,0.06754851728938832,0.4763903655768403,0.4319996638053195,0.5873985653025559,0.9460539180427994,0.824087956021989,1.0,2000,0.9999998289335992,1.0,0.9900049975012494,1.0,1.0,1.0
morph_gn_1gram_psalm,Königspsalm,45,2964,0.014955134596211365,0.0193800477799268,0.008142049440716646,0.039494744189605364,0.5996926075873444,0.47110339094926607,0.7738690397988711,0.01075717264823165,0.05147426286856572,0.8205897051474262,2000,0.018971740852335817,0.09783864162101463,0.0900264153637467,0.46427274427553444,1.0,1.0
morph_gn_1gram_psalm,Liturgie,153,5161,0.028791870530673693,0.030938160683240654,0.014824779436067316,0.0489751254760821,0.5322770198307315,0.4707526907774583,0.6569832708810971,0.0864692443081353,0.1584207896051974,0.984007996001999,2000,0.13105494840451756,0.6758598606954653,0.24391772367784362,1.0,1.0,1.0
morph_gn_1gram_psalm,Mischgedicht,45,2879,0.015389876880984952,0.017973100437937532,0.006568810531736587,0.031750227630335484,0.5411369688549265,0.404831878196939,0.6813097049967185,0.17148351719505028,0.1984007996001999,0.9725137431284357,2000,0.2310264051099983,1.0,0.28301290531204987,1.0,1.0,1.0
morph_gn_1gram_psalm,Thronbesteigungslied,21,2097,0.009915014164305949,0.0712387197500381,0.003442791546279299,0.3242860662427847,0.6986851965392737,0.5245150727326917,0.9936142135017227,0.0008518151290161035,0.008995502248875561,0.5717141429285357,2000,0.0016201189708737653,0.008355070871380231,0.017109092512567245,0.0882328292288346,0.8995628767894535,1.0
morph_gn_1gram_psalm,Wallfahrtslied,0,305,0.0,nan,nan,nan,nan,nan,nan,nan,nan,0.0004997501249375312,2000,nan,nan,nan,nan,0.0004997501249375312,0.002577247589158399
morph_gn_1gram_psalm,Weisheitsgedicht,55,3254,0.01662133575098217,0.021810657176225934,0.007128778561249176,0.04749649712508826,0.5736603900094988,0.4553324911018614,0.7769474081637194,0.03031034023353772,0.07446276861569215,0.889055472263868,2000,0.04323680886254645,0.2229753547692046,0.10780430680182296,0.5559546180015872,1.0,1.0
morph_gn_1gram_psalm,Zionslied,15,1805,0.008241758241758242,0.013978181416420717,0.003954017353065225,0.08952143837254892,0.6473684210526316,0.3554275587929203,0.8564853740954096,0.02451645846655346,0.05547226386806597,0.6956521739130435,2000,0.030102486977920073,0.15524070554502473,0.06872513110533342,0.3544204785900867,0.8330649490069779,1.0
morph_gn_1gram_psalm,prophetische Gerichtsrede,1,605,0.0016501650165016502,0.0031645569620253164,nan,nan,0.4809917355371901,nan,nan,0.5273572908903047,0.5130260521042084,1.0,2000,0.7993302292188865,1.0,0.735296680317156,1.0,1.0,1.0
morph_gn_1gram_psalm,"prophetische Schelt-, Droh- und Mahnrede",21,2088,0.00995732574679943,0.05048522411644529,0.0029199684473503397,0.23786934826975564,0.5567186644772851,0.33986566487929454,0.8672816408935973,0.18525205219239516,0.175912043978011,0.9445277361319341,2000,0.9904531834126397,1.0,0.9838981608097049,1.0,1.0,1.0
morph_gn_1gram_psalm,prophetische Tora,0,304,0.0,nan,nan,nan,nan,nan,nan,nan,nan,0.0004997501249375312,2000,nan,nan,nan,nan,0.0004997501249375312,0.002577247589158399
morph_gn_1gram_psalm,prophetisches Stück,28,2381,0.011623080116230802,0.01750364892100103,0.004015506884761051,0.0708364838415528,0.5143622127557449,0.2434841696140512,0.7180726475242059,0.39683568724062,0.34182908545727136,0.9980009995002499,2000,0.9975015437452767,1.0,0.9930034982508745,1.0,1.0,1.0
morph_gn_sp_plus,Danklied Israels,6,1206,0.0049504950495049506,0.005041943126973386,0.0025834122656836246,0.01200191922029227,0.4361525704809287,0.18920127141686482,0.836258182681788,0.7056713050257772,0.6661669165417291,1.0,2000,0.9622723208019656,1.0,0.9855019298861208,1.0,1.0,1.0
morph_gn_sp_plus,Danklied des Einzelnen,276,6760,0.03922683342808414,0.04308105100358431,0.02579324329993129,0.07434128662496646,0.5100179015521825,0.40997955753156456,0.6692991473909436,0.2860185498269884,0.39980009995002497,1.0,2000,0.4702338870036928,1.0,0.6357476999205315,1.0,1.0,1.0
morph_gn_sp_plus,Fluch,1,608,0.0016420361247947454,0.001841620626151013,nan,nan,0.10855263157894737,nan,nan,0.912551202082956,0.9604208416833667,1.0,2000,0.9192378014665723,1.0,0.9639278557114228,1.0,1.0,1.0
morph_gn_sp_plus,Hymnus,2850,17485,0.140152446520777,0.1388286175428462,0.09480132733140079,0.17541403920713675,0.4855749138359195,0.4484227439613323,0.5566916072487562,0.9933122824203438,0.7296351824087957,1.0,2000,1.0,1.0,1.0,1.0,1.0,1.0
morph_gn_sp_plus,Klagelied des Einzelnen,4095,19594,0.17286504284689097,0.19241440139994692,0.13475833674822207,0.26988995547157923,0.520647227858619,0.4512631107972941,0.5529331305775835,1.5736483190261348e-05,0.16141929035482258,1.0,2000,1.839082975247411e-05,9.484284100601508e-05,0.18864664053515412,0.9728643881436362,1.0,1.0
morph_gn_sp_plus,Klagelied des Volkes,406,8034,0.0481042654028436,0.051263451091850015,0.03092437069568882,0.07291553700289724,0.530070476337634,0.4283773856464275,0.7212976317692695,0.020296003580163008,0.18640679660169915,0.999000499750125,2000,0.04867249461626343,0.2510075798855883,0.4520364817591204,1.0,1.0,1.0
morph_gn_sp_plus,Königspsalm,45,2964,0.014955134596211365,0.02990909703732837,0.011076854562635083,0.0645023820138289,0.6908606987554355,0.5495606028484199,0.877238675156378,5.385302046369651e-06,0.0034982508745627187,0.5092453773113443,2000,2.902079436099201e-05,0.00014966233837695897,0.01686113465006627,0.08695409257334424,1.0,1.0
morph_gn_sp_plus,Liturgie,153,5161,0.028791870530673693,0.040761993725932755,0.022389308472613466,0.06754459302478923,0.6497562791828609,0.5498770818248657,0.792734486524848,1.2812573808230425e-10,0.0014992503748125937,0.6441779110444777,2000,8.285464395989008e-10,4.272873997238047e-09,0.007271364317841079,0.037498952422254705,1.0,1.0
morph_gn_sp_plus,Mischgedicht,45,2879,0.015389876880984952,0.029411512906412668,0.011784599039467748,0.08023781302486373,0.6636679402570337,0.5166473068176631,0.8315840374792909,8.058814248414653e-05,0.010994502748625687,0.6021989005497251,2000,0.0003722404676648673,0.0019196710516008254,0.042658670664667664,0.21999385421056095,1.0,1.0
morph_gn_sp_plus,Thronbesteigungslied,21,2097,0.009915014164305949,0.023543616656095438,0.0068742722501215275,0.06461796243959116,0.7433748892976361,0.5614430086371884,0.9234933477241125,6.0727758668408285e-05,0.001999000499750125,0.3803098450774613,2000,0.000159205205157719,0.0008210327735795736,0.005240622931777354,0.02702627201603943,0.8995628767894535,1.0
morph_gn_sp_plus,Wallfahrtslied,0,305,0.0,nan,nan,nan,nan,nan,nan,nan,nan,0.0004997501249375312,2000,nan,nan,nan,nan,0.0004997501249375312,0.002577247589158399
morph_gn_sp_plus,Weisheitsgedicht,55,3254,0.01662133575098217,0.02609780558847027,0.010726520871009908,0.061677317356534596,0.6607308487455998,0.5309388366639929,0.8168179258868272,2.119056938867647e-05,0.005997001499250375,0.6086956521739131,2000,5.270474950516968e-05,0.0002718022103873912,0.016620261297922465,0.08571189125086791,1.0,1.0
morph_gn_sp_plus,Zionslied,15,1805,0.008241758241758242,0.034800276335411294,0.0056718238403596945,0.26876810795616546,0.7037673130193906,0.49183357094494273,0.9877885720481708,0.0032489041333243433,0.02448775612193903,0.46776611694152925,2000,0.004817840047753816,0.02484595006269664,0.03442481657721864,0.17753127233724453,0.7195188120225602,1.0
morph_gn_sp_plus,prophetische Gerichtsrede,1,605,0.0016501650165016502,0.0055248618784530384,nan,nan,0.7041322314049587,nan,nan,0.2409932137373998,0.23146292585170342,0.4672663668165917,2000,0.7811299501170966,1.0,0.735296680317156,1.0,1.0,1.0
morph_gn_sp_plus,"prophetische Schelt-, Droh- und Mahnrede",21,2088,0.00995732574679943,0.035070066771798886,0.004679615530948906,0.5,0.479064039408867,0.3257334894117955,0.9984213493446781,0.6295988215201556,0.585207396301849,1.0,2000,0.9904531834126397,1.0,0.9838981608097049,1.0,1.0,1.0
morph_gn_sp_plus,prophetische Tora,0,304,0.0,nan,nan,nan,nan,nan,nan,nan,nan,0.0004997501249375312,2000,nan,nan,nan,nan,0.0004997501249375312,0.002577247589158399
morph_gn_sp_plus,prophetisches Stück,28,2381,0.011623080116230802,0.013459625640480373,0.00479624406874012,0.05546392313810629,0.44420861582768345,0.23206635777451945,0.669940722934997,0.845337171113293,0.7736131934032984,1.0,2000,0.9975015437452767,1.0,0.9930034982508745,1.0,1.0,1.0
morph_gn_sp_plus_psalm,Danklied Israels,6,1206,0.0049504950495049506,0.004615387820009626,0.001975532775226022,0.010318735873474254,0.39358761746821447,0.0712434778111974,0.7177795002017707,0.8162061402944845,0.8185907046476761,1.0,2000,0.9622723208019656,1.0,0.9855019298861208,1.0,1.0,1.0
morph_gn_sp_plus_psalm,Danklied des Einzelnen,276,6760,0.03922683342808414,0.04725776184526596,0.02969253485463793,0.0674039490732311,0.57101208086785,0.4998026181581636,0.6550787227913843,3.0932712809726705e-05,0.021989005497251374,0.9195402298850575,2000,0.0002000315428362327,0.0010315771538721619,0.14827880177558278,0.7646845199832332,1.0,1.0
morph_gn_sp_plus_psalm,Fluch,1,608,0.0016420361247947454,0.003105590062111801,nan,nan,0.5074013157894737,nan,nan,0.49092042050010304,0.4879759519038076,1.0,2000,0.9192378014665723,1.0,0.9639278557114228,1.0,1.0,1.0
morph_gn_sp_plus_psalm,Hymnus,2850,17485,0.140152446520777,0.16580070668007624,0.11073449258328001,0.26632606067722964,0.5012623251007129,0.45140973734752105,0.5316403994764967,0.4143120460532106,0.4447776111944028,1.0,2000,1.0,1.0,1.0,1.0,1.0,1.0
morph_gn_sp_plus_psalm,Klagelied des Einzelnen,4095,19594,0.17286504284689097,0.22414864566431875,0.14617031104304437,0.2770406417984781,0.5846200956336712,0.5315961858954455,0.6542380554174775,1.4786474580084394e-65,0.0004997501249375312,0.8745627186406797,2000,3.4982634982150883e-65,1.8040798225198345e-64,0.00098930126773348,0.0051018982887421375,1.0,1.0
morph_gn_sp_plus_psalm,Klagelied des Volkes,406,8034,0.0481042654028436,0.04714054217213309,0.01901896141318121,0.06869935412274035,0.4653569006598802,0.4132199497925601,0.5429742707995644,0.9908397789520152,0.8685657171414293,1.0,2000,0.9999998289335992,1.0,0.9900049975012494,1.0,1.0,1.0
morph_gn_sp_plus_psalm,Königspsalm,45,2964,0.014955134596211365,0.022513876379830905,0.007463921051122096,0.053479305390815864,0.5805593042435148,0.4450974240454488,0.7548703551103839,0.03161205396719719,0.07596201899050475,0.8910544727636182,2000,0.04791201929403324,0.24708575357073304,0.11884380390449936,0.6128861041056684,1.0,1.0
morph_gn_sp_plus_psalm,Liturgie,153,5161,0.028791870530673693,0.0291348767753424,0.013218365025778396,0.04691222907787409,0.5140109392591242,0.4321032409934486,0.600721674948672,0.27707140824745,0.33883058470764615,1.0,2000,0.3895061826087341,1.0,0.47632705386437213,1.0,1.0,1.0
morph_gn_sp_plus_psalm,Mischgedicht,45,2879,0.015389876880984952,0.02093940622538057,0.007200654701313398,0.04962984781587836,0.5338041758326579,0.41785544396714186,0.7144516108674807,0.21791336240292392,0.2588705647176412,0.9920039980009995,2000,0.28564319125788673,1.0,0.33933033483258374,1.0,1.0,1.0
morph_gn_sp_plus_psalm,Thronbesteigungslied,21,2097,0.009915014164305949,0.07566643393563659,0.006713650354061237,0.5073015558203354,0.6945068919317846,0.3588840575570738,0.912383421728378,0.0010647587980426568,0.008995502248875561,0.5527236381809095,2000,0.001948709498304485,0.01004963601980709,0.017109092512567245,0.0882328292288346,0.8995628767894535,1.0
morph_gn_sp_plus_psalm,Wallfahrtslied,0,305,0.0,nan,nan,nan,nan,nan,nan,nan,nan,0.0004997501249375312,2000,nan,nan,nan,nan,0.0004997501249375312,0.002577247589158399
morph_gn_sp_plus_psalm,Weisheitsgedicht,55,3254,0.01662133575098217,0.017350762175551447,0.005815099021981315,0.033607892513355185,0.49530088841705316,0.38306575286400807,0.6195098550808199,0.5476671317633997,0.49775112443778113,1.0,2000,0.6724520478613895,1.0,0.6111627730438579,1.0,1.0,1.0
morph_gn_sp_plus_psalm,Zionslied,15,1805,0.008241758241758242,0.028426742294771094,0.004122389129809468,0.22901349360843481,0.620517082179132,0.3936679355683639,0.967829567831753,0.05374160528180012,0.07646176911544228,0.7536231884057971,2000,0.06357238673578795,0.3278474026841616,0.09156532844688767,0.4722090305024667,0.8824924886954114,1.0
morph_gn_sp_plus_psalm,prophetische Gerichtsrede,1,605,0.0016501650165016502,0.0036231884057971015,nan,nan,0.547107438016529,nan,nan,0.4363935521467548,0.4313627254509018,0.9760119940029985,2000,0.7993302292188865,1.0,0.735296680317156,1.0,1.0,1.0
morph_gn_sp_plus_psalm,"prophetische Schelt-, Droh- und Mahnrede",21,2088,0.00995732574679943,0.029864435319018078,0.002474336500366426,0.14153454737742788,0.5129766465973362,0.2274399991266496,0.7663692683245755,0.41888466144473224,0.39430284857571213,1.0,2000,0.9904531834126397,1.0,0.9838981608097049,1.0,1.0,1.0
morph_gn_sp_plus_psalm,prophetische Tora,0,304,0.0,nan,nan,nan,nan,nan,nan,nan,nan,0.0004997501249375312,2000,nan,nan,nan,nan,0.0004997501249375312,0.002577247589158399
morph_gn_sp_plus_psalm,prophetisches Stück,28,2381,0.011623080116230802,0.01508045106443366,0.004425622659502283,0.07546558457966175,0.50944981100378,0.266310895434305,0.7002262600541393,0.4317029909501592,0.40879560219890054,1.0,2000,0.9975015437452767,1.0,0.9930034982508745,1.0,1.0,1.0
morph_nu_1_2_3gram,Danklied Israels,6,1206,0.0049504950495049506,0.0046270667812995025,0.0026966367051670065,0.009178295408499066,0.41279712548369263,0.2731282095595575,0.8197432254695664,0.7698605183575005,0.7546226886556722,1.0,2000,0.9622723208019656,1.0,0.9855019298861208,1.0,1.0,1.0
morph_nu_1_2_3gram,Danklied des Einzelnen,276,6760,0.03922683342808414,0.04110212864084142,0.025172313634146768,0.06875858454059254,0.510775769659549,0.4152261154336014,0.637393165766188,0.2716593489059953,0.3808095952023988,1.0,2000,0.45432684213588864,1.0,0.6357476999205315,1.0,1.0,1.0
morph_nu_1_2_3gram,Fluch,1,608,0.0016420361247947454,0.0024752475247524753,nan,nan,0.3371710526315789,nan,nan,0.7142946465215503,0.7224448897795591,1.0,2000,0.9192378014665723,1.0,0.9639278557114228,1.0,1.0,1.0
morph_nu_1_2_3gram,Hymnus,2850,17485,0.140152446520777,0.1142301526954081,0.08625409392829089,0.15321173896911144,0.40949660109667935,0.3768911629756981,0.4659824810739305,1.0,1.0,1.0,2000,1.0,1.0,1.0,1.0,1.0,1.0
morph_nu_1_2_3gram,Klagelied des Einzelnen,4095,19594,0.17286504284689097,0.18687892673779294,0.13436286401363717,0.24426339760709664,0.5233232295700398,0.4755306894933858,0.5871915738386598,1.2879537043002547e-06,0.14592703648175911,1.0,2000,1.5814115103433508e-06,8.155453694001986e-06,0.1791762346674764,0.9240248191812974,1.0,1.0
morph_nu_1_2_3gram,Klagelied des Volkes,406,8034,0.0481042654028436,0.04625315017414823,0.027418797274327947,0.06658269654360012,0.5081884135282193,0.41124530083527283,0.6612446971433652,0.2885625152507528,0.4062968515742129,1.0,2000,0.5018339878895303,1.0,0.6536409214747465,1.0,1.0,1.0
morph_nu_1_2_3gram,Königspsalm,45,2964,0.014955134596211365,0.03612917943556415,0.0157594102074321,0.08010135431415227,0.7724771330034488,0.683933164946773,0.9156357926004702,1.6589953778662702e-10,0.0004997501249375312,0.31084457771114443,2000,1.6092255165302822e-08,8.298892538362589e-08,0.015148675662168916,0.07812281754636398,1.0,1.0
morph_nu_1_2_3gram,Liturgie,153,5161,0.028791870530673693,0.030800531709342806,0.016852975390222832,0.04963005825505378,0.5537876456531072,0.44858034248565115,0.7132721948845996,0.011571601412341363,0.12493753123438281,0.9830084957521239,2000,0.01810395704834052,0.09336341769378269,0.1954667827376634,1.0,1.0,1.0
morph_nu_1_2_3gram,Mischgedicht,45,2879,0.015389876880984952,0.037543383862424916,0.015121718141266357,0.0693689498691067,0.755551696190807,0.6117924740587444,0.9041459442980448,1.9133522511922424e-09,0.0009995002498750624,0.3538230884557721,2000,4.8750263184282874e-08,2.514086380233235e-07,0.013850217748268723,0.07142657604238992,1.0,1.0
morph_nu_1_2_3gram,Thronbesteigungslied,21,2097,0.009915014164305949,0.01707647766849335,0.004787445572830476,0.05390350444662535,0.6446624429457047,0.44463916046312657,0.9030225917108037,0.011176551164577931,0.04247876061969016,0.6811594202898551,2000,0.016426143378243323,0.08471081107991636,0.06130758150336596,0.31616763806999065,0.8995628767894535,1.0
morph_nu_1_2_3gram,Wallfahrtslied,0,305,0.0,nan,nan,nan,nan,nan,nan,nan,nan,0.0004997501249375312,2000,nan,nan,nan,nan,0.0004997501249375312,0.002577247589158399
morph_nu_1_2_3gram,Weisheitsgedicht,55,3254,0.01662133575098217,0.033785354030216534,0.01239466270786215,0.07910956604747026,0.7077722523327932,0.6075580213938022,0.8586845039176885,6.037762860647456e-08,0.0034982508745627187,0.47226386806596704,2000,3.4450764557811956e-07,1.7766508795247025e-06,0.014138763951357656,0.07291462970993971,1.0,1.0
morph_nu_1_2_3gram,Zionslied,15,1805,0.008241758241758242,0.017899534126902223,0.00652359179997142,0.05930975985396942,0.7414035087719298,0.5504126338153021,0.8811648228737305,0.0006314898100244542,0.012993503248375811,0.3888055972013993,2000,0.0013921479902811833,0.0071794080134594835,0.02378056254891422,0.1226380833935374,0.7195188120225602,1.0
morph_nu_1_2_3gram,prophetische Gerichtsrede,1,605,0.0016501650165016502,0.0034965034965034965,nan,nan,0.5305785123966942,nan,nan,0.4590234208355648,0.4483967935871743,0.9985007496251874,2000,0.7993302292188865,1.0,0.735296680317156,1.0,1.0,1.0
morph_nu_1_2_3gram,"prophetische Schelt-, Droh- und Mahnrede",21,2088,0.00995732574679943,0.009783286373789411,0.003214874565863182,0.14750663392402627,0.3815909505564678,0.24955501123628165,0.9989569533875213,0.9692609092066482,0.9535232383808095,1.0,2000,0.9904531834126397,1.0,0.9917333000166584,1.0,1.0,1.0
morph_nu_1_2_3gram,prophetische Tora,0,304,0.0,nan,nan,nan,nan,nan,nan,nan,nan,0.0004997501249375312,2000,nan,nan,nan,nan,0.0004997501249375312,0.002577247589158399
morph_nu_1_2_3gram,prophetisches Stück,28,2381,0.011623080116230802,0.010317792071681604,0.004533605294405354,0.028083860161341106,0.3985495290094198,0.289830772692032,0.7433217332588206,0.9677373009910861,0.9385307346326837,1.0,2000,0.9975015437452767,1.0,0.9930034982508745,1.0,1.0,1.0
morph_nu_1_2_3gram_psalm,Danklied Israels,6,1206,0.0049504950495049506,0.004338895675767752,0.0017056725960177949,0.00896844851928064,0.36650082918739635,0.03872236252525172,0.697074866627558,0.8707992471702618,0.8730634682658671,1.0,2000,0.9622723208019656,1.0,0.9855019298861208,1.0,1.0,1.0
morph_nu_1_2_3gram_psalm,Danklied des Einzelnen,276,6760,0.03922683342808414,0.05136280627044865,0.03125817655499012,0.0673987936997217,0.5949688062773347,0.5244837146939414,0.6632477475067339,4.233366033817432e-08,0.01649175412293853,0.8675662168915542,2000,6.843941754671516e-07,3.52947033075229e-06,0.14827880177558278,0.7646845199832332,1.0,1.0
morph_nu_1_2_3gram_psalm,Fluch,1,608,0.0016420361247947454,0.0026666666666666666,nan,nan,0.41776315789473684,nan,nan,0.6130734261085342,0.625751503006012,1.0,2000,0.9192378014665723,1.0,0.9639278557114228,1.0,1.0,1.0
morph_nu_1_2_3gram_psalm,Hymnus,2850,17485,0.140152446520777,0.18172894851178167,0.09995163062648918,0.2747451226186878,0.5481376217208735,0.48585974223578104,0.6535209344117432,7.611146421360282e-17,0.029985007496251874,0.9880059970014993,2000,1.4765624057438945e-15,7.614739267791203e-15,0.4709074034411366,1.0,1.0,1.0
morph_nu_1_2_3gram_psalm,Klagelied des Einzelnen,4095,19594,0.17286504284689097,0.21978160826615828,0.1469158354396009,0.273392483839308,0.597033292317563,0.5475385867835881,0.6644900968235665,1.6215370557217834e-85,0.0009995002498750624,0.8620689655172413,2000,5.0738417550004187e-85,2.6166169408122947e-84,0.0018292740422241709,0.0094336987225798,1.0,1.0
morph_nu_1_2_3gram_psalm,Klagelied des Volkes,406,8034,0.0481042654028436,0.03991327313588765,0.014584982800158932,0.06930465153625341,0.4251264024447821,0.3182937596162595,0.49327088645535605,0.9999998289335992,0.9895052473763118,1.0,2000,0.9999998289335992,1.0,0.9900049975012494,1.0,1.0,1.0
morph_nu_1_2_3gram_psalm,Königspsalm,45,2964,0.014955134596211365,0.020805441469846003,0.004473366618105975,0.06206047698497678,0.5397885739991003,0.23537479741094708,0.6777674027361408,0.17945714609036117,0.25787106446776614,0.9940029985007496,2000,0.22904398908901363,1.0,0.32441471571906355,1.0,1.0,1.0
morph_nu_1_2_3gram_psalm,Liturgie,153,5161,0.028791870530673693,0.021237556941835174,0.00803104267975959,0.0349769493677532,0.3705430244176725,0.2739375093769602,0.43681988169810826,0.9999999770033812,0.9995002498750625,1.0,2000,0.9999999962821108,1.0,0.9995002498750625,1.0,1.0,1.0
morph_nu_1_2_3gram_psalm,Mischgedicht,45,2879,0.015389876880984952,0.019107190191334514,0.008836317672254918,0.0449514518569644,0.5411562656786693,0.35075521028491596,0.6611540007222965,0.17137186528151221,0.248375812093953,0.993503248375812,2000,0.2310264051099983,1.0,0.3346174135154645,1.0,1.0,1.0
morph_nu_1_2_3gram_psalm,Thronbesteigungslied,21,2097,0.009915014164305949,0.10798015247882953,0.004851650429529537,0.6574650011092444,0.5128641823920794,0.18882148084921238,0.7562666168450323,0.41957705899772824,0.38330834582708645,1.0,2000,0.41957705899772824,1.0,0.38330834582708645,1.0,1.0,1.0
morph_nu_1_2_3gram_psalm,Wallfahrtslied,0,305,0.0,nan,nan,nan,nan,nan,nan,nan,nan,0.0004997501249375312,2000,nan,nan,nan,nan,0.0004997501249375312,0.002577247589158399
morph_nu_1_2_3gram_psalm,Weisheitsgedicht,55,3254,0.01662133575098217,0.015478898327597659,0.003650683066748306,0.03443920329994851,0.46562552383080963,0.2592240402633362,0.5945833750487397,0.8093964901166357,0.6851574212893553,1.0,2000,0.9459211992929358,1.0,0.8007261429526201,1.0,1.0,1.0
morph_nu_1_2_3gram_psalm,Zionslied,15,1805,0.008241758241758242,0.008336665866706384,0.0018604755700172067,0.019236103422919915,0.507460757156048,0.2427755400161053,0.6942629783548638,0.460405339016247,0.44627686156921537,1.0,2000,0.4700980829955364,1.0,0.455672163918041,1.0,1.0,1.0
morph_nu_1_2_3gram_psalm,prophetische Gerichtsrede,1,605,0.0016501650165016502,0.002150537634408602,nan,nan,0.23471074380165288,nan,nan,0.8213751650101109,0.8461923847695391,1.0,2000,0.8716164137866863,1.0,0.8731985247089924,1.0,1.0,1.0
morph_nu_1_2_3gram_psalm,"prophetische Schelt-, Droh- und Mahnrede",21,2088,0.00995732574679943,0.024273653550825246,0.0027489515668938573,0.17752525242060643,0.3556832694763729,0.0654355477020615,0.5301261049427052,0.9886730454721311,0.9815092453773113,1.0,2000,0.9904531834126397,1.0,0.9917333000166584,1.0,1.0,1.0
morph_nu_1_2_3gram_psalm,prophetische Tora,0,304,0.0,nan,nan,nan,nan,nan,nan,nan,nan,0.0004997501249375312,2000,nan,nan,nan,nan,0.0004997501249375312,0.002577247589158399
morph_nu_1_2_3gram_psalm,prophetisches Stück,28,2381,0.011623080116230802,0.015767431774551203,0.004071976362037704,0.1436534402322871,0.4019694606107878,0.20865754893280922,0.6788343586682328,0.9629712038750116,0.927536231884058,1.0,2000,0.9975015437452767,1.0,0.9930034982508745,1.0,1.0,1.0
morph_nu_1_2gram,Danklied Israels,6,1206,0.0049504950495049506,0.00854235071951034,0.0029885680558064676,0.05555555555555555,0.4271697070204533,0.20478824362236941,0.9569866750266554,0.7313115790793376,0.6951524237881059,1.0,2000,0.9622723208019656,1.0,0.9855019298861208,1.0,1.0,1.0
morph_nu_1_2gram,Danklied des Einzelnen,276,6760,0.03922683342808414,0.040803349495986165,0.026181138584092847,0.06564966122768834,0.5259191964668554,0.4419722704416603,0.6287564029063241,0.07187318340852891,0.24087956021989004,0.9985007496251874,2000,0.1459362103187422,0.7526036061759978,0.45399415676776994,1.0,1.0,1.0
morph_nu_1_2gram,Fluch,1,608,0.0016420361247947454,0.0025,nan,nan,0.34375,nan,nan,0.7065116365731761,0.688877755511022,1.0,2000,0.9192378014665723,1.0,0.9639278557114228,1.0,1.0,1.0
morph_nu_1_2gram,Hymnus,2850,17485,0.140152446520777,0.11719175636957596,0.08815399693580035,0.1544600110582467,0.42051762663736836,0.3902697733910841,0.48060325252423086,1.0,1.0,1.0,2000,1.0,1.0,1.0,1.0,1.0,1.0
morph_nu_1_2gram,Klagelied des Einzelnen,4095,19594,0.17286504284689097,0.19011245954657136,0.13754537517375812,0.2512862631453157,0.5342163750758219,0.48401861418230296,0.5930273127694617,2.634828616007696e-12,0.06146926536731634,0.9965017491254373,2000,3.4537618344965745e-12,1.781129992232866e-11,0.08057457757607682,0.41552893224660625,1.0,1.0
morph_nu_1_2gram,Klagelied des Volkes,406,8034,0.0481042654028436,0.04650539172059848,0.026398000510101306,0.06743459998202722,0.5009583653708194,0.4229668392058231,0.6338750314503515,0.4739872526571854,0.4757621189405297,1.0,2000,0.6761288751139263,1.0,0.6786606696651674,1.0,1.0,1.0
morph_nu_1_2gram,Königspsalm,45,2964,0.014955134596211365,0.03542884480894271,0.013032626927564234,0.08016340876066098,0.7309641625431099,0.6336024118429359,0.9202978494684196,5.0236390531134186e-08,0.0009995002498750624,0.42978510744627685,2000,9.745859763040032e-07,5.0260104650720105e-06,0.015148675662168916,0.07812281754636398,1.0,1.0
morph_nu_1_2gram,Liturgie,153,5161,0.028791870530673693,0.02924528303299338,0.01574112071356446,0.04692216074049741,0.5308972649319368,0.44199223735774734,0.6840938744720134,0.09602201505494701,0.23288355822088955,0.9975012493753124,2000,0.14329439169738245,0.7389795562095385,0.3475339253450198,1.0,1.0,1.0
morph_nu_1_2gram,Mischgedicht,45,2879,0.015389876880984952,0.031650498689305986,0.01370847697603544,0.06261555664529174,0.7177839527613755,0.5852991210755315,0.8936705704465793,2.5728278430433166e-07,0.001999000499750125,0.4607696151924038,2000,2.7729366752800193e-06,1.4300235266869927e-05,0.020198234216225224,0.10416375672848531,1.0,1.0
morph_nu_1_2gram,Thronbesteigungslied,21,2097,0.009915014164305949,0.018125331063831573,0.005574824651580022,0.11709001956046501,0.6338306424143334,0.4261167655458986,0.8684768590135704,0.01728929822858221,0.04897551224387806,0.7131434282858571,2000,0.022973451070855813,0.1184757510454102,0.06598089843966906,0.34026827197971865,0.8995628767894535,1.0
morph_nu_1_2gram,Wallfahrtslied,0,305,0.0,nan,nan,nan,nan,nan,nan,nan,nan,0.0004997501249375312,2000,nan,nan,nan,nan,0.0004997501249375312,0.002577247589158399
morph_nu_1_2gram,Weisheitsgedicht,55,3254,0.01662133575098217,0.048352044061540506,0.016751160355609675,0.3100837773101515,0.6850757110130189,0.5812801321961125,0.8354689295546266,1.2132061683650179e-06,0.004497751124437781,0.5497251374312844,2000,4.526192243515644e-06,2.3341901213383947e-05,0.015044202036912577,0.07758403949432008,1.0,1.0
morph_nu_1_2gram,Zionslied,15,1805,0.008241758241758242,0.020830293260792547,0.006337868753235354,0.16806468099754238,0.7356048014773776,0.5177386167165272,0.8943304287677374,0.0008253213096870517,0.011494252873563218,0.4222888555722139,2000,0.0016337993273396736,0.008425621460487132,0.023227969348659006,0.1197883202377581,0.7195188120225602,1.0
morph_nu_1_2gram,prophetische Gerichtsrede,1,605,0.0016501650165016502,0.0031847133757961785,nan,nan,0.484297520661157,nan,nan,0.5227925288771161,0.5040080160320641,1.0,2000,0.7993302292188865,1.0,0.735296680317156,1.0,1.0,1.0
morph_nu_1_2gram,"prophetische Schelt-, Droh- und Mahnrede",21,2088,0.00995732574679943,0.008692231057123415,0.0029593313703080455,0.05426678997807487,0.37212643678160917,0.236296756818262,0.9942853710812338,0.9782823498869109,0.9695152423788106,1.0,2000,0.9904531834126397,1.0,0.9917333000166584,1.0,1.0,1.0
morph_nu_1_2gram,prophetische Tora,0,304,0.0,nan,nan,nan,nan,nan,nan,nan,nan,0.0004997501249375312,2000,nan,nan,nan,nan,0.0004997501249375312,0.002577247589158399
morph_nu_1_2gram,prophetisches Stück,28,2381,0.011623080116230802,0.01175265095281793,0.0046464025327051794,0.043602902403805946,0.3866697666046679,0.27159803572257685,0.7257139347118982,0.9805374431215758,0.9695152423788106,1.0,2000,0.9975015437452767,1.0,0.9930034982508745,1.0,1.0,1.0
morph_nu_1_2gram_psalm,Danklied Israels,6,1206,0.0049504950495049506,0.004904456887360282,0.0018453631976467339,0.01019582214138711,0.41459369817578773,0.05365926016333618,0.7142266379488263,0.7652374455096155,0.7521239380309845,1.0,2000,0.9622723208019656,1.0,0.9855019298861208,1.0,1.0,1.0
morph_nu_1_2gram_psalm,Danklied des Einzelnen,276,6760,0.03922683342808414,0.04890166008150562,0.029989396698482197,0.064233081295146,0.5722499142440614,0.4948996241716648,0.6446244013885049,2.2962289845824616e-05,0.04447776111944028,0.935032483758121,2000,0.00017133400884961444,0.0008835818926582739,0.2054448965993194,1.0,1.0,1.0
morph_nu_1_2gram_psalm,Fluch,1,608,0.0016420361247947454,0.0024096385542168677,nan,nan,0.3536184210526316,nan,nan,0.6947217659815667,0.7009018036072144,1.0,2000,0.9192378014665723,1.0,0.9639278557114228,1.0,1.0,1.0
morph_nu_1_2gram_psalm,Hymnus,2850,17485,0.140152446520777,0.183413872693575,0.1011826493218492,0.2818724286667256,0.5504118617963267,0.4922482415879495,0.6566759744286998,2.6937387003284237e-18,0.02348825587206397,0.9805097451274363,2000,8.709755131061904e-17,4.491683802279227e-16,0.455672163918041,1.0,1.0,1.0
morph_nu_1_2gram_psalm,Klagelied des Einzelnen,4095,19594,0.17286504284689097,0.21907975114954603,0.14909809797866772,0.2723877705069432,0.5982011263321868,0.5479848054592185,0.6606802929490777,1.556463321832006e-87,0.0004997501249375312,0.8430784607696152,2000,5.392033650632307e-87,2.7807108059232898e-86,0.00098930126773348,0.0051018982887421375,1.0,1.0
morph_nu_1_2gram_psalm,Klagelied des Volkes,406,8034,0.0481042654028436,0.04162399249346797,0.015915660341103765,0.0687556125156087,0.4281478899406586,0.34461954765773795,0.4847881678900003,0.9999995031258873,0.9870064967516242,1.0,2000,0.9999998289335992,1.0,0.9900049975012494,1.0,1.0,1.0
morph_nu_1_2gram_psalm,Königspsalm,45,2964,0.014955134596211365,0.01679547430195617,0.0019484104106326497,0.044729044430629125,0.5566426750637277,0.3143617653079842,0.7011691354301183,0.09576046243316227,0.18440779610194902,0.9700149925037481,2000,0.13082767402840478,0.6746877902772993,0.24172373272823044,1.0,1.0,1.0
morph_nu_1_2gram_psalm,Liturgie,153,5161,0.028791870530673693,0.021742499874749993,0.00834224551267572,0.03529844168051007,0.380735734195506,0.29575541916572845,0.439466057108086,0.9999997620409304,0.9995002498750625,1.0,2000,0.9999999962821108,1.0,0.9995002498750625,1.0,1.0,1.0
morph_nu_1_2gram_psalm,Mischgedicht,45,2879,0.015389876880984952,0.01678522864326661,0.007861539831419536,0.030859236920820477,0.5418046389564277,0.37316324407163426,0.6594192487403484,0.16759620391679753,0.2448775612193903,0.9930034982508745,2000,0.2310264051099983,1.0,0.3345510343419839,1.0,1.0,1.0
morph_nu_1_2gram_psalm,Thronbesteigungslied,21,2097,0.009915014164305949,0.10037494363143006,0.003561780641737873,0.5020520201059421,0.5241955628221723,0.20428440778622695,0.7379354991551633,0.3512583091915191,0.3278360819590205,1.0,2000,0.35491724991226414,1.0,0.3342807762785274,1.0,1.0,1.0
morph_nu_1_2gram_psalm,Wallfahrtslied,0,305,0.0,nan,nan,nan,nan,nan,nan,nan,nan,0.0004997501249375312,2000,nan,nan,nan,nan,0.0004997501249375312,0.002577247589158399
morph_nu_1_2gram_psalm,Weisheitsgedicht,55,3254,0.01662133575098217,0.017903734210407335,0.004333101907227572,0.04270565428134147,0.48740012292563,0.3198913479190406,0.6133909634429671,0.6259030865522752,0.5312343828085957,1.0,2000,0.7589074924446336,1.0,0.6441216891554222,1.0,1.0,1.0
morph_nu_1_2gram_psalm,Zionslied,15,1805,0.008241758241758242,0.015872247873712927,0.003943347641788811,0.18255943316543846,0.5348661126500461,0.2440743570821941,0.7275715950161746,0.3207902115032182,0.3263368315842079,0.9985007496251874,2000,0.3457405612868018,1.0,0.3517185851518685,1.0,1.0,1.0
morph_nu_1_2gram_psalm,prophetische Gerichtsrede,1,605,0.0016501650165016502,0.0020325203252032522,nan,nan,0.19008264462809918,nan,nan,0.858825863259566,0.8847695390781564,1.0,2000,0.8716164137866863,1.0,0.8939858884435539,1.0,1.0,1.0
morph_nu_1_2gram_psalm,"prophetische Schelt-, Droh- und Mahnrede",21,2088,0.00995732574679943,0.024346310362122682,0.00254233460233841,0.16383341816589053,0.3516009852216749,0.07455291033054168,0.5304730650756165,0.9904531834126397,0.9920039980009995,1.0,2000,0.9904531834126397,1.0,0.9920039980009995,1.0,1.0,1.0
morph_nu_1_2gram_psalm,prophetische Tora,0,304,0.0,nan,nan,nan,nan,nan,nan,nan,nan,0.0004997501249375312,2000,nan,nan,nan,nan,0.0004997501249375312,0.002577247589158399
morph_nu_1_2gram_psalm,prophetisches Stück,28,2381,0.011623080116230802,0.017804918466721234,0.0042562148417956205,0.17353594614404488,0.3992020159596808,0.22991858938791265,0.7516139696151031,0.9668718629938917,0.9495252373813093,1.0,2000,0.9975015437452767,1.0,0.9930034982508745,1.0,1.0,1.0
morph_nu_1gram,Danklied Israels,6,1206,0.0049504950495049506,0.010951800033527843,0.003137882572090643,0.12046051667399581,0.4711166390270868,0.22058074456586813,0.9786989055173092,0.5967562776275436,0.5332333833083458,1.0,2000,0.9622723208019656,1.0,0.9855019298861208,1.0,1.0,1.0
morph_nu_1gram,Danklied des Einzelnen,276,6760,0.03922683342808414,0.04432952715045227,0.02834240420029813,0.06561962125670544,0.5510539940828403,0.48476607755592,0.631986818905287,0.0019900619514741716,0.07746126936531735,0.9705147426286856,2000,0.007149481825666468,0.03687039558266032,0.2305874089982036,1.0,1.0,1.0
morph_nu_1gram,Fluch,1,608,0.0016420361247947454,0.0026041666666666665,nan,nan,0.37006578947368424,nan,nan,0.6744416386729856,0.6432865731462926,1.0,2000,0.9192378014665723,1.0,0.9639278557114228,1.0,1.0,1.0
morph_nu_1gram,Hymnus,2850,17485,0.140152446520777,0.12208371900724395,0.09113047564069542,0.1651323656959376,0.43779248378309227,0.409900715758743,0.4813232621406526,1.0,1.0,1.0,2000,1.0,1.0,1.0,1.0,1.0,1.0
morph_nu_1gram,Klagelied des Einzelnen,4095,19594,0.17286504284689097,0.1925202115320112,0.13867779886051296,0.2578743243054197,0.5354301165927174,0.4863098401321555,0.5869534184440602,4.572096442343728e-13,0.03398300849575212,0.992503748125937,2000,6.159629929268634e-13,3.1765657662016333e-12,0.04709074034411365,0.24285035854412573,1.0,1.0
morph_nu_1gram,Klagelied des Volkes,406,8034,0.0481042654028436,0.04607824317940537,0.022714265273082374,0.06762119689526223,0.48820928541383846,0.43014789950551946,0.6176473427724204,0.7889874298338857,0.6266866566716641,1.0,2000,0.9999998289335992,1.0,0.7998500749625187,1.0,1.0,1.0
morph_nu_1gram,Königspsalm,45,2964,0.014955134596211365,0.027356816181562625,0.010413612041894043,0.07930488987185487,0.6664117558854401,0.5546024946860095,0.8200385275351693,6.21945154063358e-05,0.0074962518740629685,0.6131934032983508,2000,0.00018281418164892643,0.0009427859752462413,0.022723013493253372,0.11718422631954596,1.0,1.0
morph_nu_1gram,Liturgie,153,5161,0.028791870530673693,0.029235647015077058,0.014710015977356253,0.04561068016145654,0.5223831830736557,0.45979544174353265,0.6592379102540815,0.17231311249409037,0.2813593203398301,1.0,2000,0.24946823749144426,1.0,0.4073411055666197,1.0,1.0,1.0
morph_nu_1gram,Mischgedicht,45,2879,0.015389876880984952,0.02539095809668663,0.011775154790194737,0.048148339171924494,0.6787117440469299,0.5519586830689349,0.8617205408665549,1.8942609197935362e-05,0.0069965017491254375,0.5747126436781609,2000,9.424174389438096e-05,0.00048601149880700314,0.03462554437067181,0.1785664401059748,1.0,1.0
morph_nu_1gram,Thronbesteigungslied,21,2097,0.009915014164305949,0.018375738388305855,0.005852347145962863,0.1915687927574197,0.6440947385153394,0.43572680779784967,0.8580803862480704,0.011442512970126315,0.03698150924537731,0.6831584207896052,2000,0.016566026240332127,0.08543219713085135,0.05693978407621586,0.29364259039649193,0.8995628767894535,1.0
morph_nu_1gram,Wallfahrtslied,0,305,0.0,nan,nan,nan,nan,nan,nan,nan,nan,0.0004997501249375312,2000,nan,nan,nan,nan,0.0004997501249375312,0.002577247589158399
morph_nu_1gram,Weisheitsgedicht,55,3254,0.01662133575098217,0.027052869176445875,0.008612972909298477,0.07313891141464851,0.6519193160864949,0.5201756240672344,0.8293896286382656,5.4495686917742386e-05,0.009995002498750625,0.656671664167916,2000,0.000122932130953977,0.000633969902800615,0.02364671322875148,0.12194781275529987,1.0,1.0
morph_nu_1gram,Zionslied,15,1805,0.008241758241758242,0.014758746775162387,0.00489650786984727,0.05496682401109552,0.7035457063711912,0.5014752862610861,0.928317591151289,0.0032781179706366168,0.02048975512243878,0.5057471264367817,2000,0.004817840047753816,0.02484595006269664,0.030577019182716332,0.1576879024935839,0.7195188120225602,1.0
morph_nu_1gram,prophetische Gerichtsrede,1,605,0.0016501650165016502,0.0026595744680851063,nan,nan,0.38181818181818183,nan,nan,0.6596754005048269,0.6347695390781564,1.0,2000,0.7998564231121025,1.0,0.760156114698533,1.0,1.0,1.0
morph_nu_1gram,"prophetische Schelt-, Droh- und Mahnrede",21,2088,0.00995732574679943,0.009616167744888285,0.0031927678606585904,0.02422943463382386,0.430623973727422,0.3215665239898955,0.9174285388242329,0.8634023926170432,0.8140929535232384,1.0,2000,0.9904531834126397,1.0,0.9838981608097049,1.0,1.0,1.0
morph_nu_1gram,prophetische Tora,0,304,0.0,nan,nan,nan,nan,nan,nan,nan,nan,0.0004997501249375312,2000,nan,nan,nan,nan,0.0004997501249375312,0.002577247589158399
morph_nu_1gram,prophetisches Stück,28,2381,0.011623080116230802,0.011312077773379454,0.0032739217948260057,0.02824744532549837,0.40912431751364975,0.29410698867194174,0.6303262163233468,0.9511252039909694,0.9325337331334332,1.0,2000,0.9975015437452767,1.0,0.9930034982508745,1.0,1.0,1.0
morph_nu_1gram_psalm,Danklied Israels,6,1206,0.0049504950495049506,0.007098972665236513,0.002046322613488995,0.01538903012566026,0.5203150912106136,0.12127156612601894,0.8385156958298963,0.4319863718340242,0.39430284857571213,0.9980009995002499,2000,0.9622723208019656,1.0,0.9855019298861208,1.0,1.0,1.0
morph_nu_1gram_psalm,Danklied des Einzelnen,276,6760,0.03922683342808414,0.04600667653694187,0.026647243554813686,0.06631946108082068,0.5445502101020495,0.46893110133706356,0.6245825958517469,0.0059853116669851,0.13043478260869565,0.9850074962518741,2000,0.016587863762787276,0.0855448148157549,0.2942366026289181,1.0,1.0,1.0
morph_nu_1gram_psalm,Fluch,1,608,0.0016420361247947454,0.0021231422505307855,nan,nan,0.26644736842105265,nan,nan,0.7913146117353602,0.8006012024048096,1.0,2000,0.9192378014665723,1.0,0.9639278557114228,1.0,1.0,1.0
morph_nu_1gram_psalm,Hymnus,2850,17485,0.140152446520777,0.1818990705638012,0.10329862501417528,0.2767029579530198,0.5482638552343111,0.4936580665994577,0.6447961322825827,6.332845677146121e-17,0.02048975512243878,0.9785107446276862,2000,1.4765624057438945e-15,7.614739267791203e-15,0.455672163918041,1.0,1.0,1.0
morph_nu_1gram_psalm,Klagelied des Einzelnen,4095,19594,0.17286504284689097,0.22046540040788848,0.15549981063506488,0.27162504715802166,0.5983103895526065,0.547031499105803,0.6579960118089087,1.0017073214326601e-87,0.0004997501249375312,0.8510744627686156,2000,3.598726302924742e-87,1.8558892185195675e-86,0.00098930126773348,0.0051018982887421375,1.0,1.0
morph_nu_1gram_psalm,Klagelied des Volkes,406,8034,0.0481042654028436,0.04151061603061551,0.016198765630782496,0.06542998003268254,0.43871581492940714,0.37069620027627104,0.48498694766772227,0.999984985071825,0.9825087456271864,1.0,2000,0.9999998289335992,1.0,0.9900049975012494,1.0,1.0,1.0
morph_nu_1gram_psalm,Königspsalm,45,2964,0.014955134596211365,0.01935857844125918,0.0041640011147821504,0.0503921967511255,0.532366171839856,0.33464522959634235,0.6873127013331823,0.22774843384942972,0.2608695652173913,0.9955022488755623,2000,0.286903871212918,1.0,0.32441471571906355,1.0,1.0,1.0
morph_nu_1gram_psalm,Liturgie,153,5161,0.028791870530673693,0.023455579300242863,0.008773841366790458,0.03726948375892978,0.41958162842738334,0.34516705376590423,0.4707656020698429,0.9996575776971995,0.9900049975012494,1.0,2000,0.9999999962821108,1.0,0.9995002498750625,1.0,1.0,1.0
morph_nu_1gram_psalm,Mischgedicht,45,2879,0.015389876880984952,0.015875330063508466,0.007457687540471084,0.02825598170939864,0.5295743120682336,0.3806309083033288,0.6384233197924772,0.2477000914457082,0.2773613193403298,0.9965017491254373,2000,0.30781306302071365,1.0,0.3587206396801599,1.0,1.0,1.0
morph_nu_1gram_psalm,Thronbesteigungslied,21,2097,0.009915014164305949,0.06765653227572858,0.003935062846971706,0.34046008929002997,0.6282217226423235,0.3513185331287563,0.8354476460338504,0.021445410819644583,0.05747126436781609,0.729135432283858,2000,0.027371116440862167,0.14115482986343147,0.07533395464429947,0.3885026602305668,0.8995628767894535,1.0
morph_nu_1gram_psalm,Wallfahrtslied,0,305,0.0,nan,nan,nan,nan,nan,nan,nan,nan,0.0004997501249375312,2000,nan,nan,nan,nan,0.0004997501249375312,0.002577247589158399
morph_nu_1gram_psalm,Weisheitsgedicht,55,3254,0.01662133575098217,0.016818548908393016,0.004790129599932593,0.03466202160370517,0.5018494719785439,0.3552102680285313,0.6696719594284575,0.4812407410151304,0.42778610694652675,1.0,2000,0.6062383360839955,1.0,0.5532700316508412,1.0,1.0,1.0
morph_nu_1gram_psalm,Zionslied,15,1805,0.008241758241758242,0.008660387593515166,0.002208271104990977,0.01999599921611794,0.5283287165281625,0.21006394186777566,0.745403529500558,0.3526515026339259,0.34182908545727136,0.9970014992503748,2000,0.3759032500603386,1.0,0.3625143949764248,1.0,1.0,1.0
morph_nu_1gram_psalm,prophetische Gerichtsrede,1,605,0.0016501650165016502,0.001937984496124031,nan,nan,0.15041322314049588,nan,nan,0.8873411845711701,0.9093186372745491,1.0,2000,0.8873411845711701,1.0,0.9093186372745491,1.0,1.0,1.0
morph_nu_1gram_psalm,"prophetische Schelt-, Droh- und Mahnrede",21,2088,0.00995732574679943,0.02065279244615692,0.002799836620292717,0.10935365149347029,0.38026819923371646,0.10583432992668369,0.5786667660032162,0.9706886314980678,0.974512743628186,1.0,2000,0.9904531834126397,1.0,0.9917333000166584,1.0,1.0,1.0
morph_nu_1gram_psalm,prophetische Tora,0,304,0.0,nan,nan,nan,nan,nan,nan,nan,nan,0.0004997501249375312,2000,nan,nan,nan,nan,0.0004997501249375312,0.002577247589158399
morph_nu_1gram_psalm,prophetisches Stück,28,2381,0.011623080116230802,0.01372937165155438,0.003789731895694461,0.12147934840334114,0.4104292914141717,0.28007496134602444,0.7715741066593583,0.9486751797185686,0.9305347326336831,1.0,2000,0.9975015437452767,1.0,0.9930034982508745,1.0,1.0,1.0
morph_nu_sp_plus,Danklied Israels,6,1206,0.0049504950495049506,0.00518847157237289,0.0026989898573802963,0.010835267151934813,0.4461028192371476,0.20021521417964624,0.7323463687804749,0.67601925873782,0.6181909045477262,1.0,2000,0.9622723208019656,1.0,0.9855019298861208,1.0,1.0,1.0
morph_nu_sp_plus,Danklied des Einzelnen,276,6760,0.03922683342808414,0.04091652455213615,0.025777224456316312,0.06615728908709456,0.5242683946488295,0.4294441572309533,0.6388998722532861,0.08552055532832364,0.26686656671664166,0.999000499750125,2000,0.16929579320096722,0.8730706669385853,0.4793714253984119,1.0,1.0,1.0
morph_nu_sp_plus,Fluch,1,608,0.0016420361247947454,0.002617801047120419,nan,nan,0.37335526315789475,nan,nan,0.6703337311425625,0.6548096192384769,1.0,2000,0.9192378014665723,1.0,0.9639278557114228,1.0,1.0,1.0
morph_nu_sp_plus,Hymnus,2850,17485,0.140152446520777,0.1261817281705556,0.09177034088619249,0.16405845009560038,0.4554201646524088,0.42003315584656264,0.5192678049271418,0.9999999999999896,0.9820089955022488,1.0,2000,1.0,1.0,1.0,1.0,1.0,1.0
morph_nu_sp_plus,Klagelied des Einzelnen,4095,19594,0.17286504284689097,0.21691538875765332,0.14990021934657263,0.29743439334381444,0.5514685851727803,0.48568353946541065,0.5971484753773609,1.5907710804347353e-25,0.010494752623688156,0.9790104947526237,2000,2.5295868000355626e-25,1.3045262335399085e-24,0.016688377122913954,0.08606316949369933,1.0,1.0
morph_nu_sp_plus,Klagelied des Volkes,406,8034,0.0481042654028436,0.04548192957777655,0.025888621780958587,0.06418504765404008,0.5001695380838334,0.42061474356061485,0.644082490741508,0.49539852080807034,0.4867566216891554,1.0,2000,0.6964298046142439,1.0,0.6842810478818562,1.0,1.0,1.0
morph_nu_sp_plus,Königspsalm,45,2964,0.014955134596211365,0.026373405610383847,0.010888844390628037,0.06007265497659121,0.6799520167941221,0.5448824102353346,0.8602204029287527,1.665688248559671e-05,0.00399800099950025,0.5577211394302849,2000,6.214298465780312e-05,0.0003204758726422534,0.01686113465006627,0.08695409257334424,1.0,1.0
morph_nu_sp_plus,Liturgie,153,5161,0.028791870530673693,0.03325552781865506,0.017929510328774673,0.05479261892059841,0.5726356421274187,0.484759276231532,0.7259366590918465,0.001081506679612208,0.06196901549225387,0.9325337331334332,2000,0.0018087266883169684,0.009327734530319636,0.10188126275845129,0.5254090508880885,1.0,1.0
morph_nu_sp_plus,Mischgedicht,45,2879,0.015389876880984952,0.03180940304093709,0.013727905216853348,0.06520267871516434,0.7277488325421636,0.5723312087099266,0.8824109726191611,7.582886228084805e-08,0.0014992503748125937,0.43228385807096453,2000,9.194249551552827e-07,4.741541083921129e-06,0.0181784107946027,0.09374738105563676,1.0,1.0
morph_nu_sp_plus,Thronbesteigungslied,21,2097,0.009915014164305949,0.027695696918353642,0.005462338300454509,0.1812924802556494,0.7063151440833845,0.4711106602909774,0.9744647786844889,0.0005611479576063227,0.0069965017491254375,0.48075962018990503,2000,0.001088627037756266,0.005614128478508522,0.015424106128753806,0.07954323241084332,0.8995628767894535,1.0
morph_nu_sp_plus,Wallfahrtslied,0,305,0.0,nan,nan,nan,nan,nan,nan,nan,nan,0.0004997501249375312,2000,nan,nan,nan,nan,0.0004997501249375312,0.002577247589158399
morph_nu_sp_plus,Weisheitsgedicht,55,3254,0.01662133575098217,0.024025972050435874,0.010000842791639548,0.05282898364585045,0.6482203721294072,0.5276069595223083,0.7909539756494537,7.98658064931663e-05,0.013493253373313344,0.6561719140429785,2000,0.0001648294304220666,0.0008500373106074242,0.028453164721986834,0.14673503121751844,1.0,1.0
morph_nu_sp_plus,Zionslied,15,1805,0.008241758241758242,0.027150192521797525,0.004936921475774615,0.11758218129106865,0.7222345337026778,0.4603162684410592,0.9712658070314044,0.0014976729886855822,0.015492253873063468,0.440279860069965,2000,0.0025249039282920368,0.013021112426656494,0.02590945906357166,0.13361695690688458,0.7195188120225602,1.0
morph_nu_sp_plus,prophetische Gerichtsrede,1,605,0.0016501650165016502,0.0035335689045936395,nan,nan,0.5355371900826447,nan,nan,0.4522243910439799,0.4473947895791583,0.9970014992503748,2000,0.7993302292188865,1.0,0.735296680317156,1.0,1.0,1.0
morph_nu_sp_plus,"prophetische Schelt-, Droh- und Mahnrede",21,2088,0.00995732574679943,0.009891878872859531,0.0032633948091856596,0.0679395849172484,0.42355409596788907,0.3136532810592505,0.995098012758431,0.8863567287376981,0.8425787106446777,1.0,2000,0.9904531834126397,1.0,0.9838981608097049,1.0,1.0,1.0
morph_nu_sp_plus,prophetische Tora,0,304,0.0,nan,nan,nan,nan,nan,nan,nan,nan,0.0004997501249375312,2000,nan,nan,nan,nan,0.0004997501249375312,0.002577247589158399
morph_nu_sp_plus,prophetisches Stück,28,2381,0.011623080116230802,0.009302277973293957,0.0040180373480329604,0.018585070946901386,0.3986545269094618,0.29423544607387714,0.6578754753745919,0.967598819733471,0.9470264867566217,1.0,2000,0.9975015437452767,1.0,0.9930034982508745,1.0,1.0,1.0
morph_nu_sp_plus_psalm,Danklied Israels,6,1206,0.0049504950495049506,0.004601543890926149,0.0017732762720658534,0.008818122897014188,0.4031232725262576,0.1352070999079239,0.6479829696743653,0.7939847615827595,0.7851074462768616,1.0,2000,0.9622723208019656,1.0,0.9855019298861208,1.0,1.0,1.0
morph_nu_sp_plus_psalm,Danklied des Einzelnen,276,6760,0.03922683342808414,0.04729311522207762,0.030007937216715744,0.06371902071808332,0.5652433860732355,0.49988822962439083,0.6420886896130374,0.00011652302587871604,0.05697151424287856,0.9455272363818091,2000,0.0005651366755117728,0.0029144507661499255,0.2200053819244224,1.0,1.0,1.0
morph_nu_sp_plus_psalm,Fluch,1,608,0.0016420361247947454,0.002136752136752137,nan,nan,0.2689144736842105,nan,nan,0.7888339270067355,0.8021042084168337,1.0,2000,0.9192378014665723,1.0,0.9639278557114228,1.0,1.0,1.0
morph_nu_sp_plus_psalm,Hymnus,2850,17485,0.140152446520777,0.17497949617164607,0.10434492495803087,0.277632589852764,0.5328776946656031,0.4841493597745922,0.6103381824351115,8.598928458665707e-09,0.07596201899050475,0.9965017491254373,2000,8.340960604905736e-08,4.301493794112724e-07,0.6625020822921872,1.0,1.0,1.0
morph_nu_sp_plus_psalm,Klagelied des Einzelnen,4095,19594,0.17286504284689097,0.2363906347421235,0.16367656768878064,0.294483040384136,0.6164820583111896,0.5698478413626878,0.6837318926857323,3.017958702582904e-122,0.0004997501249375312,0.7706146926536732,2000,3.252688823894908e-121,1.6774351843760905e-120,0.00098930126773348,0.0051018982887421375,1.0,1.0
morph_nu_sp_plus_psalm,Klagelied des Volkes,406,8034,0.0481042654028436,0.040062232933805716,0.015009772785259804,0.06592624500735185,0.42808887351907104,0.33898748319072913,0.48715832401508186,0.9999995131817475,0.9900049975012494,1.0,2000,0.9999998289335992,1.0,0.9900049975012494,1.0,1.0,1.0
morph_nu_sp_plus_psalm,Königspsalm,45,2964,0.014955134596211365,0.018272089651706527,0.0017526851502817583,0.042164708300431696,0.5192232718548508,0.27650076070129587,0.667778165668966,0.32880929327248076,0.35932033983008493,1.0,2000,0.3986812680928829,1.0,0.43567591204397793,1.0,1.0,1.0
morph_nu_sp_plus_psalm,Liturgie,153,5161,0.028791870530673693,0.02338461094894284,0.009082095786063695,0.038367702126436226,0.41654287498116216,0.3299056343310615,0.4903393947987688,0.999787360183276,0.9850074962518741,1.0,2000,0.9999999962821108,1.0,0.9995002498750625,1.0,1.0,1.0
morph_nu_sp_plus_psalm,Mischgedicht,45,2879,0.015389876880984952,0.01731443189776226,0.006671202547494806,0.03165173906258902,0.5385589132028868,0.35948822541671105,0.6503184244638525,0.1870334567355414,0.25487256371814093,0.9920039980009995,2000,0.24852390826503445,1.0,0.3386662832967078,1.0,1.0,1.0
morph_nu_sp_plus_psalm,Thronbesteigungslied,21,2097,0.009915014164305949,0.12806253003865417,0.005457000236445778,0.604413311452807,0.6487044984899062,0.2613791962651255,0.963950223688724,0.009431440995322973,0.041979010494752625,0.6506746626686657,2000,0.014755641557198844,0.0760959122011822,0.06130758150336596,0.31616763806999065,0.8995628767894535,1.0
morph_nu_sp_plus_psalm,Wallfahrtslied,0,305,0.0,nan,nan,nan,nan,nan,nan,nan,nan,0.0004997501249375312,2000,nan,nan,nan,nan,0.0004997501249375312,0.002577247589158399
morph_nu_sp_plus_psalm,Weisheitsgedicht,55,3254,0.01662133575098217,0.015014163604797421,0.00439757697940836,0.031011521173411966,0.4458289098731631,0.3060564667416587,0.5570074947124544,0.9161988861285055,0.8245877061469266,1.0,2000,0.9826357750583733,1.0,0.8987079493960884,1.0,1.0,1.0
morph_nu_sp_plus_psalm,Zionslied,15,1805,0.008241758241758242,0.02044801370362787,0.003492713485627301,0.13537366932484088,0.6051892890120036,0.14295956164329512,0.9003886739930931,0.08002990782689223,0.11944027986006997,0.8140929535232384,2000,0.09141407086728133,0.4714289842094696,0.1363024370167857,0.7029215395230491,0.9290237234324015,1.0
morph_nu_sp_plus_psalm,prophetische Gerichtsrede,1,605,0.0016501650165016502,0.0022172949002217295,nan,nan,0.2578512396694215,nan,nan,0.7997341928780035,0.8071142284569138,1.0,2000,0.8670792166314357,1.0,0.8533249294287499,1.0,1.0,1.0
morph_nu_sp_plus_psalm,"prophetische Schelt-, Droh- und Mahnrede",21,2088,0.00995732574679943,0.024134691059868645,0.0023249676179907764,0.15785718082858702,0.37032475825579275,0.04609386969284324,0.5095129862825186,0.9797212535641047,0.9790104947526237,1.0,2000,0.9904531834126397,1.0,0.9917333000166584,1.0,1.0,1.0
morph_nu_sp_plus_psalm,prophetische Tora,0,304,0.0,nan,nan,nan,nan,nan,nan,nan,nan,0.0004997501249375312,2000,nan,nan,nan,nan,0.0004997501249375312,0.002577247589158399
morph_nu_sp_plus_psalm,prophetisches Stück,28,2381,0.011623080116230802,0.014629941439409289,0.004247659751588126,0.13164449680490117,0.4240490190196196,0.24208206904858282,0.7617093766943268,0.9168174241945379,0.8700649675162418,1.0,2000,0.9975015437452767,1.0,0.9930034982508745,1.0,1.0,1.0
morph_prs_gn_1_2_3gram,Danklied Israels,6,1206,0.0049504950495049506,0.009003156072404477,0.002756428368999616,0.037092462055343695,0.5736594803758983,0.2573417078231541,0.9679517636988156,0.26676353290305505,0.2478760619690155,0.9105447276361819,2000,0.9622723208019656,1.0,0.9844308614923308,1.0,1.0,1.0
morph_prs_gn_1_2_3gram,Danklied des Einzelnen,276,6760,0.03922683342808414,0.04144399240738929,0.023623747995048728,0.07122902812700138,0.489657833804991,0.404114814043422,0.6297389313934448,0.7201794194677226,0.5862068965517241,1.0,2000,0.8732175461046136,1.0,0.7107758620689654,1.0,1.0,1.0
morph_prs_gn_1_2_3gram,Fluch,1,608,0.0016420361247947454,0.002570694087403599,nan,nan,0.3626644736842105,nan,nan,0.6836067151422387,0.685871743486974,1.0,2000,0.9192378014665723,1.0,0.9639278557114228,1.0,1.0,1.0
morph_prs_gn_1_2_3gram,Hymnus,2850,17485,0.140152446520777,0.13947049883999907,0.10222932857183493,0.17514126586657036,0.471559993779129,0.42591034151212787,0.6042287668541134,0.9999994611420925,0.894552723638181,1.0,2000,1.0,1.0,1.0,1.0,1.0,1.0
morph_prs_gn_1_2_3gram,Klagelied des Einzelnen,4095,19594,0.17286504284689097,0.18173220732351797,0.12163260810370007,0.2347161510565802,0.5135365252850197,0.46756589693670364,0.6301006391529985,0.0031763314843448894,0.271864067966017,1.0,2000,0.003541427057258095,0.018263395825342997,0.2996683476443596,1.0,1.0,1.0
morph_prs_gn_1_2_3gram,Klagelied des Volkes,406,8034,0.0481042654028436,0.05737139976664662,0.03441547417269481,0.08880223599473074,0.5514571077845266,0.4417143271420057,0.7442168227255104,0.00022914471062436336,0.08695652173913043,0.9760119940029985,2000,0.0007409012310187749,0.0038208813088067032,0.2609136608166505,1.0,1.0,1.0
morph_prs_gn_1_2_3gram,Königspsalm,45,2964,0.014955134596211365,0.02233122248732329,0.008878333698881281,0.051768631162937076,0.638663967611336,0.4777114255288108,0.8408528559994242,0.0006932267148993037,0.02348825587206397,0.6776611694152923,2000,0.0016810747836308113,0.00866942441254828,0.054246686180719164,0.27975408949936054,1.0,1.0
morph_prs_gn_1_2_3gram,Liturgie,153,5161,0.028791870530673693,0.042015775610153135,0.025173946622172136,0.06854045138957052,0.6454986050481679,0.5339891316145572,0.8471038963461894,4.038752990794233e-10,0.0014992503748125937,0.6521739130434783,2000,2.161379447152414e-09,1.1146390348829573e-08,0.007271364317841079,0.037498952422254705,1.0,1.0
morph_prs_gn_1_2_3gram,Mischgedicht,45,2879,0.015389876880984952,0.02910487950193714,0.012274508344812366,0.08003470340917827,0.6616301956697928,0.5652424642574533,0.8291301046670586,9.719153814949071e-05,0.005997001499250375,0.5977011494252874,2000,0.00042852632729548177,0.00220994130627028,0.03231717474596035,0.1666620107655765,1.0,1.0
morph_prs_gn_1_2_3gram,Thronbesteigungslied,21,2097,0.009915014164305949,0.045349495952875345,0.013977166796136038,0.15403961414383938,0.8552353702568295,0.6628227506531211,0.9369402849695865,1.0136347701414478e-08,0.0004997501249375312,0.2048975512243878,2000,1.9664514540744084e-07,1.0141132570689808e-06,0.0023083696247114534,0.01190442934039832,0.8995628767894535,1.0
morph_prs_gn_1_2_3gram,Wallfahrtslied,0,305,0.0,nan,nan,nan,nan,nan,nan,nan,nan,0.0004997501249375312,2000,nan,nan,nan,nan,0.0004997501249375312,0.002577247589158399
morph_prs_gn_1_2_3gram,Weisheitsgedicht,55,3254,0.01662133575098217,0.03583414373738858,0.014055702664071667,0.08400406775861716,0.7407610214002347,0.6248921883837811,0.8968684009501083,4.321463659064668e-10,0.0009995002498750624,0.4102948525737131,2000,1.047954937323182e-08,5.404379510861387e-08,0.007457809556760082,0.038460464022825346,1.0,1.0
morph_prs_gn_1_2_3gram,Zionslied,15,1805,0.008241758241758242,0.014392552005559441,0.00602460303240112,0.03347659648928688,0.7055032317636196,0.5583531398538882,0.9299455130356926,0.0030280380705252057,0.019490254872563718,0.4827586206896552,2000,0.004589370200639765,0.02366771451399382,0.029539917541229383,0.15233949421540974,0.7195188120225602,1.0
morph_prs_gn_1_2_3gram,prophetische Gerichtsrede,1,605,0.0016501650165016502,0.002890173410404624,nan,nan,0.43140495867768597,nan,nan,0.5948685405973504,0.5671342685370742,1.0,2000,0.7993302292188865,1.0,0.7519430753398689,1.0,1.0,1.0
morph_prs_gn_1_2_3gram,"prophetische Schelt-, Droh- und Mahnrede",21,2088,0.00995732574679943,0.018625612269490624,0.003846664624978089,0.17717811842176306,0.4585385878489327,0.3070289488003778,0.9625305198047678,0.7437401773171045,0.6776611694152923,1.0,2000,0.9904531834126397,1.0,0.9838981608097049,1.0,1.0,1.0
morph_prs_gn_1_2_3gram,prophetische Tora,0,304,0.0,nan,nan,nan,nan,nan,nan,nan,nan,0.0004997501249375312,2000,nan,nan,nan,nan,0.0004997501249375312,0.002577247589158399
morph_prs_gn_1_2_3gram,prophetisches Stück,28,2381,0.011623080116230802,0.010678268020597643,0.004723451475283179,0.02091790804604813,0.4572058558828823,0.3428402983490736,0.8307814602549879,0.7822552490379227,0.7091454272863568,1.0,2000,0.9975015437452767,1.0,0.9930034982508745,1.0,1.0,1.0
morph_prs_gn_1_2_3gram_psalm,Danklied Israels,6,1206,0.0049504950495049506,0.008787176830153013,0.0027520078640389917,0.024911077228139462,0.6028192371475953,0.12325199126508868,0.9039050749946281,0.1923108687043481,0.20189905047476261,0.8015992003998001,2000,0.9622723208019656,1.0,0.9844308614923308,1.0,1.0,1.0
morph_prs_gn_1_2_3gram_psalm,Danklied des Einzelnen,276,6760,0.03922683342808414,0.04627123859570484,0.0267874639841408,0.0627201992663164,0.5438413836720692,0.38368018457287617,0.6085166208653527,0.006700184577694065,0.06346826586706647,0.9610194902548725,2000,0.017565348757738495,0.09058577572995465,0.22160348397229956,1.0,1.0,1.0
morph_prs_gn_1_2_3gram_psalm,Fluch,1,608,0.0016420361247947454,0.0018181818181818182,nan,nan,0.1299342105263158,nan,nan,0.9002679452387454,0.9188376753507014,1.0,2000,0.9192378014665723,1.0,0.9639278557114228,1.0,1.0,1.0
morph_prs_gn_1_2_3gram_psalm,Hymnus,2850,17485,0.140152446520777,0.17413763495989137,0.1284757171246581,0.27324867598466607,0.5085002583668207,0.4839884384728617,0.547526182086408,0.07246899569648815,0.23438280859570215,1.0,2000,0.281179703302374,1.0,0.9094052973513244,1.0,1.0,1.0
morph_prs_gn_1_2_3gram_psalm,Klagelied des Einzelnen,4095,19594,0.17286504284689097,0.20641974160861098,0.14445562801787304,0.26617943945288103,0.5658252638450658,0.5041839549689842,0.6126911300159219,1.71361881035321e-40,0.0004997501249375312,0.904047976011994,2000,3.1362457472502145e-40,1.6173846464008904e-39,0.00098930126773348,0.0051018982887421375,1.0,1.0
morph_prs_gn_1_2_3gram_psalm,Klagelied des Volkes,406,8034,0.0481042654028436,0.06615706839468226,0.04450915439301595,0.09311789192217391,0.6331735444557675,0.5179887794418084,0.820117323514174,6.02717431754553e-20,0.0009995002498750624,0.7151424287856072,2000,4.871965906682637e-19,2.512508103730694e-18,0.006463434949192071,0.033332402153115295,1.0,1.0
morph_prs_gn_1_2_3gram_psalm,Königspsalm,45,2964,0.014955134596211365,0.01738639034371331,0.0075376662840323,0.03743692591898334,0.5566876593192382,0.4208437801637183,0.7976766206836146,0.09558465262267918,0.12193903048475763,0.9320339830084957,2000,0.13082767402840478,0.6746877902772993,0.17394244054443367,0.8970337638264851,1.0,1.0
morph_prs_gn_1_2_3gram_psalm,Liturgie,153,5161,0.028791870530673693,0.040396850676045426,0.024369917724461555,0.06364027231136297,0.6111560687053352,0.4943271649839382,0.8316009795531449,1.343750176008303e-06,0.00849575212393803,0.7766116941529235,2000,2.8335601537566393e-06,1.4612874936084207e-05,0.018729271727772476,0.09658821078459545,1.0,1.0
morph_prs_gn_1_2_3gram_psalm,Mischgedicht,45,2879,0.015389876880984952,0.023610711683151958,0.01074922655014986,0.0528385848814549,0.5903477287638454,0.49618757446220263,0.853359573212618,0.018632255103291796,0.054972513743128434,0.8370814592703648,2000,0.0341005423588548,0.17585896670728815,0.10664667666166916,0.5499846355264023,1.0,1.0
morph_prs_gn_1_2_3gram_psalm,Thronbesteigungslied,21,2097,0.009915014164305949,0.09073089228561675,0.007957774078596864,0.5170818003565966,0.8220587233462769,0.6029728504922267,0.9820778653744873,1.8297697658896962e-07,0.0014992503748125937,0.3258370814592704,2000,6.338845260403591e-07,3.268988410451202e-06,0.004277273128141811,0.02205820730720865,0.8995628767894535,1.0
morph_prs_gn_1_2_3gram_psalm,Wallfahrtslied,0,305,0.0,nan,nan,nan,nan,nan,nan,nan,nan,0.0004997501249375312,2000,nan,nan,nan,nan,0.0004997501249375312,0.002577247589158399
morph_prs_gn_1_2_3gram_psalm,Weisheitsgedicht,55,3254,0.01662133575098217,0.027180926306763158,0.011279921580378518,0.06051248672706701,0.6777169357992959,0.5232187460807507,0.8770450144874317,2.9938840460789784e-06,0.004997501249375313,0.5957021489255372,2000,1.0014025947229685e-05,5.1643057084764995e-05,0.015148675662168916,0.07812281754636398,1.0,1.0
morph_prs_gn_1_2_3gram_psalm,Zionslied,15,1805,0.008241758241758242,0.020113823936920423,0.007195293474906789,0.05567357717128427,0.7766759002770083,0.633158772651471,0.9553232682491185,0.00010971258644423143,0.00399800099950025,0.39430284857571213,2000,0.00040931234173424805,0.0021108533911406865,0.015512243878060968,0.07999776516747671,0.7195188120225602,1.0
morph_prs_gn_1_2_3gram_psalm,prophetische Gerichtsrede,1,605,0.0016501650165016502,0.0023094688221709007,nan,nan,0.28760330578512394,nan,nan,0.7696328806759201,0.6928857715430862,1.0,2000,0.8670792166314357,1.0,0.8001180933295161,1.0,1.0,1.0
morph_prs_gn_1_2_3gram_psalm,"prophetische Schelt-, Droh- und Mahnrede",21,2088,0.00995732574679943,0.04532421436529411,0.0033249264324693825,0.14865809789507192,0.5859788359788359,0.41653037583603836,0.9797719736943635,0.08729649149474877,0.12343828085957022,0.8500749625187406,2000,0.6048399767850451,1.0,0.8552509459555937,1.0,1.0,1.0
morph_prs_gn_1_2_3gram_psalm,prophetische Tora,0,304,0.0,nan,nan,nan,nan,nan,nan,nan,nan,0.0004997501249375312,2000,nan,nan,nan,nan,0.0004997501249375312,0.002577247589158399
morph_prs_gn_1_2_3gram_psalm,prophetisches Stück,28,2381,0.011623080116230802,0.025231341729672185,0.005934198724233331,0.17120031899542085,0.5668536629267414,0.41609853813784164,0.9709704958739848,0.11162338061807348,0.13093453273363317,0.8990504747626187,2000,0.6369098776443016,1.0,0.7470970397154364,1.0,1.0,1.0
morph_prs_gn_1_2gram,Danklied Israels,6,1206,0.0049504950495049506,0.012349692247121864,0.002736273104681748,0.04169239036556364,0.5872028745163074,0.22740808864813974,0.9560355022968249,0.23049476263287438,0.21239380309845077,0.8710644677661169,2000,0.9622723208019656,1.0,0.9844308614923308,1.0,1.0,1.0
morph_prs_gn_1_2gram,Danklied des Einzelnen,276,6760,0.03922683342808414,0.04416577794499971,0.024898952263206736,0.0776289282874409,0.5157903481691107,0.42541656280356444,0.6551425249398373,0.18655738026337854,0.3268365817091454,1.0,2000,0.3290193797372312,1.0,0.5561955864173176,1.0,1.0,1.0
morph_prs_gn_1_2gram,Fluch,1,608,0.0016420361247947454,0.0024509803921568627,nan,nan,0.3314144736842105,nan,nan,0.7210233088305402,0.719939879759519,1.0,2000,0.9192378014665723,1.0,0.9639278557114228,1.0,1.0,1.0
morph_prs_gn_1_2gram,Hymnus,2850,17485,0.140152446520777,0.14743102821144755,0.10572542873673618,0.18431294209117377,0.48921111328507144,0.43954954367306187,0.6181464904496982,0.9678488776356078,0.6696651674162919,1.0,2000,1.0,1.0,1.0,1.0,1.0,1.0
morph_prs_gn_1_2gram,Klagelied des Einzelnen,4095,19594,0.17286504284689097,0.19029907782133693,0.129402284906954,0.2438156276629641,0.5263410729880057,0.4755702358570401,0.6536197756536989,5.468245740953493e-08,0.11694152923538231,0.9985007496251874,2000,6.888569310032323e-08,3.552485084270971e-07,0.1473159524134037,0.7597190360872382,1.0,1.0
morph_prs_gn_1_2gram,Klagelied des Volkes,406,8034,0.0481042654028436,0.05602713151193018,0.033725217178221197,0.08334813620624917,0.5467382466880291,0.4503366248798715,0.7133094350847079,0.0007295824056454819,0.09745127436281859,0.9805097451274363,2000,0.0021445301014427804,0.011059497052675867,0.27007924609124007,1.0,1.0,1.0
morph_prs_gn_1_2gram,Königspsalm,45,2964,0.014955134596211365,0.02124199372413409,0.008219410262041238,0.05200075051052889,0.6124381466486729,0.45039366472472636,0.8407774953212354,0.004761315550056472,0.04447776111944028,0.7781109445277361,2000,0.009236952167109555,0.04763563132041296,0.08140269487897561,0.41979959315480114,1.0,1.0
morph_prs_gn_1_2gram,Liturgie,153,5161,0.028791870530673693,0.041950209679139025,0.023763849010700215,0.06749129560043117,0.6453213074934812,0.5414406969985733,0.8225690482474113,4.2336298449377176e-10,0.0014992503748125937,0.6656671664167916,2000,2.161379447152414e-09,1.1146390348829573e-08,0.007271364317841079,0.037498952422254705,1.0,1.0
morph_prs_gn_1_2gram,Mischgedicht,45,2879,0.015389876880984952,0.038259233260936734,0.012348962435628906,0.15074745529768643,0.6492339160974103,0.5704432525018004,0.8516476296433875,0.00029040906780004937,0.010494752623688156,0.6531734132933533,2000,0.0011267871830641916,0.005810923111644589,0.04241629185407297,0.21874388912981915,1.0,1.0
morph_prs_gn_1_2gram,Thronbesteigungslied,21,2097,0.009915014164305949,0.03795803482757254,0.010676817312416834,0.13954099246318405,0.8298022117764607,0.6287020915331654,0.931914583409538,9.543301888376042e-08,0.0004997501249375312,0.2608695652173913,2000,4.4080965865356e-07,2.2732873357152916e-06,0.0023083696247114534,0.01190442934039832,0.8995628767894535,1.0
morph_prs_gn_1_2gram,Wallfahrtslied,0,305,0.0,nan,nan,nan,nan,nan,nan,nan,nan,0.0004997501249375312,2000,nan,nan,nan,nan,0.0004997501249375312,0.002577247589158399
morph_prs_gn_1_2gram,Weisheitsgedicht,55,3254,0.01662133575098217,0.03399781190418501,0.013010229463872437,0.07578512667990449,0.7295692015421579,0.609738787372057,0.8749492906601246,2.4940953896450877e-09,0.0009995002498750624,0.4387806096951524,2000,3.356224194068874e-08,1.7308291246391032e-07,0.007457809556760082,0.038460464022825346,1.0,1.0
morph_prs_gn_1_2gram,Zionslied,15,1805,0.008241758241758242,0.014562280235345653,0.006361232233831274,0.03600651532259687,0.7013296398891967,0.5368122090010795,0.8694431643526842,0.003583518598162762,0.0239880059970015,0.5097451274362819,2000,0.005111783882673352,0.02636183970852523,0.03442481657721864,0.17753127233724453,0.7195188120225602,1.0
morph_prs_gn_1_2gram,prophetische Gerichtsrede,1,605,0.0016501650165016502,0.002688172043010753,nan,nan,0.3884297520661157,nan,nan,0.65125542097464,0.6157314629258517,1.0,2000,0.7996427320827858,1.0,0.760156114698533,1.0,1.0,1.0
morph_prs_gn_1_2gram,"prophetische Schelt-, Droh- und Mahnrede",21,2088,0.00995732574679943,0.018769734453478515,0.003593038968643751,0.13693512605332223,0.4544334975369458,0.2994189858736048,0.9524698657099375,0.7641590182839525,0.7156421789105447,1.0,2000,0.9904531834126397,1.0,0.9838981608097049,1.0,1.0,1.0
morph_prs_gn_1_2gram,prophetische Tora,0,304,0.0,nan,nan,nan,nan,nan,nan,nan,nan,0.0004997501249375312,2000,nan,nan,nan,nan,0.0004997501249375312,0.002577247589158399
morph_prs_gn_1_2gram,prophetisches Stück,28,2381,0.011623080116230802,0.010730859054140441,0.004581309787534699,0.02068969433467862,0.47049559008819825,0.3548630753083504,0.8755693595263961,0.7046071118062881,0.6296851574212894,1.0,2000,0.9975015437452767,1.0,0.9930034982508745,1.0,1.0,1.0
morph_prs_gn_1_2gram_psalm,Danklied Israels,6,1206,0.0049504950495049506,0.048136023670542503,0.004873232353488108,0.25,0.6245163073521283,0.3079547426633149,0.9936168379479335,0.14617044156891457,0.1724137931034483,0.7351324337831084,2000,0.9622723208019656,1.0,0.9844308614923308,1.0,1.0,1.0
morph_prs_gn_1_2gram_psalm,Danklied des Einzelnen,276,6760,0.03922683342808414,0.046466500007954506,0.026979432474730704,0.06232627616315255,0.5450500064316954,0.3826228757816264,0.6023058134700183,0.005524375548500706,0.0559720139930035,0.9570214892553723,2000,0.015760718476604957,0.08127916666816595,0.2200053819244224,1.0,1.0,1.0
morph_prs_gn_1_2gram_psalm,Fluch,1,608,0.0016420361247947454,0.0017793594306049821,nan,nan,0.11019736842105263,nan,nan,0.9117123868022712,0.9333667334669339,1.0,2000,0.9192378014665723,1.0,0.9639278557114228,1.0,1.0,1.0
morph_prs_gn_1_2gram_psalm,Hymnus,2850,17485,0.140152446520777,0.174861784295616,0.1288277419321278,0.27054792911037356,0.513297121843786,0.4880261464671851,0.5554521742979034,0.011296905650177944,0.1504247876061969,0.999000499750125,2000,0.04565832700280253,0.23546329919915027,0.7586456771614192,1.0,1.0,1.0
morph_prs_gn_1_2gram_psalm,Klagelied des Einzelnen,4095,19594,0.17286504284689097,0.2136858852987601,0.15274865736793214,0.2740798051521039,0.5760960377220457,0.5121186336312326,0.6245500584993462,2.0258756169306273e-53,0.0004997501249375312,0.8800599700149925,2000,4.366887440939352e-53,2.2520354808703362e-52,0.00098930126773348,0.0051018982887421375,1.0,1.0
morph_prs_gn_1_2gram_psalm,Klagelied des Volkes,406,8034,0.0481042654028436,0.06499301804319702,0.04421838809297201,0.09199318397703872,0.6280841828632254,0.511417856757188,0.8111915471480438,1.366111242325804e-18,0.0009995002498750624,0.7301349325337332,2000,1.0193291577354076e-17,5.256754292279215e-17,0.006463434949192071,0.033332402153115295,1.0,1.0
morph_prs_gn_1_2gram_psalm,Königspsalm,45,2964,0.014955134596211365,0.017618569444167828,0.0075816243968854025,0.039498209824609574,0.5480731743889639,0.40588752182922233,0.8031065002722215,0.13382765657946277,0.14642678660669664,0.953023488255872,2000,0.17782579024942313,0.9170604795102364,0.197269420845133,1.0,1.0,1.0
morph_prs_gn_1_2gram_psalm,Liturgie,153,5161,0.028791870530673693,0.04135843012251054,0.02389938070263659,0.0643082552644038,0.6228064176649152,0.5051123481973299,0.8347097187721048,1.0784494027902391e-07,0.004997501249375313,0.7436281859070465,2000,3.076752707960388e-07,1.5867036551553999e-06,0.013850217748268723,0.07142657604238993,1.0,1.0
morph_prs_gn_1_2gram_psalm,Mischgedicht,45,2879,0.015389876880984952,0.027172650861711257,0.011073319546672608,0.06478964190256563,0.598799737563197,0.5067431843553948,0.8757930085653094,0.011371837685944384,0.04597701149425287,0.809095452273863,2000,0.023979744685578376,0.12366528009826114,0.09695152423788106,0.49998603229672944,1.0,1.0
morph_prs_gn_1_2gram_psalm,Thronbesteigungslied,21,2097,0.009915014164305949,0.09767957751200095,0.007906036112430785,0.5088208865531512,0.8325271930422145,0.5865057084381161,0.9789999442236453,7.556134618319428e-08,0.0004997501249375312,0.30434782608695654,2000,4.311441517511674e-07,2.223441616586559e-06,0.0023083696247114534,0.01190442934039832,0.8995628767894535,1.0
morph_prs_gn_1_2gram_psalm,Wallfahrtslied,0,305,0.0,nan,nan,nan,nan,nan,nan,nan,nan,0.0004997501249375312,2000,nan,nan,nan,nan,0.0004997501249375312,0.002577247589158399
morph_prs_gn_1_2gram_psalm,Weisheitsgedicht,55,3254,0.01662133575098217,0.027952309088297878,0.011097933294115821,0.06668761318084823,0.680773313963234,0.529091467368397,0.8789683901496469,2.065558999253901e-06,0.004997501249375313,0.5802098950524738,2000,7.155686533129585e-06,3.6902393708429174e-05,0.015148675662168916,0.07812281754636398,1.0,1.0
morph_prs_gn_1_2gram_psalm,Zionslied,15,1805,0.008241758241758242,0.019043950419909163,0.00744804647986398,0.05166795591468505,0.7669252077562327,0.5973200353757568,0.9331294585851293,0.00018172966123648575,0.0069965017491254375,0.41829085457271364,2000,0.0006220113720723189,0.0032077576955140867,0.01939030484757621,0.0999972064593459,0.7195188120225602,1.0
morph_prs_gn_1_2gram_psalm,prophetische Gerichtsrede,1,605,0.0016501650165016502,0.0022522522522522522,nan,nan,0.2694214876033058,nan,nan,0.7883003884011335,0.7319639278557114,1.0,2000,0.8670792166314357,1.0,0.815107487702678,1.0,1.0,1.0
morph_prs_gn_1_2gram_psalm,"prophetische Schelt-, Droh- und Mahnrede",21,2088,0.00995732574679943,0.06075423324955198,0.004220893763129717,0.2013815100745373,0.6092182083561394,0.4389213642491263,0.9931068455789871,0.042300923293199566,0.09045477261369315,0.7806096951524237,2000,0.4103189559440358,1.0,0.8079293686490089,1.0,1.0,1.0
morph_prs_gn_1_2gram_psalm,prophetische Tora,0,304,0.0,nan,nan,nan,nan,nan,nan,nan,nan,0.0004997501249375312,2000,nan,nan,nan,nan,0.0004997501249375312,0.002577247589158399
morph_prs_gn_1_2gram_psalm,prophetisches Stück,28,2381,0.011623080116230802,0.02315870814698765,0.006052235269643595,0.11917985170207167,0.5708060838783224,0.4414434793339332,0.977268471985692,0.09853343064258796,0.12493753123438281,0.8925537231384307,2000,0.5973589232706895,1.0,0.7470970397154364,1.0,1.0,1.0
morph_prs_gn_1gram,Danklied Israels,6,1206,0.0049504950495049506,0.011461367621767894,0.0026328639779146304,0.07051840347074105,0.5637092316196793,0.22594245497880394,0.9819451445198144,0.2951351491552623,0.2613693153423288,0.936031984007996,2000,0.9622723208019656,1.0,0.9844308614923308,1.0,1.0,1.0
morph_prs_gn_1gram,Danklied des Einzelnen,276,6760,0.03922683342808414,0.04729994291006675,0.026999333900251197,0.1020977918540214,0.5239344824629105,0.4246980534412138,0.6731008172072799,0.0885029287253159,0.23488255872063968,0.9980009995002499,2000,0.17169568172711283,0.8854470658820188,0.45399415676776994,1.0,1.0,1.0
morph_prs_gn_1gram,Fluch,1,608,0.0016420361247947454,0.0023923444976076554,nan,nan,0.31661184210526316,nan,nan,0.7379631489941598,0.7154308617234469,1.0,2000,0.9192378014665723,1.0,0.9639278557114228,1.0,1.0,1.0
morph_prs_gn_1gram,Hymnus,2850,17485,0.140152446520777,0.1647835434961083,0.12026731597657797,0.21544853979623166,0.5279906385924777,0.48126728087278575,0.6207202228312555,7.940061117077403e-07,0.08195902048975512,0.9950024987506247,2000,6.418216069637567e-06,3.3099205116234405e-05,0.6625020822921872,1.0,1.0,1.0
morph_prs_gn_1gram,Klagelied des Einzelnen,4095,19594,0.17286504284689097,0.2054389753817851,0.13498812639791943,0.26261797395781583,0.5514429861474875,0.496856211048022,0.6617697552683103,1.679076331273604e-25,0.00849575212393803,0.9650174912543729,2000,2.626942002153864e-25,1.354733016376188e-24,0.014208413034861877,0.07327381507796897,1.0,1.0
morph_prs_gn_1gram,Klagelied des Volkes,406,8034,0.0481042654028436,0.05410983247012768,0.03032358041767598,0.08039299298851138,0.5344858244088241,0.45704538942914513,0.6788859353971247,0.009428606282355015,0.14792603698150925,0.9900049975012494,2000,0.02406775814180096,0.12411917186645531,0.3776006733475368,1.0,1.0,1.0
morph_prs_gn_1gram,Königspsalm,45,2964,0.014955134596211365,0.019110890608312763,0.007377978174537343,0.046522545968954145,0.5920227920227921,0.433911213332684,0.8073412605224927,0.0169219239518488,0.06596701649175413,0.8405797101449275,2000,0.02830045902291954,0.1459475168675798,0.10664667666166917,0.5499846355264024,1.0,1.0
morph_prs_gn_1gram,Liturgie,153,5161,0.028791870530673693,0.03927517464308346,0.021564207320891267,0.06403685194672878,0.6306157417433162,0.5420647383625757,0.7905059305976064,1.743956924077611e-08,0.0014992503748125937,0.7031484257871065,2000,6.506300832135703e-08,3.355346461605602e-07,0.007271364317841079,0.037498952422254705,1.0,1.0
morph_prs_gn_1gram,Mischgedicht,45,2879,0.015389876880984952,0.02746986760923164,0.00916905553027889,0.1017025688201897,0.6376326656632318,0.5517715361849872,0.8072057490553376,0.0007544747307638445,0.008995502248875561,0.68015992003998,2000,0.0025045447847730938,0.012916118848999892,0.037937552962649106,0.19564670829002453,1.0,1.0
morph_prs_gn_1gram,Thronbesteigungslied,21,2097,0.009915014164305949,0.03477210954613766,0.010306314009589316,0.12673732675612503,0.8164498035742671,0.5941913012172679,0.9359393274209576,2.909024451111722e-07,0.0014992503748125937,0.3058470764617691,2000,9.102431347027001e-07,4.694189770845496e-06,0.004277273128141811,0.02205820730720865,0.8995628767894535,1.0
morph_prs_gn_1gram,Wallfahrtslied,0,305,0.0,nan,nan,nan,nan,nan,nan,nan,nan,0.0004997501249375312,2000,nan,nan,nan,nan,0.0004997501249375312,0.002577247589158399
morph_prs_gn_1gram,Weisheitsgedicht,55,3254,0.01662133575098217,0.028749027112648786,0.01168323093169171,0.06522435154829287,0.6969268592501536,0.5886752463079223,0.8446541428081963,2.6366413795792633e-07,0.0024987506246876563,0.5337331334332833,2000,1.1625191537235843e-06,5.995195472255425e-06,0.012756779504984352,0.06578763582851703,1.0,1.0
morph_prs_gn_1gram,Zionslied,15,1805,0.008241758241758242,0.015153368723527481,0.006442687314806138,0.045804326759686084,0.71466297322253,0.5369057880791529,0.8966851507250972,0.002071392832818449,0.01699150424787606,0.495752123938031,2000,0.0032407274965062832,0.016712666412107797,0.027935184949897933,0.14406377201770168,0.7195188120225602,1.0
morph_prs_gn_1gram,prophetische Gerichtsrede,1,605,0.0016501650165016502,0.002717391304347826,nan,nan,0.3950413223140496,nan,nan,0.6427603905059087,0.5891783567134269,1.0,2000,0.7993302292188865,1.0,0.7519776394895055,1.0,1.0,1.0
morph_prs_gn_1gram,"prophetische Schelt-, Droh- und Mahnrede",21,2088,0.00995732574679943,0.012377606652817676,0.0033126038872479126,0.04026891019239302,0.43472906403940886,0.2980223526410779,0.9465091300126928,0.8487081167499437,0.8140929535232384,1.0,2000,0.9904531834126397,1.0,0.9838981608097049,1.0,1.0,1.0
morph_prs_gn_1gram,prophetische Tora,0,304,0.0,nan,nan,nan,nan,nan,nan,nan,nan,0.0004997501249375312,2000,nan,nan,nan,nan,0.0004997501249375312,0.002577247589158399
morph_prs_gn_1gram,prophetisches Stück,28,2381,0.011623080116230802,0.010187040393409699,0.004114740739144419,0.01957266412950184,0.4493760124797504,0.3502402089968834,0.8739687185578768,0.8218634256647611,0.7611194402798601,1.0,2000,0.9975015437452767,1.0,0.9930034982508745,1.0,1.0,1.0
morph_prs_gn_1gram_psalm,Danklied Israels,6,1206,0.0049504950495049506,0.01148358280115547,0.003219996723612187,0.06666666666666667,0.5760088446655611,0.22612755051915662,0.9645232449049889,0.2602455915757344,0.24287856071964017,0.8750624687656172,2000,0.9622723208019656,1.0,0.9844308614923308,1.0,1.0,1.0
morph_prs_gn_1gram_psalm,Danklied des Einzelnen,276,6760,0.03922683342808414,0.04686770059416049,0.028152930474394672,0.06586556967301509,0.5592584255209673,0.4795484812188755,0.6222110304765444,0.00041486827015641486,0.02448775612193903,0.9245377311344328,2000,0.0017496618350074887,0.009023132803977138,0.14827880177558278,0.7646845199832332,1.0,1.0
morph_prs_gn_1gram_psalm,Fluch,1,608,0.0016420361247947454,0.0017421602787456446,nan,nan,0.0962171052631579,nan,nan,0.9192378014665723,0.9413827655310621,1.0,2000,0.9192378014665723,1.0,0.9639278557114228,1.0,1.0,1.0
morph_prs_gn_1gram_psalm,Hymnus,2850,17485,0.140152446520777,0.17330639267117137,0.13128714264514646,0.2486289017001498,0.527804734885541,0.49578155634889465,0.5656925674134249,9.29728858779724e-07,0.03398300849575212,0.9880059970014993,2000,6.441692807259517e-06,3.322027635247479e-05,0.4709074034411366,1.0,1.0,1.0
morph_prs_gn_1gram_psalm,Klagelied des Einzelnen,4095,19594,0.17286504284689097,0.224788082319908,0.159109289914464,0.28731874993498563,0.5915692339597617,0.5263887546714723,0.6468972093439771,2.132592717500484e-76,0.0004997501249375312,0.8255872063968016,2000,5.910328388501342e-76,3.0479991560389455e-75,0.00098930126773348,0.0051018982887421375,1.0,1.0
morph_prs_gn_1gram_psalm,Klagelied des Volkes,406,8034,0.0481042654028436,0.06360731693939217,0.0426456733647423,0.08875967049533502,0.6200801764912913,0.513841265013176,0.7898654152982301,1.4548684530160756e-16,0.0009995002498750624,0.7421289355322339,2000,9.408149329503955e-16,4.851850748599047e-15,0.006463434949192071,0.033332402153115295,1.0,1.0
morph_prs_gn_1gram_psalm,Königspsalm,45,2964,0.014955134596211365,0.01721794224492848,0.006712978281502674,0.0403959823695546,0.5292210226420753,0.39519745610450085,0.7811554425622549,0.2502338946110479,0.23238380809595202,0.9875062468765617,2000,0.311188304836816,1.0,0.2965951234908861,1.0,1.0,1.0
morph_prs_gn_1gram_psalm,Liturgie,153,5161,0.028791870530673693,0.03948367555077733,0.022421145416781453,0.05890099352639503,0.6152193487354252,0.5089618311706849,0.8266566465249623,5.724553393527201e-07,0.004997501249375313,0.7536231884057971,2000,1.2913527422607872e-06,6.659599619231148e-06,0.013850217748268723,0.07142657604238993,1.0,1.0
morph_prs_gn_1gram_psalm,Mischgedicht,45,2879,0.015389876880984952,0.031051536678236687,0.012282976270277999,0.12303333330351186,0.6099880359692794,0.5036355417045767,0.8033079208425755,0.005611532614679825,0.031984007996002,0.767616191904048,2000,0.012370878718725978,0.06379751752456855,0.08158116063919259,0.42071995400578455,1.0,1.0
morph_prs_gn_1gram_psalm,Thronbesteigungslied,21,2097,0.009915014164305949,0.15008196063294565,0.0053642178800141285,0.4139763864457784,0.8261689034221223,0.5697340303991671,0.9854939065662932,1.296515158104075e-07,0.0009995002498750624,0.328335832083958,2000,5.240082097337303e-07,2.702348289366166e-06,0.0031274685238026146,0.016128581686991272,0.8995628767894535,1.0
morph_prs_gn_1gram_psalm,Wallfahrtslied,0,305,0.0,nan,nan,nan,nan,nan,nan,nan,nan,0.0004997501249375312,2000,nan,nan,nan,nan,0.0004997501249375312,0.002577247589158399
morph_prs_gn_1gram_psalm,Weisheitsgedicht,55,3254,0.01662133575098217,0.027676896144764276,0.010632153474975942,0.06205758694279483,0.6721238196345757,0.5397737011291813,0.8752047698999936,5.815878564570111e-06,0.004997501249375313,0.6081959020489756,2000,1.7629381898853148e-05,9.091599927634118e-05,0.015148675662168916,0.07812281754636398,1.0,1.0
morph_prs_gn_1gram_psalm,Zionslied,15,1805,0.008241758241758242,0.019720755127265465,0.007098199361832488,0.07069997524750095,0.7731301939058172,0.5777322404928779,0.9436603013840423,0.0001320177115049906,0.004997501249375313,0.4192903548225887,2000,0.0004742858524438551,0.0024459264916355064,0.017312772185335903,0.0892832200529874,0.7195188120225602,1.0
morph_prs_gn_1gram_psalm,prophetische Gerichtsrede,1,605,0.0016501650165016502,0.0022935779816513763,nan,nan,0.28264462809917357,nan,nan,0.7748560729755404,0.7069138276553106,1.0,2000,0.8670792166314357,1.0,0.8067134268537074,1.0,1.0,1.0
morph_prs_gn_1gram_psalm,"prophetische Schelt-, Droh- und Mahnrede",21,2088,0.00995732574679943,0.05121764942396638,0.004811500682650771,0.17606409803133835,0.6193326947637292,0.4509696593145539,0.99046283645933,0.029759208698725417,0.07396301849075462,0.7436281859070465,2000,0.32073813819737396,1.0,0.7971569770670222,1.0,1.0,1.0
morph_prs_gn_1gram_psalm,prophetische Tora,0,304,0.0,nan,nan,nan,nan,nan,nan,nan,nan,0.0004997501249375312,2000,nan,nan,nan,nan,0.0004997501249375312,0.002577247589158399
morph_prs_gn_1gram_psalm,prophetisches Stück,28,2381,0.011623080116230802,0.026680256673880676,0.007272482894115604,0.15234136094301076,0.5586938261234775,0.42811920095996403,0.9235158102834553,0.14247169311426222,0.16241879060469766,0.9245377311344328,2000,0.6909877116041717,1.0,0.7925787106446776,1.0,1.0,1.0
morph_prs_gn_sp_plus,Danklied Israels,6,1206,0.0049504950495049506,0.013068552078619192,0.00285832871514266,0.11041506967614201,0.4937810945273632,0.14458029777431694,0.9803595373387789,0.5212142487092153,0.4642678660669665,1.0,2000,0.9622723208019656,1.0,0.9855019298861208,1.0,1.0,1.0
morph_prs_gn_sp_plus,Danklied des Einzelnen,276,6760,0.03922683342808414,0.040939694715284,0.024817447823213292,0.07107641726873078,0.49438352199639823,0.3979839240400455,0.6442697650974917,0.6243090574446906,0.5502248875562219,1.0,2000,0.8352058589890635,1.0,0.7084919078922077,1.0,1.0,1.0
morph_prs_gn_sp_plus,Fluch,1,608,0.0016420361247947454,0.002336448598130841,nan,nan,0.29769736842105265,nan,nan,0.7588137144339053,0.7780561122244489,1.0,2000,0.9192378014665723,1.0,0.9639278557114228,1.0,1.0,1.0
morph_prs_gn_sp_plus,Hymnus,2850,17485,0.140152446520777,0.14723361665846954,0.10317781105225336,0.1829547141733065,0.48844772210767123,0.44206265499759423,0.6077566767684286,0.9762035023199755,0.6756621689155422,1.0,2000,1.0,1.0,1.0,1.0,1.0,1.0
morph_prs_gn_sp_plus,Klagelied des Einzelnen,4095,19594,0.17286504284689097,0.223895519841531,0.15005421929221188,0.295163245942271,0.5571434927564355,0.49993546891565216,0.6350034317858161,5.213102467132887e-31,0.005497251374312844,0.9640179910044977,2000,9.09706670554403e-31,4.6914231863788254e-30,0.009354971636988523,0.04824426627424582,1.0,1.0
morph_prs_gn_sp_plus,Klagelied des Volkes,406,8034,0.0481042654028436,0.049346238689911,0.030006642780277856,0.06959320287552218,0.5299880066368181,0.4201573975409338,0.7120607688005447,0.02057291009553403,0.20339830084957522,0.9980009995002499,2000,0.04867249461626343,0.2510075798855883,0.4588287251722976,1.0,1.0,1.0
morph_prs_gn_sp_plus,Königspsalm,45,2964,0.014955134596211365,0.021627918699383693,0.008352686644318569,0.04472142207018823,0.6494826810616284,0.4983640007527474,0.8217079106020441,0.00028349549524415773,0.017991004497751123,0.6531734132933533,2000,0.0007432179199644135,0.003832828641487657,0.04362818590704647,0.22499371453352823,1.0,1.0
morph_prs_gn_sp_plus,Liturgie,153,5161,0.028791870530673693,0.044835826710511846,0.024795515821071867,0.07433643858676806,0.6796321835586911,0.5794923987663672,0.8572491411811695,1.6672181802024648e-14,0.0004997501249375312,0.5592203898050975,2000,3.234403269592781e-13,1.6680051915877003e-12,0.006059470264867566,0.03124912701854559,1.0,1.0
morph_prs_gn_sp_plus,Mischgedicht,45,2879,0.015389876880984952,0.03151458845920986,0.013002871537708733,0.10671714937066067,0.7040523329859905,0.5796610744466032,0.8300843409045771,1.2741565246838826e-06,0.0024987506246876563,0.48075962018990503,2000,1.1235743899485147e-05,5.794354504857592e-05,0.020198234216225224,0.10416375672848531,1.0,1.0
morph_prs_gn_sp_plus,Thronbesteigungslied,21,2097,0.009915014164305949,0.043951756977770935,0.011856789896168483,0.11752142736203336,0.8616844925857802,0.7058239281359683,0.9457092425847116,5.599188242394568e-09,0.0004997501249375312,0.19290354822588707,2000,1.810404198374244e-07,9.33638557118019e-07,0.0023083696247114534,0.01190442934039832,0.8995628767894535,1.0
morph_prs_gn_sp_plus,Wallfahrtslied,0,305,0.0,nan,nan,nan,nan,nan,nan,nan,nan,0.0004997501249375312,2000,nan,nan,nan,nan,0.0004997501249375312,0.002577247589158399
morph_prs_gn_sp_plus,Weisheitsgedicht,55,3254,0.01662133575098217,0.03062779938702772,0.013285441313669558,0.0653234685049933,0.7020338604235347,0.5856572765457073,0.8834106315345711,1.3292267378758366e-07,0.0029985007496251873,0.4847576211894053,2000,7.16305519855312e-07,3.694039444970061e-06,0.014138763951357656,0.07291462970993971,1.0,1.0
morph_prs_gn_sp_plus,Zionslied,15,1805,0.008241758241758242,0.033079533371551874,0.007626870446972877,0.12744151423451505,0.7369344413665744,0.553205159450602,0.9734253058216729,0.0007765701125743121,0.011494252873563218,0.4017991004497751,2000,0.0015693187691605893,0.00809309055189475,0.023227969348659006,0.1197883202377581,0.7195188120225602,1.0
morph_prs_gn_sp_plus,prophetische Gerichtsrede,1,605,0.0016501650165016502,0.003401360544217687,nan,nan,0.5173553719008265,nan,nan,0.47720747112288386,0.44939879759519036,0.9995002498750625,2000,0.7993302292188865,1.0,0.735296680317156,1.0,1.0,1.0
morph_prs_gn_sp_plus,"prophetische Schelt-, Droh- und Mahnrede",21,2088,0.00995732574679943,0.015618476994211624,0.004024176003945365,0.20342757134623576,0.4493021346469622,0.3306407997204351,0.9988352460770284,0.7883696596411974,0.7341329335332334,1.0,2000,0.9904531834126397,1.0,0.9838981608097049,1.0,1.0,1.0
morph_prs_gn_sp_plus,prophetische Tora,0,304,0.0,nan,nan,nan,nan,nan,nan,nan,nan,0.0004997501249375312,2000,nan,nan,nan,nan,0.0004997501249375312,0.002577247589158399
morph_prs_gn_sp_plus,prophetisches Stück,28,2381,0.011623080116230802,0.010056411348572785,0.003928912204056323,0.035644444093832876,0.4369937601247975,0.3123355518894498,0.8812496960037787,0.8745343794046209,0.8065967016491754,1.0,2000,0.9975015437452767,1.0,0.9930034982508745,1.0,1.0,1.0
morph_prs_gn_sp_plus_psalm,Danklied Israels,6,1206,0.0049504950495049506,0.005095370882199385,0.0018623958752081293,0.011687756639729596,0.4324212271973466,0.06833291532626191,0.8593676204609155,0.7164770644927148,0.6866566716641679,1.0,2000,0.9622723208019656,1.0,0.9855019298861208,1.0,1.0,1.0
morph_prs_gn_sp_plus_psalm,Danklied des Einzelnen,276,6760,0.03922683342808414,0.04842678065210783,0.027809282331921214,0.06437186836502677,0.5690327266100678,0.505764046288916,0.6286877665804373,4.93019666254258e-05,0.013993003498250875,0.9155422288855573,2000,0.00025169951382454224,0.001298032622358482,0.14827880177558278,0.7646845199832332,1.0,1.0
morph_prs_gn_sp_plus_psalm,Fluch,1,608,0.0016420361247947454,0.0017889087656529517,nan,nan,0.11759868421052631,nan,nan,0.9075783548954808,0.9203406813627254,1.0,2000,0.9192378014665723,1.0,0.9639278557114228,1.0,1.0,1.0
morph_prs_gn_sp_plus_psalm,Hymnus,2850,17485,0.140152446520777,0.1697475587682587,0.12158840889616214,0.26036373837113097,0.5191931429947474,0.47409668277743744,0.5501523717247828,0.0004984339941944425,0.11444277861069466,0.9975012493753124,2000,0.0023022903541362345,0.011873078101745236,0.7180472263868066,1.0,1.0,1.0
morph_prs_gn_sp_plus_psalm,Klagelied des Einzelnen,4095,19594,0.17286504284689097,0.22608132389138363,0.15575770983712947,0.299118784700005,0.6052658466254465,0.5473423605536901,0.6654991318655362,2.9664627999853795e-100,0.0004997501249375312,0.7941029485257372,2000,1.5985938422143436e-99,8.24406422390665e-99,0.00098930126773348,0.0051018982887421375,1.0,1.0
morph_prs_gn_sp_plus_psalm,Klagelied des Volkes,406,8034,0.0481042654028436,0.059768956520184165,0.03502269139193458,0.0828818175116355,0.5724430407222506,0.4962038488633153,0.7254450210495627,4.046891698611032e-07,0.0074962518740629685,0.9060469765117442,2000,1.6356187281886254e-06,8.43500424243693e-06,0.03161462746887426,0.16303892357502048,1.0,1.0
morph_prs_gn_sp_plus_psalm,Königspsalm,45,2964,0.014955134596211365,0.015794023109366624,0.005714408386027164,0.037681172158123305,0.5110286399760084,0.39239260833251294,0.6737808835504842,0.3996573388336737,0.40429785107446276,0.9995002498750625,2000,0.4722278883111864,1.0,0.47366075998145507,1.0,1.0,1.0
morph_prs_gn_sp_plus_psalm,Liturgie,153,5161,0.028791870530673693,0.03627607496103185,0.0184059059180415,0.05596546797459099,0.5876514785982855,0.5009394526379743,0.795149577669348,0.00010740861049316405,0.014492753623188406,0.855072463768116,2000,0.00018942973123339842,0.0009769028435905355,0.028689736764270925,0.147955050373522,1.0,1.0
morph_prs_gn_sp_plus_psalm,Mischgedicht,45,2879,0.015389876880984952,0.024561614060968597,0.009162736845203596,0.05591082965509311,0.597460537995446,0.4941978309926705,0.7507606673405159,0.01232497294088256,0.04847576211894053,0.8195902048975512,2000,0.025436646282246983,0.1311786271496992,0.09796143594869233,0.5051942201331537,1.0,1.0
morph_prs_gn_sp_plus_psalm,Thronbesteigungslied,21,2097,0.009915014164305949,0.14823660158163754,0.009813799922771864,0.6666666666666666,0.8331403138270091,0.5224525515084172,0.9757529559746084,7.167581077796741e-08,0.0004997501249375312,0.2938530734632684,2000,4.311441517511674e-07,2.223441616586559e-06,0.0023083696247114534,0.01190442934039832,0.8995628767894535,1.0
morph_prs_gn_sp_plus_psalm,Wallfahrtslied,0,305,0.0,nan,nan,nan,nan,nan,nan,nan,nan,0.0004997501249375312,2000,nan,nan,nan,nan,0.0004997501249375312,0.002577247589158399
morph_prs_gn_sp_plus_psalm,Weisheitsgedicht,55,3254,0.01662133575098217,0.02077238107960656,0.008215825007369004,0.04112572131973665,0.5802033860423534,0.46396289123889883,0.7727446501019686,0.020530504691207794,0.06546726636681659,0.8810594702648675,2000,0.030173620531017516,0.15560754643026029,0.09695152423788107,0.4999860322967295,1.0,1.0
morph_prs_gn_sp_plus_psalm,Zionslied,15,1805,0.008241758241758242,0.035122866950066486,0.00765237499139529,0.2961935855541482,0.7379316712834718,0.5347382920052662,0.9793009549387275,0.0007414170779648407,0.010494752623688156,0.4512743628185907,2000,0.0015301586502678628,0.00789113898255787,0.022130239228211983,0.11412724650251434,0.7195188120225602,1.0
morph_prs_gn_sp_plus_psalm,prophetische Gerichtsrede,1,605,0.0016501650165016502,0.0025380710659898475,nan,nan,0.35206611570247937,nan,nan,0.6966078838674524,0.6177354709418837,1.0,2000,0.8240361553066206,1.0,0.760156114698533,1.0,1.0,1.0
morph_prs_gn_sp_plus_psalm,"prophetische Schelt-, Droh- und Mahnrede",21,2088,0.00995732574679943,0.036465224517943984,0.0032073129666697914,0.18740834439929627,0.5531153074256523,0.37010262272431094,0.9270027484963159,0.2008416207438486,0.2223888055972014,0.9575212393803099,2000,0.9904531834126397,1.0,0.9838981608097049,1.0,1.0,1.0
morph_prs_gn_sp_plus_psalm,prophetische Tora,0,304,0.0,nan,nan,nan,nan,nan,nan,nan,nan,0.0004997501249375312,2000,nan,nan,nan,nan,0.0004997501249375312,0.002577247589158399
morph_prs_gn_sp_plus_psalm,prophetisches Stück,28,2381,0.011623080116230802,0.01888545013103174,0.006601806246427516,0.12758553586419916,0.5480215395692086,0.41472708769838573,0.7271236546292513,0.19083538232608238,0.20039980009995004,0.9665167416291854,2000,0.8414105493468178,1.0,0.925656219509293,1.0,1.0,1.0
morph_prs_nu_1_2_3gram,Danklied Israels,6,1206,0.0049504950495049506,0.008468346668574355,0.0032024716858970975,0.20000000000000004,0.6109729132117192,0.38567886625617037,1.0,0.17403712047704556,0.1619190404797601,0.7876061969015492,2000,0.9622723208019656,1.0,0.9844308614923308,1.0,1.0,1.0
morph_prs_nu_1_2_3gram,Danklied des Einzelnen,276,6760,0.03922683342808414,0.04380306745106051,0.022799705497181997,0.0792908038151862,0.49565592573535716,0.42099218292513485,0.5967156379852037,0.5967898455208526,0.5217391304347826,1.0,2000,0.8352058589890635,1.0,0.7084919078922077,1.0,1.0,1.0
morph_prs_nu_1_2_3gram,Fluch,1,608,0.0016420361247947454,0.0049504950495049506,nan,nan,0.6702302631578947,nan,nan,0.27897667025023554,0.29809619238476953,0.6151924037981009,2000,0.9192378014665723,1.0,0.9639278557114228,1.0,1.0,1.0
morph_prs_nu_1_2_3gram,Hymnus,2850,17485,0.140152446520777,0.13174400983273932,0.09739898416771728,0.16630549009579504,0.45826022304832714,0.4201335827407148,0.5623376413548481,0.9999999999995893,0.9725137431284357,1.0,2000,1.0,1.0,1.0,1.0,1.0,1.0
morph_prs_nu_1_2_3gram,Klagelied des Einzelnen,4095,19594,0.17286504284689097,0.18931193835375792,0.12998385898928397,0.24008738041622596,0.5335380632206191,0.4853678576757267,0.6446769855811024,6.8347980613775426e-12,0.05697151424287856,0.9920039980009995,2000,8.839672159381621e-12,4.558682954719553e-11,0.07675329002165585,0.3958222755682442,1.0,1.0
morph_prs_nu_1_2_3gram,Klagelied des Volkes,406,8034,0.0481042654028436,0.06395156681294473,0.04009615696421482,0.0968150269730882,0.5977364059888332,0.4899207944034895,0.7830068580654413,1.4120454192561626e-11,0.006496751624187906,0.8285857071464268,2000,6.522305031802274e-11,3.363599943285519e-10,0.028644768524828494,0.14772314590585187,1.0,1.0
morph_prs_nu_1_2_3gram,Königspsalm,45,2964,0.014955134596211365,0.028260157133957513,0.011739800165133804,0.06035022824085103,0.7197106012895487,0.595134188583494,0.893137594737461,2.027434452565719e-07,0.0014992503748125937,0.49025487256371814,2000,2.1851237988763862e-06,1.1268841690376284e-05,0.015148675662168916,0.07812281754636398,1.0,1.0
morph_prs_nu_1_2_3gram,Liturgie,153,5161,0.028791870530673693,0.0401789451983592,0.023031324291165025,0.06858061626006828,0.6212493652114337,0.5120366194429374,0.8226760770999917,1.5316093612221474e-07,0.0034982508745627187,0.7531234382808596,2000,4.2447459439585225e-07,2.189046226256465e-06,0.013051166724330144,0.06730581203994436,1.0,1.0
morph_prs_nu_1_2_3gram,Mischgedicht,45,2879,0.015389876880984952,0.03477127385036123,0.011090553666694413,0.10727937811874355,0.6281231909227741,0.520589951143908,0.9093065006137577,0.0015698385449292602,0.025487256371814093,0.7296351824087957,2000,0.00447865702523936,0.0230967586499519,0.0727136431784108,0.37498952422254705,1.0,1.0
morph_prs_nu_1_2_3gram,Thronbesteigungslied,21,2097,0.009915014164305949,0.03988889142944863,0.010138167052016317,0.13946536859850578,0.831141994232123,0.7111046291374653,0.9768742494586052,8.513266336121058e-08,0.0004997501249375312,0.2703648175912044,2000,4.380108862665438e-07,2.2588538638118236e-06,0.0023083696247114534,0.01190442934039832,0.8995628767894535,1.0
morph_prs_nu_1_2_3gram,Wallfahrtslied,0,305,0.0,nan,nan,nan,nan,nan,nan,nan,nan,0.0004997501249375312,2000,nan,nan,nan,nan,0.0004997501249375312,0.002577247589158399
morph_prs_nu_1_2_3gram,Weisheitsgedicht,55,3254,0.01662133575098217,0.035427619642736004,0.012400496404220827,0.08854283155719142,0.7006705034363301,0.5218374296644991,0.8728897086119174,1.5984628465880734e-07,0.0034982508745627187,0.5292353823088456,2000,8.160573479949638e-07,4.2084668473027695e-06,0.014138763951357656,0.07291462970993971,1.0,1.0
morph_prs_nu_1_2_3gram,Zionslied,15,1805,0.008241758241758242,0.016094383052430376,0.006589466155669435,0.03702344242643779,0.7395937211449677,0.6368678310895373,0.9483116631681032,0.000686928324921662,0.01199400299850075,0.44377811094452774,2000,0.0014807121670533602,0.007636139887414339,0.023268365817091453,0.11999664775121506,0.7195188120225602,1.0
morph_prs_nu_1_2_3gram,prophetische Gerichtsrede,1,605,0.0016501650165016502,0.0024875621890547263,nan,nan,0.33884297520661155,nan,nan,0.7123294205053765,0.685871743486974,1.0,2000,0.8324813709520666,1.0,0.8001180933295161,1.0,1.0,1.0
morph_prs_nu_1_2_3gram,"prophetische Schelt-, Droh- und Mahnrede",21,2088,0.00995732574679943,0.013938045346972471,0.004181293615698558,0.13731583505212763,0.45881226053639845,0.31892217823378916,0.9330959557631352,0.7423468920988872,0.671664167916042,1.0,2000,0.9904531834126397,1.0,0.9838981608097049,1.0,1.0,1.0
morph_prs_nu_1_2_3gram,prophetische Tora,0,304,0.0,nan,nan,nan,nan,nan,nan,nan,nan,0.0004997501249375312,2000,nan,nan,nan,nan,0.0004997501249375312,0.002577247589158399
morph_prs_nu_1_2_3gram,prophetisches Stück,28,2381,0.011623080116230802,0.01161652603549347,0.005303187397240401,0.02417286171368932,0.49763004739905203,0.3822526723591413,0.8859441088295164,0.5172753544711542,0.4737631184407796,1.0,2000,0.9975015437452767,1.0,0.9930034982508745,1.0,1.0,1.0
morph_prs_nu_1_2_3gram_psalm,Danklied Israels,6,1206,0.0049504950495049506,0.008476089310304144,0.0035312554736258947,0.027011984169448663,0.560530679933665,0.3250330675803467,0.9288982888725466,0.3044686831931815,0.2638680659670165,0.9255372313843079,2000,0.9622723208019656,1.0,0.9844308614923308,1.0,1.0,1.0
morph_prs_nu_1_2_3gram_psalm,Danklied des Einzelnen,276,6760,0.03922683342808414,0.04608178579331185,0.024618246345277754,0.06127436463088537,0.5369637573964497,0.45536951687132426,0.6024863129647939,0.018533515836579847,0.0769615192403798,0.9695152423788106,2000,0.043847586247518174,0.22612517797960924,0.2305874089982036,1.0,1.0,1.0
morph_prs_nu_1_2_3gram_psalm,Fluch,1,608,0.0016420361247947454,0.0021008403361344537,nan,nan,0.25164473684210525,nan,nan,0.8056658092006717,0.7565130260521042,1.0,2000,0.9192378014665723,1.0,0.9639278557114228,1.0,1.0,1.0
morph_prs_nu_1_2_3gram_psalm,Hymnus,2850,17485,0.140152446520777,0.16559961178207613,0.11731875400784715,0.2658468723893321,0.48220723527434545,0.4634277043896763,0.5189540174892773,0.9988602071791111,0.9410294852573713,1.0,2000,1.0,1.0,1.0,1.0,1.0,1.0
morph_prs_nu_1_2_3gram_psalm,Klagelied des Einzelnen,4095,19594,0.17286504284689097,0.22188015927974106,0.15400155502151452,0.2800527263611701,0.6050792878086948,0.5379130555971223,0.6594094436948582,6.651588761438804e-100,0.0004997501249375312,0.8010994502748626,2000,3.3958111045240214e-99,1.751244381072608e-98,0.00098930126773348,0.0051018982887421375,1.0,1.0
morph_prs_nu_1_2_3gram_psalm,Klagelied des Volkes,406,8034,0.0481042654028436,0.07005627662690703,0.04683164503104634,0.09965801784010582,0.6551445151210802,0.5364567330372237,0.8474137315383726,2.1705619170228156e-26,0.0004997501249375312,0.670664667666167,2000,3.007778656445902e-25,1.5511332372385623e-24,0.00440688746535823,0.02272663783166952,1.0,1.0
morph_prs_nu_1_2_3gram_psalm,Königspsalm,45,2964,0.014955134596211365,0.023989979174806438,0.009765154445528938,0.09091167911385505,0.6721397510871195,0.5475668413450311,0.8763447339937287,3.6019870959093694e-05,0.0074962518740629685,0.6226886556721639,2000,0.00011646424943440294,0.0006006145693619928,0.022723013493253372,0.11718422631954596,1.0,1.0
morph_prs_nu_1_2_3gram_psalm,Liturgie,153,5161,0.028791870530673693,0.040108932183237064,0.023163878230524716,0.06387171636914984,0.6134533384496342,0.4857703231034503,0.8300983828768017,8.324052581353696e-07,0.006496751624187906,0.7786106946526736,2000,1.8079114260344855e-06,9.323530163682761e-06,0.016158587372980177,0.08333100538278823,1.0,1.0
morph_prs_nu_1_2_3gram_psalm,Mischgedicht,45,2879,0.015389876880984952,0.02546337954221925,0.009035503339046042,0.07088014580314049,0.5729728686658176,0.45787417342223546,0.8424135755369715,0.046257142099778874,0.08745627186406797,0.8905547226386806,2000,0.07355643907669755,0.37933588371026833,0.14378404018329818,0.7415047089146412,1.0,1.0
morph_prs_nu_1_2_3gram_psalm,Thronbesteigungslied,21,2097,0.009915014164305949,0.11677289296597884,0.008614522015873984,0.5108780081897651,0.8224220541817109,0.6596673939192992,0.9937694255050643,1.7752442852702558e-07,0.001999000499750125,0.3218390804597701,2000,6.338845260403591e-07,3.268988410451202e-06,0.005240622931777354,0.02702627201603943,0.8995628767894535,1.0
morph_prs_nu_1_2_3gram_psalm,Wallfahrtslied,0,305,0.0,nan,nan,nan,nan,nan,nan,nan,nan,0.0004997501249375312,2000,nan,nan,nan,nan,0.0004997501249375312,0.002577247589158399
morph_prs_nu_1_2_3gram_psalm,Weisheitsgedicht,55,3254,0.01662133575098217,0.02577280226694886,0.008421147242616875,0.06028564945703737,0.6440744258814326,0.4497442185450582,0.8433245960750841,0.00012134050408408089,0.014492753623188406,0.7001499250374813,2000,0.00024020467135011932,0.001238752887193503,0.029287439613526572,0.1510374472563037,1.0,1.0
morph_prs_nu_1_2_3gram_psalm,Zionslied,15,1805,0.008241758241758242,0.01894772927286999,0.00757505580315008,0.053282060569873925,0.7773776546629733,0.6750936705077679,0.9661627228970039,0.00010573380048531631,0.006496751624187906,0.40379810094952523,2000,0.00040931234173424805,0.0021108533911406865,0.01939030484757621,0.0999972064593459,0.7195188120225602,1.0
morph_prs_nu_1_2_3gram_psalm,prophetische Gerichtsrede,1,605,0.0016501650165016502,0.0021008403361344537,nan,nan,0.21652892561983472,nan,nan,0.8373236866580613,0.7970941883767535,1.0,2000,0.8716164137866863,1.0,0.8533249294287499,1.0,1.0,1.0
morph_prs_nu_1_2_3gram_psalm,"prophetische Schelt-, Droh- und Mahnrede",21,2088,0.00995732574679943,0.03922116636959729,0.0036477182429363415,0.15777911597690883,0.58994708994709,0.4178745199657964,0.998553947168795,0.07776613638937181,0.11794102948525736,0.8510744627686156,2000,0.5802550176745436,1.0,0.8552509459555937,1.0,1.0,1.0
morph_prs_nu_1_2_3gram_psalm,prophetische Tora,0,304,0.0,nan,nan,nan,nan,nan,nan,nan,nan,0.0004997501249375312,2000,nan,nan,nan,nan,0.0004997501249375312,0.002577247589158399
morph_prs_nu_1_2_3gram_psalm,prophetisches Stück,28,2381,0.011623080116230802,0.026560935186974,0.006119494791773985,0.11147505954219572,0.6331748365032699,0.4731655078525644,0.9817792146380221,0.007626517690774715,0.04397801099450275,0.7341329335332334,2000,0.05690555507731903,0.29346606897011474,0.3047047904619119,1.0,1.0,1.0
morph_prs_nu_1_2gram,Danklied Israels,6,1206,0.0049504950495049506,0.008273567637563841,0.00306074025451632,0.058241294202835275,0.646351575456053,0.3523072446499765,0.994479092962647,0.10792075389391015,0.11294352823588207,0.679160419790105,2000,0.9622723208019656,1.0,0.9844308614923308,1.0,1.0,1.0
morph_prs_nu_1_2gram,Danklied des Einzelnen,276,6760,0.03922683342808414,0.043326348278783,0.02609252585602439,0.0721516732708119,0.5146430945030444,0.44630411782533946,0.620772001983853,0.20441843885594746,0.32283858070964516,1.0,2000,0.3540819387326233,1.0,0.5561955864173176,1.0,1.0,1.0
morph_prs_nu_1_2gram,Fluch,1,608,0.0016420361247947454,0.004149377593360996,nan,nan,0.6060855263157895,nan,nan,0.35791237233349343,0.36723446893787576,0.7971014492753623,2000,0.9192378014665723,1.0,0.9639278557114228,1.0,1.0,1.0
morph_prs_nu_1_2gram,Hymnus,2850,17485,0.140152446520777,0.13417363019319462,0.09860263350929624,0.17223040401104653,0.4692622347977464,0.4318208324356135,0.5616940301316976,0.9999999321251969,0.9355322338830585,1.0,2000,1.0,1.0,1.0,1.0,1.0,1.0
morph_prs_nu_1_2gram,Klagelied des Einzelnen,4095,19594,0.17286504284689097,0.19717475348806074,0.1341767507878547,0.2481274076667495,0.5414277912440615,0.4898636411393008,0.6530900478088736,3.3570212963687887e-17,0.025487256371814093,0.984007996001999,2000,4.719290807938732e-17,2.433772449545228e-16,0.0363568215892054,0.18749476211127353,1.0,1.0
morph_prs_nu_1_2gram,Klagelied des Volkes,406,8034,0.0481042654028436,0.06388099789486273,0.03889383977317981,0.09463877143425295,0.605953637925516,0.5078425688892771,0.7724427433940121,2.696199716967255e-13,0.0014992503748125937,0.7976011994002998,2000,1.4529520696990209e-12,7.49297905480781e-12,0.00908920539730135,0.04687369052781838,1.0,1.0
morph_prs_nu_1_2gram,Königspsalm,45,2964,0.014955134596211365,0.03160784275380341,0.01039681587576816,0.11894540331274962,0.6966561703403809,0.5759230344885788,0.8950203961440661,2.883772016805764e-06,0.0024987506246876563,0.5502248875562219,2000,1.6454463860597596e-05,8.485686185855394e-05,0.015148675662168916,0.07812281754636398,1.0,1.0
morph_prs_nu_1_2gram,Liturgie,153,5161,0.028791870530673693,0.03905656022555962,0.022227045826990675,0.0643024439173508,0.6166358295562622,0.5185189805399276,0.8057275880990721,4.224129407401504e-07,0.004997501249375313,0.7641179410294853,2000,9.993672012632827e-07,5.153809036989684e-06,0.013850217748268723,0.07142657604238993,1.0,1.0
morph_prs_nu_1_2gram,Mischgedicht,45,2879,0.015389876880984952,0.04145176196609521,0.01208250351463506,0.1308878985700607,0.6191540272471151,0.5110509145480316,0.9187209177890419,0.003007689942949929,0.029985007496251874,0.7566216891554223,2000,0.007301562917133726,0.0376546887859678,0.07860934397666032,0.4053940802405915,1.0,1.0
morph_prs_nu_1_2gram,Thronbesteigungslied,21,2097,0.009915014164305949,0.032152741301063284,0.00885420375082501,0.12426764811629402,0.8101823466630333,0.6669851479138553,0.9653393803383828,4.836281570525467e-07,0.0004997501249375312,0.31284357821089454,2000,1.4218751114794729e-06,7.332712930492748e-06,0.0023083696247114534,0.01190442934039832,0.8995628767894535,1.0
morph_prs_nu_1_2gram,Wallfahrtslied,0,305,0.0,nan,nan,nan,nan,nan,nan,nan,nan,0.0004997501249375312,2000,nan,nan,nan,nan,0.0004997501249375312,0.002577247589158399
morph_prs_nu_1_2gram,Weisheitsgedicht,55,3254,0.01662133575098217,0.030357149973637247,0.010543287996397335,0.073283520466612,0.685941777951612,0.4956679646796765,0.8494195283354402,1.0883926377663155e-06,0.004497751124437781,0.5742128935532234,2000,4.222963434533304e-06,2.1778128283840816e-05,0.015044202036912577,0.07758403949432008,1.0,1.0
morph_prs_nu_1_2gram,Zionslied,15,1805,0.008241758241758242,0.016026224001583402,0.006771252883185337,0.03976974667781425,0.7334256694367498,0.5952775138524644,0.9256567281939002,0.0009113437087949839,0.013993003498250875,0.4732633683158421,2000,0.0017333399951590868,0.008938959893754893,0.023812655075970787,0.12280358687989845,0.7195188120225602,1.0
morph_prs_nu_1_2gram,prophetische Gerichtsrede,1,605,0.0016501650165016502,0.00234192037470726,nan,nan,0.2975206611570248,nan,nan,0.7590068984833434,0.7314629258517034,1.0,2000,0.8670792166314357,1.0,0.815107487702678,1.0,1.0,1.0
morph_prs_nu_1_2gram,"prophetische Schelt-, Droh- und Mahnrede",21,2088,0.00995732574679943,0.01373174390147673,0.003984978894103592,0.09715763240807695,0.4579912424740011,0.31126007499952435,0.931043526217235,0.7465149246490511,0.68015992003998,1.0,2000,0.9904531834126397,1.0,0.9838981608097049,1.0,1.0,1.0
morph_prs_nu_1_2gram,prophetische Tora,0,304,0.0,nan,nan,nan,nan,nan,nan,nan,nan,0.0004997501249375312,2000,nan,nan,nan,nan,0.0004997501249375312,0.002577247589158399
morph_prs_nu_1_2gram,prophetisches Stück,28,2381,0.011623080116230802,0.012194544555807063,0.005559782442199677,0.025421288453710715,0.5356242875142497,0.41535986316494317,0.8437249137232212,0.2581928969852596,0.2798600699650175,0.9895052473763118,2000,0.9975015437452767,1.0,0.9930034982508745,1.0,1.0,1.0
morph_prs_nu_1_2gram_psalm,Danklied Israels,6,1206,0.0049504950495049506,0.009804767600443458,0.003555658267984274,0.03967516102140524,0.5802929795467109,0.3125334912407253,0.9407348526482601,0.2486258062899614,0.2283858070964518,0.8715642178910544,2000,0.9622723208019656,1.0,0.9844308614923308,1.0,1.0,1.0
morph_prs_nu_1_2gram_psalm,Danklied des Einzelnen,276,6760,0.03922683342808414,0.04464065893831685,0.02525329697482898,0.05918351129719563,0.531358534859789,0.45786093049248766,0.5974903498537124,0.03845883019878269,0.10744627686156921,0.9785107446276862,2000,0.0829001450951538,0.4275220523738206,0.25161228909354844,1.0,1.0,1.0
morph_prs_nu_1_2gram_psalm,Fluch,1,608,0.0016420361247947454,0.0020325203252032522,nan,nan,0.22779605263157895,nan,nan,0.8275677386097977,0.7875751503006012,1.0,2000,0.9192378014665723,1.0,0.9639278557114228,1.0,1.0,1.0
morph_prs_nu_1_2gram_psalm,Hymnus,2850,17485,0.140152446520777,0.16696015068549247,0.11597642136682897,0.2730191106525064,0.4820121909004711,0.46141122936448065,0.5174583118642133,0.99898098564078,0.9410294852573713,1.0,2000,1.0,1.0,1.0,1.0,1.0,1.0
morph_prs_nu_1_2gram_psalm,Klagelied des Einzelnen,4095,19594,0.17286504284689097,0.22511911312877603,0.16063562181671368,0.2820255985473089,0.6118316351857231,0.5399066213369267,0.6636538513175504,7.395741052618222e-113,0.0004997501249375312,0.7841079460269865,2000,5.978224017533063e-112,3.0830134236708486e-111,0.00098930126773348,0.0051018982887421375,1.0,1.0
morph_prs_nu_1_2gram_psalm,Klagelied des Volkes,406,8034,0.0481042654028436,0.07027529886332533,0.04663418337572516,0.09928540908143345,0.6596427927613063,0.5416323666693886,0.850307958746128,7.916412873521479e-28,0.0004997501249375312,0.6561719140429785,2000,1.5357840974631667e-26,7.920149821172165e-26,0.00440688746535823,0.02272663783166952,1.0,1.0
morph_prs_nu_1_2gram_psalm,Königspsalm,45,2964,0.014955134596211365,0.02692203943926045,0.009894588491992427,0.11898964726820098,0.6737591842855001,0.5463492521024229,0.8947709706503522,3.077311918685834e-05,0.005497251374312844,0.616191904047976,2000,0.00010660687718304497,0.000549779386732624,0.01974938456697577,0.10184900657896341,1.0,1.0
morph_prs_nu_1_2gram_psalm,Liturgie,153,5161,0.028791870530673693,0.04119727215640345,0.024240017424948572,0.0646056546935506,0.6166516596950735,0.48855824840742296,0.8351192696870983,4.209172610010951e-07,0.004497751124437781,0.768615692153923,2000,9.993672012632827e-07,5.153809036989684e-06,0.013850217748268723,0.07142657604238993,1.0,1.0
morph_prs_nu_1_2gram_psalm,Mischgedicht,45,2879,0.015389876880984952,0.024197503762750837,0.009978969547848568,0.06417970351518086,0.5805680984909883,0.4686320012294874,0.8603504512467874,0.031627637189601564,0.07446276861569215,0.8700649675162418,2000,0.05478358584627414,0.28252291996007217,0.12841824701684246,0.6622622006737381,1.0,1.0
morph_prs_nu_1_2gram_psalm,Thronbesteigungslied,21,2097,0.009915014164305949,0.11499728959323248,0.007722007722007722,0.4332282190176362,0.8232168403842224,0.6670215040800848,0.9839026915984715,1.6611135261434832e-07,0.0009995002498750624,0.31384307846076964,2000,6.326615257950196e-07,3.2626813096090857e-06,0.0031274685238026146,0.016128581686991272,0.8995628767894535,1.0
morph_prs_nu_1_2gram_psalm,Wallfahrtslied,0,305,0.0,nan,nan,nan,nan,nan,nan,nan,nan,0.0004997501249375312,2000,nan,nan,nan,nan,0.0004997501249375312,0.002577247589158399
morph_prs_nu_1_2gram_psalm,Weisheitsgedicht,55,3254,0.01662133575098217,0.024735511530878884,0.008935586371402026,0.050719962215221515,0.6478515952394256,0.4476615869416594,0.8401655862881389,8.291344819605187e-05,0.011494252873563218,0.6831584207896052,2000,0.00016755425989618816,0.0008640894535537122,0.02585373979676828,0.13332960861246118,1.0,1.0
morph_prs_nu_1_2gram_psalm,Zionslied,15,1805,0.008241758241758242,0.018171875031652775,0.00673679060143686,0.048113111858523114,0.7574699907663897,0.6411206978413053,0.9605532864025517,0.0002919193011904261,0.0079960019990005,0.44127936031984005,2000,0.0007999915208105558,0.004125614212930688,0.020962491727109418,0.10810508806415772,0.7195188120225602,1.0
morph_prs_nu_1_2gram_psalm,prophetische Gerichtsrede,1,605,0.0016501650165016502,0.002079002079002079,nan,nan,0.20826446280991737,nan,nan,0.844274691485201,0.8176352705410822,1.0,2000,0.8716164137866863,1.0,0.8533249294287499,1.0,1.0,1.0
morph_prs_nu_1_2gram_psalm,"prophetische Schelt-, Droh- und Mahnrede",21,2088,0.00995732574679943,0.03581184815853173,0.003967076727078539,0.16976809191749231,0.6048166392993979,0.4215161337387765,0.9942443630617684,0.04895330313188097,0.09645177411294353,0.800599700149925,2000,0.43167912761749583,1.0,0.8079293686490089,1.0,1.0,1.0
morph_prs_nu_1_2gram_psalm,prophetische Tora,0,304,0.0,nan,nan,nan,nan,nan,nan,nan,nan,0.0004997501249375312,2000,nan,nan,nan,nan,0.0004997501249375312,0.002577247589158399
morph_prs_nu_1_2gram_psalm,prophetisches Stück,28,2381,0.011623080116230802,0.028099421072427647,0.007442961426433562,0.1287717371466015,0.6440271194576108,0.4848709219376915,0.9824342727123971,0.004344473641395446,0.03398300849575212,0.6911544227886057,2000,0.04548511627187689,0.23457003891482267,0.2948942195568882,1.0,1.0,1.0
morph_prs_nu_1gram,Danklied Israels,6,1206,0.0049504950495049506,0.013437414834844324,0.0031374812740207784,0.34123894700767843,0.6807628524046434,0.3814911848812445,1.0,0.06315596761978522,0.08395802098950525,0.5872063968015993,2000,0.9622723208019656,1.0,0.9844308614923308,1.0,1.0,1.0
morph_prs_nu_1gram,Danklied des Einzelnen,276,6760,0.03922683342808414,0.046217200177034,0.028081810639667,0.08618404091067786,0.5222705492667867,0.44844366427302335,0.6490232034388927,0.10452609749262809,0.2433783108445777,0.9970014992503748,2000,0.19880453836833184,1.0,0.45399415676776994,1.0,1.0,1.0
morph_prs_nu_1gram,Fluch,1,608,0.0016420361247947454,0.005319148936170213,nan,nan,0.6949013157894737,nan,nan,0.2510437785429785,0.2940881763527054,0.552223888055972,2000,0.9192378014665723,1.0,0.9639278557114228,1.0,1.0,1.0
morph_prs_nu_1gram,Hymnus,2850,17485,0.140152446520777,0.14327188214079106,0.10351306573472094,0.19937495893823584,0.49349347059384235,0.4673193797280192,0.5404450475434767,0.8677333763733399,0.6191904047976012,1.0,2000,1.0,1.0,1.0,1.0,1.0,1.0
morph_prs_nu_1gram,Klagelied des Einzelnen,4095,19594,0.17286504284689097,0.2089484573620647,0.14510727649271546,0.2587127511149337,0.5564106552266193,0.49753192633679305,0.6584544104584529,2.864588884768758e-30,0.0009995002498750624,0.9560219890054973,2000,4.790777962458095e-30,2.4706388928830565e-29,0.0018292740422241709,0.0094336987225798,1.0,1.0
morph_prs_nu_1gram,Klagelied des Volkes,406,8034,0.0481042654028436,0.06438805259159405,0.038541183242603236,0.09402914422477289,0.6195732484232651,0.5330442494542458,0.7911466421804827,1.9364973578254378e-16,0.0009995002498750624,0.7611194402798601,2000,1.1740015231816717e-15,6.054410883171792e-15,0.006463434949192071,0.033332402153115295,1.0,1.0
morph_prs_nu_1gram,Königspsalm,45,2964,0.014955134596211365,0.024215544853150632,0.008321910283511404,0.058678934701702455,0.680859199280252,0.5421376991248835,0.8225646566696838,1.5198985332609202e-05,0.004497751124437781,0.5862068965517241,2000,6.14292323859622e-05,0.0003167950004822148,0.0181784107946027,0.09374738105563676,1.0,1.0
morph_prs_nu_1gram,Liturgie,153,5161,0.028791870530673693,0.047010923491047484,0.025312081954973822,0.12080004144748241,0.607721561788831,0.5244813627751662,0.7834750384252133,2.703694760237114e-06,0.006496751624187906,0.7956021989005497,2000,5.4637164946458345e-06,2.8176781677505583e-05,0.016158587372980177,0.08333100538278823,1.0,1.0
morph_prs_nu_1gram,Mischgedicht,45,2879,0.015389876880984952,0.02620227956021013,0.00828067710093253,0.07237152849805813,0.5949480915441319,0.47763249726973683,0.8529930291763183,0.01430250972599461,0.053973013493253376,0.8390804597701149,2000,0.027889597079358792,0.14382867206758854,0.10664667666166916,0.5499846355264023,1.0,1.0
morph_prs_nu_1gram,Thronbesteigungslied,21,2097,0.009915014164305949,0.0287769593217555,0.008525686208408538,0.10389336620106818,0.7951722415241729,0.6606492969019061,0.9655795813896931,1.5722471684156051e-06,0.0004997501249375312,0.351824087956022,2000,4.357370723894677e-06,2.247127640964712e-05,0.0023083696247114534,0.01190442934039832,0.8995628767894535,1.0
morph_prs_nu_1gram,Wallfahrtslied,0,305,0.0,nan,nan,nan,nan,nan,nan,nan,nan,0.0004997501249375312,2000,nan,nan,nan,nan,0.0004997501249375312,0.002577247589158399
morph_prs_nu_1gram,Weisheitsgedicht,55,3254,0.01662133575098217,0.026299236887636572,0.008291998734725043,0.06903993162860621,0.65596468681902,0.47457316930446763,0.8395895496223523,3.5531902144560785e-05,0.009495252373813094,0.6481759120439781,2000,8.406328068347307e-05,0.00043352042684393185,0.023025987006496752,0.11874668267047325,1.0,1.0
morph_prs_nu_1gram,Zionslied,15,1805,0.008241758241758242,0.019867434198712692,0.007111186498325933,0.1661249516108777,0.7440258541089566,0.6042003697066097,0.897852660629971,0.0005584564964900717,0.009995002498750625,0.4482758620689655,2000,0.001259773957198534,0.006496745537542991,0.02203443732679115,0.11363318915834761,0.7195188120225602,1.0
morph_prs_nu_1gram,prophetische Gerichtsrede,1,605,0.0016501650165016502,0.0022727272727272726,nan,nan,0.27603305785123966,nan,nan,0.7815463078757741,0.7535070140280561,1.0,2000,0.8670792166314357,1.0,0.8212379815811398,1.0,1.0,1.0
morph_prs_nu_1gram,"prophetische Schelt-, Droh- und Mahnrede",21,2088,0.00995732574679943,0.01082151818224407,0.0032378180187682465,0.030722799068933857,0.4502599890530925,0.3026214801301393,0.9009755924862002,0.7839641189908552,0.7271364317841079,1.0,2000,0.9904531834126397,1.0,0.9838981608097049,1.0,1.0,1.0
morph_prs_nu_1gram,prophetische Tora,0,304,0.0,nan,nan,nan,nan,nan,nan,nan,nan,0.0004997501249375312,2000,nan,nan,nan,nan,0.0004997501249375312,0.002577247589158399
morph_prs_nu_1gram,prophetisches Stück,28,2381,0.011623080116230802,0.015802885017821535,0.006017298704293269,0.10286838996573036,0.5491090178196436,0.4197263042751604,0.8714006531159051,0.18549664774171487,0.21839080459770116,0.9685157421289355,2000,0.8414105493468178,1.0,0.9629049111807733,1.0,1.0,1.0
morph_prs_nu_1gram_psalm,Danklied Israels,6,1206,0.0049504950495049506,0.007934142154762652,0.0035830513781984936,0.01885038484397195,0.5700663349917081,0.33584614706946475,0.9032282352411896,0.27680909166320755,0.2463768115942029,0.9030484757621189,2000,0.9622723208019656,1.0,0.9844308614923308,1.0,1.0,1.0
morph_prs_nu_1gram_psalm,Danklied des Einzelnen,276,6760,0.03922683342808414,0.044068727598579056,0.02585418017415268,0.05931985825763666,0.5365475731069377,0.4606015565525364,0.607791502020037,0.01962054860723081,0.07896051974012994,0.9705147426286856,2000,0.04531412416431877,0.23368822023188718,0.2305874089982036,1.0,1.0,1.0
morph_prs_nu_1gram_psalm,Fluch,1,608,0.0016420361247947454,0.001984126984126984,nan,nan,0.21792763157894737,nan,nan,0.8362424831628157,0.7975951903807615,1.0,2000,0.9192378014665723,1.0,0.9639278557114228,1.0,1.0,1.0
morph_prs_nu_1gram_psalm,Hymnus,2850,17485,0.140152446520777,0.16448234119208904,0.11858420272373418,0.25994769555066055,0.48696991406167695,0.4689189153090318,0.5172878137774455,0.987278718495053,0.8600699650174912,1.0,2000,1.0,1.0,1.0,1.0,1.0,1.0
morph_prs_nu_1gram_psalm,Klagelied des Einzelnen,4095,19594,0.17286504284689097,0.23500361079262028,0.16650827127273948,0.295974324750282,0.6261376953374503,0.5585592074738934,0.6875100121434227,5.766559253525068e-143,0.0004997501249375312,0.7456271864067966,2000,9.322604126532194e-142,4.807734467857626e-141,0.00098930126773348,0.0051018982887421375,1.0,1.0
morph_prs_nu_1gram_psalm,Klagelied des Volkes,406,8034,0.0481042654028436,0.071879537682584,0.04947530471636278,0.10531478886630312,0.6711142055132682,0.5555053106764317,0.8595869613041247,1.1172797368570419e-31,0.0004997501249375312,0.6376811594202898,2000,2.7094033618783266e-30,1.3972589368199616e-29,0.00440688746535823,0.02272663783166952,1.0,1.0
morph_prs_nu_1gram_psalm,Königspsalm,45,2964,0.014955134596211365,0.04519970832043749,0.014982037002611939,0.3830262316687254,0.6857737291947819,0.5476747560436229,0.8750033896541994,9.181064067861216e-06,0.0034982508745627187,0.5922038980509745,2000,4.048014611738809e-05,0.00020875904533862618,0.01686113465006627,0.08695409257334424,1.0,1.0
morph_prs_nu_1gram_psalm,Liturgie,153,5161,0.028791870530673693,0.04391715471647445,0.024513767533165295,0.07402468469017831,0.6173089270585196,0.48985528221098984,0.8371794161197799,3.6503423000999496e-07,0.004497751124437781,0.7661169415292354,2000,9.079056489992183e-07,4.68213518777812e-06,0.013850217748268723,0.07142657604238993,1.0,1.0
morph_prs_nu_1gram_psalm,Mischgedicht,45,2879,0.015389876880984952,0.02261212116482427,0.008735888924961034,0.054271552662314565,0.5808652695766277,0.4511421579686709,0.8316923364253369,0.031141584715440086,0.07396301849075462,0.8700649675162418,2000,0.05478358584627414,0.28252291996007217,0.12841824701684246,0.6622622006737381,1.0,1.0
morph_prs_nu_1gram_psalm,Thronbesteigungslied,21,2097,0.009915014164305949,0.13202064661837984,0.008197725333613726,0.5351583796989241,0.8101596384858187,0.6417194461013793,0.9952098328745341,4.83730708029099e-07,0.0014992503748125937,0.3468265867066467,2000,1.4218751114794729e-06,7.332712930492748e-06,0.004277273128141811,0.02205820730720865,0.8995628767894535,1.0
morph_prs_nu_1gram_psalm,Wallfahrtslied,0,305,0.0,nan,nan,nan,nan,nan,nan,nan,nan,0.0004997501249375312,2000,nan,nan,nan,nan,0.0004997501249375312,0.002577247589158399
morph_prs_nu_1gram_psalm,Weisheitsgedicht,55,3254,0.01662133575098217,0.02377759373858572,0.009122026064867297,0.05265605386541709,0.6384701346594401,0.4519662699617079,0.8503462229173463,0.00021001795506979306,0.018490754622688656,0.7151424287856072,2000,0.00039486334787750823,0.002036338883340009,0.033214874044459254,0.17129151106462026,1.0,1.0
morph_prs_nu_1gram_psalm,Zionslied,15,1805,0.008241758241758242,0.019211439047091272,0.006762108900638056,0.05900244199260536,0.7579132040627885,0.635190671584729,0.9732116120838502,0.00028543610227572703,0.0069965017491254375,0.42628685657171417,2000,0.0007999915208105558,0.004125614212930688,0.01939030484757621,0.0999972064593459,0.7195188120225602,1.0
morph_prs_nu_1gram_psalm,prophetische Gerichtsrede,1,605,0.0016501650165016502,0.002066115702479339,nan,nan,0.20330578512396694,nan,nan,0.8484379727955993,0.8181362725450901,1.0,2000,0.8716164137866863,1.0,0.8533249294287499,1.0,1.0,1.0
morph_prs_nu_1gram_psalm,"prophetische Schelt-, Droh- und Mahnrede",21,2088,0.00995732574679943,0.02974535156768922,0.00403933562213865,0.1277162174002843,0.600654533844189,0.4106525680926606,0.9806914807599711,0.05598351369642803,0.09995002498750624,0.8185907046476761,2000,0.45253340237945994,1.0,0.8079293686490089,1.0,1.0,1.0
morph_prs_nu_1gram_psalm,prophetische Tora,0,304,0.0,nan,nan,nan,nan,nan,nan,nan,nan,0.0004997501249375312,2000,nan,nan,nan,nan,0.0004997501249375312,0.002577247589158399
morph_prs_nu_1gram_psalm,prophetisches Stück,28,2381,0.011623080116230802,0.029414905684445977,0.00881646001744752,0.1373600151231823,0.6563643727125458,0.5034287982974125,0.9841762571289298,0.002193422159365315,0.02498750624687656,0.6696651674162919,2000,0.028418959105693545,0.1465586303769212,0.2948942195568882,1.0,1.0,1.0
morph_prs_nu_sp_plus,Danklied Israels,6,1206,0.0049504950495049506,0.00746293187251049,0.0023760792595648567,0.023533270154160846,0.5474018794914317,0.16155414990105538,0.9500586034403411,0.34440464012222904,0.3028485757121439,0.9845077461269365,2000,0.9622723208019656,1.0,0.9855019298861208,1.0,1.0,1.0
morph_prs_nu_sp_plus,Danklied des Einzelnen,276,6760,0.03922683342808414,0.041040492734077505,0.025272447273881043,0.07082331211490442,0.5035669110710916,0.42653133009148037,0.6286916790274183,0.42027898958361254,0.45577211394302847,1.0,2000,0.6271855690709295,1.0,0.6698468947344509,1.0,1.0,1.0
morph_prs_nu_sp_plus,Fluch,1,608,0.0016420361247947454,0.002793296089385475,nan,nan,0.4128289473684211,nan,nan,0.6195572863993559,0.6072144288577155,1.0,2000,0.9192378014665723,1.0,0.9639278557114228,1.0,1.0,1.0
morph_prs_nu_sp_plus,Hymnus,2850,17485,0.140152446520777,0.1428365323607449,0.10209940692988263,0.1797437058525501,0.4796745782098942,0.4340088729975069,0.5747199977592864,0.9997543009823496,0.8110944527736131,1.0,2000,1.0,1.0,1.0,1.0,1.0,1.0
morph_prs_nu_sp_plus,Klagelied des Einzelnen,4095,19594,0.17286504284689097,0.23262613771414095,0.15574614226043823,0.30893620203713046,0.5685113294381438,0.509588009345405,0.6375470521265325,1.0776506263788597e-43,0.001999000499750125,0.9480259870064968,2000,2.0906422151749877e-43,1.0781593320313877e-42,0.0035255099722865837,0.018181310265335617,1.0,1.0
morph_prs_nu_sp_plus,Klagelied des Volkes,406,8034,0.0481042654028436,0.05633473071122806,0.03610837552912357,0.07984418411562602,0.5862197728618886,0.47502675557129626,0.7714588161549444,2.1629363803130134e-09,0.014992503748125937,0.8910544727636182,2000,9.536583131380105e-09,4.9180849904200224e-08,0.06059470264867567,0.3124912701854559,1.0,1.0
morph_prs_nu_sp_plus,Königspsalm,45,2964,0.014955134596211365,0.025965166832767842,0.01178661869400875,0.0613340058237813,0.7052706552706552,0.586460210856161,0.8571749301899358,1.1040391811518259e-06,0.0009995002498750624,0.48825587206396803,2000,9.352138228182176e-06,4.822965417981929e-05,0.015148675662168916,0.07812281754636398,1.0,1.0
morph_prs_nu_sp_plus,Liturgie,153,5161,0.028791870530673693,0.04317383172316884,0.02537684866768253,0.0679993871262067,0.6620987218112718,0.5598514846559878,0.8463912816494765,3.8423268169840605e-12,0.0004997501249375312,0.6026986506746627,2000,3.9167715726366985e-11,2.0199074675817027e-10,0.006059470264867566,0.03124912701854559,1.0,1.0
morph_prs_nu_sp_plus,Mischgedicht,45,2879,0.015389876880984952,0.033024154665790124,0.01180826274552043,0.13251974651966483,0.660225386901316,0.5508794139185739,0.8712348473265156,0.0001104553494740994,0.008995502248875561,0.6126936531734133,2000,0.00046583343039076705,0.0024023367389334064,0.037937552962649106,0.19564670829002453,1.0,1.0
morph_prs_nu_sp_plus,Thronbesteigungslied,21,2097,0.009915014164305949,0.04524735359707166,0.010555076642264264,0.11166370160378354,0.8528283034720803,0.6739560280118219,0.9482138598872193,1.261722612832341e-08,0.0009995002498750624,0.20739630184907545,2000,1.9982033621991596e-07,1.0304879460549858e-06,0.0031274685238026146,0.016128581686991272,0.8995628767894535,1.0
morph_prs_nu_sp_plus,Wallfahrtslied,0,305,0.0,nan,nan,nan,nan,nan,nan,nan,nan,0.0004997501249375312,2000,nan,nan,nan,nan,0.0004997501249375312,0.002577247589158399
morph_prs_nu_sp_plus,Weisheitsgedicht,55,3254,0.01662133575098217,0.027456993391412318,0.009208821870490498,0.06115210517064416,0.6769458568475163,0.525726468523047,0.8694801881520882,3.2854847033330333e-06,0.005497251374312844,0.5557221389305347,2000,1.0623067207443474e-05,5.478392697405254e-05,0.015683334803186642,0.08088009345976506,1.0,1.0
morph_prs_nu_sp_plus,Zionslied,15,1805,0.008241758241758242,0.0321714828294595,0.007358333507541584,0.12974558859368718,0.750415512465374,0.590271801575671,0.9760887058164137,0.0004119501624263911,0.010494752623688156,0.3778110944527736,2000,0.0009989791438839983,0.005151807796979307,0.022130239228211983,0.11412724650251434,0.7195188120225602,1.0
morph_prs_nu_sp_plus,prophetische Gerichtsrede,1,605,0.0016501650165016502,0.0027397260273972603,nan,nan,0.4,nan,nan,0.6363417650237413,0.624248496993988,1.0,2000,0.7993302292188865,1.0,0.760156114698533,1.0,1.0,1.0
morph_prs_nu_sp_plus,"prophetische Schelt-, Droh- und Mahnrede",21,2088,0.00995732574679943,0.013451573091589012,0.0037208378433410843,0.130437368123153,0.4786307243203795,0.34417058025635977,0.9403802824561267,0.6321803832299776,0.5702148925537232,1.0,2000,0.9904531834126397,1.0,0.9838981608097049,1.0,1.0,1.0
morph_prs_nu_sp_plus,prophetische Tora,0,304,0.0,nan,nan,nan,nan,nan,nan,nan,nan,0.0004997501249375312,2000,nan,nan,nan,nan,0.0004997501249375312,0.002577247589158399
morph_prs_nu_sp_plus,prophetisches Stück,28,2381,0.011623080116230802,0.011370719417484722,0.003969386073059717,0.0397143131884155,0.4606932861342773,0.33079059861522675,1.0,0.763094634916563,0.6821589205397302,1.0,2000,0.9975015437452767,1.0,0.9930034982508745,1.0,1.0,1.0
morph_prs_nu_sp_plus_psalm,Danklied Israels,6,1206,0.0049504950495049506,0.005082070192627528,0.0024098829963258442,0.010717233434588351,0.441404090657822,0.2572751947095283,0.848807737127947,0.69019571762551,0.6376811594202898,1.0,2000,0.9622723208019656,1.0,0.9855019298861208,1.0,1.0,1.0
morph_prs_nu_sp_plus_psalm,Danklied des Einzelnen,276,6760,0.03922683342808414,0.04601991811704514,0.028197297752394396,0.06128581841533318,0.5560307863819569,0.4883109487930163,0.6305865616281517,0.0007872096921861844,0.034482758620689655,0.9435282358820589,2000,0.003181639172585829,0.01640794364612462,0.1811462689707778,0.9341844287649419,1.0,1.0
morph_prs_nu_sp_plus_psalm,Fluch,1,608,0.0016420361247947454,0.0019120458891013384,nan,nan,0.17845394736842105,nan,nan,0.8676570395961031,0.8637274549098196,1.0,2000,0.9192378014665723,1.0,0.9639278557114228,1.0,1.0,1.0
morph_prs_nu_sp_plus_psalm,Hymnus,2850,17485,0.140152446520777,0.16104124527909428,0.11372629657496858,0.2532442324295552,0.48566043074515,0.45935758869047166,0.51524052788141,0.993034655354416,0.8460769615192404,1.0,2000,1.0,1.0,1.0,1.0,1.0,1.0
morph_prs_nu_sp_plus_psalm,Klagelied des Einzelnen,4095,19594,0.17286504284689097,0.2432550359724917,0.16765795027521105,0.31455315055258953,0.6374594749607508,0.586371520484303,0.7139466652390302,2.4656893995259226e-169,0.0004997501249375312,0.7021489255372314,2000,5.979296793850363e-168,3.0835666621873598e-167,0.00098930126773348,0.0051018982887421375,1.0,1.0
morph_prs_nu_sp_plus_psalm,Klagelied des Volkes,406,8034,0.0481042654028436,0.0682088806230136,0.04559941049370011,0.09517241642479843,0.6427800382855622,0.5324983238442756,0.8224509326722148,1.2054840436334844e-22,0.0004997501249375312,0.6831584207896052,2000,1.063017747567709e-21,5.482059514230091e-21,0.00440688746535823,0.02272663783166952,1.0,1.0
morph_prs_nu_sp_plus_psalm,Königspsalm,45,2964,0.014955134596211365,0.020717798616685577,0.009041370827385617,0.04234302447412062,0.6422777028040186,0.5220041606863302,0.8069770469169084,0.000517480121566369,0.011494252873563218,0.6846576711644178,2000,0.0012870659433830204,0.006637492286943211,0.03185550082101806,0.16428112489749683,1.0,1.0
morph_prs_nu_sp_plus_psalm,Liturgie,153,5161,0.028791870530673693,0.03781366063168366,0.021157299549629516,0.05768523541025531,0.6018555455509078,0.4878926659515475,0.8136534989615457,8.514109319993596e-06,0.005497251374312844,0.8025987006496752,2000,1.6517372080787575e-05,8.518128410625851e-05,0.014411713062387725,0.07432224804410843,1.0,1.0
morph_prs_nu_sp_plus_psalm,Mischgedicht,45,2879,0.015389876880984952,0.02773402627974054,0.008380275308978665,0.07377557059745637,0.5798695534714986,0.4611944878757884,0.7717993743215285,0.03278938138528776,0.07546226886556721,0.8745627186406797,2000,0.055799473585489694,0.2877619266077967,0.12841824701684246,0.6622622006737381,1.0,1.0
morph_prs_nu_sp_plus_psalm,Thronbesteigungslied,21,2097,0.009915014164305949,0.16575981986562108,0.010805617157408963,0.7453644255195422,0.8304380407384699,0.5574439783233904,0.9878481708318068,9.031152294155544e-08,0.0009995002498750624,0.2958520739630185,2000,4.380108862665438e-07,2.2588538638118236e-06,0.0031274685238026146,0.016128581686991272,0.8995628767894535,1.0
morph_prs_nu_sp_plus_psalm,Wallfahrtslied,0,305,0.0,nan,nan,nan,nan,nan,nan,nan,nan,0.0004997501249375312,2000,nan,nan,nan,nan,0.0004997501249375312,0.002577247589158399
morph_prs_nu_sp_plus_psalm,Weisheitsgedicht,55,3254,0.01662133575098217,0.021436556918284177,0.007359841101352784,0.05757691055123093,0.5821925462367995,0.4209720988238591,0.8346427723636383,0.01814842629314255,0.06596701649175413,0.8685657171414293,2000,0.027083036160535808,0.13966917899331313,0.09695152423788107,0.4999860322967295,1.0,1.0
morph_prs_nu_sp_plus_psalm,Zionslied,15,1805,0.008241758241758242,0.033077570583176424,0.0073250437953931245,0.18181199007501564,0.7573961218836565,0.5279683765938354,0.9664270805264881,0.0002929627369157373,0.009495252373813094,0.44877561219390305,2000,0.0007999915208105558,0.004125614212930688,0.02192951143475881,0.11309207873378406,0.7195188120225602,1.0
morph_prs_nu_sp_plus_psalm,prophetische Gerichtsrede,1,605,0.0016501650165016502,0.0022026431718061676,nan,nan,0.2528925619834711,nan,nan,0.8045064896580332,0.7394789579158316,1.0,2000,0.8670792166314357,1.0,0.815107487702678,1.0,1.0,1.0
morph_prs_nu_sp_plus_psalm,"prophetische Schelt-, Droh- und Mahnrede",21,2088,0.00995732574679943,0.03355545988074013,0.0034807432503806564,0.2303555448328853,0.5727513227513228,0.4116325377323304,0.9922334037757674,0.12533640526919027,0.1454272863568216,0.8935532233883059,2000,0.8105087540740971,1.0,0.9404297851074463,1.0,1.0,1.0
morph_prs_nu_sp_plus_psalm,prophetische Tora,0,304,0.0,nan,nan,nan,nan,nan,nan,nan,nan,0.0004997501249375312,2000,nan,nan,nan,nan,0.0004997501249375312,0.002577247589158399
morph_prs_nu_sp_plus_psalm,prophetisches Stück,28,2381,0.011623080116230802,0.023323579899101124,0.0072064605236845354,0.18250105564802388,0.6381922361552769,0.4991418293982737,0.947038586814877,0.005905314399508206,0.033483258370814596,0.6986506746626686,2000,0.05078322602000994,0.26189277460634314,0.2948942195568882,1.0,1.0,1.0
morph_prs_ps_1_2_3gram,Danklied Israels,6,1206,0.0049504950495049506,0.009530006694360703,0.0032106213408063513,0.032999360987334664,0.6058595909342178,0.27353559133398525,0.9358403293446095,0.18537522654921856,0.16941529235382308,0.8045977011494253,2000,0.9622723208019656,1.0,0.9844308614923308,1.0,1.0,1.0
morph_prs_ps_1_2_3gram,Danklied des Einzelnen,276,6760,0.03922683342808414,0.03766783431012639,0.02225605659156333,0.06694812729738846,0.46973217348426377,0.3977100081030578,0.5705828971014886,0.9561168404239168,0.7766116941529235,1.0,2000,0.9611378590218405,1.0,0.7866066966516742,1.0,1.0,1.0
morph_prs_ps_1_2_3gram,Fluch,1,608,0.0016420361247947454,0.0030211480362537764,nan,nan,0.45805921052631576,nan,nan,0.5587864258365597,0.532565130260521,1.0,2000,0.9192378014665723,1.0,0.9639278557114228,1.0,1.0,1.0
morph_prs_ps_1_2_3gram,Hymnus,2850,17485,0.140152446520777,0.13541308544788572,0.09622985005766545,0.1678526845767211,0.45630619729191435,0.41650740174678275,0.5928014059631029,0.9999999999999662,0.9740129935032483,1.0,2000,1.0,1.0,1.0,1.0,1.0,1.0
morph_prs_ps_1_2_3gram,Klagelied des Einzelnen,4095,19594,0.17286504284689097,0.1813850646204899,0.122910147816891,0.23286623896334288,0.5117906692674479,0.46563357390496657,0.6310313366073603,0.008726313195337959,0.29735132433783107,1.0,2000,0.009510700898289686,0.04904737335360875,0.32407953326707434,1.0,1.0,1.0
morph_prs_ps_1_2_3gram,Klagelied des Volkes,406,8034,0.0481042654028436,0.059581281782499815,0.036269228010785005,0.09044006157759167,0.5717060252547363,0.45396465851694456,0.7745084289787408,5.226994322577002e-07,0.029985007496251874,0.9225387306346826,2000,2.028073797159877e-06,1.045892345703559e-05,0.10772391581986784,0.5555400358852549,1.0,1.0
morph_prs_ps_1_2_3gram,Königspsalm,45,2964,0.014955134596211365,0.020012880098497624,0.008873491398243413,0.04406583249100518,0.6327560353876144,0.49956729165790364,0.9085063958755225,0.001102179444734267,0.02848575712143928,0.6941529235382309,2000,0.0025455096699815213,0.013127377728938678,0.06140263201732467,0.3166578204545953,1.0,1.0
morph_prs_ps_1_2_3gram,Liturgie,153,5161,0.028791870530673693,0.04385366159178643,0.026307097182867237,0.0722046914855611,0.6573306840013019,0.5412093032227288,0.8740080985612019,1.536957275442013e-11,0.0009995002498750624,0.6036981509245377,2000,1.2423737976489608e-10,6.407011654523522e-10,0.006059470264867566,0.03124912701854559,1.0,1.0
morph_prs_ps_1_2_3gram,Mischgedicht,45,2879,0.015389876880984952,0.026594176858504202,0.012045890389030688,0.0653008819873113,0.646486048396434,0.55425697265688,0.8061023802996868,0.00036631653031955015,0.012993503248375811,0.6411794102948526,2000,0.0013160260533702356,0.006786841671609483,0.04847576211894053,0.24999301614836472,1.0,1.0
morph_prs_ps_1_2_3gram,Thronbesteigungslied,21,2097,0.009915014164305949,0.05256518188321708,0.012734832865592743,0.17021611704217088,0.87526398256012,0.7125538279283441,0.9566527501524699,1.5525088305654133e-09,0.0004997501249375312,0.17991004497751126,2000,7.529667828242254e-08,3.883104233325932e-07,0.0023083696247114534,0.01190442934039832,0.8995628767894535,1.0
morph_prs_ps_1_2_3gram,Wallfahrtslied,0,305,0.0,nan,nan,nan,nan,nan,nan,nan,nan,0.0004997501249375312,2000,nan,nan,nan,nan,0.0004997501249375312,0.002577247589158399
morph_prs_ps_1_2_3gram,Weisheitsgedicht,55,3254,0.01662133575098217,0.037097914479429325,0.014034787510892493,0.0893526043686122,0.7357545957423032,0.5871774503725449,0.8900716400622329,9.559443684373706e-10,0.0009995002498750624,0.4062968515742129,2000,1.5454433956404157e-08,7.969963521455659e-08,0.007457809556760082,0.038460464022825346,1.0,1.0
morph_prs_ps_1_2_3gram,Zionslied,15,1805,0.008241758241758242,0.01827852453570843,0.00810455720953047,0.045822314506002444,0.7664819944598338,0.6465078837570072,0.9450841524762768,0.00018596216278450774,0.004997501249375313,0.3523238380809595,2000,0.0006220113720723189,0.0032077576955140867,0.017312772185335903,0.0892832200529874,0.7195188120225602,1.0
morph_prs_ps_1_2_3gram,prophetische Gerichtsrede,1,605,0.0016501650165016502,0.003205128205128205,nan,nan,0.48760330578512395,nan,nan,0.5182376049999402,0.4744488977955912,1.0,2000,0.7993302292188865,1.0,0.735296680317156,1.0,1.0,1.0
morph_prs_ps_1_2_3gram,"prophetische Schelt-, Droh- und Mahnrede",21,2088,0.00995732574679943,0.019054189503370032,0.003913894324853229,0.17486005899228718,0.47600802773216566,0.330199645342556,0.9973574090171675,0.6476746835675128,0.5817091454272864,1.0,2000,0.9904531834126397,1.0,0.9838981608097049,1.0,1.0,1.0
morph_prs_ps_1_2_3gram,prophetische Tora,0,304,0.0,nan,nan,nan,nan,nan,nan,nan,nan,0.0004997501249375312,2000,nan,nan,nan,nan,0.0004997501249375312,0.002577247589158399
morph_prs_ps_1_2_3gram,prophetisches Stück,28,2381,0.011623080116230802,0.012046443406621726,0.005627324152322811,0.024819742481518064,0.49334013319733605,0.36726446087987985,0.8293415680853198,0.5483435101176927,0.49775112443778113,1.0,2000,0.9975015437452767,1.0,0.9930034982508745,1.0,1.0,1.0
morph_prs_ps_1_2_3gram_psalm,Danklied Israels,6,1206,0.0049504950495049506,0.010382058424864709,0.003405359431057744,0.02399400370822613,0.6825594250967385,0.349912825041865,0.8916694532886557,0.06127873280341107,0.10044977511244378,0.5787106446776612,2000,0.9622723208019656,1.0,0.9844308614923308,1.0,1.0,1.0
morph_prs_ps_1_2_3gram_psalm,Danklied des Einzelnen,276,6760,0.03922683342808414,0.04334748044838297,0.024957654557093315,0.058785845275430286,0.515846357516508,0.39238969662291734,0.5756229558448619,0.18570605104926258,0.2178910544727636,0.9965017491254373,2000,0.3290193797372312,1.0,0.43133535273179735,1.0,1.0,1.0
morph_prs_ps_1_2_3gram_psalm,Fluch,1,608,0.0016420361247947454,0.0026455026455026454,nan,nan,0.4128289473684211,nan,nan,0.6195927954480419,0.5671342685370742,1.0,2000,0.9192378014665723,1.0,0.9639278557114228,1.0,1.0,1.0
morph_prs_ps_1_2_3gram_psalm,Hymnus,2850,17485,0.140152446520777,0.17072983966696031,0.12714857642718794,0.2677764742292539,0.48552832753889297,0.4628444409934567,0.5279624212121619,0.9934610894383138,0.8735632183908046,1.0,2000,1.0,1.0,1.0,1.0,1.0,1.0
morph_prs_ps_1_2_3gram_psalm,Klagelied des Einzelnen,4095,19594,0.17286504284689097,0.20569675510133106,0.14448151017534455,0.2822228719255869,0.567659949975965,0.49888743009498454,0.6182554438416331,1.1496107425777879e-42,0.0004997501249375312,0.912543728135932,2000,2.1865145496087335e-42,1.1276013892629383e-41,0.00098930126773348,0.0051018982887421375,1.0,1.0
morph_prs_ps_1_2_3gram_psalm,Klagelied des Volkes,406,8034,0.0481042654028436,0.0681124393964337,0.046077372730941035,0.0950031956717849,0.6504480342779639,0.5302054038262197,0.845613543808433,6.235134586719963e-25,0.0004997501249375312,0.6731634182908546,2000,7.560100686397956e-24,3.8987986786895596e-23,0.00440688746535823,0.02272663783166952,1.0,1.0
morph_prs_ps_1_2_3gram_psalm,Königspsalm,45,2964,0.014955134596211365,0.016665142368456485,0.007248443987550277,0.034705540989511514,0.5627305443094917,0.42354307351784154,0.8531867656385724,0.07402181242164353,0.10694652673663169,0.9280359820089955,2000,0.10405964934636845,0.5366431482935995,0.15717898626444354,0.810583415996213,1.0,1.0
morph_prs_ps_1_2_3gram_psalm,Liturgie,153,5161,0.028791870530673693,0.040445923981362375,0.02462386648394071,0.0664284389030234,0.6312464144735592,0.5001802621867448,0.8558855929389857,1.4982068308703745e-08,0.00399800099950025,0.7286356821589205,2000,5.813042503777053e-08,2.9978281206847963e-07,0.013372624032811179,0.06896359066161785,1.0,1.0
morph_prs_ps_1_2_3gram_psalm,Mischgedicht,45,2879,0.015389876880984952,0.020979530915925144,0.009480764602847639,0.04666146221664759,0.5723939639535333,0.49155869213096354,0.7808807026853416,0.047565140279940375,0.09145427286356822,0.8985507246376812,2000,0.07441642914764865,0.38377091479172315,0.1454272863568216,0.7499790484450942,1.0,1.0
morph_prs_ps_1_2_3gram_psalm,Thronbesteigungslied,21,2097,0.009915014164305949,0.17833385234798793,0.0092436980508982,0.7801638122153863,0.8350478007130367,0.6327723063586376,0.9969368501026337,6.082719979051309e-08,0.0004997501249375312,0.30134932533733133,2000,3.9334922531198463e-07,2.0285304436079055e-06,0.0023083696247114534,0.01190442934039832,0.8995628767894535,1.0
morph_prs_ps_1_2_3gram_psalm,Wallfahrtslied,0,305,0.0,nan,nan,nan,nan,nan,nan,nan,nan,0.0004997501249375312,2000,nan,nan,nan,nan,0.0004997501249375312,0.002577247589158399
morph_prs_ps_1_2_3gram_psalm,Weisheitsgedicht,55,3254,0.01662133575098217,0.028252837137776574,0.009638918367842328,0.0629738631350246,0.6654355478571827,0.49768106323922584,0.8710390617993427,1.2545292071688413e-05,0.00849575212393803,0.6281859070464768,2000,3.288900894469665e-05,0.00016961100114406947,0.02113046041082023,0.10897131473133846,1.0,1.0
morph_prs_ps_1_2_3gram_psalm,Zionslied,15,1805,0.008241758241758242,0.023652760259616268,0.008695652173913044,0.05698089108106016,0.8234349030470914,0.716441361239595,0.9638113072215938,7.796823051287143e-06,0.0014992503748125937,0.3293353323338331,2000,7.146277559207899e-05,0.00036853870948461577,0.00908920539730135,0.04687369052781838,0.7195188120225602,1.0
morph_prs_ps_1_2_3gram_psalm,prophetische Gerichtsrede,1,605,0.0016501650165016502,0.002898550724637681,nan,nan,0.43305785123966944,nan,nan,0.5926795352662407,0.5340681362725451,1.0,2000,0.7993302292188865,1.0,0.7400658459776697,1.0,1.0,1.0
morph_prs_ps_1_2_3gram_psalm,"prophetische Schelt-, Droh- und Mahnrede",21,2088,0.00995732574679943,0.04205024159011923,0.00366483096061076,0.15902036260951352,0.6258210180623974,0.4512531371415765,0.998815750406314,0.02347350103404626,0.06796601699150424,0.7461269365317341,2000,0.29743166700354706,1.0,0.7971569770670222,1.0,1.0,1.0
morph_prs_ps_1_2_3gram_psalm,prophetische Tora,0,304,0.0,nan,nan,nan,nan,nan,nan,nan,nan,0.0004997501249375312,2000,nan,nan,nan,nan,0.0004997501249375312,0.002577247589158399
morph_prs_ps_1_2_3gram_psalm,prophetisches Stück,28,2381,0.011623080116230802,0.022229151762811615,0.006198792256606847,0.11809829764496131,0.627002459950801,0.47823158324821585,0.9732378785353223,0.010337872627764366,0.05147426286856572,0.7416291854072964,2000,0.07162668892093882,0.3693840223931173,0.33286689988339163,1.0,1.0,1.0
morph_prs_ps_1_2gram,Danklied Israels,6,1206,0.0049504950495049506,0.014194205107842427,0.003508506303639458,0.052607417872226954,0.6462133775566611,0.26607205454417876,0.9569448536066145,0.10813778409287489,0.11544227886056972,0.6471764117941029,2000,0.9622723208019656,1.0,0.9844308614923308,1.0,1.0,1.0
morph_prs_ps_1_2gram,Danklied des Einzelnen,276,6760,0.03922683342808414,0.04021060339411349,0.023322264301441013,0.07325825803388299,0.48874855286853613,0.41582926446701923,0.5862622563145483,0.7371760226515639,0.5972013993003499,1.0,2000,0.8827910394716258,1.0,0.7151671078041227,1.0,1.0,1.0
morph_prs_ps_1_2gram,Fluch,1,608,0.0016420361247947454,0.002770083102493075,nan,nan,0.4087171052631579,nan,nan,0.6249619209106501,0.6047094188376754,1.0,2000,0.9192378014665723,1.0,0.9639278557114228,1.0,1.0,1.0
morph_prs_ps_1_2gram,Hymnus,2850,17485,0.140152446520777,0.14008457892452775,0.09808680912747918,0.17402185346452453,0.46542994747377453,0.42709896837621025,0.599587835843534,0.9999999984674142,0.9460269865067467,1.0,2000,1.0,1.0,1.0,1.0,1.0,1.0
morph_prs_ps_1_2gram,Klagelied des Einzelnen,4095,19594,0.17286504284689097,0.189124154610618,0.12899609712265409,0.2442863908746328,0.5214995545096597,0.47518151842574846,0.6447809824212822,7.30892305275963e-06,0.1539230384807596,0.999000499750125,2000,8.645921172166879e-06,4.4587641673538325e-05,0.18432758929177384,0.9505907280703251,1.0,1.0
morph_prs_ps_1_2gram,Klagelied des Volkes,406,8034,0.0481042654028436,0.05794160645245004,0.036412579541739924,0.08535108643086005,0.5708632400965846,0.46416019181079704,0.7610482541251987,6.982485745148971e-07,0.02848575712143928,0.9185407296351824,2000,2.6050042972286547e-06,1.343419583060442e-05,0.10627378618383115,0.5480616123252612,1.0,1.0
morph_prs_ps_1_2gram,Königspsalm,45,2964,0.014955134596211365,0.01927363596848993,0.007871319937535544,0.04295188907954867,0.6026840605787974,0.47127004663908906,0.8393122899464536,0.00894777281795568,0.05847076461769116,0.8035982008995503,2000,0.01607285117299446,0.08288885758993995,0.09950288013887792,0.5131435594624328,1.0,1.0
morph_prs_ps_1_2gram,Liturgie,153,5161,0.028791870530673693,0.04431154410025636,0.02598847555209903,0.07205716299692355,0.6619302891343194,0.5532266516921317,0.8631275794302626,4.037908837769792e-12,0.0009995002498750624,0.6036981509245377,2000,3.9167715726366985e-11,2.0199074675817027e-10,0.006059470264867566,0.03124912701854559,1.0,1.0
morph_prs_ps_1_2gram,Mischgedicht,45,2879,0.015389876880984952,0.02593333289885326,0.010723756906146326,0.06414502132818502,0.6381806954575276,0.5583879324127538,0.8225447793741738,0.0007222927011384094,0.01649175412293853,0.6796601699150425,2000,0.0025022282860866327,0.012904172497499294,0.05332333833083459,0.2749923177632012,1.0,1.0
morph_prs_ps_1_2gram,Thronbesteigungslied,21,2097,0.009915014164305949,0.04395534159840148,0.011212244146879652,0.1702124694414052,0.8513522719531303,0.678748506117179,0.9534272095008771,1.4420024263292903e-08,0.0004997501249375312,0.22988505747126436,2000,1.9982033621991596e-07,1.0304879460549858e-06,0.0023083696247114534,0.01190442934039832,0.8995628767894535,1.0
morph_prs_ps_1_2gram,Wallfahrtslied,0,305,0.0,nan,nan,nan,nan,nan,nan,nan,nan,0.0004997501249375312,2000,nan,nan,nan,nan,0.0004997501249375312,0.002577247589158399
morph_prs_ps_1_2gram,Weisheitsgedicht,55,3254,0.01662133575098217,0.034849643519840046,0.012557368982708832,0.08436494262186985,0.7288875230485556,0.5804780195597224,0.8834208816764548,2.7680199538712364e-09,0.0009995002498750624,0.44627686156921537,2000,3.356224194068874e-08,1.7308291246391032e-07,0.007457809556760082,0.038460464022825346,1.0,1.0
morph_prs_ps_1_2gram,Zionslied,15,1805,0.008241758241758242,0.01830577560741811,0.007446401936318129,0.045671162906795626,0.7604986149584487,0.5762303174934988,0.8961689159683268,0.00025134242175437843,0.0069965017491254375,0.3758120939530235,2000,0.0007618817159429596,0.003929079189091352,0.01939030484757621,0.0999972064593459,0.7195188120225602,1.0
morph_prs_ps_1_2gram,prophetische Gerichtsrede,1,605,0.0016501650165016502,0.0030864197530864196,nan,nan,0.4677685950413223,nan,nan,0.5455107406644987,0.49498997995991983,1.0,2000,0.7993302292188865,1.0,0.735296680317156,1.0,1.0,1.0
morph_prs_ps_1_2gram,"prophetische Schelt-, Droh- und Mahnrede",21,2088,0.00995732574679943,0.018500782097147242,0.004099346928615631,0.16921210822592178,0.4763045064769203,0.3324698865040034,0.9626759786101844,0.645934831580073,0.5822088955522239,1.0,2000,0.9904531834126397,1.0,0.9838981608097049,1.0,1.0,1.0
morph_prs_ps_1_2gram,prophetische Tora,0,304,0.0,nan,nan,nan,nan,nan,nan,nan,nan,0.0004997501249375312,2000,nan,nan,nan,nan,0.0004997501249375312,0.002577247589158399
morph_prs_ps_1_2gram,prophetisches Stück,28,2381,0.011623080116230802,0.012290209777310325,0.005504312398984819,0.026421477373020735,0.5177296454070919,0.38969331896277215,0.8524206040046022,0.3733885546710196,0.36681659170414793,0.9995002498750625,2000,0.9975015437452767,1.0,0.9930034982508745,1.0,1.0,1.0
morph_prs_ps_1_2gram_psalm,Danklied Israels,6,1206,0.0049504950495049506,0.0331829865554626,0.006557377049180327,0.2222222222222222,0.7309286898839138,0.40393893854293844,0.9864244277455909,0.025386094383760972,0.0559720139930035,0.48125937031484256,2000,0.9622723208019656,1.0,0.9844308614923308,1.0,1.0,1.0
morph_prs_ps_1_2gram_psalm,Danklied des Einzelnen,276,6760,0.03922683342808414,0.043140555242438906,0.02445241209584767,0.059319155150478295,0.5124648936626361,0.39383078180772796,0.5765888124453912,0.24099918736063342,0.255872063968016,0.999000499750125,2000,0.41012142410493757,1.0,0.46829415480938774,1.0,1.0,1.0
morph_prs_ps_1_2gram_psalm,Fluch,1,608,0.0016420361247947454,0.002577319587628866,nan,nan,0.3963815789473684,nan,nan,0.6410652317436175,0.5851703406813628,1.0,2000,0.9192378014665723,1.0,0.9639278557114228,1.0,1.0,1.0
morph_prs_ps_1_2gram_psalm,Hymnus,2850,17485,0.140152446520777,0.1717215926223509,0.1285282056166931,0.26892456108418666,0.48672810278484313,0.46703344899129456,0.5244186702243627,0.9885740654563685,0.8415792103948025,1.0,2000,1.0,1.0,1.0,1.0,1.0,1.0
morph_prs_ps_1_2gram_psalm,Klagelied des Einzelnen,4095,19594,0.17286504284689097,0.2107599012845484,0.1502335490171919,0.27415986259812575,0.5745056141504034,0.501605379153401,0.6247381622501992,2.6898387959437363e-51,0.0004997501249375312,0.8855572213893054,2000,5.435715900136301e-51,2.8032380583651494e-50,0.00098930126773348,0.0051018982887421375,1.0,1.0
morph_prs_ps_1_2gram_psalm,Klagelied des Volkes,406,8034,0.0481042654028436,0.06686909423051791,0.046036062451056854,0.09364066540023856,0.6478841156611495,0.5287182045848642,0.8432188584602022,3.735725167792378e-24,0.0004997501249375312,0.6761619190404797,2000,4.026281569731786e-23,2.0763825662197143e-22,0.00440688746535823,0.02272663783166952,1.0,1.0
morph_prs_ps_1_2gram_psalm,Königspsalm,45,2964,0.014955134596211365,0.016521627693225127,0.007388397408758501,0.03543637513038435,0.5541910331384016,0.4128165109457259,0.8527678186645681,0.10573093503012565,0.1294352823588206,0.9395302348825587,2000,0.14244306524891928,0.7345892040567247,0.17936031984007997,0.9249741597489496,1.0,1.0
morph_prs_ps_1_2gram_psalm,Liturgie,153,5161,0.028791870530673693,0.0409510828240056,0.025401354804555975,0.06511656914921468,0.6410174093534592,0.5149179072569365,0.8599588223623047,1.3066473614507752e-09,0.001999000499750125,0.6946526736631684,2000,6.0354663838440564e-09,3.1125337265604526e-08,0.00881377493071646,0.04545327566333904,1.0,1.0
morph_prs_ps_1_2gram_psalm,Mischgedicht,45,2879,0.015389876880984952,0.021070108460761346,0.00946748106437471,0.04564082894325756,0.5778974180849832,0.5020150764939156,0.8023060967672859,0.036261923006897304,0.07946026986506746,0.879560219890055,2000,0.058623442194483975,0.30232533725286515,0.1328904513260611,0.6853256821998274,1.0,1.0
morph_prs_ps_1_2gram_psalm,Thronbesteigungslied,21,2097,0.009915014164305949,0.13120556579658693,0.008303040396485805,0.5646119183302598,0.8379771555737221,0.6314862628301219,0.9947700531615915,4.718246753693887e-08,0.0004997501249375312,0.296351824087956,2000,3.704539754868215e-07,1.910457982050328e-06,0.0023083696247114534,0.01190442934039832,0.8995628767894535,1.0
morph_prs_ps_1_2gram_psalm,Wallfahrtslied,0,305,0.0,nan,nan,nan,nan,nan,nan,nan,nan,0.0004997501249375312,2000,nan,nan,nan,nan,0.0004997501249375312,0.002577247589158399
morph_prs_ps_1_2gram_psalm,Weisheitsgedicht,55,3254,0.01662133575098217,0.028484041426484745,0.009706282672898497,0.06537498932830232,0.6681566743029558,0.501197451785753,0.87687635754291,9.207197501143852e-06,0.006496751624187906,0.6231884057971014,2000,2.551709021745582e-05,0.00013159348234979604,0.017505136320728525,0.09027525583135393,1.0,1.0
morph_prs_ps_1_2gram_psalm,Zionslied,15,1805,0.008241758241758242,0.023217028007630622,0.00783393005035206,0.06046858923218084,0.811320406278855,0.6713853481675083,0.9618993158986816,1.603065580226023e-05,0.001999000499750125,0.34632683658170915,2000,0.00010971030476856225,0.0005657839875596912,0.01020542360398748,0.052630108662813625,0.7195188120225602,1.0
morph_prs_ps_1_2gram_psalm,prophetische Gerichtsrede,1,605,0.0016501650165016502,0.0029411764705882353,nan,nan,0.4413223140495868,nan,nan,0.5815469756422109,0.5230460921843687,1.0,2000,0.7993302292188865,1.0,0.735296680317156,1.0,1.0,1.0
morph_prs_ps_1_2gram_psalm,"prophetische Schelt-, Droh- und Mahnrede",21,2088,0.00995732574679943,0.044011215273845876,0.003919648692156085,0.15206334232631943,0.6412151067323482,0.4611229923844241,0.9986542263019785,0.012877685534010083,0.0544727636181909,0.6941529235382309,2000,0.20818924946649636,1.0,0.7971569770670222,1.0,1.0,1.0
morph_prs_ps_1_2gram_psalm,prophetische Tora,0,304,0.0,nan,nan,nan,nan,nan,nan,nan,nan,0.0004997501249375312,2000,nan,nan,nan,nan,0.0004997501249375312,0.002577247589158399
morph_prs_ps_1_2gram_psalm,prophetisches Stück,28,2381,0.011623080116230802,0.021725555204047182,0.0067601697055023465,0.11979840705007225,0.6425946481070378,0.49731045720594047,0.9794536098207708,0.004689187244523391,0.03648175912043978,0.6916541729135433,2000,0.04548511627187689,0.23457003891482267,0.2948942195568882,1.0,1.0,1.0
morph_prs_ps_1gram,Danklied Israels,6,1206,0.0049504950495049506,0.014152075971211726,0.0034482758620689655,0.07328254568469802,0.6663902708678828,0.4303953452888193,0.9849989110256681,0.07968336303487283,0.10044977511244378,0.6011994002998501,2000,0.9622723208019656,1.0,0.9844308614923308,1.0,1.0,1.0
morph_prs_ps_1gram,Danklied des Einzelnen,276,6760,0.03922683342808414,0.04210034828146912,0.02262053625403978,0.08485052223869834,0.48991134979847356,0.41361048609213297,0.6019058369983517,0.7153473056330565,0.5832083958020989,1.0,2000,0.8732175461046136,1.0,0.7107758620689654,1.0,1.0,1.0
morph_prs_ps_1gram,Fluch,1,608,0.0016420361247947454,0.0028328611898017,nan,nan,0.42269736842105265,nan,nan,0.6064927354711028,0.5596192384769539,1.0,2000,0.9192378014665723,1.0,0.9639278557114228,1.0,1.0,1.0
morph_prs_ps_1gram,Hymnus,2850,17485,0.140152446520777,0.15067019877823234,0.10594659065207693,0.18816584510965811,0.4875475219360956,0.45613267786638195,0.5941192304380761,0.983633818877269,0.7201399300349826,1.0,2000,1.0,1.0,1.0,1.0,1.0,1.0
morph_prs_ps_1gram,Klagelied des Einzelnen,4095,19594,0.17286504284689097,0.2039486013971023,0.1326521257585686,0.2593902945515507,0.5445053075603244,0.49472126608961625,0.6513911452098733,1.4506901183216342e-19,0.014492753623188406,0.9790104947526237,2000,2.1002528578686345e-19,1.083115610074452e-18,0.021965579710144928,0.11327808544222777,1.0,1.0
morph_prs_ps_1gram,Klagelied des Volkes,406,8034,0.0481042654028436,0.05756219667784532,0.03555860413847703,0.08366204306211139,0.5681783761378673,0.473908662305886,0.7420515749406086,1.7196354216493815e-06,0.021989005497251374,0.9150424787606197,2000,6.177949477777407e-06,3.1860132900485975e-05,0.08531734132933533,0.4399877084211219,1.0,1.0
morph_prs_ps_1gram,Königspsalm,45,2964,0.014955134596211365,0.01879968275410531,0.007359139725582858,0.041159814017747716,0.5862648073174389,0.45721790086642927,0.8224492902500804,0.023342320349583084,0.08095952023988005,0.8615692153923038,2000,0.03773675123182599,0.19461115922092245,0.1246519597344185,0.6428391843815092,1.0,1.0
morph_prs_ps_1gram,Liturgie,153,5161,0.028791870530673693,0.04327326218506733,0.025066528443934817,0.07255513257023176,0.6626724060417941,0.5632896692011001,0.8502857111366626,3.2433255350979082e-12,0.0009995002498750624,0.6106946526736632,2000,3.9167715726366985e-11,2.0199074675817027e-10,0.006059470264867566,0.03124912701854559,1.0,1.0
morph_prs_ps_1gram,Mischgedicht,45,2879,0.015389876880984952,0.024061769430218954,0.010080708113702635,0.05525000661155466,0.6328547721045116,0.545286360926824,0.8034016440794862,0.0010963642216422717,0.013993003498250875,0.7016491754122939,2000,0.003222646348463647,0.016619420622108395,0.05020703933747412,0.25892133815366347,1.0,1.0
morph_prs_ps_1gram,Thronbesteigungslied,21,2097,0.009915014164305949,0.036329416497665176,0.008448951981840449,0.11879525062621171,0.8365465404092014,0.6440104899065515,0.957409063820545,5.346758409088145e-08,0.0004997501249375312,0.2748625687156422,2000,3.704539754868215e-07,1.910457982050328e-06,0.0023083696247114534,0.01190442934039832,0.8995628767894535,1.0
morph_prs_ps_1gram,Wallfahrtslied,0,305,0.0,nan,nan,nan,nan,nan,nan,nan,nan,0.0004997501249375312,2000,nan,nan,nan,nan,0.0004997501249375312,0.002577247589158399
morph_prs_ps_1gram,Weisheitsgedicht,55,3254,0.01662133575098217,0.03471965291276426,0.01137269549264743,0.08735121763677804,0.7128177906911773,0.542444557633095,0.8698804369096443,2.965481727610335e-08,0.0004997501249375312,0.49525237381309345,2000,2.181146215509613e-07,1.1248329004873757e-06,0.007457809556760082,0.038460464022825346,1.0,1.0
morph_prs_ps_1gram,Zionslied,15,1805,0.008241758241758242,0.02271852592364666,0.007832918417115961,0.06915084741793455,0.7826223453370268,0.5928469084564125,0.9442303085990178,8.005646847813276e-05,0.004997501249375313,0.3588205897051474,2000,0.0003235615600991199,0.0016686303996702842,0.017312772185335903,0.0892832200529874,0.7195188120225602,1.0
morph_prs_ps_1gram,prophetische Gerichtsrede,1,605,0.0016501650165016502,0.0035587188612099642,nan,nan,0.5388429752066116,nan,nan,0.44769930183361617,0.40230460921843686,0.9850074962518741,2000,0.7993302292188865,1.0,0.735296680317156,1.0,1.0,1.0
morph_prs_ps_1gram,"prophetische Schelt-, Droh- und Mahnrede",21,2088,0.00995732574679943,0.01434589330035583,0.003962222213008589,0.09732505106191129,0.4643541324575807,0.3367827886274127,0.9759669179681632,0.7133108369184065,0.6636681659170415,1.0,2000,0.9904531834126397,1.0,0.9838981608097049,1.0,1.0,1.0
morph_prs_ps_1gram,prophetische Tora,0,304,0.0,nan,nan,nan,nan,nan,nan,nan,nan,0.0004997501249375312,2000,nan,nan,nan,nan,0.0004997501249375312,0.002577247589158399
morph_prs_ps_1gram,prophetisches Stück,28,2381,0.011623080116230802,0.012006888796884099,0.005054920772410967,0.026671352699295988,0.500389992200156,0.3776187096430416,0.860104533981916,0.4972198375391192,0.4522738630684658,1.0,2000,0.9975015437452767,1.0,0.9930034982508745,1.0,1.0,1.0
morph_prs_ps_1gram_psalm,Danklied Israels,6,1206,0.0049504950495049506,0.018474818682879892,0.005220294071957974,0.12953073123136163,0.7234660033167496,0.46057764840243154,0.9781708888847672,0.029356921161983292,0.06746626686656672,0.49975012493753124,2000,0.9622723208019656,1.0,0.9844308614923308,1.0,1.0,1.0
morph_prs_ps_1gram_psalm,Danklied des Einzelnen,276,6760,0.03922683342808414,0.04336693727030909,0.023189229571813675,0.059549272423733736,0.5164648722236514,0.4200145388861198,0.5920437918482879,0.17650227040033462,0.21239380309845077,0.9980009995002499,2000,0.3230324571477822,1.0,0.42921247709478594,1.0,1.0,1.0
morph_prs_ps_1gram_psalm,Fluch,1,608,0.0016420361247947454,0.0025906735751295338,nan,nan,0.40460526315789475,nan,nan,0.6304199670394302,0.5846693386773547,1.0,2000,0.9192378014665723,1.0,0.9639278557114228,1.0,1.0,1.0
morph_prs_ps_1gram_psalm,Hymnus,2850,17485,0.140152446520777,0.1704309422812223,0.1291207220960137,0.25440769947022857,0.49310928163990186,0.47239738454711716,0.5236914308305556,0.8813451067553262,0.6796601699150425,1.0,2000,1.0,1.0,1.0,1.0,1.0,1.0
morph_prs_ps_1gram_psalm,Klagelied des Einzelnen,4095,19594,0.17286504284689097,0.21776843362950038,0.1564894283982612,0.28275839091308796,0.5859963984389829,0.5076572462506614,0.6381503651442538,1.219715661556074e-67,0.0004997501249375312,0.8510744627686156,2000,3.0336517736138246e-67,1.5644761911504555e-66,0.00098930126773348,0.0051018982887421375,1.0,1.0
morph_prs_ps_1gram_psalm,Klagelied des Volkes,406,8034,0.0481042654028436,0.06616480688634827,0.04532520592608425,0.09101171442129212,0.6455323495832368,0.528475735069678,0.8389767974054354,1.879308878481495e-23,0.0004997501249375312,0.6836581709145427,2000,1.8229296121270498e-22,9.40098003706785e-22,0.00440688746535823,0.02272663783166952,1.0,1.0
morph_prs_ps_1gram_psalm,Königspsalm,45,2964,0.014955134596211365,0.017299099133435494,0.006899962360612465,0.03820643885672247,0.5457639826060878,0.40909092807055636,0.9202024182458769,0.1456588709940449,0.16141929035482258,0.9535232383808095,2000,0.19093122278949126,0.9846461442921925,0.21448864608791493,1.0,1.0,1.0
morph_prs_ps_1gram_psalm,Liturgie,153,5161,0.028791870530673693,0.04047906407270299,0.02546433285816933,0.06348311072707766,0.6473874572111348,0.5273071125481386,0.8590145758819641,2.435744304190772e-10,0.0004997501249375312,0.6766616691654173,2000,1.4766699844156555e-09,7.615294058792956e-09,0.006059470264867566,0.03124912701854559,1.0,1.0
morph_prs_ps_1gram_psalm,Mischgedicht,45,2879,0.015389876880984952,0.021057318589846188,0.009577846901586723,0.046186354330594655,0.5877580950175602,0.4920399753459594,0.755724779492458,0.021528132997044386,0.05847076461769116,0.8440779610194903,2000,0.038670905568764916,0.19942866079349067,0.1090704647676162,0.5624842863338207,1.0,1.0
morph_prs_ps_1gram_psalm,Thronbesteigungslied,21,2097,0.009915014164305949,0.11625674295874541,0.007190501203120918,0.5400401142868211,0.8229670504348616,0.6047814263511782,0.9939178869881519,1.6957937804814957e-07,0.0009995002498750624,0.3333333333333333,2000,6.326615257950196e-07,3.2626813096090857e-06,0.0031274685238026146,0.016128581686991272,0.8995628767894535,1.0
morph_prs_ps_1gram_psalm,Wallfahrtslied,0,305,0.0,nan,nan,nan,nan,nan,nan,nan,nan,0.0004997501249375312,2000,nan,nan,nan,nan,0.0004997501249375312,0.002577247589158399
morph_prs_ps_1gram_psalm,Weisheitsgedicht,55,3254,0.01662133575098217,0.03157221014953907,0.008720342888503183,0.07509114380211974,0.6666983293289378,0.48840297010591543,0.8709341684459315,1.0872677488952224e-05,0.0074962518740629685,0.6266866566716641,2000,2.9295825456343493e-05,0.00015108069365506283,0.01965233599416508,0.10134852006014787,1.0,1.0
morph_prs_ps_1gram_psalm,Zionslied,15,1805,0.008241758241758242,0.028597381635367295,0.008849116235291169,0.08683082417127513,0.8246537396121884,0.6539489658849905,0.9584429929793897,7.2388611979354446e-06,0.0014992503748125937,0.3313343328335832,2000,7.146277559207899e-05,0.00036853870948461577,0.00908920539730135,0.04687369052781838,0.7195188120225602,1.0
morph_prs_ps_1gram_psalm,prophetische Gerichtsrede,1,605,0.0016501650165016502,0.003257328990228013,nan,nan,0.49586776859504134,nan,nan,0.5068443553166094,0.4594188376753507,1.0,2000,0.7993302292188865,1.0,0.735296680317156,1.0,1.0,1.0
morph_prs_ps_1gram_psalm,"prophetische Schelt-, Droh- und Mahnrede",21,2088,0.00995732574679943,0.03645105219396591,0.004141874514894334,0.11652905945115034,0.6687078087940157,0.48379784732369246,0.9946285667748636,0.0038599751441554656,0.029985007496251874,0.6206896551724138,2000,0.12480586299436007,0.6436328746396109,0.7971569770670222,1.0,1.0,1.0
morph_prs_ps_1gram_psalm,prophetische Tora,0,304,0.0,nan,nan,nan,nan,nan,nan,nan,nan,0.0004997501249375312,2000,nan,nan,nan,nan,0.0004997501249375312,0.002577247589158399
morph_prs_ps_1gram_psalm,prophetisches Stück,28,2381,0.011623080116230802,0.03022188115918178,0.007557932803168538,0.15364548185026217,0.6615017699646007,0.511449378759408,0.9813380068122171,0.0016280667862752093,0.02798600699650175,0.6416791604197901,2000,0.028418959105693545,0.1465586303769212,0.2948942195568882,1.0,1.0,1.0
morph_prs_ps_sp_plus,Danklied Israels,6,1206,0.0049504950495049506,0.013565386184638152,0.0029339698596395417,0.11747682850906523,0.5140961857379768,0.15837740536517464,0.9810733359741198,0.4527644920689053,0.3868065967016492,1.0,2000,0.9622723208019656,1.0,0.9855019298861208,1.0,1.0,1.0
morph_prs_ps_sp_plus,Danklied des Einzelnen,276,6760,0.03922683342808414,0.03845893578134078,0.02409631588145898,0.0631649509290194,0.48293456821884917,0.3993484533635585,0.6074761664793976,0.832127510728812,0.6606696651674163,1.0,2000,0.9303560800544474,1.0,0.7335998667333,1.0,1.0,1.0
morph_prs_ps_sp_plus,Fluch,1,608,0.0016420361247947454,0.002652519893899204,nan,nan,0.3815789473684211,nan,nan,0.6599746397058771,0.6513026052104208,1.0,2000,0.9192378014665723,1.0,0.9639278557114228,1.0,1.0,1.0
morph_prs_ps_sp_plus,Hymnus,2850,17485,0.140152446520777,0.14284869998190514,0.09724789733069136,0.17516579332873405,0.4765601794018933,0.4344868348538923,0.5981468121651093,0.999970834001489,0.8395802098950524,1.0,2000,1.0,1.0,1.0,1.0,1.0,1.0
morph_prs_ps_sp_plus,Klagelied des Einzelnen,4095,19594,0.17286504284689097,0.22023986293643927,0.14577802072775387,0.28886505507181126,0.5528331789789379,0.5011725654991125,0.6215694060429268,8.595817917897324e-27,0.009995002498750625,0.974512743628186,2000,1.3896572300600674e-26,7.166562982603625e-26,0.01643246173523408,0.08474339530453041,1.0,1.0
morph_prs_ps_sp_plus,Klagelied des Volkes,406,8034,0.0481042654028436,0.05118246427996143,0.032149839383503916,0.07139941192123533,0.5447338344057461,0.4267937045772678,0.740012669363486,0.0011587997706985157,0.11244377811094453,0.9870064967516242,2000,0.003305987581110471,0.017049217394932342,0.30297351324337835,1.0,1.0,1.0
morph_prs_ps_sp_plus,Königspsalm,45,2964,0.014955134596211365,0.023103492777082103,0.009451499093882161,0.06610449755010625,0.6511845853951117,0.5118405567437134,0.8834795931634487,0.0002449879283887341,0.014992503748125937,0.6481759120439781,2000,0.0006786901286084836,0.003500054147981378,0.03827033851495305,0.1973629074855511,1.0,1.0
morph_prs_ps_sp_plus,Liturgie,153,5161,0.028791870530673693,0.04647952575766258,0.02665776820589049,0.07612180423538946,0.6917606027103731,0.5896534923529854,0.873438554752548,2.8228382468315744e-16,0.0004997501249375312,0.5167416291854073,2000,9.127176998088759e-15,4.7069512823206635e-14,0.006059470264867566,0.03124912701854559,1.0,1.0
morph_prs_ps_sp_plus,Mischgedicht,45,2879,0.015389876880984952,0.030691688015812922,0.013233869110852494,0.09607870584989397,0.6954999807031763,0.5730637358882321,0.8150400756468796,3.2866669368655835e-06,0.0024987506246876563,0.5072463768115942,2000,2.6567224406330135e-05,0.0001370091004187409,0.020198234216225224,0.10416375672848531,1.0,1.0
morph_prs_ps_sp_plus,Thronbesteigungslied,21,2097,0.009915014164305949,0.0482186697747036,0.014737927703729815,0.12128192252562318,0.8754456479778369,0.7040634684921119,0.9521472337549329,1.5256335079165892e-09,0.0004997501249375312,0.17041479260369816,2000,7.529667828242254e-08,3.883104233325932e-07,0.0023083696247114534,0.01190442934039832,0.8995628767894535,1.0
morph_prs_ps_sp_plus,Wallfahrtslied,0,305,0.0,nan,nan,nan,nan,nan,nan,nan,nan,0.0004997501249375312,2000,nan,nan,nan,nan,0.0004997501249375312,0.002577247589158399
morph_prs_ps_sp_plus,Weisheitsgedicht,55,3254,0.01662133575098217,0.03300077699978352,0.013015054363444871,0.06800552801238172,0.711141532100352,0.5635149412805428,0.8832075255594768,3.762298044353793e-08,0.0009995002498750624,0.4657671164417791,2000,2.280893189389487e-07,1.1762731373437217e-06,0.007457809556760082,0.038460464022825346,1.0,1.0
morph_prs_ps_sp_plus,Zionslied,15,1805,0.008241758241758242,0.0329324099249201,0.007911635778033901,0.13603211386274594,0.7534810710987996,0.6026178013703937,0.9743363464973691,0.00035513264391558104,0.009495252373813094,0.3793103448275862,2000,0.0009310234178327394,0.0048013551959779415,0.02192951143475881,0.11309207873378406,0.7195188120225602,1.0
morph_prs_ps_sp_plus,prophetische Gerichtsrede,1,605,0.0016501650165016502,0.004016064257028112,nan,nan,0.5917355371900826,nan,nan,0.37660888367493767,0.3496993987975952,0.8655672163918041,2000,0.7993302292188865,1.0,0.735296680317156,1.0,1.0,1.0
morph_prs_ps_sp_plus,"prophetische Schelt-, Droh- und Mahnrede",21,2088,0.00995732574679943,0.02501308094148105,0.005299738488530518,0.5,0.4637155628534939,0.34481935254170887,0.9988432793492952,0.7167341838676244,0.6611694152923538,1.0,2000,0.9904531834126397,1.0,0.9838981608097049,1.0,1.0,1.0
morph_prs_ps_sp_plus,prophetische Tora,0,304,0.0,nan,nan,nan,nan,nan,nan,nan,nan,0.0004997501249375312,2000,nan,nan,nan,nan,0.0004997501249375312,0.002577247589158399
morph_prs_ps_sp_plus,prophetisches Stück,28,2381,0.011623080116230802,0.010546031345110906,0.004188403465688807,0.03783088380011751,0.45586338273234533,0.32165183372171396,0.9727535706044154,0.7893857800531598,0.7156421789105447,1.0,2000,0.9975015437452767,1.0,0.9930034982508745,1.0,1.0,1.0
morph_prs_ps_sp_plus_psalm,Danklied Israels,6,1206,0.0049504950495049506,0.006743419183859923,0.002220455983444526,0.016262808508052135,0.5124378109452736,0.0826762104175625,0.9014910154795519,0.45832327983906385,0.3938030984507746,0.999000499750125,2000,0.9622723208019656,1.0,0.9855019298861208,1.0,1.0,1.0
morph_prs_ps_sp_plus_psalm,Danklied des Einzelnen,276,6760,0.03922683342808414,0.04503637239106434,0.025382580186764595,0.06203528057800944,0.5424449018094503,0.4757817425559585,0.607286632089717,0.008328407343553189,0.06696651674162919,0.9705147426286856,2000,0.021259355587491036,0.10963603649277974,0.22399145254958727,1.0,1.0,1.0
morph_prs_ps_sp_plus_psalm,Fluch,1,608,0.0016420361247947454,0.0022123893805309734,nan,nan,0.2935855263157895,nan,nan,0.7633111355780269,0.6988977955911824,1.0,2000,0.9192378014665723,1.0,0.9639278557114228,1.0,1.0,1.0
morph_prs_ps_sp_plus_psalm,Hymnus,2850,17485,0.140152446520777,0.162133416218148,0.12120116829052133,0.247107825072223,0.4877014383255823,0.44783034781057307,0.5223035021472974,0.9825287458106444,0.7816091954022989,1.0,2000,1.0,1.0,1.0,1.0,1.0,1.0
morph_prs_ps_sp_plus_psalm,Klagelied des Einzelnen,4095,19594,0.17286504284689097,0.22724011007557549,0.1575708986375552,0.29086169103427273,0.6044559689910307,0.5447472213655709,0.6683738780787529,9.487685160267688e-99,0.0004997501249375312,0.7876061969015492,2000,4.001328089330286e-98,2.0635138756488184e-97,0.00098930126773348,0.0051018982887421375,1.0,1.0
morph_prs_ps_sp_plus_psalm,Klagelied des Volkes,406,8034,0.0481042654028436,0.06360084042707367,0.039677837875939405,0.0868249194428845,0.6028844774241493,0.5076381406130036,0.7598309078168821,1.2257756621569975e-12,0.0024987506246876563,0.7926036981509246,2000,5.945011961461437e-12,3.0658857258133866e-11,0.013465489477483482,0.06944250448565688,1.0,1.0
morph_prs_ps_sp_plus_psalm,Königspsalm,45,2964,0.014955134596211365,0.017461238588588435,0.007792351721826436,0.0367369840059554,0.5694481931324037,0.44621569198515915,0.8120054744494429,0.054645304314285784,0.09345327336331834,0.9055472263868066,2000,0.0815476079767034,0.4205469204952457,0.13946103871141352,0.7192106772268338,1.0,1.0
morph_prs_ps_sp_plus_psalm,Liturgie,153,5161,0.028791870530673693,0.03764650098811474,0.020872782386212343,0.057943763232908084,0.6230299392249311,0.5184125689010509,0.8407624448480919,1.0251216185888721e-07,0.00399800099950025,0.7311344327836082,2000,3.0132362728218366e-07,1.553947769530913e-06,0.013372624032811179,0.06896359066161785,1.0,1.0
morph_prs_ps_sp_plus_psalm,Mischgedicht,45,2879,0.015389876880984952,0.0240203899870403,0.009039899930490812,0.0608007287741384,0.5914322102581915,0.49420992175998457,0.7655649702641156,0.01752142513526173,0.057971014492753624,0.8335832083958021,2000,0.03281383525193009,0.1692233249659495,0.1090704647676162,0.5624842863338207,1.0,1.0
morph_prs_ps_sp_plus_psalm,Thronbesteigungslied,21,2097,0.009915014164305949,0.1565657754249274,0.010860881519013665,0.6666666666666666,0.8405658877761882,0.5527795003313626,0.980807272379713,3.762379633250932e-08,0.0004997501249375312,0.28385807096451776,2000,3.360754914565675e-07,1.7331656500134573e-06,0.0023083696247114534,0.01190442934039832,0.8995628767894535,1.0
morph_prs_ps_sp_plus_psalm,Wallfahrtslied,0,305,0.0,nan,nan,nan,nan,nan,nan,nan,nan,0.0004997501249375312,2000,nan,nan,nan,nan,0.0004997501249375312,0.002577247589158399
morph_prs_ps_sp_plus_psalm,Weisheitsgedicht,55,3254,0.01662133575098217,0.02276636288587497,0.009126260574157143,0.04743400142323327,0.6053193272615522,0.46178485990921087,0.8354914680380864,0.0036517370786621024,0.030984507746126936,0.784607696151924,2000,0.005713201558551998,0.029463394221251448,0.05009162085623855,0.25832611668664357,1.0,1.0
morph_prs_ps_sp_plus_psalm,Zionslied,15,1805,0.008241758241758242,0.0570683374066914,0.00669136545594038,0.4031834978149294,0.7525577100646352,0.5219341649381432,0.9824823490545336,0.00037123623573727534,0.009495252373813094,0.4387806096951524,2000,0.0009371390488220032,0.0048328939479196885,0.02192951143475881,0.11309207873378406,0.7195188120225602,1.0
morph_prs_ps_sp_plus_psalm,prophetische Gerichtsrede,1,605,0.0016501650165016502,0.002824858757062147,nan,nan,0.41818181818181815,nan,nan,0.6125331009195509,0.5681362725450901,1.0,2000,0.7993302292188865,1.0,0.7519430753398689,1.0,1.0,1.0
morph_prs_ps_sp_plus_psalm,"prophetische Schelt-, Droh- und Mahnrede",21,2088,0.00995732574679943,0.033507693818079345,0.003911037611197318,0.24712005804738607,0.624635103083379,0.47699093126037984,0.9961285604098746,0.02453044676317914,0.05997001499250375,0.7256371814092953,2000,0.29743166700354706,1.0,0.7971569770670222,1.0,1.0,1.0
morph_prs_ps_sp_plus_psalm,prophetische Tora,0,304,0.0,nan,nan,nan,nan,nan,nan,nan,nan,0.0004997501249375312,2000,nan,nan,nan,nan,0.0004997501249375312,0.002577247589158399
morph_prs_ps_sp_plus_psalm,prophetisches Stück,28,2381,0.011623080116230802,0.0199813912498185,0.007731887463921196,0.17126032368156358,0.624317513649727,0.501929141117594,0.8574194093969276,0.011758042910258679,0.04097951024487756,0.7266366816591704,2000,0.07603534415300613,0.3921197767257376,0.3047047904619119,1.0,1.0,1.0
morph_ps_1_2_3gram,Danklied Israels,6,1206,0.0049504950495049506,0.008809088222950276,0.002081304416595438,0.07740469515052761,0.5135433941404091,0.08756460505337033,0.9955917042305915,0.4546177484548012,0.3988005997001499,1.0,2000,0.9622723208019656,1.0,0.9855019298861208,1.0,1.0,1.0
morph_ps_1_2_3gram,Danklied des Einzelnen,276,6760,0.03922683342808414,0.03961073670313496,0.02452122604932241,0.07964861984177558,0.4747842702169625,0.3945692290616682,0.5913313318809585,0.9225350177140411,0.729135432283858,1.0,2000,0.9611378590218405,1.0,0.768762357951459,1.0,1.0,1.0
morph_ps_1_2_3gram,Fluch,1,608,0.0016420361247947454,0.002188183807439825,nan,nan,0.25,nan,nan,0.8071525834114117,0.8351703406813628,1.0,2000,0.9192378014665723,1.0,0.9639278557114228,1.0,1.0,1.0
morph_ps_1_2_3gram,Hymnus,2850,17485,0.140152446520777,0.17089387347478313,0.11838324110252438,0.28158651395609635,0.5329402545540287,0.47853138283188135,0.5635482334766233,8.088533395895625e-09,0.08195902048975512,0.9980009995002499,2000,8.340960604905736e-08,4.301493794112724e-07,0.6625020822921872,1.0,1.0,1.0
morph_ps_1_2_3gram,Klagelied des Einzelnen,4095,19594,0.17286504284689097,0.17333581601798398,0.12576428377396848,0.2214226260326193,0.4962223927162174,0.4545927323077469,0.5698892901120416,0.7768439051750744,0.5647176411794103,1.0,2000,0.8102565462578732,1.0,0.5890065719828257,1.0,1.0,1.0
morph_ps_1_2_3gram,Klagelied des Volkes,406,8034,0.0481042654028436,0.04933186191558003,0.02847054460534543,0.06836012047415094,0.523307347713106,0.43632739767797857,0.6638923255898218,0.05624155733099973,0.24387806096951525,1.0,2000,0.118596327415369,0.6116098499275141,0.5033228066817655,1.0,1.0,1.0
morph_ps_1_2_3gram,Königspsalm,45,2964,0.014955134596211365,0.029876837625794787,0.012592890577663891,0.17128032929137987,0.6679862048283101,0.5571784974063547,0.8795829452377835,5.361587656850574e-05,0.0074962518740629685,0.5637181409295352,2000,0.00016344864032135137,0.0008429164760530617,0.022723013493253372,0.11718422631954596,1.0,1.0
morph_ps_1_2_3gram,Liturgie,153,5161,0.028791870530673693,0.037467496341869425,0.021292588741071317,0.06356869486282787,0.5986185987667688,0.4884257355555464,0.8042247471328208,1.563799669388479e-05,0.027486256871564217,0.841079460269865,2000,2.8620484515223106e-05,0.0001475979115095255,0.04847576211894053,0.24999301614836472,1.0,1.0
morph_ps_1_2_3gram,Mischgedicht,45,2879,0.015389876880984952,0.0208316130100885,0.01027158096096879,0.040963399962037565,0.6191385897881209,0.4710186328674953,0.7644544670184794,0.0030109537802613306,0.0384807596201899,0.7566216891554223,2000,0.007301562917133726,0.0376546887859678,0.08402465433949691,0.4333212279904988,1.0,1.0
morph_ps_1_2_3gram,Thronbesteigungslied,21,2097,0.009915014164305949,0.0382302062309771,0.009265687629771377,0.21713376398865533,0.7082680473238413,0.5049784680500629,0.97864535144296,0.0005031367445338087,0.008995502248875561,0.4452773613193403,2000,0.0010383886004208392,0.005355045218605388,0.017109092512567245,0.0882328292288346,0.8995628767894535,1.0
morph_ps_1_2_3gram,Wallfahrtslied,0,305,0.0,nan,nan,nan,nan,nan,nan,nan,nan,0.0004997501249375312,2000,nan,nan,nan,nan,0.0004997501249375312,0.002577247589158399
morph_ps_1_2_3gram,Weisheitsgedicht,55,3254,0.01662133575098217,0.031435702363777,0.011620662906074402,0.06550925155831806,0.7192713862658546,0.6131442550317878,0.8689498959733594,1.1667693869486651e-08,0.0009995002498750624,0.4177911044477761,2000,9.431385877835044e-08,4.863834004866195e-07,0.007457809556760082,0.038460464022825346,1.0,1.0
morph_ps_1_2_3gram,Zionslied,15,1805,0.008241758241758242,0.0409835197634414,0.011244291784369542,0.22297090198434538,0.8616989843028624,0.7599966977711115,0.9682996801741339,6.789374436258218e-07,0.0004997501249375312,0.17791104447776113,2000,1.6153139979015632e-05,8.330291277758063e-05,0.00908920539730135,0.04687369052781838,0.7195188120225602,1.0
morph_ps_1_2_3gram,prophetische Gerichtsrede,1,605,0.0016501650165016502,0.012658227848101266,nan,nan,0.8727272727272727,nan,nan,0.09918977669845647,0.07865731462925851,0.15342328835582209,2000,0.7811299501170966,1.0,0.735296680317156,1.0,1.0,1.0
morph_ps_1_2_3gram,"prophetische Schelt-, Droh- und Mahnrede",21,2088,0.00995732574679943,0.01159879928077905,0.003499910375222938,0.10339563029388622,0.4058337894544791,0.281089305078598,0.9957014423298263,0.931520224500185,0.9015492253873063,1.0,2000,0.9904531834126397,1.0,0.9838981608097049,1.0,1.0,1.0
morph_ps_1_2_3gram,prophetische Tora,0,304,0.0,nan,nan,nan,nan,nan,nan,nan,nan,0.0004997501249375312,2000,nan,nan,nan,nan,0.0004997501249375312,0.002577247589158399
morph_ps_1_2_3gram,prophetisches Stück,28,2381,0.011623080116230802,0.009402869714240474,0.004020398841418201,0.01818448941136155,0.4037694246115078,0.2578888666774131,0.6437520646202893,0.9602356778681437,0.9295352323838081,1.0,2000,0.9975015437452767,1.0,0.9930034982508745,1.0,1.0,1.0
morph_ps_1_2_3gram_psalm,Danklied Israels,6,1206,0.0049504950495049506,0.005870537632281867,0.0021846730646076337,0.013246949199643813,0.5259812050856827,0.19914386610772866,0.8069398706828886,0.4132263955505024,0.3638180909545227,0.9960019990004998,2000,0.9622723208019656,1.0,0.9855019298861208,1.0,1.0,1.0
morph_ps_1_2_3gram_psalm,Danklied des Einzelnen,276,6760,0.03922683342808414,0.0461038497940003,0.025937641655200797,0.06382222971444322,0.5475857023411371,0.4485450149597259,0.6229028862635467,0.00363560024007479,0.08095952023988005,0.9705147426286856,2000,0.011128425011372256,0.05739009376991005,0.2305874089982036,1.0,1.0,1.0
morph_ps_1_2_3gram_psalm,Fluch,1,608,0.0016420361247947454,0.0051813471502590676,nan,nan,0.7171052631578947,nan,nan,0.22715900350505697,0.251503006012024,0.4832583708145927,2000,0.9192378014665723,1.0,0.9639278557114228,1.0,1.0,1.0
morph_ps_1_2_3gram_psalm,Hymnus,2850,17485,0.140152446520777,0.16846590176068593,0.11457537855804438,0.26715015130815367,0.5020602220449608,0.4607179049130622,0.5350828595800113,0.3619345622129183,0.4382808595702149,1.0,2000,1.0,1.0,1.0,1.0,1.0,1.0
morph_ps_1_2_3gram_psalm,Klagelied des Einzelnen,4095,19594,0.17286504284689097,0.2148689866451473,0.14389049319940742,0.27755398702416073,0.5860075341396154,0.5287795628274826,0.6698155986935845,1.1847396416636396e-67,0.0004997501249375312,0.8685657171414293,2000,3.024203822141396e-67,1.5596038141484795e-66,0.00098930126773348,0.0051018982887421375,1.0,1.0
morph_ps_1_2_3gram_psalm,Klagelied des Volkes,406,8034,0.0481042654028436,0.05656311834850362,0.03259554602707565,0.08374358280396672,0.5382046254158741,0.4746158519170635,0.682564239464969,0.0046397428448970756,0.09145427286356822,0.9875062468765617,2000,0.012501529332083788,0.06447129220014382,0.2609136608166505,1.0,1.0,1.0
morph_ps_1_2_3gram_psalm,Königspsalm,45,2964,0.014955134596211365,0.020634364578750293,0.00751777093696969,0.13679152865182476,0.49739091318038686,0.36065901391021815,0.7571954663278928,0.5240224712335789,0.47726136931534235,1.0,2000,0.5711256147152489,1.0,0.5260721911771388,1.0,1.0,1.0
morph_ps_1_2_3gram_psalm,Liturgie,153,5161,0.028791870530673693,0.029190158615737254,0.013618570985157936,0.04468819297844546,0.4799546118260002,0.4091755692325839,0.5840880115714563,0.8013384261116094,0.6656671664167916,1.0,2000,0.9999999962821108,1.0,0.8598069386359453,1.0,1.0,1.0
morph_ps_1_2_3gram_psalm,Mischgedicht,45,2879,0.015389876880984952,0.014548147293225941,0.006707928122048402,0.029124593432367913,0.4673806491451507,0.362932347037886,0.6117253643657944,0.7740104219583575,0.7011494252873564,1.0,2000,0.8531705787495532,1.0,0.7728578892371997,1.0,1.0,1.0
morph_ps_1_2_3gram_psalm,Thronbesteigungslied,21,2097,0.009915014164305949,0.13646734430277901,0.007174627374252337,0.5875959568054709,0.717078820083112,0.31235153704337776,0.9669639321815375,0.0003040314835219448,0.006496751624187906,0.4832583708145927,2000,0.0007021679500387772,0.00362113097349989,0.014655462966191322,0.0755792839518312,0.8995628767894535,1.0
morph_ps_1_2_3gram_psalm,Wallfahrtslied,0,305,0.0,nan,nan,nan,nan,nan,nan,nan,nan,0.0004997501249375312,2000,nan,nan,nan,nan,0.0004997501249375312,0.002577247589158399
morph_ps_1_2_3gram_psalm,Weisheitsgedicht,55,3254,0.01662133575098217,0.024937859550830214,0.009036093389392982,0.07311924826071127,0.6143096608370118,0.46475309767103723,0.8379413059139623,0.0017974539841749122,0.0239880059970015,0.7591204397801099,2000,0.0029551362112706183,0.015239851469939905,0.04082169441594992,0.21052043465125447,1.0,1.0
morph_ps_1_2_3gram_psalm,Zionslied,15,1805,0.008241758241758242,0.03925278904769412,0.013760735872405809,0.35178662780963593,0.8586334256694368,0.7599395760521309,0.9505358563646213,8.326360813925584e-07,0.0009995002498750624,0.22588705647176413,2000,1.6153139979015632e-05,8.330291277758063e-05,0.00908920539730135,0.04687369052781838,0.7195188120225602,1.0
morph_ps_1_2_3gram_psalm,prophetische Gerichtsrede,1,605,0.0016501650165016502,0.00510204081632653,nan,nan,0.6793388429752066,nan,nan,0.2684334743260902,0.28256513026052105,0.5592203898050975,2000,0.7811299501170966,1.0,0.735296680317156,1.0,1.0,1.0
morph_ps_1_2_3gram_psalm,"prophetische Schelt-, Droh- und Mahnrede",21,2088,0.00995732574679943,0.03013354706964953,0.002369758567280771,0.1618554590286198,0.4505336617405583,0.1548189057204314,0.9715321139091408,0.7827015386277689,0.7331334332833583,1.0,2000,0.9904531834126397,1.0,0.9838981608097049,1.0,1.0,1.0
morph_ps_1_2_3gram_psalm,prophetische Tora,0,304,0.0,nan,nan,nan,nan,nan,nan,nan,nan,0.0004997501249375312,2000,nan,nan,nan,nan,0.0004997501249375312,0.002577247589158399
morph_ps_1_2_3gram_psalm,prophetisches Stück,28,2381,0.011623080116230802,0.016785421681449468,0.005289146826069144,0.08014813636086379,0.5231370372592549,0.20796914346695503,0.7182505875676828,0.3367237747173944,0.335832083958021,0.9980009995002499,2000,0.9975015437452767,1.0,0.9930034982508745,1.0,1.0,1.0
morph_ps_1_2gram,Danklied Israels,6,1206,0.0049504950495049506,0.007811495477549059,0.0021057323714769815,0.05889986460716361,0.476506357103372,0.08521074124424187,0.9761649121079791,0.5790090198913188,0.5172413793103449,1.0,2000,0.9622723208019656,1.0,0.9855019298861208,1.0,1.0,1.0
morph_ps_1_2gram,Danklied des Einzelnen,276,6760,0.03922683342808414,0.04015388080510972,0.024247712416745962,0.073790717774932,0.4827702919989709,0.40767979037967583,0.5939598868795581,0.8344430821106898,0.6606696651674163,1.0,2000,0.9303560800544474,1.0,0.7335998667333,1.0,1.0,1.0
morph_ps_1_2gram,Fluch,1,608,0.0016420361247947454,0.0022675736961451248,nan,nan,0.27631578947368424,nan,nan,0.781255589067096,0.7835671342685371,1.0,2000,0.9192378014665723,1.0,0.9639278557114228,1.0,1.0,1.0
morph_ps_1_2gram,Hymnus,2850,17485,0.140152446520777,0.17474413640579378,0.12159885400610305,0.29118096244996733,0.5387117679815782,0.48435446252319675,0.5671246536455726,1.5867504501747296e-11,0.04447776111944028,0.9920039980009995,2000,2.1987827666706968e-10,1.133928197655466e-09,0.5392928535732134,1.0,1.0,1.0
morph_ps_1_2gram,Klagelied des Einzelnen,4095,19594,0.17286504284689097,0.1756491142059658,0.12698585225490275,0.2252725781347611,0.5025556027903685,0.456458783464276,0.5660894635661533,0.3032012304108933,0.4387806096951524,1.0,2000,0.3196795581506158,1.0,0.46262738196119335,1.0,1.0,1.0
morph_ps_1_2gram,Klagelied des Volkes,406,8034,0.0481042654028436,0.051998518237665714,0.029092852055591853,0.07174232924104722,0.5291225346464717,0.4520146847812919,0.6599996866808789,0.023676885313948997,0.19890054972513743,0.9980009995002499,2000,0.05468233036792982,0.28200073812473087,0.4588287251722976,1.0,1.0,1.0
morph_ps_1_2gram,Königspsalm,45,2964,0.014955134596211365,0.021907518946712237,0.009551685095336052,0.04810964710468606,0.6508621982306193,0.5433967706134977,0.8551659115180176,0.0002518849961845918,0.011494252873563218,0.6276861569215393,2000,0.0006786901286084836,0.003500054147981378,0.03185550082101806,0.16428112489749683,1.0,1.0
morph_ps_1_2gram,Liturgie,153,5161,0.028791870530673693,0.03496234247959726,0.01948564629876018,0.05617389018398804,0.57268503216051,0.475994669763521,0.7757274968257959,0.0010739852759037115,0.057971014492753624,0.928535732133933,2000,0.0018087266883169684,0.009327734530319636,0.09695152423788106,0.49998603229672944,1.0,1.0
morph_ps_1_2gram,Mischgedicht,45,2879,0.015389876880984952,0.024937126744685206,0.012076420666308735,0.13228418322607588,0.6163598471691559,0.4913153332808637,0.7422012723941546,0.003653447356752431,0.03548225887056472,0.7646176911544228,2000,0.008437723657261566,0.043513952010277995,0.08194712167725661,0.4226072415841404,1.0,1.0
morph_ps_1_2gram,Thronbesteigungslied,21,2097,0.009915014164305949,0.043062994090222344,0.007441192220975309,0.24497498833956338,0.6760905602107319,0.4612149201357834,0.9746439102339555,0.002712729171829619,0.02048975512243878,0.5317341329335332,2000,0.004616398766096019,0.023807102783620058,0.03486853064695722,0.17981953793127986,0.8995628767894535,1.0
morph_ps_1_2gram,Wallfahrtslied,0,305,0.0,nan,nan,nan,nan,nan,nan,nan,nan,0.0004997501249375312,2000,nan,nan,nan,nan,0.0004997501249375312,0.002577247589158399
morph_ps_1_2gram,Weisheitsgedicht,55,3254,0.01662133575098217,0.030263963530925017,0.011483185806266708,0.07016708952182077,0.6979382019332849,0.581221409577673,0.8739349004865602,2.305210800969915e-07,0.0034982508745627187,0.47276361819090457,2000,1.102653019388106e-06,5.6864614816283486e-06,0.014138763951357656,0.07291462970993971,1.0,1.0
morph_ps_1_2gram,Zionslied,15,1805,0.008241758241758242,0.03769002333204172,0.01102651580091963,0.25935366463402526,0.8103601108033242,0.6758898345884313,0.9461980990238956,1.6965511046684884e-05,0.0024987506246876563,0.26486756621689156,2000,0.00010971030476856225,0.0005657839875596912,0.01053820915629142,0.05434630785834016,0.7195188120225602,1.0
morph_ps_1_2gram,prophetische Gerichtsrede,1,605,0.0016501650165016502,0.009900990099009901,nan,nan,0.8363636363636363,nan,nan,0.1229382892160849,0.12024048096192384,0.2273863068465767,2000,0.7811299501170966,1.0,0.735296680317156,1.0,1.0,1.0
morph_ps_1_2gram,"prophetische Schelt-, Droh- und Mahnrede",21,2088,0.00995732574679943,0.010256248202590974,0.0035653406709520333,0.061968520581213354,0.3999384236453202,0.28011985689440116,0.9774230756349992,0.9429816283623459,0.9230384807596201,1.0,2000,0.9904531834126397,1.0,0.9838981608097049,1.0,1.0,1.0
morph_ps_1_2gram,prophetische Tora,0,304,0.0,nan,nan,nan,nan,nan,nan,nan,nan,0.0004997501249375312,2000,nan,nan,nan,nan,0.0004997501249375312,0.002577247589158399
morph_ps_1_2gram,prophetisches Stück,28,2381,0.011623080116230802,0.010088767037567043,0.003710459005678874,0.019165022691016616,0.4258939821203576,0.23315927554664634,0.6706714798435435,0.9115441443065364,0.8680659670164917,1.0,2000,0.9975015437452767,1.0,0.9930034982508745,1.0,1.0,1.0
morph_ps_1_2gram_psalm,Danklied Israels,6,1206,0.0049504950495049506,0.006334200543322109,0.002122629561280155,0.019241564739087443,0.5681315644002212,0.24200537782904824,0.9618663514351559,0.2823396440207169,0.24437781109445278,0.9245377311344328,2000,0.9622723208019656,1.0,0.9844308614923308,1.0,1.0,1.0
morph_ps_1_2gram_psalm,Danklied des Einzelnen,276,6760,0.03922683342808414,0.045313808568584454,0.026967509743735445,0.06532858597390172,0.5441029392847955,0.44580859166706643,0.620932528940173,0.006428336718728714,0.08345827086456771,0.9675162418790605,2000,0.017320796158796815,0.08932460026526887,0.2305874089982036,1.0,1.0,1.0
morph_ps_1_2gram_psalm,Fluch,1,608,0.0016420361247947454,0.005405405405405406,nan,nan,0.7302631578947368,nan,nan,0.21366040204322778,0.2439879759519038,0.4592703648175912,2000,0.9192378014665723,1.0,0.9639278557114228,1.0,1.0,1.0
morph_ps_1_2gram_psalm,Hymnus,2850,17485,0.140152446520777,0.16726460591249137,0.11747049675813723,0.2598099579588351,0.5034929388097066,0.45227449110508056,0.5382106590753031,0.27459260767518645,0.4122938530734633,1.0,2000,0.8878494314831029,1.0,1.0,1.0,1.0,1.0
morph_ps_1_2gram_psalm,Klagelied des Einzelnen,4095,19594,0.17286504284689097,0.21782266022227972,0.1435564699665148,0.28424070597003315,0.585043208637166,0.5315162041682897,0.6643794800823561,3.4169261751405345e-66,0.0004997501249375312,0.8615692153923038,2000,8.286045974715795e-66,4.2731739215995875e-65,0.00098930126773348,0.0051018982887421375,1.0,1.0
morph_ps_1_2gram_psalm,Klagelied des Volkes,406,8034,0.0481042654028436,0.05797720482443215,0.03245140806744805,0.08622617344799184,0.5467581743109028,0.4827354188788656,0.6865075206685579,0.0007261574962631377,0.05147426286856572,0.9645177411294353,2000,0.0021445301014427804,0.011059497052675867,0.1783215535089598,0.9196171665457702,1.0,1.0
morph_ps_1_2gram_psalm,Königspsalm,45,2964,0.014955134596211365,0.01574293187775926,0.00586252137436066,0.03718247632694761,0.5014020092967462,0.3906115593140024,0.7565732016824255,0.48713880884369176,0.4497751124437781,1.0,2000,0.5431317753774495,1.0,0.5073044872912381,1.0,1.0,1.0
morph_ps_1_2gram_psalm,Liturgie,153,5161,0.028791870530673693,0.029661585317775768,0.013055227178951754,0.046938915044872374,0.4814464441075791,0.41148313810980447,0.583228418379978,0.7833101456276774,0.6736631684157921,1.0,2000,0.9999999962821108,1.0,0.8598069386359453,1.0,1.0,1.0
morph_ps_1_2gram_psalm,Mischgedicht,45,2879,0.015389876880984952,0.01574025527020552,0.00718337003983209,0.047295096159468974,0.47879665007139827,0.3805946430890422,0.6206433793977685,0.6875531891865334,0.6226886556721639,1.0,2000,0.7754960389662063,1.0,0.6942620643701138,1.0,1.0,1.0
morph_ps_1_2gram_psalm,Thronbesteigungslied,21,2097,0.009915014164305949,0.17477050772587646,0.007076680531979958,0.6666666666666666,0.7091990825896405,0.3488518103774311,0.9753616085750538,0.00047733944074586045,0.00849575212393803,0.4947526236881559,2000,0.0010289316833855214,0.005306275212528471,0.017109092512567245,0.0882328292288346,0.8995628767894535,1.0
morph_ps_1_2gram_psalm,Wallfahrtslied,0,305,0.0,nan,nan,nan,nan,nan,nan,nan,nan,0.0004997501249375312,2000,nan,nan,nan,nan,0.0004997501249375312,0.002577247589158399
morph_ps_1_2gram_psalm,Weisheitsgedicht,55,3254,0.01662133575098217,0.024829215219577767,0.009277428399073947,0.0792202016105798,0.5985584176118902,0.44807873341310633,0.8528101339904358,0.006028756667619689,0.035982008995502246,0.8060969515242379,2000,0.009137334324361092,0.047121894890446624,0.05629443342844706,0.29031447036584285,1.0,1.0
morph_ps_1_2gram_psalm,Zionslied,15,1805,0.008241758241758242,0.03651209923419167,0.013137275413965754,0.4127596675960586,0.8360664819944599,0.708222456650181,0.940688643397753,3.580245133764787e-06,0.0014992503748125937,0.2863568215892054,2000,4.96119682821692e-05,0.0002558525136228956,0.00908920539730135,0.04687369052781838,0.7195188120225602,1.0
morph_ps_1_2gram_psalm,prophetische Gerichtsrede,1,605,0.0016501650165016502,0.005076142131979695,nan,nan,0.6776859504132231,nan,nan,0.2703219533928799,0.29509018036072143,0.5807096451774113,2000,0.7811299501170966,1.0,0.735296680317156,1.0,1.0,1.0
morph_ps_1_2gram_psalm,"prophetische Schelt-, Droh- und Mahnrede",21,2088,0.00995732574679943,0.01946069159846256,0.002626124878113473,0.12236769277782132,0.42828635285531835,0.1480259758921996,0.9154215639897099,0.8713252000190759,0.8450774612693653,1.0,2000,0.9904531834126397,1.0,0.9838981608097049,1.0,1.0,1.0
morph_ps_1_2gram_psalm,prophetische Tora,0,304,0.0,nan,nan,nan,nan,nan,nan,nan,nan,0.0004997501249375312,2000,nan,nan,nan,nan,0.0004997501249375312,0.002577247589158399
morph_ps_1_2gram_psalm,prophetisches Stück,28,2381,0.011623080116230802,0.019219747315849092,0.005618607207300018,0.11687361910999326,0.5389842203155937,0.2574989405772814,0.7438652531245137,0.23880321672319682,0.2493753123438281,0.9800099950024987,2000,0.9651630009229205,1.0,0.9930034982508745,1.0,1.0,1.0
morph_ps_1gram,Danklied Israels,6,1206,0.0049504950495049506,0.0077407837120335036,0.0022137776414039357,0.08,0.46572692095080154,0.07584339599262566,0.9805473229742097,0.6143065719195311,0.5612193903048476,1.0,2000,0.9622723208019656,1.0,0.9855019298861208,1.0,1.0,1.0
morph_ps_1gram,Danklied des Einzelnen,276,6760,0.03922683342808414,0.039598261948257364,0.025845705605698908,0.0677193836793067,0.49303393791270045,0.4136378421782192,0.5983022463410662,0.6528189570195896,0.5442278860569715,1.0,2000,0.8399399901063218,1.0,0.7084919078922077,1.0,1.0,1.0
morph_ps_1gram,Fluch,1,608,0.0016420361247947454,0.002398081534772182,nan,nan,0.3157894736842105,nan,nan,0.7388889126286112,0.7079158316633266,1.0,2000,0.9192378014665723,1.0,0.9639278557114228,1.0,1.0,1.0
morph_ps_1gram,Hymnus,2850,17485,0.140152446520777,0.1647496235456779,0.11703318982823041,0.2776113935927897,0.5210121858836396,0.46929228477971446,0.5523134043394828,0.0001571829554888987,0.15642178910544727,0.9995002498750625,2000,0.0008024603517064829,0.004138346152668299,0.7586456771614192,1.0,1.0,1.0
morph_ps_1gram,Klagelied des Einzelnen,4095,19594,0.17286504284689097,0.18477338828374773,0.13300692010966902,0.23954158625157193,0.5218454778524187,0.47586080759938787,0.5702583317220302,5.310985128942538e-06,0.13693153423288357,0.9995002498750625,2000,6.3600686112027925e-06,3.279933446170391e-05,0.17028665154602188,0.8781805951878453,1.0,1.0
morph_ps_1gram,Klagelied des Volkes,406,8034,0.0481042654028436,0.05507440782797533,0.030429964127635913,0.07731945714279725,0.5253503889258827,0.45628171705908327,0.6588318260377637,0.04215089365628246,0.21639180409795103,0.999000499750125,2000,0.09085859299243108,0.46856434457787854,0.4664445555000277,1.0,1.0,1.0
morph_ps_1gram,Königspsalm,45,2964,0.014955134596211365,0.0196753734630006,0.008391482860323714,0.04696009165887672,0.6154370970160444,0.5198047223754654,0.8544758504426295,0.0038855882972322524,0.03648175912043978,0.7531234382808596,2000,0.0076918788741128265,0.03966757644509582,0.07529214116346082,0.38828702508150265,1.0,1.0
morph_ps_1gram,Liturgie,153,5161,0.028791870530673693,0.03195625848639654,0.017776884726937368,0.05123074106411906,0.5388161335709121,0.45718281309381203,0.7248631443909263,0.05061531799981332,0.17341329335332334,0.9890054972513743,2000,0.07793152136479195,0.4018984999392695,0.2628295227386307,1.0,1.0,1.0
morph_ps_1gram,Mischgedicht,45,2879,0.015389876880984952,0.03023497703959,0.01293609552910925,0.2110026682164473,0.596005557485238,0.4755488135013758,0.7570463678807297,0.013439629020605349,0.06196901549225387,0.8295852073963018,2000,0.02715925031247331,0.14006222089473386,0.1134149906178986,0.5848893207999476,1.0,1.0
morph_ps_1gram,Thronbesteigungslied,21,2097,0.009915014164305949,0.025053891232569382,0.005589281322808672,0.1489989361251003,0.6250425778322775,0.3957464376626079,0.8958300428744738,0.024163621155390825,0.06296851574212893,0.7156421789105447,2000,0.029669256355353293,0.15300650384732753,0.07932397437644814,0.4090794809700513,0.8995628767894535,1.0
morph_ps_1gram,Wallfahrtslied,0,305,0.0,nan,nan,nan,nan,nan,nan,nan,nan,0.0004997501249375312,2000,nan,nan,nan,nan,0.0004997501249375312,0.002577247589158399
morph_ps_1gram,Weisheitsgedicht,55,3254,0.01662133575098217,0.028990351097742843,0.010795987841492199,0.060468510648297114,0.6976755880873889,0.5909421990785569,0.8885519516952503,2.387186949190745e-07,0.0034982508745627187,0.4897551224387806,2000,1.102653019388106e-06,5.6864614816283486e-06,0.014138763951357656,0.07291462970993971,1.0,1.0
morph_ps_1gram,Zionslied,15,1805,0.008241758241758242,0.019816871809793236,0.006511961078170936,0.05651183346209982,0.7522622345337027,0.6112633394355483,0.9168409869664262,0.00037678786499028996,0.005497251374312844,0.3918040979510245,2000,0.0009371390488220032,0.0048328939479196885,0.018387358045115373,0.09482493715972455,0.7195188120225602,1.0
morph_ps_1gram,prophetische Gerichtsrede,1,605,0.0016501650165016502,0.006289308176100629,nan,nan,0.740495867768595,nan,nan,0.2035879327351291,0.2124248496993988,0.4122938530734633,2000,0.7811299501170966,1.0,0.735296680317156,1.0,1.0,1.0
morph_ps_1gram,"prophetische Schelt-, Droh- und Mahnrede",21,2088,0.00995732574679943,0.02370990268723224,0.0025649480151511165,0.1744853219776105,0.4043856048166393,0.2945988228801479,1.0,0.9344882971992158,0.9190404797601199,1.0,2000,0.9904531834126397,1.0,0.9838981608097049,1.0,1.0,1.0
morph_ps_1gram,prophetische Tora,0,304,0.0,nan,nan,nan,nan,nan,nan,nan,nan,0.0004997501249375312,2000,nan,nan,nan,nan,0.0004997501249375312,0.002577247589158399
morph_ps_1gram,prophetisches Stück,28,2381,0.011623080116230802,0.010762872591410389,0.0037569922378457915,0.021865266763907824,0.43201385972280554,0.2262639154094367,0.6949525473689738,0.8922944531394696,0.8440779610194903,1.0,2000,0.9975015437452767,1.0,0.9930034982508745,1.0,1.0,1.0
morph_ps_1gram_psalm,Danklied Israels,6,1206,0.0049504950495049506,0.006003113848731966,0.0021160651026921403,0.01862099310222857,0.5328911000552792,0.20530708916133172,0.9554571820643584,0.3906091427684399,0.3213393303348326,0.9835082458770614,2000,0.9622723208019656,1.0,0.9855019298861208,1.0,1.0,1.0
morph_ps_1gram_psalm,Danklied des Einzelnen,276,6760,0.03922683342808414,0.047055147805625155,0.023628432181045485,0.06693420401868805,0.5504995283423377,0.44733655666587724,0.6290046530430936,0.0021956854850787733,0.051974012993503245,0.9600199900049975,2000,0.007606481859022894,0.03922717785332084,0.2191947504508615,1.0,1.0,1.0
morph_ps_1gram_psalm,Fluch,1,608,0.0016420361247947454,0.0053475935828877,nan,nan,0.7319078947368421,nan,nan,0.21198209553712294,0.25100200400801603,0.47876061969015493,2000,0.9192378014665723,1.0,0.9639278557114228,1.0,1.0,1.0
morph_ps_1gram_psalm,Hymnus,2850,17485,0.140152446520777,0.1725909674383806,0.11113418230413213,0.2826778318797999,0.5058835192069393,0.4477893237008292,0.5441692686630173,0.15650134667098892,0.36231884057971014,1.0,2000,0.5622455787809602,1.0,1.0,1.0,1.0,1.0
morph_ps_1gram_psalm,Klagelied des Einzelnen,4095,19594,0.17286504284689097,0.21261129304163798,0.14609240096824322,0.2727740431550652,0.5803325330833752,0.5319443654166292,0.6524863326911576,2.710529482382316e-59,0.0004997501249375312,0.8835582208895553,2000,5.975485449797379e-59,3.0816011244552315e-58,0.00098930126773348,0.0051018982887421375,1.0,1.0
morph_ps_1gram_psalm,Klagelied des Volkes,406,8034,0.0481042654028436,0.05744219918785408,0.03138457085650063,0.08991864539791121,0.5373471244746773,0.47563983534279203,0.6629012095430495,0.005492248460592356,0.0814592703648176,0.9790104947526237,2000,0.014398597315606986,0.07425460918804032,0.259579887475617,1.0,1.0,1.0
morph_ps_1gram_psalm,Königspsalm,45,2964,0.014955134596211365,0.014538320213504319,0.005679112805609252,0.03000070284655682,0.4924126555705503,0.3944441523539433,0.7443657605155161,0.5694803438385444,0.5047476261869065,1.0,2000,0.6131775054331148,1.0,0.5440057748903325,1.0,1.0,1.0
morph_ps_1gram_psalm,Liturgie,153,5161,0.028791870530673693,0.02617635533341289,0.01134837015241157,0.04107519642339053,0.46058358756536266,0.4020074277694381,0.556483294410634,0.9519763609123573,0.8835582208895553,1.0,2000,0.9999999962821108,1.0,0.9995002498750625,1.0,1.0,1.0
morph_ps_1gram_psalm,Mischgedicht,45,2879,0.015389876880984952,0.01811663262914627,0.008529688405111879,0.05711296427508126,0.4980896144494616,0.3951198741385217,0.690279994589069,0.5176006845317461,0.47126436781609193,1.0,2000,0.5977055523759449,1.0,0.5441981390257251,1.0,1.0,1.0
morph_ps_1gram_psalm,Thronbesteigungslied,21,2097,0.009915014164305949,0.19927405278910212,0.00867537713377004,1.0,0.7187592251969934,0.3732910565652624,0.9695207857698347,0.00027558100961282253,0.0074962518740629685,0.504247876061969,2000,0.000651984339815702,0.0033623304609860564,0.016158587372980177,0.08333100538278825,0.8995628767894535,1.0
morph_ps_1gram_psalm,Wallfahrtslied,0,305,0.0,nan,nan,nan,nan,nan,nan,nan,nan,0.0004997501249375312,2000,nan,nan,nan,nan,0.0004997501249375312,0.002577247589158399
morph_ps_1gram_psalm,Weisheitsgedicht,55,3254,0.01662133575098217,0.02422844332971171,0.00916274718428305,0.06342468667701223,0.613795608202492,0.47493829437288115,0.8678734688963555,0.0018741564509525417,0.026986506746626688,0.7671164417791104,2000,0.0030298862623732757,0.015625342897316482,0.04513260611073774,0.23275211848296026,1.0,1.0
morph_ps_1gram_psalm,Zionslied,15,1805,0.008241758241758242,0.023605907681130724,0.008318850612646799,0.058647890639607285,0.807848568790397,0.6388065557846193,0.9254734712732049,1.9611959628542404e-05,0.0014992503748125937,0.3353323338330835,2000,0.0001119035343510949,0.0005770946313634514,0.00908920539730135,0.04687369052781838,0.7195188120225602,1.0
morph_ps_1gram_psalm,prophetische Gerichtsrede,1,605,0.0016501650165016502,0.0040650406504065045,nan,nan,0.596694214876033,nan,nan,0.3700564356635907,0.3697394789579158,0.824087956021989,2000,0.7993302292188865,1.0,0.735296680317156,1.0,1.0,1.0
morph_ps_1gram_psalm,"prophetische Schelt-, Droh- und Mahnrede",21,2088,0.00995732574679943,0.02726851736966604,0.0025679865975086267,0.14053024088780064,0.4275907681080095,0.152042156571543,0.9741438826371577,0.8736212798878633,0.8575712143928036,1.0,2000,0.9904531834126397,1.0,0.9838981608097049,1.0,1.0,1.0
morph_ps_1gram_psalm,prophetische Tora,0,304,0.0,nan,nan,nan,nan,nan,nan,nan,nan,0.0004997501249375312,2000,nan,nan,nan,nan,0.0004997501249375312,0.002577247589158399
morph_ps_1gram_psalm,prophetisches Stück,28,2381,0.011623080116230802,0.01485046421025114,0.0038746637403638527,0.08809773010374078,0.4781229375412492,0.18575598683643577,0.684438788609685,0.6549582334773522,0.6061969015492253,1.0,2000,0.9975015437452767,1.0,0.9930034982508745,1.0,1.0,1.0
morph_ps_sp_plus,Danklied Israels,6,1206,0.0049504950495049506,0.005445834292444466,0.002543660427939426,0.02127578366557577,0.38598673300165837,0.14672827982240758,0.9300667374606909,0.8327836836480619,0.8145927036481759,1.0,2000,0.9622723208019656,1.0,0.9855019298861208,1.0,1.0,1.0
morph_ps_sp_plus,Danklied des Einzelnen,276,6760,0.03922683342808414,0.03961956901558071,0.02530295886657051,0.0669236802981225,0.49240577566246463,0.4029461762582301,0.6293290128681441,0.6658107121318853,0.5572213893053474,1.0,2000,0.8399399901063218,1.0,0.7084919078922077,1.0,1.0,1.0
morph_ps_sp_plus,Fluch,1,608,0.0016420361247947454,0.002320185614849188,nan,nan,0.29276315789473684,nan,nan,0.7641008935903111,0.7740480961923848,1.0,2000,0.9192378014665723,1.0,0.9639278557114228,1.0,1.0,1.0
morph_ps_sp_plus,Hymnus,2850,17485,0.140152446520777,0.14013439062016417,0.10061470556751358,0.18661342496655223,0.49099550993583474,0.4485378940108446,0.5328810529839386,0.9387167783664745,0.6381809095452274,1.0,2000,1.0,1.0,1.0,1.0,1.0,1.0
morph_ps_sp_plus,Klagelied des Einzelnen,4095,19594,0.17286504284689097,0.2042602050038975,0.14474113097611932,0.27463010202443716,0.5421339890871381,0.4978840938291972,0.5795667684472289,9.953925554249491e-18,0.027486256871564217,0.9855072463768116,2000,1.4198982040620598e-17,7.322517875761838e-17,0.03864010023973521,0.19926979548058057,1.0,1.0
morph_ps_sp_plus,Klagelied des Volkes,406,8034,0.0481042654028436,0.05012993580730529,0.03045157183963484,0.0732369079725033,0.5151174012908194,0.41854854485515725,0.6764421203747563,0.15163965133122326,0.3243378310844578,1.0,2000,0.28841267017899325,1.0,0.6050148002921617,1.0,1.0,1.0
morph_ps_sp_plus,Königspsalm,45,2964,0.014955134596211365,0.0235065661842647,0.01093162273062068,0.05109225841262024,0.6679262258209626,0.5514167332797767,0.8856273405695129,5.3921200930755095e-05,0.005997001499250375,0.5667166416791605,2000,0.00016344864032135137,0.0008429164760530617,0.020775326622403084,0.10713986406358487,1.0,1.0
morph_ps_sp_plus,Liturgie,153,5161,0.028791870530673693,0.036096831879367665,0.020754230305373492,0.06388748564146078,0.5996747856282603,0.4956842579144301,0.7772901691408957,1.2849797167382234e-05,0.02048975512243878,0.841079460269865,2000,2.44398102987466e-05,0.00012603787178603853,0.037500117865595504,0.19339082381288591,1.0,1.0
morph_ps_sp_plus,Mischgedicht,45,2879,0.015389876880984952,0.028730020830046436,0.011196158921422675,0.0596200479463082,0.6923198641503608,0.535578416290849,0.8227534679787535,4.630615069471989e-06,0.004497751124437781,0.4927536231884058,2000,3.208354726705593e-05,0.00016545717693618452,0.029085457271364315,0.14999580968901882,1.0,1.0
morph_ps_sp_plus,Thronbesteigungslied,21,2097,0.009915014164305949,0.03427321736461971,0.007709261268393013,0.20653590861672064,0.7068374321593206,0.5006436075225261,0.983855276339373,0.00054505599849709,0.008995502248875561,0.4592703648175912,2000,0.001078988405188117,0.005564421352267882,0.017109092512567245,0.0882328292288346,0.8995628767894535,1.0
morph_ps_sp_plus,Wallfahrtslied,0,305,0.0,nan,nan,nan,nan,nan,nan,nan,nan,0.0004997501249375312,2000,nan,nan,nan,nan,0.0004997501249375312,0.002577247589158399
morph_ps_sp_plus,Weisheitsgedicht,55,3254,0.01662133575098217,0.03297799052222131,0.012162620270672546,0.10912316020170183,0.6892048946750852,0.5762200813362659,0.8758707995955898,7.199635007985288e-07,0.00399800099950025,0.4992503748125937,2000,2.909852482394054e-06,1.5006320000408374e-05,0.015044202036912577,0.07758403949432008,1.0,1.0
morph_ps_sp_plus,Zionslied,15,1805,0.008241758241758242,0.11537996840535954,0.011947050418130876,1.0,0.7238227146814404,0.5299880319331536,0.9804788645482023,0.0013974968990350697,0.01199400299850075,0.4147926036981509,2000,0.0024206642715428888,0.01248354096714956,0.023268365817091453,0.11999664775121506,0.7195188120225602,1.0
morph_ps_sp_plus,prophetische Gerichtsrede,1,605,0.0016501650165016502,0.009523809523809525,nan,nan,0.8297520661157025,nan,nan,0.12765338417298594,0.11122244488977956,0.22138930534732634,2000,0.7811299501170966,1.0,0.735296680317156,1.0,1.0,1.0
morph_ps_sp_plus,"prophetische Schelt-, Droh- und Mahnrede",21,2088,0.00995732574679943,0.010258429510536335,0.003137650483947152,0.12169717378992463,0.4240330231709542,0.30936186652447023,0.9988836327450168,0.8848944340368188,0.8345827086456772,1.0,2000,0.9904531834126397,1.0,0.9838981608097049,1.0,1.0,1.0
morph_ps_sp_plus,prophetische Tora,0,304,0.0,nan,nan,nan,nan,nan,nan,nan,nan,0.0004997501249375312,2000,nan,nan,nan,nan,0.0004997501249375312,0.002577247589158399
morph_ps_sp_plus,prophetisches Stück,28,2381,0.011623080116230802,0.010392110379932123,0.003656008968509824,0.021667252225419938,0.41024929501409974,0.2166898591650886,0.6927607130627927,0.949013839576077,0.9135432283858071,1.0,2000,0.9975015437452767,1.0,0.9930034982508745,1.0,1.0,1.0
morph_ps_sp_plus_psalm,Danklied Israels,6,1206,0.0049504950495049506,0.004731063346738207,0.002044244045338219,0.009903523812584488,0.4122443338861249,0.30401493424086357,0.8284350588415997,0.7713017974811471,0.7476261869065467,1.0,2000,0.9622723208019656,1.0,0.9855019298861208,1.0,1.0,1.0
morph_ps_sp_plus_psalm,Danklied des Einzelnen,276,6760,0.03922683342808414,0.04758125887725549,0.029668451008186016,0.06737656321648425,0.5702965547551668,0.4977948334316284,0.643449463930899,3.66598188077209e-05,0.025987006496751622,0.9230384807596201,2000,0.0002038277447189605,0.0010511544419247497,0.14827880177558278,0.7646845199832332,1.0,1.0
morph_ps_sp_plus_psalm,Fluch,1,608,0.0016420361247947454,0.0026109660574412533,nan,nan,0.40789473684210525,nan,nan,0.62609264712193,0.5986973947895792,1.0,2000,0.9192378014665723,1.0,0.9639278557114228,1.0,1.0,1.0
morph_ps_sp_plus_psalm,Hymnus,2850,17485,0.140152446520777,0.1674364403450852,0.10529287142166484,0.26923898601219864,0.506482558985396,0.4478415925430957,0.5580028012675333,0.13314027609848028,0.3568215892053973,1.0,2000,0.4967156454443303,1.0,1.0,1.0,1.0,1.0
morph_ps_sp_plus_psalm,Klagelied des Einzelnen,4095,19594,0.17286504284689097,0.22653289100732982,0.15377319833902378,0.2858289457622791,0.6023148548003096,0.5502171687744969,0.6865317952467292,7.819905833676891e-95,0.0004997501249375312,0.8185907046476761,2000,3.034123463466634e-94,1.5647194450238054e-93,0.00098930126773348,0.0051018982887421375,1.0,1.0
morph_ps_sp_plus_psalm,Klagelied des Volkes,406,8034,0.0481042654028436,0.04883289129272746,0.021700561536033405,0.0712631180020279,0.4881636051706356,0.4418447394345392,0.557160304453274,0.7898858457774697,0.623688155922039,1.0,2000,0.9999998289335992,1.0,0.7998500749625187,1.0,1.0,1.0
morph_ps_sp_plus_psalm,Königspsalm,45,2964,0.014955134596211365,0.01487679028365609,0.004293374252863818,0.029186266451529035,0.5026990553306343,0.3422758154697229,0.6282613254362239,0.4752201471259343,0.45977011494252873,1.0,2000,0.5360041194327398,1.0,0.5126172545910953,1.0,1.0,1.0
morph_ps_sp_plus_psalm,Liturgie,153,5161,0.028791870530673693,0.025847947437188053,0.011093387318994454,0.04180036306813589,0.46477667473370543,0.39462335111583297,0.5563389777931889,0.9315293093410755,0.816591704147926,1.0,2000,0.9999999962821108,1.0,0.9901174412793602,1.0,1.0,1.0
morph_ps_sp_plus_psalm,Mischgedicht,45,2879,0.015389876880984952,0.020187569561948872,0.007634412766504616,0.04601082887597248,0.5291652194048859,0.41809315050362755,0.6765113760499802,0.2506931131818183,0.2898550724637681,0.9960019990004998,2000,0.30781306302071365,1.0,0.3657716596247331,1.0,1.0,1.0
morph_ps_sp_plus_psalm,Thronbesteigungslied,21,2097,0.009915014164305949,0.16335716407145592,0.006490924892157435,0.6778735977740099,0.6957558416785885,0.3103744986045628,0.9867625482233683,0.000996481808142505,0.013993003498250875,0.526736631684158,2000,0.0018588218344196728,0.009586078826957624,0.02467856980600609,0.12726917185734932,0.8995628767894535,1.0
morph_ps_sp_plus_psalm,Wallfahrtslied,0,305,0.0,nan,nan,nan,nan,nan,nan,nan,nan,0.0004997501249375312,2000,nan,nan,nan,nan,0.0004997501249375312,0.002577247589158399
morph_ps_sp_plus_psalm,Weisheitsgedicht,55,3254,0.01662133575098217,0.02014656598409795,0.005859754499000225,0.04404304809073227,0.5307649326702799,0.4333952816169328,0.7391421595213983,0.21664013977320257,0.2613693153423288,0.9955022488755623,2000,0.29597314870423447,1.0,0.3570820223690971,1.0,1.0,1.0
morph_ps_sp_plus_psalm,Zionslied,15,1805,0.008241758241758242,0.09679463646958722,0.014746355167913342,1.0,0.6754016620498615,0.34291283406722,0.9670384172298817,0.009570868895602484,0.02448775612193903,0.5732133933033483,2000,0.012717455929773164,0.06558484130310739,0.03442481657721864,0.17753127233724453,0.753287829769326,1.0
morph_ps_sp_plus_psalm,prophetische Gerichtsrede,1,605,0.0016501650165016502,0.005208333333333333,nan,nan,0.6859504132231405,nan,nan,0.2609256653210349,0.26102204408817636,0.5442278860569715,2000,0.7811299501170966,1.0,0.735296680317156,1.0,1.0,1.0
morph_ps_sp_plus_psalm,"prophetische Schelt-, Droh- und Mahnrede",21,2088,0.00995732574679943,0.019072741893734594,0.0023541281252600008,0.11299505501310318,0.4138387155628535,0.16955665163493477,0.8265379884955536,0.9132187067148897,0.888055972013993,1.0,2000,0.9904531834126397,1.0,0.9838981608097049,1.0,1.0,1.0
morph_ps_sp_plus_psalm,prophetische Tora,0,304,0.0,nan,nan,nan,nan,nan,nan,nan,nan,0.0004997501249375312,2000,nan,nan,nan,nan,0.0004997501249375312,0.002577247589158399
morph_ps_sp_plus_psalm,prophetisches Stück,28,2381,0.011623080116230802,0.014712315822189447,0.00414637601605363,0.11020557738275696,0.49166766664666706,0.31057951176671006,0.6829899485423003,0.5603880345803278,0.5257371314342829,1.0,2000,0.9975015437452767,1.0,0.9930034982508745,1.0,1.0,1.0
morph_signature_1_2_3gram,Danklied Israels,6,1206,0.0049504950495049506,0.00520232180567761,0.002943561921965745,0.011469468997782924,0.4708402432283029,0.28780269924418006,0.8714392602687475,0.5976613719775643,0.552223888055972,1.0,2000,0.9622723208019656,1.0,0.9855019298861208,1.0,1.0,1.0
morph_signature_1_2_3gram,Danklied des Einzelnen,276,6760,0.03922683342808414,0.04337927016953953,0.02522655794321963,0.0787668269959507,0.4941846754137724,0.3606269959106913,0.6703851057553676,0.6285569866618725,0.545727136431784,1.0,2000,0.8352058589890635,1.0,0.7084919078922077,1.0,1.0,1.0
morph_signature_1_2_3gram,Fluch,1,608,0.0016420361247947454,0.003257328990228013,nan,nan,0.4967105263157895,nan,nan,0.505672959787798,0.48897795591182364,1.0,2000,0.9192378014665723,1.0,0.9639278557114228,1.0,1.0,1.0
morph_signature_1_2_3gram,Hymnus,2850,17485,0.140152446520777,0.12092274381229279,0.08912675915507653,0.15309633303686018,0.43100440979486176,0.38287901465584556,0.5130368793600811,1.0,0.9975012493753124,1.0,2000,1.0,1.0,1.0,1.0,1.0,1.0
morph_signature_1_2_3gram,Klagelied des Einzelnen,4095,19594,0.17286504284689097,0.1838681602299476,0.12916276617079234,0.24461143810834413,0.5151292856712884,0.4661174543334656,0.5641036112124739,0.0011438053078973872,0.25987006496751625,1.0,2000,0.0012901059868144949,0.0066531700110972255,0.2931092593238265,1.0,1.0,1.0
morph_signature_1_2_3gram,Klagelied des Volkes,406,8034,0.0481042654028436,0.045407067270298127,0.0277834730413896,0.06714581405075642,0.4964148673556106,0.3851361289277978,0.6781652703545622,0.5964404274399941,0.5262368815592204,1.0,2000,0.8264960208811347,1.0,0.7271364317841079,1.0,1.0,1.0
morph_signature_1_2_3gram,Königspsalm,45,2964,0.014955134596211365,0.029676183978829693,0.013382666472404653,0.061521913209020715,0.7243514769830559,0.612283747323976,0.8835202659608261,1.14948083843711e-07,0.0024987506246876563,0.37681159420289856,2000,1.5928520189771383e-06,8.21445322561563e-06,0.015148675662168916,0.07812281754636398,1.0,1.0
morph_signature_1_2_3gram,Liturgie,153,5161,0.028791870530673693,0.037255501946084804,0.023020641612314843,0.061854953664274355,0.633881815982868,0.5201382064556863,0.8044611057821544,7.888229210623477e-09,0.0079960019990005,0.7061469265367316,2000,3.188159305960322e-08,1.644156844616345e-07,0.018037492881466242,0.09302065717148456,1.0,1.0
morph_signature_1_2_3gram,Mischgedicht,45,2879,0.015389876880984952,0.03775698044493802,0.01696013523010039,0.07931007104875891,0.7573038477866543,0.5834864837024649,0.885115212661433,1.4971528433623955e-09,0.0009995002498750624,0.2863568215892054,2000,4.8750263184282874e-08,2.514086380233235e-07,0.013850217748268723,0.07142657604238992,1.0,1.0
morph_signature_1_2_3gram,Thronbesteigungslied,21,2097,0.009915014164305949,0.014368732099493298,0.00562205671895006,0.030208912515247315,0.626246111224652,0.428852564802812,0.8993332654070526,0.02310417930183367,0.06846576711644178,0.7326336831584208,2000,0.0287321204138188,0.14817362592391456,0.08406556215563106,0.4335321925610882,0.8995628767894535,1.0
morph_signature_1_2_3gram,Wallfahrtslied,0,305,0.0,nan,nan,nan,nan,nan,nan,nan,nan,0.0004997501249375312,2000,nan,nan,nan,nan,0.0004997501249375312,0.002577247589158399
morph_signature_1_2_3gram,Weisheitsgedicht,55,3254,0.01662133575098217,0.028138540635996502,0.011160236595144495,0.06216180638482557,0.6516120020115103,0.5195487138264874,0.8714588947754361,5.6272104951128516e-05,0.017491254372813594,0.6341829085457271,2000,0.00012388269397520515,0.0006388720251464764,0.03262791681082536,0.1682645300998609,1.0,1.0
morph_signature_1_2_3gram,Zionslied,15,1805,0.008241758241758242,0.012947332999324341,0.006260478065005411,0.028988720860267915,0.6735549399815328,0.5471622307923467,0.8814428256598842,0.010225058745108968,0.044977511244377814,0.5467266366816592,2000,0.013403117544264457,0.0691208479087026,0.05740550777242958,0.29604436122832667,0.7469363909594499,1.0
morph_signature_1_2_3gram,prophetische Gerichtsrede,1,605,0.0016501650165016502,0.006493506493506494,nan,nan,0.7487603305785124,nan,nan,0.19559736340242828,0.14579158316633267,0.3073463268365817,2000,0.7811299501170966,1.0,0.735296680317156,1.0,1.0,1.0
morph_signature_1_2_3gram,"prophetische Schelt-, Droh- und Mahnrede",21,2088,0.00995732574679943,0.03348130970454622,0.005759221477993191,0.5,0.4660417806969531,0.31074269494761475,0.9985886251953452,0.7041701433584258,0.6426786606696652,1.0,2000,0.9904531834126397,1.0,0.9838981608097049,1.0,1.0,1.0
morph_signature_1_2_3gram,prophetische Tora,0,304,0.0,nan,nan,nan,nan,nan,nan,nan,nan,0.0004997501249375312,2000,nan,nan,nan,nan,0.0004997501249375312,0.002577247589158399
morph_signature_1_2_3gram,prophetisches Stück,28,2381,0.011623080116230802,0.00893696763082572,0.0041764465846865365,0.01857019716393826,0.36802513949721005,0.246388807162167,0.8177323682505099,0.9919066149824185,0.9765117441279361,1.0,2000,0.9975015437452767,1.0,0.9930034982508745,1.0,1.0,1.0
morph_signature_1_2_3gram_psalm,Danklied Israels,6,1206,0.0049504950495049506,0.004196205315043263,0.0018603155611732777,0.009580727069157474,0.3298783858485351,0.027685036886275768,0.7450494973023033,0.9251274979614077,0.9315342328835582,1.0,2000,0.9622723208019656,1.0,0.9855019298861208,1.0,1.0,1.0
morph_signature_1_2_3gram_psalm,Danklied des Einzelnen,276,6760,0.03922683342808414,0.05257297238078397,0.03807970465082208,0.08048794262247991,0.6278087749764171,0.5446996924760121,0.703034421041005,2.7958738386776004e-13,0.0034982508745627187,0.7101449275362319,2000,1.5022204130175354e-11,7.747059469605789e-11,0.10907046476761618,0.5624842863338206,1.0,1.0
morph_signature_1_2_3gram_psalm,Fluch,1,608,0.0016420361247947454,0.003134796238244514,nan,nan,0.53125,nan,nan,0.45804363265672354,0.437875751503006,0.9970014992503748,2000,0.9192378014665723,1.0,0.9639278557114228,1.0,1.0,1.0
morph_signature_1_2_3gram_psalm,Hymnus,2850,17485,0.140152446520777,0.1772415406685393,0.11392109953668994,0.23740907422655294,0.5625824742009442,0.5114021928759079,0.6348664181092813,3.5449874790209136e-27,0.00849575212393803,0.9620189905047476,2000,3.438637854650286e-25,1.7733304462893407e-24,0.455672163918041,1.0,1.0,1.0
morph_signature_1_2_3gram_psalm,Klagelied des Einzelnen,4095,19594,0.17286504284689097,0.23319703922674628,0.14064539661734352,0.29340057777596723,0.597374797522802,0.5334605830906082,0.6743686734799718,3.976850302924561e-86,0.0009995002498750624,0.8545727136431784,2000,1.3301878599437322e-85,6.859875133790677e-85,0.0018292740422241709,0.0094336987225798,1.0,1.0
morph_signature_1_2_3gram_psalm,Klagelied des Volkes,406,8034,0.0481042654028436,0.04020563686995995,0.01379323181988069,0.07116507621081557,0.44061292462698554,0.3039203072935727,0.5253297019005209,0.9999737352570098,0.9490254872563718,1.0,2000,0.9999998289335992,1.0,0.9900049975012494,1.0,1.0,1.0
morph_signature_1_2_3gram_psalm,Königspsalm,45,2964,0.014955134596211365,0.013881421590900198,0.002255299717727239,0.0328056792207929,0.4917753786174839,0.2627690050565629,0.6405441870710569,0.5752489999424066,0.52023988005997,1.0,2000,0.6131775054331148,1.0,0.5545414106133746,1.0,1.0,1.0
morph_signature_1_2_3gram_psalm,Liturgie,153,5161,0.028791870530673693,0.02078297278235017,0.0076678028527686175,0.035414602105429197,0.3714187476967148,0.2724285167863037,0.4497627621783159,0.9999999717032994,0.9980009995002499,1.0,2000,0.9999999962821108,1.0,0.9995002498750625,1.0,1.0,1.0
morph_signature_1_2_3gram_psalm,Mischgedicht,45,2879,0.015389876880984952,0.015862756010517093,0.007141525063891447,0.029458966723077164,0.523009532630929,0.4094306054813686,0.6659124489539822,0.2979118075931977,0.3548225887056472,0.9995002498750625,2000,0.36121806670675216,1.0,0.4302223888055972,1.0,1.0,1.0
morph_signature_1_2_3gram_psalm,Thronbesteigungslied,21,2097,0.009915014164305949,0.10718359353512279,0.004243257222060365,0.6482556930154134,0.5354361105434067,0.1413054372962236,0.822413672790246,0.2878967684945372,0.303848075962019,0.9960019990004998,2000,0.3035433319996751,1.0,0.3169168104119983,1.0,1.0,1.0
morph_signature_1_2_3gram_psalm,Wallfahrtslied,0,305,0.0,nan,nan,nan,nan,nan,nan,nan,nan,0.0004997501249375312,2000,nan,nan,nan,nan,0.0004997501249375312,0.002577247589158399
morph_signature_1_2_3gram_psalm,Weisheitsgedicht,55,3254,0.01662133575098217,0.013784965225696914,0.003751743185064709,0.03048168758071019,0.42167961110800695,0.2731332277057781,0.5598475443362121,0.9769871044841302,0.8960519740129935,1.0,2000,0.9826357750583733,1.0,0.9435282358820589,1.0,1.0,1.0
morph_signature_1_2_3gram_psalm,Zionslied,15,1805,0.008241758241758242,0.007341732335243203,0.0020653354684340617,0.016497145333978783,0.4402770083102493,0.23447488205369035,0.6274082126663753,0.7875957808157713,0.7456271864067966,1.0,2000,0.7875957808157713,1.0,0.7456271864067966,1.0,1.0,1.0
morph_signature_1_2_3gram_psalm,prophetische Gerichtsrede,1,605,0.0016501650165016502,0.003816793893129771,nan,nan,0.5727272727272728,nan,nan,0.4016804806934288,0.3802605210420842,0.9340329835082459,2000,0.7993302292188865,1.0,0.735296680317156,1.0,1.0,1.0
morph_signature_1_2_3gram_psalm,"prophetische Schelt-, Droh- und Mahnrede",21,2088,0.00995732574679943,0.024809243042037327,0.0029204690822676473,0.11608442056623888,0.4459724502827951,0.09110116939734461,0.5826739840765685,0.8033192029775638,0.7171414292853573,1.0,2000,0.9904531834126397,1.0,0.9838981608097049,1.0,1.0,1.0
morph_signature_1_2_3gram_psalm,prophetische Tora,0,304,0.0,nan,nan,nan,nan,nan,nan,nan,nan,0.0004997501249375312,2000,nan,nan,nan,nan,0.0004997501249375312,0.002577247589158399
morph_signature_1_2_3gram_psalm,prophetisches Stück,28,2381,0.011623080116230802,0.021747201098937033,0.003846418464877975,0.13902407411313844,0.4356362872742545,0.19672893893701104,0.6475317935918917,0.8796023041413419,0.7916041979010495,1.0,2000,0.9975015437452767,1.0,0.9930034982508745,1.0,1.0,1.0
morph_signature_1_2gram,Danklied Israels,6,1206,0.0049504950495049506,0.004913648676956428,0.0026908722265369814,0.009422432767158024,0.44679380873410723,0.27092993882566524,0.7897941456659083,0.6739150064878145,0.6401799100449775,1.0,2000,0.9622723208019656,1.0,0.9855019298861208,1.0,1.0,1.0
morph_signature_1_2gram,Danklied des Einzelnen,276,6760,0.03922683342808414,0.043854744076880385,0.025112227220941426,0.07954951282929805,0.5006581768287454,0.3777768437060395,0.6855871816255705,0.4851986653486072,0.4817591204397801,1.0,2000,0.7024517990867896,1.0,0.6974721594426667,1.0,1.0,1.0
morph_signature_1_2gram,Fluch,1,608,0.0016420361247947454,0.0033112582781456954,nan,nan,0.5049342105263158,nan,nan,0.494327040362891,0.4784569138276553,1.0,2000,0.9192378014665723,1.0,0.9639278557114228,1.0,1.0,1.0
morph_signature_1_2gram,Hymnus,2850,17485,0.140152446520777,0.12150442596877298,0.09053744813845338,0.1548251438603577,0.434379152055145,0.38992666256160124,0.5165938060586551,1.0,0.9965017491254373,1.0,2000,1.0,1.0,1.0,1.0,1.0,1.0
morph_signature_1_2gram,Klagelied des Einzelnen,4095,19594,0.17286504284689097,0.18871680404906951,0.1334348689306073,0.2531873582731332,0.5232742374724614,0.4717880669794841,0.5684090991110428,1.3517395237483814e-06,0.16141929035482258,0.9995002498750625,2000,1.6389841725449123e-06,8.452360082727658e-06,0.18864664053515412,0.9728643881436362,1.0,1.0
morph_signature_1_2gram,Klagelied des Volkes,406,8034,0.0481042654028436,0.045296764463226474,0.027462957430389633,0.06626354380411413,0.4956171492830348,0.39088247602953763,0.6665956505405873,0.6173261360701017,0.5422288855572214,1.0,2000,0.8433892281521107,1.0,0.7305028041534789,1.0,1.0,1.0
morph_signature_1_2gram,Königspsalm,45,2964,0.014955134596211365,0.028513614319387322,0.011600869258833833,0.05912424610895646,0.7048582995951417,0.5788960171814467,0.9039036647412065,1.1569655540019186e-06,0.00399800099950025,0.4432783608195902,2000,9.352138228182176e-06,4.822965417981929e-05,0.01686113465006627,0.08695409257334424,1.0,1.0
morph_signature_1_2gram,Liturgie,153,5161,0.028791870530673693,0.03729669814037898,0.022900072493488906,0.06206131706585647,0.628806040274406,0.5159338847825052,0.799897846376761,2.6853048034173913e-08,0.009995002498750625,0.7216391804097951,2000,9.417796372784166e-08,4.856825798688235e-07,0.02107641831258284,0.10869261571668032,1.0,1.0
morph_signature_1_2gram,Mischgedicht,45,2879,0.015389876880984952,0.036089757988386796,0.015090686343789487,0.07295066090387134,0.7535911388985373,0.5951700892168831,0.879763253736693,2.5129001641382925e-09,0.0009995002498750624,0.30634682658670664,2000,4.8750263184282874e-08,2.514086380233235e-07,0.013850217748268723,0.07142657604238992,1.0,1.0
morph_signature_1_2gram,Thronbesteigungslied,21,2097,0.009915014164305949,0.016081263598665935,0.005718307347703005,0.0432388318032291,0.6425505824647455,0.4245621450172664,0.9324903923676376,0.012193927155978035,0.04847576211894053,0.6676661669165417,2000,0.017142187451157528,0.0884035022240756,0.06598089843966906,0.34026827197971865,0.8995628767894535,1.0
morph_signature_1_2gram,Wallfahrtslied,0,305,0.0,nan,nan,nan,nan,nan,nan,nan,nan,0.0004997501249375312,2000,nan,nan,nan,nan,0.0004997501249375312,0.002577247589158399
morph_signature_1_2gram,Weisheitsgedicht,55,3254,0.01662133575098217,0.02724848759547218,0.010678220331883915,0.06690419251617312,0.6379449069676482,0.5063400330723882,0.8949706571927264,0.00022096284839219198,0.0239880059970015,0.6891554222888556,2000,0.0003969147461859745,0.0020469180929911504,0.04082169441594992,0.21052043465125447,1.0,1.0
morph_signature_1_2gram,Zionslied,15,1805,0.008241758241758242,0.015550952230864022,0.006676933117564681,0.035576407927192445,0.7199815327793168,0.5981528708068258,0.8976692389986153,0.001651040407405897,0.019490254872563718,0.3968015992003998,2000,0.00271442236471817,0.013998472729350515,0.029539917541229383,0.15233949421540974,0.7195188120225602,1.0
morph_signature_1_2gram,prophetische Gerichtsrede,1,605,0.0016501650165016502,0.006944444444444444,nan,nan,0.7652892561983471,nan,nan,0.1801965693515068,0.13877755511022044,0.28085957021489255,2000,0.7811299501170966,1.0,0.735296680317156,1.0,1.0,1.0
morph_signature_1_2gram,"prophetische Schelt-, Droh- und Mahnrede",21,2088,0.00995732574679943,0.03450314826740717,0.005892298039925729,0.5,0.48129903302317095,0.3367502008305343,0.9986174379559839,0.6161928879437618,0.568215892053973,1.0,2000,0.9904531834126397,1.0,0.9838981608097049,1.0,1.0,1.0
morph_signature_1_2gram,prophetische Tora,0,304,0.0,nan,nan,nan,nan,nan,nan,nan,nan,0.0004997501249375312,2000,nan,nan,nan,nan,0.0004997501249375312,0.002577247589158399
morph_signature_1_2gram,prophetisches Stück,28,2381,0.011623080116230802,0.009029815777321563,0.003933551256088229,0.0196104195884998,0.36631517369652605,0.2505719449799887,0.8609379984680442,0.9925712069419292,0.9820089955022488,1.0,2000,0.9975015437452767,1.0,0.9930034982508745,1.0,1.0,1.0
morph_signature_1_2gram_psalm,Danklied Israels,6,1206,0.0049504950495049506,0.004287503277288248,0.0018493870723546885,0.009256368521967876,0.35281923714759533,0.10004043332390657,0.7351889456407806,0.8936073478969211,0.9080459770114943,1.0,2000,0.9622723208019656,1.0,0.9855019298861208,1.0,1.0,1.0
morph_signature_1_2gram_psalm,Danklied des Einzelnen,276,6760,0.03922683342808414,0.053253603794582306,0.0339853704939841,0.07611369166044749,0.6275753580310437,0.5472587094769089,0.698490174790959,3.0973616763248153e-13,0.004497751124437781,0.7181409295352323,2000,1.5022204130175354e-11,7.747059469605789e-11,0.10907046476761618,0.5624842863338206,1.0,1.0
morph_signature_1_2gram_psalm,Fluch,1,608,0.0016420361247947454,0.003003003003003003,nan,nan,0.4868421052631579,nan,nan,0.5192868899132634,0.5165330661322646,1.0,2000,0.9192378014665723,1.0,0.9639278557114228,1.0,1.0,1.0
morph_signature_1_2gram_psalm,Hymnus,2850,17485,0.140152446520777,0.17963762283237944,0.11252841622810317,0.2634812187291018,0.5538079456576815,0.5037400806544488,0.6251139417950359,1.3901695971294958e-20,0.014992503748125937,0.9750124937531235,2000,6.742322546078055e-19,3.477064568894318e-18,0.455672163918041,1.0,1.0,1.0
morph_signature_1_2gram_psalm,Klagelied des Einzelnen,4095,19594,0.17286504284689097,0.23008527984587085,0.14571868084544778,0.28645589888319417,0.6047507129777212,0.548260452188201,0.6769648944289418,2.7096561794007103e-99,0.0004997501249375312,0.8185907046476761,2000,1.3141832470093444e-98,6.777338185739447e-98,0.00098930126773348,0.0051018982887421375,1.0,1.0
morph_signature_1_2gram_psalm,Klagelied des Volkes,406,8034,0.0481042654028436,0.041414706527762565,0.01448916738930763,0.06982096773080824,0.4483613975579158,0.33719092500902037,0.5189490365437196,0.9997812848110674,0.9245377311344328,1.0,2000,0.9999998289335992,1.0,0.9900049975012494,1.0,1.0,1.0
morph_signature_1_2gram_psalm,Königspsalm,45,2964,0.014955134596211365,0.014869687904305318,0.0014533499507575708,0.03107986721767472,0.4974733843154896,0.2820618725061105,0.6390340000607065,0.5232651038907284,0.49025487256371814,1.0,2000,0.5711256147152489,1.0,0.5343227262773108,1.0,1.0,1.0
morph_signature_1_2gram_psalm,Liturgie,153,5161,0.028791870530673693,0.021734490942619367,0.008045445034031857,0.03638417908144916,0.39338274869464673,0.30854851403825573,0.46964582613531625,0.999996630537967,0.9940029985007496,1.0,2000,0.9999999962821108,1.0,0.9995002498750625,1.0,1.0,1.0
morph_signature_1_2gram_psalm,Mischgedicht,45,2879,0.015389876880984952,0.016524525960714107,0.007000736665902969,0.03166045830706542,0.5331287870016596,0.41708221451020766,0.6789349294934061,0.22252703323650957,0.29035482258870565,0.9955022488755623,2000,0.28780162965255235,1.0,0.3657716596247331,1.0,1.0,1.0
morph_signature_1_2gram_psalm,Thronbesteigungslied,21,2097,0.009915014164305949,0.1123327960776767,0.00514622750403917,0.6554230456274205,0.5749256307196221,0.12657781142121322,0.8294689427434982,0.11839111491782217,0.16541729135432284,0.9320339830084957,2000,0.13199928904630748,0.6807298937799025,0.18233496887919678,0.9403146402853264,1.0,1.0
morph_signature_1_2gram_psalm,Wallfahrtslied,0,305,0.0,nan,nan,nan,nan,nan,nan,nan,nan,0.0004997501249375312,2000,nan,nan,nan,nan,0.0004997501249375312,0.002577247589158399
morph_signature_1_2gram_psalm,Weisheitsgedicht,55,3254,0.01662133575098217,0.014030081200795644,0.0038617233828178174,0.029989471288737676,0.42444543778286864,0.2825672117226844,0.5611705010406597,0.9728623936500347,0.8970514742628686,1.0,2000,0.9826357750583733,1.0,0.9435282358820589,1.0,1.0,1.0
morph_signature_1_2gram_psalm,Zionslied,15,1805,0.008241758241758242,0.008716827503764504,0.0021724553579367334,0.01988415438940931,0.5094182825484764,0.23454005407701908,0.6529019282909053,0.45003978579395165,0.4387806096951524,1.0,2000,0.46440275768099265,1.0,0.45278424617478497,1.0,1.0,1.0
morph_signature_1_2gram_psalm,prophetische Gerichtsrede,1,605,0.0016501650165016502,0.004,nan,nan,0.5900826446280992,nan,nan,0.37874487688152403,0.34519038076152303,0.8735632183908046,2000,0.7993302292188865,1.0,0.735296680317156,1.0,1.0,1.0
morph_signature_1_2gram_psalm,"prophetische Schelt-, Droh- und Mahnrede",21,2088,0.00995732574679943,0.019442430398204237,0.0027143344670365497,0.0987884256687465,0.46839080459770116,0.1075761212344591,0.5934917950497682,0.6912338021337392,0.6091954022988506,1.0,2000,0.9904531834126397,1.0,0.9838981608097049,1.0,1.0,1.0
morph_signature_1_2gram_psalm,prophetische Tora,0,304,0.0,nan,nan,nan,nan,nan,nan,nan,nan,0.0004997501249375312,2000,nan,nan,nan,nan,0.0004997501249375312,0.002577247589158399
morph_signature_1_2gram_psalm,prophetisches Stück,28,2381,0.011623080116230802,0.013879505179833246,0.0035349005021966034,0.09877299904283761,0.4515584688306234,0.21334314644047733,0.6742408364229306,0.8113125582197596,0.7211394302848576,1.0,2000,0.9975015437452767,1.0,0.9930034982508745,1.0,1.0,1.0
morph_signature_1gram,Danklied Israels,6,1206,0.0049504950495049506,0.005606963843740257,0.002663338964846441,0.014590706767500496,0.4683526810392482,0.20994222453888506,0.8912508850517712,0.6057831637469742,0.559720139930035,1.0,2000,0.9622723208019656,1.0,0.9855019298861208,1.0,1.0,1.0
morph_signature_1gram,Danklied des Einzelnen,276,6760,0.03922683342808414,0.043684748816072205,0.02503796480800985,0.07549583807956198,0.5043454142011834,0.39511240305026374,0.6862782049007272,0.40319259401701046,0.44127936031984005,1.0,2000,0.6110887753070315,1.0,0.6585245838619151,1.0,1.0,1.0
morph_signature_1gram,Fluch,1,608,0.0016420361247947454,0.0032679738562091504,nan,nan,0.49835526315789475,nan,nan,0.5034038492475661,0.4749498997995992,1.0,2000,0.9192378014665723,1.0,0.9639278557114228,1.0,1.0,1.0
morph_signature_1gram,Hymnus,2850,17485,0.140152446520777,0.12491336049688212,0.09243221539784043,0.15915718902983655,0.4452876500659713,0.40701197905967845,0.521815595181272,1.0,0.992503748125937,1.0,2000,1.0,1.0,1.0,1.0,1.0,1.0
morph_signature_1gram,Klagelied des Einzelnen,4095,19594,0.17286504284689097,0.19694321030627937,0.13966512507404705,0.26664740626841504,0.5359164108322014,0.4824071072720683,0.5794562858273756,2.2294317164085856e-13,0.05997001499250375,0.9965017491254373,2000,3.0458433308680673e-13,1.5707634655249266e-12,0.07968618430510772,0.41094742380553106,1.0,1.0
morph_signature_1gram,Klagelied des Volkes,406,8034,0.0481042654028436,0.04489752421007019,0.02701611869150615,0.06585112804840719,0.4894303888277775,0.3961283178226482,0.6391292147248537,0.7641637175121965,0.6141929035482259,1.0,2000,0.9999998289335992,1.0,0.7998500749625187,1.0,1.0,1.0
morph_signature_1gram,Königspsalm,45,2964,0.014955134596211365,0.025877025239299224,0.009881349615518896,0.0579011841524957,0.6602264207527365,0.5205629453627193,0.876308184072163,0.00011008236122849676,0.01249375312343828,0.5942028985507246,2000,0.0003140585011518878,0.0016196224364117549,0.0336637236937087,0.17360626121414216,1.0,1.0
morph_signature_1gram,Liturgie,153,5161,0.028791870530673693,0.037051975429869495,0.02218412849042747,0.0609572887560127,0.6239024964762111,0.5166565043891824,0.7914524117649858,8.405223346322688e-08,0.010494752623688156,0.7351324337831084,2000,2.547833326854065e-07,1.3139360995723336e-06,0.021659383074420238,0.11169900721522678,1.0,1.0
morph_signature_1gram,Mischgedicht,45,2879,0.015389876880984952,0.03469961162715652,0.014497319521436982,0.0704406499975951,0.7400447686310834,0.5927383909891418,0.8751892925666781,1.5649422630610996e-08,0.0009995002498750624,0.3598200899550225,2000,2.529989991948778e-07,1.3047341625297075e-06,0.013850217748268723,0.07142657604238992,1.0,1.0
morph_signature_1gram,Thronbesteigungslied,21,2097,0.009915014164305949,0.01816529614520482,0.006682086233350908,0.10776413063211368,0.6907373345141585,0.5048681235912714,0.9369533234628608,0.0012979914416257274,0.013993003498250875,0.49825087456271866,2000,0.0022891849061399193,0.011805492357254295,0.02467856980600609,0.12726917185734932,0.8995628767894535,1.0
morph_signature_1gram,Wallfahrtslied,0,305,0.0,nan,nan,nan,nan,nan,nan,nan,nan,0.0004997501249375312,2000,nan,nan,nan,nan,0.0004997501249375312,0.002577247589158399
morph_signature_1gram,Weisheitsgedicht,55,3254,0.01662133575098217,0.02488173582421969,0.010325654833472595,0.052148874090454156,0.628244957255406,0.505103728970333,0.8374460146667255,0.0005442131532929491,0.03248375812093953,0.7146426786606697,2000,0.000926582780826255,0.004778454509318342,0.05165450061854319,0.26638600081383124,1.0,1.0
morph_signature_1gram,Zionslied,15,1805,0.008241758241758242,0.02276322021448671,0.006040862818244495,0.06945062410982632,0.7571375807940904,0.5662823309700208,0.930138355842134,0.00029690406957917534,0.008995502248875561,0.328335832083958,2000,0.0007999915208105558,0.004125614212930688,0.02192951143475881,0.11309207873378406,0.7195188120225602,1.0
morph_signature_1gram,prophetische Gerichtsrede,1,605,0.0016501650165016502,0.009009009009009009,nan,nan,0.8198347107438017,nan,nan,0.13495804340383744,0.10821643286573146,0.21139430284857572,2000,0.7811299501170966,1.0,0.735296680317156,1.0,1.0,1.0
morph_signature_1gram,"prophetische Schelt-, Droh- und Mahnrede",21,2088,0.00995732574679943,0.011810695380265808,0.00400817086439605,0.09617920522659851,0.5137976646597336,0.3689708091198617,0.8849660646808977,0.4138290090973721,0.41829085457271364,1.0,2000,0.9904531834126397,1.0,0.9838981608097049,1.0,1.0,1.0
morph_signature_1gram,prophetische Tora,0,304,0.0,nan,nan,nan,nan,nan,nan,nan,nan,0.0004997501249375312,2000,nan,nan,nan,nan,0.0004997501249375312,0.002577247589158399
morph_signature_1gram,prophetisches Stück,28,2381,0.011623080116230802,0.010072706699687118,0.004317112494042079,0.024644622349136433,0.372720045599088,0.26518616732518857,0.8182077438749944,0.9898062005151761,0.9775112443778111,1.0,2000,0.9975015437452767,1.0,0.9930034982508745,1.0,1.0,1.0
morph_signature_1gram_psalm,Danklied Israels,6,1206,0.0049504950495049506,0.004697547836147415,0.0017320440160203865,0.009762317479474173,0.3951077943615257,0.0286313776944323,0.8180153570847888,0.8127624439965528,0.8110944527736131,1.0,2000,0.9622723208019656,1.0,0.9855019298861208,1.0,1.0,1.0
morph_signature_1gram_psalm,Danklied des Einzelnen,276,6760,0.03922683342808414,0.052463532686615716,0.03337877318549132,0.07749652866584222,0.6209673269873939,0.5447413891499152,0.6940662790314767,4.445197961201993e-12,0.0034982508745627187,0.7261369315342329,2000,1.437280674121978e-10,7.412160532801978e-10,0.10907046476761618,0.5624842863338206,1.0,1.0
morph_signature_1gram_psalm,Fluch,1,608,0.0016420361247947454,0.0025906735751295338,nan,nan,0.3996710526315789,nan,nan,0.6368063813976934,0.6372745490981964,1.0,2000,0.9192378014665723,1.0,0.9639278557114228,1.0,1.0,1.0
morph_signature_1gram_psalm,Hymnus,2850,17485,0.140152446520777,0.17771206363676822,0.11347555694125723,0.2650154293915012,0.5468289611647076,0.5004441148560775,0.6136163186515764,4.858398111638166e-16,0.021989005497251374,0.9810094952523738,2000,7.854410280481703e-15,4.0505762679224457e-14,0.455672163918041,1.0,1.0,1.0
morph_signature_1gram_psalm,Klagelied des Einzelnen,4095,19594,0.17286504284689097,0.23286059975898615,0.15071746044341558,0.28934479246748923,0.6110573394486838,0.5575258846906108,0.6874607850589275,2.483493730823198e-111,0.0004997501249375312,0.775112443778111,2000,1.853068399152694e-110,9.556407944588053e-110,0.00098930126773348,0.0051018982887421375,1.0,1.0
morph_signature_1gram_psalm,Klagelied des Volkes,406,8034,0.0481042654028436,0.04234557568279552,0.015688397813704034,0.06762964925309534,0.4574306120171537,0.37353266021819753,0.5123168403407691,0.9981271926634259,0.8920539730134932,1.0,2000,0.9999998289335992,1.0,0.9900049975012494,1.0,1.0,1.0
morph_signature_1gram_psalm,Königspsalm,45,2964,0.014955134596211365,0.016206123026159744,0.0033606976438245867,0.036704789331431995,0.48893387314439946,0.3415077378087106,0.6614704234712598,0.6007429955083644,0.5422288855572214,1.0,2000,0.6265814039173263,1.0,0.5716978467288095,1.0,1.0,1.0
morph_signature_1gram_psalm,Liturgie,153,5161,0.028791870530673693,0.0237698700389969,0.009706522175525274,0.038937443990487264,0.42955144985075344,0.36834869731555653,0.5049362544382149,0.998533173232752,0.95952023988006,1.0,2000,0.9999999962821108,1.0,0.9995002498750625,1.0,1.0,1.0
morph_signature_1gram_psalm,Mischgedicht,45,2879,0.015389876880984952,0.019675977721377188,0.00718797002289018,0.04449097332285364,0.5498591331866775,0.4061594725922693,0.7071782610129252,0.12519546768172007,0.21039480259870064,0.9760119940029985,2000,0.178587652428336,0.9209894579454485,0.2929321053758835,1.0,1.0,1.0
morph_signature_1gram_psalm,Thronbesteigungslied,21,2097,0.009915014164305949,0.11727642513035198,0.004627272569962502,0.6449898387314866,0.6321048209460227,0.2690104064697891,0.9076405002819078,0.018486665184055433,0.059470264867566215,0.6841579210394803,2000,0.02423252057909969,0.12496886368867366,0.0765406770299061,0.3947258149711022,0.8995628767894535,1.0
morph_signature_1gram_psalm,Wallfahrtslied,0,305,0.0,nan,nan,nan,nan,nan,nan,nan,nan,0.0004997501249375312,2000,nan,nan,nan,nan,0.0004997501249375312,0.002577247589158399
morph_signature_1gram_psalm,Weisheitsgedicht,55,3254,0.01662133575098217,0.014284012875925355,0.004218082117001776,0.029353616053847887,0.43328490808515396,0.29744889774668815,0.5602421655933927,0.9553847060531264,0.8830584707646177,1.0,2000,0.9826357750583733,1.0,0.9435282358820589,1.0,1.0,1.0
morph_signature_1gram_psalm,Zionslied,15,1805,0.008241758241758242,0.016331606265350657,0.004382345035457021,0.11877017838042876,0.5822160664819944,0.21262932006606952,0.7507621960037736,0.13610682478435987,0.17491254372813594,0.888055972013993,2000,0.1492824318108232,0.7698603127637826,0.19063501956886728,0.9831186028306479,0.9678812279253631,1.0
morph_signature_1gram_psalm,prophetische Gerichtsrede,1,605,0.0016501650165016502,0.005555555555555556,nan,nan,0.7057851239669422,nan,nan,0.23914716330160218,0.21142284569138275,0.4492753623188406,2000,0.7811299501170966,1.0,0.735296680317156,1.0,1.0,1.0
morph_signature_1gram_psalm,"prophetische Schelt-, Droh- und Mahnrede",21,2088,0.00995732574679943,0.021153608434872184,0.002868071650832547,0.0803245002753433,0.48111658456486045,0.07442965750258858,0.5990576737380722,0.6172956709801871,0.559720139930035,1.0,2000,0.9904531834126397,1.0,0.9838981608097049,1.0,1.0,1.0
morph_signature_1gram_psalm,prophetische Tora,0,304,0.0,nan,nan,nan,nan,nan,nan,nan,nan,0.0004997501249375312,2000,nan,nan,nan,nan,0.0004997501249375312,0.002577247589158399
morph_signature_1gram_psalm,prophetisches Stück,28,2381,0.011623080116230802,0.015336626766846597,0.0037378499691324415,0.09227431394271682,0.48068788624227515,0.261903311327198,0.6898094712491788,0.6375824580913929,0.5722138930534733,1.0,2000,0.9975015437452767,1.0,0.9930034982508745,1.0,1.0,1.0
morph_st_1_2_3gram,Danklied Israels,6,1206,0.0049504950495049506,0.005510528955772139,0.0027897156591552546,0.013600094479812688,0.4948866777224986,0.2431353241370158,0.9084295374573538,0.5174869157637446,0.46676661669165415,1.0,2000,0.9622723208019656,1.0,0.9855019298861208,1.0,1.0,1.0
morph_st_1_2_3gram,Danklied des Einzelnen,276,6760,0.03922683342808414,0.037312901845528615,0.023207229692810086,0.061073942843040956,0.46969653117228366,0.38169261638734053,0.5934576749463755,0.9563032623068263,0.7866066966516742,1.0,2000,0.9611378590218405,1.0,0.7866066966516742,1.0,1.0,1.0
morph_st_1_2_3gram,Fluch,1,608,0.0016420361247947454,0.0019083969465648854,nan,nan,0.13980263157894737,nan,nan,0.8940866369856884,0.9328657314629258,1.0,2000,0.9192378014665723,1.0,0.9639278557114228,1.0,1.0,1.0
morph_st_1_2_3gram,Hymnus,2850,17485,0.140152446520777,0.11718566354209074,0.08483326411139752,0.16196939563583723,0.427080896407447,0.39088545094348415,0.45206524411239096,1.0,0.9995002498750625,1.0,2000,1.0,1.0,1.0,1.0,1.0,1.0
morph_st_1_2_3gram,Klagelied des Einzelnen,4095,19594,0.17286504284689097,0.20516011468527556,0.14378611285670886,0.2709883496501304,0.5566446358015206,0.50925297871039,0.5946108193136638,1.6665890095202596e-30,0.010494752623688156,0.9705147426286856,2000,2.8361251565520205e-30,1.462610284127264e-29,0.016688377122913954,0.08606316949369933,1.0,1.0
morph_st_1_2_3gram,Klagelied des Volkes,406,8034,0.0481042654028436,0.051268818090935836,0.031124788659104372,0.0765826083680365,0.5525169507425952,0.456382298961412,0.7103536551399201,0.00017431775143669003,0.08295852073963018,0.9770114942528736,2000,0.0005830628237709977,0.0030068972110402765,0.259579887475617,1.0,1.0,1.0
morph_st_1_2_3gram,Königspsalm,45,2964,0.014955134596211365,0.0194463768890954,0.009411500585061097,0.03932463497973436,0.6264207527365422,0.5022373333661843,0.8356670647185387,0.0017776900815650253,0.037481259370314844,0.7346326836581709,2000,0.0038319097313734988,0.019761436014226974,0.07574337831084459,0.3906140877318199,1.0,1.0
morph_st_1_2_3gram,Liturgie,153,5161,0.028791870530673693,0.043096918423368845,0.024335287740296738,0.07580930722127202,0.6551283950898709,0.5525654042969115,0.8165534142362736,2.8768933983667787e-11,0.0009995002498750624,0.6281859070464768,2000,1.9932761402969824e-10,1.027946942034182e-09,0.006059470264867566,0.03124912701854559,1.0,1.0
morph_st_1_2_3gram,Mischgedicht,45,2879,0.015389876880984952,0.02998198854833729,0.012827023540296882,0.09659253084750676,0.6465632356914052,0.4818400290243911,0.8989132302623392,0.00036395381271204597,0.01649175412293853,0.6561719140429785,2000,0.0013160260533702356,0.006786841671609483,0.05332333833083459,0.2749923177632012,1.0,1.0
morph_st_1_2_3gram,Thronbesteigungslied,21,2097,0.009915014164305949,0.01984939272752038,0.005348769675327999,0.0962714690491117,0.617458046642596,0.2834829544365624,0.8664230445277197,0.031819187306937516,0.08045977011494253,0.7706146926536732,2000,0.038580764609661734,0.19896379733885494,0.09517802074572469,0.49083994634008193,0.9307346326836581,1.0
morph_st_1_2_3gram,Wallfahrtslied,0,305,0.0,nan,nan,nan,nan,nan,nan,nan,nan,0.0004997501249375312,2000,nan,nan,nan,nan,0.0004997501249375312,0.002577247589158399
morph_st_1_2_3gram,Weisheitsgedicht,55,3254,0.01662133575098217,0.030563727347928768,0.01056448290434721,0.07916462374717194,0.6511985248924401,0.48968635493951085,0.8351991049979077,5.874849405009729e-05,0.01199400299850075,0.6406796601699151,2000,0.00012388269397520515,0.0006388720251464764,0.02585373979676828,0.13332960861246118,1.0,1.0
morph_st_1_2_3gram,Zionslied,15,1805,0.008241758241758242,0.017055363859030663,0.005571596776804031,0.038499860849188904,0.7349769159741459,0.5548403053519865,0.9317218350051094,0.0008493080749545767,0.01249375312343828,0.41579210394802596,2000,0.0016476576654118789,0.008497089913628183,0.023762628489676727,0.12254559615115918,0.7195188120225602,1.0
morph_st_1_2_3gram,prophetische Gerichtsrede,1,605,0.0016501650165016502,0.0049261083743842365,nan,nan,0.6677685950413224,nan,nan,0.2818510129288493,0.2620240480961924,0.5887056471764118,2000,0.7811299501170966,1.0,0.735296680317156,1.0,1.0,1.0
morph_st_1_2_3gram,"prophetische Schelt-, Droh- und Mahnrede",21,2088,0.00995732574679943,0.010249168363195251,0.00275377645242131,0.06924581954807163,0.41566320014595876,0.28969058926361396,0.9989928744465852,0.9085678532474732,0.8755622188905547,1.0,2000,0.9904531834126397,1.0,0.9838981608097049,1.0,1.0,1.0
morph_st_1_2_3gram,prophetische Tora,0,304,0.0,nan,nan,nan,nan,nan,nan,nan,nan,0.0004997501249375312,2000,nan,nan,nan,nan,0.0004997501249375312,0.002577247589158399
morph_st_1_2_3gram,prophetisches Stück,28,2381,0.011623080116230802,0.0106477693696803,0.004459565251171914,0.021506654838198355,0.4521884562308754,0.2915513743461683,0.7580107288051033,0.8081905826224087,0.7386306846576711,1.0,2000,0.9975015437452767,1.0,0.9930034982508745,1.0,1.0,1.0
morph_st_1_2_3gram_psalm,Danklied Israels,6,1206,0.0049504950495049506,0.004148319380144474,0.0018569118661278313,0.009230389296581865,0.3439745715865119,0.10720032087878724,0.7819008000764719,0.9067128857047677,0.9295352323838081,1.0,2000,0.9622723208019656,1.0,0.9855019298861208,1.0,1.0,1.0
morph_st_1_2_3gram_psalm,Danklied des Einzelnen,276,6760,0.03922683342808414,0.04532100380935976,0.027826595140290813,0.06089623112483313,0.5483339229054112,0.46316707073112295,0.6314597354774617,0.0032018942306969674,0.10744627686156921,0.9800099950024987,2000,0.010352791345920195,0.05339009478120286,0.25161228909354844,1.0,1.0,1.0
morph_st_1_2_3gram_psalm,Fluch,1,608,0.0016420361247947454,0.0026041666666666665,nan,nan,0.4029605263157895,nan,nan,0.6325246356091372,0.6377755511022044,1.0,2000,0.9192378014665723,1.0,0.9639278557114228,1.0,1.0,1.0
morph_st_1_2_3gram_psalm,Hymnus,2850,17485,0.140152446520777,0.16367333290060676,0.09506114152940526,0.25296015909641323,0.4984249456927993,0.44351948263490226,0.6122367653376196,0.6064566721938935,0.5037481259370314,1.0,2000,1.0,1.0,1.0,1.0,1.0,1.0
morph_st_1_2_3gram_psalm,Klagelied des Einzelnen,4095,19594,0.17286504284689097,0.22750069535759432,0.14456317008402236,0.28681616862138043,0.5946278937398668,0.542688004912979,0.6730682954356711,1.948139211027846e-81,0.0004997501249375312,0.8585707146426786,2000,5.7263485899909415e-81,2.953119441456774e-80,0.00098930126773348,0.0051018982887421375,1.0,1.0
morph_st_1_2_3gram_psalm,Klagelied des Volkes,406,8034,0.0481042654028436,0.04565198157254059,0.014864154340347734,0.08874096756297618,0.5019907695250849,0.3643209116957363,0.6038925023536523,0.44608711711257387,0.447776111944028,1.0,2000,0.6458276173122338,1.0,0.658095194826829,1.0,1.0,1.0
morph_st_1_2_3gram_psalm,Königspsalm,45,2964,0.014955134596211365,0.013025246234945994,0.003562885167624854,0.0325581352128316,0.44032838506522715,0.2898253859169141,0.6035692149263567,0.9156062968263529,0.8345827086456772,1.0,2000,0.9280902589939993,1.0,0.8521528709329547,1.0,1.0,1.0
morph_st_1_2_3gram_psalm,Liturgie,153,5161,0.028791870530673693,0.026079073907903146,0.00810954971178405,0.04409732145547933,0.4618639291924223,0.3224964999514729,0.5585084528420883,0.9463296846128402,0.8145927036481759,1.0,2000,0.9999999962821108,1.0,0.9901174412793602,1.0,1.0,1.0
morph_st_1_2_3gram_psalm,Mischgedicht,45,2879,0.015389876880984952,0.014631092090856963,0.007252880841933324,0.03011520287248573,0.4514800663810737,0.33525298035292966,0.5892973185413724,0.868366641672,0.7796101949025487,1.0,2000,0.9162195929058479,1.0,0.8402465433949691,1.0,1.0,1.0
morph_st_1_2_3gram_psalm,Thronbesteigungslied,21,2097,0.009915014164305949,0.05782752185183161,0.003928465103204576,0.41631841014932036,0.5248768081386107,0.22988659967936692,0.6698907222511691,0.3472770197467409,0.3308345827086457,0.9985007496251874,2000,0.3545881148993039,1.0,0.3342807762785274,1.0,1.0,1.0
morph_st_1_2_3gram_psalm,Wallfahrtslied,0,305,0.0,nan,nan,nan,nan,nan,nan,nan,nan,0.0004997501249375312,2000,nan,nan,nan,nan,0.0004997501249375312,0.002577247589158399
morph_st_1_2_3gram_psalm,Weisheitsgedicht,55,3254,0.01662133575098217,0.01707926737531145,0.00437094383310162,0.040412244065766066,0.44875118734983516,0.2854364067915662,0.6500427183152573,0.9041396576584186,0.8070964517741129,1.0,2000,0.9826357750583733,1.0,0.8896404070691927,1.0,1.0,1.0
morph_st_1_2_3gram_psalm,Zionslied,15,1805,0.008241758241758242,0.018890340997116055,0.0037648571693940603,0.0713828167264621,0.6714496768236381,0.4344548595245818,0.8670906474975925,0.011012299533951575,0.0399800099950025,0.5847076461769115,2000,0.014242574063910702,0.07344998597891723,0.05240622931777355,0.2702627201603943,0.753287829769326,1.0
morph_st_1_2_3gram_psalm,prophetische Gerichtsrede,1,605,0.0016501650165016502,0.004694835680751174,nan,nan,0.6512396694214876,nan,nan,0.3014099716946456,0.2905811623246493,0.6511744127936032,2000,0.7901828987670438,1.0,0.735296680317156,1.0,1.0,1.0
morph_st_1_2_3gram_psalm,"prophetische Schelt-, Droh- und Mahnrede",21,2088,0.00995732574679943,0.024030474709985702,0.002224687237191989,0.10568337695441216,0.5156221492428389,0.27908343788939366,0.9042884614327995,0.4026383199815387,0.38130934532733635,1.0,2000,0.9904531834126397,1.0,0.9838981608097049,1.0,1.0,1.0
morph_st_1_2_3gram_psalm,prophetische Tora,0,304,0.0,nan,nan,nan,nan,nan,nan,nan,nan,0.0004997501249375312,2000,nan,nan,nan,nan,0.0004997501249375312,0.002577247589158399
morph_st_1_2_3gram_psalm,prophetisches Stück,28,2381,0.011623080116230802,0.017579872714209896,0.003742791586992793,0.1304382638209915,0.49917501649967,0.18409200523489427,0.7060912035475945,0.5060508779718144,0.46276861569215394,1.0,2000,0.9975015437452767,1.0,0.9930034982508745,1.0,1.0,1.0
morph_st_1_2gram,Danklied Israels,6,1206,0.0049504950495049506,0.00558523576215109,0.0029033292746869495,0.01221620715723785,0.509812050856827,0.30310117959914823,0.838867191992426,0.4671512698567194,0.4237881059470265,1.0,2000,0.9622723208019656,1.0,0.9855019298861208,1.0,1.0,1.0
morph_st_1_2gram,Danklied des Einzelnen,276,6760,0.03922683342808414,0.03686480318649085,0.022419363618830623,0.06021070205882459,0.4730136780722065,0.3996671288683129,0.5712120027571193,0.9360209651533189,0.7636181909045477,1.0,2000,0.9611378590218405,1.0,0.7866066966516742,1.0,1.0,1.0
morph_st_1_2gram,Fluch,1,608,0.0016420361247947454,0.0018975332068311196,nan,nan,0.13486842105263158,nan,nan,0.8971759137627755,0.9338677354709419,1.0,2000,0.9192378014665723,1.0,0.9639278557114228,1.0,1.0,1.0
morph_st_1_2gram,Hymnus,2850,17485,0.140152446520777,0.12094083214527881,0.08645728632195063,0.1714414856896933,0.4397129369033106,0.4033501489527113,0.4628425376250628,1.0,0.9995002498750625,1.0,2000,1.0,1.0,1.0,1.0,1.0,1.0
morph_st_1_2gram,Klagelied des Einzelnen,4095,19594,0.17286504284689097,0.21286138593009932,0.14870451597336645,0.286828745039295,0.5757463193923334,0.5249838048668837,0.6045601606715859,5.996706679130623e-53,0.0004997501249375312,0.9160419790104948,2000,1.264522930164501e-52,6.521236335077152e-52,0.00098930126773348,0.0051018982887421375,1.0,1.0
morph_st_1_2gram,Klagelied des Volkes,406,8034,0.0481042654028436,0.052664252049524886,0.029589432018756336,0.07775436930280993,0.5498806795258084,0.4631224241620232,0.7037602283485751,0.00034105317055300045,0.09145427286356822,0.9805097451274363,2000,0.0010671663723755174,0.00550345427283187,0.2609136608166505,1.0,1.0,1.0
morph_st_1_2gram,Königspsalm,45,2964,0.014955134596211365,0.020083603666023696,0.009355307240165613,0.045764073893520746,0.6195981406507722,0.49234848485198934,0.8207506597351363,0.002909544571685874,0.04147926036981509,0.751624187906047,2000,0.005879704655281871,0.030322062750225025,0.07923922654057587,0.40864243024251934,1.0,1.0
morph_st_1_2gram,Liturgie,153,5161,0.028791870530673693,0.04038063546949398,0.02208657049915166,0.06761640265513194,0.6340502486598204,0.534665481877997,0.8016227781594681,7.568201611872566e-09,0.0009995002498750624,0.7061469265367316,2000,3.188159305960322e-08,1.644156844616345e-07,0.006059470264867566,0.03124912701854559,1.0,1.0
morph_st_1_2gram,Mischgedicht,45,2879,0.015389876880984952,0.025034317946439098,0.011417552523704296,0.06382682001844739,0.6265254139168693,0.46703041948249696,0.8931564200565187,0.0017677302356771396,0.026986506746626688,0.7306346826586707,2000,0.004822785267387202,0.024871452918508032,0.0747911758406511,0.3857035106289056,1.0,1.0
morph_st_1_2gram,Thronbesteigungslied,21,2097,0.009915014164305949,0.018416302024695404,0.005003480703554695,0.07422754356942117,0.6349206349206349,0.3740207966122696,0.8714203052223634,0.016566326002276963,0.05747126436781609,0.703648175912044,2000,0.022574507530737753,0.11641837031517402,0.07533395464429947,0.3885026602305668,0.8995628767894535,1.0
morph_st_1_2gram,Wallfahrtslied,0,305,0.0,nan,nan,nan,nan,nan,nan,nan,nan,0.0004997501249375312,2000,nan,nan,nan,nan,0.0004997501249375312,0.002577247589158399
morph_st_1_2gram,Weisheitsgedicht,55,3254,0.01662133575098217,0.047304555357486636,0.015004017421127782,0.2994033788851208,0.638391909258535,0.49253626274476775,0.838964401585254,0.00021167932051165388,0.017491254372813594,0.6931534232883558,2000,0.00039486334787750823,0.002036338883340009,0.03262791681082536,0.1682645300998609,1.0,1.0
morph_st_1_2gram,Zionslied,15,1805,0.008241758241758242,0.01765772433693189,0.006194167603508028,0.0790460465067972,0.7172853185595568,0.5398754734266263,0.9044761484742212,0.0018533106990075798,0.018490754622688656,0.4702648675662169,2000,0.002947067832848119,0.015198242258055458,0.029403331121324584,0.15163510815556547,0.7195188120225602,1.0
morph_st_1_2gram,prophetische Gerichtsrede,1,605,0.0016501650165016502,0.0049504950495049506,nan,nan,0.6694214876033058,nan,nan,0.2799238047186947,0.27354709418837675,0.5997001499250375,2000,0.7811299501170966,1.0,0.735296680317156,1.0,1.0,1.0
morph_st_1_2gram,"prophetische Schelt-, Droh- und Mahnrede",21,2088,0.00995732574679943,0.009802648530730117,0.0027719939350473624,0.05662655804474452,0.41390713373471993,0.30883699427277356,0.9990654218792274,0.9130404881784588,0.8875562218890555,1.0,2000,0.9904531834126397,1.0,0.9838981608097049,1.0,1.0,1.0
morph_st_1_2gram,prophetische Tora,0,304,0.0,nan,nan,nan,nan,nan,nan,nan,nan,0.0004997501249375312,2000,nan,nan,nan,nan,0.0004997501249375312,0.002577247589158399
morph_st_1_2gram,prophetisches Stück,28,2381,0.011623080116230802,0.01107940718714124,0.004055752592159242,0.022262679026895275,0.45685336293274137,0.305753446519232,0.7857284126419573,0.7841408666535996,0.7071464267866067,1.0,2000,0.9975015437452767,1.0,0.9930034982508745,1.0,1.0,1.0
morph_st_1_2gram_psalm,Danklied Israels,6,1206,0.0049504950495049506,0.0041875722074484895,0.0018343795982004771,0.00945990639958147,0.3497788833609729,0.1454210969082978,0.7884885467378943,0.8982707444236558,0.9190404797601199,1.0,2000,0.9622723208019656,1.0,0.9855019298861208,1.0,1.0,1.0
morph_st_1_2gram_psalm,Danklied des Einzelnen,276,6760,0.03922683342808414,0.04300594472854251,0.02653861783646453,0.05851333257941675,0.5352242517794358,0.45018872765540446,0.6137296222002341,0.023465883859596217,0.1539230384807596,0.991504247876062,2000,0.052934668241414726,0.27298791796227967,0.31767095175816346,1.0,1.0,1.0
morph_st_1_2gram_psalm,Fluch,1,608,0.0016420361247947454,0.0024691358024691358,nan,nan,0.37664473684210525,nan,nan,0.6662944448310764,0.655310621242485,1.0,2000,0.9192378014665723,1.0,0.9639278557114228,1.0,1.0,1.0
morph_st_1_2gram_psalm,Hymnus,2850,17485,0.140152446520777,0.161715779585689,0.09536155474591608,0.2578397793520891,0.493699180751421,0.4466706891901794,0.5890207021893785,0.8600441847618701,0.5857071464267866,1.0,2000,1.0,1.0,1.0,1.0,1.0,1.0
morph_st_1_2gram_psalm,Klagelied des Einzelnen,4095,19594,0.17286504284689097,0.22762384406715028,0.14540959216149027,0.285217013588723,0.5972258645372864,0.5459723531887739,0.6737045105662673,7.518352570453137e-86,0.0004997501249375312,0.84007996001999,2000,2.4309339977798475e-85,1.2536502689147785e-84,0.00098930126773348,0.0051018982887421375,1.0,1.0
morph_st_1_2gram_psalm,Klagelied des Volkes,406,8034,0.0481042654028436,0.047329842588772084,0.015637686406233635,0.08651928195975948,0.5073465481065079,0.38669741407285746,0.5976030846925482,0.3084450013190374,0.37831084457771114,1.0,2000,0.5248976338236251,1.0,0.6536409214747465,1.0,1.0,1.0
morph_st_1_2gram_psalm,Königspsalm,45,2964,0.014955134596211365,0.012738328227490152,0.003450190029964988,0.02895798376657349,0.43825161193582246,0.32005270709787426,0.6109024993729151,0.9227792916205861,0.863568215892054,1.0,2000,0.9280902589939993,1.0,0.8725637181409296,1.0,1.0,1.0
morph_st_1_2gram_psalm,Liturgie,153,5161,0.028791870530673693,0.02806970841909994,0.008761771036098464,0.045817341186845176,0.48060554713392173,0.36724388656290513,0.5825127447475088,0.7935868376203844,0.6381809095452274,1.0,2000,0.9999999962821108,1.0,0.8365344354849602,1.0,1.0,1.0
morph_st_1_2gram_psalm,Mischgedicht,45,2879,0.015389876880984952,0.01446733298972801,0.007137093108049738,0.03186972448699909,0.4472887962641349,0.33188047974373863,0.5858633206309972,0.8878829044654608,0.8140929535232384,1.0,2000,0.9162195929058479,1.0,0.8442002403053792,1.0,1.0,1.0
morph_st_1_2gram_psalm,Thronbesteigungslied,21,2097,0.009915014164305949,0.05787743973134965,0.005636643869829623,0.5030191209039949,0.5274428321638622,0.20759384838658373,0.6640223755636336,0.3324289310072196,0.3218390804597701,0.9965017491254373,2000,0.34303836497553514,1.0,0.3321105404744436,1.0,1.0,1.0
morph_st_1_2gram_psalm,Wallfahrtslied,0,305,0.0,nan,nan,nan,nan,nan,nan,nan,nan,0.0004997501249375312,2000,nan,nan,nan,nan,0.0004997501249375312,0.002577247589158399
morph_st_1_2gram_psalm,Weisheitsgedicht,55,3254,0.01662133575098217,0.01652735172433302,0.0043387870830237565,0.03829990643700709,0.45119852489244006,0.31414450811347816,0.6441779170357237,0.8930988773582427,0.8010994502748626,1.0,2000,0.9826357750583733,1.0,0.8896404070691927,1.0,1.0,1.0
morph_st_1_2gram_psalm,Zionslied,15,1805,0.008241758241758242,0.032392375645022314,0.005646977254315694,0.294199037690185,0.7176546629732226,0.45887234277729283,0.9324858859009846,0.0018232115449414185,0.013993003498250875,0.4607696151924038,2000,0.002947067832848119,0.015198242258055458,0.023812655075970787,0.12280358687989845,0.7195188120225602,1.0
morph_st_1_2gram_psalm,prophetische Gerichtsrede,1,605,0.0016501650165016502,0.004201680672268907,nan,nan,0.6099173553719008,nan,nan,0.35289939031949324,0.33717434869739477,0.7916041979010495,2000,0.7993302292188865,1.0,0.735296680317156,1.0,1.0,1.0
morph_st_1_2gram_psalm,"prophetische Schelt-, Droh- und Mahnrede",21,2088,0.00995732574679943,0.033603717166042324,0.0022537610698925127,0.11147931954083048,0.5340038314176245,0.3218528514503249,0.9871163271917452,0.2956962633359284,0.29035482258870565,0.993503248375812,2000,0.9904531834126397,1.0,0.9838981608097049,1.0,1.0,1.0
morph_st_1_2gram_psalm,prophetische Tora,0,304,0.0,nan,nan,nan,nan,nan,nan,nan,nan,0.0004997501249375312,2000,nan,nan,nan,nan,0.0004997501249375312,0.002577247589158399
morph_st_1_2gram_psalm,prophetisches Stück,28,2381,0.011623080116230802,0.016595289071822665,0.0038301270277200194,0.0875961989119418,0.500629987400252,0.24194579378430037,0.7402032287418125,0.49547531075301765,0.4387806096951524,1.0,2000,0.9975015437452767,1.0,0.9930034982508745,1.0,1.0,1.0
morph_st_1gram,Danklied Israels,6,1206,0.0049504950495049506,0.005240927395290952,0.0028814644113784073,0.011991438207885594,0.4708402432283029,0.24868933205462054,0.7642106857571029,0.5976613913260387,0.5372313843078461,1.0,2000,0.9622723208019656,1.0,0.9855019298861208,1.0,1.0,1.0
morph_st_1gram,Danklied des Einzelnen,276,6760,0.03922683342808414,0.0376244276140836,0.023902900844154515,0.0578870532362489,0.48671131335219964,0.4285889632127249,0.5912036388350027,0.7732448868892401,0.6271864067966016,1.0,2000,0.9146921222958083,1.0,0.7329768850514502,1.0,1.0,1.0
morph_st_1gram,Fluch,1,608,0.0016420361247947454,0.0018181818181818182,nan,nan,0.09786184210526316,nan,nan,0.9182820158347981,0.9639278557114228,1.0,2000,0.9192378014665723,1.0,0.9639278557114228,1.0,1.0,1.0
morph_st_1gram,Hymnus,2850,17485,0.140152446520777,0.12901244549057983,0.09230166427007189,0.190836093695286,0.4657606369369234,0.42626528413879794,0.4931783208294267,0.9999999978388627,0.9630184907546226,1.0,2000,1.0,1.0,1.0,1.0,1.0,1.0
morph_st_1gram,Klagelied des Einzelnen,4095,19594,0.17286504284689097,0.21554921179806744,0.15274273671505287,0.3140099364025722,0.5937011255220911,0.540686947556308,0.6282497951321419,6.83900442878531e-80,0.0004997501249375312,0.8330834582708646,2000,1.9511277340946326e-79,1.0062107036919798e-78,0.00098930126773348,0.0051018982887421375,1.0,1.0
morph_st_1gram,Klagelied des Volkes,406,8034,0.0481042654028436,0.04847780652035123,0.027462231889641732,0.07014178532570699,0.521213414417298,0.4494191020475445,0.673105788410246,0.07429334716649205,0.2383808095952024,0.9985007496251874,2000,0.15332882287552616,0.7907278445479944,0.5026725767551007,1.0,1.0,1.0
morph_st_1gram,Königspsalm,45,2964,0.014955134596211365,0.020222895855914934,0.00818846738168049,0.05511796005292063,0.5873369320737741,0.4387925881910933,0.8057810812466387,0.0220114412990959,0.08395802098950525,0.8555722138930535,2000,0.036188301796818687,0.18662569333673662,0.1272488755622189,0.6562316673894574,1.0,1.0
morph_st_1gram,Liturgie,153,5161,0.028791870530673693,0.044295919650082345,0.023139498194150294,0.0917506653362552,0.6134178789386968,0.5203039429593562,0.7936109882776735,8.387217955830087e-07,0.0079960019990005,0.7641179410294853,2000,1.8079114260344855e-06,9.323530163682761e-06,0.018037492881466242,0.09302065717148456,1.0,1.0
morph_st_1gram,Mischgedicht,45,2879,0.015389876880984952,0.019554485275682824,0.009266867145808738,0.053326120436692014,0.5795183512793795,0.4239900221521219,0.8012065166869694,0.03338916306648255,0.09045477261369315,0.8855572213893054,2000,0.05584049685256564,0.28797348656725463,0.1454272863568216,0.7499790484450942,1.0,1.0
morph_st_1gram,Thronbesteigungslied,21,2097,0.009915014164305949,0.015461091314915135,0.004733525015060783,0.049726137581299845,0.6274496446170266,0.37420036691687925,0.8517610504664218,0.022084089035112192,0.05997001499250375,0.7171414292853573,2000,0.027820216057219255,0.14347086911143156,0.0765406770299061,0.3947258149711022,0.8995628767894535,1.0
morph_st_1gram,Wallfahrtslied,0,305,0.0,nan,nan,nan,nan,nan,nan,nan,nan,0.0004997501249375312,2000,nan,nan,nan,nan,0.0004997501249375312,0.002577247589158399
morph_st_1gram,Weisheitsgedicht,55,3254,0.01662133575098217,0.02148869156085596,0.008172100165299765,0.05187269621871509,0.5678493602279712,0.42523869522798663,0.7727811096874538,0.04197595803497868,0.10344827586206896,0.9290354822588706,2000,0.05900968013612945,0.3043171942915637,0.14612983363390766,0.7536021356356501,1.0,1.0
morph_st_1gram,Zionslied,15,1805,0.008241758241758242,0.019608631806572685,0.005582779986767744,0.058952276798437696,0.724561403508772,0.4353959005942159,0.875667541142608,0.0013530204834456489,0.013993003498250875,0.46976511744127936,2000,0.00240952685415472,0.012426104499041232,0.023812655075970787,0.12280358687989845,0.7195188120225602,1.0
morph_st_1gram,prophetische Gerichtsrede,1,605,0.0016501650165016502,0.006622516556291391,nan,nan,0.7537190082644628,nan,nan,0.19089511494948408,0.21492985971943887,0.40929535232383807,2000,0.7811299501170966,1.0,0.735296680317156,1.0,1.0,1.0
morph_st_1gram,"prophetische Schelt-, Droh- und Mahnrede",21,2088,0.00995732574679943,0.008798134658735137,0.0030495931488560744,0.021234551546997736,0.4237365444261996,0.31757847964451524,0.9702464010156443,0.8858012509834685,0.8570714642678661,1.0,2000,0.9904531834126397,1.0,0.9838981608097049,1.0,1.0,1.0
morph_st_1gram,prophetische Tora,0,304,0.0,nan,nan,nan,nan,nan,nan,nan,nan,0.0004997501249375312,2000,nan,nan,nan,nan,0.0004997501249375312,0.002577247589158399
morph_st_1gram,prophetisches Stück,28,2381,0.011623080116230802,0.012613422366490233,0.004286298806476955,0.03774014958375651,0.4710130797384052,0.29256645539848053,0.830838867678979,0.7013437449581519,0.6266866566716641,1.0,2000,0.9975015437452767,1.0,0.9930034982508745,1.0,1.0,1.0
morph_st_1gram_psalm,Danklied Israels,6,1206,0.0049504950495049506,0.004554756969356921,0.0021100751783749774,0.010206163526207037,0.3850193477059149,0.05301352363367997,0.6756511782132563,0.8348677686902009,0.8335832083958021,1.0,2000,0.9622723208019656,1.0,0.9855019298861208,1.0,1.0,1.0
morph_st_1gram_psalm,Danklied des Einzelnen,276,6760,0.03922683342808414,0.04304644475153493,0.026448459315518903,0.058717796345659636,0.537364934396707,0.4554207578656177,0.6216755433144501,0.01752907552327243,0.13693153423288357,0.9905047476261869,2000,0.04250800814393564,0.21921687667927636,0.29624076850463654,1.0,1.0,1.0
morph_st_1gram_psalm,Fluch,1,608,0.0016420361247947454,0.002336448598130841,nan,nan,0.3412828947368421,nan,nan,0.7095702965989812,0.685871743486974,1.0,2000,0.9192378014665723,1.0,0.9639278557114228,1.0,1.0,1.0
morph_st_1gram_psalm,Hymnus,2850,17485,0.140152446520777,0.15787033187343597,0.09799464760277957,0.25262076709433634,0.49151197266830216,0.4535264022420963,0.5711233289433061,0.9272527767491181,0.6286856571714143,1.0,2000,1.0,1.0,1.0,1.0,1.0,1.0
morph_st_1gram_psalm,Klagelied des Einzelnen,4095,19594,0.17286504284689097,0.23254060530279608,0.1456946733002004,0.29275070082770965,0.6056728449552784,0.5550235214474621,0.6834645769356604,5.146730323488009e-101,0.0004997501249375312,0.8035982008995503,2000,2.9366637728137463e-100,1.5144587766934725e-99,0.00098930126773348,0.0051018982887421375,1.0,1.0
morph_st_1gram_psalm,Klagelied des Volkes,406,8034,0.0481042654028436,0.04733104095847741,0.016355763027106857,0.07782162408670194,0.49347738245461714,0.416282846584887,0.5638811222874429,0.6715429322760649,0.5322338830584707,1.0,2000,0.9047175615385875,1.0,0.7271364317841079,1.0,1.0,1.0
morph_st_1gram_psalm,Königspsalm,45,2964,0.014955134596211365,0.01296319057502596,0.0037053255508596263,0.02640488746839685,0.43661718398560506,0.3509017884305682,0.6784802746212818,0.9280902589939993,0.8915542228885557,1.0,2000,0.9280902589939993,1.0,0.8915542228885557,1.0,1.0,1.0
morph_st_1gram_psalm,Liturgie,153,5161,0.028791870530673693,0.03303758588847251,0.009510515538789757,0.05734619760520857,0.5004172824590665,0.40934793851829854,0.6219188881738809,0.49298198941362065,0.4452773613193403,1.0,2000,0.6735106052552282,1.0,0.6083366767320565,1.0,1.0,1.0
morph_st_1gram_psalm,Mischgedicht,45,2879,0.015389876880984952,0.013329533426442011,0.0067710692061998265,0.024129312825133056,0.43780633707691713,0.3321407490432062,0.5737085054312016,0.9242096574584321,0.8760619690154923,1.0,2000,0.9242096574584321,1.0,0.8760619690154923,1.0,1.0,1.0
morph_st_1gram_psalm,Thronbesteigungslied,21,2097,0.009915014164305949,0.05935203256217946,0.005594145158153723,0.5032686932302242,0.5639575811249631,0.24208725681186735,0.7131630859870967,0.15627392816823554,0.18940529735132433,0.9415292353823088,2000,0.16657770365185548,0.8590532822737179,0.20413682047864953,1.0,1.0,1.0
morph_st_1gram_psalm,Wallfahrtslied,0,305,0.0,nan,nan,nan,nan,nan,nan,nan,nan,0.0004997501249375312,2000,nan,nan,nan,nan,0.0004997501249375312,0.002577247589158399
morph_st_1gram_psalm,Weisheitsgedicht,55,3254,0.01662133575098217,0.02068241904674288,0.004731745859195968,0.09259422440603333,0.43010560429122197,0.31296625638431763,0.5993268132159931,0.9625012027923268,0.9370314842578711,1.0,2000,0.9826357750583733,1.0,0.9435282358820589,1.0,1.0,1.0
morph_st_1gram_psalm,Zionslied,15,1805,0.008241758241758242,0.03437423829471446,0.00586987015478141,0.08732999346620608,0.8065927977839336,0.49170949344132386,0.9467158228106182,2.1077604394874604e-05,0.0014992503748125937,0.3053473263368316,2000,0.00011358486812793537,0.0005857653914227398,0.00908920539730135,0.04687369052781838,0.7195188120225602,1.0
morph_st_1gram_psalm,prophetische Gerichtsrede,1,605,0.0016501650165016502,0.005076142131979695,nan,nan,0.6776859504132231,nan,nan,0.27024123185579846,0.2665330661322645,0.5497251374312844,2000,0.7811299501170966,1.0,0.735296680317156,1.0,1.0,1.0
morph_st_1gram_psalm,"prophetische Schelt-, Droh- und Mahnrede",21,2088,0.00995732574679943,0.030231384984435825,0.004715794395591611,0.16818659654076257,0.5183246670315635,0.31307573837423436,0.964668575428834,0.38620974627363547,0.3428285857071464,0.999000499750125,2000,0.9904531834126397,1.0,0.9838981608097049,1.0,1.0,1.0
morph_st_1gram_psalm,prophetische Tora,0,304,0.0,nan,nan,nan,nan,nan,nan,nan,nan,0.0004997501249375312,2000,nan,nan,nan,nan,0.0004997501249375312,0.002577247589158399
morph_st_1gram_psalm,prophetisches Stück,28,2381,0.011623080116230802,0.016353569876145915,0.0035803504195716747,0.06550363994235112,0.5179546409071819,0.3387538570384027,0.7931238717840295,0.3718316740905729,0.3293353323338331,0.999000499750125,2000,0.9975015437452767,1.0,0.9930034982508745,1.0,1.0,1.0
morph_st_sp_plus,Danklied Israels,6,1206,0.0049504950495049506,0.0051387059068809205,0.0025799974930208118,0.010572395829812191,0.4577114427860697,0.2022459093100532,0.8016728851357888,0.6399698234274667,0.5882058970514743,1.0,2000,0.9622723208019656,1.0,0.9855019298861208,1.0,1.0,1.0
morph_st_sp_plus,Danklied des Einzelnen,276,6760,0.03922683342808414,0.03858258691088155,0.023975395075044013,0.06329950164461319,0.494400673184118,0.4143928117995661,0.6163242363666268,0.623941944526462,0.5347326336831584,1.0,2000,0.8352058589890635,1.0,0.7084919078922077,1.0,1.0,1.0
morph_st_sp_plus,Fluch,1,608,0.0016420361247947454,0.001949317738791423,nan,nan,0.15789473684210525,nan,nan,0.8821864825898889,0.9153306613226453,1.0,2000,0.9192378014665723,1.0,0.9639278557114228,1.0,1.0,1.0
morph_st_sp_plus,Hymnus,2850,17485,0.140152446520777,0.12659192049143647,0.0916068567123671,0.1708505371422075,0.46265556943545594,0.42456840451611344,0.5015274731088603,0.9999999999242313,0.953023488255872,1.0,2000,1.0,1.0,1.0,1.0,1.0,1.0
morph_st_sp_plus,Klagelied des Einzelnen,4095,19594,0.17286504284689097,0.2333126617848985,0.16159984205346073,0.32188147081590646,0.5814361140430345,0.5060166111797648,0.6185065695969171,7.138303261389356e-61,0.0014992503748125937,0.9035482258870565,2000,1.6102684101273665e-60,8.304270816175267e-60,0.002693097895496696,0.013888500897131372,1.0,1.0
morph_st_sp_plus,Klagelied des Volkes,406,8034,0.0481042654028436,0.047842149628508066,0.02837220317827002,0.06898225970095608,0.5187086655114777,0.42694097960921423,0.6558212943522836,0.10133564356149483,0.2768615692153923,1.0,2000,0.20478244636385415,1.0,0.5594910877894387,1.0,1.0,1.0
morph_st_sp_plus,Königspsalm,45,2964,0.014955134596211365,0.02431957851254442,0.009804929151736466,0.059274028607013536,0.6318338581496477,0.4875642092696324,0.8286301359589369,0.0011830619034700282,0.02498750624687656,0.7136431784107946,2000,0.002668767549688203,0.013763027541649639,0.05508609331697787,0.284082972895869,1.0,1.0
morph_st_sp_plus,Liturgie,153,5161,0.028791870530673693,0.03969587624351188,0.022802236655790193,0.06618108172225771,0.6389613909246448,0.5413516822130198,0.7615092290027131,2.21374898990847e-09,0.001999000499750125,0.6836581709145427,2000,9.760620546414618e-09,5.0336227079645957e-08,0.00881377493071646,0.04545327566333904,1.0,1.0
morph_st_sp_plus,Mischgedicht,45,2879,0.015389876880984952,0.02698101461037212,0.011490889939781264,0.08152855674827297,0.6577553934622361,0.49824766243318963,0.8717393865371644,0.0001379828376394191,0.014492753623188406,0.6221889055472264,2000,0.0005576806354593189,0.002875999427588965,0.05020703933747412,0.25892133815366347,1.0,1.0
morph_st_sp_plus,Thronbesteigungslied,21,2097,0.009915014164305949,0.028389753341357647,0.0063745103191634265,0.1584921651605304,0.7072688875263983,0.4981412575338842,0.9580290822796346,0.0005320857388567445,0.00849575212393803,0.47176411794102946,2000,0.0010752565972730046,0.005545176148570078,0.017109092512567245,0.0882328292288346,0.8995628767894535,1.0
morph_st_sp_plus,Wallfahrtslied,0,305,0.0,nan,nan,nan,nan,nan,nan,nan,nan,0.0004997501249375312,2000,nan,nan,nan,nan,0.0004997501249375312,0.002577247589158399
morph_st_sp_plus,Weisheitsgedicht,55,3254,0.01662133575098217,0.03390603228170866,0.011567929279618853,0.187406461766414,0.6031234285075711,0.466428302000322,0.7661717305958219,0.004310722975296287,0.050974512743628186,0.8200899550224887,2000,0.006637144898472061,0.03422823694265266,0.07725824587706147,0.39842636948645627,1.0,1.0
morph_st_sp_plus,Zionslied,15,1805,0.008241758241758242,0.03614607656833054,0.007666385511605994,0.22989525702517,0.7243397968605725,0.5163767209112836,0.9614729626332116,0.0013662265667887588,0.017991004497751123,0.4267866066966517,2000,0.00240952685415472,0.012426104499041232,0.029085457271364315,0.14999580968901882,0.7195188120225602,1.0
morph_st_sp_plus,prophetische Gerichtsrede,1,605,0.0016501650165016502,0.008064516129032258,nan,nan,0.7983471074380165,nan,nan,0.15175317119808196,0.14529058116232466,0.28585707146426786,2000,0.7811299501170966,1.0,0.735296680317156,1.0,1.0,1.0
morph_st_sp_plus,"prophetische Schelt-, Droh- und Mahnrede",21,2088,0.00995732574679943,0.011311315330189196,0.0028423652868982633,0.05231659033287195,0.42665571975916805,0.31305099751133186,0.9990181272053049,0.8766493273547192,0.8310844577711144,1.0,2000,0.9904531834126397,1.0,0.9838981608097049,1.0,1.0,1.0
morph_st_sp_plus,prophetische Tora,0,304,0.0,nan,nan,nan,nan,nan,nan,nan,nan,0.0004997501249375312,2000,nan,nan,nan,nan,0.0004997501249375312,0.002577247589158399
morph_st_sp_plus,prophetisches Stück,28,2381,0.011623080116230802,0.010469114001904128,0.004071947726515128,0.028694146241797044,0.4248740025199496,0.2584630314228771,0.7812874835472285,0.9144860709638565,0.8690654672663668,1.0,2000,0.9975015437452767,1.0,0.9930034982508745,1.0,1.0,1.0
morph_st_sp_plus_psalm,Danklied Israels,6,1206,0.0049504950495049506,0.004039365131804889,0.0018351039982676949,0.008305625155368505,0.3302929795467109,0.06255999035058617,0.5650827494291901,0.9245831786001758,0.9465267366316842,1.0,2000,0.9622723208019656,1.0,0.9855019298861208,1.0,1.0,1.0
morph_st_sp_plus_psalm,Danklied des Einzelnen,276,6760,0.03922683342808414,0.04663856883622681,0.029413917800470944,0.06600966364908713,0.5701636330503387,0.4926848262631997,0.6570331757127646,3.78237052055803e-05,0.03798100949525238,0.9235382308845578,2000,0.0002038277447189605,0.0010511544419247497,0.18420789605197402,0.949973461363786,1.0,1.0
morph_st_sp_plus_psalm,Fluch,1,608,0.0016420361247947454,0.002364066193853428,nan,nan,0.34292763157894735,nan,nan,0.7075889143892637,0.7144288577154309,1.0,2000,0.9192378014665723,1.0,0.9639278557114228,1.0,1.0,1.0
morph_st_sp_plus_psalm,Hymnus,2850,17485,0.140152446520777,0.16392025361243945,0.09614296254534833,0.2591475962139275,0.5023237963367096,0.4558296543357488,0.5857095544403793,0.34512845357451183,0.4197901049475262,1.0,2000,1.0,1.0,1.0,1.0,1.0,1.0
morph_st_sp_plus_psalm,Klagelied des Einzelnen,4095,19594,0.17286504284689097,0.23219081990777582,0.15664842555072497,0.2952406886323521,0.6119594371355115,0.5670135054140377,0.6947311823730333,4.089653342888933e-113,0.0004997501249375312,0.7856071964017991,2000,3.6063306750929684e-112,1.859810848322076e-111,0.00098930126773348,0.0051018982887421375,1.0,1.0
morph_st_sp_plus_psalm,Klagelied des Volkes,406,8034,0.0481042654028436,0.0421169127740906,0.015515387713342193,0.07037048717922958,0.4615619148176898,0.36038698254538615,0.5234095176671729,0.9955712079204587,0.8785607196401799,1.0,2000,0.9999998289335992,1.0,0.9900049975012494,1.0,1.0,1.0
morph_st_sp_plus_psalm,Königspsalm,45,2964,0.014955134596211365,0.013593474605504495,0.0028552457288489414,0.028716679538598872,0.4626930574298995,0.324945228674866,0.6012890313628385,0.8052121120646433,0.7326336831584208,1.0,2000,0.8309103709603234,1.0,0.7560156092166683,1.0,1.0,1.0
morph_st_sp_plus_psalm,Liturgie,153,5161,0.028791870530673693,0.02738120609811526,0.01028292756398883,0.04700437690297173,0.48774810576558986,0.37390050629841887,0.5909348732877815,0.6975421633411956,0.5862068965517241,1.0,2000,0.9268710937547393,1.0,0.7789324515824279,1.0,1.0,1.0
morph_st_sp_plus_psalm,Mischgedicht,45,2879,0.015389876880984952,0.015429791713438423,0.006639316977244527,0.02754405905254238,0.4769017019798541,0.3671758490644683,0.6055732546585332,0.7028506072843378,0.6216891554222889,1.0,2000,0.7836380334089744,1.0,0.6942620643701138,1.0,1.0,1.0
morph_st_sp_plus_psalm,Thronbesteigungslied,21,2097,0.009915014164305949,0.08737562604638678,0.004259830839459889,0.5089222512173306,0.6060358335036446,0.18938138327352388,0.9041578140202094,0.047027303877834124,0.09545227386306847,0.8060969515242379,2000,0.05366645266058717,0.27676178321210154,0.11022464957997191,0.5684365010040199,0.9307346326836581,1.0
morph_st_sp_plus_psalm,Wallfahrtslied,0,305,0.0,nan,nan,nan,nan,nan,nan,nan,nan,0.0004997501249375312,2000,nan,nan,nan,nan,0.0004997501249375312,0.002577247589158399
morph_st_sp_plus_psalm,Weisheitsgedicht,55,3254,0.01662133575098217,0.01953163594292146,0.006002937188433027,0.09297669174180344,0.4204000670503436,0.3130321428645896,0.5809473710799961,0.9787039494836878,0.9435282358820589,1.0,2000,0.9826357750583733,1.0,0.9435282358820589,1.0,1.0,1.0
morph_st_sp_plus_psalm,Zionslied,15,1805,0.008241758241758242,0.031006686123990327,0.005057214403363777,0.18775647651096186,0.6869990766389659,0.2193293911199418,0.9475467518907618,0.00625037050957882,0.025987006496751622,0.519240379810095,2000,0.008587425920161852,0.044285977422376784,0.036010566145498676,0.1857090977102138,0.7195188120225602,1.0
morph_st_sp_plus_psalm,prophetische Gerichtsrede,1,605,0.0016501650165016502,0.0058823529411764705,nan,nan,0.7223140495867768,nan,nan,0.22174086801868326,0.218436873747495,0.4332833583208396,2000,0.7811299501170966,1.0,0.735296680317156,1.0,1.0,1.0
morph_st_sp_plus_psalm,"prophetische Schelt-, Droh- und Mahnrede",21,2088,0.00995732574679943,0.02210280024108769,0.0025346218791369316,0.1564102380952723,0.4612981207808794,0.16096664699403607,0.7315668133818267,0.7295208040923138,0.6736631684157921,1.0,2000,0.9904531834126397,1.0,0.9838981608097049,1.0,1.0,1.0
morph_st_sp_plus_psalm,prophetische Tora,0,304,0.0,nan,nan,nan,nan,nan,nan,nan,nan,0.0004997501249375312,2000,nan,nan,nan,nan,0.0004997501249375312,0.002577247589158399
morph_st_sp_plus_psalm,prophetisches Stück,28,2381,0.011623080116230802,0.014898912419755533,0.003961502956240146,0.08278813794634142,0.5187496250074999,0.21645101475227269,0.677841155403651,0.3663692003269986,0.344327836081959,1.0,2000,0.9975015437452767,1.0,0.9930034982508745,1.0,1.0,1.0
morph_suffix_1_2_3gram,Danklied Israels,6,1206,0.0049504950495049506,0.011155925002005154,0.003202101563838928,0.27243093006759944,0.5827805417357657,0.312573701693066,0.9988799925734432,0.24202544331735065,0.20889555222388806,0.8895552223888056,2000,0.9622723208019656,1.0,0.9844308614923308,1.0,1.0,1.0
morph_suffix_1_2_3gram,Danklied des Einzelnen,276,6760,0.03922683342808414,0.03927015950346579,0.02282623826302809,0.07345183047498184,0.47965467155475516,0.40093474068603363,0.5909875393174076,0.8744356602264423,0.6806596701649176,1.0,2000,0.9424473226884988,1.0,0.7335998667333,1.0,1.0,1.0
morph_suffix_1_2_3gram,Fluch,1,608,0.0016420361247947454,0.0029585798816568047,nan,nan,0.4473684210526316,nan,nan,0.573333073133179,0.5546092184368737,1.0,2000,0.9192378014665723,1.0,0.9639278557114228,1.0,1.0,1.0
morph_suffix_1_2_3gram,Hymnus,2850,17485,0.140152446520777,0.1356811291902121,0.09491963133054276,0.16917107626437833,0.45709871619282694,0.4167193010473024,0.5866735001943745,0.9999999999999057,0.9695152423788106,1.0,2000,1.0,1.0,1.0,1.0,1.0,1.0
morph_suffix_1_2_3gram,Klagelied des Einzelnen,4095,19594,0.17286504284689097,0.1999397467246892,0.13893092044626457,0.25888752162830087,0.534994983014785,0.48666077771133526,0.6809937977753802,8.624704577922775e-13,0.06896551724137931,0.9950024987506247,2000,1.1460223891212453e-12,5.910120462408042e-12,0.08919540229885056,0.4599871497129911,1.0,1.0
morph_suffix_1_2_3gram,Klagelied des Volkes,406,8034,0.0481042654028436,0.0644570368052598,0.04121699198356494,0.09393012952116277,0.6046307503455143,0.4955458438016672,0.794378462833301,5.206240431684858e-13,0.005997001499250375,0.8100949525237381,2000,2.65792274670227e-12,1.3707100107206498e-11,0.027700435496537442,0.14285315208477986,1.0,1.0
morph_suffix_1_2_3gram,Königspsalm,45,2964,0.014955134596211365,0.02171382775001702,0.00949064592064619,0.04346633208017185,0.6722147248463038,0.5524121083658082,0.879562687657346,3.576697696557753e-05,0.009495252373813094,0.5717141429285357,2000,0.00011646424943440294,0.0006006145693619928,0.027910287280602127,0.14393537293390699,1.0,1.0
morph_suffix_1_2_3gram,Liturgie,153,5161,0.028791870530673693,0.04572147989360771,0.027164943896513485,0.07261020713040722,0.6766155923068058,0.569444846491662,0.871114374111037,4.417104851588577e-14,0.0009995002498750624,0.5577211394302849,2000,7.140986176734867e-13,3.682658290581498e-12,0.006059470264867566,0.03124912701854559,1.0,1.0
morph_suffix_1_2_3gram,Mischgedicht,45,2879,0.015389876880984952,0.025898569747493556,0.01067833311787812,0.07841545186367316,0.6348153293967813,0.5405692307094471,0.8101551851176966,0.000941775742800265,0.02148925537231384,0.688655672163918,2000,0.0029468466790847003,0.015197101752080248,0.06513930534732633,0.3359281154493651,1.0,1.0
morph_suffix_1_2_3gram,Thronbesteigungslied,21,2097,0.009915014164305949,0.0500955479861523,0.01191233033713147,0.2043892045526812,0.8557576583327656,0.7538708272526494,0.9771775366921224,9.664288697405486e-09,0.0004997501249375312,0.19390304847576212,2000,1.9664514540744084e-07,1.0141132570689808e-06,0.0023083696247114534,0.01190442934039832,0.8995628767894535,1.0
morph_suffix_1_2_3gram,Wallfahrtslied,0,305,0.0,nan,nan,nan,nan,nan,nan,nan,nan,0.0004997501249375312,2000,nan,nan,nan,nan,0.0004997501249375312,0.002577247589158399
morph_suffix_1_2_3gram,Weisheitsgedicht,55,3254,0.01662133575098217,0.04236021417325911,0.014006468860871604,0.1151626643081594,0.7413421243783874,0.5958959934616772,0.8985407887943325,3.9369728135355206e-10,0.0014992503748125937,0.3938030984507746,2000,1.047954937323182e-08,5.404379510861387e-08,0.009695152423788106,0.04999860322967295,1.0,1.0
morph_suffix_1_2_3gram,Zionslied,15,1805,0.008241758241758242,0.01601919413763387,0.007299504560370594,0.038269406134882764,0.738005540166205,0.6218561756900722,0.9078770180223341,0.0007392416191820645,0.009995002498750625,0.4027986006996502,2000,0.0015301586502678628,0.00789113898255787,0.02203443732679115,0.11363318915834761,0.7195188120225602,1.0
morph_suffix_1_2_3gram,prophetische Gerichtsrede,1,605,0.0016501650165016502,0.0031446540880503146,nan,nan,0.47768595041322315,nan,nan,0.5318928891073699,0.498496993987976,1.0,2000,0.7993302292188865,1.0,0.735296680317156,1.0,1.0,1.0
morph_suffix_1_2_3gram,"prophetische Schelt-, Droh- und Mahnrede",21,2088,0.00995732574679943,0.01634905385930594,0.003933255168577852,0.10886391607503486,0.4775360335705163,0.3375621292303085,0.9880495813120144,0.6386754553521294,0.5792103948025987,1.0,2000,0.9904531834126397,1.0,0.9838981608097049,1.0,1.0,1.0
morph_suffix_1_2_3gram,prophetische Tora,0,304,0.0,nan,nan,nan,nan,nan,nan,nan,nan,0.0004997501249375312,2000,nan,nan,nan,nan,0.0004997501249375312,0.002577247589158399
morph_suffix_1_2_3gram,prophetisches Stück,28,2381,0.011623080116230802,0.011686883465398068,0.005354004144909878,0.025190925112783744,0.4787154256914862,0.350384962167937,0.840856491791366,0.6509678862998545,0.5897051474262869,1.0,2000,0.9975015437452767,1.0,0.9930034982508745,1.0,1.0,1.0
morph_suffix_1_2_3gram_psalm,Danklied Israels,6,1206,0.0049504950495049506,0.006180249777887199,0.0030577086953702134,0.013427512490020827,0.5482310668877833,0.265376176940585,0.8344676730188182,0.3417743172420289,0.2928535732133933,0.9550224887556222,2000,0.9622723208019656,1.0,0.9855019298861208,1.0,1.0,1.0
morph_suffix_1_2_3gram_psalm,Danklied des Einzelnen,276,6760,0.03922683342808414,0.0435608334223891,0.026760922492511014,0.06314821818589046,0.527221882771632,0.42914428046113545,0.5960843323886184,0.06231117306915691,0.1374312843578211,0.9875062468765617,2000,0.13139529973278738,0.6776150771456062,0.29624076850463654,1.0,1.0,1.0
morph_suffix_1_2_3gram_psalm,Fluch,1,608,0.0016420361247947454,0.0019267822736030828,nan,nan,0.20230263157894737,nan,nan,0.8493624271793789,0.8371743486973948,1.0,2000,0.9192378014665723,1.0,0.9639278557114228,1.0,1.0,1.0
morph_suffix_1_2_3gram_psalm,Hymnus,2850,17485,0.140152446520777,0.16167296460871047,0.12254466733690715,0.22401732259801496,0.48573685715575754,0.45603133707631544,0.52373115124186,0.9927826918943128,0.8675662168915542,1.0,2000,1.0,1.0,1.0,1.0,1.0,1.0
morph_suffix_1_2_3gram_psalm,Klagelied des Einzelnen,4095,19594,0.17286504284689097,0.22646280822435116,0.1595879093492964,0.29582515727827235,0.5965157969291888,0.5248170087598171,0.6423180209837457,1.1846307275605117e-84,0.0004997501249375312,0.8495752123938031,2000,3.590911892917801e-84,1.8518592706824157e-83,0.00098930126773348,0.0051018982887421375,1.0,1.0
morph_suffix_1_2_3gram_psalm,Klagelied des Volkes,406,8034,0.0481042654028436,0.07205754564191688,0.049468799804781645,0.10224506029393393,0.6740095358274133,0.5604323909741034,0.8645951342048772,1.0827177146490758e-32,0.0004997501249375312,0.6041979010494752,2000,3.500787277365345e-31,1.805381353706321e-30,0.00440688746535823,0.02272663783166952,1.0,1.0
morph_suffix_1_2_3gram_psalm,Königspsalm,45,2964,0.014955134596211365,0.018189341358916172,0.008010939873153393,0.03824543434261485,0.6057429899535163,0.47013290793339296,0.8883879499075521,0.007375293883091293,0.04147926036981509,0.8145927036481759,2000,0.014027519738428536,0.07234093524690134,0.07923922654057587,0.40864243024251934,1.0,1.0
morph_suffix_1_2_3gram_psalm,Liturgie,153,5161,0.028791870530673693,0.0438299568396337,0.026816014350558602,0.07214472252848676,0.6454498482206291,0.5132774344778299,0.8546912071225109,4.0885791759288773e-10,0.0024987506246876563,0.6856571714142928,2000,2.161379447152414e-09,1.1146390348829573e-08,0.010099117108112612,0.052081878364242655,1.0,1.0
morph_suffix_1_2_3gram_psalm,Mischgedicht,45,2879,0.015389876880984952,0.020198468563158843,0.008741329568015698,0.05090138936123337,0.5526108602524025,0.4584126682736998,0.7851616911695144,0.11258396303485724,0.13343328335832083,0.9440279860069966,2000,0.16546430930880535,0.8533114270080143,0.19610649220844123,1.0,1.0,1.0
morph_suffix_1_2_3gram_psalm,Thronbesteigungslied,21,2097,0.009915014164305949,0.183340908483095,0.010913612395468066,0.7678370669360962,0.8373186184344983,0.6888086881381743,0.9965210395005886,4.969901510414786e-08,0.0009995002498750624,0.28585707146426786,2000,3.704539754868215e-07,1.910457982050328e-06,0.0031274685238026146,0.016128581686991272,0.8995628767894535,1.0
morph_suffix_1_2_3gram_psalm,Wallfahrtslied,0,305,0.0,nan,nan,nan,nan,nan,nan,nan,nan,0.0004997501249375312,2000,nan,nan,nan,nan,0.0004997501249375312,0.002577247589158399
morph_suffix_1_2_3gram_psalm,Weisheitsgedicht,55,3254,0.01662133575098217,0.028726522619687684,0.010187548390537276,0.08566638476946617,0.6628094093982232,0.49008919001117884,0.8718989683741528,1.6825667970507217e-05,0.00849575212393803,0.6356821589205397,2000,4.294973139840001e-05,0.00022149487549475593,0.02113046041082023,0.10897131473133846,1.0,1.0
morph_suffix_1_2_3gram_psalm,Zionslied,15,1805,0.008241758241758242,0.022948260289183838,0.010002602437178416,0.05288894703867862,0.8166389658356418,0.7152054527409312,0.9292960227278487,1.169270282228031e-05,0.0009995002498750624,0.3153423288355822,2000,8.975709196790515e-05,0.0004628838240171887,0.00908920539730135,0.04687369052781838,0.7195188120225602,1.0
morph_suffix_1_2_3gram_psalm,prophetische Gerichtsrede,1,605,0.0016501650165016502,0.002824858757062147,nan,nan,0.4206611570247934,nan,nan,0.6093481263244725,0.5485971943887775,1.0,2000,0.7993302292188865,1.0,0.7494919416297383,1.0,1.0,1.0
morph_suffix_1_2_3gram_psalm,"prophetische Schelt-, Droh- und Mahnrede",21,2088,0.00995732574679943,0.03821629708628522,0.004009779214860066,0.1121882237772374,0.6426518883415435,0.4578057755143137,0.9940074604216654,0.012130060265286945,0.05247376311844078,0.6921539230384808,2000,0.20818924946649636,1.0,0.7971569770670222,1.0,1.0,1.0
morph_suffix_1_2_3gram_psalm,prophetische Tora,0,304,0.0,nan,nan,nan,nan,nan,nan,nan,nan,0.0004997501249375312,2000,nan,nan,nan,nan,0.0004997501249375312,0.002577247589158399
morph_suffix_1_2_3gram_psalm,prophetisches Stück,28,2381,0.011623080116230802,0.025822143187841824,0.007297754353829206,0.15145043233853836,0.6551868962620747,0.49541851292588507,0.9470269984410575,0.0023438316788200863,0.027486256871564217,0.6561719140429785,2000,0.028418959105693545,0.1465586303769212,0.2948942195568882,1.0,1.0,1.0
morph_suffix_1_2gram,Danklied Israels,6,1206,0.0049504950495049506,0.01028029660884419,0.0027176846205130404,0.08655534804323183,0.6182974018794914,0.23351937737044975,0.9903001117266594,0.15858220474488,0.14642678660669664,0.7461269365317341,2000,0.9622723208019656,1.0,0.9844308614923308,1.0,1.0,1.0
morph_suffix_1_2gram,Danklied des Einzelnen,276,6760,0.03922683342808414,0.041853099268742595,0.024368077493446934,0.07730605780680508,0.5028479011234028,0.4255471175196811,0.6099598292352114,0.4361950169994748,0.43928035982008995,1.0,2000,0.6410744946810464,1.0,0.6585245838619151,1.0,1.0,1.0
morph_suffix_1_2gram,Fluch,1,608,0.0016420361247947454,0.0030120481927710845,nan,nan,0.4564144736842105,nan,nan,0.5610300496960424,0.5180360721442886,1.0,2000,0.9192378014665723,1.0,0.9639278557114228,1.0,1.0,1.0
morph_suffix_1_2gram,Hymnus,2850,17485,0.140152446520777,0.14001694702824058,0.09580844945689238,0.17408083119908754,0.4661893954216396,0.42784680961950483,0.592017765378918,0.9999999966412605,0.9375312343828086,1.0,2000,1.0,1.0,1.0,1.0,1.0,1.0
morph_suffix_1_2gram,Klagelied des Einzelnen,4095,19594,0.17286504284689097,0.21386818520012063,0.14017299779127085,0.2785242378883599,0.5511037928308521,0.49700523119101825,0.6980724824172181,3.426706188853105e-25,0.010994502748625687,0.9740129935032483,2000,5.276039687599225e-25,2.7208918790903446e-24,0.01692804391455066,0.08729914849625435,1.0,1.0
morph_suffix_1_2gram,Klagelied des Volkes,406,8034,0.0481042654028436,0.06444501198496622,0.04145235406595816,0.09173808741476547,0.6121357996985717,0.5108939317367716,0.7853120028164051,1.120313808653787e-14,0.0029985007496251873,0.7651174412793603,2000,6.39237879055396e-14,3.29659603967119e-13,0.01530813540598122,0.07894516299422044,1.0,1.0
morph_suffix_1_2gram,Königspsalm,45,2964,0.014955134596211365,0.02063624518188257,0.008821384502829533,0.047576216172329044,0.6433498275603539,0.5228787967572198,0.8368040589698965,0.0004740173264217879,0.02348825587206397,0.671664167916042,2000,0.0012099915963924587,0.006240014297333478,0.054246686180719164,0.27975408949936054,1.0,1.0
morph_suffix_1_2gram,Liturgie,153,5161,0.028791870530673693,0.04674651119210148,0.028341606158537008,0.0755706339555866,0.6875991758196529,0.5885323682401024,0.8588376974146759,1.1778516109239122e-15,0.0009995002498750624,0.5407296351824088,2000,2.8562901564904874e-14,1.4730095206423703e-13,0.006059470264867566,0.03124912701854559,1.0,1.0
morph_suffix_1_2gram,Mischgedicht,45,2879,0.015389876880984952,0.024425533921085887,0.009975319059309318,0.0685594635558948,0.6236849214619273,0.5462627566215711,0.829997357257241,0.0021763647721830186,0.028985507246376812,0.7336331834082959,2000,0.005555457444782969,0.02864989640178421,0.07809983896940419,0.40276652601680984,1.0,1.0
morph_suffix_1_2gram,Thronbesteigungslied,21,2097,0.009915014164305949,0.046555966724182496,0.01135280096787174,0.2463272470879273,0.8404296387129006,0.7358747553456524,0.9829171077805259,3.81116536703324e-08,0.0004997501249375312,0.23588205897051473,2000,3.360754914565675e-07,1.7331656500134573e-06,0.0023083696247114534,0.01190442934039832,0.8995628767894535,1.0
morph_suffix_1_2gram,Wallfahrtslied,0,305,0.0,nan,nan,nan,nan,nan,nan,nan,nan,0.0004997501249375312,2000,nan,nan,nan,nan,0.0004997501249375312,0.002577247589158399
morph_suffix_1_2gram,Weisheitsgedicht,55,3254,0.01662133575098217,0.043113923481436285,0.014129616994422623,0.14595235763106237,0.7375034922053976,0.5925296359647847,0.891474623279716,7.25715938841913e-10,0.0009995002498750624,0.42628685657171417,2000,1.4078889213533111e-08,7.260585135049641e-08,0.007457809556760082,0.038460464022825346,1.0,1.0
morph_suffix_1_2gram,Zionslied,15,1805,0.008241758241758242,0.015801057553494646,0.007301918772151288,0.03621570418755844,0.7295106186518929,0.5725701035843003,0.8685867668522396,0.001086879006889234,0.012993503248375811,0.4452773613193403,2000,0.0020274473782356866,0.010455692969274585,0.02378056254891422,0.1226380833935374,0.7195188120225602,1.0
morph_suffix_1_2gram,prophetische Gerichtsrede,1,605,0.0016501650165016502,0.0030120481927710845,nan,nan,0.45454545454545453,nan,nan,0.56358227182978,0.5155310621242485,1.0,2000,0.7993302292188865,1.0,0.735296680317156,1.0,1.0,1.0
morph_suffix_1_2gram,"prophetische Schelt-, Droh- und Mahnrede",21,2088,0.00995732574679943,0.0189553864579508,0.0037171149300100842,0.12687558832594797,0.4805008210180624,0.33565427697180655,0.9719762309190172,0.6209976537830082,0.5642178910544727,1.0,2000,0.9904531834126397,1.0,0.9838981608097049,1.0,1.0,1.0
morph_suffix_1_2gram,prophetische Tora,0,304,0.0,nan,nan,nan,nan,nan,nan,nan,nan,0.0004997501249375312,2000,nan,nan,nan,nan,0.0004997501249375312,0.002577247589158399
morph_suffix_1_2gram,prophetisches Stück,28,2381,0.011623080116230802,0.011909234764941386,0.005015016797606064,0.024414550768610897,0.50254994900102,0.3759674669018088,0.9198679515008439,0.4815265546152563,0.4512743628185907,1.0,2000,0.9975015437452767,1.0,0.9930034982508745,1.0,1.0,1.0
morph_suffix_1_2gram_psalm,Danklied Israels,6,1206,0.0049504950495049506,0.006837558772121588,0.002963572972622572,0.016518717718694217,0.5856826976229962,0.2522210444040774,0.9078211448957283,0.23440620192198341,0.22688655672163918,0.8665667166416792,2000,0.9622723208019656,1.0,0.9844308614923308,1.0,1.0,1.0
morph_suffix_1_2gram_psalm,Danklied des Einzelnen,276,6760,0.03922683342808414,0.04474046315155769,0.02413941084086968,0.06070820693304566,0.5258744425863991,0.42038495899056627,0.591200757920943,0.07221585665257346,0.1424287856071964,0.9895052473763118,2000,0.1459362103187422,0.7526036061759978,0.30033896095430546,1.0,1.0,1.0
morph_suffix_1_2gram_psalm,Fluch,1,608,0.0016420361247947454,0.001949317738791423,nan,nan,0.19078947368421054,nan,nan,0.8582617209448994,0.8527054108216433,1.0,2000,0.9192378014665723,1.0,0.9639278557114228,1.0,1.0,1.0
morph_suffix_1_2gram_psalm,Hymnus,2850,17485,0.140152446520777,0.1691024758704068,0.1280155027332528,0.26018983330908824,0.4861313406478736,0.45637511640054407,0.5230888702136516,0.9913021230965078,0.855072463768116,1.0,2000,1.0,1.0,1.0,1.0,1.0,1.0
morph_suffix_1_2gram_psalm,Klagelied des Einzelnen,4095,19594,0.17286504284689097,0.22769876054599233,0.15878304381161812,0.28019399929499844,0.607692962000403,0.5288178658329793,0.6528539943240628,8.019203425714984e-105,0.0004997501249375312,0.8105947026486756,2000,5.1857515486290227e-104,2.674329631903385e-103,0.00098930126773348,0.0051018982887421375,1.0,1.0
morph_suffix_1_2gram_psalm,Klagelied des Volkes,406,8034,0.0481042654028436,0.07166587882740033,0.048908543068044076,0.10151205845405067,0.6755255680598834,0.5633861247578317,0.8631644373649173,3.1452741136780216e-33,0.0004997501249375312,0.5907046476761619,2000,1.5254579451338404e-31,7.86689710572889e-31,0.00440688746535823,0.02272663783166952,1.0,1.0
morph_suffix_1_2gram_psalm,Königspsalm,45,2964,0.014955134596211365,0.01833400172574498,0.007897913823572758,0.04494365058418028,0.6050082471135103,0.463710136209518,0.8890669383846705,0.007730472047778322,0.041979010494752625,0.8180909545227386,2000,0.014420303627586485,0.0743665502110179,0.07923922654057587,0.40864243024251934,1.0,1.0
morph_suffix_1_2gram_psalm,Liturgie,153,5161,0.028791870530673693,0.04551641692331808,0.026291448829224764,0.07687431004291918,0.6592613277307307,0.5332170420074246,0.8568154704379846,8.807904780896235e-12,0.0004997501249375312,0.6441779110444777,2000,7.766970579517589e-11,4.0054829808452965e-10,0.006059470264867566,0.03124912701854559,1.0,1.0
morph_suffix_1_2gram_psalm,Mischgedicht,45,2879,0.015389876880984952,0.020415250813760798,0.00878640954292825,0.05343352953849272,0.5547643857821003,0.4748622925086364,0.8192840693114997,0.10338633201366376,0.12543728135932034,0.9355322338830585,2000,0.15428421854346747,0.7956548892029646,0.18719101987467804,0.965357646972916,1.0,1.0
morph_suffix_1_2gram_psalm,Thronbesteigungslied,21,2097,0.009915014164305949,0.17649076610949482,0.008916280009531933,0.6066528796629896,0.8413379658014851,0.6717425510289003,0.9969014792978188,3.516448293595016e-08,0.0004997501249375312,0.2698650674662669,2000,3.360754914565675e-07,1.7331656500134573e-06,0.0023083696247114534,0.01190442934039832,0.8995628767894535,1.0
morph_suffix_1_2gram_psalm,Wallfahrtslied,0,305,0.0,nan,nan,nan,nan,nan,nan,nan,nan,0.0004997501249375312,2000,nan,nan,nan,nan,0.0004997501249375312,0.002577247589158399
morph_suffix_1_2gram_psalm,Weisheitsgedicht,55,3254,0.01662133575098217,0.02902837788100851,0.010209629913167836,0.06987219759110737,0.6689221657260993,0.49715738515669194,0.8782867549152693,8.432800816287918e-06,0.005497251374312844,0.6121939030484758,2000,2.405828468176259e-05,0.00012407031654691351,0.015683334803186642,0.08088009345976506,1.0,1.0
morph_suffix_1_2gram_psalm,Zionslied,15,1805,0.008241758241758242,0.021343449279734663,0.008995568383085913,0.04880142739896921,0.8004247460757156,0.6726334860680362,0.912301305495636,3.00056660476583e-05,0.0009995002498750624,0.33683158420789605,2000,0.00014181388249495194,0.0007313444630253843,0.00908920539730135,0.04687369052781838,0.7195188120225602,1.0
morph_suffix_1_2gram_psalm,prophetische Gerichtsrede,1,605,0.0016501650165016502,0.0027397260273972603,nan,nan,0.4,nan,nan,0.6363824356826661,0.5836673346693386,1.0,2000,0.7993302292188865,1.0,0.7519776394895055,1.0,1.0,1.0
morph_suffix_1_2gram_psalm,"prophetische Schelt-, Droh- und Mahnrede",21,2088,0.00995732574679943,0.04497955929042944,0.004024144869215292,0.14611433582640262,0.672071702244116,0.4580491846877076,0.9940803331197353,0.003292177544685644,0.02948525737131434,0.6016991504247876,2000,0.12480586299436007,0.6436328746396109,0.7971569770670222,1.0,1.0,1.0
morph_suffix_1_2gram_psalm,prophetische Tora,0,304,0.0,nan,nan,nan,nan,nan,nan,nan,nan,0.0004997501249375312,2000,nan,nan,nan,nan,0.0004997501249375312,0.002577247589158399
morph_suffix_1_2gram_psalm,prophetisches Stück,28,2381,0.011623080116230802,0.02602996587656007,0.007945343307277154,0.1448529868159714,0.6766439671206576,0.5376875601193056,0.9432882840328208,0.0006447098385339748,0.015992003998001,0.5867066466766616,2000,0.016133042435465837,0.08319926828991155,0.2948942195568882,1.0,1.0,1.0
morph_suffix_1gram,Danklied Israels,6,1206,0.0049504950495049506,0.01950877419813086,0.0025360860989153628,0.42382542051538863,0.6398562741846324,0.18838503904703915,1.0,0.11846270416121252,0.12493753123438281,0.679160419790105,2000,0.9622723208019656,1.0,0.9844308614923308,1.0,1.0,1.0
morph_suffix_1gram,Danklied des Einzelnen,276,6760,0.03922683342808414,0.044212580459732975,0.02421422085410139,0.09268176415734912,0.5073476760140639,0.4223975175787162,0.6292832910521922,0.3392769153326851,0.39480259870064965,1.0,2000,0.5308042062462976,1.0,0.6357476999205315,1.0,1.0,1.0
morph_suffix_1gram,Fluch,1,608,0.0016420361247947454,0.0029411764705882353,nan,nan,0.4449013157894737,nan,nan,0.5766766600257589,0.5255511022044088,1.0,2000,0.9192378014665723,1.0,0.9639278557114228,1.0,1.0,1.0
morph_suffix_1gram,Hymnus,2850,17485,0.140152446520777,0.1513306318741619,0.10122097005189505,0.1939152335213437,0.48883975738603014,0.45589323001894344,0.5664214806485625,0.9721744899680013,0.6991504247876063,1.0,2000,1.0,1.0,1.0,1.0,1.0,1.0
morph_suffix_1gram,Klagelied des Einzelnen,4095,19594,0.17286504284689097,0.2377427225151188,0.14544521104586186,0.3027758638593814,0.5831893668578368,0.5295713809699766,0.7089381024684035,1.9817886566405647e-63,0.0004997501249375312,0.8755622188905547,2000,4.576988087955589e-63,2.36038590620958e-62,0.00098930126773348,0.0051018982887421375,1.0,1.0
morph_suffix_1gram,Klagelied des Volkes,406,8034,0.0481042654028436,0.06572022044161582,0.0414780801360558,0.09295778072688428,0.6233030862675991,0.5345596138116575,0.7800346185961291,2.3007806170201774e-17,0.001999000499750125,0.7261369315342329,2000,1.5941122846496943e-16,8.220952506964886e-16,0.011406061675044831,0.0588218861525564,1.0,1.0
morph_suffix_1gram,Königspsalm,45,2964,0.014955134596211365,0.020262278142446424,0.008206805101149106,0.04822596124157802,0.6215249662618084,0.49902723569831087,0.8152192535337727,0.0025374780066022874,0.03648175912043978,0.7326336831584208,2000,0.0052369226944770616,0.027007189624288778,0.07529214116346082,0.38828702508150265,1.0,1.0
morph_suffix_1gram,Liturgie,153,5161,0.028791870530673693,0.048052505146029295,0.027554335419898837,0.0778077630007844,0.6979356232578933,0.6079318601173561,0.8533193996538571,3.2041972484187827e-17,0.0004997501249375312,0.5257371314342829,2000,1.5540356654831096e-15,8.014274479337358e-15,0.006059470264867566,0.03124912701854559,1.0,1.0
morph_suffix_1gram,Mischgedicht,45,2879,0.015389876880984952,0.0228866088398212,0.009911260685890603,0.08522668783073162,0.6142294778279496,0.5234892661111968,0.786140145891595,0.004226622898388557,0.034482758620689655,0.7621189405297352,2000,0.009534474910318374,0.04916997765549506,0.08158116063919259,0.42071995400578455,1.0,1.0
morph_suffix_1gram,Thronbesteigungslied,21,2097,0.009915014164305949,0.04773622276013055,0.010826076354748604,0.2425504679208497,0.8270545223334923,0.7129659427924857,0.9835390682047073,1.204578832652021e-07,0.0004997501249375312,0.27436281859070466,2000,5.240082097337303e-07,2.702348289366166e-06,0.0023083696247114534,0.01190442934039832,0.8995628767894535,1.0
morph_suffix_1gram,Wallfahrtslied,0,305,0.0,nan,nan,nan,nan,nan,nan,nan,nan,0.0004997501249375312,2000,nan,nan,nan,nan,0.0004997501249375312,0.002577247589158399
morph_suffix_1gram,Weisheitsgedicht,55,3254,0.01662133575098217,0.039908629907294164,0.01323285766701194,0.11691354517424825,0.7224451025311505,0.5563876048676539,0.8845848635774498,7.304251062437648e-09,0.0009995002498750624,0.46776611694152925,2000,6.854420568035923e-08,3.5348743306980703e-07,0.007457809556760082,0.038460464022825346,1.0,1.0
morph_suffix_1gram,Zionslied,15,1805,0.008241758241758242,0.0170920966316041,0.007432349149654467,0.0406767934991906,0.7472760849492152,0.5951135697594874,0.8765118369827416,0.0004787869264485071,0.0069965017491254375,0.4177911044477761,2000,0.001105769806321552,0.005702534977580247,0.01939030484757621,0.0999972064593459,0.7195188120225602,1.0
morph_suffix_1gram,prophetische Gerichtsrede,1,605,0.0016501650165016502,0.0033112582781456954,nan,nan,0.5041322314049587,nan,nan,0.4954391053610063,0.44589178356713427,1.0,2000,0.7993302292188865,1.0,0.735296680317156,1.0,1.0,1.0
morph_suffix_1gram,"prophetische Schelt-, Droh- und Mahnrede",21,2088,0.00995732574679943,0.01890217627958997,0.004273470069636835,0.16353807408871576,0.4750045612114578,0.3390120668870754,0.9714614162151896,0.6535403397918056,0.6031984007996002,1.0,2000,0.9904531834126397,1.0,0.9838981608097049,1.0,1.0,1.0
morph_suffix_1gram,prophetische Tora,0,304,0.0,nan,nan,nan,nan,nan,nan,nan,nan,0.0004997501249375312,2000,nan,nan,nan,nan,0.0004997501249375312,0.002577247589158399
morph_suffix_1gram,prophetisches Stück,28,2381,0.011623080116230802,0.011670749584202417,0.004449054248731759,0.025134141568160462,0.4887427251454971,0.36316790596406334,0.9490740105477232,0.5813079450086952,0.5292353823088456,1.0,2000,0.9975015437452767,1.0,0.9930034982508745,1.0,1.0,1.0
morph_suffix_1gram_psalm,Danklied Israels,6,1206,0.0049504950495049506,0.006404612114851322,0.002938308973958808,0.013784050031236303,0.5652294085129906,0.21465142308326252,0.9167594913528551,0.29069122724693,0.2513743128435782,0.9105447276361819,2000,0.9622723208019656,1.0,0.9844308614923308,1.0,1.0,1.0
morph_suffix_1gram_psalm,Danklied des Einzelnen,276,6760,0.03922683342808414,0.04501407134144911,0.025619742808096875,0.0645762217268298,0.5344495004716576,0.4237620821418136,0.6074384954541856,0.025992591748082234,0.09895052473763119,0.9750124937531235,2000,0.05730184999009038,0.2955097905372946,0.2461077153730827,1.0,1.0,1.0
morph_suffix_1gram_psalm,Fluch,1,608,0.0016420361247947454,0.0018867924528301887,nan,nan,0.1669407894736842,nan,nan,0.8760189335929727,0.8797595190380761,1.0,2000,0.9192378014665723,1.0,0.9639278557114228,1.0,1.0,1.0
morph_suffix_1gram_psalm,Hymnus,2850,17485,0.140152446520777,0.16920248105113175,0.12979531864933677,0.258411476685967,0.4895271536003291,0.46063133465959405,0.5204490970177663,0.9637523077280394,0.7766116941529235,1.0,2000,1.0,1.0,1.0,1.0,1.0,1.0
morph_suffix_1gram_psalm,Klagelied des Einzelnen,4095,19594,0.17286504284689097,0.23821079506964088,0.15746135093313085,0.28825522850143165,0.6277469692137447,0.5570751961005942,0.6857407717922603,1.4252942180785697e-146,0.0004997501249375312,0.7371314342828585,2000,2.765070783072425e-145,1.4259670291060995e-144,0.00098930126773348,0.0051018982887421375,1.0,1.0
morph_suffix_1gram_psalm,Klagelied des Volkes,406,8034,0.0481042654028436,0.07246235216448421,0.04991781856681224,0.10178358148729985,0.682363655204298,0.5721724877165197,0.8649911824570863,1.0398859761583642e-35,0.0004997501249375312,0.5792103948025987,2000,1.0086893968736133e-33,5.2018842749206215e-33,0.00440688746535823,0.02272663783166952,1.0,1.0
morph_suffix_1gram_psalm,Königspsalm,45,2964,0.014955134596211365,0.01876510244400363,0.00789824613232266,0.04691693433125288,0.5993102414155046,0.45982740714944687,0.8679747932424544,0.011010246769087375,0.04247876061969016,0.8205897051474262,2000,0.01907132029645492,0.09835218002646827,0.07923922654057587,0.40864243024251934,1.0,1.0
morph_suffix_1gram_psalm,Liturgie,153,5161,0.028791870530673693,0.0458059460828952,0.0271202366547052,0.07641495836394346,0.6737933951595235,0.5551053974836356,0.8597882941204579,1.0829299445809519e-13,0.0004997501249375312,0.6031984007996002,2000,1.5006314946336049e-12,7.738865302421006e-12,0.006059470264867566,0.03124912701854559,1.0,1.0
morph_suffix_1gram_psalm,Mischgedicht,45,2879,0.015389876880984952,0.020325404593637544,0.00845103687784468,0.0684059083759012,0.5602408243603103,0.44721254957158435,0.7269182802246991,0.08245368987807317,0.10944527736131934,0.9220389805097451,2000,0.12599862051735017,0.6497840115722151,0.16851098260393613,0.8690233418490774,1.0,1.0
morph_suffix_1gram_psalm,Thronbesteigungslied,21,2097,0.009915014164305949,0.152764434996949,0.008151092352451967,0.5583396146137348,0.8262824443081954,0.6465204539475468,0.9955290765609832,1.284349242679033e-07,0.0009995002498750624,0.30334832583708143,2000,5.240082097337303e-07,2.702348289366166e-06,0.0031274685238026146,0.016128581686991272,0.8995628767894535,1.0
morph_suffix_1gram_psalm,Wallfahrtslied,0,305,0.0,nan,nan,nan,nan,nan,nan,nan,nan,0.0004997501249375312,2000,nan,nan,nan,nan,0.0004997501249375312,0.002577247589158399
morph_suffix_1gram_psalm,Weisheitsgedicht,55,3254,0.01662133575098217,0.030906298622617616,0.010816647860574909,0.09144372431405223,0.6714086159691568,0.48635639172444584,0.8792351204398804,6.322749676269988e-06,0.004497751124437781,0.6131934032983508,2000,1.8585052078732995e-05,9.584445960926011e-05,0.015044202036912577,0.07758403949432008,1.0,1.0
morph_suffix_1gram_psalm,Zionslied,15,1805,0.008241758241758242,0.021929736585592982,0.008508043041200146,0.0566749365189079,0.7970637119113574,0.6374636161666501,0.916530918019535,3.6250320768928875e-05,0.0024987506246876563,0.34782608695652173,2000,0.00015983095975391368,0.000824259835352993,0.01053820915629142,0.05434630785834016,0.7195188120225602,1.0
morph_suffix_1gram_psalm,prophetische Gerichtsrede,1,605,0.0016501650165016502,0.0030864197530864196,nan,nan,0.4677685950413223,nan,nan,0.5455306224334691,0.5075150300601202,1.0,2000,0.7993302292188865,1.0,0.735296680317156,1.0,1.0,1.0
morph_suffix_1gram_psalm,"prophetische Schelt-, Droh- und Mahnrede",21,2088,0.00995732574679943,0.04799219266609793,0.004360272843584887,0.14142431946442355,0.7184820288268564,0.48313332517337304,0.9727605629647617,0.00028017696639144287,0.010994502748625687,0.4847576211894053,2000,0.02717716573996996,0.14015461205187513,0.7971569770670222,1.0,1.0,1.0
morph_suffix_1gram_psalm,prophetische Tora,0,304,0.0,nan,nan,nan,nan,nan,nan,nan,nan,0.0004997501249375312,2000,nan,nan,nan,nan,0.0004997501249375312,0.002577247589158399
morph_suffix_1gram_psalm,prophetisches Stück,28,2381,0.011623080116230802,0.024858989788855257,0.00900253928934767,0.12920221551900687,0.7060658786824263,0.5695277213300806,0.9133807107965519,8.687045550343319e-05,0.009495252373813094,0.5147426286856571,2000,0.007926619862283431,0.04087815272242036,0.2948942195568882,1.0,1.0,1.0
morph_suffix_host_plus_suffix,Danklied Israels,6,1206,0.0049504950495049506,0.006867525441948036,0.002240251127473625,0.02061283107226496,0.5294361525704809,0.15642870906594702,0.9599626039193847,0.40188627487754525,0.3448275862068966,0.9995002498750625,2000,0.9622723208019656,1.0,0.9855019298861208,1.0,1.0,1.0
morph_suffix_host_plus_suffix,Danklied des Einzelnen,276,6760,0.03922683342808414,0.04318687065717951,0.024765897004226267,0.08344628863907488,0.4915348169110711,0.3981986979264566,0.6596399952556088,0.683497513866492,0.5697151424287856,1.0,2000,0.849990498013458,1.0,0.7084919078922077,1.0,1.0,1.0
morph_suffix_host_plus_suffix,Fluch,1,608,0.0016420361247947454,0.0029940119760479044,nan,nan,0.45230263157894735,nan,nan,0.566630342926481,0.5455911823647295,1.0,2000,0.9192378014665723,1.0,0.9639278557114228,1.0,1.0,1.0
morph_suffix_host_plus_suffix,Hymnus,2850,17485,0.140152446520777,0.1351901946041757,0.0890206508203894,0.16687372599251601,0.4466350004264307,0.4015641327988292,0.5752329097293903,1.0,0.9905047476261869,1.0,2000,1.0,1.0,1.0,1.0,1.0,1.0
morph_suffix_host_plus_suffix,Klagelied des Einzelnen,4095,19594,0.17286504284689097,0.23156589000976946,0.15218351275627767,0.3002191207464804,0.5529698982133401,0.497817504220289,0.665980622744398,6.390247731861532e-27,0.010994502748625687,0.975512243878061,2000,1.0506000508314723e-26,5.418020552798382e-26,0.01692804391455066,0.08729914849625435,1.0,1.0
morph_suffix_host_plus_suffix,Klagelied des Volkes,406,8034,0.0481042654028436,0.05214409127788391,0.03417702551485182,0.07486345038817725,0.5618154861542877,0.4414164841959892,0.766553154942565,1.2803244352745904e-05,0.06146926536731634,0.9555222388805598,2000,4.435409650772688e-05,0.00022873728807596997,0.20560409450447187,1.0,1.0,1.0
morph_suffix_host_plus_suffix,Königspsalm,45,2964,0.014955134596211365,0.023741422009962307,0.01122647157241957,0.045767671829646694,0.6884915279652122,0.5686215216377766,0.8741362225920662,6.9175326072443034e-06,0.00399800099950025,0.487256371814093,2000,3.508921833034037e-05,0.00018095764029799215,0.01686113465006627,0.08695409257334424,1.0,1.0
morph_suffix_host_plus_suffix,Liturgie,153,5161,0.028791870530673693,0.050618241410997626,0.030448984364002056,0.08376746429459299,0.7164049628118379,0.6141293142108003,0.8959128878107785,3.201734977371299e-20,0.0004997501249375312,0.40729635182408797,2000,3.10568292805016e-18,1.6016231791854353e-17,0.006059470264867566,0.03124912701854559,1.0,1.0
morph_suffix_host_plus_suffix,Mischgedicht,45,2879,0.015389876880984952,0.042905144330515725,0.015117919349346982,0.1371117488943425,0.7302188259812434,0.6149723848496718,0.8954300592482779,5.557566729155189e-08,0.0009995002498750624,0.3793103448275862,2000,7.701199610400762e-07,3.9715644157195464e-06,0.013850217748268723,0.07142657604238992,1.0,1.0
morph_suffix_host_plus_suffix,Thronbesteigungslied,21,2097,0.009915014164305949,0.04413047072383528,0.013277027398194093,0.1029417336249783,0.845766060358335,0.7404808793363507,0.9564923900177,2.379073311678527e-08,0.0004997501249375312,0.18240879560219891,2000,2.884626390410214e-07,1.4876227217025144e-06,0.0023083696247114534,0.01190442934039832,0.8995628767894535,1.0
morph_suffix_host_plus_suffix,Wallfahrtslied,0,305,0.0,nan,nan,nan,nan,nan,nan,nan,nan,0.0004997501249375312,2000,nan,nan,nan,nan,0.0004997501249375312,0.002577247589158399
morph_suffix_host_plus_suffix,Weisheitsgedicht,55,3254,0.01662133575098217,0.043993089163003415,0.016642158792071118,0.10113856070101562,0.7634743253059172,0.5914039641857725,0.896021539465221,9.651239005147976e-12,0.0004997501249375312,0.31084457771114443,2000,9.361701834993537e-10,4.827897439279837e-09,0.007457809556760082,0.038460464022825346,1.0,1.0
morph_suffix_host_plus_suffix,Zionslied,15,1805,0.008241758241758242,0.03217456774163902,0.008947880637488888,0.09419025086305681,0.8228070175438597,0.6454225939813378,0.9431338812955743,8.104026098070813e-06,0.0009995002498750624,0.21639180409795103,2000,7.146277559207899e-05,0.00036853870948461577,0.00908920539730135,0.04687369052781838,0.7195188120225602,1.0
morph_suffix_host_plus_suffix,prophetische Gerichtsrede,1,605,0.0016501650165016502,0.0056179775280898875,nan,nan,0.7090909090909091,nan,nan,0.23568237898008565,0.2059118236472946,0.42628685657171417,2000,0.7811299501170966,1.0,0.735296680317156,1.0,1.0,1.0
morph_suffix_host_plus_suffix,"prophetische Schelt-, Droh- und Mahnrede",21,2088,0.00995732574679943,0.03279291411891375,0.0056586146246864885,0.5,0.4734765553731071,0.34280897652227543,0.9989048935221588,0.6624014150182849,0.600199900049975,1.0,2000,0.9904531834126397,1.0,0.9838981608097049,1.0,1.0,1.0
morph_suffix_host_plus_suffix,prophetische Tora,0,304,0.0,nan,nan,nan,nan,nan,nan,nan,nan,0.0004997501249375312,2000,nan,nan,nan,nan,0.0004997501249375312,0.002577247589158399
morph_suffix_host_plus_suffix,prophetisches Stück,28,2381,0.011623080116230802,0.00977329202978233,0.004886690763906401,0.020392479747328843,0.4273339533209336,0.30361305864676913,0.8602145137761181,0.9072632623401087,0.8445777111444278,1.0,2000,0.9975015437452767,1.0,0.9930034982508745,1.0,1.0,1.0
morph_suffix_host_plus_suffix_psalm,Danklied Israels,6,1206,0.0049504950495049506,0.005152906683629752,0.002457886657308779,0.01076677999416961,0.44734660033167495,0.2291089168139359,0.7464257489185268,0.6722401211596442,0.6166916541729135,1.0,2000,0.9622723208019656,1.0,0.9855019298861208,1.0,1.0,1.0
morph_suffix_host_plus_suffix_psalm,Danklied des Einzelnen,276,6760,0.03922683342808414,0.04888802520118496,0.029392178136530826,0.07002706999609638,0.576856884057971,0.5073593418229896,0.6600703878119969,7.278999656895919e-06,0.008995502248875561,0.8895552223888056,2000,6.418754242899129e-05,0.0003310198051472196,0.1246519597344185,0.6428391843815092,1.0,1.0
morph_suffix_host_plus_suffix_psalm,Fluch,1,608,0.0016420361247947454,0.0019193857965451055,nan,nan,0.17763157894736842,nan,nan,0.8682379615140063,0.875250501002004,1.0,2000,0.9192378014665723,1.0,0.9639278557114228,1.0,1.0,1.0
morph_suffix_host_plus_suffix_psalm,Hymnus,2850,17485,0.140152446520777,0.17000332392147716,0.13084504854854348,0.2649344892313248,0.49331645671226965,0.4531984007748849,0.5327601873155134,0.8741279397817483,0.6526736631684158,1.0,2000,1.0,1.0,1.0,1.0,1.0,1.0
morph_suffix_host_plus_suffix_psalm,Klagelied des Einzelnen,4095,19594,0.17286504284689097,0.24157269703919648,0.17050838379447283,0.30993742422178505,0.6415891997039287,0.582078382245999,0.7128264481633644,1.6197880076623792e-179,0.0004997501249375312,0.6861569215392304,2000,5.23731455810836e-178,2.7009210493416462e-177,0.00098930126773348,0.0051018982887421375,1.0,1.0
morph_suffix_host_plus_suffix_psalm,Klagelied des Volkes,406,8034,0.0481042654028436,0.07103299525119537,0.0478935450268816,0.1001261426899914,0.6593628863046339,0.5553322066479274,0.8245729337854688,9.754596376968593e-28,0.0004997501249375312,0.6221889055472264,2000,1.576993080943256e-26,8.132667533576945e-26,0.00440688746535823,0.02272663783166952,1.0,1.0
morph_suffix_host_plus_suffix_psalm,Königspsalm,45,2964,0.014955134596211365,0.018164247760828475,0.008737131144767745,0.04111933265457443,0.5850052481631429,0.46711277556607433,0.809845770319601,0.02499030707902674,0.05997001499250375,0.8615692153923038,2000,0.038477139470882445,0.19842939499302556,0.10029468024608384,0.5172269299621339,1.0,1.0
morph_suffix_host_plus_suffix_psalm,Liturgie,153,5161,0.028791870530673693,0.03685831236265155,0.022391175278162565,0.058015234182249,0.6185025195248932,0.5043735156758116,0.825623505013549,2.814125741159667e-07,0.005497251374312844,0.7531234382808596,2000,7.35764760232975e-07,3.7943921569507826e-06,0.014411713062387725,0.07432224804410843,1.0,1.0
morph_suffix_host_plus_suffix_psalm,Mischgedicht,45,2879,0.015389876880984952,0.026971613953024495,0.009872465891487004,0.06086188076856596,0.5948593261549149,0.45749270184774093,0.7710741634886084,0.014376080968741645,0.047976011994003,0.8260869565217391,2000,0.027889597079358792,0.14382867206758854,0.09796143594869233,0.5051942201331537,1.0,1.0
morph_suffix_host_plus_suffix_psalm,Thronbesteigungslied,21,2097,0.009915014164305949,0.18550467373986712,0.01080488945464645,0.7826149558947434,0.8214228943842677,0.5441328854657588,0.9785889765327882,1.9291005149927123e-07,0.0009995002498750624,0.29235382308845576,2000,6.452508619113555e-07,3.3276054277551036e-06,0.0031274685238026146,0.016128581686991272,0.8995628767894535,1.0
morph_suffix_host_plus_suffix_psalm,Wallfahrtslied,0,305,0.0,nan,nan,nan,nan,nan,nan,nan,nan,0.0004997501249375312,2000,nan,nan,nan,nan,0.0004997501249375312,0.002577247589158399
morph_suffix_host_plus_suffix_psalm,Weisheitsgedicht,55,3254,0.01662133575098217,0.024753497705232816,0.008702848944392301,0.05655888438076403,0.6315807118511483,0.4734699179891598,0.8378578959432225,0.00040170607363734415,0.01999000499750125,0.7076461769115442,2000,0.000708463438960407,0.0036535972658252227,0.03525509972286584,0.18181310265335618,1.0,1.0
morph_suffix_host_plus_suffix_psalm,Zionslied,15,1805,0.008241758241758242,0.026542889129957503,0.007641323226098149,0.10293441868579496,0.7945891043397969,0.6032206711839838,0.9294499626774975,4.163040255847139e-05,0.001999000499750125,0.34182908545727136,2000,0.00017557169774659674,0.0009054359612184691,0.01020542360398748,0.052630108662813625,0.7195188120225602,1.0
morph_suffix_host_plus_suffix_psalm,prophetische Gerichtsrede,1,605,0.0016501650165016502,0.0033222591362126247,nan,nan,0.5057851239669422,nan,nan,0.49315672612895334,0.46392785571142287,1.0,2000,0.7993302292188865,1.0,0.735296680317156,1.0,1.0,1.0
morph_suffix_host_plus_suffix_psalm,"prophetische Schelt-, Droh- und Mahnrede",21,2088,0.00995732574679943,0.03823646927968004,0.003758026402678896,0.1423742782786431,0.642469439883233,0.4887578365025594,0.9760861216783151,0.012234348281078524,0.046476761619190406,0.6856571714142928,2000,0.20818924946649636,1.0,0.7971569770670222,1.0,1.0,1.0
morph_suffix_host_plus_suffix_psalm,prophetische Tora,0,304,0.0,nan,nan,nan,nan,nan,nan,nan,nan,0.0004997501249375312,2000,nan,nan,nan,nan,0.0004997501249375312,0.002577247589158399
morph_suffix_host_plus_suffix_psalm,prophetisches Stück,28,2381,0.011623080116230802,0.02137662877611783,0.009021134466473804,0.16071589761653898,0.6761489770204596,0.513921279267156,0.9165243894597317,0.0006652801004315809,0.01699150424787606,0.5872063968015993,2000,0.016133042435465837,0.08319926828991155,0.2948942195568882,1.0,1.0,1.0
morph_suffix_posmean,Danklied Israels,6,1206,0.0049504950495049506,0.005485247986480405,0.0020925761641243717,0.013581701183737353,0.45612216694306246,0.15434914992511609,0.826495386262387,0.6450006995223074,0.6151924037981009,1.0,2000,0.9622723208019656,1.0,0.9855019298861208,1.0,1.0,1.0
morph_suffix_posmean,Danklied des Einzelnen,276,6760,0.03922683342808414,0.05207474863876501,0.03177664427277804,0.07495178036500828,0.601887702598405,0.5213528872830397,0.6953914328648882,4.530413182284266e-09,0.0069965017491254375,0.8130934532733634,2000,8.789001573631476e-08,4.532551766661895e-07,0.11311011161086125,0.5833170376795177,1.0,1.0
morph_suffix_posmean,Fluch,1,608,0.0016420361247947454,0.002386634844868735,nan,nan,0.3470394736842105,nan,nan,0.7026805562550071,0.6843687374749499,1.0,2000,0.9192378014665723,1.0,0.9639278557114228,1.0,1.0,1.0
morph_suffix_posmean,Hymnus,2850,17485,0.140152446520777,0.1709464914764704,0.1023538768605301,0.261354897187531,0.5194237767710669,0.47321545263851733,0.5980849861076817,0.00043264803884009607,0.1664167916041979,1.0,2000,0.0020983429883744656,0.010821306765439062,0.768687085028914,1.0,1.0,1.0
morph_suffix_posmean,Klagelied des Einzelnen,4095,19594,0.17286504284689097,0.2449614048353455,0.1793744720312357,0.2987271392689751,0.6568942076036084,0.5855459921918215,0.7153467694127678,6.857867749174197e-220,0.0004997501249375312,0.6156921539230384,2000,6.652131716698971e-218,3.430552504968272e-217,0.00098930126773348,0.0051018982887421375,1.0,1.0
morph_suffix_posmean,Klagelied des Volkes,406,8034,0.0481042654028436,0.050475613028032246,0.02039181559684158,0.07962401464018416,0.5132484968440777,0.44799570817926815,0.5816951807183672,0.1834851366415669,0.32283858070964516,1.0,2000,0.34227035104292286,1.0,0.6050148002921617,1.0,1.0,1.0
morph_suffix_posmean,Königspsalm,45,2964,0.014955134596211365,0.020339731147911704,0.00541559128072277,0.04066771400790354,0.6038386564702354,0.461138312821828,0.6936978027200357,0.008323067186019393,0.049475262368815595,0.8040979510244878,2000,0.015232783340450586,0.07855656693483735,0.08887223055139097,0.45832052960533537,1.0,1.0
morph_suffix_posmean,Liturgie,153,5161,0.028791870530673693,0.024343231199209767,0.009951585147079578,0.03797739062835678,0.45186118108032464,0.400795051885729,0.5273771302500634,0.9789542199100151,0.895552223888056,1.0,2000,0.9999999962821108,1.0,0.9995002498750625,1.0,1.0,1.0
morph_suffix_posmean,Mischgedicht,45,2879,0.015389876880984952,0.020991884174853443,0.006642696683376436,0.037793343769829194,0.5913627416927174,0.4404723887438508,0.7167407279067284,0.017590921990725407,0.07296351824087956,0.8520739630184908,2000,0.03281383525193009,0.1692233249659495,0.12841824701684246,0.6622622006737381,1.0,1.0
morph_suffix_posmean,Thronbesteigungslied,21,2097,0.009915014164305949,0.0625733231465083,0.004982879742903186,0.504971484308288,0.5694983763653292,0.2702804684564898,0.8989359715079085,0.13623518560661269,0.17491254372813594,0.9260369815092454,2000,0.14848104498698236,0.7657275028720687,0.19063501956886728,0.9831186028306479,1.0,1.0
morph_suffix_posmean,Wallfahrtslied,0,305,0.0,nan,nan,nan,nan,nan,nan,nan,nan,0.0004997501249375312,2000,nan,nan,nan,nan,0.0004997501249375312,0.002577247589158399
morph_suffix_posmean,Weisheitsgedicht,55,3254,0.01662133575098217,0.025961434113938878,0.007416039618280967,0.19983965662479466,0.5083254176677655,0.3556565501957014,0.6976076396925343,0.4160541974436887,0.3868065967016492,1.0,2000,0.552839139069011,1.0,0.5139758887679448,1.0,1.0,1.0
morph_suffix_posmean,Zionslied,15,1805,0.008241758241758242,0.009812889162638786,0.0016044234882869755,0.029027005731247287,0.5255216989843029,0.17487860689064938,0.8046537264047359,0.3666764563268555,0.34382808595702147,0.9980009995002499,2000,0.386604524605489,1.0,0.3625143949764248,1.0,1.0,1.0
morph_suffix_posmean,prophetische Gerichtsrede,1,605,0.0016501650165016502,0.0020161290322580645,nan,nan,0.18512396694214875,nan,nan,0.8626306775620812,0.8632264529058116,1.0,2000,0.8716164137866863,1.0,0.8813996413880393,1.0,1.0,1.0
morph_suffix_posmean,"prophetische Schelt-, Droh- und Mahnrede",21,2088,0.00995732574679943,0.02830005616726229,0.003982774253845583,0.1951790855879778,0.5227604451742383,0.11987972444100337,0.7119624451742148,0.35970292636275303,0.335832083958021,0.9985007496251874,2000,0.9904531834126397,1.0,0.9838981608097049,1.0,1.0,1.0
morph_suffix_posmean,prophetische Tora,0,304,0.0,nan,nan,nan,nan,nan,nan,nan,nan,0.0004997501249375312,2000,nan,nan,nan,nan,0.0004997501249375312,0.002577247589158399
morph_suffix_posmean,prophetisches Stück,28,2381,0.011623080116230802,0.01777956424416624,0.005062646564501437,0.23798065050352404,0.5192596148077039,0.2840023269497205,0.7436925222699636,0.3628784044477223,0.3473263368315842,1.0,2000,0.9975015437452767,1.0,0.9930034982508745,1.0,1.0,1.0
morph_vs_1_2_3gram,Danklied Israels,6,1206,0.0049504950495049506,0.00779250231355039,0.0031263697112123142,0.024096385542168676,0.5924543946932007,0.37940168386926815,0.9301528958662932,0.21720990131510626,0.21239380309845077,0.8690654672663668,2000,0.9622723208019656,1.0,0.9844308614923308,1.0,1.0,1.0
morph_vs_1_2_3gram,Danklied des Einzelnen,276,6760,0.03922683342808414,0.047668039513709376,0.024800418998059213,0.07872090063418191,0.48095842980876424,0.4092086080375603,0.6198681567906938,0.8586049208305402,0.672663668165917,1.0,2000,0.9357828912422741,1.0,0.7335998667333,1.0,1.0,1.0
morph_vs_1_2_3gram,Fluch,1,608,0.0016420361247947454,0.00234192037470726,nan,nan,0.2993421052631579,nan,nan,0.7570378268906848,0.7680360721442886,1.0,2000,0.9192378014665723,1.0,0.9639278557114228,1.0,1.0,1.0
morph_vs_1_2_3gram,Hymnus,2850,17485,0.140152446520777,0.15714169286122756,0.10996022796498436,0.2625239251031535,0.5278465953273231,0.46703080912768635,0.5658929739330644,8.979629046284727e-07,0.10594702648675662,0.9995002498750625,2000,6.441692807259517e-06,3.322027635247479e-05,0.7180472263868066,1.0,1.0,1.0
morph_vs_1_2_3gram,Klagelied des Einzelnen,4095,19594,0.17286504284689097,0.17482918890311028,0.12907506394288076,0.2367016838937343,0.5076169625572504,0.47070275667395767,0.5487750902304398,0.06231827395640506,0.35582208895552225,1.0,2000,0.067165250819681,0.3463760629812344,0.3834971403187295,1.0,1.0,1.0
morph_vs_1_2_3gram,Klagelied des Volkes,406,8034,0.0481042654028436,0.046664708502078975,0.027423296184847283,0.06503697652678869,0.5118106422090353,0.4222509929097622,0.6613971744112118,0.210626614033383,0.3598200899550225,1.0,2000,0.38548644455166325,1.0,0.6536409214747465,1.0,1.0,1.0
morph_vs_1_2_3gram,Königspsalm,45,2964,0.014955134596211365,0.02815128172575123,0.010179940498735416,0.08173998310271946,0.6865272154745838,0.5716590144602504,0.8832028123467771,8.495055878711144e-06,0.004997501249375313,0.5177411294352824,2000,3.923906763023719e-05,0.0002023587136941552,0.018644523891900206,0.09615116005706337,1.0,1.0
morph_vs_1_2_3gram,Liturgie,153,5161,0.028791870530673693,0.033407064503622325,0.01893459958850946,0.053208481420198336,0.5817183425718023,0.4826939422885273,0.7622885783048893,0.0002798914592101228,0.046476761619190406,0.9050474762618691,2000,0.00048481199184610555,0.002500210554898094,0.08050439066181196,0.4151669732463914,1.0,1.0
morph_vs_1_2_3gram,Mischgedicht,45,2879,0.015389876880984952,0.023781396622777302,0.009581540922222393,0.04830559159566585,0.63412064374204,0.49433203353164734,0.9164535138347804,0.0009941000549760226,0.025487256371814093,0.7096451774112944,2000,0.0030133657916460686,0.015540145633266214,0.0727136431784108,0.37498952422254705,1.0,1.0
morph_vs_1_2_3gram,Thronbesteigungslied,21,2097,0.009915014164305949,0.04370530030877061,0.0060403039572063805,0.16587447648582973,0.8056180030428958,0.6068763534261241,0.9228527767516991,6.961384622109311e-07,0.0004997501249375312,0.2593703148425787,2000,1.98604208336648e-06,1.0242162864818092e-05,0.0023083696247114534,0.01190442934039832,0.8995628767894535,1.0
morph_vs_1_2_3gram,Wallfahrtslied,0,305,0.0,nan,nan,nan,nan,nan,nan,nan,nan,0.0004997501249375312,2000,nan,nan,nan,nan,0.0004997501249375312,0.002577247589158399
morph_vs_1_2_3gram,Weisheitsgedicht,55,3254,0.01662133575098217,0.03557446607461694,0.014545288781727587,0.10060802657198002,0.7220260378834441,0.6261676296983802,0.8673479216714045,7.773054252411871e-09,0.0009995002498750624,0.41329335332333833,2000,6.854420568035923e-08,3.5348743306980703e-07,0.007457809556760082,0.038460464022825346,1.0,1.0
morph_vs_1_2_3gram,Zionslied,15,1805,0.008241758241758242,0.02220521342027261,0.007559086445167685,0.08158635622924938,0.7613111726685133,0.608354834222479,0.9008980330432993,0.00024135100457607696,0.0024987506246876563,0.3378310844577711,2000,0.0007551950788348214,0.003894595717238933,0.01053820915629142,0.05434630785834016,0.7195188120225602,1.0
morph_vs_1_2_3gram,prophetische Gerichtsrede,1,605,0.0016501650165016502,0.006711409395973154,nan,nan,0.7570247933884298,nan,nan,0.18779868568180147,0.17384769539078157,0.344327836081959,2000,0.7811299501170966,1.0,0.735296680317156,1.0,1.0,1.0
morph_vs_1_2_3gram,"prophetische Schelt-, Droh- und Mahnrede",21,2088,0.00995732574679943,0.01261436933926687,0.00310740126058617,0.054525554691808205,0.5499680715197957,0.3198676300650084,0.9126631007981134,0.2150873785768,0.2593703148425787,0.9785107446276862,2000,0.9904531834126397,1.0,0.9838981608097049,1.0,1.0,1.0
morph_vs_1_2_3gram,prophetische Tora,0,304,0.0,nan,nan,nan,nan,nan,nan,nan,nan,0.0004997501249375312,2000,nan,nan,nan,nan,0.0004997501249375312,0.002577247589158399
morph_vs_1_2_3gram,prophetisches Stück,28,2381,0.011623080116230802,0.009330345950252608,0.00401486170579771,0.017806336492440906,0.40379942401151975,0.29030292677455305,0.6677154866623807,0.9601887902404167,0.9370314842578711,1.0,2000,0.9975015437452767,1.0,0.9930034982508745,1.0,1.0,1.0
morph_vs_1_2_3gram_psalm,Danklied Israels,6,1206,0.0049504950495049506,0.004264951662287331,0.0015513961729859435,0.008881907229768374,0.35503040353786625,0.09544827089200325,0.7941605967414256,0.8901929968766984,0.9215392303848076,1.0,2000,0.9622723208019656,1.0,0.9855019298861208,1.0,1.0,1.0
morph_vs_1_2_3gram_psalm,Danklied des Einzelnen,276,6760,0.03922683342808414,0.04602267259580868,0.02925135554550675,0.07155659893632779,0.5475224573364206,0.47526495021626275,0.6273067511103997,0.003671232993442394,0.07896051974012994,0.967016491754123,2000,0.011128425011372256,0.05739009376991005,0.2305874089982036,1.0,1.0,1.0
morph_vs_1_2_3gram_psalm,Fluch,1,608,0.0016420361247947454,0.0044444444444444444,nan,nan,0.6858552631578947,nan,nan,0.26085073395917124,0.2845691382765531,0.567216391804098,2000,0.9192378014665723,1.0,0.9639278557114228,1.0,1.0,1.0
morph_vs_1_2_3gram_psalm,Hymnus,2850,17485,0.140152446520777,0.15521712244607572,0.10849763022907442,0.22972965799642484,0.4942374365997923,0.43331370298208166,0.5259521969777591,0.8385066342884286,0.5952023988005997,1.0,2000,1.0,1.0,1.0,1.0,1.0,1.0
morph_vs_1_2_3gram_psalm,Klagelied des Einzelnen,4095,19594,0.17286504284689097,0.23849842753131278,0.14712599290485975,0.3011548504064954,0.6161023477446872,0.5551883169929202,0.7206834966257777,1.694240776658763e-121,0.0004997501249375312,0.7526236881559221,2000,1.6434135533590002e-120,8.475202720387828e-120,0.00098930126773348,0.0051018982887421375,1.0,1.0
morph_vs_1_2_3gram_psalm,Klagelied des Volkes,406,8034,0.0481042654028436,0.05336573869825056,0.018723994590979426,0.08053695148991118,0.5026059199142561,0.42093777192252757,0.5900052773244824,0.42957972225535646,0.4352823588205897,1.0,2000,0.6410651239810704,1.0,0.658095194826829,1.0,1.0,1.0
morph_vs_1_2_3gram_psalm,Königspsalm,45,2964,0.014955134596211365,0.014909830291188584,0.004023086680891397,0.032557068727510685,0.5033438296596191,0.3443277961499802,0.7048844709770933,0.4693016781932901,0.4432783608195902,1.0,2000,0.5355560327617546,1.0,0.5073044872912381,1.0,1.0,1.0
morph_vs_1_2_3gram_psalm,Liturgie,153,5161,0.028791870530673693,0.02437795876555108,0.009431211765549329,0.0388616646265515,0.4330195166615377,0.3520333359110827,0.5163923421855854,0.9976595581604764,0.9715142428785607,1.0,2000,0.9999999962821108,1.0,0.9995002498750625,1.0,1.0,1.0
morph_vs_1_2_3gram_psalm,Mischgedicht,45,2879,0.015389876880984952,0.017244263913639965,0.0076776277544231015,0.04495079924318353,0.44752035814904867,0.31578837415619804,0.566299996975091,0.8868707114815249,0.8180909545227386,1.0,2000,0.9162195929058479,1.0,0.8442002403053792,1.0,1.0,1.0
morph_vs_1_2_3gram_psalm,Thronbesteigungslied,21,2097,0.009915014164305949,0.07697168485870545,0.006940289088788823,0.5105470713092807,0.7773690305879147,0.5784796977052223,0.9711566669343153,5.909292453505784e-06,0.001999000499750125,0.36081959020489757,2000,1.592226022194614e-05,8.21122491486977e-05,0.005240622931777354,0.02702627201603943,0.8995628767894535,1.0
morph_vs_1_2_3gram_psalm,Wallfahrtslied,0,305,0.0,nan,nan,nan,nan,nan,nan,nan,nan,0.0004997501249375312,2000,nan,nan,nan,nan,0.0004997501249375312,0.002577247589158399
morph_vs_1_2_3gram_psalm,Weisheitsgedicht,55,3254,0.01662133575098217,0.016630226300528593,0.003830595826493426,0.03407352040012105,0.5063083198301391,0.358353667414402,0.644738960453583,0.4361951288316167,0.424287856071964,1.0,2000,0.5717692904954975,1.0,0.5532700316508412,1.0,1.0,1.0
morph_vs_1_2_3gram_psalm,Zionslied,15,1805,0.008241758241758242,0.015205813906394,0.005166951072555819,0.04120588757878503,0.7018097876269621,0.49426591030464506,0.8835699937368103,0.00351098594955393,0.0239880059970015,0.5187406296851574,2000,0.005083069210548227,0.026213756064689824,0.03442481657721864,0.17753127233724453,0.7195188120225602,1.0
morph_vs_1_2_3gram_psalm,prophetische Gerichtsrede,1,605,0.0016501650165016502,0.003125,nan,nan,0.4768595041322314,nan,nan,0.5330741993588838,0.4814629258517034,1.0,2000,0.7993302292188865,1.0,0.735296680317156,1.0,1.0,1.0
morph_vs_1_2_3gram_psalm,"prophetische Schelt-, Droh- und Mahnrede",21,2088,0.00995732574679943,0.01790092762865846,0.002856356482411727,0.1148478489885743,0.4218892537858055,0.09499121196197476,0.5833410452661573,0.8913850146775735,0.8785607196401799,1.0,2000,0.9904531834126397,1.0,0.9838981608097049,1.0,1.0,1.0
morph_vs_1_2_3gram_psalm,prophetische Tora,0,304,0.0,nan,nan,nan,nan,nan,nan,nan,nan,0.0004997501249375312,2000,nan,nan,nan,nan,0.0004997501249375312,0.002577247589158399
morph_vs_1_2_3gram_psalm,prophetisches Stück,28,2381,0.011623080116230802,0.015985290182002315,0.002080689173044866,0.045378031921258395,0.506209875802484,0.14198686174947278,0.7224458291165347,0.4550063706484506,0.4142928535732134,1.0,2000,0.9975015437452767,1.0,0.9930034982508745,1.0,1.0,1.0
morph_vs_1_2gram,Danklied Israels,6,1206,0.0049504950495049506,0.007851898961731569,0.0029570891350439955,0.022983799762409055,0.5816749585406302,0.3622291984360715,0.9284696048365949,0.24495602563795216,0.23788105947026486,0.8985507246376812,2000,0.9622723208019656,1.0,0.9844308614923308,1.0,1.0,1.0
morph_vs_1_2gram,Danklied des Einzelnen,276,6760,0.03922683342808414,0.04141946245351957,0.02510950655664734,0.06381683698007327,0.48596336077523367,0.41110037337682853,0.6095633430563951,0.785751084217357,0.6216891554222889,1.0,2000,0.9182874116757064,1.0,0.7329768850514502,1.0,1.0,1.0
morph_vs_1_2gram,Fluch,1,608,0.0016420361247947454,0.002457002457002457,nan,nan,0.33223684210526316,nan,nan,0.7200675908007943,0.7209418837675351,1.0,2000,0.9192378014665723,1.0,0.9639278557114228,1.0,1.0,1.0
morph_vs_1_2gram,Hymnus,2850,17485,0.140152446520777,0.15971247912626962,0.11333244417841706,0.26561125629577853,0.5347574813499291,0.4753288564092237,0.5718128257488452,1.2595988753180445e-09,0.06096951524237881,0.9955022488755623,2000,1.527263636323129e-08,7.876209185970872e-08,0.6571158865011939,1.0,1.0,1.0
morph_vs_1_2gram,Klagelied des Einzelnen,4095,19594,0.17286504284689097,0.17907304508572883,0.13182142236182828,0.24875072801475281,0.5205695209829129,0.4682813700966154,0.55244544041232,1.6852407069599112e-05,0.1679160419790105,1.0,2000,1.946051768751326e-05,0.0001003592991601298,0.19390304847576212,0.999972064593459,1.0,1.0
morph_vs_1_2gram,Klagelied des Volkes,406,8034,0.0481042654028436,0.046551587703580255,0.026706304047447317,0.06557646384179736,0.5057538711706774,0.43053840202322197,0.6454886205020091,0.3476007483844904,0.4177911044477761,1.0,2000,0.5530488402375738,1.0,0.6536409214747465,1.0,1.0,1.0
morph_vs_1_2gram,Königspsalm,45,2964,0.014955134596211365,0.026359397548015053,0.009720880203764333,0.058868860295933405,0.6817813765182186,0.5625325166998325,0.8569087775627962,1.3841792017537809e-05,0.00399800099950025,0.5427286356821589,2000,5.8376253291355106e-05,0.00030105056617654925,0.01686113465006627,0.08695409257334424,1.0,1.0
morph_vs_1_2gram,Liturgie,153,5161,0.028791870530673693,0.03201109151879447,0.01778425021705998,0.05143650981269716,0.5559937337978529,0.46989086034593025,0.7387885457359586,0.009034266147455734,0.10394802598700649,0.9735132433783108,2000,0.014365964201691905,0.0740863178560974,0.1652944019793382,0.85243520260426,1.0,1.0
morph_vs_1_2gram,Mischgedicht,45,2879,0.015389876880984952,0.023884317060621413,0.009881450309188633,0.05273938443562151,0.6260082590405619,0.5101631914931632,0.902072354166273,0.0018364834628161709,0.03398300849575212,0.735632183908046,2000,0.004822785267387202,0.024871452918508032,0.08158116063919259,0.42071995400578455,1.0,1.0
morph_vs_1_2gram,Thronbesteigungslied,21,2097,0.009915014164305949,0.024254994739812265,0.004555627708035597,0.09003061190336037,0.7394463746395077,0.4709490625972989,0.8818887288344996,7.805834949882962e-05,0.0034982508745627187,0.39780109945027486,2000,0.000199254207931223,0.001027568381467842,0.008929745653489045,0.046051345079961926,0.8995628767894535,1.0
morph_vs_1_2gram,Wallfahrtslied,0,305,0.0,nan,nan,nan,nan,nan,nan,nan,nan,0.0004997501249375312,2000,nan,nan,nan,nan,0.0004997501249375312,0.002577247589158399
morph_vs_1_2gram,Weisheitsgedicht,55,3254,0.01662133575098217,0.032799823872949205,0.013830229017177736,0.06827959256015075,0.7121752248980276,0.609103252741468,0.8504050640531071,3.249413661656549e-08,0.0009995002498750624,0.4662668665667166,2000,2.181146215509613e-07,1.1248329004873757e-06,0.007457809556760082,0.038460464022825346,1.0,1.0
morph_vs_1_2gram,Zionslied,15,1805,0.008241758241758242,0.020900979927888107,0.005803335216805588,0.1678522673898203,0.6932040627885503,0.5406974351945435,0.8761120515642529,0.004933630412716899,0.028985507246376812,0.5072463768115942,2000,0.006935683333819409,0.03576782127565557,0.03904991948470209,0.20138326300840492,0.7195188120225602,1.0
morph_vs_1_2gram,prophetische Gerichtsrede,1,605,0.0016501650165016502,0.006329113924050633,nan,nan,0.7421487603305785,nan,nan,0.20197397922595506,0.18687374749498997,0.39430284857571213,2000,0.7811299501170966,1.0,0.735296680317156,1.0,1.0,1.0
morph_vs_1_2gram,"prophetische Schelt-, Droh- und Mahnrede",21,2088,0.00995732574679943,0.011673949210818107,0.0032122776682447884,0.030878333183381835,0.5428753877029739,0.3170210009593028,0.9018241399378292,0.24923840622939025,0.28785607196401797,0.9880059970014993,2000,0.9904531834126397,1.0,0.9838981608097049,1.0,1.0,1.0
morph_vs_1_2gram,prophetische Tora,0,304,0.0,nan,nan,nan,nan,nan,nan,nan,nan,0.0004997501249375312,2000,nan,nan,nan,nan,0.0004997501249375312,0.002577247589158399
morph_vs_1_2gram,prophetisches Stück,28,2381,0.011623080116230802,0.009771210136250418,0.003941787463479623,0.01897708323387067,0.4337688246235075,0.3057444806752578,0.7931794144891473,0.8862546703929253,0.841079460269865,1.0,2000,0.9975015437452767,1.0,0.9930034982508745,1.0,1.0,1.0
morph_vs_1_2gram_psalm,Danklied Israels,6,1206,0.0049504950495049506,0.004245770026639898,0.001751779655030326,0.008833175914407373,0.35641238253178553,0.12713014347582197,0.7149671387004302,0.8879226440125894,0.9245377311344328,1.0,2000,0.9622723208019656,1.0,0.9855019298861208,1.0,1.0,1.0
morph_vs_1_2gram_psalm,Danklied des Einzelnen,276,6760,0.03922683342808414,0.04701720425071007,0.02550525868400747,0.06321218499684184,0.5408996869908241,0.46591419307501064,0.6208307089045794,0.010525834952665495,0.1089455272363818,0.9760119940029985,2000,0.026179640779706487,0.13501030358514743,0.25161228909354844,1.0,1.0,1.0
morph_vs_1_2gram_psalm,Fluch,1,608,0.0016420361247947454,0.007352941176470588,nan,nan,0.8125,nan,nan,0.14044514489821996,0.14228456913827656,0.2753623188405797,2000,0.9192378014665723,1.0,0.9639278557114228,1.0,1.0,1.0
morph_vs_1_2gram_psalm,Hymnus,2850,17485,0.140152446520777,0.16199651293047213,0.10678978043854212,0.2674098580244039,0.49089744091426735,0.43395096708693454,0.5237710487115541,0.9407321703046193,0.663168415792104,1.0,2000,1.0,1.0,1.0,1.0,1.0,1.0
morph_vs_1_2gram_psalm,Klagelied des Einzelnen,4095,19594,0.17286504284689097,0.2364870639389353,0.14832259263484016,0.2928586815012194,0.6222040386886768,0.563318020438106,0.7208409194054862,2.5408677045970893e-134,0.0004997501249375312,0.743128435782109,2000,3.0808020918239707e-133,1.588791951741879e-132,0.00098930126773348,0.0051018982887421375,1.0,1.0
morph_vs_1_2gram_psalm,Klagelied des Volkes,406,8034,0.0481042654028436,0.054723402077754536,0.02030399768511453,0.08251582032022117,0.5053855167263269,0.43030598223735855,0.5869447511547722,0.35691272704586474,0.39930034982508744,1.0,2000,0.5583957181201432,1.0,0.6536409214747465,1.0,1.0,1.0
morph_vs_1_2gram_psalm,Königspsalm,45,2964,0.014955134596211365,0.015086514919595737,0.003948423051979394,0.03361193921152126,0.520887689308742,0.3816699062434437,0.7087819012614545,0.3150509451791088,0.3328335832083958,0.9980009995002499,2000,0.38683470484017163,1.0,0.40866908317992906,1.0,1.0,1.0
morph_vs_1_2gram_psalm,Liturgie,153,5161,0.028791870530673693,0.025589001182435383,0.00977855215946432,0.040540776629861844,0.4472242168197125,0.3739503775869373,0.5398133869648309,0.9870731523413117,0.9250374812593704,1.0,2000,0.9999999962821108,1.0,0.9995002498750625,1.0,1.0,1.0
morph_vs_1_2gram_psalm,Mischgedicht,45,2879,0.015389876880984952,0.016715662927094525,0.006946256856641367,0.037024949095879306,0.4556018679325383,0.3725895937840402,0.6191167688112453,0.8470063621713239,0.7566216891554223,1.0,2000,0.9162195929058479,1.0,0.8246326275064715,1.0,1.0,1.0
morph_vs_1_2gram_psalm,Thronbesteigungslied,21,2097,0.009915014164305949,0.06642522722762664,0.005416368990558823,0.5312787998873711,0.7114926084883166,0.46958098590626207,0.9482742291680081,0.00041921460043690744,0.009495252373813094,0.49025487256371814,2000,0.0009241776418722732,0.0047660510335382905,0.017712297697305195,0.0913436020542102,0.8995628767894535,1.0
morph_vs_1_2gram_psalm,Wallfahrtslied,0,305,0.0,nan,nan,nan,nan,nan,nan,nan,nan,0.0004997501249375312,2000,nan,nan,nan,nan,0.0004997501249375312,0.002577247589158399
morph_vs_1_2gram_psalm,Weisheitsgedicht,55,3254,0.01662133575098217,0.017693802482680897,0.0038161048863811246,0.03906471320310813,0.5037492317148126,0.35582770810615183,0.619284717218743,0.46198615279825395,0.43928035982008995,1.0,2000,0.5896402213346136,1.0,0.5533791545785549,1.0,1.0,1.0
morph_vs_1_2gram_psalm,Zionslied,15,1805,0.008241758241758242,0.015054744604783506,0.0054666636956683225,0.04260555545642176,0.6868513388734996,0.47000875683327414,0.8694228135524839,0.0062856416529019745,0.02948525737131434,0.5627186406796602,2000,0.008587425920161852,0.044285977422376784,0.03917904061667796,0.20204915003771942,0.753287829769326,1.0
morph_vs_1_2gram_psalm,prophetische Gerichtsrede,1,605,0.0016501650165016502,0.0029585798816568047,nan,nan,0.4446280991735537,nan,nan,0.5770786690374836,0.5215430861723447,1.0,2000,0.7993302292188865,1.0,0.735296680317156,1.0,1.0,1.0
morph_vs_1_2gram_psalm,"prophetische Schelt-, Droh- und Mahnrede",21,2088,0.00995732574679943,0.02045771985659755,0.0032285433338896086,0.1216775218131099,0.43315544608648054,0.13623312449059022,0.5926739744264,0.8544678029096571,0.8260869565217391,1.0,2000,0.9904531834126397,1.0,0.9838981608097049,1.0,1.0,1.0
morph_vs_1_2gram_psalm,prophetische Tora,0,304,0.0,nan,nan,nan,nan,nan,nan,nan,nan,0.0004997501249375312,2000,nan,nan,nan,nan,0.0004997501249375312,0.002577247589158399
morph_vs_1_2gram_psalm,prophetisches Stück,28,2381,0.011623080116230802,0.019371039629196195,0.0024702406993867545,0.053745642530345625,0.5447366052678947,0.12652354351681805,0.7892813096835493,0.2075451006312124,0.23138430784607697,0.9705147426286856,2000,0.8752989026620697,1.0,0.9758381678725855,1.0,1.0,1.0
morph_vs_1gram,Danklied Israels,6,1206,0.0049504950495049506,0.005340588046825715,0.002392390241072366,0.01388625757419243,0.4532891100055279,0.27628328534189944,0.8814158474154354,0.6538718477677765,0.6071964017991005,1.0,2000,0.9622723208019656,1.0,0.9855019298861208,1.0,1.0,1.0
morph_vs_1gram,Danklied des Einzelnen,276,6760,0.03922683342808414,0.04004543974857931,0.02459526896721884,0.0674991312441952,0.48394327244661695,0.398786151291564,0.6025357364797729,0.8174552551186971,0.6441779110444777,1.0,2000,0.9303560800544474,1.0,0.7335998667333,1.0,1.0,1.0
morph_vs_1gram,Fluch,1,608,0.0016420361247947454,0.0024813895781637717,nan,nan,0.33881578947368424,nan,nan,0.7123590713804787,0.6998997995991983,1.0,2000,0.9192378014665723,1.0,0.9639278557114228,1.0,1.0,1.0
morph_vs_1gram,Hymnus,2850,17485,0.140152446520777,0.15463780827613308,0.11176596530421161,0.23520573158775032,0.5172706931756041,0.44901754955091455,0.5543876461521826,0.0015303531113862838,0.20339830084957522,1.0,2000,0.0067474659911122515,0.0347971708075032,0.8564051307679494,1.0,1.0,1.0
morph_vs_1gram,Klagelied des Einzelnen,4095,19594,0.17286504284689097,0.18186494216005478,0.13158347219678176,0.2663578836380635,0.5297681643093504,0.47719148839785186,0.5666730639215765,9.784510043739782e-10,0.08745627186406797,0.9965017491254373,2000,1.2488124661088934e-09,6.440216334097791e-09,0.11162182066861308,0.575641813499524,1.0,1.0
morph_vs_1gram,Klagelied des Volkes,406,8034,0.0481042654028436,0.04554045859118655,0.02533467213317317,0.06390219184156841,0.49216568500130603,0.4242602226460877,0.6376618150367915,0.7031552753890947,0.5882058970514743,1.0,2000,0.9343296125033176,1.0,0.7815886577259316,1.0,1.0,1.0
morph_vs_1gram,Königspsalm,45,2964,0.014955134596211365,0.026879603789702222,0.010355297975323178,0.05286391311514344,0.6991902834008097,0.5815156552669795,0.8639468495385139,2.182783427057503e-06,0.0034982508745627187,0.5027486256871564,2000,1.3233124526536113e-05,6.82441816043792e-05,0.01686113465006627,0.08695409257334424,1.0,1.0
morph_vs_1gram,Liturgie,153,5161,0.028791870530673693,0.03452036728385109,0.01856855986629405,0.05629475380570333,0.5647307040105973,0.48086157819225356,0.738985934270142,0.0031369305038722183,0.07246376811594203,0.9495252373813093,2000,0.005157326421620427,0.02659670588033494,0.11714975845410629,0.6041497890252149,1.0,1.0
morph_vs_1gram,Mischgedicht,45,2879,0.015389876880984952,0.019270584227764148,0.008837031275329515,0.043848678689425186,0.5785921037397245,0.4752197153945718,0.8779041677561328,0.0350078391000865,0.09695152423788106,0.9060469765117442,2000,0.057555260893362555,0.29681664891898346,0.1516822234044268,0.7822362118190767,1.0,1.0
morph_vs_1gram,Thronbesteigungslied,21,2097,0.009915014164305949,0.014671263360975649,0.004560627665201329,0.05852980547281997,0.6076026977314531,0.4326448734663193,0.8634765992197403,0.04465289692371225,0.09695152423788106,0.809095452273863,2000,0.05282110977561083,0.2724022887295542,0.11063879824793485,0.5705722956797972,0.9307346326836581,1.0
morph_vs_1gram,Wallfahrtslied,0,305,0.0,nan,nan,nan,nan,nan,nan,nan,nan,0.0004997501249375312,2000,nan,nan,nan,nan,0.0004997501249375312,0.002577247589158399
morph_vs_1gram,Weisheitsgedicht,55,3254,0.01662133575098217,0.04180557362627231,0.012165827823346752,0.11285095161027499,0.7236296586020003,0.6226868797147087,0.8624204797592487,6.122732389942752e-09,0.001999000499750125,0.447776111944028,2000,6.598944909160522e-08,3.4031236831104217e-07,0.011406061675044831,0.0588218861525564,1.0,1.0
morph_vs_1gram,Zionslied,15,1805,0.008241758241758242,0.011006414110685722,0.003863936962705558,0.04336001279414642,0.5910803324099723,0.3596931140566213,0.8176220859285437,0.11192680105548386,0.14642678660669664,0.8675662168915542,2000,0.12624301979513877,0.6510443963486101,0.16492902973800458,0.8505509514932869,0.9672864717066755,1.0
morph_vs_1gram,prophetische Gerichtsrede,1,605,0.0016501650165016502,0.008695652173913044,nan,nan,0.8132231404958677,nan,nan,0.1399829690694922,0.13577154308617234,0.27586206896551724,2000,0.7811299501170966,1.0,0.735296680317156,1.0,1.0,1.0
morph_vs_1gram,"prophetische Schelt-, Droh- und Mahnrede",21,2088,0.00995732574679943,0.010931671963014599,0.004265755379753974,0.025643822108129932,0.5310390439700785,0.4167716871638731,0.9197343416425501,0.3120760600272058,0.3233383308345827,0.9960019990004998,2000,0.9904531834126397,1.0,0.9838981608097049,1.0,1.0,1.0
morph_vs_1gram,prophetische Tora,0,304,0.0,nan,nan,nan,nan,nan,nan,nan,nan,0.0004997501249375312,2000,nan,nan,nan,nan,0.0004997501249375312,0.002577247589158399
morph_vs_1gram,prophetisches Stück,28,2381,0.011623080116230802,0.010658050453489332,0.004119869611592646,0.02221308361201299,0.4622082558348833,0.31766001300954627,0.7169445974518992,0.7544909707632657,0.6951524237881059,1.0,2000,0.9975015437452767,1.0,0.9930034982508745,1.0,1.0,1.0
morph_vs_1gram_psalm,Danklied Israels,6,1206,0.0049504950495049506,0.003914779748953176,0.0017376737297711024,0.008071319349940913,0.3029297954671089,0.06399334372717329,0.5950278218348615,0.9523519875978215,0.9905047476261869,1.0,2000,0.9622723208019656,1.0,0.9955022488755623,1.0,1.0,1.0
morph_vs_1gram_psalm,Danklied des Einzelnen,276,6760,0.03922683342808414,0.04734170667065919,0.028141640741484078,0.06666710670176146,0.5472399987136609,0.48039451207445744,0.6273279004107525,0.0038525183431668284,0.0879560219890055,0.9735132433783108,2000,0.011324069069308556,0.05839904434638569,0.2305874089982036,1.0,1.0,1.0
morph_vs_1gram_psalm,Fluch,1,608,0.0016420361247947454,0.007042253521126761,nan,nan,0.8026315789473685,nan,nan,0.1481903886637041,0.16332665330661322,0.3023488255872064,2000,0.9192378014665723,1.0,0.9639278557114228,1.0,1.0,1.0
morph_vs_1gram_psalm,Hymnus,2850,17485,0.140152446520777,0.16151380460718184,0.10426977352120613,0.2617913615773475,0.4889172774658981,0.4262695836256987,0.5241058744070247,0.971319277671388,0.7006496751624188,1.0,2000,1.0,1.0,1.0,1.0,1.0,1.0
morph_vs_1gram_psalm,Klagelied des Einzelnen,4095,19594,0.17286504284689097,0.22416443418330062,0.14493394434006612,0.2825094809857249,0.6063547523892527,0.5549128430948523,0.6995045413788227,2.7268259309366092e-102,0.0004997501249375312,0.8045977011494253,2000,1.6531382206303194e-101,8.525353533823857e-101,0.00098930126773348,0.0051018982887421375,1.0,1.0
morph_vs_1gram_psalm,Klagelied des Volkes,406,8034,0.0481042654028436,0.05408353652087512,0.022380654711054507,0.08065844479385756,0.5050395425353578,0.43744484966448793,0.5899361282507177,0.3657376535187574,0.4047976011994003,1.0,2000,0.5631198792272932,1.0,0.6536409214747465,1.0,1.0,1.0
morph_vs_1gram_psalm,Königspsalm,45,2964,0.014955134596211365,0.015933794837394627,0.004250059120971199,0.031115404337153287,0.5425701004648373,0.4120861609567769,0.6902427617237986,0.16315348028663057,0.20189905047476261,0.9805097451274363,2000,0.21101183450404218,1.0,0.2611227719473596,1.0,1.0,1.0
morph_vs_1gram_psalm,Liturgie,153,5161,0.028791870530673693,0.026229611889991296,0.01050416579660674,0.04176525826912827,0.4532327043069375,0.38648673707401204,0.5588985461529712,0.9758490886445398,0.8950524737631185,1.0,2000,0.9999999962821108,1.0,0.9995002498750625,1.0,1.0,1.0
morph_vs_1gram_psalm,Mischgedicht,45,2879,0.015389876880984952,0.015239955066902629,0.006429826070133702,0.03101842078383647,0.4485971209138976,0.38209009257740073,0.6725272196558056,0.8820251292283783,0.8020989505247377,1.0,2000,0.9162195929058479,1.0,0.8442002403053792,1.0,1.0,1.0
morph_vs_1gram_psalm,Thronbesteigungslied,21,2097,0.009915014164305949,0.0594019472037072,0.004552819316044504,0.5169641522535514,0.5724504394032291,0.36283942552544746,0.854235053709943,0.12631521357602843,0.16041979010494753,0.9070464767616192,2000,0.1392338149644859,0.7180388679070423,0.17885884643884956,0.9223880250991389,1.0,1.0
morph_vs_1gram_psalm,Wallfahrtslied,0,305,0.0,nan,nan,nan,nan,nan,nan,nan,nan,0.0004997501249375312,2000,nan,nan,nan,nan,0.0004997501249375312,0.002577247589158399
morph_vs_1gram_psalm,Weisheitsgedicht,55,3254,0.01662133575098217,0.017651599314723827,0.004165598654094866,0.03515092812032854,0.5230541431524837,0.39149134164412147,0.6496206675034009,0.2785427114678184,0.3023488255872064,0.9965017491254373,2000,0.37525893072747757,1.0,0.4073310566938753,1.0,1.0,1.0
morph_vs_1gram_psalm,Zionslied,15,1805,0.008241758241758242,0.011515637788971102,0.003227766335785234,0.02689128641572332,0.6051523545706371,0.4247839614680917,0.8752675735882227,0.08010511364658673,0.11694152923538231,0.809095452273863,2000,0.09141407086728133,0.4714289842094696,0.13503962304562003,0.6964091164133018,0.9290237234324015,1.0
morph_vs_1gram_psalm,prophetische Gerichtsrede,1,605,0.0016501650165016502,0.003401360544217687,nan,nan,0.5173553719008265,nan,nan,0.4771992710253896,0.44939879759519036,0.9995002498750625,2000,0.7993302292188865,1.0,0.735296680317156,1.0,1.0,1.0
morph_vs_1gram_psalm,"prophetische Schelt-, Droh- und Mahnrede",21,2088,0.00995732574679943,0.01931786625529524,0.004115890271893538,0.13978336646773237,0.49279328589673416,0.25811006038397616,0.6646767483211288,0.5453765644899566,0.4942528735632184,1.0,2000,0.9904531834126397,1.0,0.9838981608097049,1.0,1.0,1.0
morph_vs_1gram_psalm,prophetische Tora,0,304,0.0,nan,nan,nan,nan,nan,nan,nan,nan,0.0004997501249375312,2000,nan,nan,nan,nan,0.0004997501249375312,0.002577247589158399
morph_vs_1gram_psalm,prophetisches Stück,28,2381,0.011623080116230802,0.016702050563532522,0.0022863577333902337,0.048783829639496734,0.5281619367612648,0.11289618991849976,0.7545284830803982,0.3039838098027845,0.2933533233383308,0.9920039980009995,2000,0.9975015437452767,1.0,0.9930034982508745,1.0,1.0,1.0
morph_vs_sp_plus,Danklied Israels,6,1206,0.0049504950495049506,0.0056501529859453,0.0021215724303782274,0.016833164352315345,0.44416804864566056,0.18640676538467718,0.951112954113228,0.6818811387671274,0.6401799100449775,1.0,2000,0.9622723208019656,1.0,0.9855019298861208,1.0,1.0,1.0
morph_vs_sp_plus,Danklied des Einzelnen,276,6760,0.03922683342808414,0.03815113816869238,0.023703449095176046,0.06452782909647208,0.481267687162336,0.3886558181776768,0.617730559616335,0.8546594346529335,0.6751624187906047,1.0,2000,0.9357828912422741,1.0,0.7335998667333,1.0,1.0,1.0
morph_vs_sp_plus,Fluch,1,608,0.0016420361247947454,0.0024330900243309003,nan,nan,0.3256578947368421,nan,nan,0.7276737115754949,0.7244488977955912,1.0,2000,0.9192378014665723,1.0,0.9639278557114228,1.0,1.0,1.0
morph_vs_sp_plus,Hymnus,2850,17485,0.140152446520777,0.1342175584373708,0.09778750228952783,0.18124388242397452,0.4818029488935378,0.43935536492026156,0.5297086212977697,0.9990970620591486,0.7681159420289855,1.0,2000,1.0,1.0,1.0,1.0,1.0,1.0
morph_vs_sp_plus,Klagelied des Einzelnen,4095,19594,0.17286504284689097,0.20661328932529058,0.14623898993554882,0.291711099908528,0.5485577740962042,0.484062084979919,0.5851991193398899,6.25284387894967e-23,0.017491254372813594,0.9825087456271864,2000,9.331167019355661e-23,4.812150413704215e-22,0.02570684354792301,0.1325720540180722,1.0,1.0
morph_vs_sp_plus,Klagelied des Volkes,406,8034,0.0481042654028436,0.04610370519776902,0.026346347548861594,0.06480007334176763,0.5021439056423991,0.4079079742547464,0.6566137014644777,0.4419680763585138,0.4672663668165917,1.0,2000,0.6458276173122338,1.0,0.6764901131523791,1.0,1.0,1.0
morph_vs_sp_plus,Königspsalm,45,2964,0.014955134596211365,0.02772645768386933,0.01062768643023662,0.06267835235053029,0.6772529614634878,0.529346656922898,0.8683565627277307,2.1820648204932202e-05,0.0069965017491254375,0.545727136431784,2000,7.839269910660827e-05,0.0004042768269550321,0.022723013493253372,0.11718422631954596,1.0,1.0
morph_vs_sp_plus,Liturgie,153,5161,0.028791870530673693,0.03650585409683717,0.020425333219991043,0.06000311747364246,0.6055319369884491,0.5109282092249178,0.7626547680170281,4.177596783050869e-06,0.017991004497751123,0.8180909545227386,2000,8.269936488896618e-06,4.2648661430882276e-05,0.03490254872563718,0.17999497162682257,1.0,1.0
morph_vs_sp_plus,Mischgedicht,45,2879,0.015389876880984952,0.026564099722450704,0.011050071368289515,0.058695601859374155,0.6784570259735248,0.5391618777326158,0.8791444052622879,1.9431287400903292e-05,0.0074962518740629685,0.5427286356821589,2000,9.424174389438096e-05,0.00048601149880700314,0.03462554437067181,0.1785664401059748,1.0,1.0
morph_vs_sp_plus,Thronbesteigungslied,21,2097,0.009915014164305949,0.023913720091250378,0.006112722426240566,0.11583781809579033,0.7282058269182733,0.5104406469568193,0.9054141129202264,0.00015690704193842817,0.005497251374312844,0.4112943528235882,2000,0.0003902559761032701,0.002012578333407188,0.013330834582708645,0.0687480794408003,0.8995628767894535,1.0
morph_vs_sp_plus,Wallfahrtslied,0,305,0.0,nan,nan,nan,nan,nan,nan,nan,nan,0.0004997501249375312,2000,nan,nan,nan,nan,0.0004997501249375312,0.002577247589158399
morph_vs_sp_plus,Weisheitsgedicht,55,3254,0.01662133575098217,0.027572688352138094,0.011229388842652586,0.08832734627214557,0.6553668212549589,0.5533699457022638,0.8345654567508328,3.7874481886251514e-05,0.011494252873563218,0.6176911544227887,2000,8.74720176896761e-05,0.0004510995304657868,0.02585373979676828,0.13332960861246118,1.0,1.0
morph_vs_sp_plus,Zionslied,15,1805,0.008241758241758242,0.04358173265471267,0.005142355724635872,0.33965399109177064,0.6630655586334256,0.44504016982889155,0.9647440956420215,0.014707667179876918,0.04997501249375312,0.5902048975512244,2000,0.018771627848000804,0.09680664436429331,0.06295553521940328,0.324666254738136,0.753287829769326,1.0
morph_vs_sp_plus,prophetische Gerichtsrede,1,605,0.0016501650165016502,0.007407407407407408,nan,nan,0.7801652892561983,nan,nan,0.1670062256265894,0.15781563126252504,0.31134432783608196,2000,0.7811299501170966,1.0,0.735296680317156,1.0,1.0,1.0
morph_vs_sp_plus,"prophetische Schelt-, Droh- und Mahnrede",21,2088,0.00995732574679943,0.011012886827404728,0.0037837469136036495,0.03360689758880332,0.5038086115672322,0.33399546555583104,0.70846480925578,0.47609225400679844,0.4527736131934033,1.0,2000,0.9904531834126397,1.0,0.9838981608097049,1.0,1.0,1.0
morph_vs_sp_plus,prophetische Tora,0,304,0.0,nan,nan,nan,nan,nan,nan,nan,nan,0.0004997501249375312,2000,nan,nan,nan,nan,0.0004997501249375312,0.002577247589158399
morph_vs_sp_plus,prophetisches Stück,28,2381,0.011623080116230802,0.00998442667124776,0.0037146102505807065,0.022709686616572494,0.4061093778124438,0.28930234314284464,0.843988696997222,0.9564404351698996,0.9295352323838081,1.0,2000,0.9975015437452767,1.0,0.9930034982508745,1.0,1.0,1.0
morph_vs_sp_plus_psalm,Danklied Israels,6,1206,0.0049504950495049506,0.004256992451155195,0.0017257878402466254,0.008548028443976589,0.3503316749585406,0.05082630583764365,0.7756761804191946,0.8974235146251903,0.9230384807596201,1.0,2000,0.9622723208019656,1.0,0.9855019298861208,1.0,1.0,1.0
morph_vs_sp_plus_psalm,Danklied des Einzelnen,276,6760,0.03922683342808414,0.04665770226101518,0.02762787513592565,0.06129442457379024,0.5595923377068862,0.49754672917654297,0.6206646828428385,0.0003877129781351274,0.05897051474262868,0.9505247376311844,2000,0.0017094617672321526,0.0088158181429334,0.2200053819244224,1.0,1.0,1.0
morph_vs_sp_plus_psalm,Fluch,1,608,0.0016420361247947454,0.00234192037470726,nan,nan,0.3338815789473684,nan,nan,0.7182155402721977,0.7099198396793587,1.0,2000,0.9192378014665723,1.0,0.9639278557114228,1.0,1.0,1.0
morph_vs_sp_plus_psalm,Hymnus,2850,17485,0.140152446520777,0.16383490384704594,0.10075352497325207,0.26383894663819457,0.5019397478540504,0.4478750566718705,0.5666461097525444,0.36970584915933485,0.4357821089455272,1.0,2000,1.0,1.0,1.0,1.0,1.0,1.0
morph_vs_sp_plus_psalm,Klagelied des Einzelnen,4095,19594,0.17286504284689097,0.23072353544933727,0.15499795482379,0.2917359697660207,0.6080352710698735,0.5591671808775551,0.6834199812032554,1.781167755139923e-105,0.0004997501249375312,0.777111444277861,2000,1.2340948017755182e-104,6.364316273190401e-104,0.00098930126773348,0.0051018982887421375,1.0,1.0
morph_vs_sp_plus_psalm,Klagelied des Volkes,406,8034,0.0481042654028436,0.04335177673034192,0.016248954607103454,0.0690462600868424,0.454730572407171,0.37411309856936165,0.5105927758327308,0.9989743078319016,0.9195402298850575,1.0,2000,0.9999998289335992,1.0,0.9900049975012494,1.0,1.0,1.0
morph_vs_sp_plus_psalm,Königspsalm,45,2964,0.014955134596211365,0.015784669698842055,0.0029305363435809598,0.034168756524792857,0.5162618083670715,0.3343906345377972,0.6551987585035003,0.35386344764014677,0.384807596201899,1.0,2000,0.42376240026042267,1.0,0.46081897322943466,1.0,1.0,1.0
morph_vs_sp_plus_psalm,Liturgie,153,5161,0.028791870530673693,0.026015956168998853,0.010238418516077296,0.04426019361029946,0.46223752046836947,0.38232242574462627,0.5412465479751789,0.9445867123214666,0.808095952023988,1.0,2000,0.9999999962821108,1.0,0.9901174412793602,1.0,1.0,1.0
morph_vs_sp_plus_psalm,Mischgedicht,45,2879,0.015389876880984952,0.017596013134734065,0.006697931358778913,0.03384650519074149,0.5040639110802362,0.38381191840766393,0.6094030502495047,0.46271202121033744,0.4512743628185907,1.0,2000,0.5407598320169005,1.0,0.5273929300410036,1.0,1.0,1.0
morph_vs_sp_plus_psalm,Thronbesteigungslied,21,2097,0.009915014164305949,0.08716792366588832,0.004830910430501731,0.5496689411444067,0.6452528555532847,0.16737503524803155,0.886732208908717,0.010903731183801077,0.04047976011994003,0.6461769115442278,2000,0.016271721920441608,0.08391444843791893,0.061154038365432664,0.3153758049871678,0.8995628767894535,1.0
morph_vs_sp_plus_psalm,Wallfahrtslied,0,305,0.0,nan,nan,nan,nan,nan,nan,nan,nan,0.0004997501249375312,2000,nan,nan,nan,nan,0.0004997501249375312,0.002577247589158399
morph_vs_sp_plus_psalm,Weisheitsgedicht,55,3254,0.01662133575098217,0.016174649429403658,0.004740972203241352,0.03600237405931338,0.46232329440688386,0.3728904215760451,0.5867862946188543,0.8314200509105789,0.7371314342828585,1.0,2000,0.9487969992744253,1.0,0.8411970485345561,1.0,1.0,1.0
morph_vs_sp_plus_psalm,Zionslied,15,1805,0.008241758241758242,0.02634097256487442,0.005204046998513365,0.22310231822474863,0.6127239150507848,0.3883977915872844,0.9573145284986672,0.06609721041592974,0.10344827586206896,0.7551224387806097,2000,0.07724613747403837,0.3983639255751041,0.12089738263398422,0.6234765583459216,0.8824924886954114,1.0
morph_vs_sp_plus_psalm,prophetische Gerichtsrede,1,605,0.0016501650165016502,0.0037593984962406013,nan,nan,0.5636363636363636,nan,nan,0.413987587433439,0.40230460921843686,0.9430284857571214,2000,0.7993302292188865,1.0,0.735296680317156,1.0,1.0,1.0
morph_vs_sp_plus_psalm,"prophetische Schelt-, Droh- und Mahnrede",21,2088,0.00995732574679943,0.018931862824699563,0.0029469662464361784,0.11268332555325594,0.45429666119321294,0.1377144790023668,0.5964622783560377,0.7648304336717331,0.7076461769115442,1.0,2000,0.9904531834126397,1.0,0.9838981608097049,1.0,1.0,1.0
morph_vs_sp_plus_psalm,prophetische Tora,0,304,0.0,nan,nan,nan,nan,nan,nan,nan,nan,0.0004997501249375312,2000,nan,nan,nan,nan,0.0004997501249375312,0.002577247589158399
morph_vs_sp_plus_psalm,prophetisches Stück,28,2381,0.011623080116230802,0.014825428001686215,0.0032608269619144917,0.07488356038046871,0.503239935201296,0.21588525650083074,0.6702607843734824,0.4765177533456315,0.4362818590704648,1.0,2000,0.9975015437452767,1.0,0.9930034982508745,1.0,1.0,1.0
morph_vt_1_2_3gram,Danklied Israels,6,1206,0.0049504950495049506,0.007249920952774512,0.0023338331315366037,0.01979567611864949,0.48369264787175237,0.12411263373666077,0.8831273470299201,0.5551000465849723,0.504247876061969,1.0,2000,0.9622723208019656,1.0,0.9855019298861208,1.0,1.0,1.0
morph_vt_1_2_3gram,Danklied des Einzelnen,276,6760,0.03922683342808414,0.04176930764166911,0.0233419817712659,0.06082809896362456,0.4687261491295772,0.388851065158561,0.5959135553858124,0.9611378590218405,0.7851074462768616,1.0,2000,0.9611378590218405,1.0,0.7866066966516742,1.0,1.0,1.0
morph_vt_1_2_3gram,Fluch,1,608,0.0016420361247947454,0.0021929824561403508,nan,nan,0.25164473684210525,nan,nan,0.8055912663219266,0.8386773547094188,1.0,2000,0.9192378014665723,1.0,0.9639278557114228,1.0,1.0,1.0
morph_vt_1_2_3gram,Hymnus,2850,17485,0.140152446520777,0.16526222340243663,0.1139072711092866,0.2942407497745591,0.5268620321177551,0.46546798476811524,0.5707269421076496,2.0495270028027665e-06,0.1184407796101949,0.9985007496251874,2000,1.2425257454491772e-05,6.407795260334196e-05,0.7180472263868066,1.0,1.0,1.0
morph_vt_1_2_3gram,Klagelied des Einzelnen,4095,19594,0.17286504284689097,0.17467950774700325,0.12363114033399232,0.22361568530503556,0.4956472372058776,0.45636068462205986,0.5762567264596133,0.8099007208521929,0.5732133933033483,1.0,2000,0.8357486161985395,1.0,0.5893632131302771,1.0,1.0,1.0
morph_vt_1_2_3gram,Klagelied des Volkes,406,8034,0.0481042654028436,0.04715107219924766,0.027483916758752277,0.06703135847254948,0.5087724461678261,0.4181918486540839,0.6514285873014399,0.2751337115837341,0.38630684657671166,1.0,2000,0.49422166710411497,1.0,0.6536409214747465,1.0,1.0,1.0
morph_vt_1_2_3gram,Königspsalm,45,2964,0.014955134596211365,0.04814439201120937,0.016358989341361527,0.3339591834553061,0.7034412955465587,0.5822065692746319,0.903259063709211,1.358039008366842e-06,0.0024987506246876563,0.45377311344327836,2000,1.0133060293198744e-05,5.2256925828097776e-05,0.015148675662168916,0.07812281754636398,1.0,1.0
morph_vt_1_2_3gram,Liturgie,153,5161,0.028791870530673693,0.04048768702069497,0.021645694593809554,0.0650089216438359,0.6279271509676014,0.5140914976962949,0.8155485207422563,3.304788522625075e-08,0.00399800099950025,0.728135932033983,2000,1.1053947817056285e-07,5.700600948474432e-07,0.013372624032811179,0.06896359066161785,1.0,1.0
morph_vt_1_2_3gram,Mischgedicht,45,2879,0.015389876880984952,0.02261265815659392,0.009905644730252555,0.055843171224736164,0.6259851028520705,0.47668169949001016,0.8260973938145735,0.0018396191226116134,0.033483258370814596,0.735632183908046,2000,0.004822785267387202,0.024871452918508032,0.08158116063919259,0.42071995400578455,1.0,1.0
morph_vt_1_2_3gram,Thronbesteigungslied,21,2097,0.009915014164305949,0.027249490412296996,0.0066238062150694,0.13127908651481454,0.6620796148693144,0.40431980863855743,0.8964363665907907,0.005243188055357038,0.033483258370814596,0.6046976511744128,2000,0.008476487356160545,0.04371385921299603,0.05324386986834452,0.2745824931465645,0.8995628767894535,1.0
morph_vt_1_2_3gram,Wallfahrtslied,0,305,0.0,nan,nan,nan,nan,nan,nan,nan,nan,0.0004997501249375312,2000,nan,nan,nan,nan,0.0004997501249375312,0.002577247589158399
morph_vt_1_2_3gram,Weisheitsgedicht,55,3254,0.01662133575098217,0.025327406108463853,0.010057221049661648,0.052041885964930326,0.6572162932335028,0.5498596253400114,0.8053887977814846,3.1064287615642694e-05,0.01199400299850075,0.6211894052973513,2000,7.533089746793353e-05,0.00038848689415062887,0.02585373979676828,0.13332960861246118,1.0,1.0
morph_vt_1_2_3gram,Zionslied,15,1805,0.008241758241758242,0.03088067895326516,0.013443065563180506,0.06817830484817423,0.8629916897506925,0.7891872061976603,0.9479969694187128,6.224385520852184e-07,0.0004997501249375312,0.15792103948025987,2000,1.6153139979015632e-05,8.330291277758063e-05,0.00908920539730135,0.04687369052781838,0.7195188120225602,1.0
morph_vt_1_2_3gram,prophetische Gerichtsrede,1,605,0.0016501650165016502,0.023255813953488372,nan,nan,0.9322314049586777,nan,nan,0.0678531666253561,0.042585170340681364,0.079960019990005,2000,0.7811299501170966,1.0,0.735296680317156,1.0,1.0,1.0
morph_vt_1_2_3gram,"prophetische Schelt-, Droh- und Mahnrede",21,2088,0.00995732574679943,0.010668822993204973,0.002170864404149119,0.031248450565935622,0.4693714650611202,0.234187637732871,0.9031039639614852,0.6857544577809571,0.6101949025487257,1.0,2000,0.9904531834126397,1.0,0.9838981608097049,1.0,1.0,1.0
morph_vt_1_2_3gram,prophetische Tora,0,304,0.0,nan,nan,nan,nan,nan,nan,nan,nan,0.0004997501249375312,2000,nan,nan,nan,nan,0.0004997501249375312,0.002577247589158399
morph_vt_1_2_3gram,prophetisches Stück,28,2381,0.011623080116230802,0.01059972836884487,0.005050765071012203,0.022198894460731262,0.44342863142737143,0.3410790123588941,0.741225242789707,0.848694254494453,0.7956021989005497,1.0,2000,0.9975015437452767,1.0,0.9930034982508745,1.0,1.0,1.0
morph_vt_1_2_3gram_psalm,Danklied Israels,6,1206,0.0049504950495049506,0.004355634737756268,0.0017493275361452783,0.010888658144045466,0.36470425649530125,0.08676223606843851,0.9123197410961237,0.8739738806029438,0.8925537231384307,1.0,2000,0.9622723208019656,1.0,0.9855019298861208,1.0,1.0,1.0
morph_vt_1_2_3gram_psalm,Danklied des Einzelnen,276,6760,0.03922683342808414,0.04739037626700638,0.027821843631232714,0.06525604783628486,0.552188920332733,0.4712492830735737,0.6332700982443327,0.0016210271411819547,0.08595702148925537,0.967016491754123,2000,0.006047678180563447,0.031188314385736857,0.2305874089982036,1.0,1.0,1.0
morph_vt_1_2_3gram_psalm,Fluch,1,608,0.0016420361247947454,0.003968253968253968,nan,nan,0.6200657894736842,nan,nan,0.33998075249401116,0.30561122244488975,0.7401299350324838,2000,0.9192378014665723,1.0,0.9639278557114228,1.0,1.0,1.0
morph_vt_1_2_3gram_psalm,Hymnus,2850,17485,0.140152446520777,0.1643082033231668,0.10587354620983556,0.257620736409753,0.5023648239844679,0.44899070887610776,0.5542555108312864,0.3425462324131504,0.42478760619690153,1.0,2000,1.0,1.0,1.0,1.0,1.0,1.0
morph_vt_1_2_3gram_psalm,Klagelied des Einzelnen,4095,19594,0.17286504284689097,0.22034085517233357,0.14372613876757215,0.27797892666768964,0.5877515207054862,0.5346222259642568,0.6669690105648457,2.4580634682409143e-70,0.0004997501249375312,0.8580709645177411,2000,6.444112335658613e-70,3.3232754035665467e-69,0.00098930126773348,0.0051018982887421375,1.0,1.0
morph_vt_1_2_3gram_psalm,Klagelied des Volkes,406,8034,0.0481042654028436,0.0485666224937686,0.020563224023371976,0.07380422501432614,0.4838489682396612,0.422993955752143,0.5675331051518204,0.8642980927458686,0.6646676661669165,1.0,2000,0.9999998289335992,1.0,0.8373086184180637,1.0,1.0,1.0
morph_vt_1_2_3gram_psalm,Königspsalm,45,2964,0.014955134596211365,0.02278752467711323,0.008254168593001484,0.09591836223530081,0.5854550907182486,0.4601090783978717,0.8261069893592369,0.02439036539990905,0.06596701649175413,0.8660669665167416,2000,0.03815912006114803,0.19678934586418134,0.10664667666166917,0.5499846355264024,1.0,1.0
morph_vt_1_2_3gram_psalm,Liturgie,153,5161,0.028791870530673693,0.030375237681289812,0.013775163636199671,0.046926167832650946,0.5021028756396959,0.40837052950292346,0.6044772869505425,0.464634785356583,0.4452773613193403,1.0,2000,0.6438510597084078,1.0,0.6083366767320565,1.0,1.0,1.0
morph_vt_1_2_3gram_psalm,Mischgedicht,45,2879,0.015389876880984952,0.013878601360646694,0.006581561664999022,0.025242681744000493,0.4407664698390645,0.33023423521221457,0.5609778783746876,0.9139838214722777,0.8395802098950524,1.0,2000,0.9242096574584321,1.0,0.8533753956355157,1.0,1.0,1.0
morph_vt_1_2_3gram_psalm,Thronbesteigungslied,21,2097,0.009915014164305949,0.09556345871957697,0.007053476239237868,0.39261213383671195,0.7087449190453482,0.32690152369206193,0.940335010817415,0.0004896958001454395,0.006496751624187906,0.4642678660669665,2000,0.001032619404654514,0.005325293058199218,0.014655462966191322,0.0755792839518312,0.8995628767894535,1.0
morph_vt_1_2_3gram_psalm,Wallfahrtslied,0,305,0.0,nan,nan,nan,nan,nan,nan,nan,nan,0.0004997501249375312,2000,nan,nan,nan,nan,0.0004997501249375312,0.002577247589158399
morph_vt_1_2_3gram_psalm,Weisheitsgedicht,55,3254,0.01662133575098217,0.015635084231905842,0.005542531934789814,0.030589370889164812,0.4756942504330335,0.3487459643949408,0.6550554061836705,0.7321073645988745,0.6451774112943528,1.0,2000,0.8660294434889124,1.0,0.7631976694579539,1.0,1.0,1.0
morph_vt_1_2_3gram_psalm,Zionslied,15,1805,0.008241758241758242,0.028823334461932658,0.00869711717930115,0.0805446961881442,0.8397968605724838,0.6395726482019725,0.9504366408056929,2.8302265222050204e-06,0.001999000499750125,0.2413793103448276,2000,4.575532877564783e-05,0.0002359635443671548,0.01020542360398748,0.052630108662813625,0.7195188120225602,1.0
morph_vt_1_2_3gram_psalm,prophetische Gerichtsrede,1,605,0.0016501650165016502,0.005050505050505051,nan,nan,0.6760330578512397,nan,nan,0.2722170565124784,0.2685370741482966,0.5432283858070964,2000,0.7811299501170966,1.0,0.735296680317156,1.0,1.0,1.0
morph_vt_1_2_3gram_psalm,"prophetische Schelt-, Droh- und Mahnrede",21,2088,0.00995732574679943,0.03923653880880713,0.0037774812582191523,0.3571428571428572,0.4885285531837256,0.23021246805206264,0.9937830995395783,0.5719482659987061,0.5227386306846576,1.0,2000,0.9904531834126397,1.0,0.9838981608097049,1.0,1.0,1.0
morph_vt_1_2_3gram_psalm,prophetische Tora,0,304,0.0,nan,nan,nan,nan,nan,nan,nan,nan,0.0004997501249375312,2000,nan,nan,nan,nan,0.0004997501249375312,0.002577247589158399
morph_vt_1_2_3gram_psalm,prophetisches Stück,28,2381,0.011623080116230802,0.02496037123016251,0.006211234559539584,0.13304016905277424,0.6369922601547969,0.34926166098483186,0.8499998338895666,0.006282460950929064,0.033483258370814596,0.671664167916042,2000,0.05078322602000994,0.26189277460634314,0.2948942195568882,1.0,1.0,1.0
morph_vt_1_2gram,Danklied Israels,6,1206,0.0049504950495049506,0.008709913324442885,0.0021812343897547643,0.024066575907921932,0.49074074074074076,0.07202635273237604,0.8807958236991242,0.531453911645419,0.47926036981509246,1.0,2000,0.9622723208019656,1.0,0.9855019298861208,1.0,1.0,1.0
morph_vt_1_2gram,Danklied des Einzelnen,276,6760,0.03922683342808414,0.039048108011382685,0.02520833816068223,0.06085314371718863,0.47426759068690505,0.3958500510719458,0.5853625819154086,0.9266762613981637,0.743128435782109,1.0,2000,0.9611378590218405,1.0,0.7750909491490814,1.0,1.0,1.0
morph_vt_1_2gram,Fluch,1,608,0.0016420361247947454,0.0024509803921568627,nan,nan,0.3305921052631579,nan,nan,0.7219789640719223,0.720440881763527,1.0,2000,0.9192378014665723,1.0,0.9639278557114228,1.0,1.0,1.0
morph_vt_1_2gram,Hymnus,2850,17485,0.140152446520777,0.1683435682107115,0.1153642323661213,0.2999997257500304,0.5289830481264642,0.4732766048350097,0.5721692978011633,3.347519749663634e-07,0.10344827586206896,0.9980009995002499,2000,2.951903779248841e-06,1.5223181583891781e-05,0.7180472263868066,1.0,1.0,1.0
morph_vt_1_2gram,Klagelied des Einzelnen,4095,19594,0.17286504284689097,0.1784824979595746,0.12661340058055684,0.23098915083580224,0.5055834166174066,0.46086369139248795,0.5751913831898234,0.13016081302830734,0.38780609695152424,1.0,2000,0.13874284465654738,0.7155068984700342,0.4133757297175588,1.0,1.0,1.0
morph_vt_1_2gram,Klagelied des Volkes,406,8034,0.0481042654028436,0.04797774525814752,0.02684514771058485,0.06915777511676108,0.5057462067003413,0.43058463900775107,0.6516487626138109,0.3477936005617732,0.41529235382308843,1.0,2000,0.5530488402375738,1.0,0.6536409214747465,1.0,1.0,1.0
morph_vt_1_2gram,Königspsalm,45,2964,0.014955134596211365,0.02937967575737206,0.009321471545853865,0.07228954694367733,0.6880641775378618,0.562273250136997,0.9087153098586398,7.2348903773897666e-06,0.0024987506246876563,0.504247876061969,2000,3.508921833034037e-05,0.00018095764029799215,0.015148675662168916,0.07812281754636398,1.0,1.0
morph_vt_1_2gram,Liturgie,153,5161,0.028791870530673693,0.04081544325704718,0.0225957092789163,0.06667806523478893,0.6162597054581053,0.5018914364665463,0.8073722732672465,4.58092906589526e-07,0.0079960019990005,0.7746126936531734,2000,1.0579764747424765e-06,5.456061305151617e-06,0.018037492881466242,0.09302065717148456,1.0,1.0
morph_vt_1_2gram,Mischgedicht,45,2879,0.015389876880984952,0.022975455764029956,0.010294352500055498,0.07336680889526674,0.6373007602948555,0.511016327863272,0.8229508631772975,0.00077460147982673,0.018490754622688656,0.6831584207896052,2000,0.0025045447847730938,0.012916118848999892,0.05785816769034837,0.29837876120933854,1.0,1.0
morph_vt_1_2gram,Thronbesteigungslied,21,2097,0.009915014164305949,0.03459354042550102,0.005613504374625371,0.216963177874665,0.6068760360605854,0.33202194172758265,0.8645127336073021,0.045744438582836104,0.0944527736131934,0.815592203898051,2000,0.052823935030179785,0.27241685877198796,0.11022464957997191,0.5684365010040199,0.9307346326836581,1.0
morph_vt_1_2gram,Wallfahrtslied,0,305,0.0,nan,nan,nan,nan,nan,nan,nan,nan,0.0004997501249375312,2000,nan,nan,nan,nan,0.0004997501249375312,0.002577247589158399
morph_vt_1_2gram,Weisheitsgedicht,55,3254,0.01662133575098217,0.025935379588165913,0.009190874924958299,0.06364430634971056,0.6392132759680393,0.5258271517667521,0.8100606723405908,0.00019556292416039235,0.017991004497751123,0.6736631684157921,2000,0.00037939207287116113,0.0019565523976111687,0.032926932760035076,0.1698065770064364,1.0,1.0
morph_vt_1_2gram,Zionslied,15,1805,0.008241758241758242,0.022276594264753823,0.009125156179121328,0.05070275215076227,0.8088457987072946,0.6846386533696507,0.9189269672042956,1.852762585599283e-05,0.0024987506246876563,0.25987006496751625,2000,0.0001119035343510949,0.0005770946313634514,0.01053820915629142,0.05434630785834016,0.7195188120225602,1.0
morph_vt_1_2gram,prophetische Gerichtsrede,1,605,0.0016501650165016502,0.02,nan,nan,0.9206611570247933,nan,nan,0.07325638183347527,0.05661322645290581,0.10594702648675662,2000,0.7811299501170966,1.0,0.735296680317156,1.0,1.0,1.0
morph_vt_1_2gram,"prophetische Schelt-, Droh- und Mahnrede",21,2088,0.00995732574679943,0.010672830906031012,0.002086657066504439,0.03199198733249009,0.4642629082284255,0.2463780014631633,0.9353200594707607,0.7138011398298294,0.6371814092953523,1.0,2000,0.9904531834126397,1.0,0.9838981608097049,1.0,1.0,1.0
morph_vt_1_2gram,prophetische Tora,0,304,0.0,nan,nan,nan,nan,nan,nan,nan,nan,0.0004997501249375312,2000,nan,nan,nan,nan,0.0004997501249375312,0.002577247589158399
morph_vt_1_2gram,prophetisches Stück,28,2381,0.011623080116230802,0.011000831863141172,0.00433927716773396,0.020505347044512855,0.46982810343793124,0.3371707090262118,0.7174205046931217,0.7087920318076961,0.6466766616691654,1.0,2000,0.9975015437452767,1.0,0.9930034982508745,1.0,1.0,1.0
morph_vt_1_2gram_psalm,Danklied Israels,6,1206,0.0049504950495049506,0.004273274548873227,0.0016994981565560798,0.01024864923591698,0.34991708126036486,0.0316800747861559,0.8558078668458486,0.8980479208854533,0.920039980009995,1.0,2000,0.9622723208019656,1.0,0.9855019298861208,1.0,1.0,1.0
morph_vt_1_2gram_psalm,Danklied des Einzelnen,276,6760,0.03922683342808414,0.046850662046090286,0.027635139453079632,0.06622184758356511,0.5491563759540348,0.46808032881082384,0.6363460707325816,0.002779211320885883,0.09095452273863068,0.975512243878061,2000,0.009295982693997609,0.04794005602291404,0.23217338699071519,1.0,1.0,1.0
morph_vt_1_2gram_psalm,Fluch,1,608,0.0016420361247947454,0.004366812227074236,nan,nan,0.6587171052631579,nan,nan,0.29245044345610127,0.2740480961923848,0.6006996501749126,2000,0.9192378014665723,1.0,0.9639278557114228,1.0,1.0,1.0
morph_vt_1_2gram_psalm,Hymnus,2850,17485,0.140152446520777,0.16646263734584454,0.1039241869028896,0.27740211947157434,0.49776049646564224,0.4456505810772977,0.55404605159051,0.6495250326703577,0.5122438780609695,1.0,2000,1.0,1.0,1.0,1.0,1.0,1.0
morph_vt_1_2gram_psalm,Klagelied des Einzelnen,4095,19594,0.17286504284689097,0.21908413625953133,0.14416192625869026,0.276324040614149,0.5883420306457972,0.5385630092396279,0.6684617910243761,2.950007183716638e-71,0.0004997501249375312,0.8610694652673663,2000,7.948630467236498e-71,4.099166300630132e-70,0.00098930126773348,0.0051018982887421375,1.0,1.0
morph_vt_1_2gram_psalm,Klagelied des Volkes,406,8034,0.0481042654028436,0.04822479994154688,0.019444815106122715,0.07438065399785065,0.48171931851208716,0.41950808897739617,0.5542672545002586,0.8934078092530482,0.6881559220389805,1.0,2000,0.9999998289335992,1.0,0.8557836466382193,1.0,1.0,1.0
morph_vt_1_2gram_psalm,Königspsalm,45,2964,0.014955134596211365,0.02460998283271661,0.00782640600778165,0.06753386370345317,0.5858074673864148,0.4573636377620159,0.849077106201225,0.023928791721730944,0.07096451774112944,0.8680659670164917,2000,0.038050701590293466,0.19623022395767836,0.11284521673589436,0.5819509556240622,1.0,1.0
morph_vt_1_2gram_psalm,Liturgie,153,5161,0.028791870530673693,0.03274095586471075,0.014113086724090186,0.0500218066803804,0.5242359425201327,0.42095454252455006,0.6392103115470015,0.15308347645590592,0.24887556221889057,0.999000499750125,2000,0.22498632145792233,1.0,0.3657716596247331,1.0,1.0,1.0
morph_vt_1_2gram_psalm,Mischgedicht,45,2879,0.015389876880984952,0.013526810779875744,0.006946615068911346,0.024534912104950325,0.4395932229555015,0.3275042508685465,0.5421138486487758,0.9181527081454985,0.8445777111444278,1.0,2000,0.9242096574584321,1.0,0.8533753956355157,1.0,1.0,1.0
morph_vt_1_2gram_psalm,Thronbesteigungslied,21,2097,0.009915014164305949,0.11148715698319506,0.005167724707700909,0.41504049845603636,0.6656675068692236,0.27565410792466694,0.9400577755176255,0.00444709210172439,0.02348825587206397,0.5832083958020989,2000,0.007437378170125272,0.038355097882187945,0.03928208309638284,0.20258054756850247,0.8995628767894535,1.0
morph_vt_1_2gram_psalm,Wallfahrtslied,0,305,0.0,nan,nan,nan,nan,nan,nan,nan,nan,0.0004997501249375312,2000,nan,nan,nan,nan,0.0004997501249375312,0.002577247589158399
morph_vt_1_2gram_psalm,Weisheitsgedicht,55,3254,0.01662133575098217,0.015467504815986598,0.0052050166647515,0.02956236125575899,0.4638933899536235,0.3453712590906972,0.6629866258410394,0.8211605646578778,0.7251374312843578,1.0,2000,0.9482449377596921,1.0,0.8373610813640798,1.0,1.0,1.0
morph_vt_1_2gram_psalm,Zionslied,15,1805,0.008241758241758242,0.023176720262888008,0.0059911548954643965,0.07332087629691092,0.8000184672206833,0.5963283599901312,0.9427335055677547,3.0701974560762795e-05,0.00399800099950025,0.30184907546226886,2000,0.00014181388249495194,0.0007313444630253843,0.015512243878060968,0.07999776516747671,0.7195188120225602,1.0
morph_vt_1_2gram_psalm,prophetische Gerichtsrede,1,605,0.0016501650165016502,0.009259259259259259,nan,nan,0.824793388429752,nan,nan,0.13119097024612442,0.1372745490981964,0.25987006496751625,2000,0.7811299501170966,1.0,0.735296680317156,1.0,1.0,1.0
morph_vt_1_2gram_psalm,"prophetische Schelt-, Droh- und Mahnrede",21,2088,0.00995732574679943,0.03310775283455684,0.004571141275760261,0.19839814390180152,0.5213464696223317,0.3158174242157839,0.985461942376868,0.3680875616524192,0.3498250874562719,0.9995002498750625,2000,0.9904531834126397,1.0,0.9838981608097049,1.0,1.0,1.0
morph_vt_1_2gram_psalm,prophetische Tora,0,304,0.0,nan,nan,nan,nan,nan,nan,nan,nan,0.0004997501249375312,2000,nan,nan,nan,nan,0.0004997501249375312,0.002577247589158399
morph_vt_1_2gram_psalm,prophetisches Stück,28,2381,0.011623080116230802,0.026930549622533363,0.00586556067366374,0.10486809063927777,0.6972085558288834,0.4465029542714445,0.9025636616649195,0.0001634354610780089,0.0074962518740629685,0.5057471264367817,2000,0.007926619862283431,0.04087815272242036,0.2948942195568882,1.0,1.0,1.0
morph_vt_1gram,Danklied Israels,6,1206,0.0049504950495049506,0.008401337464564503,0.0020405136377693303,0.03203694092099882,0.46683250414593697,0.05339407819899717,0.9094981408488682,0.6107243128754066,0.55872063968016,1.0,2000,0.9622723208019656,1.0,0.9855019298861208,1.0,1.0,1.0
morph_vt_1gram,Danklied des Einzelnen,276,6760,0.03922683342808414,0.03833719981677969,0.024530540710817512,0.06270568112654637,0.47815126275619585,0.39874016185152017,0.6018230115181928,0.8911026613021007,0.7126436781609196,1.0,2000,0.949856682926415,1.0,0.7596311734242769,1.0,1.0,1.0
morph_vt_1gram,Fluch,1,608,0.0016420361247947454,0.0024271844660194173,nan,nan,0.32401315789473684,nan,nan,0.7295602964126836,0.7114228456913828,1.0,2000,0.9192378014665723,1.0,0.9639278557114228,1.0,1.0,1.0
morph_vt_1gram,Hymnus,2850,17485,0.140152446520777,0.15925842513129368,0.10837517867362895,0.2768217299573972,0.5047695618801078,0.4499170829957279,0.5451409861880024,0.20671226129886044,0.38980509745127434,1.0,2000,0.7070514892392106,1.0,1.0,1.0,1.0,1.0
morph_vt_1gram,Klagelied des Einzelnen,4095,19594,0.17286504284689097,0.1807720045886371,0.12876258812074287,0.2314024054977565,0.5130633296704543,0.470929044669825,0.5804405866070448,0.004224212462090428,0.2683658170914543,1.0,2000,0.004656234191167858,0.024012536955832286,0.2992124627341502,1.0,1.0,1.0
morph_vt_1gram,Klagelied des Volkes,406,8034,0.0481042654028436,0.04778065854801733,0.025683602391953733,0.06860142497059346,0.5026476146328841,0.43182340784015905,0.6370105988569694,0.42846561304096514,0.4447776111944028,1.0,2000,0.6410651239810704,1.0,0.658095194826829,1.0,1.0,1.0
morph_vt_1gram,Königspsalm,45,2964,0.014955134596211365,0.03162505968179956,0.01184777200273768,0.07747680757241843,0.7059079322237217,0.5834525187821347,0.9299312377695849,1.0267852703670215e-06,0.0014992503748125937,0.47276361819090457,2000,9.352138228182176e-06,4.822965417981929e-05,0.015148675662168916,0.07812281754636398,1.0,1.0
morph_vt_1gram,Liturgie,153,5161,0.028791870530673693,0.03679909497801126,0.020856180717006453,0.06108399015177009,0.5943393956432925,0.4870831170795013,0.783756544598018,3.398397608141043e-05,0.02048975512243878,0.8440779610194903,2000,6.104529036845947e-05,0.00031481498369060484,0.037500117865595504,0.19339082381288591,1.0,1.0
morph_vt_1gram,Mischgedicht,45,2879,0.015389876880984952,0.020523959008707945,0.00965475931646326,0.04990660738051568,0.6092277411138126,0.4780921543780056,0.8163684483863631,0.005899537910930957,0.038980509745127435,0.7831084457771115,2000,0.01271678171911784,0.06558136434992756,0.08402465433949691,0.4333212279904988,1.0,1.0
morph_vt_1gram,Thronbesteigungslied,21,2097,0.009915014164305949,0.015346952492168536,0.003612153056871292,0.06270955543864257,0.5345731998092513,0.2676368158419769,0.8645815669976157,0.2926027435141805,0.2958520739630185,0.9920039980009995,2000,0.3051878077513495,1.0,0.311930991026226,1.0,1.0,1.0
morph_vt_1gram,Wallfahrtslied,0,305,0.0,nan,nan,nan,nan,nan,nan,nan,nan,0.0004997501249375312,2000,nan,nan,nan,nan,0.0004997501249375312,0.002577247589158399
morph_vt_1gram,Weisheitsgedicht,55,3254,0.01662133575098217,0.024407676786184017,0.00935573015710645,0.05376688683790555,0.6380119573112812,0.5228417014353519,0.8162196519206509,0.0002195460069113426,0.015492253873063468,0.6736631684157921,2000,0.0003969147461859745,0.0020469180929911504,0.030668339299737887,0.15815884695100627,1.0,1.0
morph_vt_1gram,Zionslied,15,1805,0.008241758241758242,0.017836493735228522,0.00565339626863799,0.04290337610573571,0.7270360110803324,0.512359723703043,0.896633541664124,0.0012132811632273844,0.009495252373813094,0.42528735632183906,2000,0.002220533449680307,0.011451451824148145,0.02192951143475881,0.11309207873378406,0.7195188120225602,1.0
morph_vt_1gram,prophetische Gerichtsrede,1,605,0.0016501650165016502,0.008620689655172414,nan,nan,0.8115702479338843,nan,nan,0.14125912349880726,0.1497995991983968,0.2783608195902049,2000,0.7811299501170966,1.0,0.735296680317156,1.0,1.0,1.0
morph_vt_1gram,"prophetische Schelt-, Droh- und Mahnrede",21,2088,0.00995732574679943,0.009158714395019536,0.0031091597725996043,0.02460969558168333,0.4315134099616858,0.26244850538127584,0.884824610069463,0.8603045921766707,0.809095452273863,1.0,2000,0.9904531834126397,1.0,0.9838981608097049,1.0,1.0,1.0
morph_vt_1gram,prophetische Tora,0,304,0.0,nan,nan,nan,nan,nan,nan,nan,nan,0.0004997501249375312,2000,nan,nan,nan,nan,0.0004997501249375312,0.002577247589158399
morph_vt_1gram,prophetisches Stück,28,2381,0.011623080116230802,0.011389560460230621,0.004438027656506792,0.03142296389220073,0.45848833023339536,0.3654728989887843,0.9279098112371995,0.7753151915761878,0.7126436781609196,1.0,2000,0.9975015437452767,1.0,0.9930034982508745,1.0,1.0,1.0
morph_vt_1gram_psalm,Danklied Israels,6,1206,0.0049504950495049506,0.004165089778872264,0.0017328683232804318,0.010173175712623668,0.33195135433941403,0.01695783772573781,0.842492061966143,0.9225682843097288,0.9510244877561219,1.0,2000,0.9622723208019656,1.0,0.9855019298861208,1.0,1.0,1.0
morph_vt_1gram_psalm,Danklied des Einzelnen,276,6760,0.03922683342808414,0.04988898436792473,0.02835675937607059,0.06978611902853289,0.5703319290798388,0.48719090623550265,0.6603335161099645,3.63477510299252e-05,0.021989005497251374,0.9155422288855573,2000,0.0002038277447189605,0.0010511544419247497,0.14827880177558278,0.7646845199832332,1.0,1.0
morph_vt_1gram_psalm,Fluch,1,608,0.0016420361247947454,0.0038314176245210726,nan,nan,0.609375,nan,nan,0.35361429582208714,0.3346693386773547,0.775112443778111,2000,0.9192378014665723,1.0,0.9639278557114228,1.0,1.0,1.0
morph_vt_1gram_psalm,Hymnus,2850,17485,0.140152446520777,0.1626750124436595,0.0988398755124747,0.26563563483669556,0.4934612826031335,0.44327060336725504,0.5623015979135273,0.8689201641293335,0.6156921539230384,1.0,2000,1.0,1.0,1.0,1.0,1.0,1.0
morph_vt_1gram_psalm,Klagelied des Einzelnen,4095,19594,0.17286504284689097,0.21244303249204682,0.14378738341963243,0.27865053756067326,0.5753877024725244,0.5267266417445222,0.6291013337863194,1.8055198553203843e-52,0.0004997501249375312,0.9020489755122438,2000,3.726285658852708e-52,1.921672502231811e-51,0.00098930126773348,0.0051018982887421375,1.0,1.0
morph_vt_1gram_psalm,Klagelied des Volkes,406,8034,0.0481042654028436,0.04473840887853139,0.017494430269050048,0.06701986395522576,0.47484919388166796,0.42499658643012617,0.5384506344222356,0.9566149986472277,0.7901049475262368,1.0,2000,0.9999998289335992,1.0,0.9701288596208225,1.0,1.0,1.0
morph_vt_1gram_psalm,Königspsalm,45,2964,0.014955134596211365,0.03012129462306852,0.00990926553940968,0.09630592477617174,0.6252436647173489,0.49667978511930005,0.9181219896153087,0.0019382481235357219,0.01649175412293853,0.7206396801599201,2000,0.004087175390934022,0.021077859508427246,0.04101795256218045,0.2115325521255394,1.0,1.0
morph_vt_1gram_psalm,Liturgie,153,5161,0.028791870530673693,0.03075417356669432,0.012690174886526342,0.04811538458511305,0.5175062339086639,0.4270392247441942,0.6396625608556562,0.22990866896173262,0.2908545727136432,1.0,2000,0.32795795425423624,1.0,0.41489549342975574,1.0,1.0,1.0
morph_vt_1gram_psalm,Mischgedicht,45,2879,0.015389876880984952,0.013832087797764354,0.007097913565079254,0.02607983317953662,0.45102080197599476,0.3382621834479009,0.5805958975332854,0.8706138093585012,0.7986006996501749,1.0,2000,0.9162195929058479,1.0,0.8442002403053792,1.0,1.0,1.0
morph_vt_1gram_psalm,Thronbesteigungslied,21,2097,0.009915014164305949,0.10202231341796911,0.004609503762392451,0.3863502084970869,0.6346254286168449,0.2765609974829402,0.9068068041412103,0.016756335486733175,0.03648175912043978,0.688655672163918,2000,0.022574507530737753,0.11641837031517402,0.05693978407621586,0.29364259039649193,0.8995628767894535,1.0
morph_vt_1gram_psalm,Wallfahrtslied,0,305,0.0,nan,nan,nan,nan,nan,nan,nan,nan,0.0004997501249375312,2000,nan,nan,nan,nan,0.0004997501249375312,0.002577247589158399
morph_vt_1gram_psalm,Weisheitsgedicht,55,3254,0.01662133575098217,0.01574238203254108,0.00619721355818714,0.02970111825335631,0.48647259317204,0.3904162386614423,0.673170569090444,0.634820995208783,0.5657171414292853,1.0,2000,0.7602177350031105,1.0,0.6774637372671688,1.0,1.0,1.0
morph_vt_1gram_psalm,Zionslied,15,1805,0.008241758241758242,0.020754884496822962,0.004507206494577258,0.07784863466633472,0.74797783933518,0.44826992889640277,0.9462403398930218,0.0004627628665340226,0.006496751624187906,0.41579210394802596,2000,0.0010948292208243949,0.005646113585789591,0.01939030484757621,0.0999972064593459,0.7195188120225602,1.0
morph_vt_1gram_psalm,prophetische Gerichtsrede,1,605,0.0016501650165016502,0.006172839506172839,nan,nan,0.7355371900826446,nan,nan,0.20837305102082387,0.22695390781563127,0.4352823588205897,2000,0.7811299501170966,1.0,0.735296680317156,1.0,1.0,1.0
morph_vt_1gram_psalm,"prophetische Schelt-, Droh- und Mahnrede",21,2088,0.00995732574679943,0.03859485196964773,0.004277400872294377,0.23354503338779836,0.5250752599890531,0.3046966345733471,0.9881791458128034,0.34612215258688284,0.3188405797101449,0.9960019990004998,2000,0.9904531834126397,1.0,0.9838981608097049,1.0,1.0,1.0
morph_vt_1gram_psalm,prophetische Tora,0,304,0.0,nan,nan,nan,nan,nan,nan,nan,nan,0.0004997501249375312,2000,nan,nan,nan,nan,0.0004997501249375312,0.002577247589158399
morph_vt_1gram_psalm,prophetisches Stück,28,2381,0.011623080116230802,0.021476590212713094,0.005621548059104239,0.10367013106870146,0.6584043319133618,0.47323878404527314,0.884137192446765,0.0019507300667200502,0.01999000499750125,0.6221889055472264,2000,0.028418959105693545,0.1465586303769212,0.2948942195568882,1.0,1.0,1.0
morph_vt_sp_plus,Danklied Israels,6,1206,0.0049504950495049506,0.0066191884961056685,0.0023873221029228433,0.02531645569620253,0.4380873410724157,0.1159693439466196,0.9425607752424692,0.7000043525934637,0.6591704147926037,1.0,2000,0.9622723208019656,1.0,0.9855019298861208,1.0,1.0,1.0
morph_vt_sp_plus,Danklied des Einzelnen,276,6760,0.03922683342808414,0.03926123510191007,0.024252356375851193,0.06900626824711172,0.48384679701569333,0.3924139386848532,0.6293164581926572,0.8188922229616169,0.6551724137931034,1.0,2000,0.9303560800544474,1.0,0.7335998667333,1.0,1.0,1.0
morph_vt_sp_plus,Fluch,1,608,0.0016420361247947454,0.0023584905660377358,nan,nan,0.3042763157894737,nan,nan,0.7516651182003518,0.7580160320641283,1.0,2000,0.9192378014665723,1.0,0.9639278557114228,1.0,1.0,1.0
morph_vt_sp_plus,Hymnus,2850,17485,0.140152446520777,0.13371877147789185,0.09731955003243645,0.1875630076741744,0.47846047489326693,0.4298688970683661,0.5115851400825111,0.9998894476568355,0.8140929535232384,1.0,2000,1.0,1.0,1.0,1.0,1.0,1.0
morph_vt_sp_plus,Klagelied des Einzelnen,4095,19594,0.17286504284689097,0.20824356265079208,0.14580749891826936,0.2737708466362438,0.5397797075504537,0.4950426558918532,0.5830764061063989,5.300192413611505e-16,0.04397801099450275,0.9950024987506247,2000,7.344552344575943e-16,3.7876388376835545e-15,0.06008263473896854,0.30985049888811406,1.0,1.0
morph_vt_sp_plus,Klagelied des Volkes,406,8034,0.0481042654028436,0.046555816149357616,0.028337445584722898,0.06590450446640662,0.5070654153345817,0.4115819912858304,0.6606907740148961,0.3152166036850179,0.4057971014492754,1.0,2000,0.5271725958180472,1.0,0.6536409214747465,1.0,1.0,1.0
morph_vt_sp_plus,Königspsalm,45,2964,0.014955134596211365,0.03504550662568429,0.013342359451110978,0.10994201523919996,0.7022792022792023,0.5641347965352087,0.9231209643707815,1.5475824428730896e-06,0.001999000499750125,0.47226386806596704,2000,1.0722535497049264e-05,5.529689214763058e-05,0.015148675662168916,0.07812281754636398,1.0,1.0
morph_vt_sp_plus,Liturgie,153,5161,0.028791870530673693,0.03941009159502275,0.022340724355902276,0.06751019093533717,0.6258350398222972,0.5194664500064022,0.7886231497108438,5.3876876208330215e-08,0.0079960019990005,0.7341329335332334,2000,1.685824836196139e-07,8.693920777654535e-07,0.018037492881466242,0.09302065717148456,1.0,1.0
morph_vt_sp_plus,Mischgedicht,45,2879,0.015389876880984952,0.03041788587994608,0.012083693343203687,0.06907577973189906,0.6940565782872139,0.542796778158333,0.8762000483148924,3.842458633853972e-06,0.004997501249375313,0.4962518740629685,2000,2.8670652883371947e-05,0.00014785663341755859,0.03029735132433783,0.15624563509272796,1.0,1.0
morph_vt_sp_plus,Thronbesteigungslied,21,2097,0.009915014164305949,0.026852486239277447,0.006320827850113618,0.16714168356687895,0.6627381520085383,0.3869680170984137,0.9144163030711917,0.005088401917615436,0.02848575712143928,0.591704147926037,2000,0.008365677728960972,0.04314240594004019,0.046832515945417125,0.24151867661791165,0.8995628767894535,1.0
morph_vt_sp_plus,Wallfahrtslied,0,305,0.0,nan,nan,nan,nan,nan,nan,nan,nan,0.0004997501249375312,2000,nan,nan,nan,nan,0.0004997501249375312,0.002577247589158399
morph_vt_sp_plus,Weisheitsgedicht,55,3254,0.01662133575098217,0.023697276131000075,0.010361240656652067,0.04510327152189025,0.6512488126501649,0.5452237692242946,0.830506275084079,5.8441913249225014e-05,0.013993003498250875,0.6326836581709145,2000,0.00012388269397520515,0.0006388720251464764,0.028879177432560316,0.1489320096203024,1.0,1.0
morph_vt_sp_plus,Zionslied,15,1805,0.008241758241758242,0.05942172763086172,0.010402660572507017,0.532752475375668,0.7112280701754385,0.5207832144721817,0.9717729353046286,0.0023922324899996214,0.019490254872563718,0.44877561219390305,2000,0.003683278595713703,0.01899493448288475,0.029539917541229383,0.15233949421540974,0.7195188120225602,1.0
morph_vt_sp_plus,prophetische Gerichtsrede,1,605,0.0016501650165016502,0.009174311926605505,nan,nan,0.8231404958677686,nan,nan,0.13249195412710674,0.12424849699398798,0.24087956021989004,2000,0.7811299501170966,1.0,0.735296680317156,1.0,1.0,1.0
morph_vt_sp_plus,"prophetische Schelt-, Droh- und Mahnrede",21,2088,0.00995732574679943,0.010440330777177428,0.0036555784873607755,0.03803747165678796,0.47628170041963147,0.29167776844772486,0.7079201396358108,0.6460687671945862,0.5892053973013494,1.0,2000,0.9904531834126397,1.0,0.9838981608097049,1.0,1.0,1.0
morph_vt_sp_plus,prophetische Tora,0,304,0.0,nan,nan,nan,nan,nan,nan,nan,nan,0.0004997501249375312,2000,nan,nan,nan,nan,0.0004997501249375312,0.002577247589158399
morph_vt_sp_plus,prophetisches Stück,28,2381,0.011623080116230802,0.009763209703268608,0.004232162210938749,0.01873489883354476,0.41932411351772964,0.2963915198634537,0.7069378408242394,0.9292226154356071,0.889055472263868,1.0,2000,0.9975015437452767,1.0,0.9930034982508745,1.0,1.0,1.0
morph_vt_sp_plus_psalm,Danklied Israels,6,1206,0.0049504950495049506,0.004290264295890285,0.0016039657672387,0.008924373527604189,0.3542012161415147,0.023745251828205957,0.852194865103411,0.891449245008419,0.9035482258870565,1.0,2000,0.9622723208019656,1.0,0.9855019298861208,1.0,1.0,1.0
morph_vt_sp_plus_psalm,Danklied des Einzelnen,276,6760,0.03922683342808414,0.04846899391386258,0.02768717587486994,0.06299643871623588,0.5761362661864334,0.513302439740658,0.6485244644425202,8.746949139258049e-06,0.022988505747126436,0.9070464767616192,2000,7.07045055423359e-05,0.00036462825591969535,0.14827880177558278,0.7646845199832332,1.0,1.0
morph_vt_sp_plus_psalm,Fluch,1,608,0.0016420361247947454,0.0023094688221709007,nan,nan,0.3248355263157895,nan,nan,0.7286962843209387,0.7144288577154309,1.0,2000,0.9192378014665723,1.0,0.9639278557114228,1.0,1.0,1.0
morph_vt_sp_plus_psalm,Hymnus,2850,17485,0.140152446520777,0.16961293849042253,0.09991054952221183,0.2786170260042682,0.5022667248619117,0.4502871916396353,0.5786978264686864,0.3487463523650044,0.4357821089455272,1.0,2000,1.0,1.0,1.0,1.0,1.0,1.0
morph_vt_sp_plus_psalm,Klagelied des Einzelnen,4095,19594,0.17286504284689097,0.2285861261775493,0.15743413364120876,0.29953056077565715,0.6034022587712493,0.5530406368237635,0.679463730843829,8.225268520917004e-97,0.0004997501249375312,0.8035982008995503,2000,3.3243793605372893e-96,1.714406513347773e-95,0.00098930126773348,0.0051018982887421375,1.0,1.0
morph_vt_sp_plus_psalm,Klagelied des Volkes,406,8034,0.0481042654028436,0.04287863397343736,0.016673367601184333,0.06636192104889375,0.45014154743816615,0.37059694192694637,0.5032752119714251,0.9996570906199547,0.9430284857571214,1.0,2000,0.9999998289335992,1.0,0.9900049975012494,1.0,1.0,1.0
morph_vt_sp_plus_psalm,Königspsalm,45,2964,0.014955134596211365,0.025435140672281947,0.007896026546053357,0.07110975766078788,0.5674538911381016,0.4172149136109764,0.7616784412792539,0.05992527686894875,0.11644177911044477,0.9300349825087456,2000,0.08726532055013686,0.4500335783469553,0.16857988915989766,0.8693786979487907,1.0,1.0
morph_vt_sp_plus_psalm,Liturgie,153,5161,0.028791870530673693,0.02913212824780021,0.011888264280793323,0.04810149586377563,0.4932139360943628,0.39218173784744564,0.5950362184061454,0.612774558825357,0.527736131934033,1.0,2000,0.8255435028619393,1.0,0.7109778444111279,1.0,1.0,1.0
morph_vt_sp_plus_psalm,Mischgedicht,45,2879,0.015389876880984952,0.017044342041713012,0.0084613619007272,0.03136381619705254,0.5128632627069585,0.3574025665954314,0.6080819822658432,0.38343518618160016,0.3853073463268366,1.0,2000,0.4535757690196977,1.0,0.45579039748418476,1.0,1.0,1.0
morph_vt_sp_plus_psalm,Thronbesteigungslied,21,2097,0.009915014164305949,0.1598293134477547,0.007005000999649548,0.7454474780797065,0.6395531030724164,0.251504518224561,0.9817551741362803,0.013772834021946255,0.04397801099450275,0.6661669165417291,2000,0.019085212858982667,0.09842382497760531,0.06163346897979582,0.31784826338863514,0.8995628767894535,1.0
morph_vt_sp_plus_psalm,Wallfahrtslied,0,305,0.0,nan,nan,nan,nan,nan,nan,nan,nan,0.0004997501249375312,2000,nan,nan,nan,nan,0.0004997501249375312,0.002577247589158399
morph_vt_sp_plus_psalm,Weisheitsgedicht,55,3254,0.01662133575098217,0.014692034629957659,0.004912133274248422,0.029539328966767853,0.4508465105883668,0.36500670182204825,0.5949625961232685,0.8947398029480299,0.8025987006496752,1.0,2000,0.9826357750583733,1.0,0.8896404070691927,1.0,1.0,1.0
morph_vt_sp_plus_psalm,Zionslied,15,1805,0.008241758241758242,0.03409963146408808,0.004798903397102233,0.24083309829006935,0.6535364727608495,0.26628293398695346,0.9450332699856064,0.020149106093081185,0.044977511244377814,0.6156921539230384,2000,0.025057221679857373,0.12922190699500538,0.05740550777242958,0.29604436122832667,0.7656684478273683,1.0
morph_vt_sp_plus_psalm,prophetische Gerichtsrede,1,605,0.0016501650165016502,0.0047169811320754715,nan,nan,0.6528925619834711,nan,nan,0.2994071946954037,0.2940881763527054,0.6181909045477262,2000,0.7901828987670438,1.0,0.735296680317156,1.0,1.0,1.0
morph_vt_sp_plus_psalm,"prophetische Schelt-, Droh- und Mahnrede",21,2088,0.00995732574679943,0.02152430178411656,0.002715619688096282,0.11307463419301123,0.4577403758438241,0.193512157854977,0.7457183349038639,0.7477881631145671,0.6906546726636682,1.0,2000,0.9904531834126397,1.0,0.9838981608097049,1.0,1.0,1.0
morph_vt_sp_plus_psalm,prophetische Tora,0,304,0.0,nan,nan,nan,nan,nan,nan,nan,nan,0.0004997501249375312,2000,nan,nan,nan,nan,0.0004997501249375312,0.002577247589158399
morph_vt_sp_plus_psalm,prophetisches Stück,28,2381,0.011623080116230802,0.017729743653560483,0.005031974359534279,0.09952061761677441,0.5635687286254275,0.3443745569352889,0.7275997582803722,0.12341288168580694,0.1634182908545727,0.9400299850074962,2000,0.654725797715215,1.0,0.7925787106446776,1.0,1.0,1.0
sp_1_2_3gram,Danklied Israels,6,1206,0.0049504950495049506,0.006520727846660164,0.002614778165801553,0.02175223944451186,0.4635157545605307,0.23235412195305324,0.9215744442569991,0.621441629117498,0.5637181409295352,1.0,2000,0.9622723208019656,1.0,0.9855019298861208,1.0,1.0,1.0
sp_1_2_3gram,Danklied des Einzelnen,276,6760,0.03922683342808414,0.040104936099947926,0.025196121074824794,0.06563181722268617,0.49371462567532803,0.3703694407437612,0.6487058382773484,0.6385356859740876,0.5427286356821589,1.0,2000,0.836999480263331,1.0,0.7084919078922077,1.0,1.0,1.0
sp_1_2_3gram,Fluch,1,608,0.0016420361247947454,0.0025,nan,nan,0.34375,nan,nan,0.7065116340895808,0.7349699398797596,1.0,2000,0.9192378014665723,1.0,0.9639278557114228,1.0,1.0,1.0
sp_1_2_3gram,Hymnus,2850,17485,0.140152446520777,0.12417362504260294,0.09150968202203952,0.1679355088943773,0.4522298009822956,0.4094068936905133,0.4861687178270732,0.9999999999999999,0.9760119940029985,1.0,2000,1.0,1.0,1.0,1.0,1.0,1.0
sp_1_2_3gram,Klagelied des Einzelnen,4095,19594,0.17286504284689097,0.19485175361576668,0.1365472837280531,0.25576291599620526,0.5153473883697421,0.4668091008561129,0.5826188053468789,0.0009871362436283564,0.255872063968016,1.0,2000,0.001126496654493536,0.005809424834763925,0.2919951788811476,1.0,1.0,1.0
sp_1_2_3gram,Klagelied des Volkes,406,8034,0.0481042654028436,0.04604954432845451,0.028286266150436935,0.06603699386665399,0.5081387477604418,0.39783657141988915,0.6678774586601957,0.2897185909465329,0.40679660169915044,1.0,2000,0.5018339878895303,1.0,0.6536409214747465,1.0,1.0,1.0
sp_1_2_3gram,Königspsalm,45,2964,0.014955134596211365,0.0291776575427555,0.013051785162248485,0.06013221495772891,0.725506072874494,0.6025998034160649,0.8778887675163111,9.964153968557729e-08,0.0009995002498750624,0.38130934532733635,2000,1.5928520189771383e-06,8.21445322561563e-06,0.015148675662168916,0.07812281754636398,1.0,1.0
sp_1_2_3gram,Liturgie,153,5161,0.028791870530673693,0.03486186167438803,0.020879779485802656,0.055683676119569266,0.6198727763404012,0.5092012767647092,0.7908911194859197,2.081040832965158e-07,0.01199400299850075,0.7666166916541729,2000,5.60724891104501e-07,2.8916988744341422e-06,0.024237881059470265,0.12499650807418236,1.0,1.0
sp_1_2_3gram,Mischgedicht,45,2879,0.015389876880984952,0.042724926926360596,0.017159392308321884,0.08675335249372122,0.7754582995638918,0.5940647118873206,0.9065611247234203,1.0734227791393549e-10,0.0004997501249375312,0.2673663168415792,2000,1.0412200957651743e-08,5.36964744516974e-08,0.013850217748268723,0.07142657604238992,1.0,1.0
sp_1_2_3gram,Thronbesteigungslied,21,2097,0.009915014164305949,0.01745812697598026,0.005910736867789859,0.05345878930191703,0.6455480618570747,0.43938499034511364,0.9328820257915876,0.010772380797883504,0.04447776111944028,0.6561719140429785,2000,0.016271721920441608,0.08391444843791893,0.06163346897979582,0.31784826338863514,0.8995628767894535,1.0
sp_1_2_3gram,Wallfahrtslied,0,305,0.0,nan,nan,nan,nan,nan,nan,nan,nan,0.0004997501249375312,2000,nan,nan,nan,nan,0.0004997501249375312,0.002577247589158399
sp_1_2_3gram,Weisheitsgedicht,55,3254,0.01662133575098217,0.024874224790163792,0.009908949791392375,0.05446686058257459,0.6282393697267699,0.5078427264144415,0.8820699974568564,0.000544486788732954,0.02848575712143928,0.7311344327836082,2000,0.000926582780826255,0.004778454509318342,0.046832515945417125,0.24151867661791165,1.0,1.0
sp_1_2_3gram,Zionslied,15,1805,0.008241758241758242,0.014293581309652552,0.005151632409555098,0.04229107173425086,0.63865189289012,0.43066815089751387,0.900304471579543,0.03202917449334702,0.07896051974012994,0.688655672163918,2000,0.038355925010551364,0.1978042832420311,0.09340451725356834,0.4816938603834345,0.8330649490069779,1.0
sp_1_2_3gram,prophetische Gerichtsrede,1,605,0.0016501650165016502,0.006666666666666667,nan,nan,0.7553719008264462,nan,nan,0.18934350090158458,0.14278557114228457,0.31134432783608196,2000,0.7811299501170966,1.0,0.735296680317156,1.0,1.0,1.0
sp_1_2_3gram,"prophetische Schelt-, Droh- und Mahnrede",21,2088,0.00995732574679943,0.03297297227395199,0.0055700537013767095,0.5,0.45564221857325304,0.31568225765749885,0.9441412702792892,0.7582416013264125,0.6941529235382309,1.0,2000,0.9904531834126397,1.0,0.9838981608097049,1.0,1.0,1.0
sp_1_2_3gram,prophetische Tora,0,304,0.0,nan,nan,nan,nan,nan,nan,nan,nan,0.0004997501249375312,2000,nan,nan,nan,nan,0.0004997501249375312,0.002577247589158399
sp_1_2_3gram,prophetisches Stück,28,2381,0.011623080116230802,0.008484852213421998,0.003930209410824712,0.016898817206631382,0.34593058138837224,0.19692179773416152,0.7645228093990393,0.9975015437452767,0.9930034982508745,1.0,2000,0.9975015437452767,1.0,0.9930034982508745,1.0,1.0,1.0
sp_1_2_3gram_psalm,Danklied Israels,6,1206,0.0049504950495049506,0.004292032745785098,0.0016882357337080882,0.011191924267819148,0.31592039800995025,0.03461088395468989,0.8141500264754039,0.9404022956690408,0.9550224887556222,1.0,2000,0.9622723208019656,1.0,0.9855019298861208,1.0,1.0,1.0
sp_1_2_3gram_psalm,Danklied des Einzelnen,276,6760,0.03922683342808414,0.04928263442156484,0.030113409202504195,0.06557787605473923,0.5922045171940656,0.5202036629365987,0.6555416149767267,9.912194824223996e-08,0.02148925537231384,0.8665667166416792,2000,1.3735469970710396e-06,7.083481344280987e-06,0.14827880177558278,0.7646845199832332,1.0,1.0
sp_1_2_3gram_psalm,Fluch,1,608,0.0016420361247947454,0.0025974025974025974,nan,nan,0.40131578947368424,nan,nan,0.6346689586094765,0.6678356713426854,1.0,2000,0.9192378014665723,1.0,0.9639278557114228,1.0,1.0,1.0
sp_1_2_3gram_psalm,Hymnus,2850,17485,0.140152446520777,0.17193086250399783,0.10207129877605693,0.26206945367707807,0.527290509659909,0.47115736820251136,0.6133155752240406,1.4353436721247816e-06,0.13393303348325838,0.999000499750125,2000,9.281889079740254e-06,4.7867374233446086e-05,0.7217502359931147,1.0,1.0,1.0
sp_1_2_3gram_psalm,Klagelied des Einzelnen,4095,19594,0.17286504284689097,0.2351868803933986,0.15707843177537578,0.28886805508110347,0.6047188824467583,0.5461834893605352,0.6761839079262777,3.101514246857709e-99,0.0004997501249375312,0.8250874562718641,2000,1.375234819790245e-98,7.092185568286019e-98,0.00098930126773348,0.0051018982887421375,1.0,1.0
sp_1_2_3gram_psalm,Klagelied des Volkes,406,8034,0.0481042654028436,0.04132683056742968,0.013643506194140476,0.07576495929002305,0.44913382287838266,0.31320097343610587,0.5278251759247756,0.9997337061655956,0.9190404797601199,1.0,2000,0.9999998289335992,1.0,0.9900049975012494,1.0,1.0,1.0
sp_1_2_3gram_psalm,Königspsalm,45,2964,0.014955134596211365,0.014545622913919889,0.0020167957614535634,0.03623240352374457,0.5034562902983956,0.21090560652818757,0.6570509589222306,0.46827156659108127,0.44627686156921537,1.0,2000,0.5355560327617546,1.0,0.5073044872912381,1.0,1.0,1.0
sp_1_2_3gram_psalm,Liturgie,153,5161,0.028791870530673693,0.02044149967495074,0.007355371527269992,0.03461895697188584,0.3630914614764074,0.2579285182113405,0.4342261272909857,0.9999999962821108,0.9995002498750625,1.0,2000,0.9999999962821108,1.0,0.9995002498750625,1.0,1.0,1.0
sp_1_2_3gram_psalm,Mischgedicht,45,2879,0.015389876880984952,0.01612736702572695,0.004944131514754877,0.02455262920402399,0.5302111072517464,0.37177854425316625,0.6505496306643228,0.24308286071882218,0.3168415792103948,0.999000499750125,2000,0.30622126610033445,1.0,0.3890333314355481,1.0,1.0,1.0
sp_1_2_3gram_psalm,Thronbesteigungslied,21,2097,0.009915014164305949,0.12247968143043088,0.005354462756969026,0.7555555555555555,0.5674319322387992,0.20058260139804812,0.9064588261523733,0.14350013654786775,0.19440279860069964,0.9575212393803099,2000,0.15466125827936858,0.797599310428451,0.2072205655414051,1.0,1.0,1.0
sp_1_2_3gram_psalm,Wallfahrtslied,0,305,0.0,nan,nan,nan,nan,nan,nan,nan,nan,0.0004997501249375312,2000,nan,nan,nan,nan,0.0004997501249375312,0.002577247589158399
sp_1_2_3gram_psalm,Weisheitsgedicht,55,3254,0.01662133575098217,0.013565271384805282,0.00386980539991338,0.02955403888590962,0.41710901268369,0.28872029288889445,0.5543735441698133,0.9826357750583733,0.9110444777611194,1.0,2000,0.9826357750583733,1.0,0.9435282358820589,1.0,1.0,1.0
sp_1_2_3gram_psalm,Zionslied,15,1805,0.008241758241758242,0.008823776442674711,0.0019724963888272363,0.025143390655395528,0.46971375807940907,0.15079801824015476,0.6917357204164084,0.6571892660783833,0.6226886556721639,1.0,2000,0.6640349876000332,1.0,0.6291749958354157,1.0,1.0,1.0
sp_1_2_3gram_psalm,prophetische Gerichtsrede,1,605,0.0016501650165016502,0.0027397260273972603,nan,nan,0.4,nan,nan,0.6363824215527567,0.6508016032064128,1.0,2000,0.7993302292188865,1.0,0.7698506769636834,1.0,1.0,1.0
sp_1_2_3gram_psalm,"prophetische Schelt-, Droh- und Mahnrede",21,2088,0.00995732574679943,0.01875089904425101,0.0022229892319632037,0.08709806821217866,0.42838898011311805,0.1716986572542127,0.5753178711334368,0.8709844656802626,0.8055972013993004,1.0,2000,0.9904531834126397,1.0,0.9838981608097049,1.0,1.0,1.0
sp_1_2_3gram_psalm,prophetische Tora,0,304,0.0,nan,nan,nan,nan,nan,nan,nan,nan,0.0004997501249375312,2000,nan,nan,nan,nan,0.0004997501249375312,0.002577247589158399
sp_1_2_3gram_psalm,prophetisches Stück,28,2381,0.011623080116230802,0.01227056037358993,0.003457846383656591,0.09427153852055542,0.40466190676186475,0.17537174736455508,0.551756852301442,0.9588241424083671,0.9095452273863068,1.0,2000,0.9975015437452767,1.0,0.9930034982508745,1.0,1.0,1.0
sp_1_2gram,Danklied Israels,6,1206,0.0049504950495049506,0.008179207834458354,0.0024129941218150744,0.035021419559708125,0.4683526810392482,0.1699275239384454,0.9736005438920788,0.6057831644430252,0.5467266366816592,1.0,2000,0.9622723208019656,1.0,0.9855019298861208,1.0,1.0,1.0
sp_1_2gram,Danklied des Einzelnen,276,6760,0.03922683342808414,0.039526389240558915,0.025123191234856124,0.06436945406617113,0.4970076537175199,0.37968616067390015,0.6339047869511054,0.5670234854581624,0.5182408795602199,1.0,2000,0.8088423248447316,1.0,0.7084919078922077,1.0,1.0,1.0
sp_1_2gram,Fluch,1,608,0.0016420361247947454,0.002770083102493075,nan,nan,0.40789473684210525,nan,nan,0.6260398627363082,0.6317635270541082,1.0,2000,0.9192378014665723,1.0,0.9639278557114228,1.0,1.0,1.0
sp_1_2gram,Hymnus,2850,17485,0.140152446520777,0.13026817980847458,0.09593813622556398,0.18468450963092756,0.47095790376713875,0.42875250849209623,0.49645258423008864,0.999999682302208,0.8830584707646177,1.0,2000,1.0,1.0,1.0,1.0,1.0,1.0
sp_1_2gram,Klagelied des Einzelnen,4095,19594,0.17286504284689097,0.20380706818749472,0.14188407234214154,0.2679774068541118,0.5243081938192686,0.4705066430347099,0.5752847478884136,4.77724208428981e-07,0.14792603698150925,0.9995002498750625,2000,5.940929258668098e-07,3.0637802464135163e-06,0.17936031984007994,0.9249741597489495,1.0,1.0
sp_1_2gram,Klagelied des Volkes,406,8034,0.0481042654028436,0.04780083837208014,0.028243880579584796,0.06906645025902695,0.5175038107746511,0.4177420325450816,0.6792142972083741,0.11664399132737513,0.32233883058470764,1.0,2000,0.23090749303582422,1.0,0.6050148002921617,1.0,1.0,1.0
sp_1_2gram,Königspsalm,45,2964,0.014955134596211365,0.028588731457617957,0.01125486280759166,0.06858415036757137,0.7012295696506223,0.556187592788558,0.8535492571206785,1.740382833839464e-06,0.0024987506246876563,0.4687656171914043,2000,1.1254475658828534e-05,5.8040146088174415e-05,0.015148675662168916,0.07812281754636398,1.0,1.0
sp_1_2gram,Liturgie,153,5161,0.028791870530673693,0.03446395013236225,0.020428679369550198,0.05570295087289757,0.6092298574147736,0.5046309188654716,0.7693737758723616,1.9939438415009406e-06,0.018490754622688656,0.816591704147926,2000,4.1151606941615156e-06,2.1222181744032368e-05,0.03516869016472156,0.18136748230371558,1.0,1.0
sp_1_2gram,Mischgedicht,45,2879,0.015389876880984952,0.03807838179103083,0.015741085281734814,0.07773903039506454,0.7550808536914824,0.5825698012576254,0.8975753899391412,2.043166549134881e-09,0.0004997501249375312,0.3363318340829585,2000,4.8750263184282874e-08,2.514086380233235e-07,0.013850217748268723,0.07142657604238992,1.0,1.0
sp_1_2gram,Thronbesteigungslied,21,2097,0.009915014164305949,0.02198412575992713,0.005770707174088554,0.09754581921615936,0.6584008901605468,0.45395277501285075,0.9658572676025838,0.006187444978760833,0.030984507746126936,0.6146926536731634,2000,0.009839051851472144,0.05074070300028594,0.05009162085623855,0.25832611668664357,0.8995628767894535,1.0
sp_1_2gram,Wallfahrtslied,0,305,0.0,nan,nan,nan,nan,nan,nan,nan,nan,0.0004997501249375312,2000,nan,nan,nan,nan,0.0004997501249375312,0.002577247589158399
sp_1_2gram,Weisheitsgedicht,55,3254,0.01662133575098217,0.023141434242626054,0.009524849542278927,0.05183586708559894,0.6119573112812203,0.4984204884538562,0.842945332671561,0.002174101966771854,0.046476761619190406,0.8050974512743628,2000,0.0034571785373257347,0.017828920106276434,0.07155945836605507,0.3690373095523479,1.0,1.0
sp_1_2gram,Zionslied,15,1805,0.008241758241758242,0.016863430904207652,0.004937616020972449,0.06232100536500508,0.6426408125577101,0.4482988608826253,0.9385043534246297,0.02838646801333442,0.07596201899050475,0.679160419790105,2000,0.03441859246616798,0.1774991741457694,0.09156532844688767,0.4722090305024667,0.8330649490069779,1.0
sp_1_2gram,prophetische Gerichtsrede,1,605,0.0016501650165016502,0.006666666666666667,nan,nan,0.7553719008264462,nan,nan,0.18934349447464066,0.1653306613226453,0.335832083958021,2000,0.7811299501170966,1.0,0.735296680317156,1.0,1.0,1.0
sp_1_2gram,"prophetische Schelt-, Droh- und Mahnrede",21,2088,0.00995732574679943,0.033795112526324264,0.005339911813050084,0.5,0.45552818828680897,0.3262824663096761,0.9398568635374329,0.7588032680314655,0.6996501749125438,1.0,2000,0.9904531834126397,1.0,0.9838981608097049,1.0,1.0,1.0
sp_1_2gram,prophetische Tora,0,304,0.0,nan,nan,nan,nan,nan,nan,nan,nan,0.0004997501249375312,2000,nan,nan,nan,nan,0.0004997501249375312,0.002577247589158399
sp_1_2gram,prophetisches Stück,28,2381,0.011623080116230802,0.00871170173211286,0.004003770143989716,0.017387603680095183,0.36759014819703606,0.24367177632693177,0.8380556246375266,0.9920804537051743,0.9845077461269365,1.0,2000,0.9975015437452767,1.0,0.9930034982508745,1.0,1.0,1.0
sp_1_2gram_psalm,Danklied Israels,6,1206,0.0049504950495049506,0.004352174336365472,0.0016165847348700415,0.010515606706079043,0.33803206191265894,0.04823370338238284,0.7839123546933142,0.9148236674460675,0.9370314842578711,1.0,2000,0.9622723208019656,1.0,0.9855019298861208,1.0,1.0,1.0
sp_1_2gram_psalm,Danklied des Einzelnen,276,6760,0.03922683342808414,0.04919634369609021,0.02778976706794144,0.06445093176783323,0.5769123574307521,0.5004999987632684,0.6425303459606744,7.176390649025715e-06,0.03548225887056472,0.9105447276361819,2000,6.418754242899129e-05,0.0003310198051472196,0.1811462689707778,0.9341844287649419,1.0,1.0
sp_1_2gram_psalm,Fluch,1,608,0.0016420361247947454,0.002386634844868735,nan,nan,0.3462171052631579,nan,nan,0.7036287455756843,0.7249498997995992,1.0,2000,0.9192378014665723,1.0,0.9639278557114228,1.0,1.0,1.0
sp_1_2gram_psalm,Hymnus,2850,17485,0.140152446520777,0.16621438869442112,0.10099912465500391,0.25057749354699804,0.5220049164948402,0.46964343734189945,0.600186167209326,8.049607064764263e-05,0.17841079460269865,0.9995002498750625,2000,0.0004337843807122964,0.0022370574685600755,0.786629412566444,1.0,1.0,1.0
sp_1_2gram_psalm,Klagelied des Einzelnen,4095,19594,0.17286504284689097,0.23571053216065485,0.1579338850399833,0.2902606649322821,0.6047175675990619,0.5485430152382558,0.6787740315128951,3.1190892819984937e-99,0.0004997501249375312,0.8075962018990505,2000,1.375234819790245e-98,7.092185568286019e-98,0.00098930126773348,0.0051018982887421375,1.0,1.0
sp_1_2gram_psalm,Klagelied des Volkes,406,8034,0.0481042654028436,0.0416986146554844,0.01424647844247708,0.07237267989655308,0.4512058357890296,0.34214767065690627,0.5204636576361854,0.9995542646451797,0.9205397301349325,1.0,2000,0.9999998289335992,1.0,0.9900049975012494,1.0,1.0,1.0
sp_1_2gram_psalm,Königspsalm,45,2964,0.014955134596211365,0.01496777123316526,0.002515728736807454,0.03601267111691202,0.5105338131653921,0.25932671748715647,0.6577423878513972,0.4040712858745203,0.4052973513243378,1.0,2000,0.4722278883111864,1.0,0.47366075998145507,1.0,1.0,1.0
sp_1_2gram_psalm,Liturgie,153,5161,0.028791870530673693,0.021516179540291475,0.008198449898506715,0.03606468940729594,0.3928837827193139,0.29104972336540513,0.45457517948935316,0.9999969492532391,0.9960019990004998,1.0,2000,0.9999999962821108,1.0,0.9995002498750625,1.0,1.0,1.0
sp_1_2gram_psalm,Mischgedicht,45,2879,0.015389876880984952,0.01607301434776648,0.006407295937645534,0.025577222642317324,0.5312840106518467,0.37068466620923474,0.6236863986910138,0.23540665621510798,0.29985007496251875,0.9980009995002499,2000,0.30045323227454573,1.0,0.3728904778380041,1.0,1.0,1.0
sp_1_2gram_psalm,Thronbesteigungslied,21,2097,0.009915014164305949,0.12569519424785772,0.005516021474347842,0.7555555555555555,0.5909576038331403,0.16805081529595225,0.9091208430179459,0.0754652940243861,0.13493253373313344,0.8585707146426786,2000,0.08511783163215643,0.43895882246309975,0.15219134618737143,0.784861794884401,0.9683878990737189,1.0
sp_1_2gram_psalm,Wallfahrtslied,0,305,0.0,nan,nan,nan,nan,nan,nan,nan,nan,0.0004997501249375312,2000,nan,nan,nan,nan,0.0004997501249375312,0.002577247589158399
sp_1_2gram_psalm,Weisheitsgedicht,55,3254,0.01662133575098217,0.01368088277965378,0.003943454399561494,0.0287432816339773,0.41890819690450914,0.30300678911004947,0.5474667807939475,0.9805707657540124,0.9205397301349325,1.0,2000,0.9826357750583733,1.0,0.9435282358820589,1.0,1.0,1.0
sp_1_2gram_psalm,Zionslied,15,1805,0.008241758241758242,0.015554906755540384,0.004041786327452734,0.07142590499312833,0.520904893813481,0.17565496755034446,0.8052415640490715,0.3901234210218502,0.3728135932033983,0.9995002498750625,2000,0.4069029230012846,1.0,0.3888485864594584,1.0,1.0,1.0
sp_1_2gram_psalm,prophetische Gerichtsrede,1,605,0.0016501650165016502,0.002932551319648094,nan,nan,0.4396694214876033,nan,nan,0.5837809292679546,0.5736472945891784,1.0,2000,0.7993302292188865,1.0,0.7519430753398689,1.0,1.0,1.0
sp_1_2gram_psalm,"prophetische Schelt-, Droh- und Mahnrede",21,2088,0.00995732574679943,0.01888927532540436,0.0023783049098980128,0.09905166089213369,0.4112388250319285,0.15091214468165318,0.5354867654845302,0.9195265512968704,0.8850574712643678,1.0,2000,0.9904531834126397,1.0,0.9838981608097049,1.0,1.0,1.0
sp_1_2gram_psalm,prophetische Tora,0,304,0.0,nan,nan,nan,nan,nan,nan,nan,nan,0.0004997501249375312,2000,nan,nan,nan,nan,0.0004997501249375312,0.002577247589158399
sp_1_2gram_psalm,prophetisches Stück,28,2381,0.011623080116230802,0.013110737215272379,0.0037556644170410824,0.09548477743683069,0.4509059818803624,0.24286921940596293,0.6139772447807812,0.814508385380881,0.736631684157921,1.0,2000,0.9975015437452767,1.0,0.9930034982508745,1.0,1.0,1.0
sp_1gram,Danklied Israels,6,1206,0.0049504950495049506,0.005544472394892192,0.0025477707006369425,0.01776455448722033,0.46061359867330015,0.21463751684362128,0.9403168347099423,0.6307436940986862,0.5697151424287856,1.0,2000,0.9622723208019656,1.0,0.9855019298861208,1.0,1.0,1.0
sp_1gram,Danklied des Einzelnen,276,6760,0.03922683342808414,0.03818797692086681,0.02465228955540817,0.06009813731454271,0.4950564381270903,0.40626487928139854,0.6100829159845109,0.6098243674929062,0.5352323838080959,1.0,2000,0.8352058589890635,1.0,0.7084919078922077,1.0,1.0,1.0
sp_1gram,Fluch,1,608,0.0016420361247947454,0.002304147465437788,nan,nan,0.2878289473684211,nan,nan,0.7693235418679811,0.7740480961923848,1.0,2000,0.9192378014665723,1.0,0.9639278557114228,1.0,1.0,1.0
sp_1gram,Hymnus,2850,17485,0.140152446520777,0.13830306431408754,0.10010486827725472,0.1887629023799863,0.4937605867686087,0.44724120763950515,0.5316975296010107,0.857675804216856,0.5877061469265368,1.0,2000,1.0,1.0,1.0,1.0,1.0,1.0
sp_1gram,Klagelied des Einzelnen,4095,19594,0.17286504284689097,0.22039569740638365,0.15374895652613668,0.3054688723949271,0.549254898867025,0.4841232754396827,0.5916162018438967,1.542435208200504e-23,0.014992503748125937,0.9820089955022488,2000,2.337753362428889e-23,1.2055963403950956e-22,0.022373428670280245,0.11538139206847603,1.0,1.0
sp_1gram,Klagelied des Volkes,406,8034,0.0481042654028436,0.04712628084141042,0.026482491779763695,0.06611540765956536,0.5059010290011294,0.4187836437568478,0.6499919749641118,0.3439056894398833,0.42778610694652675,1.0,2000,0.5530488402375738,1.0,0.658095194826829,1.0,1.0,1.0
sp_1gram,Königspsalm,45,2964,0.014955134596211365,0.02380892504103377,0.009222398357286608,0.05545957285828642,0.6329734592892488,0.4878309317130985,0.8343933104777324,0.001083863481988593,0.02448775612193903,0.7011494252873564,2000,0.0025455096699815213,0.013127377728938678,0.05508609331697787,0.284082972895869,1.0,1.0
sp_1gram,Liturgie,153,5161,0.028791870530673693,0.034902924653186104,0.019870191507836515,0.06015325817115135,0.5992632020191658,0.5029998582723731,0.7418712124254078,1.3874875949187978e-05,0.022988505747126436,0.8380809595202399,2000,2.5881980135985267e-05,0.00013347524608713535,0.04129416773094934,0.2129570137560144,1.0,1.0
sp_1gram,Mischgedicht,45,2879,0.015389876880984952,0.027323461098940426,0.01091178408352231,0.05367732275721865,0.6851414457180348,0.5248155795261537,0.8566206559032462,9.850821317449863e-06,0.0034982508745627187,0.5292353823088456,2000,5.972060423703979e-05,0.0003079834813692804,0.026102333448660288,0.13461162407988872,1.0,1.0
sp_1gram,Thronbesteigungslied,21,2097,0.009915014164305949,0.025567434071907945,0.006057752174278965,0.09282809788835675,0.7163748665894588,0.4797391397908982,0.9391730478209354,0.0003168227713786014,0.006496751624187906,0.45177411294352826,2000,0.0007146932284587056,0.003685724741466097,0.014655462966191322,0.0755792839518312,0.8995628767894535,1.0
sp_1gram,Wallfahrtslied,0,305,0.0,nan,nan,nan,nan,nan,nan,nan,nan,0.0004997501249375312,2000,nan,nan,nan,nan,0.0004997501249375312,0.002577247589158399
sp_1gram,Weisheitsgedicht,55,3254,0.01662133575098217,0.021244322377404368,0.008517143461802441,0.05626176583380924,0.5766944180588925,0.4765637443729186,0.7675946827822152,0.025379848509019448,0.10394802598700649,0.9170414792603698,2000,0.03674395978171472,0.18949126180887846,0.14612983363390766,0.7536021356356501,1.0,1.0
sp_1gram,Zionslied,15,1805,0.008241758241758242,0.04712972994385186,0.005440554780762954,0.29457393746809046,0.6569344413665743,0.46775404216731065,0.9773175915510302,0.018041994458908597,0.0559720139930035,0.6126936531734133,2000,0.022728226785897844,0.11721111164729094,0.06872513110533342,0.3544204785900867,0.7656684478273683,1.0
sp_1gram,prophetische Gerichtsrede,1,605,0.0016501650165016502,0.006756756756756757,nan,nan,0.7586776859504132,nan,nan,0.1862632413679532,0.19138276553106212,0.3663168415792104,2000,0.7811299501170966,1.0,0.735296680317156,1.0,1.0,1.0
sp_1gram,"prophetische Schelt-, Droh- und Mahnrede",21,2088,0.00995732574679943,0.011545573017909235,0.0032274793601252696,0.03645005622673577,0.48859697135559205,0.3133356942406823,0.7136296130055395,0.5715223904945799,0.5307346326836582,1.0,2000,0.9904531834126397,1.0,0.9838981608097049,1.0,1.0,1.0
sp_1gram,prophetische Tora,0,304,0.0,nan,nan,nan,nan,nan,nan,nan,nan,0.0004997501249375312,2000,nan,nan,nan,nan,0.0004997501249375312,0.002577247589158399
sp_1gram,prophetisches Stück,28,2381,0.011623080116230802,0.009793734704529555,0.0035000170620418623,0.020365384003244943,0.4103542929141417,0.29734894713752985,0.8080915819322788,0.9488131304945776,0.9145427286356822,1.0,2000,0.9975015437452767,1.0,0.9930034982508745,1.0,1.0,1.0
sp_1gram_psalm,Danklied Israels,6,1206,0.0049504950495049506,0.004574400041628009,0.0018205163548747907,0.010247960837246002,0.37396351575456055,0.07464310323426798,0.7981828458820831,0.8570290990984331,0.8670664667666167,1.0,2000,0.9622723208019656,1.0,0.9855019298861208,1.0,1.0,1.0
sp_1gram_psalm,Danklied des Einzelnen,276,6760,0.03922683342808414,0.04629301242264906,0.02768096636837579,0.0631952640672511,0.5606358802847097,0.492688194899057,0.6326788251571022,0.0003127552869844691,0.063968015992004,0.9535232383808095,2000,0.0014446315636901666,0.007450069602699964,0.22160348397229956,1.0,1.0,1.0
sp_1gram_psalm,Fluch,1,608,0.0016420361247947454,0.002257336343115124,nan,nan,0.3100328947368421,nan,nan,0.7454101558511445,0.751002004008016,1.0,2000,0.9192378014665723,1.0,0.9639278557114228,1.0,1.0,1.0
sp_1gram_psalm,Hymnus,2850,17485,0.140152446520777,0.17136076298619995,0.10258112378950378,0.2737433639690625,0.5241641306583588,0.4736130832457978,0.5973514631379244,1.7079445940627104e-05,0.1294352823588206,0.9985007496251874,2000,9.7453309190637e-05,0.0005025737736403216,0.7217502359931147,1.0,1.0,1.0
sp_1gram_psalm,Klagelied des Einzelnen,4095,19594,0.17286504284689097,0.2284537034948141,0.15464402476203273,0.29393573653780414,0.5985022015286382,0.54762708663145,0.6716549421434017,4.649899366403982e-88,0.0004997501249375312,0.823088455772114,2000,1.7347701482353316e-87,8.946335296749219e-87,0.00098930126773348,0.0051018982887421375,1.0,1.0
sp_1gram_psalm,Klagelied des Volkes,406,8034,0.0481042654028436,0.041543436862829825,0.015958192255854226,0.0675802816715434,0.44668073250262735,0.3626457696846175,0.5057906108180865,0.9998587587293336,0.9570214892553723,1.0,2000,0.9999998289335992,1.0,0.9900049975012494,1.0,1.0,1.0
sp_1gram_psalm,Königspsalm,45,2964,0.014955134596211365,0.015079620174588363,0.002343326437242012,0.03426636757194631,0.4896236317288949,0.312100619744616,0.6381295596182472,0.594589169223652,0.5482258870564718,1.0,2000,0.6265814039173263,1.0,0.5718054951019114,1.0,1.0,1.0
sp_1gram_psalm,Liturgie,153,5161,0.028791870530673693,0.02410429216885759,0.009195529879775819,0.04066493012189972,0.44145318141465717,0.34475615619819133,0.5350333536355197,0.9932834905342519,0.9340329835082459,1.0,2000,0.9999999962821108,1.0,0.9995002498750625,1.0,1.0,1.0
sp_1gram_psalm,Mischgedicht,45,2879,0.015389876880984952,0.01749289838133534,0.0065608019083637096,0.03244410413706723,0.5177723746671298,0.39651190054732355,0.6191987928236671,0.341031147523259,0.3633183408295852,1.0,2000,0.408395324811804,1.0,0.43508492667246623,1.0,1.0,1.0
sp_1gram_psalm,Thronbesteigungslied,21,2097,0.009915014164305949,0.13166872094574428,0.006575433016933229,0.7555555555555555,0.6430728705406817,0.1876470577317885,0.9545825612066658,0.01193259753958609,0.04297851074462768,0.6516741629185407,2000,0.017021499431468395,0.08778110536559958,0.06130758150336596,0.31616763806999065,0.8995628767894535,1.0
sp_1gram_psalm,Wallfahrtslied,0,305,0.0,nan,nan,nan,nan,nan,nan,nan,nan,0.0004997501249375312,2000,nan,nan,nan,nan,0.0004997501249375312,0.002577247589158399
sp_1gram_psalm,Weisheitsgedicht,55,3254,0.01662133575098217,0.014471036711090221,0.004153544630399307,0.03577109959514235,0.41876292115997094,0.33177214971619223,0.5470817671396474,0.9807452645713525,0.9380309845077461,1.0,2000,0.9826357750583733,1.0,0.9435282358820589,1.0,1.0,1.0
sp_1gram_psalm,Zionslied,15,1805,0.008241758241758242,0.030691289025159503,0.005523214234647366,0.22225230517650396,0.5904524469067405,0.2841243484395257,0.9670736076918125,0.11352057697485651,0.15242378810594703,0.8595702148925537,2000,0.1265689191558745,0.6527250829554806,0.16801258461678253,0.8664530673324005,0.9672864717066755,1.0
sp_1gram_psalm,prophetische Gerichtsrede,1,605,0.0016501650165016502,0.003663003663003663,nan,nan,0.5520661157024793,nan,nan,0.42964241837959183,0.4043086172344689,0.9715142428785607,2000,0.7993302292188865,1.0,0.735296680317156,1.0,1.0,1.0
sp_1gram_psalm,"prophetische Schelt-, Droh- und Mahnrede",21,2088,0.00995732574679943,0.018444078760046185,0.00245398773006135,0.09977080769134943,0.4116949461777048,0.0983534172261908,0.5344807695180823,0.9184473025984574,0.9015492253873063,1.0,2000,0.9904531834126397,1.0,0.9838981608097049,1.0,1.0,1.0
sp_1gram_psalm,prophetische Tora,0,304,0.0,nan,nan,nan,nan,nan,nan,nan,nan,0.0004997501249375312,2000,nan,nan,nan,nan,0.0004997501249375312,0.002577247589158399
sp_1gram_psalm,prophetisches Stück,28,2381,0.011623080116230802,0.013399417619244854,0.0037416536483372235,0.09535219403207812,0.4652756944861103,0.20520853375225503,0.6001357162166718,0.7365744598143394,0.6686656671664168,1.0,2000,0.9975015437452767,1.0,0.9930034982508745,1.0,1.0,1.0
