model,genre,n_same_genre,n_different_genre,prevalence,average_precision,ap_ci_low,ap_ci_high,separation_auc,auc_ci_low,auc_ci_high,separation_p_naive,separation_p_perm,separation_p_maxT,n_permutations,naive_q,naive_q_by,perm_q,perm_q_by,maxT_q,maxT_q_by
homograph_binary,Danklied Israels,6,676,0.008797653958944282,0.007512641717482324,0.004020974922032309,0.01826989046591741,0.33653846153846156,0.04322903711045902,0.8297308667058423,0.9163501984045288,0.927536231884058,1.0,2000,0.9947817580173883,1.0,0.9950024987506247,1.0,1.0,1.0
homograph_binary,Danklied des Einzelnen,78,2087,0.03602771362586605,0.0779684367430955,0.038213698790433445,0.14035585898114994,0.7502672219969776,0.651034465416838,0.8220129657360512,2.8306734823644953e-14,0.0004997501249375312,0.27786106946526734,2000,1.3064646841682285e-13,7.014236811377972e-13,0.0011758826469118382,0.006313159052654138,0.8349671318187061,1.0
homograph_binary,Fluch,0,173,0.0,nan,nan,nan,nan,nan,nan,nan,nan,0.0004997501249375312,2000,nan,nan,nan,nan,0.0004997501249375312,0.0026830925973780084
homograph_binary,Hymnus,465,4421,0.09516987310683586,0.11467943693359742,0.07474248324991783,0.1708270969900983,0.5335843347853475,0.4647554773524018,0.6111706381229007,0.008513912505008178,0.18690654672663667,0.999000499750125,2000,0.0104251989857243,0.05597152022380398,0.21989005497251374,1.0,1.0,1.0
homograph_binary,Klagelied des Einzelnen,1176,6123,0.1611179613645705,0.1891166902625634,0.13220762254294516,0.2658482225821,0.5587255480340103,0.4972021707202063,0.627822769941168,8.341748130789484e-11,0.02948525737131434,0.9660169915042479,2000,1.6683496261578968e-10,8.957149400097025e-10,0.0563354686293217,0.30245771097715735,1.0,1.0
homograph_binary,Klagelied des Volkes,36,1484,0.02368421052631579,0.0324319827288362,0.011051166414811948,0.09908091874723722,0.5278339323150644,0.3401496694421629,0.7456573064865956,0.28391661681923785,0.3238380809595202,1.0,2000,0.946508144184988,1.0,0.9099450274862569,1.0,1.0,1.0
homograph_binary,Königspsalm,45,1636,0.02676977989292088,0.03409265319467956,0.014987568777453244,0.07979513919833459,0.5467400162999185,0.40698338152581015,0.7171211361878086,0.14207813283335047,0.22038980509745126,0.9875062468765617,2000,0.6852872862006282,1.0,0.6818812815814315,1.0,1.0,1.0
homograph_binary,Liturgie,153,2800,0.05181171689806976,0.04518531895798221,0.02691785157660674,0.07437140114288444,0.45899159663865546,0.3875259078128738,0.5536790710830714,0.9564395646519566,0.8195902048975512,1.0,2000,0.9994262053241604,1.0,0.9529688937044083,1.0,1.0,1.0
homograph_binary,Mischgedicht,45,1633,0.026817640047675805,0.03953075035217795,0.017712800286374123,0.08033784143926796,0.6455126896645574,0.48443061160131556,0.7628120293526438,0.00042709320108338575,0.021989005497251374,0.6241879060469765,2000,0.006776782062117398,0.03638365030360745,0.1222465690231807,0.6563257276663129,1.0,1.0
homograph_binary,Thronbesteigungslied,15,1006,0.014691478942213516,0.02293588865030738,0.007733359783333484,0.10004573284071637,0.5181245858184228,0.34344487664891155,0.7964316524989413,0.40484929030034494,0.39580209895052476,1.0,2000,0.5220723438975727,1.0,0.505279275255989,1.0,1.0,1.0
homograph_binary,Wallfahrtslied,0,172,0.0,nan,nan,nan,nan,nan,nan,nan,nan,0.0004997501249375312,2000,nan,nan,nan,nan,0.0004997501249375312,0.0026830925973780084
homograph_binary,Weisheitsgedicht,45,1639,0.02672209026128266,0.040403409129442486,0.014381457740350575,0.09868350519832578,0.5498135719612229,0.3838250614247338,0.7745351005110463,0.12683143582871048,0.19890054972513743,0.9835082458770614,2000,0.2885976322909071,1.0,0.42251601471991274,1.0,1.0,1.0
homograph_binary,Zionslied,15,1007,0.014677103718199608,0.02012050675639378,0.007628817750808,0.13112544150019673,0.6077788811651771,0.45047591179671803,0.9013112358131277,0.07575577411532075,0.12293853073463268,0.7961019490254873,2000,0.1336866602035072,0.7177460704087991,0.21380614040805682,1.0,1.0,1.0
homograph_binary,prophetische Gerichtsrede,1,342,0.0029154518950437317,0.011627906976744186,nan,nan,0.7543859649122807,nan,nan,0.19116631695908337,0.18109054527263632,0.26686656671664166,2000,0.36697981871958385,1.0,0.3637112673984051,1.0,0.5378849037019952,1.0
homograph_binary,"prophetische Schelt-, Droh- und Mahnrede",3,511,0.005836575875486381,0.1727796052631579,0.005405405405405406,0.5,0.6503587736464449,0.2621461883470339,0.9980694980694981,0.18494105748968526,0.18040979510244878,0.6026986506746627,2000,0.30137280084800444,1.0,0.3006604805705256,1.0,0.9488926422864518,1.0
homograph_binary,prophetische Tora,0,172,0.0,nan,nan,nan,nan,nan,nan,nan,nan,0.0004997501249375312,2000,nan,nan,nan,nan,0.0004997501249375312,0.0026830925973780084
homograph_binary_psalm,Danklied Israels,6,676,0.008797653958944282,0.038821522901498824,0.005087455673093907,0.5,0.5369822485207101,0.18395698063045446,0.998,0.3778423342234461,0.3538230884557721,0.9905047476261869,2000,0.9947817580173883,1.0,0.9950024987506247,1.0,1.0,1.0
homograph_binary_psalm,Danklied des Einzelnen,78,2087,0.03602771362586605,0.05468802657396053,0.023701168306795736,0.09619695209045116,0.6383073482977651,0.5271731711034592,0.7453842565721698,1.637729598612224e-05,0.004997501249375313,0.6211894052973513,2000,2.3120888450996108e-05,0.00012413300477998838,0.00705529588147103,0.037878954315924834,0.876973278066849,1.0
homograph_binary_psalm,Fluch,0,173,0.0,nan,nan,nan,nan,nan,nan,nan,nan,0.0004997501249375312,2000,nan,nan,nan,nan,0.0004997501249375312,0.0026830925973780084
homograph_binary_psalm,Hymnus,465,4421,0.09516987310683586,0.139060846245227,0.08903067417212962,0.20885739489260494,0.5671090810476879,0.4924561985673046,0.6449971793683313,9.303345881101774e-07,0.014992503748125937,0.9080459770114943,2000,1.5723964869467786e-06,8.441989633914446e-06,0.028557149996430355,0.15331957699302906,1.0,1.0
homograph_binary_psalm,Klagelied des Einzelnen,1176,6123,0.1611179613645705,0.27211902055754256,0.1937532241411754,0.37124111996341597,0.6546376103928424,0.5954390909578783,0.7156987494859346,8.135794888676782e-64,0.0004997501249375312,0.5557221389305347,2000,7.509964512624722e-63,4.0320010310980265e-62,0.0023988005997001498,0.012878844467414441,1.0,1.0
homograph_binary_psalm,Klagelied des Volkes,36,1484,0.02368421052631579,0.042141717458857426,0.010717208586057549,0.1711161286187319,0.5792153339323151,0.3781556378838025,0.8272043030328591,0.0519621787963708,0.09545227386306847,0.8735632183908046,2000,0.946508144184988,1.0,0.9099450274862569,1.0,1.0,1.0
homograph_binary_psalm,Königspsalm,45,1636,0.02676977989292088,0.03138420541303075,0.014290627284744076,0.08223457053347155,0.5158380874762293,0.3426598345490647,0.6887561271690531,0.3583693933498642,0.37031484257871067,0.9995002498750625,2000,0.6852872862006282,1.0,0.6818812815814315,1.0,1.0,1.0
homograph_binary_psalm,Liturgie,153,2800,0.05181171689806976,0.0680215032113004,0.0347907904323348,0.11143480520459388,0.5637605042016807,0.48423806417803694,0.646952784698717,0.003908999069994255,0.057971014492753624,0.92103948025987,2000,0.06701141262847295,0.3597754481517612,0.8695652173913043,1.0,1.0,1.0
homograph_binary_psalm,Mischgedicht,45,1633,0.026817640047675805,0.047542543848314564,0.018745454812695746,0.12048624005439497,0.658692250119072,0.4979822091095575,0.8195303962896937,0.0001381016705311385,0.008995502248875561,0.5432283858070964,2000,0.004370145579296122,0.023462736011800583,0.1222465690231807,0.6563257276663129,1.0,1.0
homograph_binary_psalm,Thronbesteigungslied,15,1006,0.014691478942213516,0.11819844575468624,0.011625958945898228,0.3192221079449231,0.7910205434062293,0.5298097185923324,0.9424113667696055,5.367948144655597e-05,0.0009995002498750624,0.22988505747126436,2000,0.0005855943430533377,0.0031439788976726103,0.009995002498750623,0.05366185194756017,1.0,1.0
homograph_binary_psalm,Wallfahrtslied,0,172,0.0,nan,nan,nan,nan,nan,nan,nan,nan,0.0004997501249375312,2000,nan,nan,nan,nan,0.0004997501249375312,0.0026830925973780084
homograph_binary_psalm,Weisheitsgedicht,45,1639,0.02672209026128266,0.036211040311939786,0.012883996052562725,0.11895266650382676,0.51284658667209,0.34020936428349907,0.6706936190337214,0.3842760375119029,0.39730134932533734,1.0,2000,0.5160917269831156,1.0,0.5239138672422031,1.0,1.0,1.0
homograph_binary_psalm,Zionslied,15,1007,0.014677103718199608,0.1055527902940525,0.018617905143815217,0.5682809733174915,0.7342601787487587,0.19210701442722458,0.9284158504390557,0.0009109802394988368,0.005497251374312844,0.3423288355822089,2000,0.006430448749403554,0.034524232364124045,0.0399800099950025,0.2146474077902407,1.0,1.0
homograph_binary_psalm,prophetische Gerichtsrede,1,342,0.0029154518950437317,0.030303030303030304,nan,nan,0.9093567251461988,nan,nan,0.07943434893036644,0.06753376688344172,0.07296351824087956,2000,0.36697981871958385,1.0,0.3637112673984051,1.0,0.5150365993473851,1.0
homograph_binary_psalm,"prophetische Schelt-, Droh- und Mahnrede",3,511,0.005836575875486381,0.1782106782106782,0.012903225806451613,0.5,0.817351598173516,0.7046106884333995,0.9980879992806184,0.029062313844502013,0.035982008995502246,0.18940529735132433,2000,0.10788483965033717,0.5792194942849014,0.12699532586647852,0.681821177686647,0.6172523494350386,1.0
homograph_binary_psalm,prophetische Tora,0,172,0.0,nan,nan,nan,nan,nan,nan,nan,nan,0.0004997501249375312,2000,nan,nan,nan,nan,0.0004997501249375312,0.0026830925973780084
homograph_count,Danklied Israels,6,676,0.008797653958944282,0.007709596367278106,0.004013700071066121,0.016584211383777553,0.3427021696252465,0.040099321080888,0.7419104175012499,0.908059638781187,0.9140429785107447,1.0,2000,0.9947817580173883,1.0,0.9950024987506247,1.0,1.0,1.0
homograph_count,Danklied des Einzelnen,78,2087,0.03602771362586605,0.07656137588568941,0.036565563368312105,0.1402447056310913,0.7374098509699851,0.6322281223450714,0.8197833930812907,5.034304974175441e-13,0.0004997501249375312,0.30884557721139433,2000,1.830656354245615e-12,9.828552845351266e-12,0.0011758826469118382,0.006313159052654138,0.8349671318187061,1.0
homograph_count,Fluch,0,173,0.0,nan,nan,nan,nan,nan,nan,nan,nan,0.0004997501249375312,2000,nan,nan,nan,nan,0.0004997501249375312,0.0026830925973780084
homograph_count,Hymnus,465,4421,0.09516987310683586,0.11420622053995601,0.07532732098719913,0.170674431910077,0.535637098598332,0.4667071767645948,0.6120967949353445,0.00567146628410221,0.1714142928535732,0.9980009995002499,2000,0.007089332855127762,0.03806169434438795,0.21409295352323837,1.0,1.0,1.0
homograph_count,Klagelied des Einzelnen,1176,6123,0.1611179613645705,0.18928878130139654,0.13325036472256965,0.2671131238932198,0.56169410030875,0.5018607664142409,0.6350176809957685,9.59244640364696e-12,0.02148925537231384,0.9625187406296851,2000,2.257046212622814e-11,1.2117783834041715e-10,0.047753900827364096,0.25638440374945415,1.0,1.0
homograph_count,Klagelied des Volkes,36,1484,0.02368421052631579,0.030176604098322755,0.012017985870318503,0.07498105815054676,0.522461814914645,0.338063060439073,0.7386528632111871,0.32241559482460513,0.35132433783108447,1.0,2000,0.946508144184988,1.0,0.9099450274862569,1.0,1.0,1.0
homograph_count,Königspsalm,45,1636,0.02676977989292088,0.03443616725849982,0.014843154514232581,0.0853905952855269,0.5447432762836186,0.4109883571903279,0.7256018102939711,0.152618349817925,0.22688655672163918,0.9900049975012494,2000,0.6852872862006282,1.0,0.6818812815814315,1.0,1.0,1.0
homograph_count,Liturgie,153,2800,0.05181171689806976,0.04466600861040215,0.02658312397911675,0.07327239103658312,0.4571661998132586,0.3890320598126276,0.5479509699267205,0.9630259406029325,0.8315842078960519,1.0,2000,0.9994262053241604,1.0,0.9529688937044083,1.0,1.0,1.0
homograph_count,Mischgedicht,45,1633,0.026817640047675805,0.03893625904925612,0.017602962989566553,0.07649957099213125,0.6390760019051507,0.4711437990765879,0.7571036017461287,0.0007185363942580664,0.025987006496751622,0.6476761619190404,2000,0.006776782062117398,0.03638365030360745,0.1222465690231807,0.6563257276663129,1.0,1.0
homograph_count,Thronbesteigungslied,15,1006,0.014691478942213516,0.023010089351646716,0.007383942853861167,0.10716968090006707,0.5090457256461233,0.3380133360605489,0.8159617807067765,0.45225488338907244,0.42028985507246375,1.0,2000,0.5486112564687089,1.0,0.5146406388642414,1.0,1.0,1.0
homograph_count,Wallfahrtslied,0,172,0.0,nan,nan,nan,nan,nan,nan,nan,nan,0.0004997501249375312,2000,nan,nan,nan,nan,0.0004997501249375312,0.0026830925973780084
homograph_count,Weisheitsgedicht,45,1639,0.02672209026128266,0.03968181925454915,0.014510586327653773,0.09831042228502002,0.542112399159379,0.39589588751534355,0.7860913909065887,0.16727284327247566,0.23088455772113944,0.9920039980009995,2000,0.3060419318272455,1.0,0.42251601471991274,1.0,1.0,1.0
homograph_count,Zionslied,15,1007,0.014677103718199608,0.018651092976646858,0.006965572150557679,0.1392753653685496,0.5799073154584574,0.41052951405275484,0.9156961947808883,0.1438428821286924,0.1729135432283858,0.9155422288855573,2000,0.21310056611658132,1.0,0.2545068928950159,1.0,1.0,1.0
homograph_count,prophetische Gerichtsrede,1,342,0.0029154518950437317,0.010752688172043012,nan,nan,0.7339181286549707,nan,nan,0.2110133957637607,0.20210105052526264,0.31634182908545727,2000,0.36697981871958385,1.0,0.3637112673984051,1.0,0.556243617321774,1.0
homograph_count,"prophetische Schelt-, Droh- und Mahnrede",3,511,0.005836575875486381,0.17277237692462605,0.005420054200542005,0.5,0.6503587736464449,0.26138402322005105,0.9980695250111336,0.18494105748968526,0.1774112943528236,0.6036981509245377,2000,0.30137280084800444,1.0,0.3006604805705256,1.0,0.9488926422864518,1.0
homograph_count,prophetische Tora,0,172,0.0,nan,nan,nan,nan,nan,nan,nan,nan,0.0004997501249375312,2000,nan,nan,nan,nan,0.0004997501249375312,0.0026830925973780084
homograph_count_psalm,Danklied Israels,6,676,0.008797653958944282,0.00937288518963182,0.004027468121475288,0.020863020601099014,0.4114891518737673,0.03650372356045381,0.799988905319148,0.7728369998643942,0.7566216891554223,1.0,2000,0.9947817580173883,1.0,0.9950024987506247,1.0,1.0,1.0
homograph_count_psalm,Danklied des Einzelnen,78,2087,0.03602771362586605,0.07406629806894344,0.03455415416474604,0.13048256755208715,0.7262602435098842,0.6137025144191111,0.8055971232263772,5.4257018462667195e-12,0.0004997501249375312,0.3373313343328336,2000,1.550200527504777e-11,8.322822451158902e-11,0.0011758826469118382,0.006313159052654138,0.8349671318187061,1.0
homograph_count_psalm,Fluch,0,173,0.0,nan,nan,nan,nan,nan,nan,nan,nan,0.0004997501249375312,2000,nan,nan,nan,nan,0.0004997501249375312,0.0026830925973780084
homograph_count_psalm,Hymnus,465,4421,0.09516987310683586,0.11519327375612337,0.07146275298833958,0.17919057015909307,0.5418163068249532,0.4717042153322063,0.6190954133956116,0.0014842680357637227,0.13493253373313344,0.992503748125937,2000,0.0020240018669505306,0.010866599437014771,0.18057637847742794,0.9694907918525871,1.0,1.0
homograph_count_psalm,Klagelied des Einzelnen,1176,6123,0.1611179613645705,0.18915752096155702,0.13366741350450737,0.26698027439195054,0.5606600267087073,0.5015201586469199,0.6336366401461208,2.0614539038343586e-11,0.026986506746626688,0.9650174912543729,2000,4.497717608365873e-11,2.4147653433026494e-10,0.05308820999336398,0.2850236070657295,1.0,1.0
homograph_count_psalm,Klagelied des Volkes,36,1484,0.02368421052631579,0.028859190343705862,0.01134850883742176,0.06710392810280377,0.5117737346510931,0.3510056922220349,0.7345953301589808,0.4045738821867544,0.40729635182408797,1.0,2000,0.946508144184988,1.0,0.9099450274862569,1.0,1.0,1.0
homograph_count_psalm,Königspsalm,45,1636,0.02676977989292088,0.03291508417373503,0.014530901079526029,0.07971861700615147,0.5384406411301277,0.40352970605551125,0.7031237577646966,0.18920634243577034,0.24387806096951525,0.9950024987506247,2000,0.6852872862006282,1.0,0.6818812815814315,1.0,1.0,1.0
homograph_count_psalm,Liturgie,153,2800,0.05181171689806976,0.04402073653987977,0.026597818815094383,0.07034319663303008,0.4494981325863679,0.38600669838080076,0.5361653625792366,0.9824334455910325,0.8780609695152424,1.0,2000,0.9994262053241604,1.0,0.9529688937044083,1.0,1.0,1.0
homograph_count_psalm,Mischgedicht,45,1633,0.026817640047675805,0.03644056569825531,0.016442607146725786,0.07006777824799781,0.6192692386201265,0.45595717056538826,0.7411363866236799,0.0031362927133319835,0.04547726136931534,0.7286356821589205,2000,0.013136290701826318,0.0705270145624906,0.1222465690231807,0.6563257276663129,1.0,1.0
homograph_count_psalm,Thronbesteigungslied,15,1006,0.014691478942213516,0.05039061909516004,0.008561887395869118,0.3333333333333333,0.5221338634857522,0.32120887716626195,0.7942466496625641,0.3843092812999605,0.38780609695152424,1.0,2000,0.5012729756086441,1.0,0.505279275255989,1.0,1.0,1.0
homograph_count_psalm,Wallfahrtslied,0,172,0.0,nan,nan,nan,nan,nan,nan,nan,nan,0.0004997501249375312,2000,nan,nan,nan,nan,0.0004997501249375312,0.0026830925973780084
homograph_count_psalm,Weisheitsgedicht,45,1639,0.02672209026128266,0.036173169297232216,0.013915634675274107,0.0910717787340084,0.5265880279303098,0.38239093217033243,0.7722609921744716,0.27119502290888564,0.3008495752123938,0.999000499750125,2000,0.3866524851988366,1.0,0.4444836405326749,1.0,1.0,1.0
homograph_count_psalm,Zionslied,15,1007,0.014677103718199608,0.018318710041274798,0.007551851939303861,0.09862563573112025,0.5816948030453493,0.4100196513194799,0.8966631631475107,0.1385171442085253,0.16391804097951024,0.9005497251374313,2000,0.20777571631278793,1.0,0.24898942933596493,1.0,1.0,1.0
homograph_count_psalm,prophetische Gerichtsrede,1,342,0.0029154518950437317,0.011235955056179775,nan,nan,0.7456140350877193,nan,nan,0.1995277760651339,0.19009504752376188,0.28285857071464265,2000,0.36697981871958385,1.0,0.3637112673984051,1.0,0.5378849037019952,1.0
homograph_count_psalm,"prophetische Schelt-, Droh- und Mahnrede",3,511,0.005836575875486381,0.17492610837438421,0.00563598677668638,0.5,0.741030658838878,0.2850371154414218,0.9980658627241055,0.07513047188906578,0.07446276861569215,0.2958520739630185,2000,0.18921158354334044,1.0,0.19011770710389486,1.0,0.7508745627186407,1.0
homograph_count_psalm,prophetische Tora,0,172,0.0,nan,nan,nan,nan,nan,nan,nan,nan,0.0004997501249375312,2000,nan,nan,nan,nan,0.0004997501249375312,0.0026830925973780084
homograph_icf,Danklied Israels,6,676,0.008797653958944282,0.007588238846950716,0.004002051918221841,0.02886605187870491,0.3261834319526627,0.0325303246271104,0.9017560320283629,0.9289949850274781,0.9355322338830585,1.0,2000,0.9947817580173883,1.0,0.9950024987506247,1.0,1.0,1.0
homograph_icf,Danklied des Einzelnen,78,2087,0.03602771362586605,0.0937125920035939,0.03937493045615585,0.17140067511547677,0.7928200213777598,0.7014688150800095,0.8623517495439754,7.242826584421225e-19,0.0004997501249375312,0.19540229885057472,2000,1.738278380261094e-17,9.332587670375814e-17,0.0011758826469118382,0.006313159052654138,0.8349671318187061,1.0
homograph_icf,Fluch,0,173,0.0,nan,nan,nan,nan,nan,nan,nan,nan,0.0004997501249375312,2000,nan,nan,nan,nan,0.0004997501249375312,0.0026830925973780084
homograph_icf,Hymnus,465,4421,0.09516987310683586,0.13467836077511758,0.0880701172147306,0.20900163173996839,0.5697509199738297,0.4867255333179891,0.6542096632832067,3.603599049035746e-07,0.03398300849575212,0.9450274862568716,2000,6.177598369775564e-07,3.316671197949406e-06,0.057436070697045837,0.30836669851555704,1.0,1.0
homograph_icf,Klagelied des Einzelnen,1176,6123,0.1611179613645705,0.202417081354402,0.14138919245116327,0.2854775137192082,0.5755069543741064,0.5131664809855448,0.6427687534158387,1.0618296047649531e-16,0.005997001499250375,0.9235382308845578,2000,3.539432015883177e-16,1.900274430531849e-15,0.017552199510001094,0.09423544732254469,1.0,1.0
homograph_icf,Klagelied des Volkes,36,1484,0.02368421052631579,0.03425893957126415,0.009338360555081618,0.10025970833192079,0.5259808325846062,0.3085043831373068,0.7789122767571431,0.29694725806544586,0.328335832083958,1.0,2000,0.946508144184988,1.0,0.9099450274862569,1.0,1.0,1.0
homograph_icf,Königspsalm,45,1636,0.02676977989292088,0.03284519309671565,0.014193543573397298,0.07083020531956108,0.5588019559902201,0.38443567352441543,0.6989381439978167,0.08891540450215268,0.17541229385307347,0.967016491754123,2000,0.6852872862006282,1.0,0.6818812815814315,1.0,1.0,1.0
homograph_icf,Liturgie,153,2800,0.05181171689806976,0.04781337889670491,0.02767251372863821,0.0785160661924777,0.4746078431372549,0.3934587891636235,0.5591410216801186,0.8552743594491365,0.7081459270364817,1.0,2000,0.9994262053241604,1.0,0.9529688937044083,1.0,1.0,1.0
homograph_icf,Mischgedicht,45,1633,0.026817640047675805,0.04097690188862343,0.01773104811752744,0.08526741624762892,0.6402327005511329,0.4620244881654022,0.7641172549554787,0.0006553922666817249,0.02048975512243878,0.623688155922039,2000,0.006776782062117398,0.03638365030360745,0.1222465690231807,0.6563257276663129,1.0,1.0
homograph_icf,Thronbesteigungslied,15,1006,0.014691478942213516,0.03516243093969735,0.011014569492217153,0.1977991625525283,0.6233598409542743,0.4133250421942803,0.8415946669443991,0.05033656654236827,0.09895052473763119,0.7021489255372314,2000,0.14098477292547623,0.7569286763593089,0.2594354996414836,1.0,1.0,1.0
homograph_icf,Wallfahrtslied,0,172,0.0,nan,nan,nan,nan,nan,nan,nan,nan,0.0004997501249375312,2000,nan,nan,nan,nan,0.0004997501249375312,0.0026830925973780084
homograph_icf,Weisheitsgedicht,45,1639,0.02672209026128266,0.04768024552793973,0.013852944258762642,0.13413489052777228,0.5814317673378077,0.37013093521996815,0.7715916144483168,0.031010907539109615,0.1024487756121939,0.8980509745127436,2000,0.22876453724756324,1.0,0.42251601471991274,1.0,1.0,1.0
homograph_icf,Zionslied,15,1007,0.014677103718199608,0.035195082770024096,0.009694216716341986,0.17650025284278503,0.6986097318768619,0.42616082353396534,0.9348861386146226,0.004105481413146214,0.018490754622688656,0.408295852073963,2000,0.018948375752982523,0.10173133367704389,0.07396301849075462,0.39709770441194525,1.0,1.0
homograph_icf,prophetische Gerichtsrede,1,342,0.0029154518950437317,0.011363636363636364,nan,nan,0.7485380116959064,nan,nan,0.19671670452300732,0.1890945472736368,0.27786106946526734,2000,0.36697981871958385,1.0,0.3637112673984051,1.0,0.5378849037019952,1.0
homograph_icf,"prophetische Schelt-, Droh- und Mahnrede",3,511,0.005836575875486381,0.1718447237496727,0.0054534019451379515,0.5,0.5864318330071755,0.2761989676474288,0.9980717781702254,0.3034077210399603,0.29535232383808097,0.8775612193903048,2000,0.4018965180071994,1.0,0.38947559187439246,1.0,1.0,1.0
homograph_icf,prophetische Tora,0,172,0.0,nan,nan,nan,nan,nan,nan,nan,nan,0.0004997501249375312,2000,nan,nan,nan,nan,0.0004997501249375312,0.0026830925973780084
homograph_icf_position2,Danklied Israels,6,676,0.008797653958944282,0.00643379884400142,0.004010515540103733,0.023048455821412434,0.2455621301775148,0.06660068362708904,0.8690324147417555,0.984179913630473,0.9905047476261869,1.0,2000,0.9947817580173883,1.0,0.9950024987506247,1.0,1.0,1.0
homograph_icf_position2,Danklied des Einzelnen,78,2087,0.03602771362586605,0.09168653102591816,0.042017699719083645,0.16878036810492006,0.7845760691951397,0.6971178807471863,0.8514228469688071,6.370575787537604e-18,0.0004997501249375312,0.2048975512243878,2000,7.644690945045125e-17,4.104333878147043e-16,0.0011758826469118382,0.006313159052654138,0.8349671318187061,1.0
homograph_icf_position2,Fluch,0,173,0.0,nan,nan,nan,nan,nan,nan,nan,nan,0.0004997501249375312,2000,nan,nan,nan,nan,0.0004997501249375312,0.0026830925973780084
homograph_icf_position2,Hymnus,465,4421,0.09516987310683586,0.1352840164818627,0.08994283022363435,0.20885761735876388,0.5860531237763071,0.4983503234469577,0.6629941899179027,4.859856332626489e-10,0.009995002498750625,0.8845577211394303,2000,1.143495607676821e-09,6.139277304783983e-09,0.02221111666389028,0.11924855988346705,1.0,1.0
homograph_icf_position2,Klagelied des Einzelnen,1176,6123,0.1611179613645705,0.18860348948167444,0.1322056026800694,0.26978843977299427,0.5604599752688925,0.4965783686885326,0.6257893393120162,2.3868643764536017e-11,0.022988505747126436,0.9700149925037481,2000,5.114709378114861e-11,2.746020097918988e-10,0.04926108374384236,0.26447627031297516,1.0,1.0
homograph_icf_position2,Klagelied des Volkes,36,1484,0.02368421052631579,0.03027325438598448,0.009553609681689047,0.07333835336155767,0.50574648098233,0.29550877596636665,0.7416243117797606,0.4531191818760444,0.44877561219390305,1.0,2000,0.946508144184988,1.0,0.9099450274862569,1.0,1.0,1.0
homograph_icf_position2,Königspsalm,45,1636,0.02676977989292088,0.03207767019730209,0.014278209406218744,0.06667651946692338,0.5601602825319206,0.38447734972169734,0.6881072509098943,0.08400996145800133,0.16591704147926037,0.9700149925037481,2000,0.6852872862006282,1.0,0.6818812815814315,1.0,1.0,1.0
homograph_icf_position2,Liturgie,153,2800,0.05181171689806976,0.04690661259835848,0.02809015465870516,0.07698617982496135,0.4668790849673203,0.3863971870230825,0.5496051480745967,0.9164749243525219,0.7666166916541729,1.0,2000,0.9994262053241604,1.0,0.9529688937044083,1.0,1.0,1.0
homograph_icf_position2,Mischgedicht,45,1633,0.026817640047675805,0.04297682917461805,0.01737182353615149,0.09345985025719679,0.632720963461931,0.41520564489868816,0.7723861858188703,0.0011771736719194048,0.02498750624687656,0.6581709145427287,2000,0.007847824479462698,0.04213393597250295,0.1222465690231807,0.6563257276663129,1.0,1.0
homograph_icf_position2,Thronbesteigungslied,15,1006,0.014691478942213516,0.04083917459209429,0.010365680422961095,0.3333333333333333,0.5720013253810471,0.29154407986205183,0.8054154325041177,0.1690397081125598,0.21989005497251374,0.9410294852573713,2000,0.2966977093864303,1.0,0.371645163333826,1.0,1.0,1.0
homograph_icf_position2,Wallfahrtslied,0,172,0.0,nan,nan,nan,nan,nan,nan,nan,nan,0.0004997501249375312,2000,nan,nan,nan,nan,0.0004997501249375312,0.0026830925973780084
homograph_icf_position2,Weisheitsgedicht,45,1639,0.02672209026128266,0.04698869334046585,0.014078982310007173,0.11166325458747252,0.5765236255169142,0.3945471888762593,0.7694272092966997,0.03974504002336141,0.11694152923538231,0.9235382308845578,2000,0.22876453724756324,1.0,0.42251601471991274,1.0,1.0,1.0
homograph_icf_position2,Zionslied,15,1007,0.014677103718199608,0.026177400224003132,0.007280366571815322,0.09539358760296593,0.6345911949685534,0.35006947459645726,0.9151876798592081,0.036637528062873605,0.07146426786606697,0.6496751624187906,2000,0.07713163802710232,0.41410960535533087,0.1504510902443515,0.8077520872106426,1.0,1.0
homograph_icf_position2,prophetische Gerichtsrede,1,342,0.0029154518950437317,0.01,nan,nan,0.7134502923976608,nan,nan,0.2320191433884647,0.22861430715357678,0.3563218390804598,2000,0.37615495170052926,1.0,0.38102384525596134,1.0,0.585112848980915,1.0
homograph_icf_position2,"prophetische Schelt-, Droh- und Mahnrede",3,511,0.005836575875486381,0.17159015069022446,0.005089058524173028,0.5,0.5629484670580561,0.22681219125620933,0.99807153080587,0.35410084580421475,0.3373313343328336,0.9645177411294353,2000,0.4327337259127889,1.0,0.4130587767340819,1.0,1.0,1.0
homograph_icf_position2,prophetische Tora,0,172,0.0,nan,nan,nan,nan,nan,nan,nan,nan,0.0004997501249375312,2000,nan,nan,nan,nan,0.0004997501249375312,0.0026830925973780084
homograph_icf_position2_psalm,Danklied Israels,6,676,0.008797653958944282,0.01136665240207267,0.004282655246252677,0.0425531914893617,0.4077909270216962,0.07469983372056568,0.9093047713403384,0.782140123245122,0.7651174412793603,1.0,2000,0.9947817580173883,1.0,0.9950024987506247,1.0,1.0,1.0
homograph_icf_position2_psalm,Danklied des Einzelnen,78,2087,0.03602771362586605,0.09237640787913189,0.04256600126199731,0.16803074317834976,0.7876414433673657,0.6881551638572346,0.8608888078230023,2.858498268219393e-18,0.0004997501249375312,0.19490254872563717,2000,4.2877474023290894e-17,2.302035105254655e-16,0.0011758826469118382,0.006313159052654138,0.8349671318187061,1.0
homograph_icf_position2_psalm,Fluch,0,173,0.0,nan,nan,nan,nan,nan,nan,nan,nan,0.0004997501249375312,2000,nan,nan,nan,nan,0.0004997501249375312,0.0026830925973780084
homograph_icf_position2_psalm,Hymnus,465,4421,0.09516987310683586,0.13669288670731217,0.0884892644905264,0.20402330263621918,0.5975707340089942,0.5242170667779318,0.6673731396726701,2.070886089681301e-12,0.0069965017491254375,0.8340829585207397,2000,7.530494871568368e-12,4.043023510404079e-11,0.017134289997858213,0.09199174619581744,1.0,1.0
homograph_icf_position2_psalm,Klagelied des Einzelnen,1176,6123,0.1611179613645705,0.1902986089394622,0.13380625510305344,0.27175997051203943,0.5627544909847003,0.49915650520572885,0.6301529493279612,4.321488169197753e-12,0.021989005497251374,0.9590204897551224,2000,1.058323633272919e-11,5.6820001924356e-11,0.047976011994003,0.2575768893482888,1.0,1.0
homograph_icf_position2_psalm,Klagelied des Volkes,36,1484,0.02368421052631579,0.02874267356642139,0.008941518096105956,0.07205676967850881,0.4929806828391734,0.30752291917411395,0.7549539406070852,0.55736840697982,0.5172413793103449,1.0,2000,0.946508144184988,1.0,0.9099450274862569,1.0,1.0,1.0
homograph_icf_position2_psalm,Königspsalm,45,1636,0.02676977989292088,0.031136412643233014,0.01386338039868701,0.06767443066836425,0.5439826134202662,0.37311221915094883,0.6691546870009198,0.15676677266058392,0.22688655672163918,0.9940029985007496,2000,0.6852872862006282,1.0,0.6818812815814315,1.0,1.0,1.0
homograph_icf_position2_psalm,Liturgie,153,2800,0.05181171689806976,0.0452422486902885,0.02755168621175946,0.07256744963783555,0.45362745098039214,0.3754349647946314,0.5315524291128032,0.9734777957298606,0.8455772113943029,1.0,2000,0.9994262053241604,1.0,0.9529688937044083,1.0,1.0,1.0
homograph_icf_position2_psalm,Mischgedicht,45,1633,0.026817640047675805,0.03943954346411444,0.016610337001864744,0.08171453455511361,0.6143906919779547,0.40924036953749493,0.7582179991799688,0.004378763567275439,0.04697651174412794,0.7511244377811095,2000,0.013136290701826318,0.0705270145624906,0.1222465690231807,0.6563257276663129,1.0,1.0
homograph_icf_position2_psalm,Thronbesteigungslied,15,1006,0.014691478942213516,0.055458849661879785,0.012730867176708117,0.5,0.600960901259112,0.3675683324301015,0.8145123150429072,0.08956360147206777,0.1344327836081959,0.8210894552723638,2000,0.19903022549348393,1.0,0.29330789150879105,1.0,1.0,1.0
homograph_icf_position2_psalm,Wallfahrtslied,0,172,0.0,nan,nan,nan,nan,nan,nan,nan,nan,0.0004997501249375312,2000,nan,nan,nan,nan,0.0004997501249375312,0.0026830925973780084
homograph_icf_position2_psalm,Weisheitsgedicht,45,1639,0.02672209026128266,0.04285716421592426,0.01418621715603798,0.10244228862048071,0.5611890719273269,0.4072841113503291,0.7502772183523138,0.08042668345331727,0.16691654172913542,0.960519740129935,2000,0.2353951710828798,1.0,0.42251601471991274,1.0,1.0,1.0
homograph_icf_position2_psalm,Zionslied,15,1007,0.014677103718199608,0.026379782486693284,0.007228915662650603,0.09638937330032084,0.6526646805693479,0.36343580348678756,0.9076870794838812,0.02109245870805286,0.05547226386806597,0.5832083958020989,2000,0.053767492414784526,0.2886705849162509,0.12559757856920595,0.6743168565485864,1.0,1.0
homograph_icf_position2_psalm,prophetische Gerichtsrede,1,342,0.0029154518950437317,0.011363636363636364,nan,nan,0.7485380116959064,nan,nan,0.19671670452300732,0.18609304652326164,0.272863568215892,2000,0.36697981871958385,1.0,0.3637112673984051,1.0,0.5378849037019952,1.0
homograph_icf_position2_psalm,"prophetische Schelt-, Droh- und Mahnrede",3,511,0.005836575875486381,0.17783783783783783,0.007539826880409874,0.5,0.8088714938030006,0.4674417477250696,0.9980694980694981,0.03258638798126786,0.034482758620689655,0.1619190404797601,2000,0.10862129327089287,0.5831734167734095,0.12699532586647852,0.681821177686647,0.6172523494350386,1.0
homograph_icf_position2_psalm,prophetische Tora,0,172,0.0,nan,nan,nan,nan,nan,nan,nan,nan,0.0004997501249375312,2000,nan,nan,nan,nan,0.0004997501249375312,0.0026830925973780084
homograph_icf_position4,Danklied Israels,6,676,0.008797653958944282,0.0060127324083929555,0.004037447660854308,0.010889475583125661,0.19674556213017752,0.05270438039089532,0.4064492572393832,0.9947817580173883,0.9950024987506247,1.0,2000,0.9947817580173883,1.0,0.9950024987506247,1.0,1.0,1.0
homograph_icf_position4,Danklied des Einzelnen,78,2087,0.03602771362586605,0.08089718370949531,0.03720901186816309,0.15164562481544447,0.7489464695981227,0.6511836844256443,0.8216330276280047,3.8303056850470396e-14,0.0004997501249375312,0.280359820089955,2000,1.7023580822431288e-13,9.139736321474878e-13,0.0011758826469118382,0.006313159052654138,0.8349671318187061,1.0
homograph_icf_position4,Fluch,0,173,0.0,nan,nan,nan,nan,nan,nan,nan,nan,0.0004997501249375312,2000,nan,nan,nan,nan,0.0004997501249375312,0.0026830925973780084
homograph_icf_position4,Hymnus,465,4421,0.09516987310683586,0.13841179710412746,0.09113196008334198,0.2209311015496616,0.5914319000469411,0.4993498008553437,0.6711178702335784,4.1214095967832864e-11,0.005997001499250375,0.8595702148925537,2000,1.2681260297794727e-10,6.808401625650378e-10,0.015992003998001,0.08585896311609628,1.0,1.0
homograph_icf_position4,Klagelied des Einzelnen,1176,6123,0.1611179613645705,0.18270287168431065,0.1281070683447463,0.26030614995792006,0.5546766068831583,0.49474204231713725,0.6169903182350103,1.3520897376630724e-09,0.030984507746126936,0.9785107446276862,2000,2.3860407135230688e-09,1.2810338319168073e-08,0.0563354686293217,0.30245771097715735,1.0,1.0
homograph_icf_position4,Klagelied des Volkes,36,1484,0.02368421052631579,0.02785466776772811,0.00951619919156626,0.06900482930045092,0.479316412099431,0.2830220259038551,0.7192352090375891,0.6645202153406924,0.6126936531734133,1.0,2000,0.946508144184988,1.0,0.9126130004304778,1.0,1.0,1.0
homograph_icf_position4,Königspsalm,45,1636,0.02676977989292088,0.03092150262395768,0.013667792895256003,0.06429316498906104,0.539119804400978,0.35214599909777433,0.6743906615159962,0.18502233003941226,0.25787106446776614,0.9955022488755623,2000,0.6852872862006282,1.0,0.6818812815814315,1.0,1.0,1.0
homograph_icf_position4,Liturgie,153,2800,0.05181171689806976,0.049208080582684666,0.02786027274088265,0.07953552510488855,0.49281512605042016,0.406387680739572,0.577141650414345,0.6178267688852289,0.5642178910544727,1.0,2000,0.9994262053241604,1.0,0.9529688937044083,1.0,1.0,1.0
homograph_icf_position4,Mischgedicht,45,1633,0.026817640047675805,0.04256891456083432,0.017176541444977683,0.09981679250913884,0.6107300809689052,0.3738493442860038,0.7449967634228573,0.005582595256604837,0.050474762618690654,0.768615692153923,2000,0.014667425217217724,0.07874747410584773,0.1222465690231807,0.6563257276663129,1.0,1.0
homograph_icf_position4,Thronbesteigungslied,15,1006,0.014691478942213516,0.03725545043853158,0.0058285003231996245,0.2769588869635076,0.5254141815772034,0.2059202207506445,0.770087870995721,0.36773941600911486,0.3803098450774613,0.9995002498750625,2000,0.49031922134548644,1.0,0.5015074880142346,1.0,1.0,1.0
homograph_icf_position4,Wallfahrtslied,0,172,0.0,nan,nan,nan,nan,nan,nan,nan,nan,0.0004997501249375312,2000,nan,nan,nan,nan,0.0004997501249375312,0.0026830925973780084
homograph_icf_position4,Weisheitsgedicht,45,1639,0.02672209026128266,0.04509267924343705,0.014646384530870414,0.10275000947121456,0.5748966171784964,0.3935693756305697,0.7524735133629894,0.04304773678189685,0.11744127936031984,0.9245377311344328,2000,0.22876453724756324,1.0,0.42251601471991274,1.0,1.0,1.0
homograph_icf_position4,Zionslied,15,1007,0.014677103718199608,0.024883126074973064,0.007146604648802137,0.0690356619577292,0.6684210526315789,0.41720793534991407,0.8938195868353497,0.01249925855822341,0.03648175912043978,0.5132433783108445,2000,0.04053813586450836,0.21764391207138226,0.10566145498679232,0.5672824348742075,1.0,1.0
homograph_icf_position4,prophetische Gerichtsrede,1,342,0.0029154518950437317,0.0070921985815602835,nan,nan,0.5935672514619883,nan,nan,0.37519159910245026,0.3796898449224612,0.8490754622688655,2000,0.4947581526625718,1.0,0.5050351262587816,1.0,1.0,1.0
homograph_icf_position4,"prophetische Schelt-, Droh- und Mahnrede",3,511,0.005836575875486381,0.1709262407092624,0.004784688995215311,0.5,0.49706457925636005,0.1806999442919512,0.9980842698950367,0.5077762299061909,0.5132433783108445,1.0,2000,0.5298534572934166,1.0,0.5330667999333666,1.0,1.0,1.0
homograph_icf_position4,prophetische Tora,0,172,0.0,nan,nan,nan,nan,nan,nan,nan,nan,0.0004997501249375312,2000,nan,nan,nan,nan,0.0004997501249375312,0.0026830925973780084
homograph_icf_position4_psalm,Danklied Israels,6,676,0.008797653958944282,0.020420714433232175,0.005145448882652316,0.14283529250829374,0.3937376725838264,0.11068903503840288,0.9604615905080298,0.8154271243088764,0.8000999500249875,1.0,2000,0.9947817580173883,1.0,0.9950024987506247,1.0,1.0,1.0
homograph_icf_position4_psalm,Danklied des Einzelnen,78,2087,0.03602771362586605,0.08144103911942836,0.03797780644102246,0.1513025681577989,0.755101790080228,0.6469876755149043,0.8337681186032015,9.233703459366693e-15,0.0004997501249375312,0.272863568215892,2000,5.5133058411163795e-14,2.960021288884997e-13,0.0011758826469118382,0.006313159052654138,0.8349671318187061,1.0
homograph_icf_position4_psalm,Fluch,0,173,0.0,nan,nan,nan,nan,nan,nan,nan,nan,0.0004997501249375312,2000,nan,nan,nan,nan,0.0004997501249375312,0.0026830925973780084
homograph_icf_position4_psalm,Hymnus,465,4421,0.09516987310683586,0.14247236855713816,0.09075577363511059,0.21520625239226962,0.6064433434755432,0.5309849657738488,0.6784797907763129,1.9747732650318057e-14,0.0029985007496251873,0.8030984507746127,2000,1.1848639590190834e-13,6.361378534405551e-13,0.010903639089546136,0.05854020212461109,1.0,1.0
homograph_icf_position4_psalm,Klagelied des Einzelnen,1176,6123,0.1611179613645705,0.1875991062339507,0.13183613447330544,0.26480767491836316,0.5656552021429182,0.503216378771105,0.6292702644798517,4.564130847896559e-13,0.013993003498250875,0.9560219890054973,2000,1.190642829886059e-12,6.392404530939966e-12,0.033583208395802096,0.18030382254380217,1.0,1.0
homograph_icf_position4_psalm,Klagelied des Volkes,36,1484,0.02368421052631579,0.0262746299300485,0.00927168966820102,0.06280093735481915,0.4677860137765798,0.2958630618045948,0.7139785261025472,0.7458712625352288,0.6681659170414792,1.0,2000,0.946508144184988,1.0,0.9126130004304778,1.0,1.0,1.0
homograph_icf_position4_psalm,Königspsalm,45,1636,0.02676977989292088,0.029693010114059223,0.013232720271213402,0.061813087021824586,0.5194376528117359,0.3512122166692304,0.658714674990797,0.3280459466670027,0.3488255872063968,1.0,2000,0.6852872862006282,1.0,0.6818812815814315,1.0,1.0,1.0
homograph_icf_position4_psalm,Liturgie,153,2800,0.05181171689806976,0.047780776033367375,0.02762384593951503,0.07526113714810283,0.48218253968253966,0.3977606037591082,0.5606948313112143,0.7713604503619595,0.6626686656671664,1.0,2000,0.9994262053241604,1.0,0.9529688937044083,1.0,1.0,1.0
homograph_icf_position4_psalm,Mischgedicht,45,1633,0.026817640047675805,0.03873308113641397,0.015894335476685992,0.09302754345357754,0.584860855956998,0.3588745247833479,0.7241427466262709,0.02590968478921975,0.09745127436281859,0.8875562218890555,2000,0.04379101654516014,0.23510820000027813,0.15883949916933426,0.8527883498693347,1.0,1.0
homograph_icf_position4_psalm,Thronbesteigungslied,15,1006,0.014691478942213516,0.04102673940380172,0.008402377542864265,0.27609849026773287,0.552650762094102,0.30775494352037647,0.7669727724514644,0.24184124844610222,0.2798600699650175,0.9785107446276862,2000,0.3656594523378597,1.0,0.4023569610543566,1.0,1.0,1.0
homograph_icf_position4_psalm,Wallfahrtslied,0,172,0.0,nan,nan,nan,nan,nan,nan,nan,nan,0.0004997501249375312,2000,nan,nan,nan,nan,0.0004997501249375312,0.0026830925973780084
homograph_icf_position4_psalm,Weisheitsgedicht,45,1639,0.02672209026128266,0.04151058474694226,0.014630387821038333,0.09412934070330208,0.562111043319097,0.38589503089410887,0.7315229755744191,0.0773191754808172,0.16441779110444776,0.9625187406296851,2000,0.23290436134132086,1.0,0.42251601471991274,1.0,1.0,1.0
homograph_icf_position4_psalm,Zionslied,15,1007,0.014677103718199608,0.032135842958188665,0.007302423413569898,0.09617153981674412,0.7131082423038729,0.4204726424482635,0.9258202688699583,0.002282260369300908,0.01649175412293853,0.3633183408295852,2000,0.013693562215805448,0.07351893192133857,0.0728207324908974,0.3909649213322241,1.0,1.0
homograph_icf_position4_psalm,prophetische Gerichtsrede,1,342,0.0029154518950437317,0.01098901098901099,nan,nan,0.7397660818713451,nan,nan,0.20522302547220772,0.2051025512756378,0.30484757621189407,2000,0.36697981871958385,1.0,0.3637112673984051,1.0,0.554268320385262,1.0
homograph_icf_position4_psalm,"prophetische Schelt-, Droh- und Mahnrede",3,511,0.005836575875486381,0.18148880105401843,0.00875416378258949,0.5,0.8558382257012394,0.530030183663544,0.9980689744389863,0.01680267950039379,0.009995002498750625,0.10294852573713144,2000,0.1003999573557828,0.5390341470990955,0.10494752623688156,0.5634494454493819,0.6172523494350386,1.0
homograph_icf_position4_psalm,prophetische Tora,0,172,0.0,nan,nan,nan,nan,nan,nan,nan,nan,0.0004997501249375312,2000,nan,nan,nan,nan,0.0004997501249375312,0.0026830925973780084
homograph_icf_position8,Danklied Israels,6,676,0.008797653958944282,0.00823375784356639,0.0041050514685694334,0.018107315778795055,0.3838757396449704,0.11687597106121883,0.8518048632889205,0.8367842065428512,0.8190904547726137,1.0,2000,0.9947817580173883,1.0,0.9950024987506247,1.0,1.0,1.0
homograph_icf_position8,Danklied des Einzelnen,78,2087,0.03602771362586605,0.08148355719171835,0.03863553521333248,0.15832311853098616,0.7547147789121915,0.6394539208879526,0.8224537776825119,1.010772737538003e-14,0.0004997501249375312,0.26686656671664166,2000,5.5133058411163795e-14,2.960021288884997e-13,0.0011758826469118382,0.006313159052654138,0.8349671318187061,1.0
homograph_icf_position8,Fluch,0,173,0.0,nan,nan,nan,nan,nan,nan,nan,nan,0.0004997501249375312,2000,nan,nan,nan,nan,0.0004997501249375312,0.0026830925973780084
homograph_icf_position8,Hymnus,465,4421,0.09516987310683586,0.13882565618923104,0.09122333197572093,0.22206098840674654,0.5831653909858374,0.5013286029970077,0.6669389734566014,1.7232789168163686e-09,0.011494252873563218,0.8830584707646177,2000,3.6927405360350753e-09,1.9825837557343096e-08,0.023378141437755698,0.12551416218242886,1.0,1.0
homograph_icf_position8,Klagelied des Einzelnen,1176,6123,0.1611179613645705,0.17603339072662352,0.1266946520469929,0.2535743583489199,0.5420652419060062,0.48497947438256617,0.6021666598540919,2.3635990420883644e-06,0.06746626686656672,0.9955022488755623,2000,3.636306218597484e-06,1.9522849140133974e-05,0.10379425671779495,0.5572576933015865,1.0,1.0
homograph_icf_position8,Klagelied des Volkes,36,1484,0.02368421052631579,0.025343917501030305,0.009645969991264115,0.06354712815103761,0.43957771787960465,0.2876813325887224,0.6824183811301666,0.8926374243485746,0.8195902048975512,1.0,2000,0.946508144184988,1.0,0.9171276430750143,1.0,1.0,1.0
homograph_icf_position8,Königspsalm,45,1636,0.02676977989292088,0.03180118722253358,0.013865236075479074,0.07141565040379277,0.5444036946481934,0.37829784903860636,0.6851084410575132,0.1544612403842236,0.223888055972014,0.993503248375812,2000,0.6852872862006282,1.0,0.6818812815814315,1.0,1.0,1.0
homograph_icf_position8,Liturgie,153,2800,0.05181171689806976,0.04858536805894825,0.02719132254551698,0.07764434243886312,0.4799229691876751,0.39773878065373,0.5656141979279934,0.7988713242171943,0.6751624187906047,1.0,2000,0.9994262053241604,1.0,0.9529688937044083,1.0,1.0,1.0
homograph_icf_position8,Mischgedicht,45,1633,0.026817640047675805,0.04516743856328687,0.017070841794428238,0.11585874069880843,0.6012315438524869,0.43442074213500714,0.7346336343250633,0.010175732318815883,0.05847076461769116,0.8065967016491754,2000,0.02180514068317689,0.11706892831518777,0.12807155744161816,0.6875993232602624,1.0,1.0
homograph_icf_position8,Thronbesteigungslied,15,1006,0.014691478942213516,0.04266594637134033,0.006813391148711011,0.19098164844021373,0.547481776010603,0.25339310144711447,0.85111052613225,0.2638279665314698,0.28835582208895555,0.9875062468765617,2000,0.3793723992617772,1.0,0.4023569610543566,1.0,1.0,1.0
homograph_icf_position8,Wallfahrtslied,0,172,0.0,nan,nan,nan,nan,nan,nan,nan,nan,0.0004997501249375312,2000,nan,nan,nan,nan,0.0004997501249375312,0.0026830925973780084
homograph_icf_position8,Weisheitsgedicht,45,1639,0.02672209026128266,0.04113391588335732,0.014445511889127379,0.09116211928412941,0.562016134499356,0.40404180255811145,0.7364444959086444,0.07763478711377363,0.15992003998001,0.9620189905047476,2000,0.23290436134132086,1.0,0.42251601471991274,1.0,1.0,1.0
homograph_icf_position8,Zionslied,15,1007,0.014677103718199608,0.02250060945508548,0.00766786568751935,0.06268948201659165,0.6288977159880834,0.41623996080109676,0.8892095815124474,0.043142615836556625,0.07896051974012994,0.6736631684157921,2000,0.08774769322689482,0.4711058074542899,0.15792103948025987,0.8478572607714507,1.0,1.0
homograph_icf_position8,prophetische Gerichtsrede,1,342,0.0029154518950437317,0.0070921985815602835,nan,nan,0.5935672514619883,nan,nan,0.37519159910245026,0.38169084542271137,0.8370814592703648,2000,0.4947581526625718,1.0,0.5050351262587816,1.0,1.0,1.0
homograph_icf_position8,"prophetische Schelt-, Droh- und Mahnrede",3,511,0.005836575875486381,0.1717866263123049,0.004160046125759714,0.5,0.5446836268754077,0.05973269310264908,0.9980694980694981,0.3954624972262743,0.39580209895052476,0.993503248375812,2000,0.46073300647721277,1.0,0.4548669061695567,1.0,1.0,1.0
homograph_icf_position8,prophetische Tora,0,172,0.0,nan,nan,nan,nan,nan,nan,nan,nan,0.0004997501249375312,2000,nan,nan,nan,nan,0.0004997501249375312,0.0026830925973780084
homograph_icf_position8_psalm,Danklied Israels,6,676,0.008797653958944282,0.02708611029364121,0.005249343832020997,0.14285714285714285,0.520956607495069,0.17349430663257248,0.9717295123080858,0.430198580597293,0.4107946026986507,1.0,2000,0.9947817580173883,1.0,0.9950024987506247,1.0,1.0,1.0
homograph_icf_position8_psalm,Danklied des Einzelnen,78,2087,0.03602771362586605,0.08230179086378961,0.03961761441345121,0.1570979363260736,0.7628235843377195,0.648606478122447,0.8349102692428931,1.4778093786942904e-15,0.0004997501249375312,0.26786606696651677,2000,1.1822475029554323e-14,6.34733112642016e-14,0.0011758826469118382,0.006313159052654138,0.8349671318187061,1.0
homograph_icf_position8_psalm,Fluch,0,173,0.0,nan,nan,nan,nan,nan,nan,nan,nan,0.0004997501249375312,2000,nan,nan,nan,nan,0.0004997501249375312,0.0026830925973780084
homograph_icf_position8_psalm,Hymnus,465,4421,0.09516987310683586,0.14408360700159387,0.08983932901327656,0.2185083715633497,0.5978621097255766,0.5217148584181653,0.6707873471044701,1.788508957066707e-12,0.0029985007496251873,0.816591704147926,2000,6.7069085890001516e-12,3.600850882966102e-11,0.010903639089546136,0.05854020212461109,1.0,1.0
homograph_icf_position8_psalm,Klagelied des Einzelnen,1176,6123,0.1611179613645705,0.18592023969919572,0.1321042831481264,0.2668443318445557,0.5610154808289476,0.5060835863833073,0.6251354113822426,1.5869933244422277e-11,0.015492253873063468,0.9580209895052474,2000,3.593192432699383e-11,1.9291376902277922e-10,0.03645236205426698,0.19570793063227826,1.0,1.0
homograph_icf_position8_psalm,Klagelied des Volkes,36,1484,0.02368421052631579,0.02459254496024503,0.009770357488497592,0.05595386368143198,0.43409329140461217,0.29271301866673055,0.7026781764756842,0.9120158641455728,0.84007996001999,1.0,2000,0.946508144184988,1.0,0.9171276430750143,1.0,1.0,1.0
homograph_icf_position8_psalm,Königspsalm,45,1636,0.02676977989292088,0.030493215656909822,0.013438435990443804,0.06649292919403342,0.5219641401792992,0.3782666804542637,0.6740409561254201,0.3074057815018325,0.32983508245877063,1.0,2000,0.6852872862006282,1.0,0.6818812815814315,1.0,1.0,1.0
homograph_icf_position8_psalm,Liturgie,153,2800,0.05181171689806976,0.048588301345276794,0.027810232160323804,0.07729974473660482,0.47732259570494867,0.39328646038472526,0.5541769357312298,0.8279449755100452,0.7076461769115442,1.0,2000,0.9994262053241604,1.0,0.9529688937044083,1.0,1.0,1.0
homograph_icf_position8_psalm,Mischgedicht,45,1633,0.026817640047675805,0.040897396868279846,0.016007650519896763,0.1070309122003739,0.571089337960128,0.3992542434076546,0.7197536369141051,0.05165392787177356,0.13493253373313344,0.9270364817591205,2000,0.06964574544508795,0.37391883406921983,0.18124271197734465,0.9730682486490911,1.0,1.0
homograph_icf_position8_psalm,Thronbesteigungslied,15,1006,0.014691478942213516,0.04214370689845314,0.009090691508796888,0.19316924953960588,0.5738568588469185,0.26089741608561523,0.8073150668693216,0.16288593648660116,0.20239880059970014,0.9185407296351824,2000,0.2961562481574566,1.0,0.35286704473850034,1.0,1.0,1.0
homograph_icf_position8_psalm,Wallfahrtslied,0,172,0.0,nan,nan,nan,nan,nan,nan,nan,nan,0.0004997501249375312,2000,nan,nan,nan,nan,0.0004997501249375312,0.0026830925973780084
homograph_icf_position8_psalm,Weisheitsgedicht,45,1639,0.02672209026128266,0.03822773743393091,0.01514836811300806,0.08703909173976555,0.5500711816148057,0.4133920227783093,0.7222921308279627,0.12560781469060972,0.19990004997501248,0.9830084957521239,2000,0.2885976322909071,1.0,0.42251601471991274,1.0,1.0,1.0
homograph_icf_position8_psalm,Zionslied,15,1007,0.014677103718199608,0.03955809266174712,0.009927447205668754,0.14733158799492077,0.7436941410129096,0.29484788279848184,0.9109167300574164,0.0005905782931842918,0.005997001499250375,0.30434782608695654,2000,0.004653641469993742,0.024984788108962038,0.0399800099950025,0.2146474077902407,1.0,1.0
homograph_icf_position8_psalm,prophetische Gerichtsrede,1,342,0.0029154518950437317,0.01020408163265306,nan,nan,0.7192982456140351,nan,nan,0.22590152861613105,0.24012006003001501,0.36081959020489757,2000,0.37615495170052926,1.0,0.38419209604802407,1.0,0.585112848980915,1.0
homograph_icf_position8_psalm,"prophetische Schelt-, Droh- und Mahnrede",3,511,0.005836575875486381,0.17444344163658243,0.006093160735272625,0.5,0.7181996086105675,0.3297124936746289,0.9980694980694981,0.09643154360116862,0.111944027986007,0.36231884057971014,2000,0.21577660918401917,1.0,0.24091402574574783,1.0,0.8107057582319952,1.0
homograph_icf_position8_psalm,prophetische Tora,0,172,0.0,nan,nan,nan,nan,nan,nan,nan,nan,0.0004997501249375312,2000,nan,nan,nan,nan,0.0004997501249375312,0.0026830925973780084
homograph_icf_position_mean,Danklied Israels,6,676,0.008797653958944282,0.007411371965011789,0.003949816301907563,0.015377966706946113,0.3244575936883629,0.039042190251824406,0.8321069457620194,0.9309516153513777,0.9375312343828086,1.0,2000,0.9947817580173883,1.0,0.9950024987506247,1.0,1.0,1.0
homograph_icf_position_mean,Danklied des Einzelnen,78,2087,0.03602771362586605,0.09394115842542725,0.04228178746674255,0.17122101921053148,0.7904426670598209,0.6993410534981791,0.8612032171847848,1.3643015837614267e-18,0.0004997501249375312,0.20389805097451275,2000,2.7286031675228533e-17,1.4649511014885473e-16,0.0011758826469118382,0.006313159052654138,0.8349671318187061,1.0
homograph_icf_position_mean,Fluch,0,173,0.0,nan,nan,nan,nan,nan,nan,nan,nan,0.0004997501249375312,2000,nan,nan,nan,nan,0.0004997501249375312,0.0026830925973780084
homograph_icf_position_mean,Hymnus,465,4421,0.09516987310683586,0.13492162120354098,0.08879958468218349,0.20856103569752382,0.5753751036718691,0.4943500037061709,0.6591021705447471,4.271045927339463e-08,0.021989005497251374,0.9205397301349325,2000,7.649634496727396e-08,4.106988005932427e-07,0.03880412734809066,0.20833424873758657,1.0,1.0
homograph_icf_position_mean,Klagelied des Einzelnen,1176,6123,0.1611179613645705,0.19923428540507418,0.1398240849387895,0.2821799660043667,0.5731214746228395,0.511752301801273,0.639820694097571,8.93099443001227e-16,0.00849575212393803,0.9300349825087456,2000,2.55171269428922e-15,1.3699809362806482e-14,0.02265533899716808,0.12163353108113639,1.0,1.0
homograph_icf_position_mean,Klagelied des Volkes,36,1484,0.02368421052631579,0.03284799699633671,0.00984674784063572,0.09164639075927677,0.52193770589997,0.30419162131531174,0.7722713485733664,0.32628510352469386,0.351824087956022,1.0,2000,0.946508144184988,1.0,0.9099450274862569,1.0,1.0,1.0
homograph_icf_position_mean,Königspsalm,45,1636,0.02676977989292088,0.031935944464227296,0.014313350211654809,0.0675649252738927,0.5547269763651181,0.3728807118906924,0.6916586567319155,0.1049075629345465,0.18590704647676162,0.9765117441279361,2000,0.6852872862006282,1.0,0.6818812815814315,1.0,1.0,1.0
homograph_icf_position_mean,Liturgie,153,2800,0.05181171689806976,0.04778076312824782,0.027783488664564163,0.07937680150903317,0.4723576097105509,0.3894188844202121,0.5541117200831823,0.8755855357690607,0.7321339330334833,1.0,2000,0.9994262053241604,1.0,0.9529688937044083,1.0,1.0,1.0
homograph_icf_position_mean,Mischgedicht,45,1633,0.026817640047675805,0.04096947066893205,0.017184085416298574,0.0858980768618733,0.63274817990066,0.43739109163993417,0.7641921865179797,0.0011747370975410663,0.02498750624687656,0.6541729135432284,2000,0.007847824479462698,0.04213393597250295,0.1222465690231807,0.6563257276663129,1.0,1.0
homograph_icf_position_mean,Thronbesteigungslied,15,1006,0.014691478942213516,0.042792102418793325,0.013021483883183957,0.3333333333333333,0.5908880053015242,0.3596441964240949,0.8263567079488829,0.11326091412661976,0.16691654172913542,0.8545727136431784,2000,0.23036118127448085,1.0,0.32836040995895494,1.0,1.0,1.0
homograph_icf_position_mean,Wallfahrtslied,0,172,0.0,nan,nan,nan,nan,nan,nan,nan,nan,0.0004997501249375312,2000,nan,nan,nan,nan,0.0004997501249375312,0.0026830925973780084
homograph_icf_position_mean,Weisheitsgedicht,45,1639,0.02672209026128266,0.04742390586444105,0.014490827089963966,0.12469455132935732,0.5828960748423836,0.3812634377216218,0.7772825859773685,0.02873628245525435,0.10194902548725637,0.8930534732633684,2000,0.22876453724756324,1.0,0.42251601471991274,1.0,1.0,1.0
homograph_icf_position_mean,Zionslied,15,1007,0.014677103718199608,0.03413607888539459,0.00852787961145346,0.1475473756627798,0.6967560410460113,0.42016966052563826,0.9259833570192276,0.004414635608837581,0.020989505247376312,0.4172913543228386,2000,0.019620602705944807,0.10534043164670728,0.07871064467766117,0.4225870840870364,1.0,1.0
homograph_icf_position_mean,prophetische Gerichtsrede,1,342,0.0029154518950437317,0.011764705882352941,nan,nan,0.7573099415204678,nan,nan,0.18842749549700843,0.18209104552276137,0.26286856571714146,2000,0.36697981871958385,1.0,0.3637112673984051,1.0,0.5378849037019952,1.0
homograph_icf_position_mean,"prophetische Schelt-, Droh- und Mahnrede",3,511,0.005836575875486381,0.172148074916241,0.005494505494505495,0.5,0.6092628832354859,0.27667836879467544,0.9980694980694981,0.2574980800669807,0.24537731134432783,0.769615192403798,2000,0.3768264586346059,1.0,0.3635219427323375,1.0,1.0,1.0
homograph_icf_position_mean,prophetische Tora,0,172,0.0,nan,nan,nan,nan,nan,nan,nan,nan,0.0004997501249375312,2000,nan,nan,nan,nan,0.0004997501249375312,0.0026830925973780084
homograph_icf_position_mean_psalm,Danklied Israels,6,676,0.008797653958944282,0.02750825766765506,0.005116283548658493,0.12271194157375917,0.602810650887574,0.37679110622312084,0.9910216969087303,0.19301062935622465,0.20089955022488756,0.7721139430284858,2000,0.9947817580173883,1.0,0.9950024987506247,1.0,1.0,1.0
homograph_icf_position_mean_psalm,Danklied des Einzelnen,78,2087,0.03602771362586605,0.05337402496084805,0.024401337994396855,0.09105330000909165,0.6394407381470151,0.5467709598168534,0.7301928995246479,1.4105048397521623e-05,0.004497751124437781,0.5992003998001,2000,2.0392841056657767e-05,0.0001094864776381282,0.006502772710030526,0.03491253018274999,0.8659955736417505,1.0
homograph_icf_position_mean_psalm,Fluch,0,173,0.0,nan,nan,nan,nan,nan,nan,nan,nan,0.0004997501249375312,2000,nan,nan,nan,nan,0.0004997501249375312,0.0026830925973780084
homograph_icf_position_mean_psalm,Hymnus,465,4421,0.09516987310683586,0.13688457020049746,0.08758622945299578,0.20510307348370432,0.576318791301535,0.5087708876094704,0.6497177440241858,2.9412856522211512e-08,0.0069965017491254375,0.8830584707646177,2000,5.347792094947547e-08,2.8711591385923064e-07,0.017134289997858213,0.09199174619581744,1.0,1.0
homograph_icf_position_mean_psalm,Klagelied des Einzelnen,1176,6123,0.1611179613645705,0.2811290503870642,0.20337624257806594,0.38352777173970115,0.6583076967517368,0.6021405351992487,0.7226400969165054,8.875630869249168e-67,0.0004997501249375312,0.5412293853073463,2000,8.875630869249167e-66,4.765209310416671e-65,0.0023988005997001498,0.012878844467414441,1.0,1.0
homograph_icf_position_mean_psalm,Klagelied des Volkes,36,1484,0.02368421052631579,0.03731549906923698,0.011277784832794397,0.1945326730695893,0.5446054207846661,0.3532474492335843,0.7832998655357403,0.17994665628568618,0.21389305347326337,0.975512243878061,2000,0.946508144184988,1.0,0.9099450274862569,1.0,1.0,1.0
homograph_icf_position_mean_psalm,Königspsalm,45,1636,0.02676977989292088,0.03564701644337478,0.01471155519684856,0.09942310811734585,0.49948383591415374,0.329646495415299,0.7480637918554041,0.504781235977762,0.4577711144427786,1.0,2000,0.7338030811866151,1.0,0.6818812815814315,1.0,1.0,1.0
homograph_icf_position_mean_psalm,Liturgie,153,2800,0.05181171689806976,0.06845821187201948,0.03609063271225645,0.1137312411490605,0.5555859010270775,0.47985077980564905,0.6489581973709511,0.010202598660133828,0.0734632683658171,0.9535232383808095,2000,0.12243118392160593,0.6573169007398411,0.879560219890055,1.0,1.0,1.0
homograph_icf_position_mean_psalm,Mischgedicht,45,1633,0.026817640047675805,0.04071370925409653,0.01671154154407717,0.09434765592101976,0.6153432673334694,0.43394623225573814,0.7827951223743018,0.004106230163370347,0.02798600699650175,0.712143928035982,2000,0.013136290701826318,0.0705270145624906,0.1222465690231807,0.6563257276663129,1.0,1.0
homograph_icf_position_mean_psalm,Thronbesteigungslied,15,1006,0.014691478942213516,0.08512774999351984,0.012581491834775716,0.2608550253911734,0.7656394963552021,0.4839415567908477,0.9385886873997149,0.0002035173001321588,0.001999000499750125,0.27386306846576713,2000,0.0016281384010572704,0.008741260628858643,0.014992503748125937,0.08049277792134026,1.0,1.0
homograph_icf_position_mean_psalm,Wallfahrtslied,0,172,0.0,nan,nan,nan,nan,nan,nan,nan,nan,0.0004997501249375312,2000,nan,nan,nan,nan,0.0004997501249375312,0.0026830925973780084
homograph_icf_position_mean_psalm,Weisheitsgedicht,45,1639,0.02672209026128266,0.04289480080619784,0.015286976045390706,0.12307410620864087,0.5376652430343706,0.3939956218752595,0.6927595677592278,0.19404782962986283,0.24887556221889057,0.9865067466266867,2000,0.332653422222622,1.0,0.4266438209466695,1.0,1.0,1.0
homograph_icf_position_mean_psalm,Zionslied,15,1007,0.014677103718199608,0.0774348958644431,0.00944004797031,0.3847657718757666,0.7942734193975505,0.3128392837812115,0.9567210472322569,4.489273542804168e-05,0.0004997501249375312,0.22088955522238882,2000,0.0014860197972608436,0.007978244563893065,0.02306539038173221,0.1238350429559081,1.0,1.0
homograph_icf_position_mean_psalm,prophetische Gerichtsrede,1,342,0.0029154518950437317,0.2,nan,nan,0.9912280701754386,nan,nan,0.04535487616634479,0.010505252626313157,0.010494752623688156,2000,0.36697981871958385,1.0,0.3601800900450225,1.0,0.3782724022604082,1.0
homograph_icf_position_mean_psalm,"prophetische Schelt-, Droh- und Mahnrede",3,511,0.005836575875486381,0.17777777777777778,0.011122898922124126,0.5,0.8023483365949119,0.6431855974359391,0.9980694980694981,0.03553073660833931,0.047476261869065464,0.2108945527236382,2000,0.11220232613159782,0.6023995105352187,0.13850217748268723,0.7435999484161909,0.6172523494350386,1.0
homograph_icf_position_mean_psalm,prophetische Tora,0,172,0.0,nan,nan,nan,nan,nan,nan,nan,nan,0.0004997501249375312,2000,nan,nan,nan,nan,0.0004997501249375312,0.0026830925973780084
homograph_icf_psalm,Danklied Israels,6,676,0.008797653958944282,0.015111878479233445,0.004640371229698376,0.15421614442238088,0.5128205128205128,0.18053916045915439,0.988422245198683,0.45732063221439234,0.44227886056971516,1.0,2000,0.9947817580173883,1.0,0.9950024987506247,1.0,1.0,1.0
homograph_icf_psalm,Danklied des Einzelnen,78,2087,0.03602771362586605,0.05677920962888588,0.02539332794195887,0.11119185792265003,0.6493678817588736,0.5533341644778076,0.750053067374268,3.635855413548267e-06,0.0029985007496251873,0.5737131434282858,2000,5.453783120322401e-06,2.9280643240802187e-05,0.004997501249375313,0.026830925973780086,0.8659955736417505,1.0
homograph_icf_psalm,Fluch,0,173,0.0,nan,nan,nan,nan,nan,nan,nan,nan,0.0004997501249375312,2000,nan,nan,nan,nan,0.0004997501249375312,0.0026830925973780084
homograph_icf_psalm,Hymnus,465,4421,0.09516987310683586,0.14221451683947578,0.09094074121344232,0.2076535547825538,0.5797077973406494,0.508637359874456,0.6581354119008596,7.4323052296746144e-09,0.006496751624187906,0.8685657171414293,2000,1.511655300950769e-08,8.115878206684236e-08,0.016587450955373378,0.0890558394023339,1.0,1.0
homograph_icf_psalm,Klagelied des Einzelnen,1176,6123,0.1611179613645705,0.2648932960724288,0.18824764157482995,0.36331311882629325,0.6438298330927994,0.5888092726648322,0.7055221038659144,1.7093620334774055e-55,0.0004997501249375312,0.5982008995502249,2000,1.3674896267819244e-54,7.341871690514203e-54,0.0023988005997001498,0.012878844467414441,1.0,1.0
homograph_icf_psalm,Klagelied des Volkes,36,1484,0.02368421052631579,0.04319413299776667,0.012221216091813631,0.23498499804973225,0.5565289008685235,0.3741816556913274,0.7879524307967893,0.12295104051464267,0.1679160419790105,0.952023988005997,2000,0.946508144184988,1.0,0.9099450274862569,1.0,1.0,1.0
homograph_icf_psalm,Königspsalm,45,1636,0.02676977989292088,0.03463750776994095,0.01405534695958323,0.09519999038184902,0.5130263515349089,0.3421332049956392,0.7388209639473352,0.38270600232664465,0.375312343828086,1.0,2000,0.6945170791118931,1.0,0.6818812815814315,1.0,1.0,1.0
homograph_icf_psalm,Liturgie,153,2800,0.05181171689806976,0.06458123928815526,0.033665859667096176,0.10493484367594512,0.5494094304388422,0.4777519422362578,0.6361026984909016,0.019644339028771978,0.10444777611194403,0.9715142428785607,2000,0.18133236026558747,0.9735495585008536,0.9529688937044083,1.0,1.0,1.0
homograph_icf_psalm,Mischgedicht,45,1633,0.026817640047675805,0.04515919733608838,0.016954579737637653,0.11783335479344374,0.6255222154181126,0.4550755692461917,0.7926045696391494,0.002010672311451781,0.02448775612193903,0.6721639180409795,2000,0.010053361557258904,0.053975174046065076,0.1222465690231807,0.6563257276663129,1.0,1.0
homograph_icf_psalm,Thronbesteigungslied,15,1006,0.014691478942213516,0.11225349349944845,0.012606588880477543,0.31008996473419986,0.800960901259112,0.5756399590551331,0.9316849217303652,3.0924537899632914e-05,0.0004997501249375312,0.20539730134932535,2000,0.00037109445479559494,0.0019923572499647682,0.008567144998929107,0.045995873097908715,1.0,1.0
homograph_icf_psalm,Wallfahrtslied,0,172,0.0,nan,nan,nan,nan,nan,nan,nan,nan,0.0004997501249375312,2000,nan,nan,nan,nan,0.0004997501249375312,0.0026830925973780084
homograph_icf_psalm,Weisheitsgedicht,45,1639,0.02672209026128266,0.039412904169923386,0.01348015083708904,0.12163957662933217,0.5249881363975324,0.36650710634226835,0.6678881589074404,0.28347959003262724,0.32233883058470764,0.9980009995002499,2000,0.39555291632459616,1.0,0.4497751124437781,1.0,1.0,1.0
homograph_icf_psalm,Zionslied,15,1007,0.014677103718199608,0.11610733324945068,0.024381381023034065,0.6545293941983464,0.7766633565044687,0.15491275085020012,0.9386166014487939,0.0001155933073455367,0.0014992503748125937,0.24987506246876562,2000,0.0017641201507673366,0.009471328732535844,0.02306539038173221,0.1238350429559081,1.0,1.0
homograph_icf_psalm,prophetische Gerichtsrede,1,342,0.0029154518950437317,0.05263157894736842,nan,nan,0.9502923976608187,nan,nan,0.060538044749804856,0.03901950975487744,0.04097951024487756,2000,0.36697981871958385,1.0,0.3601800900450225,1.0,0.3782724022604082,1.0
homograph_icf_psalm,"prophetische Schelt-, Droh- und Mahnrede",3,511,0.005836575875486381,0.1775035905470688,0.010526315789473684,0.5,0.7958251793868232,0.6127486780068474,0.9980694980694981,0.03868972862102707,0.04847576211894053,0.21639180409795103,2000,0.11804462184015832,0.6337660266902501,0.13850217748268723,0.7435999484161909,0.6182622974227172,1.0
homograph_icf_psalm,prophetische Tora,0,172,0.0,nan,nan,nan,nan,nan,nan,nan,nan,0.0004997501249375312,2000,nan,nan,nan,nan,0.0004997501249375312,0.0026830925973780084
homograph_icf_spacing2,Danklied Israels,6,676,0.008797653958944282,0.008555267596596562,0.004484304932735426,0.026467944014210813,0.40458579881656803,0.2168859431813229,0.9053150785460088,0.7900221469318838,0.776111944027986,1.0,2000,0.9947817580173883,1.0,0.9950024987506247,1.0,1.0,1.0
homograph_icf_spacing2,Danklied des Einzelnen,78,2087,0.03602771362586605,0.04556125521164009,0.02107811905481547,0.12489080920567121,0.5314523361959874,0.42163410512301275,0.7093048692574396,0.1724690460994326,0.2303848075962019,0.991504247876062,2000,0.1724690460994326,0.9259635921533345,0.2303848075962019,1.0,0.991504247876062,1.0
homograph_icf_spacing2,Fluch,0,173,0.0,nan,nan,nan,nan,nan,nan,nan,nan,0.0004997501249375312,2000,nan,nan,nan,nan,0.0004997501249375312,0.0026830925973780084
homograph_icf_spacing2,Hymnus,465,4421,0.09516987310683586,0.0976224335090588,0.06565879171582427,0.14974311543394347,0.5083168552825834,0.4458711444948237,0.5957701441556691,0.2772988871485493,0.36481759120439783,0.999000499750125,2000,0.2971059505163028,1.0,0.39087599057614053,1.0,1.0,1.0
homograph_icf_spacing2,Klagelied des Einzelnen,1176,6123,0.1611179613645705,0.14761370519970912,0.10914372835740997,0.20140375895480359,0.4624760160474446,0.4325263051270632,0.5124528969678886,0.9999777217768776,0.9480259870064968,1.0,2000,0.9999994887319635,1.0,0.9570214892553723,1.0,1.0,1.0
homograph_icf_spacing2,Klagelied des Volkes,36,1484,0.02368421052631579,0.02451428103111908,0.008390274082903064,0.07548833614205123,0.432520964360587,0.325081981003033,0.6460989102002185,0.917058398729636,0.8745627186406797,1.0,2000,0.946508144184988,1.0,0.9171276430750143,1.0,1.0,1.0
homograph_icf_spacing2,Königspsalm,45,1636,0.02676977989292088,0.030633662138876933,0.012957734763104675,0.07275026403646939,0.5439554468894322,0.4323817288025015,0.7182391959607205,0.1569162903871983,0.22488755622188905,0.9735132433783108,2000,0.6852872862006282,1.0,0.6818812815814315,1.0,1.0,1.0
homograph_icf_spacing2,Liturgie,153,2800,0.05181171689806976,0.05052621402962856,0.028767286069247257,0.07981402019246722,0.4840452847805789,0.4181425191569091,0.5818831742446643,0.7471752398973325,0.6331834082958521,1.0,2000,0.9994262053241604,1.0,0.9529688937044083,1.0,1.0,1.0
homograph_icf_spacing2,Mischgedicht,45,1633,0.026817640047675805,0.037797700561603136,0.01670265917589944,0.0980739495369114,0.6080764781928285,0.5164661408149313,0.8091162510281238,0.006630681946016137,0.05297351324337831,0.7661169415292354,2000,0.015410950958065923,0.08273936587671857,0.1222465690231807,0.6563257276663129,1.0,1.0
homograph_icf_spacing2,Thronbesteigungslied,15,1006,0.014691478942213516,0.014199774742694321,0.006689920168123046,0.03152717305731164,0.48399602385685886,0.33532407400655445,0.7307002292053942,0.5845196581085066,0.519240379810095,1.0,2000,0.6680224664097217,1.0,0.5934175769258228,1.0,1.0,1.0
homograph_icf_spacing2,Wallfahrtslied,0,172,0.0,nan,nan,nan,nan,nan,nan,nan,nan,0.0004997501249375312,2000,nan,nan,nan,nan,0.0004997501249375312,0.0026830925973780084
homograph_icf_spacing2,Weisheitsgedicht,45,1639,0.02672209026128266,0.03555218416757512,0.013717598197586413,0.162909146942163,0.4772354416649719,0.363075159956399,0.7511022934850152,0.6991248770014938,0.5937031484257871,1.0,2000,0.8065041828197163,1.0,0.6916929884572276,1.0,1.0,1.0
homograph_icf_spacing2,Zionslied,15,1007,0.014677103718199608,0.01712478568142064,0.006411937139327168,0.06641299732361299,0.47590201919894076,0.2655200093469215,0.7419032083441793,0.6259746723859628,0.5467266366816592,1.0,2000,0.6946482929413824,1.0,0.6096951524237881,1.0,1.0,1.0
homograph_icf_spacing2,prophetische Gerichtsrede,1,342,0.0029154518950437317,0.0072992700729927005,nan,nan,0.6052631578947368,nan,nan,0.3599725710136424,0.36368184092046024,0.7736131934032984,2000,0.4908716877458759,1.0,0.49592978307335484,1.0,1.0,1.0
homograph_icf_spacing2,"prophetische Schelt-, Droh- und Mahnrede",3,511,0.005836575875486381,0.01040646481366531,0.005181117193355713,0.02235926818917211,0.5205479452054794,0.270622912880951,0.8550203614960508,0.4519014442639106,0.39980009995002497,0.9975012493753124,2000,0.4929833937424479,1.0,0.4548669061695567,1.0,1.0,1.0
homograph_icf_spacing2,prophetische Tora,0,172,0.0,nan,nan,nan,nan,nan,nan,nan,nan,0.0004997501249375312,2000,nan,nan,nan,nan,0.0004997501249375312,0.0026830925973780084
homograph_icf_spacing2_psalm,Danklied Israels,6,676,0.008797653958944282,0.014220963794981459,0.006385087473025699,0.03626263814488405,0.6146449704142012,0.384794327365891,0.9066865425461971,0.16683273561017697,0.1619190404797601,0.728135932033983,2000,0.9947817580173883,1.0,0.9950024987506247,1.0,1.0,1.0
homograph_icf_spacing2_psalm,Danklied des Einzelnen,78,2087,0.03602771362586605,0.04528540145514283,0.020809645659752758,0.10167359309527034,0.5574865160394629,0.4250044767119947,0.7127786170797179,0.042147987465402686,0.11244377811094453,0.9490254872563718,2000,0.04398050865955063,0.23612555820393277,0.11632114976994262,0.6245129321483296,0.9764348594933301,1.0
homograph_icf_spacing2_psalm,Fluch,0,173,0.0,nan,nan,nan,nan,nan,nan,nan,nan,0.0004997501249375312,2000,nan,nan,nan,nan,0.0004997501249375312,0.0026830925973780084
homograph_icf_spacing2_psalm,Hymnus,465,4421,0.09516987310683586,0.10056863660213282,0.06363724260579517,0.16113243770885927,0.5002668106519957,0.4373458148961178,0.5854462969728241,0.49244477522429014,0.4592703648175912,1.0,2000,0.5094256295423691,1.0,0.4751072739492323,1.0,1.0,1.0
homograph_icf_spacing2_psalm,Klagelied des Einzelnen,1176,6123,0.1611179613645705,0.15246004255718987,0.11130612197268183,0.20571747005617189,0.47009408042165096,0.4369470753481218,0.524262599702197,0.9994303721113127,0.9010494752623688,1.0,2000,0.9999994887319635,1.0,0.9527410207939507,1.0,1.0,1.0
homograph_icf_spacing2_psalm,Klagelied des Volkes,36,1484,0.02368421052631579,0.019785362904167332,0.00875407312132095,0.03909434805010128,0.42318059299191374,0.3216323254150229,0.59330769009419,0.9426383495839483,0.9205397301349325,1.0,2000,0.946508144184988,1.0,0.9215392303848076,1.0,1.0,1.0
homograph_icf_spacing2_psalm,Königspsalm,45,1636,0.02676977989292088,0.02968319143123667,0.012820816841299864,0.07811410272687107,0.5211491442542787,0.42010930376700195,0.6942358139440024,0.3140016294565457,0.32233883058470764,0.9980009995002499,2000,0.6852872862006282,1.0,0.6818812815814315,1.0,1.0,1.0
homograph_icf_spacing2_psalm,Liturgie,153,2800,0.05181171689806976,0.04730982416778133,0.02771993277396298,0.07768734784790536,0.47660714285714284,0.4252437413420414,0.5870713550415271,0.8354484173072849,0.7031484257871065,1.0,2000,0.9994262053241604,1.0,0.9529688937044083,1.0,1.0,1.0
homograph_icf_spacing2_psalm,Mischgedicht,45,1633,0.026817640047675805,0.03050405423771299,0.014725309063638834,0.05833803344398668,0.5720419133156427,0.4645587020221822,0.7084419284844256,0.04938410153163117,0.11444277861069466,0.895552223888056,2000,0.06790842536077536,0.3645913913635719,0.16747723699126046,0.8991632265359473,1.0,1.0
homograph_icf_spacing2_psalm,Thronbesteigungslied,15,1006,0.014691478942213516,0.01735971281310697,0.00693012229302654,0.042384019181572995,0.5496023856858847,0.35257161758512306,0.7802774666110839,0.254686215184188,0.25537231384307846,0.9685157421289355,2000,0.37271153441588484,1.0,0.40187698358612906,1.0,1.0,1.0
homograph_icf_spacing2_psalm,Wallfahrtslied,0,172,0.0,nan,nan,nan,nan,nan,nan,nan,nan,0.0004997501249375312,2000,nan,nan,nan,nan,0.0004997501249375312,0.0026830925973780084
homograph_icf_spacing2_psalm,Weisheitsgedicht,45,1639,0.02672209026128266,0.02861600521233402,0.010649464056536745,0.07997533994743117,0.46350077960816216,0.36028273819473666,0.652835280609915,0.7986090673315898,0.6996501749125438,1.0,2000,0.8406411235069365,1.0,0.7347630532559807,1.0,1.0,1.0
homograph_icf_spacing2_psalm,Zionslied,15,1007,0.014677103718199608,0.01860151391067895,0.007243286232886738,0.16543351879586357,0.5080767957629924,0.29642918017272796,0.7338958993987892,0.4573666181529768,0.39930034982508744,1.0,2000,0.571708272691221,1.0,0.4991254372813593,1.0,1.0,1.0
homograph_icf_spacing2_psalm,prophetische Gerichtsrede,1,342,0.0029154518950437317,0.0044444444444444444,nan,nan,0.347953216374269,nan,nan,0.7020215528184804,0.6708354177088545,1.0,2000,0.7947413805492232,1.0,0.7573880398142997,1.0,1.0,1.0
homograph_icf_spacing2_psalm,"prophetische Schelt-, Droh- und Mahnrede",3,511,0.005836575875486381,0.010774022442862078,0.005353228343142514,0.02193954310971831,0.553163731245923,0.30434782608695654,0.8695125902720556,0.37608006856877585,0.3308345827086457,0.9580209895052474,2000,0.4468278042401297,1.0,0.4092798961344071,1.0,1.0,1.0
homograph_icf_spacing2_psalm,prophetische Tora,0,172,0.0,nan,nan,nan,nan,nan,nan,nan,nan,0.0004997501249375312,2000,nan,nan,nan,nan,0.0004997501249375312,0.0026830925973780084
homograph_icf_spacing4,Danklied Israels,6,676,0.008797653958944282,0.0102532312231618,0.0042643923240938165,0.10485605391359297,0.30177514792899407,0.08672945143537186,0.9700099957135294,0.9529734150905508,0.9735132433783108,1.0,2000,0.9947817580173883,1.0,0.9950024987506247,1.0,1.0,1.0
homograph_icf_spacing4,Danklied des Einzelnen,78,2087,0.03602771362586605,0.046834052787644104,0.02280425859330798,0.09592318072230242,0.5923420933004067,0.46210275528375466,0.7421313560299176,0.0027768140056365687,0.050474762618690654,0.8250874562718641,2000,0.0032040161603498866,0.0172019407554703,0.05768544299278931,0.3097055455259187,0.9429570928821304,1.0
homograph_icf_spacing4,Fluch,0,173,0.0,nan,nan,nan,nan,nan,nan,nan,nan,0.0004997501249375312,2000,nan,nan,nan,nan,0.0004997501249375312,0.0026830925973780084
homograph_icf_spacing4,Hymnus,465,4421,0.09516987310683586,0.104117412361355,0.07175235036987024,0.15511104688076394,0.5300221572018202,0.46361012720509737,0.6075698144727949,0.01646161447907734,0.17841079460269865,0.9965017491254373,2000,0.01995347209585132,0.10712756355800704,0.21409295352323837,1.0,1.0,1.0
homograph_icf_spacing4,Klagelied des Einzelnen,1176,6123,0.1611179613645705,0.1513016797594606,0.11047302506231776,0.21140959663431763,0.47693346487704996,0.4301267127301504,0.5358669368382908,0.9939560223094814,0.792103948025987,1.0,2000,0.9999994887319635,1.0,0.9228395510982372,1.0,1.0,1.0
homograph_icf_spacing4,Klagelied des Volkes,36,1484,0.02368421052631579,0.02003656041496664,0.00913445049227495,0.03790982911931353,0.43770589997005094,0.33953590658817273,0.5802741304523923,0.8995700878467261,0.8295852073963018,1.0,2000,0.946508144184988,1.0,0.9171276430750143,1.0,1.0,1.0
homograph_icf_spacing4,Königspsalm,45,1636,0.02676977989292088,0.026752700301246074,0.013723068916349513,0.05288545939620204,0.5289459386036404,0.41899483892315736,0.6485844730518467,0.25359302060991157,0.2993503248375812,0.9980009995002499,2000,0.6852872862006282,1.0,0.6818812815814315,1.0,1.0,1.0
homograph_icf_spacing4,Liturgie,153,2800,0.05181171689806976,0.053033872238855514,0.028831991404308047,0.09237626375995633,0.47529878618113913,0.4038140310698441,0.5595758637602997,0.8486128514775048,0.7166416791604198,1.0,2000,0.9994262053241604,1.0,0.9529688937044083,1.0,1.0,1.0
homograph_icf_spacing4,Mischgedicht,45,1633,0.026817640047675805,0.03550963014097007,0.014519917749462692,0.07418603995914964,0.5819895216710893,0.4296648271190387,0.7243123942774177,0.03013399933239226,0.10444777611194403,0.8680659670164917,2000,0.048865944863338805,0.26235482170833924,0.16068888632606776,0.8627174659261597,1.0,1.0
homograph_icf_spacing4,Thronbesteigungslied,15,1006,0.014691478942213516,0.013884744246516556,0.006600105049222906,0.028911622082706576,0.4677601060304838,0.2644587151204465,0.6271113382535503,0.6662514266467099,0.6126936531734133,1.0,2000,0.7295897501025507,1.0,0.6796601699150425,1.0,1.0,1.0
homograph_icf_spacing4,Wallfahrtslied,0,172,0.0,nan,nan,nan,nan,nan,nan,nan,nan,0.0004997501249375312,2000,nan,nan,nan,nan,0.0004997501249375312,0.0026830925973780084
homograph_icf_spacing4,Weisheitsgedicht,45,1639,0.02672209026128266,0.03380266222124611,0.012101459786877301,0.10138309135636181,0.4808826520235916,0.36576880289058317,0.6881163325844669,0.6694143484703401,0.5807096451774113,1.0,2000,0.8032972181644081,1.0,0.6899520536761322,1.0,1.0,1.0
homograph_icf_spacing4,Zionslied,15,1007,0.014677103718199608,0.023164050455081797,0.009035114013610221,0.08657880715646739,0.6124793114862628,0.4295791927729658,0.748942429181434,0.06722517810342007,0.09695152423788106,0.7386306846576711,2000,0.12222759655167285,0.6562238669657017,0.18178410794602698,0.9759749322962507,1.0,1.0
homograph_icf_spacing4,prophetische Gerichtsrede,1,342,0.0029154518950437317,0.00392156862745098,nan,nan,0.260233918128655,nan,nan,0.7976364044086404,0.7923961980990495,1.0,2000,0.830982719458958,1.0,0.8243777060944265,1.0,1.0,1.0
homograph_icf_spacing4,"prophetische Schelt-, Droh- und Mahnrede",3,511,0.005836575875486381,0.012473017655499408,0.008378749422739924,0.017543859649122806,0.6973255055446836,0.5865671547548218,0.8271761357265575,0.11951824917927312,0.12393803098450774,0.4207896051974013,2000,0.23666430829315022,1.0,0.2513029199685871,1.0,0.8366784349760604,1.0
homograph_icf_spacing4,prophetische Tora,0,172,0.0,nan,nan,nan,nan,nan,nan,nan,nan,0.0004997501249375312,2000,nan,nan,nan,nan,0.0004997501249375312,0.0026830925973780084
homograph_icf_spacing4_psalm,Danklied Israels,6,676,0.008797653958944282,0.008376076243445538,0.004347826086956522,0.02127659574468085,0.39447731755424065,0.10895369004878759,0.8896191528285369,0.8137581839173307,0.7986006996501749,1.0,2000,0.9947817580173883,1.0,0.9950024987506247,1.0,1.0,1.0
homograph_icf_spacing4_psalm,Danklied des Einzelnen,78,2087,0.03602771362586605,0.04770566251501542,0.02155042059687764,0.1101135579126917,0.5814750654233165,0.4747072960402939,0.7173933021365116,0.00720881156012072,0.07146426786606697,0.8715642178910544,2000,0.007936306304720059,0.042608983238134335,0.07796101949025487,0.41856244519096936,0.967551938316556,1.0
homograph_icf_spacing4_psalm,Fluch,0,173,0.0,nan,nan,nan,nan,nan,nan,nan,nan,0.0004997501249375312,2000,nan,nan,nan,nan,0.0004997501249375312,0.0026830925973780084
homograph_icf_spacing4_psalm,Hymnus,465,4421,0.09516987310683586,0.10801581637634482,0.07008240420128034,0.160020254213976,0.5383455793828574,0.47563981855158854,0.6094624755054302,0.0032210518773806017,0.11394302848575712,0.9830084957521239,2000,0.0041119811200603425,0.02207668503368787,0.16086074609753948,0.8636401584030861,1.0,1.0
homograph_icf_spacing4_psalm,Klagelied des Einzelnen,1176,6123,0.1611179613645705,0.15033088341824263,0.10970057475599668,0.20861595060359994,0.47521000887697884,0.4314381667457507,0.5273327876437612,0.9965023950571976,0.8260869565217391,1.0,2000,0.9999994887319635,1.0,0.9281597733243471,1.0,1.0,1.0
homograph_icf_spacing4_psalm,Klagelied des Volkes,36,1484,0.02368421052631579,0.019831192415994136,0.008742439783058924,0.037962007862596424,0.4306304282719377,0.31681308935724145,0.5925578080996,0.9228298624990359,0.8675662168915542,1.0,2000,0.946508144184988,1.0,0.9171276430750143,1.0,1.0,1.0
homograph_icf_spacing4_psalm,Königspsalm,45,1636,0.02676977989292088,0.02564477770756009,0.013522013015491888,0.04927838304446214,0.4971882640586797,0.3776170327152281,0.6344044309680963,0.5257517066342476,0.49225387306346824,1.0,2000,0.7338030811866151,1.0,0.6818812815814315,1.0,1.0,1.0
homograph_icf_spacing4_psalm,Liturgie,153,2800,0.05181171689806976,0.05122839422947572,0.027155926527424615,0.09664041794815152,0.4688608776844071,0.3899744547485191,0.5993711672792803,0.9030401594028957,0.7596201899050474,1.0,2000,0.9994262053241604,1.0,0.9529688937044083,1.0,1.0,1.0
homograph_icf_spacing4_psalm,Mischgedicht,45,1633,0.026817640047675805,0.032375955584963687,0.014005143296849274,0.06545497427100444,0.5522555623596652,0.4370375924778777,0.6837070028154392,0.11557458679586513,0.1889055472263868,0.9660169915042479,2000,0.13083915486324355,0.7024581892893881,0.21185668847819078,1.0,1.0,1.0
homograph_icf_spacing4_psalm,Thronbesteigungslied,15,1006,0.014691478942213516,0.019261279382372924,0.007953488159343734,0.0779337491386188,0.5444333996023857,0.39865877609072803,0.8101373643025773,0.27725654956083373,0.27886056971514245,0.9775112443778111,2000,0.38686960403837267,1.0,0.4023569610543566,1.0,1.0,1.0
homograph_icf_spacing4_psalm,Wallfahrtslied,0,172,0.0,nan,nan,nan,nan,nan,nan,nan,nan,0.0004997501249375312,2000,nan,nan,nan,nan,0.0004997501249375312,0.0026830925973780084
homograph_icf_spacing4_psalm,Weisheitsgedicht,45,1639,0.02672209026128266,0.02846094474073569,0.011390802727371559,0.08996084753784507,0.4780353874313606,0.35689802672270965,0.6419137769194404,0.6927117642157319,0.5922038980509745,1.0,2000,0.8065041828197163,1.0,0.6916929884572276,1.0,1.0,1.0
homograph_icf_spacing4_psalm,Zionslied,15,1007,0.014677103718199608,0.0191800935564686,0.008757636725957653,0.04397086560580387,0.6114200595829196,0.4358756594312511,0.7574969166696349,0.06907961766653035,0.10194902548725637,0.7471264367816092,2000,0.12372468835796482,0.6642615556877591,0.18536186452228431,0.9951834361183887,1.0,1.0
homograph_icf_spacing4_psalm,prophetische Gerichtsrede,1,342,0.0029154518950437317,0.003787878787878788,nan,nan,0.23391812865497075,nan,nan,0.8222838861475488,0.8129064532266133,1.0,2000,0.8362209011669988,1.0,0.8282107155272551,1.0,1.0,1.0
homograph_icf_spacing4_psalm,"prophetische Schelt-, Droh- und Mahnrede",3,511,0.005836575875486381,0.015175438596491227,0.008233143120843266,0.023693383804213052,0.7175472928897586,0.5413257444174536,0.8838334705850405,0.09709947413280862,0.10444777611194403,0.3758120939530235,2000,0.21577660918401917,1.0,0.24091402574574783,1.0,0.8199536595338695,1.0
homograph_icf_spacing4_psalm,prophetische Tora,0,172,0.0,nan,nan,nan,nan,nan,nan,nan,nan,0.0004997501249375312,2000,nan,nan,nan,nan,0.0004997501249375312,0.0026830925973780084
homograph_icf_spacing8,Danklied Israels,6,676,0.008797653958944282,0.00732147758582196,0.004180805483600609,0.021400382309470677,0.3207593688362919,0.10653213366900084,0.9762476766078491,0.9350042151797053,0.9555222388805598,1.0,2000,0.9947817580173883,1.0,0.9950024987506247,1.0,1.0,1.0
homograph_icf_spacing8,Danklied des Einzelnen,78,2087,0.03602771362586605,0.051755276129650474,0.023671774910660016,0.1038109067617334,0.6248264592778249,0.5215534609027517,0.7470820367956211,8.892193358359538e-05,0.02348825587206397,0.711144427786107,2000,0.0001172596926377082,0.0006295518451873979,0.028470613178259357,0.1528549722142623,0.9077566479917935,1.0
homograph_icf_spacing8,Fluch,0,173,0.0,nan,nan,nan,nan,nan,nan,nan,nan,0.0004997501249375312,2000,nan,nan,nan,nan,0.0004997501249375312,0.0026830925973780084
homograph_icf_spacing8,Hymnus,465,4421,0.09516987310683586,0.12031244445655304,0.07987890539450951,0.1835295886309138,0.5588727310757796,0.4796907856886311,0.643113970678141,1.4396128244926684e-05,0.06646676661669165,0.9590204897551224,2000,2.3664868347824685e-05,0.00012705356119702908,0.1035845713506883,0.5561319201838055,1.0,1.0
homograph_icf_spacing8,Klagelied des Einzelnen,1176,6123,0.1611179613645705,0.15165669806778215,0.10899567381550575,0.21419115784305362,0.4804907836072531,0.42627804153686133,0.5411972885266311,0.9831038887093075,0.7106446776611695,1.0,2000,0.9999994887319635,1.0,0.8791480548385602,1.0,1.0,1.0
homograph_icf_spacing8,Klagelied des Volkes,36,1484,0.02368421052631579,0.02142551545195832,0.008696484352794109,0.04427733912556215,0.45107067984426474,0.3166283465391757,0.5704518092940382,0.8424849791337278,0.7511244377811095,1.0,2000,0.946508144184988,1.0,0.9126130004304778,1.0,1.0,1.0
homograph_icf_spacing8,Königspsalm,45,1636,0.02676977989292088,0.02519021023523211,0.011391689219706238,0.05954225754037868,0.4840668296658517,0.3635881374271461,0.601921610290955,0.6425604051069777,0.5732133933033483,1.0,2000,0.7338030811866151,1.0,0.6818812815814315,1.0,1.0,1.0
homograph_icf_spacing8,Liturgie,153,2800,0.05181171689806976,0.04420459700823243,0.025606591436291563,0.06908526775747556,0.446484593837535,0.3741907541777066,0.5297126048154362,0.9872102131620675,0.8970514742628686,1.0,2000,0.9994262053241604,1.0,0.9529688937044083,1.0,1.0,1.0
homograph_icf_spacing8,Mischgedicht,45,1633,0.026817640047675805,0.03403366599834601,0.015802201388205088,0.0732565155289797,0.5702456283595292,0.4256605521817428,0.7351682665305476,0.053732906787660954,0.1409295352323838,0.9260369815092454,2000,0.07164387571688127,0.3846465323194519,0.18382113291180496,0.9869114510355632,1.0,1.0
homograph_icf_spacing8,Thronbesteigungslied,15,1006,0.014691478942213516,0.014950631747219889,0.006839800206667267,0.032829077137931206,0.4900927766732936,0.2663155590198623,0.7106746079473893,0.5526327760399553,0.5037481259370314,1.0,2000,0.6376532031230253,1.0,0.5812478376196516,1.0,1.0,1.0
homograph_icf_spacing8,Wallfahrtslied,0,172,0.0,nan,nan,nan,nan,nan,nan,nan,nan,0.0004997501249375312,2000,nan,nan,nan,nan,0.0004997501249375312,0.0026830925973780084
homograph_icf_spacing8,Weisheitsgedicht,45,1639,0.02672209026128266,0.0380096431528004,0.013698575580843548,0.1301065244698235,0.4812080536912752,0.32431517966097634,0.6720274972914313,0.6667072289964155,0.5737131434282858,1.0,2000,0.8032972181644081,1.0,0.6899520536761322,1.0,1.0,1.0
homograph_icf_spacing8,Zionslied,15,1007,0.014677103718199608,0.01694841714656495,0.006196786577720002,0.09738689540607066,0.5038397881496194,0.3107923646847748,0.9580287927873714,0.47979379801602007,0.45077461269365315,1.0,2000,0.5875026098155348,1.0,0.5445277361319341,1.0,1.0,1.0
homograph_icf_spacing8,prophetische Gerichtsrede,1,342,0.0029154518950437317,0.004347826086956522,nan,nan,0.3333333333333333,nan,nan,0.7192857552005507,0.7138569284642321,1.0,2000,0.7992063946672786,1.0,0.7787530128700714,1.0,1.0,1.0
homograph_icf_spacing8,"prophetische Schelt-, Droh- und Mahnrede",3,511,0.005836575875486381,0.02356218006624511,0.012681138928514264,0.03771525359478797,0.8421395955642531,0.73543182533621,0.9506021168629384,0.020531005110952672,0.020989505247376312,0.1329335332333833,2000,0.1003999573557828,0.5390341470990955,0.11472524607261587,0.615944735398082,0.6172523494350386,1.0
homograph_icf_spacing8,prophetische Tora,0,172,0.0,nan,nan,nan,nan,nan,nan,nan,nan,0.0004997501249375312,2000,nan,nan,nan,nan,0.0004997501249375312,0.0026830925973780084
homograph_icf_spacing8_psalm,Danklied Israels,6,676,0.008797653958944282,0.010442143563239246,0.004901960784313725,0.028510514575995103,0.4780571992110454,0.2154038064184615,0.8835073615177867,0.5738854614566419,0.5272363818090955,1.0,2000,0.9947817580173883,1.0,0.9950024987506247,1.0,1.0,1.0
homograph_icf_spacing8_psalm,Danklied des Einzelnen,78,2087,0.03602771362586605,0.0502298152351704,0.024327556867338385,0.09900350186711224,0.5889572813386901,0.4752739239115604,0.7420158625090088,0.0037769487483881987,0.06096951524237881,0.8620689655172413,2000,0.004275791035911168,0.022956158896053395,0.068377026440051,0.3671072488375145,0.967551938316556,1.0
homograph_icf_spacing8_psalm,Fluch,0,173,0.0,nan,nan,nan,nan,nan,nan,nan,nan,0.0004997501249375312,2000,nan,nan,nan,nan,0.0004997501249375312,0.0026830925973780084
homograph_icf_spacing8_psalm,Hymnus,465,4421,0.09516987310683586,0.11984925542415635,0.07513581101987314,0.17894095068894061,0.5190223590731431,0.46070123721591116,0.5858835658533956,0.08826817409890203,0.28335832083958024,1.0,2000,0.10087791325588803,0.5416002293739239,0.3177850327172862,1.0,1.0,1.0
homograph_icf_spacing8_psalm,Klagelied des Einzelnen,1176,6123,0.1611179613645705,0.15650757460471676,0.11082210221162146,0.21860386583309982,0.49657780799728024,0.4407656133594385,0.5624549595101288,0.6451764624442685,0.5177411294352824,1.0,2000,0.8236295265245982,1.0,0.6609461226833393,1.0,1.0,1.0
homograph_icf_spacing8_psalm,Klagelied des Volkes,36,1484,0.02368421052631579,0.0214261648427893,0.008760544184367515,0.04152813202826131,0.4555256064690027,0.3161902000200236,0.5852381780790914,0.819447793352283,0.7211394302848576,1.0,2000,0.946508144184988,1.0,0.9126130004304778,1.0,1.0,1.0
homograph_icf_spacing8_psalm,Königspsalm,45,1636,0.02676977989292088,0.02575882063190418,0.012127424385699427,0.054167153061114165,0.49007063298016845,0.35471759634350775,0.6324814565622067,0.5900665985576753,0.519240379810095,1.0,2000,0.7338030811866151,1.0,0.6818812815814315,1.0,1.0,1.0
homograph_icf_spacing8_psalm,Liturgie,153,2800,0.05181171689806976,0.04464664705811007,0.02507921002440954,0.07321826695113545,0.43666666666666665,0.3640052984165456,0.5236517513315081,0.9958804045837446,0.9395302348825587,1.0,2000,0.9994262053241604,1.0,0.9529688937044083,1.0,1.0,1.0
homograph_icf_spacing8_psalm,Mischgedicht,45,1633,0.026817640047675805,0.031979939847329546,0.014672104986272886,0.06986069085725824,0.5568959651629585,0.42955752721086976,0.7069576185401234,0.09615947196526076,0.1809095452273863,0.9590204897551224,2000,0.11551905873309104,0.6202066110170068,0.2087417829546765,1.0,1.0,1.0
homograph_icf_spacing8_psalm,Thronbesteigungslied,15,1006,0.014691478942213516,0.01916954097054558,0.007761736343334278,0.06588888636188492,0.5845261762756793,0.3895458940535869,0.7701612350758038,0.1303612755630127,0.16091954022988506,0.88055972013993,2000,0.2483071915485956,1.0,0.3238380809595202,1.0,1.0,1.0
homograph_icf_spacing8_psalm,Wallfahrtslied,0,172,0.0,nan,nan,nan,nan,nan,nan,nan,nan,0.0004997501249375312,2000,nan,nan,nan,nan,0.0004997501249375312,0.0026830925973780084
homograph_icf_spacing8_psalm,Weisheitsgedicht,45,1639,0.02672209026128266,0.03818709545559343,0.011598498387192567,0.13696967030902554,0.47017151379567484,0.32181720217999304,0.6398614445061025,0.7529429376480234,0.6521739130434783,1.0,2000,0.8289280047501176,1.0,0.7246376811594203,1.0,1.0,1.0
homograph_icf_spacing8_psalm,Zionslied,15,1007,0.014677103718199608,0.017911423489234798,0.006747739489003527,0.08196951365117834,0.5271433300231712,0.2917977021138749,0.9139435976680452,0.35909964475393363,0.3493253373313343,0.999000499750125,2000,0.4683908409833917,1.0,0.45564174434521865,1.0,1.0,1.0
homograph_icf_spacing8_psalm,prophetische Gerichtsrede,1,342,0.0029154518950437317,0.004524886877828055,nan,nan,0.35964912280701755,nan,nan,0.6878713287962508,0.6753376688344173,1.0,2000,0.7947413805492232,1.0,0.7573880398142997,1.0,1.0,1.0
homograph_icf_spacing8_psalm,"prophetische Schelt-, Droh- und Mahnrede",3,511,0.005836575875486381,0.023103335513407455,0.010583658291137,0.03225806451612903,0.8303979125896934,0.6349327288066315,0.904595198189836,0.02426332302764751,0.030484757621189407,0.16141929035482258,2000,0.1003999573557828,0.5390341470990955,0.12614382463940446,0.6772495797519663,0.6172523494350386,1.0
homograph_icf_spacing8_psalm,prophetische Tora,0,172,0.0,nan,nan,nan,nan,nan,nan,nan,nan,0.0004997501249375312,2000,nan,nan,nan,nan,0.0004997501249375312,0.0026830925973780084
homograph_log_count,Danklied Israels,6,676,0.008797653958944282,0.007730997782126924,0.004032258064516129,0.018349578397610904,0.34418145956607493,0.04626262540555504,0.7858813981503942,0.9059822724867652,0.9120439780109945,1.0,2000,0.9947817580173883,1.0,0.9950024987506247,1.0,1.0,1.0
homograph_log_count,Danklied des Einzelnen,78,2087,0.03602771362586605,0.0773103222602178,0.03773593070957352,0.14052118592574978,0.7434361677294116,0.6398346662192339,0.8228048916175509,1.3303338184169702e-13,0.0004997501249375312,0.2993503248375812,2000,5.321335273667881e-13,2.8569548197170485e-12,0.0011758826469118382,0.006313159052654138,0.8349671318187061,1.0
homograph_log_count,Fluch,0,173,0.0,nan,nan,nan,nan,nan,nan,nan,nan,0.0004997501249375312,2000,nan,nan,nan,nan,0.0004997501249375312,0.0026830925973780084
homograph_log_count,Hymnus,465,4421,0.09516987310683586,0.11449453596861518,0.07527580440546201,0.17087730766072068,0.5347936169747028,0.4657664248322287,0.6115826703262962,0.006717518952810089,0.17691154422788605,0.9975012493753124,2000,0.008310332725125883,0.044617081825283476,0.21409295352323837,1.0,1.0,1.0
homograph_log_count,Klagelied des Einzelnen,1176,6123,0.1611179613645705,0.18942593708022085,0.13284517388129727,0.2675922459107313,0.5608917419654453,0.500038525808609,0.6336125623756823,1.7385719653987596e-11,0.025987006496751622,0.9655172413793104,2000,3.863493256441688e-11,2.0742586422913476e-10,0.051974012993503245,0.27904163012731287,1.0,1.0
homograph_log_count,Klagelied des Volkes,36,1484,0.02368421052631579,0.03122862942504017,0.011575831960093244,0.08065532944079647,0.525175950883498,0.3421033783805448,0.7416061099471273,0.30269100895917955,0.3403298350824588,1.0,2000,0.946508144184988,1.0,0.9099450274862569,1.0,1.0,1.0
homograph_log_count,Königspsalm,45,1636,0.02676977989292088,0.03427677714385929,0.014573848642708742,0.08352547144699435,0.5451371909807118,0.4116499829936487,0.7262262147105198,0.15049894485257864,0.22288855572213892,0.9890054972513743,2000,0.6852872862006282,1.0,0.6818812815814315,1.0,1.0,1.0
homograph_log_count,Liturgie,153,2800,0.05181171689806976,0.044889089457158485,0.026695678998406167,0.07387266629356151,0.45793183940242765,0.387577837442188,0.546900288507422,0.9603698554211337,0.8260869565217391,1.0,2000,0.9994262053241604,1.0,0.9529688937044083,1.0,1.0,1.0
homograph_log_count,Mischgedicht,45,1633,0.026817640047675805,0.039216890145256394,0.01734357374392907,0.07837341883300443,0.6422195005783493,0.4744343004098437,0.7609289559795023,0.0005587519314514245,0.02348825587206397,0.632183908045977,2000,0.006776782062117398,0.03638365030360745,0.1222465690231807,0.6563257276663129,1.0,1.0
homograph_log_count,Thronbesteigungslied,15,1006,0.014691478942213516,0.023182249598638852,0.007408142737920642,0.10526945050338006,0.5122929092113983,0.34000243988246615,0.8161318496650563,0.43518458332234694,0.41179410294852575,1.0,2000,0.5383726803987797,1.0,0.5094360036476607,1.0,1.0,1.0
homograph_log_count,Wallfahrtslied,0,172,0.0,nan,nan,nan,nan,nan,nan,nan,nan,0.0004997501249375312,2000,nan,nan,nan,nan,0.0004997501249375312,0.0026830925973780084
homograph_log_count,Weisheitsgedicht,45,1639,0.02672209026128266,0.03975136415464043,0.014494528642070468,0.09618650432160777,0.5449732221544302,0.3883626029889355,0.784237475934411,0.15137264712936643,0.21739130434782608,0.9890054972513743,2000,0.29778225664793395,1.0,0.42251601471991274,1.0,1.0,1.0
homograph_log_count,Zionslied,15,1007,0.014677103718199608,0.019201630836055715,0.007162992614519833,0.12115852933810321,0.5924197285666998,0.43688988475096385,0.9131772678686906,0.10939239671629564,0.14792603698150925,0.8640679660169915,2000,0.1773930757561551,0.9524000588232996,0.23988005997001502,1.0,1.0,1.0
homograph_log_count,prophetische Gerichtsrede,1,342,0.0029154518950437317,0.011494252873563218,nan,nan,0.7514619883040936,nan,nan,0.19392940970935213,0.18509254627313657,0.27636181909045476,2000,0.36697981871958385,1.0,0.3637112673984051,1.0,0.5378849037019952,1.0
homograph_log_count,"prophetische Schelt-, Droh- und Mahnrede",3,511,0.005836575875486381,0.17277754924813746,0.005390835579514825,0.5,0.6503587736464449,0.2589224443404336,0.9980694980694981,0.18494105748968526,0.17841079460269865,0.6046976511744128,2000,0.30137280084800444,1.0,0.3006604805705256,1.0,0.9488926422864518,1.0
homograph_log_count,prophetische Tora,0,172,0.0,nan,nan,nan,nan,nan,nan,nan,nan,0.0004997501249375312,2000,nan,nan,nan,nan,0.0004997501249375312,0.0026830925973780084
homograph_log_count_psalm,Danklied Israels,6,676,0.008797653958944282,0.01555106215123538,0.003934028806660767,0.05296608784059981,0.45069033530571995,0.04300457721571148,0.9827419975536109,0.6617696734169323,0.6286856571714143,1.0,2000,0.9947817580173883,1.0,0.9950024987506247,1.0,1.0,1.0
homograph_log_count_psalm,Danklied des Einzelnen,78,2087,0.03602771362586605,0.07312921216635723,0.036368283971851934,0.12611408497961288,0.7524234270760385,0.6615609769239429,0.8245104144682789,1.721943719069913e-14,0.0004997501249375312,0.28235882058970513,2000,8.609718595349565e-14,4.62244451296091e-13,0.0011758826469118382,0.006313159052654138,0.8349671318187061,1.0
homograph_log_count_psalm,Fluch,0,173,0.0,nan,nan,nan,nan,nan,nan,nan,nan,0.0004997501249375312,2000,nan,nan,nan,nan,0.0004997501249375312,0.0026830925973780084
homograph_log_count_psalm,Hymnus,465,4421,0.09516987310683586,0.15976360180158355,0.102735866310065,0.24780065097105594,0.5938412221241242,0.5087636427978769,0.6734180115764379,1.302934096129262e-11,0.006496751624187906,0.8225887056471765,2000,4.467202615300327e-11,2.3983822454468073e-10,0.016587450955373378,0.0890558394023339,1.0,1.0
homograph_log_count_psalm,Klagelied des Einzelnen,1176,6123,0.1611179613645705,0.26034116728498935,0.18406017963086121,0.3717653428293979,0.6295362584034103,0.5622438792182781,0.6967118275228381,2.094252224473934e-45,0.0004997501249375312,0.6581709145427287,2000,1.3226856154572215e-44,7.101324854966785e-44,0.0023988005997001498,0.012878844467414441,1.0,1.0
homograph_log_count_psalm,Klagelied des Volkes,36,1484,0.02368421052631579,0.0388356573796521,0.009497481967205727,0.14120550520814945,0.5497529200359389,0.3507409605331492,0.8665865333051544,0.15356851199091986,0.21889055472263869,0.974512743628186,2000,0.946508144184988,1.0,0.9099450274862569,1.0,1.0,1.0
homograph_log_count_psalm,Königspsalm,45,1636,0.02676977989292088,0.03207190132386758,0.01458357657147842,0.06840720500991625,0.5495517522412388,0.34735559123704945,0.6883520884450678,0.12808954164245767,0.19640179910044978,0.9750124937531235,2000,0.6852872862006282,1.0,0.6818812815814315,1.0,1.0,1.0
homograph_log_count_psalm,Liturgie,153,2800,0.05181171689806976,0.05409232131082278,0.028280625077253797,0.09125448736376747,0.5012161531279178,0.41244710290197645,0.5862247985860766,0.47978817411049074,0.4802598700649675,1.0,2000,0.9994262053241604,1.0,0.9529688937044083,1.0,1.0,1.0
homograph_log_count_psalm,Mischgedicht,45,1633,0.026817640047675805,0.05000497409061387,0.019470130023028474,0.12104892548032982,0.6740355174525413,0.5017851143600298,0.8210714492307816,3.3277099699131485e-05,0.0074962518740629685,0.4897551224387806,2000,0.003993251963895778,0.02143924383237171,0.1222465690231807,0.6563257276663129,1.0,1.0
homograph_log_count_psalm,Thronbesteigungslied,15,1006,0.014691478942213516,0.110279861103651,0.013974701211248788,0.45339228724718517,0.6807488402915838,0.37040267929743526,0.9417415587438888,0.008075116614908619,0.026486756621689155,0.4702648675662169,2000,0.033414275647897736,0.17939684487088295,0.11351467123581066,0.6094453185472906,1.0,1.0
homograph_log_count_psalm,Wallfahrtslied,0,172,0.0,nan,nan,nan,nan,nan,nan,nan,nan,0.0004997501249375312,2000,nan,nan,nan,nan,0.0004997501249375312,0.0026830925973780084
homograph_log_count_psalm,Weisheitsgedicht,45,1639,0.02672209026128266,0.034880120088371325,0.01386237038469923,0.16230044123750595,0.5348857704562403,0.350333652034606,0.6965516051311428,0.21203659955588516,0.27786106946526734,0.9980009995002499,2000,0.3468171001379157,1.0,0.4361455635818455,1.0,1.0,1.0
homograph_log_count_psalm,Zionslied,15,1007,0.014677103718199608,0.033262640449608846,0.008541600219921792,0.1680973481158564,0.6665673618007283,0.37502875725083,0.9142918945483391,0.013320055355619968,0.03498250874562719,0.5107446276861569,2000,0.04206333270195779,0.2258324930039362,0.10566145498679232,0.5672824348742075,1.0,1.0
homograph_log_count_psalm,prophetische Gerichtsrede,1,342,0.0029154518950437317,0.014925373134328358,nan,nan,0.8099415204678363,nan,nan,0.1433255783228491,0.15157578789394696,0.19090454772613694,2000,0.36697981871958385,1.0,0.3637112673984051,1.0,0.5378849037019952,1.0
homograph_log_count_psalm,"prophetische Schelt-, Droh- und Mahnrede",3,511,0.005836575875486381,0.18275193798449613,0.009273424609160842,0.5,0.8669275929549902,0.5593593273668074,0.9980694980694981,0.014223986230694315,0.014492753623188406,0.10944527736131934,2000,0.1003999573557828,0.5390341470990955,0.10869565217391304,0.5835726399297169,0.6172523494350386,1.0
homograph_log_count_psalm,prophetische Tora,0,172,0.0,nan,nan,nan,nan,nan,nan,nan,nan,0.0004997501249375312,2000,nan,nan,nan,nan,0.0004997501249375312,0.0026830925973780084
homograph_tf_icf,Danklied Israels,6,676,0.008797653958944282,0.007623369310557144,0.003968253968253968,0.02265109517031963,0.33160749506903353,0.02623229121398329,0.8704280809809999,0.9225679200505473,0.9305347326336831,1.0,2000,0.9947817580173883,1.0,0.9950024987506247,1.0,1.0,1.0
homograph_tf_icf,Danklied des Einzelnen,78,2087,0.03602771362586605,0.09264106060124339,0.04126791416711951,0.16788028493382096,0.7930227415133979,0.7017186568682974,0.8676048781481029,6.860520825652054e-19,0.0004997501249375312,0.19590204897551225,2000,1.738278380261094e-17,9.332587670375814e-17,0.0011758826469118382,0.006313159052654138,0.8349671318187061,1.0
homograph_tf_icf,Fluch,0,173,0.0,nan,nan,nan,nan,nan,nan,nan,nan,0.0004997501249375312,2000,nan,nan,nan,nan,0.0004997501249375312,0.0026830925973780084
homograph_tf_icf,Hymnus,465,4421,0.09516987310683586,0.13469858127287418,0.0880928596397952,0.20823827006367246,0.5703288070377694,0.4886132375719802,0.658328067738563,2.915172581816292e-07,0.031984007996002,0.9420289855072463,2000,5.069865359680507e-07,2.721943935074019e-06,0.05482972799314628,0.29437358782661577,1.0,1.0
homograph_tf_icf,Klagelied des Einzelnen,1176,6123,0.1611179613645705,0.2019823062661101,0.14076115178893,0.286728937887918,0.5760382954422991,0.5142667096324121,0.6427150596865404,6.54827312648467e-17,0.006496751624187906,0.9180409795102449,2000,2.3111552211122367e-16,1.2408287973780712e-15,0.018562147497679732,0.09965772504546888,1.0,1.0
homograph_tf_icf,Klagelied des Volkes,36,1484,0.02368421052631579,0.03318084245314464,0.010013044509567484,0.09257376715740963,0.5268418688230009,0.3159609779479265,0.7829518817267238,0.29085858805177406,0.3263368315842079,0.9995002498750625,2000,0.946508144184988,1.0,0.9099450274862569,1.0,1.0,1.0
homograph_tf_icf,Königspsalm,45,1636,0.02676977989292088,0.032978819237033476,0.014010199876568883,0.07127216796906354,0.5620211898940505,0.3911851014830643,0.7022999002575826,0.07762316429998516,0.16541729135432284,0.95952023988006,2000,0.6852872862006282,1.0,0.6818812815814315,1.0,1.0,1.0
homograph_tf_icf,Liturgie,153,2800,0.05181171689806976,0.047666792199246445,0.02782311437637584,0.07902001724063903,0.4746125116713352,0.39314405643232503,0.5579822361883748,0.8552300221731413,0.7086456771614192,1.0,2000,0.9994262053241604,1.0,0.9529688937044083,1.0,1.0,1.0
homograph_tf_icf,Mischgedicht,45,1633,0.026817640047675805,0.040878153034636745,0.017501887453705477,0.0841148632653627,0.6388990950534122,0.45135130079301694,0.7665930532926187,0.0007286739066479945,0.01999000499750125,0.6376811594202898,2000,0.006776782062117398,0.03638365030360745,0.1222465690231807,0.6563257276663129,1.0,1.0
homograph_tf_icf,Thronbesteigungslied,15,1006,0.014691478942213516,0.034170900807849985,0.01066354334380888,0.20055536376629665,0.6081842279655401,0.40142054406974625,0.8380558403750619,0.07499075741634034,0.1344327836081959,0.7816091954022989,2000,0.18299339748440427,0.9824674485490726,0.29330789150879105,1.0,1.0,1.0
homograph_tf_icf,Wallfahrtslied,0,172,0.0,nan,nan,nan,nan,nan,nan,nan,nan,0.0004997501249375312,2000,nan,nan,nan,nan,0.0004997501249375312,0.0026830925973780084
homograph_tf_icf,Weisheitsgedicht,45,1639,0.02672209026128266,0.0462702842000072,0.014789041330180405,0.11334539093847103,0.5736221273134025,0.3657287235269444,0.764739979362598,0.045786832622208194,0.12693653173413294,0.928535732133933,2000,0.22876453724756324,1.0,0.42251601471991274,1.0,1.0,1.0
homograph_tf_icf,Zionslied,15,1007,0.014677103718199608,0.03277686995275882,0.009031558904850261,0.16336551638677674,0.6868917576961271,0.4049252231777801,0.9313550295576575,0.00643600865435106,0.025987006496751622,0.4482758620689655,2000,0.023403667834003855,0.12565121004173602,0.09449820544273317,0.5073484184132961,1.0,1.0
homograph_tf_icf,prophetische Gerichtsrede,1,342,0.0029154518950437317,0.011363636363636364,nan,nan,0.7485380116959064,nan,nan,0.19671670452300732,0.18459229614807404,0.27786106946526734,2000,0.36697981871958385,1.0,0.3637112673984051,1.0,0.5378849037019952,1.0
homograph_tf_icf,"prophetische Schelt-, Droh- und Mahnrede",3,511,0.005836575875486381,0.1718375336432591,0.005414403966770844,0.5,0.5857795172863666,0.2717638128670821,0.9980738697206791,0.30477152615545955,0.2943528235882059,0.8830584707646177,2000,0.4018965180071994,1.0,0.38947559187439246,1.0,1.0,1.0
homograph_tf_icf,prophetische Tora,0,172,0.0,nan,nan,nan,nan,nan,nan,nan,nan,0.0004997501249375312,2000,nan,nan,nan,nan,0.0004997501249375312,0.0026830925973780084
homograph_tf_icf_psalm,Danklied Israels,6,676,0.008797653958944282,0.014855135618691168,0.00406660376080158,0.058789351657014474,0.4363905325443787,0.05203946703933277,0.9843877003295445,0.7047157137276862,0.6786606696651675,1.0,2000,0.9947817580173883,1.0,0.9950024987506247,1.0,1.0,1.0
homograph_tf_icf_psalm,Danklied des Einzelnen,78,2087,0.03602771362586605,0.06869024301761527,0.0335710709016764,0.1304069852971654,0.7204366468860959,0.6253101995719157,0.8033779328004322,1.7979000473627004e-11,0.0004997501249375312,0.3658170914542729,2000,4.494750118406751e-11,2.413172137029193e-10,0.0011758826469118382,0.006313159052654138,0.8349671318187061,1.0
homograph_tf_icf_psalm,Fluch,0,173,0.0,nan,nan,nan,nan,nan,nan,nan,nan,0.0004997501249375312,2000,nan,nan,nan,nan,0.0004997501249375312,0.0026830925973780084
homograph_tf_icf_psalm,Hymnus,465,4421,0.09516987310683586,0.16953771700114362,0.10888822259744793,0.2655967537315,0.6039790540261168,0.5282164371282272,0.6883614541928368,7.47736329501648e-14,0.0014992503748125937,0.777111444277861,2000,3.9012330234868594e-13,2.0945206261374406e-12,0.009995002498750625,0.05366185194756017,1.0,1.0
homograph_tf_icf_psalm,Klagelied des Einzelnen,1176,6123,0.1611179613645705,0.2631275286636013,0.1869834772830387,0.3705789449126591,0.6363506451086068,0.573934227644286,0.6999052691783726,4.384849682581601e-50,0.0004997501249375312,0.6326836581709145,2000,3.0951880112340715e-49,1.6617656756911034e-48,0.0023988005997001498,0.012878844467414441,1.0,1.0
homograph_tf_icf_psalm,Klagelied des Volkes,36,1484,0.02368421052631579,0.04080541799742865,0.007764742451414035,0.16448210898383842,0.5374176400119797,0.3459472612783196,0.8413797971541858,0.2212431630370354,0.27636181909045476,0.992503748125937,2000,0.946508144184988,1.0,0.9099450274862569,1.0,1.0,1.0
homograph_tf_icf_psalm,Königspsalm,45,1636,0.02676977989292088,0.03498900723707704,0.014321308911595615,0.08774964109254067,0.5450692746536268,0.3554475545446228,0.7268398079651406,0.15086295389126142,0.20839580209895053,0.984007996001999,2000,0.6852872862006282,1.0,0.6818812815814315,1.0,1.0,1.0
homograph_tf_icf_psalm,Liturgie,153,2800,0.05181171689806976,0.05904325658518396,0.0308344402619292,0.09733089856090997,0.5233496732026144,0.43951775218323796,0.6069264517259568,0.16502255151278794,0.2843578210894553,0.999000499750125,2000,0.9994262053241604,1.0,0.9529688937044083,1.0,1.0,1.0
homograph_tf_icf_psalm,Mischgedicht,45,1633,0.026817640047675805,0.05120827318539707,0.01678470925137968,0.13193671565541412,0.6421786759202558,0.46300305399182456,0.7988962630687184,0.0005605974674488891,0.015492253873063468,0.6091954022988506,2000,0.006776782062117398,0.03638365030360745,0.1222465690231807,0.6563257276663129,1.0,1.0
homograph_tf_icf_psalm,Thronbesteigungslied,15,1006,0.014691478942213516,0.11093971264679524,0.01228544463622254,0.42671873175373115,0.7324387011265739,0.40053645753446177,0.9244290012023917,0.0009889019179703039,0.004997501249375313,0.34182908545727136,2000,0.005933411507821823,0.03185570488016228,0.03156316578552829,0.16945847983440057,1.0,1.0
homograph_tf_icf_psalm,Wallfahrtslied,0,172,0.0,nan,nan,nan,nan,nan,nan,nan,nan,0.0004997501249375312,2000,nan,nan,nan,nan,0.0004997501249375312,0.0026830925973780084
homograph_tf_icf_psalm,Weisheitsgedicht,45,1639,0.02672209026128266,0.043173625854141195,0.014618162092772191,0.2000147931823165,0.5575554199715274,0.36691829363797485,0.7043902311750015,0.09359636696195806,0.17191404297851073,0.9550224887556222,2000,0.2552628189871583,1.0,0.42251601471991274,1.0,1.0,1.0
homograph_tf_icf_psalm,Zionslied,15,1007,0.014677103718199608,0.11850645788433141,0.020940088745652664,0.5714748488154874,0.759119496855346,0.22343871848487487,0.9434763401202817,0.0002816252445938524,0.00399800099950025,0.2843578210894553,2000,0.003379502935126229,0.01814410613541693,0.034268579995716426,0.18398349239163486,1.0,1.0
homograph_tf_icf_psalm,prophetische Gerichtsrede,1,342,0.0029154518950437317,0.021739130434782608,nan,nan,0.8713450292397661,nan,nan,0.1006976750177721,0.09304652326163082,0.10494752623688156,2000,0.36697981871958385,1.0,0.3637112673984051,1.0,0.5378849037019952,1.0
homograph_tf_icf_psalm,"prophetische Schelt-, Droh- und Mahnrede",3,511,0.005836575875486381,0.189467547609794,0.019801980198019802,0.5,0.908675799086758,0.80276549417987,0.9980694980694981,0.007332098549928291,0.005997001499250375,0.07096451774112944,2000,0.09185714744398836,0.49316892587877414,0.07196401799100449,0.3863653340224333,0.6172523494350386,1.0
homograph_tf_icf_psalm,prophetische Tora,0,172,0.0,nan,nan,nan,nan,nan,nan,nan,nan,0.0004997501249375312,2000,nan,nan,nan,nan,0.0004997501249375312,0.0026830925973780084
lexeme_binary,Danklied Israels,6,676,0.008797653958944282,0.007729865703046989,0.004027303081958713,0.019284828486172367,0.34935897435897434,0.04783808275764308,0.8466805485274057,0.8984388106931704,0.9055472263868066,1.0,2000,0.9947817580173883,1.0,0.9950024987506247,1.0,1.0,1.0
lexeme_binary,Danklied des Einzelnen,78,2087,0.03602771362586605,0.07874152385591682,0.03863984841077599,0.14359747615354831,0.7511886771589694,0.6481828729908196,0.8237076529390654,2.2901111045641716e-14,0.0004997501249375312,0.2703648175912044,2000,1.0992533301908023e-13,5.901746344229009e-13,0.0011758826469118382,0.006313159052654138,0.8349671318187061,1.0
lexeme_binary,Fluch,0,173,0.0,nan,nan,nan,nan,nan,nan,nan,nan,0.0004997501249375312,2000,nan,nan,nan,nan,0.0004997501249375312,0.0026830925973780084
lexeme_binary,Hymnus,465,4421,0.09516987310683586,0.11555371562202993,0.07528463194082628,0.17184815802744802,0.5378017429034934,0.4685905147921727,0.6145314617785026,0.0036183847371246167,0.15892053973013492,0.9970014992503748,2000,0.004570591246894252,0.024538902399905565,0.20074173439595988,1.0,1.0,1.0
lexeme_binary,Klagelied des Einzelnen,1176,6123,0.1611179613645705,0.18624522000144478,0.13089538485455726,0.2616920264339882,0.5538557085417868,0.4925887060025624,0.6229212829157601,2.3240292257595433e-09,0.04097951024487756,0.9775112443778111,2000,3.9279367195935944e-09,2.1088574888556975e-08,0.0691321006163585,0.3711611426372912,1.0,1.0
lexeme_binary,Klagelied des Volkes,36,1484,0.02368421052631579,0.03134891907110708,0.011155393799864965,0.0902587744412985,0.5204589697514226,0.33527901241677305,0.7383262523253522,0.33730275385085595,0.3563218390804598,1.0,2000,0.946508144184988,1.0,0.9099450274862569,1.0,1.0,1.0
lexeme_binary,Königspsalm,45,1636,0.02676977989292088,0.03378565703899141,0.01514680850980091,0.07761023005030751,0.5485194240695463,0.4127324916103167,0.7301654430966124,0.1331100032472835,0.21139430284857572,0.9860069965017492,2000,0.6852872862006282,1.0,0.6818812815814315,1.0,1.0,1.0
lexeme_binary,Liturgie,153,2800,0.05181171689806976,0.04513910987028863,0.026496410685221305,0.07447562200926248,0.45736227824463116,0.38513729633446736,0.551342127758554,0.9623599888501264,0.8245877061469266,1.0,2000,0.9994262053241604,1.0,0.9529688937044083,1.0,1.0,1.0
lexeme_binary,Mischgedicht,45,1633,0.026817640047675805,0.03864369582282259,0.016766376540312253,0.07829202662933686,0.6378648703817106,0.4796610607938984,0.7541490339677095,0.0007906245739136965,0.026486756621689155,0.6561719140429785,2000,0.006776782062117398,0.03638365030360745,0.1222465690231807,0.6563257276663129,1.0,1.0
lexeme_binary,Thronbesteigungslied,15,1006,0.014691478942213516,0.02377460723745626,0.007612713727011003,0.09691512130176162,0.5236911862160372,0.3371029068110463,0.8209834562343556,0.3764143137398531,0.37631184407796103,1.0,2000,0.4963705236129931,1.0,0.5015074880142346,1.0,1.0,1.0
lexeme_binary,Wallfahrtslied,0,172,0.0,nan,nan,nan,nan,nan,nan,nan,nan,0.0004997501249375312,2000,nan,nan,nan,nan,0.0004997501249375312,0.0026830925973780084
lexeme_binary,Weisheitsgedicht,45,1639,0.02672209026128266,0.0402663543342815,0.014314690941816742,0.09908396052453558,0.5486882245271507,0.3828997429089362,0.7810288004720136,0.13227391479999911,0.20939530234882558,0.9845077461269365,2000,0.2885976322909071,1.0,0.42251601471991274,1.0,1.0,1.0
lexeme_binary,Zionslied,15,1007,0.014677103718199608,0.020700334290259817,0.007827424036200315,0.11961932775793006,0.6157232704402515,0.4485967064337124,0.9003338495283257,0.06178490586790005,0.10494752623688156,0.767616191904048,2000,0.11406444160227702,0.6123969632331384,0.1879657186332207,1.0,1.0,1.0
lexeme_binary,prophetische Gerichtsrede,1,342,0.0029154518950437317,0.012195121951219513,nan,nan,0.7660818713450293,nan,nan,0.1803572682065243,0.16058029014507252,0.23288355822088955,2000,0.36697981871958385,1.0,0.3637112673984051,1.0,0.5378849037019952,1.0
lexeme_binary,"prophetische Schelt-, Droh- und Mahnrede",3,511,0.005836575875486381,0.1727150897882605,0.005269096439885211,0.5,0.6464448793215917,0.23568830882960076,0.9980694980694981,0.19124919632281462,0.1854072963518241,0.6226886556721639,2000,0.30137280084800444,1.0,0.3006604805705256,1.0,0.9488926422864518,1.0
lexeme_binary,prophetische Tora,0,172,0.0,nan,nan,nan,nan,nan,nan,nan,nan,0.0004997501249375312,2000,nan,nan,nan,nan,0.0004997501249375312,0.0026830925973780084
lexeme_binary_psalm,Danklied Israels,6,676,0.008797653958944282,0.04525494997650646,0.005060352088445194,0.5,0.542776134122288,0.22048612285674743,0.998,0.35940013988681074,0.34332833583208394,0.9800099950024987,2000,0.9947817580173883,1.0,0.9950024987506247,1.0,1.0,1.0
lexeme_binary_psalm,Danklied des Einzelnen,78,2087,0.03602771362586605,0.055246733129430334,0.024381866904115767,0.09486063805921945,0.6440787291290406,0.5379575103817896,0.7528884209571186,7.566684775314292e-06,0.004497751124437781,0.5947026486756621,2000,1.1073197232167256e-05,5.945053745939217e-05,0.006502772710030526,0.03491253018274999,0.8659955736417505,1.0
lexeme_binary_psalm,Fluch,0,173,0.0,nan,nan,nan,nan,nan,nan,nan,nan,0.0004997501249375312,2000,nan,nan,nan,nan,0.0004997501249375312,0.0026830925973780084
lexeme_binary_psalm,Hymnus,465,4421,0.09516987310683586,0.15293557012460998,0.09897114975531683,0.22986623081846885,0.5862277546314876,0.507737147011428,0.6649408378211922,4.495791770681977e-10,0.0024987506246876563,0.8365817091454273,2000,1.0789900249636744e-09,5.792955327398119e-09,0.010903639089546136,0.05854020212461109,1.0,1.0
lexeme_binary_psalm,Klagelied des Einzelnen,1176,6123,0.1611179613645705,0.2776591490299172,0.19981888279802204,0.3832900323822742,0.6609806506303322,0.60024955590372,0.7194187055442031,5.58942356068302e-69,0.0004997501249375312,0.5317341329335332,2000,6.707308272819624e-68,3.601065467944436e-67,0.0023988005997001498,0.012878844467414441,1.0,1.0
lexeme_binary_psalm,Klagelied des Volkes,36,1484,0.02368421052631579,0.04185449047971013,0.012922886543112947,0.18512296413014023,0.5824910152740341,0.3506556313286549,0.8373179320362906,0.04519258123406336,0.08345827086456771,0.8505747126436781,2000,0.946508144184988,1.0,0.9099450274862569,1.0,1.0,1.0
lexeme_binary_psalm,Königspsalm,45,1636,0.02676977989292088,0.03034084224555269,0.013384810581836345,0.0719073197012684,0.5181336593317033,0.35545061785739496,0.7092425701197119,0.3389133760767127,0.3453273363318341,1.0,2000,0.6852872862006282,1.0,0.6818812815814315,1.0,1.0,1.0
lexeme_binary_psalm,Liturgie,153,2800,0.05181171689806976,0.0734183660014682,0.035828097533575645,0.11963374457021315,0.5744024276377218,0.49711923379299133,0.658106517811902,0.0009553377049928003,0.030984507746126936,0.8895552223888056,2000,0.028660131149784007,0.15387246924146455,0.7896051974012994,1.0,1.0,1.0
lexeme_binary_psalm,Mischgedicht,45,1633,0.026817640047675805,0.04295825793282982,0.016457390400068914,0.10858075101484677,0.6382799210723277,0.4954126518325298,0.8115212180454432,0.000765201115672799,0.011494252873563218,0.6156921539230384,2000,0.006776782062117398,0.03638365030360745,0.1222465690231807,0.6563257276663129,1.0,1.0
lexeme_binary_psalm,Thronbesteigungslied,15,1006,0.014691478942213516,0.1398894969353132,0.008996381000446451,0.33838503431765155,0.8169317428760768,0.5043939404478253,0.9654441424656146,1.2311275086533636e-05,0.0004997501249375312,0.19290354822588707,2000,0.0002462255017306727,0.0013219522877794875,0.008567144998929107,0.045995873097908715,1.0,1.0
lexeme_binary_psalm,Wallfahrtslied,0,172,0.0,nan,nan,nan,nan,nan,nan,nan,nan,0.0004997501249375312,2000,nan,nan,nan,nan,0.0004997501249375312,0.0026830925973780084
lexeme_binary_psalm,Weisheitsgedicht,45,1639,0.02672209026128266,0.03913474185989323,0.012344752996036636,0.133778438415512,0.5142634397667954,0.3436335312468672,0.6754600478928054,0.37193169561298006,0.384807596201899,1.0,2000,0.5071795849267909,1.0,0.5239138672422031,1.0,1.0,1.0
lexeme_binary_psalm,Zionslied,15,1007,0.014677103718199608,0.1109201908678153,0.020080431558564243,0.5639139655958376,0.7641509433962265,0.2538090573455023,0.9382583308892772,0.00021930225803565753,0.0024987506246876563,0.280359820089955,2000,0.0029240301071421005,0.015698732513501776,0.02306539038173221,0.1238350429559081,1.0,1.0
lexeme_binary_psalm,prophetische Gerichtsrede,1,342,0.0029154518950437317,0.024390243902439025,nan,nan,0.8859649122807017,nan,nan,0.09207468507477101,0.08704352176088044,0.09645177411294353,2000,0.36697981871958385,1.0,0.3637112673984051,1.0,0.5261005860706011,1.0
lexeme_binary_psalm,"prophetische Schelt-, Droh- und Mahnrede",3,511,0.005836575875486381,0.17353587962962963,0.007913667176755129,0.5,0.690150032615786,0.5108326901812716,0.998094364257714,0.12828937574421995,0.14142928535732133,0.447776111944028,2000,0.24054257952041241,1.0,0.2651799100449775,1.0,0.842391304347826,1.0
lexeme_binary_psalm,prophetische Tora,0,172,0.0,nan,nan,nan,nan,nan,nan,nan,nan,0.0004997501249375312,2000,nan,nan,nan,nan,0.0004997501249375312,0.0026830925973780084
lexeme_count,Danklied Israels,6,676,0.008797653958944282,0.00791100400181365,0.004009793254936737,0.016954939482018608,0.3547830374753452,0.03963185343245584,0.7548422610836396,0.8900732461732087,0.8975512243878061,1.0,2000,0.9947817580173883,1.0,0.9950024987506247,1.0,1.0,1.0
lexeme_count,Danklied des Einzelnen,78,2087,0.03602771362586605,0.07709799984757633,0.037635505065937325,0.13877421633264644,0.7380180113768997,0.6288570203083342,0.8207296066198901,4.4080393864936736e-13,0.0004997501249375312,0.30884557721139433,2000,1.6530147699351276e-12,8.874818576831476e-12,0.0011758826469118382,0.006313159052654138,0.8349671318187061,1.0
lexeme_count,Fluch,0,173,0.0,nan,nan,nan,nan,nan,nan,nan,nan,0.0004997501249375312,2000,nan,nan,nan,nan,0.0004997501249375312,0.0026830925973780084
lexeme_count,Hymnus,465,4421,0.09516987310683586,0.11488610802037724,0.07560312204867276,0.1706749107655393,0.5391418766250033,0.468621242387226,0.6136755219066797,0.002709899447161145,0.14192903548225888,0.9950024987506247,2000,0.0035346514528188846,0.018977078091886916,0.1851248288899029,0.9939108230287234,1.0,1.0
lexeme_count,Klagelied des Einzelnen,1176,6123,0.1611179613645705,0.18665246619652642,0.13158343559275926,0.2620919103953846,0.557655366572564,0.499956369801657,0.631328753818428,1.7742530049905342e-10,0.030484757621189407,0.9710144927536232,2000,3.434038074175228e-10,1.8436898114003504e-09,0.0563354686293217,0.30245771097715735,1.0,1.0
lexeme_count,Klagelied des Volkes,36,1484,0.02368421052631579,0.02954635548516346,0.011697406235442713,0.07225739578724377,0.5154424977538186,0.3341520689289408,0.7294688170042078,0.37568014155693985,0.3843078460769615,1.0,2000,0.946508144184988,1.0,0.9099450274862569,1.0,1.0,1.0
lexeme_count,Königspsalm,45,1636,0.02676977989292088,0.0338142592042959,0.015349558593352578,0.07993233146104194,0.5464683509915784,0.4189345623550058,0.7398904209071487,0.1434824830301536,0.2193903048475762,0.9880059970014993,2000,0.6852872862006282,1.0,0.6818812815814315,1.0,1.0,1.0
lexeme_count,Liturgie,153,2800,0.05181171689806976,0.044551874010887296,0.02658588087129029,0.07313617936595197,0.455203081232493,0.38511147790661365,0.546492024787048,0.9691767022990737,0.8420789605197402,1.0,2000,0.9994262053241604,1.0,0.9529688937044083,1.0,1.0,1.0
lexeme_count,Mischgedicht,45,1633,0.026817640047675805,0.03769627903294362,0.016430660731136124,0.07282211270130658,0.6306116894604341,0.46303652327138084,0.7472043152211931,0.0013807063838629427,0.035982008995502246,0.6881559220389805,2000,0.008284238303177656,0.04447698431080883,0.1222465690231807,0.6563257276663129,1.0,1.0
lexeme_count,Thronbesteigungslied,15,1006,0.014691478942213516,0.023420993060314844,0.00737562593011315,0.10517828295920546,0.513220675944334,0.3445503925513062,0.8884294939235544,0.43032803831289207,0.40729635182408797,1.0,2000,0.5383726803987797,1.0,0.5091204397801099,1.0,1.0,1.0
lexeme_count,Wallfahrtslied,0,172,0.0,nan,nan,nan,nan,nan,nan,nan,nan,0.0004997501249375312,2000,nan,nan,nan,nan,0.0004997501249375312,0.0026830925973780084
lexeme_count,Weisheitsgedicht,45,1639,0.02672209026128266,0.04019084131574841,0.014522853131241477,0.09856220512384552,0.5415836214493933,0.39682423068821515,0.8005229108845092,0.17032557560882733,0.2303848075962019,0.9930034982508745,2000,0.3060419318272455,1.0,0.42251601471991274,1.0,1.0,1.0
lexeme_count,Zionslied,15,1007,0.014677103718199608,0.019098685868442752,0.007083720891771312,0.1400503411111871,0.5873220787818603,0.40835991465655774,0.9027263729690775,0.12263588270569292,0.1584207896051974,0.8845577211394303,2000,0.18867058877798912,1.0,0.24449313804636144,1.0,1.0,1.0
lexeme_count,prophetische Gerichtsrede,1,342,0.0029154518950437317,0.010869565217391304,nan,nan,0.7368421052631579,nan,nan,0.20810632462403994,0.19759879939969985,0.31134432783608196,2000,0.36697981871958385,1.0,0.3637112673984051,1.0,0.556243617321774,1.0
lexeme_count,"prophetische Schelt-, Droh- und Mahnrede",3,511,0.005836575875486381,0.1727150897882605,0.005235602094240838,0.5,0.6464448793215917,0.23193748731731043,0.9980694980694981,0.19124919632281462,0.18140929535232383,0.6166916541729135,2000,0.30137280084800444,1.0,0.3006604805705256,1.0,0.9488926422864518,1.0
lexeme_count,prophetische Tora,0,172,0.0,nan,nan,nan,nan,nan,nan,nan,nan,0.0004997501249375312,2000,nan,nan,nan,nan,0.0004997501249375312,0.0026830925973780084
lexeme_count_psalm,Danklied Israels,6,676,0.008797653958944282,0.009383924993268223,0.004032258064516129,0.021132597405785533,0.41272189349112426,0.037666720440958194,0.8071877601313476,0.7696868667570462,0.7486256871564217,1.0,2000,0.9947817580173883,1.0,0.9950024987506247,1.0,1.0,1.0
lexeme_count_psalm,Danklied des Einzelnen,78,2087,0.03602771362586605,0.07481336013077367,0.03597639239270443,0.13253954106033808,0.7264936788175888,0.6094039133929006,0.8088174109824273,5.168067555103583e-12,0.0004997501249375312,0.335832083958021,2000,1.5126051380790975e-11,8.12097775712067e-11,0.0011758826469118382,0.006313159052654138,0.8349671318187061,1.0
lexeme_count_psalm,Fluch,0,173,0.0,nan,nan,nan,nan,nan,nan,nan,nan,0.0004997501249375312,2000,nan,nan,nan,nan,0.0004997501249375312,0.0026830925973780084
lexeme_count_psalm,Hymnus,465,4421,0.09516987310683586,0.11635761006069964,0.07206964233561701,0.18187046573193968,0.5455949488389967,0.4767326254872808,0.6251297250218487,0.0005988126757366024,0.11944027986006997,0.9890054972513743,2000,0.0008657532661252083,0.004648115255172256,0.16543452411725174,0.8881961701665132,1.0,1.0
lexeme_count_psalm,Klagelied des Einzelnen,1176,6123,0.1611179613645705,0.18620288353335826,0.1324793614280263,0.2619840033351702,0.5568194695810711,0.49766933666720203,0.6284328531705017,3.1696873515552416e-10,0.03498250874562719,0.9740129935032483,2000,5.851730495178908e-10,3.141717028170482e-09,0.06083914564456902,0.32663735968080104,1.0,1.0
lexeme_count_psalm,Klagelied des Volkes,36,1484,0.02368421052631579,0.028093626997106533,0.010799300633361488,0.06634865915236965,0.5040431266846361,0.33890957360050367,0.7211856937318704,0.4669996100187131,0.4482758620689655,1.0,2000,0.946508144184988,1.0,0.9099450274862569,1.0,1.0,1.0
lexeme_count_psalm,Königspsalm,45,1636,0.02676977989292088,0.03262889386217558,0.015143850471711186,0.07686595405858136,0.5399212170605814,0.4108795502744088,0.7086672843032511,0.1801597385661307,0.23888055972013994,0.9940029985007496,2000,0.6852872862006282,1.0,0.6818812815814315,1.0,1.0,1.0
lexeme_count_psalm,Liturgie,153,2800,0.05181171689806976,0.04388621401629869,0.026430877838231462,0.07011033358853554,0.44790149393090567,0.3838094137190932,0.5383381311096987,0.9851259179607887,0.8885557221389305,1.0,2000,0.9994262053241604,1.0,0.9529688937044083,1.0,1.0,1.0
lexeme_count_psalm,Mischgedicht,45,1633,0.026817640047675805,0.035022985863047806,0.016106385584135602,0.0682276405585908,0.6082669932639314,0.44784273195247765,0.7294699346892127,0.006550011398176816,0.06296851574212893,0.7796101949025487,2000,0.015410950958065923,0.08273936587671857,0.12807155744161816,0.6875993232602624,1.0,1.0
lexeme_count_psalm,Thronbesteigungslied,15,1006,0.014691478942213516,0.05336922700523775,0.009276810937600343,0.3333333333333333,0.5276341948310139,0.3241944216423282,0.8117896973599056,0.3566613956441472,0.3658170914542729,0.999000499750125,2000,0.48089176940783895,1.0,0.49323652780351396,1.0,1.0,1.0
lexeme_count_psalm,Wallfahrtslied,0,172,0.0,nan,nan,nan,nan,nan,nan,nan,nan,0.0004997501249375312,2000,nan,nan,nan,nan,0.0004997501249375312,0.0026830925973780084
lexeme_count_psalm,Weisheitsgedicht,45,1639,0.02672209026128266,0.0365749681099054,0.014277780311491009,0.09213690529698053,0.5262355094569859,0.38671690357796173,0.7845034253476248,0.27387884368250925,0.30634682658670664,0.9995002498750625,2000,0.3866524851988366,1.0,0.4444836405326749,1.0,1.0,1.0
lexeme_count_psalm,Zionslied,15,1007,0.014677103718199608,0.018867613846120262,0.007449827427257496,0.09449065253389098,0.5889109566368752,0.41089405966656334,0.8872430002547236,0.11839257899325095,0.15442278860569716,0.8675662168915542,2000,0.18641980531808688,1.0,0.24449313804636144,1.0,1.0,1.0
lexeme_count_psalm,prophetische Gerichtsrede,1,342,0.0029154518950437317,0.011363636363636364,nan,nan,0.7485380116959064,nan,nan,0.19671635280609284,0.19309654827413708,0.2848575712143928,2000,0.36697981871958385,1.0,0.3637112673984051,1.0,0.5378849037019952,1.0
lexeme_count_psalm,"prophetische Schelt-, Droh- und Mahnrede",3,511,0.005836575875486381,0.17490196078431372,0.005694993961801275,0.5,0.7403783431180692,0.28450324632455853,0.9980694980694981,0.07568463341733618,0.07746126936531735,0.3003498250874563,2000,0.18921158354334044,1.0,0.19365317341329336,1.0,0.7508745627186407,1.0
lexeme_count_psalm,prophetische Tora,0,172,0.0,nan,nan,nan,nan,nan,nan,nan,nan,0.0004997501249375312,2000,nan,nan,nan,nan,0.0004997501249375312,0.0026830925973780084
lexeme_icf,Danklied Israels,6,676,0.008797653958944282,0.008278862544988752,0.004008016032064128,0.02533605459819774,0.35552268244575935,0.03575816701618222,0.9098415334467577,0.8888952413878993,0.8865567216391804,1.0,2000,0.9947817580173883,1.0,0.9950024987506247,1.0,1.0,1.0
lexeme_icf,Danklied des Einzelnen,78,2087,0.03602771362586605,0.09527063947081499,0.041499970736089555,0.1720946798880269,0.79654884326662,0.7048352973581481,0.865749856816807,2.655634023232568e-19,0.0004997501249375312,0.191904047976012,2000,1.738278380261094e-17,9.332587670375814e-17,0.0011758826469118382,0.006313159052654138,0.8349671318187061,1.0
lexeme_icf,Fluch,0,173,0.0,nan,nan,nan,nan,nan,nan,nan,nan,0.0004997501249375312,2000,nan,nan,nan,nan,0.0004997501249375312,0.0026830925973780084
lexeme_icf,Hymnus,465,4421,0.09516987310683586,0.13877689581232608,0.09019661265650179,0.21283369627833884,0.5781103384871326,0.49670426677489965,0.6619912427818939,1.43144377453647e-08,0.017491254372813594,0.9170414792603698,2000,2.726559570545657e-08,1.463853921188247e-07,0.031327619772203455,0.16819386431324831,1.0,1.0
lexeme_icf,Klagelied des Einzelnen,1176,6123,0.1611179613645705,0.20095037266702703,0.13948626268518577,0.2836559701471202,0.5733850620110856,0.5110999013412229,0.6405955403892108,7.081492887596661e-16,0.00849575212393803,0.9345327336331835,2000,2.0726320646624373e-15,1.1127688563317952e-14,0.02265533899716808,0.12163353108113639,1.0,1.0
lexeme_icf,Klagelied des Volkes,36,1484,0.02368421052631579,0.03343084061425915,0.009155411580389846,0.09654433580050845,0.5209082060497154,0.30520620784402075,0.7659806588617686,0.3339402894962543,0.35132433783108447,0.9995002498750625,2000,0.946508144184988,1.0,0.9099450274862569,1.0,1.0,1.0
lexeme_icf,Königspsalm,45,1636,0.02676977989292088,0.032578875666093826,0.014327763429143813,0.06697687335898392,0.5655664221678892,0.38800721520287135,0.700914173301281,0.06648508071203349,0.15142428785607195,0.9545227386306847,2000,0.6852872862006282,1.0,0.6818812815814315,1.0,1.0,1.0
lexeme_icf,Liturgie,153,2800,0.05181171689806976,0.0478852539309491,0.027867535322252595,0.07961091041589857,0.4739309056956116,0.39436028083876823,0.5608989052120189,0.8616065673725006,0.7126436781609196,1.0,2000,0.9994262053241604,1.0,0.9529688937044083,1.0,1.0,1.0
lexeme_icf,Mischgedicht,45,1633,0.026817640047675805,0.039388793482844374,0.016828847830430323,0.08041656696605338,0.631156018235014,0.4530127186833773,0.7578686987548776,0.001325311346308467,0.02798600699650175,0.6686656671664168,2000,0.008284238303177656,0.04447698431080883,0.1222465690231807,0.6563257276663129,1.0,1.0
lexeme_icf,Thronbesteigungslied,15,1006,0.014691478942213516,0.038235789873837814,0.011814066215153697,0.16333318534198552,0.6463552021206097,0.44610056697285627,0.8479674662503421,0.025726049035133938,0.06446776611694154,0.6016991504247876,2000,0.08610614249364608,0.4622925377804691,0.20908464686575634,1.0,1.0,1.0
lexeme_icf,Wallfahrtslied,0,172,0.0,nan,nan,nan,nan,nan,nan,nan,nan,0.0004997501249375312,2000,nan,nan,nan,nan,0.0004997501249375312,0.0026830925973780084
lexeme_icf,Weisheitsgedicht,45,1639,0.02672209026128266,0.0472488875832562,0.014480321624991743,0.12474953116456565,0.5710460307775744,0.37183837656033736,0.7646733722907766,0.05175034676056102,0.13543228385807096,0.9425287356321839,2000,0.22876453724756324,1.0,0.42251601471991274,1.0,1.0,1.0
lexeme_icf,Zionslied,15,1007,0.014677103718199608,0.037053734817939984,0.00969679214064376,0.21265607010009538,0.7062231049321417,0.38488814267261995,0.9382877644257561,0.003029125570678154,0.014992503748125937,0.38780609695152424,2000,0.014539802739255139,0.07806228583116094,0.0728207324908974,0.3909649213322241,1.0,1.0
lexeme_icf,prophetische Gerichtsrede,1,342,0.0029154518950437317,0.012345679012345678,nan,nan,0.7690058479532164,nan,nan,0.17771611385245117,0.16858429214607304,0.23888055972013994,2000,0.36697981871958385,1.0,0.3637112673984051,1.0,0.5378849037019952,1.0
lexeme_icf,"prophetische Schelt-, Droh- und Mahnrede",3,511,0.005836575875486381,0.17193583474804566,0.005515801868135826,0.5,0.593607305936073,0.28580125295258496,0.9980694980694981,0.2885895574168913,0.2768615692153923,0.8480759620189905,2000,0.39353121465939717,1.0,0.38947559187439246,1.0,1.0,1.0
lexeme_icf,prophetische Tora,0,172,0.0,nan,nan,nan,nan,nan,nan,nan,nan,0.0004997501249375312,2000,nan,nan,nan,nan,0.0004997501249375312,0.0026830925973780084
lexeme_icf_position2,Danklied Israels,6,676,0.008797653958944282,0.006741573507906889,0.004090885935006993,0.028440012537009444,0.2739151873767258,0.08628138161473868,0.9111491772611076,0.9719063026297701,0.9790104947526237,1.0,2000,0.9947817580173883,1.0,0.9950024987506247,1.0,1.0,1.0
lexeme_icf_position2,Danklied des Einzelnen,78,2087,0.03602771362586605,0.09321332561119867,0.044059685630723065,0.17391136517942626,0.7854299509785854,0.7013467725543009,0.8529877521130623,5.100287036484088e-18,0.0004997501249375312,0.19890054972513743,2000,6.800382715312118e-17,3.6510359102105403e-16,0.0011758826469118382,0.006313159052654138,0.8349671318187061,1.0
lexeme_icf_position2,Fluch,0,173,0.0,nan,nan,nan,nan,nan,nan,nan,nan,0.0004997501249375312,2000,nan,nan,nan,nan,0.0004997501249375312,0.0026830925973780084
lexeme_icf_position2,Hymnus,465,4421,0.09516987310683586,0.139767290153551,0.09275447574757247,0.216808978019591,0.5937281255396409,0.5070822588105185,0.6708644215896812,1.3761879845690944e-11,0.005997001499250375,0.8570714642678661,2000,4.5872932818969816e-11,2.462857342596598e-10,0.015992003998001,0.08585896311609628,1.0,1.0
lexeme_icf_position2,Klagelied des Einzelnen,1176,6123,0.1611179613645705,0.1866674784098784,0.13169604911928817,0.2650771171505479,0.5578202128475104,0.4975732184179914,0.6230686934461462,1.5808992441403848e-10,0.025987006496751622,0.9760119940029985,2000,3.1099657261778064e-10,1.6696996362031998e-09,0.051974012993503245,0.27904163012731287,1.0,1.0
lexeme_icf_position2,Klagelied des Volkes,36,1484,0.02368421052631579,0.030273838750974273,0.009700377556671129,0.07150052611147631,0.5039120994309674,0.2929387357339497,0.7333902013634523,0.4680692204512947,0.45977011494252873,1.0,2000,0.946508144184988,1.0,0.9099450274862569,1.0,1.0,1.0
lexeme_icf_position2,Königspsalm,45,1636,0.02676977989292088,0.031432225350526075,0.014308746093571422,0.0642942343967901,0.5619125237707144,0.3898969437268003,0.6835784725846052,0.07798567934441454,0.1619190404797601,0.9695152423788106,2000,0.6852872862006282,1.0,0.6818812815814315,1.0,1.0,1.0
lexeme_icf_position2,Liturgie,153,2800,0.05181171689806976,0.047133610290930765,0.027675284755624925,0.07782927622647223,0.4680905695611578,0.3843081903810665,0.5531624734613956,0.9084392801258843,0.751624187906047,1.0,2000,0.9994262053241604,1.0,0.9529688937044083,1.0,1.0,1.0
lexeme_icf_position2,Mischgedicht,45,1633,0.026817640047675805,0.041071588789546185,0.016431895254863157,0.08872442702259836,0.6214261413893992,0.4285256092778725,0.7602206009780559,0.0026961683200691765,0.03798100949525238,0.7151424287856072,2000,0.011982970311418564,0.06433498929327236,0.1222465690231807,0.6563257276663129,1.0,1.0
lexeme_icf_position2,Thronbesteigungslied,15,1006,0.014691478942213516,0.042459367176249,0.01100995283128833,0.3036065218253214,0.5926772697150431,0.31834223030703873,0.8365169430910997,0.10875356258455288,0.1619190404797601,0.8645677161419291,2000,0.22500737086459216,1.0,0.3238380809595202,1.0,1.0,1.0
lexeme_icf_position2,Wallfahrtslied,0,172,0.0,nan,nan,nan,nan,nan,nan,nan,nan,0.0004997501249375312,2000,nan,nan,nan,nan,0.0004997501249375312,0.0026830925973780084
lexeme_icf_position2,Weisheitsgedicht,45,1639,0.02672209026128266,0.047060551068183104,0.014638148503633413,0.11673158938035862,0.5660972137482204,0.381110099599118,0.7590283543444255,0.06492488509933578,0.1489255372313843,0.95952023988006,2000,0.22876453724756324,1.0,0.42251601471991274,1.0,1.0,1.0
lexeme_icf_position2,Zionslied,15,1007,0.014677103718199608,0.02715653320155008,0.007339916542572071,0.09188297366726916,0.6514068189341278,0.37302396682642835,0.9056050476189338,0.021955059402703682,0.054972513743128434,0.5742128935532234,2000,0.053767492414784526,0.2886705849162509,0.12559757856920595,0.6743168565485864,1.0,1.0
lexeme_icf_position2,prophetische Gerichtsrede,1,342,0.0029154518950437317,0.009708737864077669,nan,nan,0.7046783625730995,nan,nan,0.2413660940078396,0.23611805902951477,0.3823088455772114,2000,0.37615495170052926,1.0,0.38419209604802407,1.0,0.6083800205160578,1.0
lexeme_icf_position2,"prophetische Schelt-, Droh- und Mahnrede",3,511,0.005836575875486381,0.17159998586272707,0.0050732547041925265,0.5,0.5642530984996739,0.22895920591024685,0.9980738493463353,0.3512048315545498,0.3428285857071464,0.9645177411294353,2000,0.4327337259127889,1.0,0.41554980085714716,1.0,1.0,1.0
lexeme_icf_position2,prophetische Tora,0,172,0.0,nan,nan,nan,nan,nan,nan,nan,nan,0.0004997501249375312,2000,nan,nan,nan,nan,0.0004997501249375312,0.0026830925973780084
lexeme_icf_position2_psalm,Danklied Israels,6,676,0.008797653958944282,0.01042997109222974,0.004373486773752438,0.03480762459354496,0.4235700197238659,0.10240053774064617,0.9037879418369648,0.7409377454202724,0.7081459270364817,1.0,2000,0.9947817580173883,1.0,0.9950024987506247,1.0,1.0,1.0
lexeme_icf_position2_psalm,Danklied des Einzelnen,78,2087,0.03602771362586605,0.0935842973610217,0.04524920346775684,0.1728559651154462,0.7876844446082587,0.6915218228578798,0.8617248224573685,2.8263747813908634e-18,0.0004997501249375312,0.20039980009995004,2000,4.2877474023290894e-17,2.302035105254655e-16,0.0011758826469118382,0.006313159052654138,0.8349671318187061,1.0
lexeme_icf_position2_psalm,Fluch,0,173,0.0,nan,nan,nan,nan,nan,nan,nan,nan,0.0004997501249375312,2000,nan,nan,nan,nan,0.0004997501249375312,0.0026830925973780084
lexeme_icf_position2_psalm,Hymnus,465,4421,0.09516987310683586,0.1425287318686413,0.09056792266301174,0.21228617210041803,0.6072625032530469,0.5311684063943675,0.677870555233268,1.2601003788205765e-14,0.00399800099950025,0.783608195902049,2000,8.400669192137176e-14,4.5102086418211956e-13,0.012301541536923847,0.06604535624315098,1.0,1.0
lexeme_icf_position2_psalm,Klagelied des Einzelnen,1176,6123,0.1611179613645705,0.1881449334354341,0.1323880379070325,0.26906092646715724,0.5603322089900797,0.4975319061300846,0.6276155432852614,2.6204508944765453e-11,0.02448775612193903,0.9685157421289355,2000,5.5167387252137794e-11,2.961864359141466e-10,0.05066432301090834,0.2720100771134947,1.0,1.0
lexeme_icf_position2_psalm,Klagelied des Volkes,36,1484,0.02368421052631579,0.02805959254930256,0.009624601007545898,0.06443051045904417,0.4897237196765499,0.2990885594950853,0.7384801503678862,0.5836214309956259,0.5347326336831584,1.0,2000,0.946508144184988,1.0,0.9099450274862569,1.0,1.0,1.0
lexeme_icf_position2_psalm,Königspsalm,45,1636,0.02676977989292088,0.03018265558544501,0.014123247480963485,0.06087713446641265,0.5460472697636511,0.3864333057434891,0.6718553927404127,0.14567768854586705,0.21989005497251374,0.9885057471264368,2000,0.6852872862006282,1.0,0.6818812815814315,1.0,1.0,1.0
lexeme_icf_position2_psalm,Liturgie,153,2800,0.05181171689806976,0.04549872802429046,0.027527358891275045,0.07299662879934526,0.45618814192343604,0.37654593115263246,0.534761947926967,0.9662053785666505,0.8300849575212393,1.0,2000,0.9994262053241604,1.0,0.9529688937044083,1.0,1.0,1.0
lexeme_icf_position2_psalm,Mischgedicht,45,1633,0.026817640047675805,0.03777125367224996,0.015613387475176193,0.07731794023336575,0.6014220589235898,0.41300316651136165,0.7442057229736933,0.010058180589592347,0.06696651674162919,0.8100949525237381,2000,0.02180514068317689,0.11706892831518777,0.13393303348325838,0.7190688160973064,1.0,1.0
lexeme_icf_position2_psalm,Thronbesteigungslied,15,1006,0.014691478942213516,0.05885988170133248,0.013090240654604426,0.5,0.6279324055666003,0.40186578483320134,0.8402482813031579,0.04433418133346674,0.0879560219890055,0.6896551724137931,2000,0.13072863626674316,0.7018648295014743,0.2454586660158293,1.0,1.0,1.0
lexeme_icf_position2_psalm,Wallfahrtslied,0,172,0.0,nan,nan,nan,nan,nan,nan,nan,nan,0.0004997501249375312,2000,nan,nan,nan,nan,0.0004997501249375312,0.0026830925973780084
lexeme_icf_position2_psalm,Weisheitsgedicht,45,1639,0.02672209026128266,0.04376150512105298,0.01426706233174868,0.10936848401427855,0.5522676428716697,0.397353163192112,0.7475743121014481,0.11550886273983674,0.19540229885057472,0.9820089955022488,2000,0.2828788475261308,1.0,0.42251601471991274,1.0,1.0,1.0
lexeme_icf_position2_psalm,Zionslied,15,1007,0.014677103718199608,0.029365262568228346,0.007158705336058428,0.10284335059663129,0.6794769943727242,0.40503257188818925,0.9130433274467987,0.008456532514986466,0.030484757621189407,0.46776611694152925,2000,0.02899382576566788,0.15566403168234405,0.1032816924870898,0.5545058034581218,1.0,1.0
lexeme_icf_position2_psalm,prophetische Gerichtsrede,1,342,0.0029154518950437317,0.011764705882352941,nan,nan,0.7573099415204678,nan,nan,0.18842749549700843,0.18259129564782392,0.25987006496751625,2000,0.36697981871958385,1.0,0.3637112673984051,1.0,0.5378849037019952,1.0
lexeme_icf_position2_psalm,"prophetische Schelt-, Droh- und Mahnrede",3,511,0.005836575875486381,0.17665945165945166,0.006975792005539702,0.5,0.7860404435746902,0.42800325745694967,0.9980694980694981,0.04385365510232082,0.04697651174412794,0.20189905047476261,2000,0.12441590117221925,0.6679725862460221,0.13850217748268723,0.7435999484161909,0.6172523494350386,1.0
lexeme_icf_position2_psalm,prophetische Tora,0,172,0.0,nan,nan,nan,nan,nan,nan,nan,nan,0.0004997501249375312,2000,nan,nan,nan,nan,0.0004997501249375312,0.0026830925973780084
lexeme_icf_position4,Danklied Israels,6,676,0.008797653958944282,0.00622348960880176,0.004013477053762276,0.011131409697141872,0.22509861932938857,0.058087198572958666,0.5048683390912997,0.9898747485219608,0.992503748125937,1.0,2000,0.9947817580173883,1.0,0.9950024987506247,1.0,1.0,1.0
lexeme_icf_position4,Danklied des Einzelnen,78,2087,0.03602771362586605,0.08287272074464877,0.03914909434728841,0.15350510172187853,0.754727064981018,0.6618078677370012,0.8289856241642799,1.007876987009232e-14,0.0004997501249375312,0.2613693153423288,2000,5.5133058411163795e-14,2.960021288884997e-13,0.0011758826469118382,0.006313159052654138,0.8349671318187061,1.0
lexeme_icf_position4,Fluch,0,173,0.0,nan,nan,nan,nan,nan,nan,nan,nan,0.0004997501249375312,2000,nan,nan,nan,nan,0.0004997501249375312,0.0026830925973780084
lexeme_icf_position4,Hymnus,465,4421,0.09516987310683586,0.1440707660270463,0.09409927866673208,0.22998035462034416,0.598863683349021,0.5098684427176308,0.677586982040798,1.0770990732226144e-12,0.0034982508745627187,0.8220889555222389,2000,4.308396292890458e-12,2.313121222625051e-11,0.011660836248542396,0.06260549393882021,1.0,1.0
lexeme_icf_position4,Klagelied des Einzelnen,1176,6123,0.1611179613645705,0.18059523076527734,0.1269351280826302,0.2561136626448492,0.5512080301661739,0.4936880103853988,0.6157942854420437,1.2646071373881515e-08,0.04147926036981509,0.984007996001999,2000,2.107678562313586e-08,1.1315848593140009e-07,0.0691321006163585,0.3711611426372912,1.0,1.0
lexeme_icf_position4,Klagelied des Volkes,36,1484,0.02368421052631579,0.027426099400548194,0.009666557675114073,0.06425494775460613,0.47701407607067986,0.27772069400287097,0.7109958504664445,0.6815719233870372,0.6231884057971014,1.0,2000,0.946508144184988,1.0,0.9126130004304778,1.0,1.0,1.0
lexeme_icf_position4,Königspsalm,45,1636,0.02676977989292088,0.030581551142933913,0.013758090631739772,0.06490576599154702,0.5423662048356425,0.3542113451435979,0.672698935045834,0.1658263009188239,0.239880059970015,0.9940029985007496,2000,0.6852872862006282,1.0,0.6818812815814315,1.0,1.0,1.0
lexeme_icf_position4,Liturgie,153,2800,0.05181171689806976,0.04952316746272466,0.028225950862359753,0.08144195380524132,0.494610177404295,0.40570658422198186,0.5795440353527731,0.5889692854522354,0.552223888055972,1.0,2000,0.9994262053241604,1.0,0.9529688937044083,1.0,1.0,1.0
lexeme_icf_position4,Mischgedicht,45,1633,0.026817640047675805,0.03986973321500005,0.016271663133606052,0.09535539854929444,0.5951758862352862,0.3699843978751473,0.7282240275522012,0.014590797964728714,0.08245877061469266,0.8370814592703648,2000,0.028703209110941732,0.15410374914100813,0.15315419213470188,0.8222646852272297,1.0,1.0
lexeme_icf_position4,Thronbesteigungslied,15,1006,0.014691478942213516,0.039606918859388614,0.005901714861691379,0.25797098222422343,0.5555666003976143,0.2661834315204657,0.787034848885717,0.22989134985986404,0.2658670664667666,0.975512243878061,2000,0.3642560083316639,1.0,0.4023569610543566,1.0,1.0,1.0
lexeme_icf_position4,Wallfahrtslied,0,172,0.0,nan,nan,nan,nan,nan,nan,nan,nan,0.0004997501249375312,2000,nan,nan,nan,nan,0.0004997501249375312,0.0026830925973780084
lexeme_icf_position4,Weisheitsgedicht,45,1639,0.02672209026128266,0.04476433965860267,0.014355550604291476,0.10283706906102943,0.5646600230492848,0.3867678645840273,0.7593881350650906,0.06920257610380004,0.1539230384807596,0.9570214892553723,2000,0.22876453724756324,1.0,0.42251601471991274,1.0,1.0,1.0
lexeme_icf_position4,Zionslied,15,1007,0.014677103718199608,0.02553156976816237,0.007167212938873375,0.06853996058644517,0.6766964581264482,0.4250035530935335,0.8900174104198564,0.009346928770239746,0.030984507746126936,0.47876061969015493,2000,0.031156429234132487,0.16727476486230416,0.1032816924870898,0.5545058034581218,1.0,1.0
lexeme_icf_position4,prophetische Gerichtsrede,1,342,0.0029154518950437317,0.0078125,nan,nan,0.631578947368421,nan,nan,0.3265616213751474,0.3311655827913957,0.6616691654172914,2000,0.4610281713531493,1.0,0.46752788158785274,1.0,0.9341211747067644,1.0
lexeme_icf_position4,"prophetische Schelt-, Droh- und Mahnrede",3,511,0.005836575875486381,0.17084376538058246,0.00474452818398388,0.5,0.487279843444227,0.17817660035431584,0.9980899394294059,0.5310753974098615,0.5367316341829086,1.0,2000,0.5400766753320626,1.0,0.5458287805249917,1.0,1.0,1.0
lexeme_icf_position4,prophetische Tora,0,172,0.0,nan,nan,nan,nan,nan,nan,nan,nan,0.0004997501249375312,2000,nan,nan,nan,nan,0.0004997501249375312,0.0026830925973780084
lexeme_icf_position4_psalm,Danklied Israels,6,676,0.008797653958944282,0.01552072557270059,0.005065697220628065,0.08894143235894345,0.41000986193293887,0.13704251583984095,0.9225263523966293,0.7765847946989008,0.7581209395302348,1.0,2000,0.9947817580173883,1.0,0.9950024987506247,1.0,1.0,1.0
lexeme_icf_position4_psalm,Danklied des Einzelnen,78,2087,0.03602771362586605,0.08413958443348973,0.03890786390240593,0.15587779127535314,0.7623259985502439,0.6623884330129944,0.841884430336199,1.6656731172688193e-15,0.0004997501249375312,0.25237381309345325,2000,1.2492548379516145e-14,6.707084682301228e-14,0.0011758826469118382,0.006313159052654138,0.8349671318187061,1.0
lexeme_icf_position4_psalm,Fluch,0,173,0.0,nan,nan,nan,nan,nan,nan,nan,nan,0.0004997501249375312,2000,nan,nan,nan,nan,0.0004997501249375312,0.0026830925973780084
lexeme_icf_position4_psalm,Hymnus,465,4421,0.09516987310683586,0.14932078451850012,0.09494734918207964,0.22339172971043006,0.6154385350465642,0.5413091753782809,0.6897071148515264,1.184644872636731e-16,0.001999000499750125,0.7561219390304847,2000,1.5762738056245173e-15,8.462806447203321e-15,0.010903639089546136,0.05854020212461109,1.0,1.0
lexeme_icf_position4_psalm,Klagelied des Einzelnen,1176,6123,0.1611179613645705,0.18465233290701025,0.12995527418016634,0.26155430268188473,0.5610820026197643,0.4981833230679104,0.6245880032668581,1.5109318870406926e-11,0.02048975512243878,0.9635182408795602,2000,3.486765893170829e-11,1.8719986829270302e-10,0.04639189839042743,0.24907199205848685,1.0,1.0
lexeme_icf_position4_psalm,Klagelied des Volkes,36,1484,0.02368421052631579,0.025787109006204303,0.009958225499722561,0.05793686610781589,0.46647574123989216,0.2897554128730062,0.7001195326698463,0.7544164209503845,0.6696651674162919,1.0,2000,0.946508144184988,1.0,0.9126130004304778,1.0,1.0,1.0
lexeme_icf_position4_psalm,Königspsalm,45,1636,0.02676977989292088,0.029803902933588717,0.01336652056197004,0.06151728391169326,0.5226976365118174,0.3640904302158586,0.6610950805200168,0.30152222494308084,0.3278360819590205,1.0,2000,0.6852872862006282,1.0,0.6818812815814315,1.0,1.0,1.0
lexeme_icf_position4_psalm,Liturgie,153,2800,0.05181171689806976,0.04842106432611718,0.02776013360927592,0.07666705960262328,0.48543650793650794,0.4019186638491113,0.5679077084894382,0.7282702076031442,0.6271864067966016,1.0,2000,0.9994262053241604,1.0,0.9529688937044083,1.0,1.0,1.0
lexeme_icf_position4_psalm,Mischgedicht,45,1633,0.026817640047675805,0.036443973347129135,0.0149833244138701,0.0854109386649532,0.5698373817785942,0.3607551122662187,0.7155416867630392,0.05476238116139278,0.14842578710644677,0.9405297351324338,2000,0.07221412900403443,0.3877081471086075,0.1905297351324338,1.0,1.0,1.0
lexeme_icf_position4_psalm,Thronbesteigungslied,15,1006,0.014691478942213516,0.043814122814333216,0.008551578781036878,0.2838847476070968,0.5853214049039098,0.3183249538715627,0.7935654008445132,0.12813105273105796,0.17641179410294852,0.8855572213893054,2000,0.2483071915485956,1.0,0.33602246495799715,1.0,1.0,1.0
lexeme_icf_position4_psalm,Wallfahrtslied,0,172,0.0,nan,nan,nan,nan,nan,nan,nan,nan,0.0004997501249375312,2000,nan,nan,nan,nan,0.0004997501249375312,0.0026830925973780084
lexeme_icf_position4_psalm,Weisheitsgedicht,45,1639,0.02672209026128266,0.04159015144922054,0.014353197239341565,0.09625976800874539,0.5531760558606196,0.38633083328394685,0.7325098175744366,0.11150546218606994,0.19540229885057472,0.9800099950024987,2000,0.2828788475261308,1.0,0.42251601471991274,1.0,1.0,1.0
lexeme_icf_position4_psalm,Zionslied,15,1007,0.014677103718199608,0.037649951888911515,0.007735662169316276,0.13776412141533312,0.7289970208540218,0.437030475981418,0.9220715233869883,0.001152780433452904,0.00849575212393803,0.32083958020989506,2000,0.007685202889686027,0.041260842076311983,0.050974512743628186,0.2736754449325569,1.0,1.0
lexeme_icf_position4_psalm,prophetische Gerichtsrede,1,342,0.0029154518950437317,0.011111111111111112,nan,nan,0.7426900584795322,nan,nan,0.20236359559135964,0.19909954977488745,0.2913543228385807,2000,0.36697981871958385,1.0,0.3637112673984051,1.0,0.5378849037019952,1.0
lexeme_icf_position4_psalm,"prophetische Schelt-, Droh- und Mahnrede",3,511,0.005836575875486381,0.1774872912127814,0.00751827502131562,0.5,0.8043052837573386,0.4570193942745824,0.9980694980694981,0.0346253704183118,0.03398300849575212,0.17841079460269865,2000,0.11220232613159782,0.6023995105352187,0.12699532586647852,0.681821177686647,0.6172523494350386,1.0
lexeme_icf_position4_psalm,prophetische Tora,0,172,0.0,nan,nan,nan,nan,nan,nan,nan,nan,0.0004997501249375312,2000,nan,nan,nan,nan,0.0004997501249375312,0.0026830925973780084
lexeme_icf_position8,Danklied Israels,6,676,0.008797653958944282,0.009052913255343164,0.004158007367296815,0.02052903195153752,0.41839250493096647,0.10223489406995355,0.8729751684345984,0.7548861342767934,0.7301349325337332,1.0,2000,0.9947817580173883,1.0,0.9950024987506247,1.0,1.0,1.0
lexeme_icf_position8,Danklied des Einzelnen,78,2087,0.03602771362586605,0.0833753747988531,0.040114014185961853,0.16309025885998868,0.7544014841571143,0.6394204785038691,0.8218246286787771,1.0874452363474544e-14,0.0004997501249375312,0.26686656671664166,2000,5.6736273200736754e-14,3.046095779300539e-13,0.0011758826469118382,0.006313159052654138,0.8349671318187061,1.0
lexeme_icf_position8,Fluch,0,173,0.0,nan,nan,nan,nan,nan,nan,nan,nan,0.0004997501249375312,2000,nan,nan,nan,nan,0.0004997501249375312,0.0026830925973780084
lexeme_icf_position8,Hymnus,465,4421,0.09516987310683586,0.14550428980542252,0.09515077609072779,0.2320815400013427,0.5900708495377633,0.5094704643698189,0.6715813521050018,7.799356574693321e-11,0.0074962518740629685,0.8535732133933034,2000,2.2283875927695205e-10,1.196391947875205e-09,0.017638239703677575,0.09469738578981207,1.0,1.0
lexeme_icf_position8,Klagelied des Einzelnen,1176,6123,0.1611179613645705,0.1744753623339676,0.12449462785197399,0.24881654598589287,0.5398558574172769,0.48245542636175126,0.6013457007302186,7.249312022629274e-06,0.07846076961519241,0.9965017491254373,2000,1.1011613198930543e-05,5.911990089634027e-05,0.11918091587117835,0.6398666396785023,1.0,1.0
lexeme_icf_position8,Klagelied des Volkes,36,1484,0.02368421052631579,0.025544582655093254,0.009652543576702392,0.0653944606906918,0.4425351901766996,0.30211596022777903,0.6843373379975753,0.8809917772914349,0.8085957021489255,1.0,2000,0.946508144184988,1.0,0.9171276430750143,1.0,1.0,1.0
lexeme_icf_position8,Königspsalm,45,1636,0.02676977989292088,0.03336620199498198,0.013919639310177033,0.07394470044936,0.550013583265417,0.37696358880381725,0.6937859333812387,0.12588667522436342,0.1969015492253873,0.9850074962518741,2000,0.6852872862006282,1.0,0.6818812815814315,1.0,1.0,1.0
lexeme_icf_position8,Liturgie,153,2800,0.05181171689806976,0.04961872888108616,0.02764661850659533,0.07968425216026463,0.48609943977591036,0.39358635612205756,0.5698022428753242,0.7190205832483079,0.6271864067966016,1.0,2000,0.9994262053241604,1.0,0.9529688937044083,1.0,1.0,1.0
lexeme_icf_position8,Mischgedicht,45,1633,0.026817640047675805,0.04299689744006113,0.01687244196972956,0.11265506975340486,0.5965230999523712,0.41910678984382355,0.727137099773794,0.013486815159488777,0.06946526736631684,0.8215892053973014,2000,0.026973630318977555,0.14481786841435265,0.13665298498291836,0.7336718774469703,1.0,1.0
lexeme_icf_position8,Thronbesteigungslied,15,1006,0.014691478942213516,0.04553430659476023,0.006676446669507792,0.21975382023598397,0.5769715043074884,0.29591672840310534,0.8290199394299799,0.15288794807562034,0.19540229885057472,0.9105447276361819,2000,0.2866649026417881,1.0,0.35176441629931304,1.0,1.0,1.0
lexeme_icf_position8,Wallfahrtslied,0,172,0.0,nan,nan,nan,nan,nan,nan,nan,nan,0.0004997501249375312,2000,nan,nan,nan,nan,0.0004997501249375312,0.0026830925973780084
lexeme_icf_position8,Weisheitsgedicht,45,1639,0.02672209026128266,0.04255955802559684,0.014660192372158258,0.0979143610794645,0.5642261541590401,0.3945887505227469,0.7457064612020313,0.07053573231799866,0.15542228885557222,0.9545227386306847,2000,0.22876453724756324,1.0,0.42251601471991274,1.0,1.0,1.0
lexeme_icf_position8,Zionslied,15,1007,0.014677103718199608,0.024909003870913507,0.007907725287596755,0.07425853880648707,0.6506785832505793,0.4051165528491764,0.8843983456478584,0.02246793851855466,0.04847576211894053,0.5737131434282858,2000,0.05392305244453118,0.28950576622673746,0.1199400299850075,0.6439422233707222,1.0,1.0
lexeme_icf_position8,prophetische Gerichtsrede,1,342,0.0029154518950437317,0.00847457627118644,nan,nan,0.6608187134502924,nan,nan,0.2910147974641988,0.29214607303651824,0.5352323838080959,2000,0.4258753133622421,1.0,0.4328089970911381,1.0,0.7832669031337989,1.0
lexeme_icf_position8,"prophetische Schelt-, Droh- und Mahnrede",3,511,0.005836575875486381,0.1716573355005719,0.004123711340206186,0.5,0.5362035225048923,0.0452150282352543,0.9980694980694981,0.4151070746073098,0.4122938530734633,0.9975012493753124,2000,0.47066097123739453,1.0,0.46238562961509894,1.0,1.0,1.0
lexeme_icf_position8,prophetische Tora,0,172,0.0,nan,nan,nan,nan,nan,nan,nan,nan,0.0004997501249375312,2000,nan,nan,nan,nan,0.0004997501249375312,0.0026830925973780084
lexeme_icf_position8_psalm,Danklied Israels,6,676,0.008797653958944282,0.025937375025113375,0.0054201968884369,0.12516485963892474,0.5446252465483234,0.21805163982770137,0.9744008957655117,0.35358037234954187,0.3488255872063968,0.9875062468765617,2000,0.9947817580173883,1.0,0.9950024987506247,1.0,1.0,1.0
lexeme_icf_position8_psalm,Danklied des Einzelnen,78,2087,0.03602771362586605,0.08388226018583221,0.04177883138292787,0.16141853000919243,0.7631553081960365,0.6501683437922646,0.8348916793495037,1.3643247656999154e-15,0.0004997501249375312,0.2658670664667666,2000,1.1694212277427846e-14,6.27846854418611e-14,0.0011758826469118382,0.006313159052654138,0.8349671318187061,1.0
lexeme_icf_position8_psalm,Fluch,0,173,0.0,nan,nan,nan,nan,nan,nan,nan,nan,0.0004997501249375312,2000,nan,nan,nan,nan,0.0004997501249375312,0.0026830925973780084
lexeme_icf_position8_psalm,Hymnus,465,4421,0.09516987310683586,0.1525287270123194,0.09324620152170573,0.23079272896829123,0.6069438870688041,0.5237670738163691,0.6820974189437219,1.501298309726346e-14,0.0029985007496251873,0.7731134432783608,2000,9.481884061429554e-14,5.090698664177075e-13,0.010903639089546136,0.05854020212461109,1.0,1.0
lexeme_icf_position8_psalm,Klagelied des Einzelnen,1176,6123,0.1611179613645705,0.18444724082773578,0.13186079654620853,0.2655742074567084,0.5593593798780332,0.503671271178349,0.6248062515058695,5.30176882656415e-11,0.01999000499750125,0.9635182408795602,2000,1.0969176882546518e-10,5.889206590307397e-10,0.04613078076346442,0.2476700859118162,1.0,1.0
lexeme_icf_position8_psalm,Klagelied des Volkes,36,1484,0.02368421052631579,0.024681484483885744,0.009831198041739377,0.05626624239861211,0.43703204552261155,0.30599227485344105,0.7138851055197007,0.9019841178722493,0.8275862068965517,1.0,2000,0.946508144184988,1.0,0.9171276430750143,1.0,1.0,1.0
lexeme_icf_position8_psalm,Königspsalm,45,1636,0.02676977989292088,0.031486601612208495,0.01382020930521339,0.07035632120478884,0.526147785927737,0.38735802294655397,0.6852601988018159,0.27455384758550044,0.30134932533733133,0.999000499750125,2000,0.6852872862006282,1.0,0.6818812815814315,1.0,1.0,1.0
lexeme_icf_position8_psalm,Liturgie,153,2800,0.05181171689806976,0.05021410137153675,0.028555513688714736,0.08003186285454571,0.48641923436041085,0.40002901732902446,0.5646712579429239,0.7145048560211105,0.6341829085457271,1.0,2000,0.9994262053241604,1.0,0.9529688937044083,1.0,1.0,1.0
lexeme_icf_position8_psalm,Mischgedicht,45,1633,0.026817640047675805,0.038781115551153725,0.01535090464078017,0.09558118559048709,0.5658229570660679,0.39439572683448443,0.7116355802630184,0.06573468421003556,0.14992503748125938,0.9480259870064968,2000,0.08391661814047094,0.45053726991631904,0.1905297351324338,1.0,1.0,1.0
lexeme_icf_position8_psalm,Thronbesteigungslied,15,1006,0.014691478942213516,0.04543364627059761,0.009466960613741516,0.2,0.6075215374420145,0.29375792094097136,0.8318228670403582,0.07624724895183511,0.12093953023488256,0.768615692153923,2000,0.18299339748440427,0.9824674485490726,0.2790912236189597,1.0,1.0,1.0
lexeme_icf_position8_psalm,Wallfahrtslied,0,172,0.0,nan,nan,nan,nan,nan,nan,nan,nan,0.0004997501249375312,2000,nan,nan,nan,nan,0.0004997501249375312,0.0026830925973780084
lexeme_icf_position8_psalm,Weisheitsgedicht,45,1639,0.02672209026128266,0.0390831678978985,0.014361697708042798,0.08843882208041762,0.5547217137821164,0.4263378245681561,0.746495096928051,0.10492372676763484,0.18340829585207397,0.9730134932533733,2000,0.2737140698286126,1.0,0.42251601471991274,1.0,1.0,1.0
lexeme_icf_position8_psalm,Zionslied,15,1007,0.014677103718199608,0.05558263430119524,0.008253327736633176,0.2094722176381402,0.7763323402846739,0.35849124075121286,0.936070574208054,0.00011760801005115578,0.0024987506246876563,0.24387806096951525,2000,0.0017641201507673366,0.009471328732535844,0.02306539038173221,0.1238350429559081,1.0,1.0
lexeme_icf_position8_psalm,prophetische Gerichtsrede,1,342,0.0029154518950437317,0.015384615384615385,nan,nan,0.8157894736842105,nan,nan,0.1388067935194806,0.14607303651825912,0.1774112943528236,2000,0.36697981871958385,1.0,0.3637112673984051,1.0,0.5378849037019952,1.0
lexeme_icf_position8_psalm,"prophetische Schelt-, Droh- und Mahnrede",3,511,0.005836575875486381,0.1742938161195332,0.006212452150495813,0.5,0.7175472928897586,0.35823093176452236,0.9980694980694981,0.09709947413280862,0.10994502748625687,0.3613193403298351,2000,0.21577660918401917,1.0,0.24091402574574783,1.0,0.8107057582319952,1.0
lexeme_icf_position8_psalm,prophetische Tora,0,172,0.0,nan,nan,nan,nan,nan,nan,nan,nan,0.0004997501249375312,2000,nan,nan,nan,nan,0.0004997501249375312,0.0026830925973780084
lexeme_icf_position_mean,Danklied Israels,6,676,0.008797653958944282,0.007966743896212112,0.00399402247033091,0.017394714711993588,0.35355029585798814,0.04471090787329583,0.8598062362972524,0.8920166216024442,0.8985507246376812,1.0,2000,0.9947817580173883,1.0,0.9950024987506247,1.0,1.0,1.0
lexeme_icf_position_mean,Danklied des Einzelnen,78,2087,0.03602771362586605,0.09535459434954535,0.043060668991805794,0.17105982837792183,0.7934343248190876,0.7021010704653776,0.863280670673676,6.144584202343078e-19,0.0004997501249375312,0.19640179910044978,2000,1.738278380261094e-17,9.332587670375814e-17,0.0011758826469118382,0.006313159052654138,0.8349671318187061,1.0
lexeme_icf_position_mean,Fluch,0,173,0.0,nan,nan,nan,nan,nan,nan,nan,nan,0.0004997501249375312,2000,nan,nan,nan,nan,0.0004997501249375312,0.0026830925973780084
lexeme_icf_position_mean,Hymnus,465,4421,0.09516987310683586,0.13951032533198948,0.0910408588445133,0.2140977885463505,0.5835579455823015,0.5043152567023096,0.6656016498485009,1.4543736057958626e-09,0.013493253373313344,0.895552223888056,2000,3.173178776281882e-09,1.703637890208265e-08,0.026986506746626688,0.14488700025841247,1.0,1.0
lexeme_icf_position_mean,Klagelied des Einzelnen,1176,6123,0.1611179613645705,0.19717389134627566,0.13704220996383226,0.27965070191574976,0.570698914875439,0.509502134710304,0.6387332735892591,7.254641920439272e-15,0.01249375312343828,0.9395302348825587,2000,1.934571178783806e-14,1.0386457851400251e-13,0.0318989441449488,0.1712612296198729,1.0,1.0
lexeme_icf_position_mean,Klagelied des Volkes,36,1484,0.02368421052631579,0.03170704312613183,0.01011264218577768,0.0824917905022834,0.516677897574124,0.30278657690056227,0.7614890379760311,0.36609669321741456,0.37631184407796103,1.0,2000,0.946508144184988,1.0,0.9099450274862569,1.0,1.0,1.0
lexeme_icf_position_mean,Königspsalm,45,1636,0.02676977989292088,0.03171771973956341,0.01430441933658288,0.06531879060139485,0.5603368649823418,0.3775645645110166,0.6908430704232852,0.08338747768289717,0.16541729135432284,0.9650174912543729,2000,0.6852872862006282,1.0,0.6818812815814315,1.0,1.0,1.0
lexeme_icf_position_mean,Liturgie,153,2800,0.05181171689806976,0.048080518159175994,0.02771711640743926,0.08039405524349527,0.47362745098039216,0.38948771859295356,0.5590521971326384,0.8643829208737702,0.7166416791604198,1.0,2000,0.9994262053241604,1.0,0.9529688937044083,1.0,1.0,1.0
lexeme_icf_position_mean,Mischgedicht,45,1633,0.026817640047675805,0.03929445837617191,0.016343563683053886,0.08305225504271803,0.6223515003061849,0.43377337015274053,0.7579654829215745,0.0025250694853832683,0.03798100949525238,0.711144427786107,2000,0.011654166855615083,0.06256968684663687,0.1222465690231807,0.6563257276663129,1.0,1.0
lexeme_icf_position_mean,Thronbesteigungslied,15,1006,0.014691478942213516,0.0445094388121004,0.013534601767456257,0.3333333333333333,0.6140159045725646,0.36525446003070006,0.8460566658546657,0.06460531134451006,0.11694152923538231,0.7486256871564217,2000,0.1649497310923661,0.8855933802692748,0.2790912236189597,1.0,1.0,1.0
lexeme_icf_position_mean,Wallfahrtslied,0,172,0.0,nan,nan,nan,nan,nan,nan,nan,nan,0.0004997501249375312,2000,nan,nan,nan,nan,0.0004997501249375312,0.0026830925973780084
lexeme_icf_position_mean,Weisheitsgedicht,45,1639,0.02672209026128266,0.04685502917117883,0.014272220531891639,0.11933451355610837,0.5733645176598197,0.38651910117307114,0.7684202127480728,0.04635714590006032,0.12643678160919541,0.9325337331334332,2000,0.22876453724756324,1.0,0.42251601471991274,1.0,1.0,1.0
lexeme_icf_position_mean,Zionslied,15,1007,0.014677103718199608,0.03555863502341985,0.00836037359361069,0.15442368178518287,0.7102615028136379,0.42311837611586195,0.9296714976328851,0.0025680837886707815,0.014492753623188406,0.3713143428285857,2000,0.013919463198418467,0.07473176454297156,0.0728207324908974,0.3909649213322241,1.0,1.0
lexeme_icf_position_mean,prophetische Gerichtsrede,1,342,0.0029154518950437317,0.012658227848101266,nan,nan,0.7748538011695907,nan,nan,0.17250744654097172,0.16908454227113556,0.23288355822088955,2000,0.36697981871958385,1.0,0.3637112673984051,1.0,0.5378849037019952,1.0
lexeme_icf_position_mean,"prophetische Schelt-, Droh- und Mahnrede",3,511,0.005836575875486381,0.17225862522442165,0.005568298162496376,0.5,0.6170906718851924,0.28915325193447733,0.9980720516322416,0.24263174734437526,0.23338330834582707,0.7351324337831084,2000,0.36394762101656286,1.0,0.3500749625187406,1.0,1.0,1.0
lexeme_icf_position_mean,prophetische Tora,0,172,0.0,nan,nan,nan,nan,nan,nan,nan,nan,0.0004997501249375312,2000,nan,nan,nan,nan,0.0004997501249375312,0.0026830925973780084
lexeme_icf_position_mean_psalm,Danklied Israels,6,676,0.008797653958944282,0.03936749230793808,0.005358388355666086,0.21088170295993508,0.6415187376725838,0.3580970356061732,0.9918827550474313,0.11631387521614645,0.12543728135932034,0.5972013993003499,2000,0.9947817580173883,1.0,0.9950024987506247,1.0,1.0,1.0
lexeme_icf_position_mean_psalm,Danklied des Einzelnen,78,2087,0.03602771362586605,0.054137639746785954,0.0245915587073938,0.08842365213282376,0.6481884191515241,0.5565119843306809,0.7403204423516655,4.290399363746295e-06,0.0024987506246876563,0.568215892053973,2000,6.356147205550067e-06,3.412531716162766e-05,0.004223240492429841,0.02267402194967331,0.8659955736417505,1.0
lexeme_icf_position_mean_psalm,Fluch,0,173,0.0,nan,nan,nan,nan,nan,nan,nan,nan,0.0004997501249375312,2000,nan,nan,nan,nan,0.0004997501249375312,0.0026830925973780084
lexeme_icf_position_mean_psalm,Hymnus,465,4421,0.09516987310683586,0.14520470153232987,0.0920334323302684,0.20995110361282598,0.5872855117194815,0.5166604516694129,0.6613206696106361,2.7962746263187856e-10,0.0034982508745627187,0.8460769615192404,2000,7.294629459962049e-10,3.916390477558407e-09,0.011660836248542396,0.06260549393882021,1.0,1.0
lexeme_icf_position_mean_psalm,Klagelied des Einzelnen,1176,6123,0.1611179613645705,0.27881754160450606,0.2015923992233796,0.3856245462012764,0.6620456936653479,0.6058429063608702,0.7253144690894878,7.248441345223364e-70,0.0004997501249375312,0.5147426286856571,2000,9.664588460297819e-69,5.188790249481454e-68,0.0023988005997001498,0.012878844467414441,1.0,1.0
lexeme_icf_position_mean_psalm,Klagelied des Volkes,36,1484,0.02368421052631579,0.0355237286445126,0.010846210622996785,0.15402655483903674,0.54161051212938,0.32557923518525983,0.7952347004063015,0.19652973173384658,0.22638680659670166,0.9805097451274363,2000,0.946508144184988,1.0,0.9099450274862569,1.0,1.0,1.0
lexeme_icf_position_mean_psalm,Königspsalm,45,1636,0.02676977989292088,0.03168363070238296,0.01272111833177516,0.07522961104117273,0.4968215158924205,0.3291476866952466,0.7610168309578814,0.5290969256919719,0.4917541229385307,1.0,2000,0.7338030811866151,1.0,0.6818812815814315,1.0,1.0,1.0
lexeme_icf_position_mean_psalm,Liturgie,153,2800,0.05181171689806976,0.07155648216636401,0.03904656132612431,0.11938633878758387,0.567140522875817,0.48462319827576333,0.6659719405608299,0.0025485401788424068,0.03948025987006497,0.9135432283858071,2000,0.061164964292217766,0.3283866370855908,0.7896051974012994,1.0,1.0,1.0
lexeme_icf_position_mean_psalm,Mischgedicht,45,1633,0.026817640047675805,0.038585340660537315,0.01561172592967065,0.09096092097102658,0.6106212152139893,0.44031636468431895,0.783419913961538,0.005622512999933461,0.030484757621189407,0.7361319340329835,2000,0.014667425217217724,0.07874747410584773,0.1222465690231807,0.6563257276663129,1.0,1.0
lexeme_icf_position_mean_psalm,Thronbesteigungslied,15,1006,0.014691478942213516,0.10015410937665266,0.011673215774923603,0.28658225147054656,0.8063286944996687,0.4662356485664897,0.9681713883143592,2.2801099374731863e-05,0.0009995002498750624,0.20839580209895053,2000,0.00037109445479559494,0.0019923572499647682,0.009995002498750623,0.05366185194756017,1.0,1.0
lexeme_icf_position_mean_psalm,Wallfahrtslied,0,172,0.0,nan,nan,nan,nan,nan,nan,nan,nan,0.0004997501249375312,2000,nan,nan,nan,nan,0.0004997501249375312,0.0026830925973780084
lexeme_icf_position_mean_psalm,Weisheitsgedicht,45,1639,0.02672209026128266,0.04320910019281239,0.014707565477872175,0.12756706932710588,0.5355365737916074,0.3738548701693483,0.7001445067054706,0.20773938826709254,0.25487256371814093,0.9900049975012494,2000,0.34623231377848757,1.0,0.43077053022784384,1.0,1.0,1.0
lexeme_icf_position_mean_psalm,Zionslied,15,1007,0.014677103718199608,0.08799238462118122,0.011105527832878088,0.392954810077266,0.8191658391261172,0.1947755349021738,0.9535350581294005,1.0784288280946337e-05,0.0004997501249375312,0.18840579710144928,2000,0.0006470572968567803,0.0034739654011949794,0.02306539038173221,0.1238350429559081,1.0,1.0
lexeme_icf_position_mean_psalm,prophetische Gerichtsrede,1,342,0.0029154518950437317,0.25,nan,nan,0.9941520467836257,nan,nan,0.04439970669064212,0.008504252126063032,0.00849575212393803,2000,0.36697981871958385,1.0,0.3601800900450225,1.0,0.3782724022604082,1.0
lexeme_icf_position_mean_psalm,"prophetische Schelt-, Droh- und Mahnrede",3,511,0.005836575875486381,0.17195534930390066,0.005763688760806916,0.5,0.5955642530984997,0.3190594331406202,0.9980851920967665,0.284608213626051,0.29185407296351823,0.8040979510244878,2000,0.39353121465939717,1.0,0.38947559187439246,1.0,1.0,1.0
lexeme_icf_position_mean_psalm,prophetische Tora,0,172,0.0,nan,nan,nan,nan,nan,nan,nan,nan,0.0004997501249375312,2000,nan,nan,nan,nan,0.0004997501249375312,0.0026830925973780084
lexeme_icf_psalm,Danklied Israels,6,676,0.008797653958944282,0.02073992601830949,0.004998796349278637,0.1426209117623269,0.5574457593688363,0.26437410793089045,0.9885851871886988,0.3142288258530038,0.3073463268365817,0.9480259870064968,2000,0.9947817580173883,1.0,0.9950024987506247,1.0,1.0,1.0
lexeme_icf_psalm,Danklied des Einzelnen,78,2087,0.03602771362586605,0.05843201707204865,0.02644514432349972,0.10307113764773151,0.6613345127959407,0.5684228429939723,0.7592379689127264,6.33229441872503e-07,0.001999000499750125,0.5362318840579711,2000,1.0268585543878427e-06,5.513068328250441e-06,0.0035276479407355143,0.018939477157962414,0.8659955736417505,1.0
lexeme_icf_psalm,Fluch,0,173,0.0,nan,nan,nan,nan,nan,nan,nan,nan,0.0004997501249375312,2000,nan,nan,nan,nan,0.0004997501249375312,0.0026830925973780084
lexeme_icf_psalm,Hymnus,465,4421,0.09516987310683586,0.1509390782750907,0.09689874991052541,0.22270896295132608,0.5931704256079854,0.5229848311223891,0.6690275349581617,1.8006018588553494e-11,0.001999000499750125,0.808095952023988,2000,5.839789812503837e-11,3.1353062329161276e-10,0.010903639089546136,0.05854020212461109,1.0,1.0
lexeme_icf_psalm,Klagelied des Einzelnen,1176,6123,0.1611179613645705,0.26608748468721355,0.18899595143026857,0.3660207633537444,0.6486825907890512,0.5941819411847843,0.7121085184256204,3.715457385269703e-59,0.0004997501249375312,0.5807096451774113,2000,3.1846777588026023e-58,1.709811542467498e-57,0.0023988005997001498,0.012878844467414441,1.0,1.0
lexeme_icf_psalm,Klagelied des Volkes,36,1484,0.02368421052631579,0.04041915089174543,0.011895999345379544,0.20057627617275667,0.5596735549565738,0.3444143401822111,0.8031724771647856,0.11030249464463093,0.16391804097951024,0.9420289855072463,2000,0.946508144184988,1.0,0.9099450274862569,1.0,1.0,1.0
lexeme_icf_psalm,Königspsalm,45,1636,0.02676977989292088,0.03262391471655484,0.012963767343692473,0.07976141384865511,0.5120619396903016,0.33270699237063167,0.7256318905079511,0.39116682681727166,0.37831084457771114,0.9995002498750625,2000,0.6945170791118931,1.0,0.6818812815814315,1.0,1.0,1.0
lexeme_icf_psalm,Liturgie,153,2800,0.05181171689806976,0.07175993177531673,0.036196039503114785,0.1187670425072236,0.5621195144724557,0.48353313093443717,0.6600188155499959,0.00477968324199178,0.05347326336831584,0.9345327336331835,2000,0.0716952486298767,0.38492234672286196,0.8695652173913043,1.0,1.0,1.0
lexeme_icf_psalm,Mischgedicht,45,1633,0.026817640047675805,0.04318831676577804,0.015538385469776036,0.11371892653111104,0.6164591413213582,0.4578889424325209,0.7827483449698204,0.0038063563621967655,0.027486256871564217,0.7071464267866067,2000,0.013136290701826318,0.0705270145624906,0.1222465690231807,0.6563257276663129,1.0,1.0
lexeme_icf_psalm,Thronbesteigungslied,15,1006,0.014691478942213516,0.13361470433564662,0.011199676065927745,0.3302128868453448,0.8466865473823725,0.5655624118790203,0.9464193249709261,1.972152066028222e-06,0.0004997501249375312,0.14592703648175911,2000,0.00013671485968608577,0.0007340040745785952,0.008567144998929107,0.045995873097908715,1.0,1.0
lexeme_icf_psalm,Wallfahrtslied,0,172,0.0,nan,nan,nan,nan,nan,nan,nan,nan,0.0004997501249375312,2000,nan,nan,nan,nan,0.0004997501249375312,0.0026830925973780084
lexeme_icf_psalm,Weisheitsgedicht,45,1639,0.02672209026128266,0.041900936881726886,0.012998237421777201,0.12149910684787636,0.5267371703613314,0.3592030513276753,0.6748841136797685,0.2700635335451529,0.3148425787106447,0.9985007496251874,2000,0.3866524851988366,1.0,0.4444836405326749,1.0,1.0,1.0
lexeme_icf_psalm,Zionslied,15,1007,0.014677103718199608,0.12765423750435112,0.025014141120095663,0.571566308615942,0.7924859318106587,0.2157644292142542,0.9497187355938677,4.953399324202812e-05,0.0009995002498750624,0.2193903048475762,2000,0.0014860197972608436,0.007978244563893065,0.02306539038173221,0.1238350429559081,1.0,1.0
lexeme_icf_psalm,prophetische Gerichtsrede,1,342,0.0029154518950437317,0.07142857142857142,nan,nan,0.9649122807017544,nan,nan,0.05471392107820827,0.030515257628814407,0.030984507746126936,2000,0.36697981871958385,1.0,0.3601800900450225,1.0,0.3782724022604082,1.0
lexeme_icf_psalm,"prophetische Schelt-, Droh- und Mahnrede",3,511,0.005836575875486381,0.172808257918552,0.006711409395973154,0.5,0.6503587736464449,0.4096153864069984,0.9980839021154352,0.18494105748968526,0.19990004997501248,0.5742128935532234,2000,0.30137280084800444,1.0,0.3098450774612694,1.0,0.9488926422864518,1.0
lexeme_icf_psalm,prophetische Tora,0,172,0.0,nan,nan,nan,nan,nan,nan,nan,nan,0.0004997501249375312,2000,nan,nan,nan,nan,0.0004997501249375312,0.0026830925973780084
lexeme_icf_spacing2,Danklied Israels,6,676,0.008797653958944282,0.008344453836175525,0.004450687407417443,0.024589234375878156,0.39546351084812625,0.24208684771966194,0.8718400106620346,0.811518435686462,0.800599700149925,1.0,2000,0.9947817580173883,1.0,0.9950024987506247,1.0,1.0,1.0
lexeme_icf_spacing2,Danklied des Einzelnen,78,2087,0.03602771362586605,0.04082080248329313,0.019477818063285867,0.08152187946667387,0.5410846141560085,0.42546340417187106,0.7275647393572947,0.10865357754620142,0.17691154422788605,0.9785107446276862,2000,0.11049516360630653,0.5932339797918241,0.17991004497751123,0.965913335056083,0.9907651216408602,1.0
lexeme_icf_spacing2,Fluch,0,173,0.0,nan,nan,nan,nan,nan,nan,nan,nan,0.0004997501249375312,2000,nan,nan,nan,nan,0.0004997501249375312,0.0026830925973780084
lexeme_icf_spacing2,Hymnus,465,4421,0.09516987310683586,0.09736315201384745,0.06550593638939724,0.1461522671037368,0.5019810143669146,0.4407911618672872,0.5820093461054757,0.4440411345969329,0.45327336331834084,1.0,2000,0.46334727088375605,1.0,0.47298090085392086,1.0,1.0,1.0
lexeme_icf_spacing2,Klagelied des Einzelnen,1176,6123,0.1611179613645705,0.15218902164393394,0.11178771786429641,0.20734627366552888,0.4725514981429449,0.4391144060790144,0.5249737105689686,0.9985881637909633,0.8845577211394303,1.0,2000,0.9999994887319635,1.0,0.9527410207939507,1.0,1.0,1.0
lexeme_icf_spacing2,Klagelied des Volkes,36,1484,0.02368421052631579,0.02654940100062905,0.00894937004146219,0.09027040710431479,0.43383123689727465,0.32690983252953193,0.6547667654343672,0.912871800470167,0.8790604697651174,1.0,2000,0.946508144184988,1.0,0.9171276430750143,1.0,1.0,1.0
lexeme_icf_spacing2,Königspsalm,45,1636,0.02676977989292088,0.029087714366158278,0.013416897928685856,0.06969605488469356,0.5333061668024993,0.4498989328150835,0.7959565332117123,0.22268604481148435,0.2653673163418291,0.9870064967516242,2000,0.6852872862006282,1.0,0.6818812815814315,1.0,1.0,1.0
lexeme_icf_spacing2,Liturgie,153,2800,0.05181171689806976,0.0478838217598781,0.02734662595376952,0.07695109509260323,0.4753501400560224,0.4231844712284061,0.5854380848856545,0.8481097259810574,0.7261369315342329,1.0,2000,0.9994262053241604,1.0,0.9529688937044083,1.0,1.0,1.0
lexeme_icf_spacing2,Mischgedicht,45,1633,0.026817640047675805,0.03467947435671717,0.015572752034617129,0.072616738303299,0.576001905150711,0.4799259926575211,0.7800654212826883,0.04078857518985456,0.10394802598700649,0.8845577211394303,2000,0.06118286278478184,0.32848273173470954,0.16068888632606776,0.8627174659261597,1.0,1.0
lexeme_icf_spacing2,Thronbesteigungslied,15,1006,0.014691478942213516,0.014951042815718643,0.006836722016636144,0.03513515995362008,0.49923790589794564,0.32687990662279665,0.685836478518458,0.5042228330303589,0.4432783608195902,1.0,2000,0.5932033329768928,1.0,0.5278548844389686,1.0,1.0,1.0
lexeme_icf_spacing2,Wallfahrtslied,0,172,0.0,nan,nan,nan,nan,nan,nan,nan,nan,0.0004997501249375312,2000,nan,nan,nan,nan,0.0004997501249375312,0.0026830925973780084
lexeme_icf_spacing2,Weisheitsgedicht,45,1639,0.02672209026128266,0.027998563574342154,0.012414547836663592,0.08555113349345633,0.4709443427564233,0.36524651051701357,0.7211200152689532,0.747316138452603,0.6476761619190404,1.0,2000,0.8289280047501176,1.0,0.7246376811594203,1.0,1.0,1.0
lexeme_icf_spacing2,Zionslied,15,1007,0.014677103718199608,0.020913765837025707,0.006199610009551804,0.11430703626526911,0.47490897053955644,0.2906509874439185,0.9513935808698247,0.6309721994217556,0.5482258870564718,1.0,2000,0.6946482929413824,1.0,0.6096951524237881,1.0,1.0,1.0
lexeme_icf_spacing2,prophetische Gerichtsrede,1,342,0.0029154518950437317,0.007692307692307693,nan,nan,0.6257309941520468,nan,nan,0.3338784418852606,0.3566783391695848,0.696151924037981,2000,0.46559060460151136,1.0,0.49592978307335484,1.0,0.9602095503972152,1.0
lexeme_icf_spacing2,"prophetische Schelt-, Droh- und Mahnrede",3,511,0.005836575875486381,0.00883284731500025,0.0050139476765802965,0.014836090660069284,0.5107632093933464,0.24773098742733254,0.7720835720149,0.47513061762289843,0.43428285857071464,0.9995002498750625,2000,0.5045634877411311,1.0,0.46949498223861047,1.0,1.0,1.0
lexeme_icf_spacing2,prophetische Tora,0,172,0.0,nan,nan,nan,nan,nan,nan,nan,nan,0.0004997501249375312,2000,nan,nan,nan,nan,0.0004997501249375312,0.0026830925973780084
lexeme_icf_spacing2_psalm,Danklied Israels,6,676,0.008797653958944282,0.024584898935994293,0.0069257178148491305,0.1294997537365784,0.6560650887573964,0.43759942544172514,0.9724930219614386,0.09401772751323478,0.09945027486256872,0.5877061469265368,2000,0.9947817580173883,1.0,0.9950024987506247,1.0,1.0,1.0
lexeme_icf_spacing2_psalm,Danklied des Einzelnen,78,2087,0.03602771362586605,0.04200615507500607,0.020324310765511826,0.08452520385222029,0.5562824812944602,0.4288705780727956,0.7091700487401745,0.0455017728225473,0.10744627686156921,0.9480259870064968,2000,0.04707079947160066,0.2527169225434477,0.11211785411642004,0.601945991411762,0.9764348594933301,1.0
lexeme_icf_spacing2_psalm,Fluch,0,173,0.0,nan,nan,nan,nan,nan,nan,nan,nan,0.0004997501249375312,2000,nan,nan,nan,nan,0.0004997501249375312,0.0026830925973780084
lexeme_icf_spacing2_psalm,Hymnus,465,4421,0.09516987310683586,0.09862243067279228,0.06472083629676029,0.15799867964815104,0.490873713678363,0.43106569443484893,0.5825729151574335,0.7416459652638694,0.6086956521739131,1.0,2000,0.7478782842997002,1.0,0.6138107416879796,1.0,1.0,1.0
lexeme_icf_spacing2_psalm,Klagelied des Einzelnen,1176,6123,0.1611179613645705,0.15666530976488335,0.11450388120399632,0.21500693144447877,0.48182802436669586,0.44317460998734715,0.5392232940910445,0.9759823037806498,0.7666166916541729,1.0,2000,0.9999994887319635,1.0,0.90190199018138,1.0,1.0,1.0
lexeme_icf_spacing2_psalm,Klagelied des Volkes,36,1484,0.02368421052631579,0.02000284454528437,0.008646498246410525,0.04456948378398415,0.42149595687331537,0.31716928400478345,0.5937063867431084,0.946508144184988,0.9215392303848076,1.0,2000,0.946508144184988,1.0,0.9215392303848076,1.0,1.0,1.0
lexeme_icf_spacing2_psalm,Königspsalm,45,1636,0.02676977989292088,0.03214268188118558,0.013944651150804717,0.1233116338983823,0.5176718283075251,0.447205998696649,0.8790363910727546,0.3427952593772593,0.34332833583208394,0.999000499750125,2000,0.6852872862006282,1.0,0.6818812815814315,1.0,1.0,1.0
lexeme_icf_spacing2_psalm,Liturgie,153,2800,0.05181171689806976,0.05438308858533482,0.029257217812931648,0.09473757695266385,0.4845634920634921,0.43740857985458653,0.6285228483424954,0.7402152433747674,0.6296851574212894,1.0,2000,0.9994262053241604,1.0,0.9529688937044083,1.0,1.0,1.0
lexeme_icf_spacing2_psalm,Mischgedicht,45,1633,0.026817640047675805,0.031280919456945305,0.01418520887424137,0.1064077953845425,0.5343607538953528,0.4184313100515726,0.6998969988738819,0.21555254530554357,0.2368815592203898,0.9900049975012494,2000,0.22890535784659496,1.0,0.2538016705932748,1.0,1.0,1.0
lexeme_icf_spacing2_psalm,Thronbesteigungslied,15,1006,0.014691478942213516,0.025341806221474715,0.009359002771463249,0.24301465733170025,0.5947316103379722,0.4205848513370433,0.8917300205078164,0.10373924663832651,0.13943028485757122,0.8040979510244878,2000,0.21839841397542423,1.0,0.2987791818376526,1.0,1.0,1.0
lexeme_icf_spacing2_psalm,Wallfahrtslied,0,172,0.0,nan,nan,nan,nan,nan,nan,nan,nan,0.0004997501249375312,2000,nan,nan,nan,nan,0.0004997501249375312,0.0026830925973780084
lexeme_icf_spacing2_psalm,Weisheitsgedicht,45,1639,0.02672209026128266,0.027824195209617243,0.01143429805881241,0.058617841482821405,0.47380516575147447,0.3584005324587366,0.6326262405811949,0.7259141533891788,0.6216891554222889,1.0,2000,0.821789607610391,1.0,0.7054963084495488,1.0,1.0,1.0
lexeme_icf_spacing2_psalm,Zionslied,15,1007,0.014677103718199608,0.03030125004222996,0.008673640635861403,0.46824100506641536,0.4936444885799404,0.3163055448254981,0.7600085720543635,0.5338849444654735,0.45377311344327836,1.0,2000,0.6343187458995725,1.0,0.5445277361319341,1.0,1.0,1.0
lexeme_icf_spacing2_psalm,prophetische Gerichtsrede,1,342,0.0029154518950437317,0.004405286343612335,nan,nan,0.34210526315789475,nan,nan,0.7089852025358012,0.6678339169584793,1.0,2000,0.7951235916289359,1.0,0.7573880398142997,1.0,1.0,1.0
lexeme_icf_spacing2_psalm,"prophetische Schelt-, Droh- und Mahnrede",3,511,0.005836575875486381,0.011975004068905849,0.005500260371060605,0.026392853643707963,0.5753424657534246,0.32124155324211195,0.8849547767576403,0.3269513562316405,0.30434782608695654,0.881559220389805,2000,0.4218727177182458,1.0,0.39697542533081287,1.0,1.0,1.0
lexeme_icf_spacing2_psalm,prophetische Tora,0,172,0.0,nan,nan,nan,nan,nan,nan,nan,nan,0.0004997501249375312,2000,nan,nan,nan,nan,0.0004997501249375312,0.0026830925973780084
lexeme_icf_spacing4,Danklied Israels,6,676,0.008797653958944282,0.010586094024737511,0.004273504273504274,0.10526315789473684,0.3108974358974359,0.09635958427458781,0.973255296934749,0.9449102155345639,0.9610194902548725,1.0,2000,0.9947817580173883,1.0,0.9950024987506247,1.0,1.0,1.0
lexeme_icf_spacing4,Danklied des Einzelnen,78,2087,0.03602771362586605,0.05156840389382408,0.024373874831470237,0.1091939734540057,0.603301266693696,0.4848006498403161,0.7636276539820421,0.0009606052377629401,0.03298350824587706,0.7816091954022989,2000,0.0011413131537777507,0.006127559997256654,0.03842738824762376,0.2063115861284838,0.9283593497368963,1.0
lexeme_icf_spacing4,Fluch,0,173,0.0,nan,nan,nan,nan,nan,nan,nan,nan,0.0004997501249375312,2000,nan,nan,nan,nan,0.0004997501249375312,0.0026830925973780084
lexeme_icf_spacing4,Hymnus,465,4421,0.09516987310683586,0.1023039138039684,0.07132775472096725,0.1531071354957839,0.5248980306601192,0.46150772567235004,0.604668468993928,0.03845063612870615,0.21339330334832585,0.999000499750125,2000,0.04436611861004556,0.23819584723843293,0.24861355729902038,1.0,1.0,1.0
lexeme_icf_spacing4,Klagelied des Einzelnen,1176,6123,0.1611179613645705,0.15424519558154925,0.11334215288168334,0.2157179523071888,0.4812429381355678,0.43360272003398065,0.5402000065570002,0.9793601959819093,0.7451274362818591,1.0,2000,0.9999994887319635,1.0,0.8983626998381996,1.0,1.0,1.0
lexeme_icf_spacing4,Klagelied des Volkes,36,1484,0.02368421052631579,0.019874902119943565,0.008821826792045656,0.03783316880954451,0.4341681641209943,0.3420370686296828,0.6049371185448865,0.9117701630243148,0.848575712143928,1.0,2000,0.946508144184988,1.0,0.9171276430750143,1.0,1.0,1.0
lexeme_icf_spacing4,Königspsalm,45,1636,0.02676977989292088,0.027026826458671802,0.013875872836500405,0.053055383834437635,0.5319070904645476,0.41324365440549055,0.6538015379851319,0.23236234727476052,0.27886056971514245,0.9960019990004998,2000,0.6852872862006282,1.0,0.6818812815814315,1.0,1.0,1.0
lexeme_icf_spacing4,Liturgie,153,2800,0.05181171689806976,0.05095003336264356,0.029073069482032823,0.08878461746194927,0.4728874883286648,0.4045054316893866,0.5570359565048528,0.8709921680589019,0.743128435782109,1.0,2000,0.9994262053241604,1.0,0.9529688937044083,1.0,1.0,1.0
lexeme_icf_spacing4,Mischgedicht,45,1633,0.026817640047675805,0.032858888637809544,0.01466994287879371,0.06458928053963245,0.5718650064639041,0.434934151142778,0.687378015515523,0.04979951193123527,0.12543728135932034,0.904047976011994,2000,0.06790842536077536,0.3645913913635719,0.17502876468742373,0.9397063841049491,1.0,1.0
lexeme_icf_spacing4,Thronbesteigungslied,15,1006,0.014691478942213516,0.015213523809935271,0.006986924813416178,0.034903263202882846,0.4930086149768058,0.29060716833910855,0.710854810157648,0.537248104694846,0.4962518740629685,1.0,2000,0.6259201219745778,1.0,0.5781575231801575,1.0,1.0,1.0
lexeme_icf_spacing4,Wallfahrtslied,0,172,0.0,nan,nan,nan,nan,nan,nan,nan,nan,0.0004997501249375312,2000,nan,nan,nan,nan,0.0004997501249375312,0.0026830925973780084
lexeme_icf_spacing4,Weisheitsgedicht,45,1639,0.02672209026128266,0.02836491737917996,0.011116188024441545,0.0734615221591887,0.4683818046234154,0.35263558044146803,0.647752607998372,0.7657118444081468,0.6666666666666666,1.0,2000,0.8353220120816146,1.0,0.7272727272727272,1.0,1.0,1.0
lexeme_icf_spacing4,Zionslied,15,1007,0.014677103718199608,0.022454937672960296,0.008408030809706429,0.18307079579633687,0.5818272095332672,0.3479050535296782,0.7760815313324059,0.1381281055928344,0.15892053973013492,0.8585707146426786,2000,0.20777571631278793,1.0,0.24449313804636144,1.0,1.0,1.0
lexeme_icf_spacing4,prophetische Gerichtsrede,1,342,0.0029154518950437317,0.004291845493562232,nan,nan,0.32456140350877194,nan,nan,0.7294066687089468,0.7093546773386693,1.0,2000,0.8030165160098497,1.0,0.7787530128700714,1.0,1.0,1.0
lexeme_icf_spacing4,"prophetische Schelt-, Droh- und Mahnrede",3,511,0.005836575875486381,0.013782069994812565,0.007519332009334344,0.01818181818181818,0.7129810828440966,0.5110751328691217,0.8448141741659265,0.10187027169240487,0.11594202898550725,0.3938030984507746,2000,0.21829343934086756,1.0,0.24091402574574783,1.0,0.8304322415063654,1.0
lexeme_icf_spacing4,prophetische Tora,0,172,0.0,nan,nan,nan,nan,nan,nan,nan,nan,0.0004997501249375312,2000,nan,nan,nan,nan,0.0004997501249375312,0.0026830925973780084
lexeme_icf_spacing4_psalm,Danklied Israels,6,676,0.008797653958944282,0.008615113523279502,0.00451279540727066,0.02081978785073907,0.4240631163708087,0.14832218441168768,0.8879319883242206,0.7395882587790024,0.7266366816591704,1.0,2000,0.9947817580173883,1.0,0.9950024987506247,1.0,1.0,1.0
lexeme_icf_spacing4_psalm,Danklied des Einzelnen,78,2087,0.03602771362586605,0.05342008206820117,0.022043442702294514,0.1353564412905112,0.5944307250009214,0.48246546349795716,0.742713267631008,0.002285854038552362,0.047976011994003,0.8130934532733634,2000,0.0026892400453557203,0.014438175596591132,0.0553569369161573,0.29720410309417944,0.9416445623342174,1.0
lexeme_icf_spacing4_psalm,Fluch,0,173,0.0,nan,nan,nan,nan,nan,nan,nan,nan,0.0004997501249375312,2000,nan,nan,nan,nan,0.0004997501249375312,0.0026830925973780084
lexeme_icf_spacing4_psalm,Hymnus,465,4421,0.09516987310683586,0.10329769133645506,0.06747424485542011,0.15446125665224752,0.5183394016339417,0.4625167491988346,0.5964696884455243,0.09629189710370212,0.2563718140929535,0.9995002498750625,2000,0.10799091263966591,0.5797889861934533,0.29023224236938133,1.0,1.0,1.0
lexeme_icf_spacing4_psalm,Klagelied des Einzelnen,1176,6123,0.1611179613645705,0.15290695620596145,0.11007152685487546,0.21188758779689396,0.4806627125780902,0.4352699283521696,0.5363068202881736,0.9823036681374093,0.7561219390304847,1.0,2000,0.9999994887319635,1.0,0.8983626998381996,1.0,1.0,1.0
lexeme_icf_spacing4_psalm,Klagelied des Volkes,36,1484,0.02368421052631579,0.019660806896196606,0.008748345770744313,0.03794735089574379,0.4290768194070081,0.3159376281282703,0.589922851432261,0.9273400263588183,0.8735632183908046,1.0,2000,0.946508144184988,1.0,0.9171276430750143,1.0,1.0,1.0
lexeme_icf_spacing4_psalm,Königspsalm,45,1636,0.02676977989292088,0.02553615335893013,0.013175654712872388,0.05316870896208142,0.4875577288780223,0.3740693174916743,0.610880935698485,0.6122954801645399,0.5572213893053474,1.0,2000,0.7338030811866151,1.0,0.6818812815814315,1.0,1.0,1.0
lexeme_icf_spacing4_psalm,Liturgie,153,2800,0.05181171689806976,0.049406667999025,0.027206477166720804,0.08716708272565736,0.4636951447245565,0.3909213550010046,0.5880730856686663,0.9350590898638785,0.7956021989005497,1.0,2000,0.9994262053241604,1.0,0.9529688937044083,1.0,1.0,1.0
lexeme_icf_spacing4_psalm,Mischgedicht,45,1633,0.026817640047675805,0.029379029080798175,0.01398830161698832,0.05775184842694597,0.5324283867455943,0.431890085186758,0.6740039338167672,0.2287356181376013,0.2893553223388306,0.9930034982508745,2000,0.24077433488168556,1.0,0.3019359885274754,1.0,1.0,1.0
lexeme_icf_spacing4_psalm,Thronbesteigungslied,15,1006,0.014691478942213516,0.02191154907283481,0.00824559622877657,0.21398820433713867,0.5715374420145792,0.4077170717074655,0.8163278151381704,0.17060118289719745,0.19640179910044978,0.9035482258870565,2000,0.2966977093864303,1.0,0.35176441629931304,1.0,1.0,1.0
lexeme_icf_spacing4_psalm,Wallfahrtslied,0,172,0.0,nan,nan,nan,nan,nan,nan,nan,nan,0.0004997501249375312,2000,nan,nan,nan,nan,0.0004997501249375312,0.0026830925973780084
lexeme_icf_spacing4_psalm,Weisheitsgedicht,45,1639,0.02672209026128266,0.029745334332806933,0.010827196762417054,0.09470909532204524,0.46407023252660834,0.3385949179114778,0.6198843123619318,0.794920045992725,0.6986506746626686,1.0,2000,0.8406411235069365,1.0,0.7347630532559807,1.0,1.0,1.0
lexeme_icf_spacing4_psalm,Zionslied,15,1007,0.014677103718199608,0.01873966688291963,0.008666640156121026,0.0460209276370219,0.6071830519695465,0.46628647905249404,0.8497839227096685,0.07689352823388833,0.11344327836081959,0.7661169415292354,2000,0.13372787518937101,0.7179673482393669,0.20019402063674044,1.0,1.0,1.0
lexeme_icf_spacing4_psalm,prophetische Gerichtsrede,1,342,0.0029154518950437317,0.0044444444444444444,nan,nan,0.347953216374269,nan,nan,0.7020215254912052,0.6698349174587294,1.0,2000,0.7947413805492232,1.0,0.7573880398142997,1.0,1.0,1.0
lexeme_icf_spacing4_psalm,"prophetische Schelt-, Droh- und Mahnrede",3,511,0.005836575875486381,0.017108527349491205,0.00817031821908018,0.029235250805017782,0.7273320287018917,0.5516095718806925,0.9043945344323185,0.08743234566221658,0.09495252373813093,0.3613193403298351,2000,0.20983762958931979,1.0,0.2278860569715142,1.0,0.8107057582319952,1.0
lexeme_icf_spacing4_psalm,prophetische Tora,0,172,0.0,nan,nan,nan,nan,nan,nan,nan,nan,0.0004997501249375312,2000,nan,nan,nan,nan,0.0004997501249375312,0.0026830925973780084
lexeme_icf_spacing8,Danklied Israels,6,676,0.008797653958944282,0.007619151680975757,0.00421915896017475,0.022589098743635017,0.34368836291913213,0.11698681283244032,0.9733399786035805,0.906678541800309,0.9095452273863068,1.0,2000,0.9947817580173883,1.0,0.9950024987506247,1.0,1.0,1.0
lexeme_icf_spacing8,Danklied des Einzelnen,78,2087,0.03602771362586605,0.05323469510776808,0.025748144623991148,0.10725857840947395,0.6281928421363017,0.5269029130025701,0.7524352135909477,5.9138903972933945e-05,0.01999000499750125,0.6906546726636682,2000,7.885187196391192e-05,0.00042334531478549703,0.025519155315959045,0.13700898369589834,0.9077566479917935,1.0
lexeme_icf_spacing8,Fluch,0,173,0.0,nan,nan,nan,nan,nan,nan,nan,nan,0.0004997501249375312,2000,nan,nan,nan,nan,0.0004997501249375312,0.0026830925973780084
lexeme_icf_spacing8,Hymnus,465,4421,0.09516987310683586,0.11977973722610336,0.07990437497667792,0.1847954207005235,0.5570344859456212,0.48032967821113726,0.6394527306222991,2.5368116383147397e-05,0.06746626686656672,0.9665167416291854,2000,3.9678029530039515e-05,0.0002130261144485007,0.10379425671779495,0.5572576933015865,1.0,1.0
lexeme_icf_spacing8,Klagelied des Einzelnen,1176,6123,0.1611179613645705,0.15129951125036722,0.10749499338407907,0.21453919819093867,0.4799826348961927,0.42848989110174895,0.5391483829372613,0.985290545428248,0.7231384307846077,1.0,2000,0.9999994887319635,1.0,0.8854756295321727,1.0,1.0,1.0
lexeme_icf_spacing8,Klagelied des Volkes,36,1484,0.02368421052631579,0.020894320778108308,0.008596565206651365,0.04248268981490705,0.4414120994309674,0.31215083445474057,0.564354769639507,0.8855150370873094,0.7996001999000499,1.0,2000,0.946508144184988,1.0,0.9171276430750143,1.0,1.0,1.0
lexeme_icf_spacing8,Königspsalm,45,1636,0.02676977989292088,0.025696501819245522,0.011373248061381522,0.05693278438537165,0.4907362129856017,0.3830956234969717,0.6154009601695098,0.5841269131044284,0.5322338830584707,1.0,2000,0.7338030811866151,1.0,0.6818812815814315,1.0,1.0,1.0
lexeme_icf_spacing8,Liturgie,153,2800,0.05181171689806976,0.0443813822357404,0.025371700963748998,0.06879848685823019,0.44741363211951446,0.3735856012563778,0.5332190372130516,0.985874361785284,0.8935532233883059,1.0,2000,0.9994262053241604,1.0,0.9529688937044083,1.0,1.0,1.0
lexeme_icf_spacing8,Mischgedicht,45,1633,0.026817640047675805,0.033035617308251636,0.014971559798812714,0.07162921232700761,0.5619037898890931,0.4067956998851412,0.7004102161554081,0.07802011013037126,0.1729135432283858,0.953023488255872,2000,0.09651972387262424,0.5182016846038388,0.20519152188611575,1.0,1.0,1.0
lexeme_icf_spacing8,Thronbesteigungslied,15,1006,0.014691478942213516,0.01700762197656648,0.007144820474482609,0.04581639152002671,0.5127567925778661,0.282512788104658,0.7469075576631692,0.43275504110132657,0.4057971014492754,1.0,2000,0.5383726803987797,1.0,0.5091204397801099,1.0,1.0,1.0
lexeme_icf_spacing8,Wallfahrtslied,0,172,0.0,nan,nan,nan,nan,nan,nan,nan,nan,0.0004997501249375312,2000,nan,nan,nan,nan,0.0004997501249375312,0.0026830925973780084
lexeme_icf_spacing8,Weisheitsgedicht,45,1639,0.02672209026128266,0.03738562443557477,0.01351001824254526,0.13153819213171816,0.4772761168734323,0.3386190212459077,0.6683216715520218,0.698800246914721,0.6036981509245377,1.0,2000,0.8065041828197163,1.0,0.6965747895283126,1.0,1.0,1.0
lexeme_icf_spacing8,Zionslied,15,1007,0.014677103718199608,0.015135980972402277,0.006600775509468054,0.0768837833115036,0.48609731876861967,0.2919583678175263,0.8184252933014959,0.5735816905375691,0.5247376311844077,1.0,2000,0.6682505132476533,1.0,0.6054664975204704,1.0,1.0,1.0
lexeme_icf_spacing8,prophetische Gerichtsrede,1,342,0.0029154518950437317,0.0045045045045045045,nan,nan,0.3567251461988304,nan,nan,0.6914360755040685,0.6723361680840421,1.0,2000,0.7947413805492232,1.0,0.7573880398142997,1.0,1.0,1.0
lexeme_icf_spacing8,"prophetische Schelt-, Droh- und Mahnrede",3,511,0.005836575875486381,0.028357305776660617,0.010026194931194114,0.16666666666666666,0.8440965427266797,0.6341178764833636,0.990119577266236,0.01995886045294001,0.02148925537231384,0.1344327836081959,2000,0.1003999573557828,0.5390341470990955,0.11472524607261587,0.615944735398082,0.6172523494350386,1.0
lexeme_icf_spacing8,prophetische Tora,0,172,0.0,nan,nan,nan,nan,nan,nan,nan,nan,0.0004997501249375312,2000,nan,nan,nan,nan,0.0004997501249375312,0.0026830925973780084
lexeme_icf_spacing8_psalm,Danklied Israels,6,676,0.008797653958944282,0.010607948448630297,0.0049261083743842365,0.028579374770230852,0.4884122287968442,0.2135770534098993,0.878044502810397,0.5393757052139163,0.5017491254372813,1.0,2000,0.9947817580173883,1.0,0.9950024987506247,1.0,1.0,1.0
lexeme_icf_spacing8_psalm,Danklied des Einzelnen,78,2087,0.03602771362586605,0.05014089582515815,0.02628816668486773,0.10409160701301134,0.5818190753504601,0.4711972544640066,0.7226682536202753,0.0070047960450354595,0.07546226886556721,0.8820589705147426,2000,0.007783106716706067,0.04178647482841041,0.08158083120601861,0.43799673751792356,0.967551938316556,1.0
lexeme_icf_spacing8_psalm,Fluch,0,173,0.0,nan,nan,nan,nan,nan,nan,nan,nan,0.0004997501249375312,2000,nan,nan,nan,nan,0.0004997501249375312,0.0026830925973780084
lexeme_icf_spacing8_psalm,Hymnus,465,4421,0.09516987310683586,0.11752423912960881,0.07514582784817038,0.17837639572975245,0.5117442898385759,0.4531692400591454,0.5809444829087518,0.20202798907379182,0.34632683658170915,1.0,2000,0.22039416989868196,1.0,0.37440739089914504,1.0,1.0,1.0
lexeme_icf_spacing8_psalm,Klagelied des Einzelnen,1176,6123,0.1611179613645705,0.1542560262249374,0.1088458799532659,0.21595608506980576,0.49104511149552094,0.4371979623526816,0.5544988361551321,0.8350383107613393,0.5992003998001,1.0,2000,0.9999994887319635,1.0,0.7568847155369683,1.0,1.0,1.0
lexeme_icf_spacing8_psalm,Klagelied des Volkes,36,1484,0.02368421052631579,0.020806066684189356,0.008926947631525557,0.04029206392179882,0.4493486073674753,0.31974721567861025,0.5696493004732425,0.8508481715237405,0.7606196901549226,1.0,2000,0.946508144184988,1.0,0.9126130004304778,1.0,1.0,1.0
lexeme_icf_spacing8_psalm,Königspsalm,45,1636,0.02676977989292088,0.02581341372399076,0.012451048504964982,0.05919740722892016,0.49353436566150505,0.35947862580065865,0.6411956696417778,0.558960674471795,0.4947526236881559,1.0,2000,0.7338030811866151,1.0,0.6818812815814315,1.0,1.0,1.0
lexeme_icf_spacing8_psalm,Liturgie,153,2800,0.05181171689806976,0.04458500931057953,0.025991669868915285,0.07253582066358334,0.4353408029878618,0.3647795617584248,0.526160953661894,0.9965060269165869,0.9450274862568716,1.0,2000,0.9994262053241604,1.0,0.9529688937044083,1.0,1.0,1.0
lexeme_icf_spacing8_psalm,Mischgedicht,45,1633,0.026817640047675805,0.03065734048012025,0.013467586144668763,0.0742439501161074,0.5454106280193237,0.4196440620641838,0.6735755441209907,0.14904547016998226,0.22588705647176413,0.9835082458770614,2000,0.16259505836725335,0.872951452548321,0.244202223212718,1.0,1.0,1.0
lexeme_icf_spacing8_psalm,Thronbesteigungslied,15,1006,0.014691478942213516,0.021046042033594586,0.009045027565194555,0.07090705689911896,0.6087143803843605,0.3813569554742352,0.791092508977269,0.07399698107656559,0.11044477761119441,0.767616191904048,2000,0.18299339748440427,0.9824674485490726,0.2790912236189597,1.0,1.0,1.0
lexeme_icf_spacing8_psalm,Wallfahrtslied,0,172,0.0,nan,nan,nan,nan,nan,nan,nan,nan,0.0004997501249375312,2000,nan,nan,nan,nan,0.0004997501249375312,0.0026830925973780084
lexeme_icf_spacing8_psalm,Weisheitsgedicht,45,1639,0.02672209026128266,0.036850290709639244,0.01223350722275975,0.1580745162487491,0.4638804148871263,0.3225541147132085,0.6268214665118754,0.7961541588610248,0.6946526736631684,1.0,2000,0.8406411235069365,1.0,0.7347630532559807,1.0,1.0,1.0
lexeme_icf_spacing8_psalm,Zionslied,15,1007,0.014677103718199608,0.017606205251928297,0.0067408428513780535,0.0690330199665142,0.5208540218470705,0.3447233333026361,0.8662434189730053,0.3908328668325177,0.375312343828086,1.0,2000,0.49893557467980987,1.0,0.4791221410571311,1.0,1.0,1.0
lexeme_icf_spacing8_psalm,prophetische Gerichtsrede,1,342,0.0029154518950437317,0.0049261083743842365,nan,nan,0.41228070175438597,nan,nan,0.620972009254601,0.599799899949975,1.0,2000,0.760373888883185,1.0,0.7270301817575454,1.0,1.0,1.0
lexeme_icf_spacing8_psalm,"prophetische Schelt-, Droh- und Mahnrede",3,511,0.005836575875486381,0.02281118621066027,0.008542240611761521,0.05455177414406286,0.8147423352902805,0.5560369815809091,0.9583797331418726,0.030111382435025903,0.04047976011994003,0.18490754622688654,2000,0.10788483965033717,0.5792194942849014,0.13452733092913002,0.7222595208077018,0.6172523494350386,1.0
lexeme_icf_spacing8_psalm,prophetische Tora,0,172,0.0,nan,nan,nan,nan,nan,nan,nan,nan,0.0004997501249375312,2000,nan,nan,nan,nan,0.0004997501249375312,0.0026830925973780084
lexeme_log_count,Danklied Israels,6,676,0.008797653958944282,0.007946621127667584,0.0040864796693635885,0.019418408685042025,0.35601577909270216,0.04630411688481089,0.7984468415815249,0.8881048992052663,0.895552223888056,1.0,2000,0.9947817580173883,1.0,0.9950024987506247,1.0,1.0,1.0
lexeme_log_count,Danklied des Einzelnen,78,2087,0.03602771362586605,0.07755216418500556,0.03731651457090016,0.13963245252056666,0.7439521826201271,0.6384638582329843,0.8254283217757966,1.185278127236802e-13,0.0004997501249375312,0.2933533233383308,2000,4.904599147186768e-13,2.6332146823511542e-12,0.0011758826469118382,0.006313159052654138,0.8349671318187061,1.0
lexeme_log_count,Fluch,0,173,0.0,nan,nan,nan,nan,nan,nan,nan,nan,0.0004997501249375312,2000,nan,nan,nan,nan,0.0004997501249375312,0.0026830925973780084
lexeme_log_count,Hymnus,465,4421,0.09516987310683586,0.11529708850463077,0.0756085087044356,0.1718660143340654,0.5386009587671743,0.4689371957234515,0.6145387477638758,0.0030483844217431798,0.1469265367316342,0.9960019990004998,2000,0.003933399253862167,0.0211179025155601,0.1895826280408183,1.0,1.0,1.0
lexeme_log_count,Klagelied des Einzelnen,1176,6123,0.1611179613645705,0.18654334882402185,0.13096039919695773,0.2609077640028336,0.556375481762197,0.49717518821209794,0.6284098702606608,4.2997150831900017e-10,0.031984007996002,0.9750124937531235,2000,7.817663787618185e-10,4.19720071905343e-09,0.05728479044060059,0.30755449474422547,1.0,1.0
lexeme_log_count,Klagelied des Volkes,36,1484,0.02368421052631579,0.030197902862969184,0.011516568039174646,0.07411949023140733,0.5191299790356394,0.33105141151543577,0.7333416865967035,0.3473255121575364,0.37031484257871067,1.0,2000,0.946508144184988,1.0,0.9099450274862569,1.0,1.0,1.0
lexeme_log_count,Königspsalm,45,1636,0.02676977989292088,0.033809824972589886,0.01532650502567323,0.07883352915274247,0.5467671828307525,0.41511535711530984,0.7354000174877738,0.14193821128035977,0.21639180409795103,0.9890054972513743,2000,0.6852872862006282,1.0,0.6818812815814315,1.0,1.0,1.0
lexeme_log_count,Liturgie,153,2800,0.05181171689806976,0.04478966925468146,0.026625756114272404,0.07386189610790503,0.45642390289449114,0.3856947132926524,0.5492821563219308,0.9654603232366766,0.8285857071464268,1.0,2000,0.9994262053241604,1.0,0.9529688937044083,1.0,1.0,1.0
lexeme_log_count,Mischgedicht,45,1633,0.026817640047675805,0.03816621486124884,0.017100457141630342,0.07525799214001207,0.634285908688848,0.4728241769819292,0.7504416858551252,0.0010443432089117324,0.031484257871064465,0.6746626686656672,2000,0.007832574066837994,0.04205205851579311,0.1222465690231807,0.6563257276663129,1.0,1.0
lexeme_log_count,Thronbesteigungslied,15,1006,0.014691478942213516,0.023246320154918232,0.007402940003657207,0.10206036487479452,0.5173293571901921,0.3424419371597652,0.842045586445683,0.40895666938643194,0.3918040979510245,1.0,2000,0.5220723438975727,1.0,0.505279275255989,1.0,1.0,1.0
lexeme_log_count,Wallfahrtslied,0,172,0.0,nan,nan,nan,nan,nan,nan,nan,nan,0.0004997501249375312,2000,nan,nan,nan,nan,0.0004997501249375312,0.0026830925973780084
lexeme_log_count,Weisheitsgedicht,45,1639,0.02672209026128266,0.04060029634205139,0.014538470597699313,0.10138803919727547,0.5449867805572504,0.39425843289753115,0.799965175172491,0.15129976658311134,0.2223888055972014,0.9905047476261869,2000,0.29778225664793395,1.0,0.42251601471991274,1.0,1.0,1.0
lexeme_log_count,Zionslied,15,1007,0.014677103718199608,0.019706914492505015,0.00739437498653233,0.11762080232885624,0.5997020854021847,0.4314885731321811,0.8995707099871907,0.09230365475498137,0.1329335332333833,0.8380809595202399,2000,0.15383942459163563,0.8259436080347266,0.22467639419726756,1.0,1.0,1.0
lexeme_log_count,prophetische Gerichtsrede,1,342,0.0029154518950437317,0.011764705882352941,nan,nan,0.7573099415204678,nan,nan,0.18842749549700843,0.17408704352176088,0.25537231384307846,2000,0.36697981871958385,1.0,0.3637112673984051,1.0,0.5378849037019952,1.0
lexeme_log_count,"prophetische Schelt-, Droh- und Mahnrede",3,511,0.005836575875486381,0.17269097684322596,0.005274479565467048,0.5,0.6451402478799739,0.23445664449746081,0.9980694980694981,0.19338088054413616,0.1889055472263868,0.624687656171914,2000,0.30137280084800444,1.0,0.3022488755622189,1.0,0.9488926422864518,1.0
lexeme_log_count,prophetische Tora,0,172,0.0,nan,nan,nan,nan,nan,nan,nan,nan,0.0004997501249375312,2000,nan,nan,nan,nan,0.0004997501249375312,0.0026830925973780084
lexeme_log_count_psalm,Danklied Israels,6,676,0.008797653958944282,0.01673350087551263,0.0038870578647879277,0.051506238882053905,0.4630177514792899,0.054122748554994396,0.9847580745997954,0.6229483479750709,0.5822088955522239,1.0,2000,0.9947817580173883,1.0,0.9950024987506247,1.0,1.0,1.0
lexeme_log_count_psalm,Danklied des Einzelnen,78,2087,0.03602771362586605,0.07468927384759325,0.035737549650792934,0.1260339800051416,0.7572211369528092,0.677200414148012,0.8249644849665357,5.613839182798226e-15,0.0004997501249375312,0.2708645677161419,2000,3.5455826417673004e-14,1.9035766205575135e-13,0.0011758826469118382,0.006313159052654138,0.8349671318187061,1.0
lexeme_log_count_psalm,Fluch,0,173,0.0,nan,nan,nan,nan,nan,nan,nan,nan,0.0004997501249375312,2000,nan,nan,nan,nan,0.0004997501249375312,0.0026830925973780084
lexeme_log_count_psalm,Hymnus,465,4421,0.09516987310683586,0.17663812564297002,0.113609224770266,0.26935997060993194,0.6132597840706501,0.5252917134743196,0.6943504397304777,4.2443415883005697e-16,0.0014992503748125937,0.7376311844077961,2000,4.630190823600621e-15,2.4858884677224074e-14,0.009995002498750625,0.05366185194756017,1.0,1.0
lexeme_log_count_psalm,Klagelied des Einzelnen,1176,6123,0.1611179613645705,0.26189546354144266,0.18554925306004535,0.37348269093116526,0.631193886994615,0.5673176709993677,0.6982705795844103,1.6021092307427764e-46,0.0004997501249375312,0.6496751624187906,2000,1.0680728204951843e-45,5.73434229454069e-45,0.0023988005997001498,0.012878844467414441,1.0,1.0
lexeme_log_count_psalm,Klagelied des Volkes,36,1484,0.02368421052631579,0.036281008822631904,0.00935471816708362,0.1389550362885171,0.5406746031746031,0.3300553087532063,0.8345479570272337,0.20189609544615278,0.2493753123438281,0.9920039980009995,2000,0.946508144184988,1.0,0.9099450274862569,1.0,1.0,1.0
lexeme_log_count_psalm,Königspsalm,45,1636,0.02676977989292088,0.03299999234220979,0.014364756453214568,0.06676015390219316,0.5589513719098071,0.3608529932596399,0.693727175347843,0.0883655919199372,0.15542228885557222,0.9575212393803099,2000,0.6852872862006282,1.0,0.6818812815814315,1.0,1.0,1.0
lexeme_log_count_psalm,Liturgie,153,2800,0.05181171689806976,0.05686342405104393,0.029854404147317267,0.09849065232242005,0.5036134453781512,0.4161114136247929,0.5910929762242337,0.44010918779951835,0.456271864067966,1.0,2000,0.9994262053241604,1.0,0.9529688937044083,1.0,1.0,1.0
lexeme_log_count_psalm,Mischgedicht,45,1633,0.026817640047675805,0.043972174040011615,0.018550570757384397,0.09911773790220743,0.6525073144179084,0.47280818832472093,0.8016956197919556,0.00023711091145707934,0.013493253373313344,0.5602198900549725,2000,0.004742218229141587,0.025460345062147442,0.1222465690231807,0.6563257276663129,1.0,1.0
lexeme_log_count_psalm,Thronbesteigungslied,15,1006,0.014691478942213516,0.12521621320269008,0.013201890344069088,0.4361140094004928,0.6963220675944334,0.42779911547418736,0.9617653533992924,0.0044902238896154575,0.01699150424787606,0.4172913543228386,2000,0.021553074670154194,0.11571561909155059,0.08155922038980509,0.437880711892091,1.0,1.0
lexeme_log_count_psalm,Wallfahrtslied,0,172,0.0,nan,nan,nan,nan,nan,nan,nan,nan,0.0004997501249375312,2000,nan,nan,nan,nan,0.0004997501249375312,0.0026830925973780084
lexeme_log_count_psalm,Weisheitsgedicht,45,1639,0.02672209026128266,0.037762510667438666,0.013796538634973004,0.1890496559212794,0.5287438139787133,0.36368210508577936,0.6902861809949277,0.2550730740090269,0.30934532733633185,0.9995002498750625,2000,0.38260961101354035,1.0,0.4444836405326749,1.0,1.0,1.0
lexeme_log_count_psalm,Zionslied,15,1007,0.014677103718199608,0.04371767144520075,0.009080999524965681,0.32634505649799,0.6948361469712016,0.33257424833873006,0.9268469571548931,0.004756597723664464,0.01699150424787606,0.4197901049475262,2000,0.020038344950882872,0.10758323473784306,0.0728207324908974,0.3909649213322241,1.0,1.0
lexeme_log_count_psalm,prophetische Gerichtsrede,1,342,0.0029154518950437317,0.016129032258064516,nan,nan,0.8245614035087719,nan,nan,0.13221228374574218,0.13506753376688344,0.16991504247876063,2000,0.36697981871958385,1.0,0.3637112673984051,1.0,0.5378849037019952,1.0
lexeme_log_count_psalm,"prophetische Schelt-, Droh- und Mahnrede",3,511,0.005836575875486381,0.17789037811921107,0.007355355140394402,0.5,0.8114807566862361,0.456362845061431,0.9980694980694981,0.031466411564681676,0.0384807596201899,0.18790604697651175,2000,0.10788483965033717,0.5792194942849014,0.13193403298350823,0.7083364457077942,0.6172523494350386,1.0
lexeme_log_count_psalm,prophetische Tora,0,172,0.0,nan,nan,nan,nan,nan,nan,nan,nan,0.0004997501249375312,2000,nan,nan,nan,nan,0.0004997501249375312,0.0026830925973780084
lexeme_tf_icf,Danklied Israels,6,676,0.008797653958944282,0.008228123443404522,0.003986848510715555,0.02344375607956271,0.3599605522682446,0.030832685677545067,0.8935889669754897,0.8816371838377981,0.8775612193903048,1.0,2000,0.9947817580173883,1.0,0.9950024987506247,1.0,1.0,1.0
lexeme_tf_icf,Danklied des Einzelnen,78,2087,0.03602771362586605,0.09470735153488849,0.04334662067022166,0.17138757111782094,0.7961495460297568,0.6951117752125012,0.8632487719886546,2.9586001500835907e-19,0.0004997501249375312,0.18940529735132433,2000,1.738278380261094e-17,9.332587670375814e-17,0.0011758826469118382,0.006313159052654138,0.8349671318187061,1.0
lexeme_tf_icf,Fluch,0,173,0.0,nan,nan,nan,nan,nan,nan,nan,nan,0.0004997501249375312,2000,nan,nan,nan,nan,0.0004997501249375312,0.0026830925973780084
lexeme_tf_icf,Hymnus,465,4421,0.09516987310683586,0.13923668134702888,0.09039442426801743,0.21357958286848508,0.5786434733542015,0.4971684404150399,0.6638463267359166,1.1518085926501201e-08,0.01649175412293853,0.912543728135932,2000,2.2293069535163617e-08,1.1968855405510402e-07,0.029985007496251874,0.1609855558426805,1.0,1.0
lexeme_tf_icf,Klagelied des Einzelnen,1176,6123,0.1611179613645705,0.19958007603475592,0.13791803595352747,0.28220336801344637,0.5734518615546823,0.5105125670121383,0.6408162753419928,6.676210873555825e-16,0.009495252373813094,0.936031984007996,2000,2.0028632620667475e-15,1.0753109051615335e-14,0.024770223583860246,0.13298806787004044,1.0,1.0
lexeme_tf_icf,Klagelied des Volkes,36,1484,0.02368421052631579,0.032691573565990936,0.010631759719921112,0.09175261168934255,0.5224430967355496,0.31137527550357175,0.7767451418556713,0.32255346413225877,0.3458270864567716,0.9995002498750625,2000,0.946508144184988,1.0,0.9099450274862569,1.0,1.0,1.0
lexeme_tf_icf,Königspsalm,45,1636,0.02676977989292088,0.03293637491914748,0.014492893073281662,0.06862732705359982,0.5698723173050801,0.3966451796805925,0.7019518878946308,0.05466919480568992,0.136431784107946,0.9455272363818091,2000,0.6852872862006282,1.0,0.6818812815814315,1.0,1.0,1.0
lexeme_tf_icf,Liturgie,153,2800,0.05181171689806976,0.04784409503830833,0.02812763361554601,0.08004936706230088,0.47378151260504203,0.39502309445864425,0.5602814073445295,0.8629781922004227,0.7151424287856072,1.0,2000,0.9994262053241604,1.0,0.9529688937044083,1.0,1.0,1.0
lexeme_tf_icf,Mischgedicht,45,1633,0.026817640047675805,0.03910230309687118,0.016870749790171363,0.07998429159475362,0.6280669524392734,0.44377719557433615,0.7572782437490752,0.001668807287141064,0.029985007496251874,0.6926536731634183,2000,0.00948477476334715,0.05092250643962432,0.1222465690231807,0.6563257276663129,1.0,1.0
lexeme_tf_icf,Thronbesteigungslied,15,1006,0.014691478942213516,0.03717206914761688,0.010940160952800319,0.19872952850886125,0.6307157057654076,0.4351016651220046,0.8599452667529254,0.04097230485727603,0.08745627186406797,0.6786606696651675,2000,0.1293862258650822,0.6946576048673835,0.2454586660158293,1.0,1.0,1.0
lexeme_tf_icf,Wallfahrtslied,0,172,0.0,nan,nan,nan,nan,nan,nan,nan,nan,0.0004997501249375312,2000,nan,nan,nan,nan,0.0004997501249375312,0.0026830925973780084
lexeme_tf_icf,Weisheitsgedicht,45,1639,0.02672209026128266,0.04640390324350981,0.01410007995026361,0.12245626498533896,0.5622737441529387,0.36747166240428536,0.7565690942786888,0.0767803886246915,0.16591704147926037,0.9620189905047476,2000,0.23290436134132086,1.0,0.42251601471991274,1.0,1.0,1.0
lexeme_tf_icf,Zionslied,15,1007,0.014677103718199608,0.03480266090669726,0.008830241729120761,0.18546924439442258,0.694372724263489,0.3904349583491761,0.9342471349943182,0.004842600029796694,0.020989505247376312,0.4302848575712144,2000,0.020038344950882872,0.10758323473784306,0.07871064467766117,0.4225870840870364,1.0,1.0
lexeme_tf_icf,prophetische Gerichtsrede,1,342,0.0029154518950437317,0.0125,nan,nan,0.7719298245614035,nan,nan,0.17509949446982004,0.16758379189594796,0.23588205897051473,2000,0.36697981871958385,1.0,0.3637112673984051,1.0,0.5378849037019952,1.0
lexeme_tf_icf,"prophetische Schelt-, Droh- und Mahnrede",3,511,0.005836575875486381,0.17184617357760873,0.005469335766121667,0.5,0.5870841487279843,0.28345721246249905,0.998070709203464,0.3020466494500754,0.2908545727136432,0.8820589705147426,2000,0.4018965180071994,1.0,0.38947559187439246,1.0,1.0,1.0
lexeme_tf_icf,prophetische Tora,0,172,0.0,nan,nan,nan,nan,nan,nan,nan,nan,0.0004997501249375312,2000,nan,nan,nan,nan,0.0004997501249375312,0.0026830925973780084
lexeme_tf_icf_psalm,Danklied Israels,6,676,0.008797653958944282,0.018555257175492033,0.0041383187291053605,0.07866322259322166,0.46030571992110453,0.0848801569885229,0.9814798356776144,0.6316126742531856,0.5957021489255372,1.0,2000,0.9947817580173883,1.0,0.9950024987506247,1.0,1.0,1.0
lexeme_tf_icf_psalm,Danklied des Einzelnen,78,2087,0.03602771362586605,0.06992069113001778,0.03521917364985886,0.12659740749914541,0.7286928851375425,0.6408837190301514,0.8082426131988764,3.260287374429637e-12,0.0004997501249375312,0.34332833583208394,2000,9.78086212328891e-12,5.2512160476701836e-11,0.0011758826469118382,0.006313159052654138,0.8349671318187061,1.0
lexeme_tf_icf_psalm,Fluch,0,173,0.0,nan,nan,nan,nan,nan,nan,nan,nan,0.0004997501249375312,2000,nan,nan,nan,nan,0.0004997501249375312,0.0026830925973780084
lexeme_tf_icf_psalm,Hymnus,465,4421,0.09516987310683586,0.18348472962158802,0.11698250072501533,0.2870127568003901,0.6205621751513427,0.5431476225173046,0.7014737037022443,5.367813113972447e-18,0.0009995002498750624,0.703648175912044,2000,1.5209072467862974e-16,8.165550685276918e-16,0.0079960019990005,0.042929481558048134,1.0,1.0
lexeme_tf_icf_psalm,Klagelied des Einzelnen,1176,6123,0.1611179613645705,0.26852000427909367,0.1933086945526923,0.3799912724035753,0.6428379779153209,0.5832514534465336,0.7102789101824198,9.26054496780448e-55,0.0004997501249375312,0.6101949025487257,2000,6.945408725853361e-54,3.7288984650941656e-53,0.0023988005997001498,0.012878844467414441,1.0,1.0
lexeme_tf_icf_psalm,Klagelied des Volkes,36,1484,0.02368421052631579,0.03795804150505802,0.010437365530108064,0.1920116699763091,0.536107367475292,0.32384754833887885,0.8297101788352265,0.22931603503400733,0.27436281859070466,0.9920039980009995,2000,0.946508144184988,1.0,0.9099450274862569,1.0,1.0,1.0
lexeme_tf_icf_psalm,Königspsalm,45,1636,0.02676977989292088,0.03389238858257394,0.013705301106815952,0.077098417071512,0.5556098886172236,0.36871558396237936,0.7349194439091421,0.10127705510065094,0.15992003998001,0.9565217391304348,2000,0.6852872862006282,1.0,0.6818812815814315,1.0,1.0,1.0
lexeme_tf_icf_psalm,Liturgie,153,2800,0.05181171689806976,0.062201710719829266,0.03258873168984692,0.10538667939674155,0.5304154995331466,0.4495949322121204,0.6184791315632178,0.10225867947652267,0.2318840579710145,0.9975012493753124,2000,0.7218259727754541,1.0,0.9529688937044083,1.0,1.0,1.0
lexeme_tf_icf_psalm,Mischgedicht,45,1633,0.026817640047675805,0.048322056081337696,0.015596638890564419,0.12821600675292544,0.627509015445329,0.45572621060190915,0.7831913198269381,0.0017388753732803111,0.025987006496751622,0.670664667666167,2000,0.00948477476334715,0.05092250643962432,0.1222465690231807,0.6563257276663129,1.0,1.0
lexeme_tf_icf_psalm,Thronbesteigungslied,15,1006,0.014691478942213516,0.12739609991083548,0.012033021866448135,0.27204370099043035,0.7737243207422134,0.4846030536055664,0.9412764576693374,0.0001346885224886797,0.0009995002498750624,0.25287356321839083,2000,0.0012432786691262741,0.0066749994190149885,0.009995002498750623,0.05366185194756017,1.0,1.0
lexeme_tf_icf_psalm,Wallfahrtslied,0,172,0.0,nan,nan,nan,nan,nan,nan,nan,nan,0.0004997501249375312,2000,nan,nan,nan,nan,0.0004997501249375312,0.0026830925973780084
lexeme_tf_icf_psalm,Weisheitsgedicht,45,1639,0.02672209026128266,0.04928513496450124,0.013645640211501523,0.19246754040087283,0.5408107924886448,0.3740903983489588,0.7083262934167227,0.17485102775511896,0.2478760619690155,0.9895052473763118,2000,0.3060419318272455,1.0,0.4266438209466695,1.0,1.0,1.0
lexeme_tf_icf_psalm,Zionslied,15,1007,0.014677103718199608,0.08423486286459272,0.009686959935396975,0.39731963827524186,0.7789804700430321,0.22905074267292128,0.9582662601715215,0.00010237161597640954,0.001999000499750125,0.2448775612193903,2000,0.0017641201507673366,0.009471328732535844,0.02306539038173221,0.1238350429559081,1.0,1.0
lexeme_tf_icf_psalm,prophetische Gerichtsrede,1,342,0.0029154518950437317,0.029411764705882353,nan,nan,0.9064327485380117,nan,nan,0.08093945181742718,0.06903451725862932,0.07796101949025487,2000,0.36697981871958385,1.0,0.3637112673984051,1.0,0.5197401299350325,1.0
lexeme_tf_icf_psalm,"prophetische Schelt-, Droh- und Mahnrede",3,511,0.005836575875486381,0.18049209975252237,0.012921364837117628,0.5,0.8473581213307241,0.6994319524263322,0.9980694980694981,0.01903535225805794,0.02448775612193903,0.13893053473263367,2000,0.1003999573557828,0.5390341470990955,0.11754122938530734,0.6310633789033077,0.6172523494350386,1.0
lexeme_tf_icf_psalm,prophetische Tora,0,172,0.0,nan,nan,nan,nan,nan,nan,nan,nan,0.0004997501249375312,2000,nan,nan,nan,nan,0.0004997501249375312,0.0026830925973780084
word_cantillation_binary,Danklied Israels,6,676,0.008797653958944282,0.009774536473178871,0.003950414179484376,0.033368334152742415,0.3030078895463511,0.026587526847207013,0.9266932868670013,0.9519425591922813,0.9590204897551224,1.0,2000,0.9947817580173883,1.0,0.9950024987506247,1.0,1.0,1.0
word_cantillation_binary,Danklied des Einzelnen,78,2087,0.03602771362586605,0.0575829618925836,0.029886261854399927,0.10514099324558909,0.6723674026021894,0.5535634269927266,0.7541275757054744,1.131797471674599e-07,0.0034982508745627187,0.5097451274362819,2000,1.9972896558963513e-07,1.0723185094200896e-06,0.00559720139930035,0.0300506370906337,0.8659955736417505,1.0
word_cantillation_binary,Fluch,0,173,0.0,nan,nan,nan,nan,nan,nan,nan,nan,0.0004997501249375312,2000,nan,nan,nan,nan,0.0004997501249375312,0.0026830925973780084
word_cantillation_binary,Hymnus,465,4421,0.09516987310683586,0.11599644651184537,0.0764582298442068,0.1689102931432104,0.5548559781881683,0.4895585517074738,0.6280871714169755,4.860954397011287e-05,0.07546226886556721,0.9790104947526237,2000,7.383728197991829e-05,0.0003964226416463536,0.11319340329835081,0.607720473306119,1.0,1.0
word_cantillation_binary,Klagelied des Einzelnen,1176,6123,0.1611179613645705,0.17763485442932275,0.12292407771723715,0.26473585471227856,0.5088091377331596,0.4513763944418165,0.5787156046402953,0.16893156906868306,0.3553223388305847,0.9995002498750625,2000,0.22524209209157742,1.0,0.4737631184407796,1.0,1.0,1.0
word_cantillation_binary,Klagelied des Volkes,36,1484,0.02368421052631579,0.023079361026275152,0.010043899257387894,0.04528168157719476,0.4862234201856843,0.3191468457279464,0.6607288785815643,0.6114226266870522,0.5687156421789106,1.0,2000,0.946508144184988,1.0,0.9099450274862569,1.0,1.0,1.0
word_cantillation_binary,Königspsalm,45,1636,0.02676977989292088,0.02773317779751379,0.013642710645511315,0.06034645321325534,0.5055963053518066,0.36263274172375887,0.655642768433046,0.44903486079695487,0.43428285857071464,1.0,2000,0.7281646391301971,1.0,0.6818812815814315,1.0,1.0,1.0
word_cantillation_binary,Liturgie,153,2800,0.05181171689806976,0.04327275205932037,0.025750396216596243,0.07019804091254797,0.44790382819794583,0.3770037744615075,0.526270621397372,0.9851222545339449,0.8920539730134932,1.0,2000,0.9994262053241604,1.0,0.9529688937044083,1.0,1.0,1.0
word_cantillation_binary,Mischgedicht,45,1633,0.026817640047675805,0.03588594252767435,0.016523802836920645,0.07844096372259021,0.5936789821051915,0.4611367444185714,0.7330197148049772,0.015907809059624547,0.08745627186406797,0.8525737131434283,2000,0.029827141986796025,0.16013799671529613,0.15433459740717878,0.8286021256608558,1.0,1.0
word_cantillation_binary,Thronbesteigungslied,15,1006,0.014691478942213516,0.026018376816683057,0.007717702811147441,0.22855226236752743,0.4812127236580517,0.19478085817959306,0.7429049338790485,0.5989066351395665,0.559720139930035,1.0,2000,0.6780075114787546,1.0,0.6336454414302283,1.0,1.0,1.0
word_cantillation_binary,Wallfahrtslied,0,172,0.0,nan,nan,nan,nan,nan,nan,nan,nan,0.0004997501249375312,2000,nan,nan,nan,nan,0.0004997501249375312,0.0026830925973780084
word_cantillation_binary,Weisheitsgedicht,45,1639,0.02672209026128266,0.03886547200559965,0.013879574090522524,0.08734281682209549,0.5468171649379703,0.39043650477835906,0.7936826962461005,0.14167493301458095,0.2193903048475762,0.9910044977511244,2000,0.2922841755604499,1.0,0.42251601471991274,1.0,1.0,1.0
word_cantillation_binary,Zionslied,15,1007,0.014677103718199608,0.016384012424302017,0.0066759938051098745,0.058239179862306575,0.5451506123800066,0.3658257651013839,0.9090153299729314,0.27406559843896633,0.2863568215892054,0.993503248375812,2000,0.38241711410088325,1.0,0.3991107894328698,1.0,1.0,1.0
word_cantillation_binary,prophetische Gerichtsrede,1,342,0.0029154518950437317,0.008695652173913044,nan,nan,0.6695906432748538,nan,nan,0.2807142447994493,0.28064032016008006,0.5212393803098451,2000,0.42107136719917393,1.0,0.4209604802401201,1.0,0.7722064893479186,1.0
word_cantillation_binary,"prophetische Schelt-, Droh- und Mahnrede",3,511,0.005836575875486381,0.17297738493390666,0.005043736667224122,0.5,0.6575342465753424,0.21453889044898564,0.9980694980694981,0.1737166066289016,0.17491254372813594,0.5667166416791605,2000,0.30137280084800444,1.0,0.3006604805705256,1.0,0.9488926422864518,1.0
word_cantillation_binary,prophetische Tora,0,172,0.0,nan,nan,nan,nan,nan,nan,nan,nan,0.0004997501249375312,2000,nan,nan,nan,nan,0.0004997501249375312,0.0026830925973780084
word_cantillation_binary_psalm,Danklied Israels,6,676,0.008797653958944282,0.03528336339524193,0.004109960886541124,0.18181818181818182,0.4356508875739645,0.03324962348373458,0.9845200817343975,0.7068675467913742,0.7006496751624188,1.0,2000,0.9947817580173883,1.0,0.9950024987506247,1.0,1.0,1.0
word_cantillation_binary_psalm,Danklied des Einzelnen,78,2087,0.03602771362586605,0.05595153253000594,0.02885275512032834,0.10524182884459064,0.6642155959357684,0.5315221300356175,0.7658104488246404,4.08068452099439e-07,0.0004997501249375312,0.5172413793103449,2000,6.70797455505927e-07,3.601423186103122e-06,0.0011758826469118382,0.006313159052654138,0.8659955736417505,1.0
word_cantillation_binary_psalm,Fluch,0,173,0.0,nan,nan,nan,nan,nan,nan,nan,nan,0.0004997501249375312,2000,nan,nan,nan,nan,0.0004997501249375312,0.0026830925973780084
word_cantillation_binary_psalm,Hymnus,465,4421,0.09516987310683586,0.15030914315956342,0.09323287535646918,0.23190616199403805,0.5838366739388987,0.5128260560930626,0.6544335829517156,1.2887186380480329e-09,0.004997501249375313,0.8620689655172413,2000,2.8638191956622954e-09,1.5375468060305206e-08,0.01427857499821518,0.07665978849651453,1.0,1.0
word_cantillation_binary_psalm,Klagelied des Einzelnen,1176,6123,0.1611179613645705,0.2120528275896445,0.1513775488525131,0.2899068000113117,0.5813570528652421,0.526900490875234,0.6408574307115814,4.3230960045849364e-19,0.0014992503748125937,0.8695652173913043,2000,1.6211610017193511e-18,8.703799890825088e-18,0.005622188905547226,0.030184791720502598,1.0,1.0
word_cantillation_binary_psalm,Klagelied des Volkes,36,1484,0.02368421052631579,0.024081364315705463,0.00994554522929563,0.04909446402124459,0.49558250973345314,0.2981872377581648,0.6523693481800892,0.5362077562788532,0.5102448775612194,1.0,2000,0.946508144184988,1.0,0.9099450274862569,1.0,1.0,1.0
word_cantillation_binary_psalm,Königspsalm,45,1636,0.02676977989292088,0.024802885966113467,0.012768590233696628,0.05305155085182927,0.46966856832382503,0.332160727719065,0.6329225755709234,0.7565631149518207,0.6946526736631684,1.0,2000,0.7963822262650744,1.0,0.731213340698072,1.0,1.0,1.0
word_cantillation_binary_psalm,Liturgie,153,2800,0.05181171689806976,0.06894443426084819,0.03608500974410549,0.13105381694993828,0.5569409430438842,0.46731119285182865,0.6506631573548699,0.008766379551255614,0.0879560219890055,0.9625187406296851,2000,0.11688506068340819,0.6275404955685274,0.879560219890055,1.0,1.0,1.0
word_cantillation_binary_psalm,Mischgedicht,45,1633,0.026817640047675805,0.029221630590946963,0.013296175578255423,0.060563739987714124,0.5251207729468599,0.3797177826565613,0.6211563237082043,0.28246101432795107,0.3353323338330835,0.9985007496251874,2000,0.29220104930477697,1.0,0.33815025260479004,1.0,1.0,1.0
word_cantillation_binary_psalm,Thronbesteigungslied,15,1006,0.014691478942213516,0.07099604193824186,0.015286951634252746,0.24532173595129908,0.681245858184228,0.3100688714172762,0.9479786739715645,0.007930045295420575,0.021989005497251374,0.4622688655672164,2000,0.033414275647897736,0.17939684487088295,0.10148771767962173,0.5448741890059956,1.0,1.0
word_cantillation_binary_psalm,Wallfahrtslied,0,172,0.0,nan,nan,nan,nan,nan,nan,nan,nan,0.0004997501249375312,2000,nan,nan,nan,nan,0.0004997501249375312,0.0026830925973780084
word_cantillation_binary_psalm,Weisheitsgedicht,45,1639,0.02672209026128266,0.04285626385036249,0.015002117675919998,0.1849995074141765,0.5675411836485662,0.3955172480579233,0.7587201379663148,0.060836623082467116,0.13043478260869565,0.9305347326336831,2000,0.22876453724756324,1.0,0.42251601471991274,1.0,1.0,1.0
word_cantillation_binary_psalm,Zionslied,15,1007,0.014677103718199608,0.07593804032784586,0.00603865014166225,0.45485806974715254,0.6404501820589209,0.16841186198933558,0.9396201880852899,0.030804187386946666,0.053973013493253376,0.6146926536731634,2000,0.06845374974877037,0.3675191661765987,0.12559757856920595,0.6743168565485864,1.0,1.0
word_cantillation_binary_psalm,prophetische Gerichtsrede,1,342,0.0029154518950437317,0.030303030303030304,nan,nan,0.9093567251461988,nan,nan,0.07943475162855784,0.06753376688344172,0.07196401799100449,2000,0.36697981871958385,1.0,0.3637112673984051,1.0,0.5150365993473851,1.0
word_cantillation_binary_psalm,"prophetische Schelt-, Droh- und Mahnrede",3,511,0.005836575875486381,0.1762142381902861,0.009009009009009009,0.5,0.7775603392041748,0.5612648221343873,0.9980793418449985,0.048766103782637925,0.050974512743628186,0.23738130934532733,2000,0.13299846486173977,0.7140512402628796,0.1422544541682647,0.7637454277187634,0.658307210031348,1.0
word_cantillation_binary_psalm,prophetische Tora,0,172,0.0,nan,nan,nan,nan,nan,nan,nan,nan,0.0004997501249375312,2000,nan,nan,nan,nan,0.0004997501249375312,0.0026830925973780084
word_cantillation_count,Danklied Israels,6,676,0.008797653958944282,0.00942790422018834,0.003948118746286855,0.03257084691576214,0.29709072978303747,0.025288782648258446,0.9217101854696158,0.9567299967160213,0.960519740129935,1.0,2000,0.9947817580173883,1.0,0.9950024987506247,1.0,1.0,1.0
word_cantillation_count,Danklied des Einzelnen,78,2087,0.03602771362586605,0.05832376667212513,0.030474951080996855,0.11472071912475854,0.670598208691165,0.5498005269538914,0.7578453269059139,1.5024093045026303e-07,0.004497751124437781,0.52023988005997,2000,2.575558807718795e-07,1.3827836004975157e-06,0.006502772710030526,0.03491253018274999,0.8659955736417505,1.0
word_cantillation_count,Fluch,0,173,0.0,nan,nan,nan,nan,nan,nan,nan,nan,0.0004997501249375312,2000,nan,nan,nan,nan,0.0004997501249375312,0.0026830925973780084
word_cantillation_count,Hymnus,465,4421,0.09516987310683586,0.11722110370386166,0.07696736484184999,0.17088579681454782,0.558409886344013,0.49273668387565256,0.6328451158680648,1.6628835910527968e-05,0.06646676661669165,0.9690154922538731,2000,2.696567985491022e-05,0.0001447751834199518,0.1035845713506883,0.5561319201838055,1.0,1.0
word_cantillation_count,Klagelied des Einzelnen,1176,6123,0.1611179613645705,0.17936405509219722,0.12480413082630099,0.26576701028637495,0.5102987258924474,0.45279288510312765,0.5826823898072946,0.13125933098876186,0.3293353323338331,0.9995002498750625,2000,0.17898999680285707,0.9609737175883449,0.4490936350006815,1.0,1.0,1.0
word_cantillation_count,Klagelied des Volkes,36,1484,0.02368421052631579,0.023549538927498788,0.010323736234873558,0.04705104326332759,0.4905473195567535,0.3293962752379055,0.6673694003483622,0.5770130915578296,0.5397301349325337,1.0,2000,0.946508144184988,1.0,0.9099450274862569,1.0,1.0,1.0
word_cantillation_count,Königspsalm,45,1636,0.02676977989292088,0.02766648907631711,0.013876600319418618,0.059944326378715974,0.5075658788372724,0.3701466731948321,0.6550045897833103,0.43123189741446744,0.41879060469765117,0.9995002498750625,2000,0.7268137690383099,1.0,0.6818812815814315,1.0,1.0,1.0
word_cantillation_count,Liturgie,153,2800,0.05181171689806976,0.04265059323014751,0.025415762160047727,0.06939693702851404,0.4411367880485528,0.37157032761640124,0.5161896250662062,0.9929680804152583,0.9190404797601199,1.0,2000,0.9994262053241604,1.0,0.9529688937044083,1.0,1.0,1.0
word_cantillation_count,Mischgedicht,45,1633,0.026817640047675805,0.035762664893863656,0.015843353883646098,0.07657999955121783,0.593937538273117,0.45757438233190895,0.7321857077946771,0.015673296760286254,0.08245877061469266,0.8565717141429285,2000,0.029827141986796025,0.16013799671529613,0.15315419213470188,0.8222646852272297,1.0,1.0
word_cantillation_count,Thronbesteigungslied,15,1006,0.014691478942213516,0.028360861663420958,0.008306620632686253,0.22974530261502105,0.4669648774022531,0.1739562652038138,0.7068543807831316,0.6700933102772165,0.6281859070464768,1.0,2000,0.7295897501025507,1.0,0.6796601699150425,1.0,1.0,1.0
word_cantillation_count,Wallfahrtslied,0,172,0.0,nan,nan,nan,nan,nan,nan,nan,nan,0.0004997501249375312,2000,nan,nan,nan,nan,0.0004997501249375312,0.0026830925973780084
word_cantillation_count,Weisheitsgedicht,45,1639,0.02672209026128266,0.0391279761093635,0.014674830906316123,0.090435058103208,0.5410548437394075,0.38744847507317726,0.7852387420209888,0.17341376282999543,0.24387806096951525,0.993503248375812,2000,0.3060419318272455,1.0,0.4266438209466695,1.0,1.0,1.0
word_cantillation_count,Zionslied,15,1007,0.014677103718199608,0.016164489402055365,0.006413420934644362,0.05905488904085675,0.5369414101290964,0.3533780863847605,0.9215659357743373,0.311610858791978,0.3243378310844578,0.9945027486256871,2000,0.4154811450559706,1.0,0.4324504414459437,1.0,1.0,1.0
word_cantillation_count,prophetische Gerichtsrede,1,342,0.0029154518950437317,0.008333333333333333,nan,nan,0.6549707602339181,nan,nan,0.2979784745087948,0.2971485742871436,0.5782108945527237,2000,0.43069794168609227,1.0,0.4332286625240331,1.0,0.83596755838948,1.0
word_cantillation_count,"prophetische Schelt-, Droh- und Mahnrede",3,511,0.005836575875486381,0.1728925323526989,0.005061561285011091,0.5,0.6536203522504892,0.21566047290181148,0.9980694980694981,0.1797842499561253,0.1839080459770115,0.5832083958020989,2000,0.30137280084800444,1.0,0.3006604805705256,1.0,0.9488926422864518,1.0
word_cantillation_count,prophetische Tora,0,172,0.0,nan,nan,nan,nan,nan,nan,nan,nan,0.0004997501249375312,2000,nan,nan,nan,nan,0.0004997501249375312,0.0026830925973780084
word_cantillation_count_psalm,Danklied Israels,6,676,0.008797653958944282,0.02102056877256125,0.004166666666666667,0.15336356297885434,0.3069526627218935,0.036740735092744545,0.9810518024565935,0.9485219079470011,0.9540229885057471,1.0,2000,0.9947817580173883,1.0,0.9950024987506247,1.0,1.0,1.0
word_cantillation_count_psalm,Danklied des Einzelnen,78,2087,0.03602771362586605,0.06061923297637592,0.03058326528589305,0.11741562818176426,0.6651984814418931,0.5412156433929826,0.769065943912434,3.506821799758318e-07,0.004497751124437781,0.5427286356821589,2000,5.844702999597197e-07,3.1379440583536655e-06,0.006502772710030526,0.03491253018274999,0.8659955736417505,1.0
word_cantillation_count_psalm,Fluch,0,173,0.0,nan,nan,nan,nan,nan,nan,nan,nan,0.0004997501249375312,2000,nan,nan,nan,nan,0.0004997501249375312,0.0026830925973780084
word_cantillation_count_psalm,Hymnus,465,4421,0.09516987310683586,0.12117850566840338,0.07489556086286984,0.1861329562519965,0.5617604638662493,0.4853642367640743,0.6337041099930514,5.720307505291665e-06,0.0559720139930035,0.9665167416291854,2000,9.533845842152775e-06,5.1185962598450065e-05,0.09328668998833917,0.5008439515105617,1.0,1.0
word_cantillation_count_psalm,Klagelied des Einzelnen,1176,6123,0.1611179613645705,0.17638791940731657,0.12375071446677127,0.25908586418883345,0.517706739726758,0.4549815168316102,0.5851313979580652,0.027025723988643512,0.26036981509245377,0.9995002498750625,2000,0.03727686067399105,0.20013455512468148,0.3591307794378673,1.0,1.0,1.0
word_cantillation_count_psalm,Klagelied des Volkes,36,1484,0.02368421052631579,0.02260093937349216,0.010118263209575068,0.04510838457749889,0.47774408505540583,0.33280763050648754,0.6410280422120791,0.6762046305938283,0.6146926536731634,1.0,2000,0.946508144184988,1.0,0.9126130004304778,1.0,1.0,1.0
word_cantillation_count_psalm,Königspsalm,45,1636,0.02676977989292088,0.02848932590720761,0.01397164492112239,0.058407099777184154,0.5175631621841891,0.3801557114272242,0.6617963652122906,0.34371106437204174,0.37231384307846077,0.9995002498750625,2000,0.6852872862006282,1.0,0.6818812815814315,1.0,1.0,1.0
word_cantillation_count_psalm,Liturgie,153,2800,0.05181171689806976,0.041832992997714896,0.02532161336581668,0.06711915362598123,0.43374766573295986,0.36680736173686584,0.5067593479890671,0.9971440614620265,0.9415292353823088,1.0,2000,0.9994262053241604,1.0,0.9529688937044083,1.0,1.0,1.0
word_cantillation_count_psalm,Mischgedicht,45,1633,0.026817640047675805,0.03430578195472587,0.015300740530754869,0.06993253702064982,0.5734639722392325,0.4294094366984495,0.7215391602081902,0.04614449800056045,0.13243378310844578,0.9460269865067467,2000,0.06592071142937207,0.3539196170729302,0.18124271197734465,0.9730682486490911,1.0,1.0
word_cantillation_count_psalm,Thronbesteigungslied,15,1006,0.014691478942213516,0.02174303565950835,0.006116678980075384,0.08296251532019032,0.5025513585155732,0.1888464547852843,0.8612038813954458,0.4866299469498535,0.4752623688155922,1.0,2000,0.5781741943958655,1.0,0.559132198606579,1.0,1.0,1.0
word_cantillation_count_psalm,Wallfahrtslied,0,172,0.0,nan,nan,nan,nan,nan,nan,nan,nan,0.0004997501249375312,2000,nan,nan,nan,nan,0.0004997501249375312,0.0026830925973780084
word_cantillation_count_psalm,Weisheitsgedicht,45,1639,0.02672209026128266,0.03515031235534412,0.012632921142547252,0.08007093643377558,0.5109687478814996,0.3568958247888725,0.7673280050072447,0.4008173522064906,0.3963018490754623,1.0,2000,0.5285503545580096,1.0,0.5239138672422031,1.0,1.0,1.0
word_cantillation_count_psalm,Zionslied,15,1007,0.014677103718199608,0.015381120115602121,0.006134855551039715,0.058602071068267,0.5064217146640185,0.3212398828286815,0.9138954457482897,0.46611504973945406,0.4427786106946527,1.0,2000,0.5766371749354071,1.0,0.5421778906465134,1.0,1.0,1.0
word_cantillation_count_psalm,prophetische Gerichtsrede,1,342,0.0029154518950437317,0.008849557522123894,nan,nan,0.6754385964912281,nan,nan,0.27394624342007734,0.272136068034017,0.5022488755622189,2000,0.4161208760811302,1.0,0.41337124258331703,1.0,0.7629096843983072,1.0
word_cantillation_count_psalm,"prophetische Schelt-, Droh- und Mahnrede",3,511,0.005836575875486381,0.1739441092410289,0.005446994133708023,0.5,0.7064579256360078,0.26690768064984016,0.9980658449199781,0.10897814088852181,0.11644177911044477,0.4002998500749625,2000,0.22547201563142447,1.0,0.24091402574574783,1.0,0.8304322415063654,1.0
word_cantillation_count_psalm,prophetische Tora,0,172,0.0,nan,nan,nan,nan,nan,nan,nan,nan,0.0004997501249375312,2000,nan,nan,nan,nan,0.0004997501249375312,0.0026830925973780084
word_cantillation_icf,Danklied Israels,6,676,0.008797653958944282,0.036900060827693704,0.0037279392264163696,0.13213904754362046,0.34097633136094674,0.01216417270221427,0.9970616905173574,0.910440039310038,0.9050474762618691,1.0,2000,0.9947817580173883,1.0,0.9950024987506247,1.0,1.0,1.0
word_cantillation_icf,Danklied des Einzelnen,78,2087,0.03602771362586605,0.06596284618227939,0.03297666633694712,0.12972388563064605,0.6937205902227465,0.585024541769966,0.7820548378983754,2.986123279403126e-09,0.0024987506246876563,0.43478260869565216,2000,5.952583200057091e-09,3.195863517061911e-08,0.004223240492429841,0.02267402194967331,0.8349671318187061,1.0
word_cantillation_icf,Fluch,0,173,0.0,nan,nan,nan,nan,nan,nan,nan,nan,0.0004997501249375312,2000,nan,nan,nan,nan,0.0004997501249375312,0.0026830925973780084
word_cantillation_icf,Hymnus,465,4421,0.09516987310683586,0.13342132013473312,0.08841329841792295,0.20270611704637587,0.5776786257184066,0.5031389507319081,0.6533718851630725,1.705162133050747e-08,0.015992003998001,0.9165417291354323,2000,3.147991630247533e-08,1.6901152432489894e-07,0.02952369968861723,0.15850885498356238,1.0,1.0
word_cantillation_icf,Klagelied des Einzelnen,1176,6123,0.1611179613645705,0.17910375585157992,0.12493030392134942,0.25493537454582665,0.5295519236602039,0.46840354950608926,0.5894186206540979,0.000651907302268013,0.13843078460769614,0.9995002498750625,2000,0.000942516581592308,0.005060247385215671,0.19775826372528021,1.0,1.0,1.0
word_cantillation_icf,Klagelied des Volkes,36,1484,0.02368421052631579,0.0256624891288505,0.010479066151955936,0.053683210484354676,0.503762353998203,0.2936632302578993,0.7183427866718383,0.4692919098895067,0.4662668665667166,1.0,2000,0.946508144184988,1.0,0.9099450274862569,1.0,1.0,1.0
word_cantillation_icf,Königspsalm,45,1636,0.02676977989292088,0.0274781676843198,0.012525038644227075,0.05982653032183767,0.5010730779679435,0.34908893063150626,0.6442202935523229,0.49025198295005484,0.4612693653173413,1.0,2000,0.7338030811866151,1.0,0.6818812815814315,1.0,1.0,1.0
word_cantillation_icf,Liturgie,153,2800,0.05181171689806976,0.04604875503186061,0.026311394852771598,0.07477163598283985,0.47052754435107375,0.39322121255097586,0.5535687472678354,0.8905658191132197,0.7611194402798601,1.0,2000,0.9994262053241604,1.0,0.9529688937044083,1.0,1.0,1.0
word_cantillation_icf,Mischgedicht,45,1633,0.026817640047675805,0.03563412354114574,0.015324772362142098,0.07551563995032526,0.5804654011022657,0.43470195826425256,0.6977798958109651,0.03259892650604889,0.11394302848575712,0.9095452273863068,2000,0.051471989220077195,0.27634633061066827,0.16747723699126046,0.8991632265359473,1.0,1.0
word_cantillation_icf,Thronbesteigungslied,15,1006,0.014691478942213516,0.05360207907362416,0.01079460430796332,0.5,0.5576209410205434,0.2590792292217076,0.8213087130150866,0.22167455184635648,0.2538730634682659,0.9740129935032483,2000,0.35947224623733487,1.0,0.40187698358612906,1.0,1.0,1.0
word_cantillation_icf,Wallfahrtslied,0,172,0.0,nan,nan,nan,nan,nan,nan,nan,nan,0.0004997501249375312,2000,nan,nan,nan,nan,0.0004997501249375312,0.0026830925973780084
word_cantillation_icf,Weisheitsgedicht,45,1639,0.02672209026128266,0.04687990605608254,0.01424336174747636,0.11018457336366136,0.5680902989627822,0.3651641907894861,0.7607332407780151,0.05933586588628379,0.13693153423288357,0.9500249875062469,2000,0.22876453724756324,1.0,0.42251601471991274,1.0,1.0,1.0
word_cantillation_icf,Zionslied,15,1007,0.014677103718199608,0.038036211881673755,0.0063396782725593575,0.23909149792183054,0.6581595498179411,0.3571403920595595,0.9474371503592935,0.01765288251141991,0.04097951024487756,0.5542228885557221,2000,0.05043680717548546,0.2707885745598221,0.11176230066784788,0.6000370717772637,1.0,1.0
word_cantillation_icf,prophetische Gerichtsrede,1,342,0.0029154518950437317,0.007194244604316547,nan,nan,0.5994152046783626,nan,nan,0.36755608437942083,0.384192096048024,0.8250874562718641,2000,0.4947581526625718,1.0,0.5050351262587816,1.0,1.0,1.0
word_cantillation_icf,"prophetische Schelt-, Droh- und Mahnrede",3,511,0.005836575875486381,0.17365790045642251,0.006514657980456026,0.5,0.695368558382257,0.39092033373536744,0.9980694980694981,0.12186738191583008,0.12993503248375812,0.4272863568215892,2000,0.23666430829315022,1.0,0.2513029199685871,1.0,0.8366784349760604,1.0
word_cantillation_icf,prophetische Tora,0,172,0.0,nan,nan,nan,nan,nan,nan,nan,nan,0.0004997501249375312,2000,nan,nan,nan,nan,0.0004997501249375312,0.0026830925973780084
word_cantillation_icf_position2,Danklied Israels,6,676,0.008797653958944282,0.031970434826728414,0.003883495145631068,0.1467680945134019,0.36439842209072976,0.015556480846792925,0.9940067512784443,0.8740503882821637,0.8555722138930535,1.0,2000,0.9947817580173883,1.0,0.9950024987506247,1.0,1.0,1.0
word_cantillation_icf_position2,Danklied des Einzelnen,78,2087,0.03602771362586605,0.06469651133512773,0.03114233990901583,0.13004319492796837,0.6755064931873749,0.5557063892483132,0.7784630064766058,6.80095367704132e-08,0.0034982508745627187,0.4987506246876562,2000,1.2180812555894903e-07,6.53971782455402e-07,0.00559720139930035,0.0300506370906337,0.8659955736417505,1.0
word_cantillation_icf_position2,Fluch,0,173,0.0,nan,nan,nan,nan,nan,nan,nan,nan,0.0004997501249375312,2000,nan,nan,nan,nan,0.0004997501249375312,0.0026830925973780084
word_cantillation_icf_position2,Hymnus,465,4421,0.09516987310683586,0.14080846517948428,0.0922498472353346,0.21189946825752232,0.5943461436496876,0.5178503017311069,0.6743875701552663,1.0197600432193309e-11,0.00399800099950025,0.8335832083958021,2000,3.5991530937152854e-11,1.932337890617786e-10,0.012301541536923847,0.06604535624315098,1.0,1.0
word_cantillation_icf_position2,Klagelied des Einzelnen,1176,6123,0.1611179613645705,0.1762343181346548,0.1239611565781179,0.25240762650390136,0.5288369880044129,0.47160121287401674,0.5861265561230625,0.0008523919101339994,0.13043478260869565,0.9995002498750625,2000,0.0012177027287628562,0.006537685563878592,0.19088016967126192,1.0,1.0,1.0
word_cantillation_icf_position2,Klagelied des Volkes,36,1484,0.02368421052631579,0.024683943966705313,0.009612174463624718,0.05284353519771546,0.4933924827792752,0.3002429368159033,0.6994740139241048,0.5540285527949427,0.5322338830584707,1.0,2000,0.946508144184988,1.0,0.9099450274862569,1.0,1.0,1.0
word_cantillation_icf_position2,Königspsalm,45,1636,0.02676977989292088,0.0269734132552803,0.012595126562477754,0.05686711139905655,0.5004346644933442,0.3092240135663175,0.6500685220766155,0.4960880486879865,0.47426286856571714,1.0,2000,0.7338030811866151,1.0,0.6818812815814315,1.0,1.0,1.0
word_cantillation_icf_position2,Liturgie,153,2800,0.05181171689806976,0.046848678678179254,0.027464176068625674,0.07562672886671887,0.4809640522875817,0.4148147110460813,0.5611061296052952,0.7864505960879238,0.6786606696651675,1.0,2000,0.9994262053241604,1.0,0.9529688937044083,1.0,1.0,1.0
word_cantillation_icf_position2,Mischgedicht,45,1633,0.026817640047675805,0.03880885977685368,0.015582121771169105,0.09064134301321063,0.5754167517180377,0.37681916262292997,0.7120041683241685,0.041976425778263916,0.12293853073463268,0.9165417291354323,2000,0.06218729744927987,0.3338754091516514,0.17356027868418733,0.9318222761717508,1.0,1.0
word_cantillation_icf_position2,Thronbesteigungslied,15,1006,0.014691478942213516,0.05503734744946299,0.01066550018140219,0.5,0.5728628230616302,0.23220508858788033,0.8113998560240475,0.16616379887857963,0.1934032983508246,0.9265367316341829,2000,0.2966977093864303,1.0,0.35176441629931304,1.0,1.0,1.0
word_cantillation_icf_position2,Wallfahrtslied,0,172,0.0,nan,nan,nan,nan,nan,nan,nan,nan,0.0004997501249375312,2000,nan,nan,nan,nan,0.0004997501249375312,0.0026830925973780084
word_cantillation_icf_position2,Weisheitsgedicht,45,1639,0.02672209026128266,0.043816829018001754,0.01379277266560882,0.10715897728658066,0.5578808216392109,0.36552745508066103,0.7617457952900587,0.09235569699532925,0.16491754122938532,0.9710144927536232,2000,0.2552628189871583,1.0,0.42251601471991274,1.0,1.0,1.0
word_cantillation_icf_position2,Zionslied,15,1007,0.014677103718199608,0.030804025029586547,0.007732943231129417,0.10662110113324251,0.6565044687189673,0.42206239511742155,0.935831455994096,0.018634568811448107,0.04247876061969016,0.5622188905547226,2000,0.0520034478459017,0.27919966197289786,0.11327669498584042,0.6081676554056821,1.0,1.0
word_cantillation_icf_position2,prophetische Gerichtsrede,1,342,0.0029154518950437317,0.006622516556291391,nan,nan,0.564327485380117,nan,nan,0.4140499461372169,0.4332166083041521,0.9535232383808095,2000,0.5175624326715211,1.0,0.5415207603801901,1.0,1.0,1.0
word_cantillation_icf_position2,"prophetische Schelt-, Droh- und Mahnrede",3,511,0.005836575875486381,0.17090401013306172,0.004462160403947859,0.5,0.49249836921069795,0.12854161499727942,0.998082981163554,0.5186573357020775,0.5197401299350325,1.0,2000,0.5319562417457204,1.0,0.5330667999333666,1.0,1.0,1.0
word_cantillation_icf_position2,prophetische Tora,0,172,0.0,nan,nan,nan,nan,nan,nan,nan,nan,0.0004997501249375312,2000,nan,nan,nan,nan,0.0004997501249375312,0.0026830925973780084
word_cantillation_icf_position2_psalm,Danklied Israels,6,676,0.008797653958944282,0.09635794145742199,0.004111886686431348,0.5,0.39817554240631164,0.029763786055670847,0.9980409868953685,0.8052739792051109,0.7966016991504248,1.0,2000,0.9947817580173883,1.0,0.9950024987506247,1.0,1.0,1.0
word_cantillation_icf_position2_psalm,Danklied des Einzelnen,78,2087,0.03602771362586605,0.06509583388440038,0.030345891904813942,0.13223436112600961,0.6660462201909255,0.5215525089300664,0.7842479338657782,3.0750408260389527e-07,0.0034982508745627187,0.5287356321839081,2000,5.197252100347525e-07,2.7903361982936655e-06,0.00559720139930035,0.0300506370906337,0.8659955736417505,1.0
word_cantillation_icf_position2_psalm,Fluch,0,173,0.0,nan,nan,nan,nan,nan,nan,nan,nan,0.0004997501249375312,2000,nan,nan,nan,nan,0.0004997501249375312,0.0026830925973780084
word_cantillation_icf_position2_psalm,Hymnus,465,4421,0.09516987310683586,0.147627905571696,0.09110319120599812,0.21809007529749183,0.6098783178038346,0.5335575254920052,0.6773983467164368,2.9353383241428312e-15,0.0009995002498750624,0.7616191904047976,2000,2.348270659314265e-14,1.2607555872914806e-13,0.0079960019990005,0.042929481558048134,1.0,1.0
word_cantillation_icf_position2_psalm,Klagelied des Einzelnen,1176,6123,0.1611179613645705,0.17962015115140922,0.12376959048952144,0.25132192474039444,0.5452375952830912,0.4869102141134122,0.6028387262616848,4.2901063187584346e-07,0.050974512743628186,0.9910044977511244,2000,6.864170110013496e-07,3.6852825222650523e-06,0.0815592203898051,0.43788071189209105,1.0,1.0
word_cantillation_icf_position2_psalm,Klagelied des Volkes,36,1484,0.02368421052631579,0.024008852624379774,0.009767906635822542,0.04835058989699792,0.4898921832884097,0.35345692318978456,0.7165309038804669,0.582271582360175,0.551224387806097,1.0,2000,0.946508144184988,1.0,0.9099450274862569,1.0,1.0,1.0
word_cantillation_icf_position2_psalm,Königspsalm,45,1636,0.02676977989292088,0.027372876957022993,0.013513865024267824,0.06090651190606201,0.5039798967671828,0.3364552169881779,0.6483586433280684,0.463724290133748,0.44577711144427784,1.0,2000,0.7321962475796021,1.0,0.6818812815814315,1.0,1.0,1.0
word_cantillation_icf_position2_psalm,Liturgie,153,2800,0.05181171689806976,0.04769213682990743,0.026095554606181456,0.08038888880016036,0.4744934640522876,0.41403550849267934,0.548712679786184,0.8563577661819307,0.7396301849075462,1.0,2000,0.9994262053241604,1.0,0.9529688937044083,1.0,1.0,1.0
word_cantillation_icf_position2_psalm,Mischgedicht,45,1633,0.026817640047675805,0.036862890491310585,0.015274496585803066,0.07864903512461173,0.5568687487242294,0.35044022698402694,0.7058793329322093,0.09626588227757588,0.17841079460269865,0.9715142428785607,2000,0.11551905873309104,0.6202066110170068,0.20785723643032852,1.0,1.0,1.0
word_cantillation_icf_position2_psalm,Thronbesteigungslied,15,1006,0.014691478942213516,0.061956886254933,0.011639492720052423,0.3817045308347904,0.6045394300861497,0.3036909515067968,0.8768705238800074,0.08210027124822933,0.11444277861069466,0.7841079460269865,2000,0.18946216441899075,1.0,0.2790912236189597,1.0,1.0,1.0
word_cantillation_icf_position2_psalm,Wallfahrtslied,0,172,0.0,nan,nan,nan,nan,nan,nan,nan,nan,0.0004997501249375312,2000,nan,nan,nan,nan,0.0004997501249375312,0.0026830925973780084
word_cantillation_icf_position2_psalm,Weisheitsgedicht,45,1639,0.02672209026128266,0.04006427846168871,0.014965107400162376,0.1082234755636392,0.5333265541319233,0.3551256011443163,0.7573060235626412,0.22254097258849592,0.2768615692153923,0.9975012493753124,2000,0.3468171001379157,1.0,0.4361455635818455,1.0,1.0,1.0
word_cantillation_icf_position2_psalm,Zionslied,15,1007,0.014677103718199608,0.03424338893343258,0.0059138443823530465,0.12,0.6529294935451837,0.3877023763240083,0.9619530024745052,0.020914550098459314,0.04897551224387806,0.5812093953023488,2000,0.053767492414784526,0.2886705849162509,0.1199400299850075,0.6439422233707222,1.0,1.0
word_cantillation_icf_position2_psalm,prophetische Gerichtsrede,1,342,0.0029154518950437317,0.012987012987012988,nan,nan,0.7807017543859649,nan,nan,0.16739718435821144,0.17208604302151076,0.22438780609695153,2000,0.36697981871958385,1.0,0.3637112673984051,1.0,0.5378849037019952,1.0
word_cantillation_icf_position2_psalm,"prophetische Schelt-, Droh- und Mahnrede",3,511,0.005836575875486381,0.18180783242258652,0.009950248756218905,0.5,0.8610567514677103,0.6083829566971846,0.9980694980694981,0.015543206749917634,0.015992003998001,0.10844577711144428,2000,0.1003999573557828,0.5390341470990955,0.10994502748625688,0.5902803714231619,0.6172523494350386,1.0
word_cantillation_icf_position2_psalm,prophetische Tora,0,172,0.0,nan,nan,nan,nan,nan,nan,nan,nan,0.0004997501249375312,2000,nan,nan,nan,nan,0.0004997501249375312,0.0026830925973780084
word_cantillation_icf_position4,Danklied Israels,6,676,0.008797653958944282,0.06358579024832021,0.0036858412197746633,0.2,0.47078402366863903,0.10505036797578506,0.9962794246226689,0.5978139160356323,0.5867066466766616,1.0,2000,0.9947817580173883,1.0,0.9950024987506247,1.0,1.0,1.0
word_cantillation_icf_position4,Danklied des Einzelnen,78,2087,0.03602771362586605,0.05811055280492723,0.026844798586739396,0.11822904756368831,0.6508852112589535,0.5346186928679463,0.7617152746188763,2.9332645097623206e-06,0.004997501249375313,0.591704147926037,2000,4.455591660398462e-06,2.392148476690956e-05,0.00705529588147103,0.037878954315924834,0.8659955736417505,1.0
word_cantillation_icf_position4,Fluch,0,173,0.0,nan,nan,nan,nan,nan,nan,nan,nan,0.0004997501249375312,2000,nan,nan,nan,nan,0.0004997501249375312,0.0026830925973780084
word_cantillation_icf_position4,Hymnus,465,4421,0.09516987310683586,0.15106828467813913,0.09713524600833857,0.2287047260608604,0.60580465179629,0.522022193813106,0.690251126561633,2.7942907998227627e-14,0.0029985007496251873,0.775112443778111,2000,1.5241586180851432e-13,8.183006869533701e-13,0.010903639089546136,0.05854020212461109,1.0,1.0
word_cantillation_icf_position4,Klagelied des Einzelnen,1176,6123,0.1611179613645705,0.17684165798207976,0.12468796911460679,0.2474441939780362,0.5258806568519945,0.47266096797387075,0.5817490535876704,0.0024331401040239777,0.14592703648175911,0.9995002498750625,2000,0.003435021323327969,0.018442177049198226,0.20601463973895406,1.0,1.0,1.0
word_cantillation_icf_position4,Klagelied des Volkes,36,1484,0.02368421052631579,0.022687936625077017,0.00890670717677469,0.04740302500757008,0.4619459418987721,0.3312392018322521,0.6550507035530051,0.7827347026518914,0.7411294352823589,1.0,2000,0.946508144184988,1.0,0.9126130004304778,1.0,1.0,1.0
word_cantillation_icf_position4,Königspsalm,45,1636,0.02676977989292088,0.025417570604417055,0.011674208104826543,0.05658842883441636,0.48183917413746263,0.32685476925404483,0.6287908590560499,0.6614287828330869,0.6116941529235382,1.0,2000,0.7338030811866151,1.0,0.6818812815814315,1.0,1.0,1.0
word_cantillation_icf_position4,Liturgie,153,2800,0.05181171689806976,0.05140312509829517,0.02888493667729433,0.08288523870960074,0.5098202614379085,0.42889258397140206,0.5957182151909766,0.3410408893600083,0.4077961019490255,1.0,2000,0.9994262053241604,1.0,0.9529688937044083,1.0,1.0,1.0
word_cantillation_icf_position4,Mischgedicht,45,1633,0.026817640047675805,0.03872201805324443,0.015921291603391036,0.10061591800969773,0.5534326733346941,0.3840323963267249,0.7073554045597139,0.11040423134240251,0.18640679660169915,0.9720139930034982,2000,0.1273894977027721,0.6839374343582916,0.2110265621906028,1.0,1.0,1.0
word_cantillation_icf_position4,Thronbesteigungslied,15,1006,0.014691478942213516,0.05583930914764088,0.010904699558388686,0.5,0.58870112657389,0.24238756041407938,0.8462299897789577,0.11893247789193567,0.15942028985507245,0.8445777111444278,2000,0.23786495578387135,1.0,0.3238380809595202,1.0,1.0,1.0
word_cantillation_icf_position4,Wallfahrtslied,0,172,0.0,nan,nan,nan,nan,nan,nan,nan,nan,0.0004997501249375312,2000,nan,nan,nan,nan,0.0004997501249375312,0.0026830925973780084
word_cantillation_icf_position4,Weisheitsgedicht,45,1639,0.02672209026128266,0.04448689031977963,0.015723824807713366,0.11365840407066817,0.5681445325740627,0.4048644473858388,0.7497920547287885,0.059187355946552035,0.11944027986006997,0.9270364817591205,2000,0.22876453724756324,1.0,0.42251601471991274,1.0,1.0,1.0
word_cantillation_icf_position4,Zionslied,15,1007,0.014677103718199608,0.028027341477211767,0.005925267969237943,0.12347664762806511,0.6269116186693148,0.4050553344693756,0.9346806659552184,0.045618576259970234,0.07896051974012994,0.6841579210394803,2000,0.0897414614950234,0.48181008668137704,0.15792103948025987,0.8478572607714507,1.0,1.0
word_cantillation_icf_position4,prophetische Gerichtsrede,1,342,0.0029154518950437317,0.014285714285714285,nan,nan,0.8011695906432749,nan,nan,0.1502880912267321,0.1500750375187594,0.18140929535232383,2000,0.36697981871958385,1.0,0.3637112673984051,1.0,0.5378849037019952,1.0
word_cantillation_icf_position4,"prophetische Schelt-, Droh- und Mahnrede",3,511,0.005836575875486381,0.1709294089871724,0.00462075244754072,0.5,0.4938030006523157,0.1523515320132505,0.9980790691428316,0.5155519562637919,0.5177411294352824,1.0,2000,0.5319562417457204,1.0,0.5330667999333666,1.0,1.0,1.0
word_cantillation_icf_position4,prophetische Tora,0,172,0.0,nan,nan,nan,nan,nan,nan,nan,nan,0.0004997501249375312,2000,nan,nan,nan,nan,0.0004997501249375312,0.0026830925973780084
word_cantillation_icf_position4_psalm,Danklied Israels,6,676,0.008797653958944282,0.049475175883908595,0.003933854691185728,0.2042353832055215,0.42011834319526625,0.07816850890880403,0.9977488770139503,0.7502828200337728,0.7491254372813593,1.0,2000,0.9947817580173883,1.0,0.9950024987506247,1.0,1.0,1.0
word_cantillation_icf_position4_psalm,Danklied des Einzelnen,78,2087,0.03602771362586605,0.057378441061783844,0.025300773691179047,0.11989427866041731,0.6385745702947427,0.4945593459622621,0.76309136476255,1.581219746898141e-05,0.00849575212393803,0.6411794102948526,2000,2.2588853527116302e-05,0.00012127657934940559,0.011585116532642768,0.062198964757399285,0.8843853935101416,1.0
word_cantillation_icf_position4_psalm,Fluch,0,173,0.0,nan,nan,nan,nan,nan,nan,nan,nan,0.0004997501249375312,2000,nan,nan,nan,nan,0.0004997501249375312,0.0026830925973780084
word_cantillation_icf_position4_psalm,Hymnus,465,4421,0.09516987310683586,0.16235464389021606,0.09600141583629158,0.24029868832726364,0.6185028444399043,0.5406902992883469,0.6971005698912885,1.890931648222125e-17,0.0004997501249375312,0.7266366816591704,2000,3.78186329644425e-16,2.030432591938531e-15,0.005997001499250375,0.03219711116853611,1.0,1.0
word_cantillation_icf_position4_psalm,Klagelied des Einzelnen,1176,6123,0.1611179613645705,0.1872806139889145,0.12994201011653064,0.2554303432543843,0.5557756746337275,0.4986772392855472,0.6063438898710306,6.467743950479724e-10,0.013993003498250875,0.9640179910044977,2000,1.1584019015784581e-09,6.219307233394453e-09,0.033583208395802096,0.18030382254380217,1.0,1.0
word_cantillation_icf_position4_psalm,Klagelied des Volkes,36,1484,0.02368421052631579,0.022740976114848856,0.009012218469283302,0.04466959142825523,0.471379904162923,0.33847361780793284,0.6265745242093117,0.7216567990943252,0.6731634182908546,1.0,2000,0.946508144184988,1.0,0.9126130004304778,1.0,1.0,1.0
word_cantillation_icf_position4_psalm,Königspsalm,45,1636,0.02676977989292088,0.026241990942171722,0.013062338920010692,0.06132510158932858,0.4950692746536267,0.3517678984206622,0.6118072797030222,0.5450472513522744,0.5197401299350325,1.0,2000,0.7338030811866151,1.0,0.6818812815814315,1.0,1.0,1.0
word_cantillation_icf_position4_psalm,Liturgie,153,2800,0.05181171689806976,0.05252695528186785,0.028422068059483,0.09501491125162886,0.5009173669467787,0.4345415520094242,0.5806435637760117,0.4847557944287717,0.4867566216891554,1.0,2000,0.9994262053241604,1.0,0.9529688937044083,1.0,1.0,1.0
word_cantillation_icf_position4_psalm,Mischgedicht,45,1633,0.026817640047675805,0.03658166880919998,0.01515965107568069,0.08480098568885482,0.5247465469143363,0.35265121156536483,0.7074175633340309,0.2853673568124092,0.3188405797101449,0.9985007496251874,2000,0.29268446852554786,1.0,0.32701597918989217,1.0,1.0,1.0
word_cantillation_icf_position4_psalm,Thronbesteigungslied,15,1006,0.014691478942213516,0.061577669278264954,0.014481808226965692,0.5,0.6401921802518225,0.3569952071558124,0.9003401651074561,0.03104179831697379,0.057971014492753624,0.6341829085457271,2000,0.10067610264964473,0.5405167348100127,0.1932367149758454,1.0,1.0,1.0
word_cantillation_icf_position4_psalm,Wallfahrtslied,0,172,0.0,nan,nan,nan,nan,nan,nan,nan,nan,0.0004997501249375312,2000,nan,nan,nan,nan,0.0004997501249375312,0.0026830925973780084
word_cantillation_icf_position4_psalm,Weisheitsgedicht,45,1639,0.02672209026128266,0.04120679814453096,0.015283211021106103,0.11116987168594226,0.546423971256186,0.4050005143215762,0.7461115199123154,0.1437063863172212,0.1984007996001999,0.9835082458770614,2000,0.2922841755604499,1.0,0.42251601471991274,1.0,1.0,1.0
word_cantillation_icf_position4_psalm,Zionslied,15,1007,0.014677103718199608,0.04012332402986818,0.007371163025234256,0.1860077802370974,0.6467063886130421,0.368920414010602,0.9625022654286757,0.025446460928391697,0.053973013493253376,0.6066966516741629,2000,0.058722602142442376,0.31527391639342944,0.12559757856920595,0.6743168565485864,1.0,1.0
word_cantillation_icf_position4_psalm,prophetische Gerichtsrede,1,342,0.0029154518950437317,0.05555555555555555,nan,nan,0.9532163742690059,nan,nan,0.05933594077110917,0.03501750875437719,0.03548225887056472,2000,0.36697981871958385,1.0,0.3601800900450225,1.0,0.3782724022604082,1.0
word_cantillation_icf_position4_psalm,"prophetische Schelt-, Droh- und Mahnrede",3,511,0.005836575875486381,0.18118691859699054,0.010325707968215097,0.5,0.8532289628180039,0.605724100256471,0.9980694980694981,0.017464251863374913,0.01649175412293853,0.12393803098450774,2000,0.1003999573557828,0.5390341470990955,0.10994502748625688,0.5902803714231619,0.6172523494350386,1.0
word_cantillation_icf_position4_psalm,prophetische Tora,0,172,0.0,nan,nan,nan,nan,nan,nan,nan,nan,0.0004997501249375312,2000,nan,nan,nan,nan,0.0004997501249375312,0.0026830925973780084
word_cantillation_icf_position8,Danklied Israels,6,676,0.008797653958944282,0.09470818535758216,0.005305039787798408,0.5,0.5706360946745562,0.10313143112069056,0.9959334626589781,0.2754090155157952,0.272863568215892,0.9165417291354323,2000,0.9947817580173883,1.0,0.9950024987506247,1.0,1.0,1.0
word_cantillation_icf_position8,Danklied des Einzelnen,78,2087,0.03602771362586605,0.056290612260941945,0.027294547656032935,0.11207780747985419,0.6537355792267149,0.5298003731266439,0.7529755238420963,1.948880772395848e-06,0.00399800099950025,0.55872063968016,2000,3.0372167881493737e-06,1.6306416895712507e-05,0.006230650908312078,0.033451544071206346,0.8659955736417505,1.0
word_cantillation_icf_position8,Fluch,0,173,0.0,nan,nan,nan,nan,nan,nan,nan,nan,0.0004997501249375312,2000,nan,nan,nan,nan,0.0004997501249375312,0.0026830925973780084
word_cantillation_icf_position8,Hymnus,465,4421,0.09516987310683586,0.14828831515613242,0.09298754215534158,0.23076627239377906,0.5878962332756905,0.5117944838372606,0.6680030307278636,2.1026650007027254e-10,0.0029985007496251873,0.8425787106446777,2000,5.734540911007432e-10,3.0787994839638457e-09,0.010903639089546136,0.05854020212461109,1.0,1.0
word_cantillation_icf_position8,Klagelied des Einzelnen,1176,6123,0.1611179613645705,0.17349663868259774,0.12501404434865482,0.243045549501954,0.5203627506857716,0.4703658243695144,0.5760514033857551,0.01334517861686613,0.1839080459770115,0.9995002498750625,2000,0.0186211794653946,0.09997465990487332,0.2566158781074579,1.0,1.0,1.0
word_cantillation_icf_position8,Klagelied des Volkes,36,1484,0.02368421052631579,0.019941799933452756,0.008572092798230492,0.03910453315245726,0.42621293800539084,0.2989172469858236,0.5803834122348182,0.9351502665115642,0.8995502248875562,1.0,2000,0.946508144184988,1.0,0.9215392303848076,1.0,1.0,1.0
word_cantillation_icf_position8,Königspsalm,45,1636,0.02676977989292088,0.024642934897729528,0.011629031439634742,0.05183480901697233,0.4727655528389025,0.29165056098330744,0.6156888061359559,0.7338075036573055,0.6836581709145427,1.0,2000,0.7792646056537759,1.0,0.7260086770773906,1.0,1.0,1.0
word_cantillation_icf_position8,Liturgie,153,2800,0.05181171689806976,0.05177930951141764,0.029602999715430997,0.08475782285552812,0.5068814192343604,0.40826225742355066,0.5980412306210042,0.38701168252685625,0.4357821089455272,1.0,2000,0.9994262053241604,1.0,0.9529688937044083,1.0,1.0,1.0
word_cantillation_icf_position8,Mischgedicht,45,1633,0.026817640047675805,0.03905802161867482,0.014954448668651352,0.0968830916700008,0.555154113084303,0.40590448319564965,0.7075527947917917,0.10314041414912334,0.1629185407296352,0.9620189905047476,2000,0.12134166370485099,0.6514674101996749,0.1994920906893492,1.0,1.0,1.0
word_cantillation_icf_position8,Thronbesteigungslied,15,1006,0.014691478942213516,0.054471173619990765,0.011536238884327144,0.5,0.59831013916501,0.32588589523290146,0.8350037491337997,0.09517463095188594,0.12543728135932034,0.7981009495252374,2000,0.20637752694261371,1.0,0.284008938926763,1.0,1.0,1.0
word_cantillation_icf_position8,Wallfahrtslied,0,172,0.0,nan,nan,nan,nan,nan,nan,nan,nan,0.0004997501249375312,2000,nan,nan,nan,nan,0.0004997501249375312,0.0026830925973780084
word_cantillation_icf_position8,Weisheitsgedicht,45,1639,0.02672209026128266,0.048600394124675275,0.015597625070725736,0.12694209791142455,0.5858518066571757,0.4160198000037957,0.7602447073793772,0.024534370857921543,0.06946526736631684,0.8530734632683659,2000,0.22876453724756324,1.0,0.42251601471991274,1.0,1.0,1.0
word_cantillation_icf_position8,Zionslied,15,1007,0.014677103718199608,0.024519055883644614,0.007179704188611606,0.11389955391296738,0.5785832505792784,0.2723501107092417,0.8162497153932539,0.1477725346358757,0.17391304347826086,0.8845577211394303,2000,0.2162524897110376,1.0,0.2545068928950159,1.0,1.0,1.0
word_cantillation_icf_position8,prophetische Gerichtsrede,1,342,0.0029154518950437317,0.007633587786259542,nan,nan,0.6228070175438597,nan,nan,0.3375531883360957,0.3626813406703352,0.6851574212893553,2000,0.46559060460151136,1.0,0.49592978307335484,1.0,0.956033611101426,1.0
word_cantillation_icf_position8,"prophetische Schelt-, Droh- und Mahnrede",3,511,0.005836575875486381,0.1733122968062727,0.0068725623298919805,0.5,0.6764514024787998,0.4271418700435981,0.9980694980694981,0.14530652634874752,0.1584207896051974,0.4832583708145927,2000,0.26825820248999543,1.0,0.29246915004036445,1.0,0.892169299965402,1.0
word_cantillation_icf_position8,prophetische Tora,0,172,0.0,nan,nan,nan,nan,nan,nan,nan,nan,0.0004997501249375312,2000,nan,nan,nan,nan,0.0004997501249375312,0.0026830925973780084
word_cantillation_icf_position8_psalm,Danklied Israels,6,676,0.008797653958944282,0.06041509760003101,0.0044426692822722115,0.37627533061306906,0.483974358974359,0.06996326653306983,0.9939991588990857,0.5542221565080028,0.5507246376811594,1.0,2000,0.9947817580173883,1.0,0.9950024987506247,1.0,1.0,1.0
word_cantillation_icf_position8_psalm,Danklied des Einzelnen,78,2087,0.03602771362586605,0.05394186788615201,0.025986220392006598,0.11019144099184772,0.6359330654970329,0.4870812714254753,0.7479638573088957,2.2313779204596718e-05,0.005997001499250375,0.6326836581709145,2000,3.0427880733540977e-05,0.00016336328392167952,0.008367909068721454,0.04492620163051549,0.8828144067501134,1.0
word_cantillation_icf_position8_psalm,Fluch,0,173,0.0,nan,nan,nan,nan,nan,nan,nan,nan,0.0004997501249375312,2000,nan,nan,nan,nan,0.0004997501249375312,0.0026830925973780084
word_cantillation_icf_position8_psalm,Hymnus,465,4421,0.09516987310683586,0.15776495383419287,0.09514411452264421,0.24510304810681763,0.5909534893336544,0.510871677216182,0.6685443782483591,5.1537502816448464e-11,0.0014992503748125937,0.8215892053973014,2000,1.546125084493454e-10,8.300941934418494e-10,0.009995002498750625,0.05366185194756017,1.0,1.0
word_cantillation_icf_position8_psalm,Klagelied des Einzelnen,1176,6123,0.1611179613645705,0.19544458374202356,0.13744261064210486,0.269604572523889,0.5655695154102798,0.5091101309155609,0.6126748412364782,4.8780756315111e-13,0.0029985007496251873,0.9230384807596201,2000,1.2454661186836851e-12,6.6867435475739575e-12,0.009995002498750625,0.05366185194756017,1.0,1.0
word_cantillation_icf_position8_psalm,Klagelied des Volkes,36,1484,0.02368421052631579,0.021669148832297796,0.008255107226625565,0.0561222853901411,0.43512279125486675,0.2987321361593789,0.59277613299572,0.9086027451170284,0.8645677161419291,1.0,2000,0.946508144184988,1.0,0.9171276430750143,1.0,1.0,1.0
word_cantillation_icf_position8_psalm,Königspsalm,45,1636,0.02676977989292088,0.025956304595702875,0.01235768407056112,0.05725535723864616,0.48880738929638684,0.34826510704137326,0.6084883443877658,0.6012826146784911,0.5667166416791605,1.0,2000,0.7338030811866151,1.0,0.6818812815814315,1.0,1.0,1.0
word_cantillation_icf_position8_psalm,Liturgie,153,2800,0.05181171689806976,0.05482905039873742,0.031026280945725442,0.10187396214535786,0.5012126517273576,0.42521770039600554,0.5869217097738905,0.4798459808734373,0.48875562218890556,1.0,2000,0.9994262053241604,1.0,0.9529688937044083,1.0,1.0,1.0
word_cantillation_icf_position8_psalm,Mischgedicht,45,1633,0.026817640047675805,0.035302288136896086,0.013865116466888466,0.08277060195003072,0.5210723276859223,0.3727361176299833,0.7183809357154444,0.31463024843272275,0.3353323338330835,0.9975012493753124,2000,0.3172742001002246,1.0,0.33815025260479004,1.0,1.0,1.0
word_cantillation_icf_position8_psalm,Thronbesteigungslied,15,1006,0.014691478942213516,0.059551748867911466,0.014925373134328358,0.5,0.6503976143141154,0.35444695951196914,0.8684218684596942,0.02263604768229354,0.04547726136931534,0.5737131434282858,2000,0.0823129006628856,0.4419271220090368,0.17053973013493254,0.9156053488552455,1.0,1.0
word_cantillation_icf_position8_psalm,Wallfahrtslied,0,172,0.0,nan,nan,nan,nan,nan,nan,nan,nan,0.0004997501249375312,2000,nan,nan,nan,nan,0.0004997501249375312,0.0026830925973780084
word_cantillation_icf_position8_psalm,Weisheitsgedicht,45,1639,0.02672209026128266,0.04144465151163821,0.014964680667433611,0.11374552886521559,0.5714256660565386,0.4422688918345428,0.7521062452013201,0.050825760624290985,0.10094952523738131,0.9045477261369316,2000,0.22876453724756324,1.0,0.42251601471991274,1.0,1.0,1.0
word_cantillation_icf_position8_psalm,Zionslied,15,1007,0.014677103718199608,0.0487964849092576,0.0052541214717954235,0.19858828987871321,0.6549155908639523,0.2988273265779153,0.9627400112009654,0.019616187476341803,0.03648175912043978,0.5602198900549725,2000,0.053498693117295826,0.2872274368923009,0.10566145498679232,0.5672824348742075,1.0,1.0
word_cantillation_icf_position8_psalm,prophetische Gerichtsrede,1,342,0.0029154518950437317,0.07142857142857142,nan,nan,0.9649122807017544,nan,nan,0.0547123653455425,0.028514257128564282,0.028985507246376812,2000,0.36697981871958385,1.0,0.3601800900450225,1.0,0.3782724022604082,1.0
word_cantillation_icf_position8_psalm,"prophetische Schelt-, Droh- und Mahnrede",3,511,0.005836575875486381,0.18000858000858,0.009082603895379134,0.5,0.8277886497064579,0.5586117605257932,0.9980582524271845,0.02516010064412706,0.026986506746626688,0.17041479260369816,2000,0.10064040257650823,0.540325065819494,0.12216114165139652,0.6558670793590687,0.6172523494350386,1.0
word_cantillation_icf_position8_psalm,prophetische Tora,0,172,0.0,nan,nan,nan,nan,nan,nan,nan,nan,0.0004997501249375312,2000,nan,nan,nan,nan,0.0004997501249375312,0.0026830925973780084
word_cantillation_icf_position_mean,Danklied Israels,6,676,0.008797653958944282,0.039267787896594915,0.0037233136691842282,0.13770730158438002,0.35133136094674555,0.01182514024310064,0.9960353627504762,0.8954521196500542,0.8810594702648675,1.0,2000,0.9947817580173883,1.0,0.9950024987506247,1.0,1.0,1.0
word_cantillation_icf_position_mean,Danklied des Einzelnen,78,2087,0.03602771362586605,0.06610233789436457,0.03268698536017097,0.13066920648792238,0.6917241040384309,0.583692797492739,0.7837220448628921,4.266504506952715e-09,0.001999000499750125,0.44377811094452774,2000,8.257750658618158e-09,4.433477563592664e-08,0.0035276479407355143,0.018939477157962414,0.8349671318187061,1.0
word_cantillation_icf_position_mean,Fluch,0,173,0.0,nan,nan,nan,nan,nan,nan,nan,nan,0.0004997501249375312,2000,nan,nan,nan,nan,0.0004997501249375312,0.0026830925973780084
word_cantillation_icf_position_mean,Hymnus,465,4421,0.09516987310683586,0.13849471677778416,0.0899276176362286,0.20901336992937294,0.5858317949765659,0.511502825607714,0.6639510470806949,5.362750394672156e-10,0.011494252873563218,0.8845577211394303,2000,1.2142076365295448e-09,6.518920874025792e-09,0.023378141437755698,0.12551416218242886,1.0,1.0
word_cantillation_icf_position_mean,Klagelied des Einzelnen,1176,6123,0.1611179613645705,0.17889711073717435,0.1250530697904518,0.2535522828454193,0.5305580831058538,0.4693539501121723,0.5909016630175083,0.0004427187127752893,0.1294352823588206,0.9995002498750625,2000,0.00065587957448191,0.003521331047758766,0.19088016967126192,1.0,1.0,1.0
word_cantillation_icf_position_mean,Klagelied des Volkes,36,1484,0.02368421052631579,0.02537309828798903,0.01009210419074782,0.05199305931911148,0.504005690326445,0.29386120220898415,0.709261270141707,0.46730518927170006,0.4657671164417791,1.0,2000,0.946508144184988,1.0,0.9099450274862569,1.0,1.0,1.0
word_cantillation_icf_position_mean,Königspsalm,45,1636,0.02676977989292088,0.026911008981185366,0.0127816292574163,0.057782424699058046,0.49813909263787015,0.3403689236598327,0.6344936700498804,0.5170710385894975,0.48225887056471767,1.0,2000,0.7338030811866151,1.0,0.6818812815814315,1.0,1.0,1.0
word_cantillation_icf_position_mean,Liturgie,153,2800,0.05181171689806976,0.04705413799088488,0.027695755650846525,0.0766401686011437,0.48187908496732024,0.4052860853280051,0.5671493875421477,0.7751735386955918,0.6721639180409795,1.0,2000,0.9994262053241604,1.0,0.9529688937044083,1.0,1.0,1.0
word_cantillation_icf_position_mean,Mischgedicht,45,1633,0.026817640047675805,0.03652708994700079,0.01513739404598991,0.0783134842758452,0.5741239708784106,0.41434416971018984,0.7000894178445654,0.04470009940091195,0.13343328335832083,0.9340329835082459,2000,0.06462664973625824,0.3469719702868926,0.18124271197734465,0.9730682486490911,1.0,1.0
word_cantillation_icf_position_mean,Thronbesteigungslied,15,1006,0.014691478942213516,0.05441035371839743,0.011753059482615773,0.5,0.5683565275016568,0.2424049621985641,0.8315116587825934,0.1815560110639594,0.2158920539730135,0.9470264867566217,2000,0.31080425322334504,1.0,0.3701006639537374,1.0,1.0,1.0
word_cantillation_icf_position_mean,Wallfahrtslied,0,172,0.0,nan,nan,nan,nan,nan,nan,nan,nan,0.0004997501249375312,2000,nan,nan,nan,nan,0.0004997501249375312,0.0026830925973780084
word_cantillation_icf_position_mean,Weisheitsgedicht,45,1639,0.02672209026128266,0.046023206643847174,0.014176792283358193,0.10875803627276025,0.5708155379296319,0.3597537749472843,0.752492260287691,0.05231270919762789,0.12693653173413294,0.9420289855072463,2000,0.22876453724756324,1.0,0.42251601471991274,1.0,1.0,1.0
word_cantillation_icf_position_mean,Zionslied,15,1007,0.014677103718199608,0.03350480828754586,0.007035493909865412,0.12050364394609483,0.6817941079112877,0.35746973189069525,0.9409217004647695,0.007772309415487689,0.026986506746626688,0.4757621189405297,2000,0.02743168028995655,0.14727707837756493,0.0952464943998589,0.5113658832649852,1.0,1.0
word_cantillation_icf_position_mean,prophetische Gerichtsrede,1,342,0.0029154518950437317,0.006944444444444444,nan,nan,0.5847953216374269,nan,nan,0.3867362779733672,0.40520260130065033,0.8915542228885557,2000,0.5036036299206031,1.0,0.516890023959348,1.0,1.0,1.0
word_cantillation_icf_position_mean,"prophetische Schelt-, Droh- und Mahnrede",3,511,0.005836575875486381,0.1742001390146808,0.006666666666666667,0.5,0.7175472928897586,0.4028599837408414,0.9980694980694981,0.09709947413280862,0.10644677661169415,0.36481759120439783,2000,0.21577660918401917,1.0,0.24091402574574783,1.0,0.8107057582319952,1.0
word_cantillation_icf_position_mean,prophetische Tora,0,172,0.0,nan,nan,nan,nan,nan,nan,nan,nan,0.0004997501249375312,2000,nan,nan,nan,nan,0.0004997501249375312,0.0026830925973780084
word_cantillation_icf_position_mean_psalm,Danklied Israels,6,676,0.008797653958944282,0.03239962426062604,0.004693103002069655,0.2222222222222222,0.4980276134122288,0.03957962668337675,0.9882382586067411,0.5070572902201497,0.47976011994003,1.0,2000,0.9947817580173883,1.0,0.9950024987506247,1.0,1.0,1.0
word_cantillation_icf_position_mean_psalm,Danklied des Einzelnen,78,2087,0.03602771362586605,0.051888351104443245,0.025231367517211733,0.09873077356129774,0.6375363974788987,0.49416279104181615,0.753902618328916,1.8117274693666298e-05,0.0014992503748125937,0.6061969015492253,2000,2.5279918177208787e-05,0.00013572455100850493,0.002767846845807865,0.014860205154708971,0.8659955736417505,1.0
word_cantillation_icf_position_mean_psalm,Fluch,0,173,0.0,nan,nan,nan,nan,nan,nan,nan,nan,0.0004997501249375312,2000,nan,nan,nan,nan,0.0004997501249375312,0.0026830925973780084
word_cantillation_icf_position_mean_psalm,Hymnus,465,4421,0.09516987310683586,0.1889893816000162,0.11248380372690746,0.2966695882753112,0.6029084063596764,0.5305230178542593,0.675518230399058,1.3209591419449822e-13,0.0009995002498750624,0.7436281859070465,2000,6.340603881335914e-13,3.404186710117424e-12,0.0079960019990005,0.042929481558048134,1.0,1.0
word_cantillation_icf_position_mean_psalm,Klagelied des Einzelnen,1176,6123,0.1611179613645705,0.24094242475626954,0.1728903454126863,0.32415154859294165,0.6216383581033262,0.5667350688180529,0.6714752208797439,2.7983685690291594e-40,0.0004997501249375312,0.6676661669165417,2000,1.6790211414174956e-39,9.014443359952293e-39,0.0023988005997001498,0.012878844467414441,1.0,1.0
word_cantillation_icf_position_mean_psalm,Klagelied des Volkes,36,1484,0.02368421052631579,0.028929781014637095,0.008689265156933194,0.07848148502652336,0.505259808325846,0.3251023662297228,0.7150375270268764,0.45707992901242556,0.4572713643178411,1.0,2000,0.946508144184988,1.0,0.9099450274862569,1.0,1.0,1.0
word_cantillation_icf_position_mean_psalm,Königspsalm,45,1636,0.02676977989292088,0.02707331697656718,0.01222921265770589,0.06545902821549077,0.4799782667753328,0.34255665616401326,0.6132749804379797,0.6768874221593137,0.6501749125437282,1.0,2000,0.7384226423556149,1.0,0.696615977725423,1.0,1.0,1.0
word_cantillation_icf_position_mean_psalm,Liturgie,153,2800,0.05181171689806976,0.06856037919361976,0.03902931428178727,0.13129066285783647,0.5655859010270775,0.49396359774213633,0.6488953476660034,0.0031097420029677055,0.034482758620689655,0.9145427286356822,2000,0.062194840059354106,0.33391590443168284,0.7896051974012994,1.0,1.0,1.0
word_cantillation_icf_position_mean_psalm,Mischgedicht,45,1633,0.026817640047675805,0.03110069072068539,0.014035317735559721,0.06033919624381711,0.5535347349799279,0.36807063278509405,0.685613071325675,0.1099640852342576,0.16591704147926037,0.9500249875062469,2000,0.1273894977027721,0.6839374343582916,0.2002998500749625,1.0,1.0,1.0
word_cantillation_icf_position_mean_psalm,Thronbesteigungslied,15,1006,0.014691478942213516,0.09271968837269873,0.012585188031264391,0.3071367821116921,0.7664347249834328,0.452625547279782,0.9333516572226047,0.00019551445132720996,0.0014992503748125937,0.2933533233383308,2000,0.0016281384010572704,0.008741260628858643,0.013839234229039325,0.07430102577354486,1.0,1.0
word_cantillation_icf_position_mean_psalm,Wallfahrtslied,0,172,0.0,nan,nan,nan,nan,nan,nan,nan,nan,0.0004997501249375312,2000,nan,nan,nan,nan,0.0004997501249375312,0.0026830925973780084
word_cantillation_icf_position_mean_psalm,Weisheitsgedicht,45,1639,0.02672209026128266,0.041105614108729836,0.01619664599186436,0.12166199927854852,0.5940004067520847,0.43745672156206644,0.7665152809047778,0.015612468921548234,0.037481259370314844,0.7936031984007996,2000,0.22876453724756324,1.0,0.42251601471991274,1.0,1.0,1.0
word_cantillation_icf_position_mean_psalm,Zionslied,15,1007,0.014677103718199608,0.11759921510723906,0.00601972468721784,0.4682200498714318,0.7426348891095663,0.17502255432457425,0.9805622954335942,0.0006204855293324989,0.0014992503748125937,0.33233383308345826,2000,0.004653641469993742,0.024984788108962038,0.02306539038173221,0.1238350429559081,1.0,1.0
word_cantillation_icf_position_mean_psalm,prophetische Gerichtsrede,1,342,0.0029154518950437317,0.16666666666666666,nan,nan,0.9883040935672515,nan,nan,0.04632650474528163,0.013506753376688344,0.013493253373313344,2000,0.36697981871958385,1.0,0.3601800900450225,1.0,0.3782724022604082,1.0
word_cantillation_icf_position_mean_psalm,"prophetische Schelt-, Droh- und Mahnrede",3,511,0.005836575875486381,0.19474969474969472,0.02254457577067226,0.5,0.918460534898891,0.8070228210814592,0.9978178587337251,0.0062263764241556295,0.005997001499250375,0.08095952023988005,2000,0.09185714744398836,0.49316892587877414,0.07196401799100449,0.3863653340224333,0.6172523494350386,1.0
word_cantillation_icf_position_mean_psalm,prophetische Tora,0,172,0.0,nan,nan,nan,nan,nan,nan,nan,nan,0.0004997501249375312,2000,nan,nan,nan,nan,0.0004997501249375312,0.0026830925973780084
word_cantillation_icf_psalm,Danklied Israels,6,676,0.008797653958944282,0.04489567653411693,0.0042643923240938165,0.25,0.4822485207100592,0.03274599475234223,0.9867717302557109,0.5599700144732339,0.5422288855572214,1.0,2000,0.9947817580173883,1.0,0.9950024987506247,1.0,1.0,1.0
word_cantillation_icf_psalm,Danklied des Einzelnen,78,2087,0.03602771362586605,0.05425760890849638,0.02619301544106748,0.10112572860876815,0.6554863440344992,0.5215897941979613,0.7605066284562684,1.5109921793407352e-06,0.0004997501249375312,0.5397301349325337,2000,2.3857771252748453e-06,1.2808923148581264e-05,0.0011758826469118382,0.006313159052654138,0.8659955736417505,1.0
word_cantillation_icf_psalm,Fluch,0,173,0.0,nan,nan,nan,nan,nan,nan,nan,nan,0.0004997501249375312,2000,nan,nan,nan,nan,0.0004997501249375312,0.0026830925973780084
word_cantillation_icf_psalm,Hymnus,465,4421,0.09516987310683586,0.1790152892708508,0.10971754069895298,0.2717869015263768,0.6004348746087222,0.5272746690313896,0.6758284948314339,4.813007180290221e-13,0.0009995002498750624,0.7736131934032984,2000,2.1391143023512094e-12,1.148462294091749e-11,0.0079960019990005,0.042929481558048134,1.0,1.0
word_cantillation_icf_psalm,Klagelied des Einzelnen,1176,6123,0.1611179613645705,0.23656339532716167,0.16982157584475485,0.32106889776795544,0.6095458353192658,0.5552636654730408,0.6646947331471633,4.757228796199471e-33,0.0004997501249375312,0.7266366816591704,2000,2.718416454971126e-32,1.4594819896914117e-31,0.0023988005997001498,0.012878844467414441,1.0,1.0
word_cantillation_icf_psalm,Klagelied des Volkes,36,1484,0.02368421052631579,0.030338293374877926,0.010897801223358155,0.15391933214209544,0.505222371967655,0.31460789132824,0.7322573791328971,0.4573847836358766,0.45077461269365315,1.0,2000,0.946508144184988,1.0,0.9099450274862569,1.0,1.0,1.0
word_cantillation_icf_psalm,Königspsalm,45,1636,0.02676977989292088,0.025521878916341553,0.012905537534244923,0.052204662068718884,0.4812279271936974,0.31917718402837747,0.6141477979443727,0.6665377987445087,0.6356821589205397,1.0,2000,0.7338030811866151,1.0,0.696615977725423,1.0,1.0,1.0
word_cantillation_icf_psalm,Liturgie,153,2800,0.05181171689806976,0.0678671376927989,0.03696676758535847,0.1389201104250498,0.5505555555555556,0.4736214712689733,0.6379642200716177,0.017473881577100447,0.08595702148925537,0.9580209895052474,2000,0.17473881577100447,0.9381496865626333,0.879560219890055,1.0,1.0,1.0
word_cantillation_icf_psalm,Mischgedicht,45,1633,0.026817640047675805,0.03130019307027279,0.014418287797397728,0.05947334587511344,0.5648431652718242,0.4066510408470845,0.6808589164201518,0.06865562152127595,0.12093953023488256,0.9235382308845578,2000,0.08672289034266435,0.4656037757483567,0.17277075747840367,0.9275834408078258,1.0,1.0
word_cantillation_icf_psalm,Thronbesteigungslied,15,1006,0.014691478942213516,0.0900674460372765,0.011695906432748537,0.2669305773083727,0.7339628893306825,0.31221002531296327,0.9399504004089366,0.0009233677517233053,0.001999000499750125,0.3453273363318341,2000,0.005831796326673507,0.031310146356581414,0.014992503748125937,0.08049277792134026,1.0,1.0
word_cantillation_icf_psalm,Wallfahrtslied,0,172,0.0,nan,nan,nan,nan,nan,nan,nan,nan,0.0004997501249375312,2000,nan,nan,nan,nan,0.0004997501249375312,0.0026830925973780084
word_cantillation_icf_psalm,Weisheitsgedicht,45,1639,0.02672209026128266,0.042902045430707636,0.016264985477212973,0.14902118956528937,0.5846179920005423,0.412002526526088,0.7858418300297754,0.026240728966967566,0.06696651674162919,0.8445777111444278,2000,0.22876453724756324,1.0,0.42251601471991274,1.0,1.0,1.0
word_cantillation_icf_psalm,Zionslied,15,1007,0.014677103718199608,0.11628417351891458,0.007936127173519453,0.5,0.7093346573982126,0.19740567479010906,0.9710977950709195,0.002667897113030206,0.0069965017491254375,0.4017991004497751,2000,0.013919463198418467,0.07473176454297156,0.044188432099739605,0.23724187176816078,1.0,1.0
word_cantillation_icf_psalm,prophetische Gerichtsrede,1,342,0.0029154518950437317,0.09090909090909091,nan,nan,0.9736842105263158,nan,nan,0.05143792096789762,0.02751375687843922,0.02798600699650175,2000,0.36697981871958385,1.0,0.3601800900450225,1.0,0.3782724022604082,1.0
word_cantillation_icf_psalm,"prophetische Schelt-, Droh- und Mahnrede",3,511,0.005836575875486381,0.1809103811841038,0.014813313520758466,0.5,0.8512720156555773,0.7307223190757024,0.9980694980694981,0.017975345080875258,0.021989005497251374,0.15692153923038482,2000,0.1003999573557828,0.5390341470990955,0.11472524607261587,0.615944735398082,0.6172523494350386,1.0
word_cantillation_icf_psalm,prophetische Tora,0,172,0.0,nan,nan,nan,nan,nan,nan,nan,nan,0.0004997501249375312,2000,nan,nan,nan,nan,0.0004997501249375312,0.0026830925973780084
word_cantillation_icf_spacing2,Danklied Israels,6,676,0.008797653958944282,0.01762088188076541,0.004024925792634387,0.07080740084789672,0.47152366863905326,0.04372929854470848,0.9471944665221086,0.5953887363260087,0.5302348825587206,1.0,2000,0.9947817580173883,1.0,0.9950024987506247,1.0,1.0,1.0
word_cantillation_icf_spacing2,Danklied des Einzelnen,78,2087,0.03602771362586605,0.041860676327615545,0.019508934360431992,0.07528907569657035,0.5330003808681336,0.44602582060447804,0.6539488974175991,0.16085680695610638,0.20889555222388806,0.9825087456271864,2000,0.1622085448296871,0.8708763122738488,0.21065097703249216,1.0,0.9907651216408602,1.0
word_cantillation_icf_spacing2,Fluch,0,173,0.0,nan,nan,nan,nan,nan,nan,nan,nan,0.0004997501249375312,2000,nan,nan,nan,nan,0.0004997501249375312,0.0026830925973780084
word_cantillation_icf_spacing2,Hymnus,465,4421,0.09516987310683586,0.09253804524166451,0.0658361716391321,0.1332701539844537,0.49822572132515147,0.4497806381392922,0.558597934799236,0.5501647077146131,0.4917541229385307,1.0,2000,0.5642714950919109,1.0,0.5043632030138776,1.0,1.0,1.0
word_cantillation_icf_spacing2,Klagelied des Einzelnen,1176,6123,0.1611179613645705,0.1630614645965427,0.11866095974784194,0.22559483544401535,0.5008478403610341,0.4633864739997452,0.5557339889113461,0.4632558549075198,0.42978510744627685,1.0,2000,0.5977494902032513,1.0,0.555206267833825,1.0,1.0,1.0
word_cantillation_icf_spacing2,Klagelied des Volkes,36,1484,0.02368421052631579,0.03334975462587971,0.013535345609637315,0.1662662089699709,0.5845500149745433,0.49079217187643376,0.7556388347283871,0.041313661545278935,0.09395302348825588,0.8320839580209896,2000,0.946508144184988,1.0,0.9099450274862569,1.0,1.0,1.0
word_cantillation_icf_spacing2,Königspsalm,45,1636,0.02676977989292088,0.02528404154156163,0.012368332997968221,0.053633098609205426,0.4812550937245314,0.4026792007093722,0.7343009285138858,0.6663113602638134,0.5802098950524738,1.0,2000,0.7338030811866151,1.0,0.6818812815814315,1.0,1.0,1.0
word_cantillation_icf_spacing2,Liturgie,153,2800,0.05181171689806976,0.04555884917471658,0.026048115900129516,0.07269024214228251,0.45031395891690007,0.3951930373872085,0.5202014002339638,0.9809039582830256,0.9395302348825587,1.0,2000,0.9994262053241604,1.0,0.9529688937044083,1.0,1.0,1.0
word_cantillation_icf_spacing2,Mischgedicht,45,1633,0.026817640047675805,0.0338986372651488,0.013384726973806044,0.08192359125008651,0.5525753555147309,0.3669545387866876,0.7206855738573879,0.1141532482219576,0.16691654172913542,0.9425287356321839,2000,0.13046085511080868,0.7004271477454269,0.2002998500749625,1.0,1.0,1.0
word_cantillation_icf_spacing2,Thronbesteigungslied,15,1006,0.014691478942213516,0.014637474156131335,0.006223678220435407,0.17709429822248376,0.39473161033797216,0.24647131963172675,0.6831368080919612,0.919492543387683,0.9510244877561219,1.0,2000,0.9272193714833779,1.0,0.9590162901742406,1.0,1.0,1.0
word_cantillation_icf_spacing2,Wallfahrtslied,0,172,0.0,nan,nan,nan,nan,nan,nan,nan,nan,0.0004997501249375312,2000,nan,nan,nan,nan,0.0004997501249375312,0.0026830925973780084
word_cantillation_icf_spacing2,Weisheitsgedicht,45,1639,0.02672209026128266,0.02747436051828371,0.010931414610447176,0.08846069126620953,0.4777506609721375,0.3512827746570552,0.6527620128946813,0.695001303023111,0.5807096451774113,1.0,2000,0.8065041828197163,1.0,0.6899520536761322,1.0,1.0,1.0
word_cantillation_icf_spacing2,Zionslied,15,1007,0.014677103718199608,0.016200418169452308,0.005663318163406561,0.08193395243584499,0.4840450182058921,0.1750199218976355,0.7236323032874408,0.5842658060303859,0.5017491254372813,1.0,2000,0.6719107017600334,1.0,0.5902930887497427,1.0,1.0,1.0
word_cantillation_icf_spacing2,prophetische Gerichtsrede,1,342,0.0029154518950437317,0.003937007874015748,nan,nan,0.2631578947368421,nan,nan,0.7947771137100585,0.751375687843922,1.0,2000,0.830982719458958,1.0,0.8055813621096262,1.0,1.0,1.0
word_cantillation_icf_spacing2,"prophetische Schelt-, Droh- und Mahnrede",3,511,0.005836575875486381,0.0927827284859443,0.007130354915091078,0.5,0.7723418134377038,0.49855819077131563,0.9980694980694981,0.0520018492726379,0.07446276861569215,0.29035482258870565,2000,0.13867159806036772,0.744509545182925,0.19011770710389486,1.0,0.7508745627186407,1.0
word_cantillation_icf_spacing2,prophetische Tora,0,172,0.0,nan,nan,nan,nan,nan,nan,nan,nan,0.0004997501249375312,2000,nan,nan,nan,nan,0.0004997501249375312,0.0026830925973780084
word_cantillation_icf_spacing2_psalm,Danklied Israels,6,676,0.008797653958944282,0.011117275348626509,0.004210526315789474,0.039473684210526314,0.5163954635108481,0.16394153779990508,0.9192439208008524,0.44537120158899157,0.37381309345327335,0.999000499750125,2000,0.9947817580173883,1.0,0.9950024987506247,1.0,1.0,1.0
word_cantillation_icf_spacing2_psalm,Danklied des Einzelnen,78,2087,0.03602771362586605,0.047704302010705454,0.022189461021893033,0.10169051781734763,0.6048308822626024,0.47930196227840527,0.7216617163009039,0.0008217187932599251,0.029985007496251874,0.7511244377811095,2000,0.00098606255191191,0.005294039964306615,0.03562575148069529,0.19126996733783824,0.9104538639771025,1.0
word_cantillation_icf_spacing2_psalm,Fluch,0,173,0.0,nan,nan,nan,nan,nan,nan,nan,nan,0.0004997501249375312,2000,nan,nan,nan,nan,0.0004997501249375312,0.0026830925973780084
word_cantillation_icf_spacing2_psalm,Hymnus,465,4421,0.09516987310683586,0.09893368982937786,0.06300433923268531,0.14393067634762907,0.5045576707454402,0.4504871676003344,0.5690881472707808,0.3730449744236418,0.3778110944527736,1.0,2000,0.3926789204459387,1.0,0.40121532154276845,1.0,1.0,1.0
word_cantillation_icf_spacing2_psalm,Klagelied des Einzelnen,1176,6123,0.1611179613645705,0.1550722246195544,0.1137522385021546,0.20965151768812446,0.48696575641525597,0.4536528548452634,0.5377521912048677,0.9219174401381394,0.6811594202898551,1.0,2000,0.9999994887319635,1.0,0.8514492753623188,1.0,1.0,1.0
word_cantillation_icf_spacing2_psalm,Klagelied des Volkes,36,1484,0.02368421052631579,0.02894368189594439,0.012775869883532714,0.06186536459249043,0.5980832584606169,0.47068900704767613,0.7457460237456482,0.022031974632877465,0.063968015992004,0.7841079460269865,2000,0.946508144184988,1.0,0.9099450274862569,1.0,1.0,1.0
word_cantillation_icf_spacing2_psalm,Königspsalm,45,1636,0.02676977989292088,0.024202341023385632,0.01143719988681904,0.05702830877067686,0.4547541428959522,0.3682872377985611,0.6448043826038278,0.8501548035272197,0.791104447776112,1.0,2000,0.8645642069768336,1.0,0.8045129977384189,1.0,1.0,1.0
word_cantillation_icf_spacing2_psalm,Liturgie,153,2800,0.05181171689806976,0.05155256066517882,0.027749485186292226,0.0828902661484154,0.4661496265172736,0.393355708606355,0.5278825020081195,0.921050805936233,0.8260869565217391,1.0,2000,0.9994262053241604,1.0,0.9529688937044083,1.0,1.0,1.0
word_cantillation_icf_spacing2_psalm,Mischgedicht,45,1633,0.026817640047675805,0.03251809922245724,0.01365601675949656,0.084148339595648,0.5392393005375247,0.3364015090037829,0.6791586874497401,0.18429823892867214,0.2178910544727636,0.9730134932533733,2000,0.19924133938234828,1.0,0.23769933215210573,1.0,1.0,1.0
word_cantillation_icf_spacing2_psalm,Thronbesteigungslied,15,1006,0.014691478942213516,0.014272911097864393,0.005314649662719575,0.03268844159170864,0.45086149768058315,0.28006424125951523,0.8236899939818094,0.7436124169769498,0.6891554222888556,1.0,2000,0.7692542244589137,1.0,0.7129194023677817,1.0,1.0,1.0
word_cantillation_icf_spacing2_psalm,Wallfahrtslied,0,172,0.0,nan,nan,nan,nan,nan,nan,nan,nan,0.0004997501249375312,2000,nan,nan,nan,nan,0.0004997501249375312,0.0026830925973780084
word_cantillation_icf_spacing2_psalm,Weisheitsgedicht,45,1639,0.02672209026128266,0.03370882171441881,0.012399069988392145,0.08980448128003696,0.5409599349196664,0.37006095558046964,0.8070939665153216,0.17397179634103255,0.19940029985007496,0.9715142428785607,2000,0.3060419318272455,1.0,0.42251601471991274,1.0,1.0,1.0
word_cantillation_icf_spacing2_psalm,Zionslied,15,1007,0.014677103718199608,0.013339720201732595,0.0058218422231635855,0.034322512090895214,0.4478980470043032,0.28150556760262496,0.7727419246177449,0.7561507394624282,0.7011494252873564,1.0,2000,0.8248917157771943,1.0,0.7579993786890339,1.0,1.0,1.0
word_cantillation_icf_spacing2_psalm,prophetische Gerichtsrede,1,342,0.0029154518950437317,0.004166666666666667,nan,nan,0.30409356725146197,nan,nan,0.7522908814200516,0.7088544272136068,1.0,2000,0.8206809615491472,1.0,0.7787530128700714,1.0,1.0,1.0
word_cantillation_icf_spacing2_psalm,"prophetische Schelt-, Droh- und Mahnrede",3,511,0.005836575875486381,0.0569568674219837,0.02514309071058231,0.11205956895426157,0.9328114807566862,0.8698724396297518,0.9787640598103483,0.00487150135376204,0.010494752623688156,0.07246376811594203,2000,0.09185714744398836,0.49316892587877414,0.10494752623688156,0.5634494454493819,0.6172523494350386,1.0
word_cantillation_icf_spacing2_psalm,prophetische Tora,0,172,0.0,nan,nan,nan,nan,nan,nan,nan,nan,0.0004997501249375312,2000,nan,nan,nan,nan,0.0004997501249375312,0.0026830925973780084
word_cantillation_icf_spacing4,Danklied Israels,6,676,0.008797653958944282,0.009847992498001801,0.004481568439019087,0.06669041344811351,0.3022682445759369,0.14020539094725096,0.9508671272863292,0.9525632250409838,0.9775112443778111,1.0,2000,0.9947817580173883,1.0,0.9950024987506247,1.0,1.0,1.0
word_cantillation_icf_spacing4,Danklied des Einzelnen,78,2087,0.03602771362586605,0.05980109372369106,0.025393461346211777,0.12975468202235133,0.6068580836189844,0.5118885077408795,0.7196830601235462,0.0006660706080896326,0.027486256871564217,0.7426286856571714,2000,0.0008155966629668971,0.00437883105907423,0.032983508245877056,0.17708411142694855,0.9104538639771025,1.0
word_cantillation_icf_spacing4,Fluch,0,173,0.0,nan,nan,nan,nan,nan,nan,nan,nan,0.0004997501249375312,2000,nan,nan,nan,nan,0.0004997501249375312,0.0026830925973780084
word_cantillation_icf_spacing4,Hymnus,465,4421,0.09516987310683586,0.10436241562579496,0.06997664287996107,0.15158377539584708,0.5187876532580329,0.4539320611433529,0.5954423172276121,0.09096742870788865,0.2543728135932034,0.9995002498750625,2000,0.10298199476364753,0.5528967658549407,0.29023224236938133,1.0,1.0,1.0
word_cantillation_icf_spacing4,Klagelied des Einzelnen,1176,6123,0.1611179613645705,0.14555316033228854,0.1064397576554491,0.1949091814522845,0.46038599581593215,0.423221518462108,0.5057325120487806,0.9999918325906355,0.9420289855072463,1.0,2000,0.9999994887319635,1.0,0.9570214892553723,1.0,1.0,1.0
word_cantillation_icf_spacing4,Klagelied des Volkes,36,1484,0.02368421052631579,0.02535929706445405,0.01081219997385098,0.0543511893695505,0.5178009883198562,0.37769784416522456,0.6735827962532563,0.3574561880126679,0.3493253373313343,1.0,2000,0.946508144184988,1.0,0.9099450274862569,1.0,1.0,1.0
word_cantillation_icf_spacing4,Königspsalm,45,1636,0.02676977989292088,0.026387840238819564,0.012438487310862731,0.061053303431778776,0.5016164085846238,0.3776705400673738,0.6430634909066544,0.4852867128826794,0.4662668665667166,1.0,2000,0.7338030811866151,1.0,0.6818812815814315,1.0,1.0,1.0
word_cantillation_icf_spacing4,Liturgie,153,2800,0.05181171689806976,0.04958169385664487,0.028066323519406,0.08208673505990943,0.4861986461251167,0.4190668584764792,0.5805986559455051,0.717623419305412,0.6166916541729135,1.0,2000,0.9994262053241604,1.0,0.9529688937044083,1.0,1.0,1.0
word_cantillation_icf_spacing4,Mischgedicht,45,1633,0.026817640047675805,0.040245466558628616,0.014576388909054673,0.08655411561102087,0.6182282098387426,0.4349800875456648,0.7748037004167392,0.003371031864207893,0.03398300849575212,0.6956521739130435,2000,0.013136290701826318,0.0705270145624906,0.1222465690231807,0.6563257276663129,1.0,1.0
word_cantillation_icf_spacing4,Thronbesteigungslied,15,1006,0.014691478942213516,0.011842413942764644,0.005324759439834357,0.037303254839283276,0.3484758117958913,0.2440122718658031,0.8723127093095439,0.9781718724801962,0.9855072463768116,1.0,2000,0.9781718724801962,1.0,0.9855072463768116,1.0,1.0,1.0
word_cantillation_icf_spacing4,Wallfahrtslied,0,172,0.0,nan,nan,nan,nan,nan,nan,nan,nan,0.0004997501249375312,2000,nan,nan,nan,nan,0.0004997501249375312,0.0026830925973780084
word_cantillation_icf_spacing4,Weisheitsgedicht,45,1639,0.02672209026128266,0.024261842187188735,0.011280284475566447,0.045548348875144196,0.4711206019930852,0.3462440664757934,0.6091379725182707,0.7460234482609721,0.6596701649175413,1.0,2000,0.8289280047501176,1.0,0.7262423833954583,1.0,1.0,1.0
word_cantillation_icf_spacing4,Zionslied,15,1007,0.014677103718199608,0.013258170761818662,0.0062594900867742175,0.030710316146374064,0.44551473022178084,0.19124739724638107,0.6369773738872818,0.7659881786461663,0.6996501749125438,1.0,2000,0.8273103153257511,1.0,0.7579993786890339,1.0,1.0,1.0
word_cantillation_icf_spacing4,prophetische Gerichtsrede,1,342,0.0029154518950437317,0.0035587188612099642,nan,nan,0.18421052631578946,nan,nan,0.8634158580635483,0.8764382191095548,1.0,2000,0.8634158580635483,1.0,0.8764382191095548,1.0,1.0,1.0
word_cantillation_icf_spacing4,"prophetische Schelt-, Droh- und Mahnrede",3,511,0.005836575875486381,0.12725546058879392,0.023871524944833213,0.3333333333333333,0.9504240052185258,0.8592531175897762,0.9959266802443992,0.003571714774888805,0.0009995002498750624,0.03948025987006497,2000,0.09185714744398836,0.49316892587877414,0.05997001499250375,0.321971111685361,0.6172523494350386,1.0
word_cantillation_icf_spacing4,prophetische Tora,0,172,0.0,nan,nan,nan,nan,nan,nan,nan,nan,0.0004997501249375312,2000,nan,nan,nan,nan,0.0004997501249375312,0.0026830925973780084
word_cantillation_icf_spacing4_psalm,Danklied Israels,6,676,0.008797653958944282,0.010149834654249672,0.004792308582149563,0.05616712048243342,0.4275147928994083,0.25682689697984096,0.9568532167823637,0.7300415222516679,0.7086456771614192,1.0,2000,0.9947817580173883,1.0,0.9950024987506247,1.0,1.0,1.0
word_cantillation_icf_spacing4_psalm,Danklied des Einzelnen,78,2087,0.03602771362586605,0.05505468250419676,0.023697004023941724,0.1238997511487421,0.608037546226334,0.507283587506402,0.7534830394769908,0.0005885235844600655,0.022988505747126436,0.7476261869065467,2000,0.0007280704137650295,0.003908914155423332,0.028439388553146108,0.1526873313147073,0.9104538639771025,1.0
word_cantillation_icf_spacing4_psalm,Fluch,0,173,0.0,nan,nan,nan,nan,nan,nan,nan,nan,0.0004997501249375312,2000,nan,nan,nan,nan,0.0004997501249375312,0.0026830925973780084
word_cantillation_icf_spacing4_psalm,Hymnus,465,4421,0.09516987310683586,0.10600771886626742,0.06873259839000659,0.17056487458330405,0.5266207470211819,0.45552327627886935,0.6016647236707664,0.029288655381885968,0.17841079460269865,0.9970014992503748,2000,0.034457241625748196,0.18499639183415284,0.21409295352323837,1.0,1.0,1.0
word_cantillation_icf_spacing4_psalm,Klagelied des Einzelnen,1176,6123,0.1611179613645705,0.14700152743186864,0.10790088221583759,0.19375165214177242,0.46760395731050874,0.4265045948286745,0.5112911269639925,0.9997879259453007,0.9130434782608695,1.0,2000,0.9999994887319635,1.0,0.9527410207939507,1.0,1.0,1.0
word_cantillation_icf_spacing4_psalm,Klagelied des Volkes,36,1484,0.02368421052631579,0.02970032876325679,0.011830376810546807,0.11783811747999548,0.5578766097634023,0.4490198260544698,0.7831880435064545,0.11741093817085402,0.16041979010494753,0.9485257371314343,2000,0.946508144184988,1.0,0.9099450274862569,1.0,1.0,1.0
word_cantillation_icf_spacing4_psalm,Königspsalm,45,1636,0.02676977989292088,0.024154787240655083,0.01242591875495179,0.04993026764989753,0.4752105406139636,0.3432362135325557,0.5930113957353449,0.7150772377156961,0.6486756621689156,1.0,2000,0.773056473206158,1.0,0.696615977725423,1.0,1.0,1.0
word_cantillation_icf_spacing4_psalm,Liturgie,153,2800,0.05181171689806976,0.04688762846313224,0.025548957578523462,0.0730799649187234,0.4545179738562091,0.38853688456274393,0.5520659458650318,0.9711130466150483,0.895552223888056,1.0,2000,0.9994262053241604,1.0,0.9529688937044083,1.0,1.0,1.0
word_cantillation_icf_spacing4_psalm,Mischgedicht,45,1633,0.026817640047675805,0.03756217139226492,0.014452592999670884,0.07461814491489903,0.6083758590188474,0.4116467771602644,0.7567637134056647,0.006504309874864244,0.044977511244377814,0.7466266866566716,2000,0.015410950958065923,0.08273936587671857,0.1222465690231807,0.6563257276663129,1.0,1.0
word_cantillation_icf_spacing4_psalm,Thronbesteigungslied,15,1006,0.014691478942213516,0.01521360834938908,0.006038117155835991,0.05734960640176326,0.4659708416169649,0.3230018486898593,0.9248201016620213,0.6748705188448594,0.6286856571714143,1.0,2000,0.7295897501025507,1.0,0.6796601699150425,1.0,1.0,1.0
word_cantillation_icf_spacing4_psalm,Wallfahrtslied,0,172,0.0,nan,nan,nan,nan,nan,nan,nan,nan,0.0004997501249375312,2000,nan,nan,nan,nan,0.0004997501249375312,0.0026830925973780084
word_cantillation_icf_spacing4_psalm,Weisheitsgedicht,45,1639,0.02672209026128266,0.026129958246915552,0.01106511874029449,0.13229148841218952,0.47640837909294287,0.35230988744647257,0.6402576330922592,0.7056911599672517,0.6231884057971014,1.0,2000,0.8065041828197163,1.0,0.7054963084495488,1.0,1.0,1.0
word_cantillation_icf_spacing4_psalm,Zionslied,15,1007,0.014677103718199608,0.013737637955096367,0.0057730179616755925,0.04345680111914747,0.422277391592188,0.26763062561589956,0.8606894030646233,0.8496684785029138,0.8115942028985508,1.0,2000,0.8943878721083303,1.0,0.8543096872616324,1.0,1.0,1.0
word_cantillation_icf_spacing4_psalm,prophetische Gerichtsrede,1,342,0.0029154518950437317,0.003952569169960474,nan,nan,0.26608187134502925,nan,nan,0.7918937100296985,0.7713856928464232,1.0,2000,0.830982719458958,1.0,0.819170647270538,1.0,1.0,1.0
word_cantillation_icf_spacing4_psalm,"prophetische Schelt-, Droh- und Mahnrede",3,511,0.005836575875486381,0.05031080031080031,0.009573690740236807,0.13333333333333333,0.8845401174168297,0.6160283317423798,0.9757599834226607,0.01082888010525698,0.012993503248375811,0.12043978010994502,2000,0.0928189723307741,0.4983328370114254,0.10869565217391304,0.5835726399297169,0.6172523494350386,1.0
word_cantillation_icf_spacing4_psalm,prophetische Tora,0,172,0.0,nan,nan,nan,nan,nan,nan,nan,nan,0.0004997501249375312,2000,nan,nan,nan,nan,0.0004997501249375312,0.0026830925973780084
word_cantillation_icf_spacing8,Danklied Israels,6,676,0.008797653958944282,0.014123877597721365,0.004750593824228029,0.15796378370821398,0.3796844181459566,0.17575353322687423,0.9815352936217463,0.8453538039893808,0.8470764617691154,1.0,2000,0.9947817580173883,1.0,0.9950024987506247,1.0,1.0,1.0
word_cantillation_icf_spacing8,Danklied des Einzelnen,78,2087,0.03602771362586605,0.052391107310271925,0.018229857901589076,0.12476567771148726,0.5833609769881931,0.46871594911230036,0.7114177647301647,0.006151673815053494,0.06346826586706647,0.8680659670164917,2000,0.006899073437443171,0.03704021659041082,0.07052029540785164,0.37861417763000793,0.967551938316556,1.0
word_cantillation_icf_spacing8,Fluch,0,173,0.0,nan,nan,nan,nan,nan,nan,nan,nan,0.0004997501249375312,2000,nan,nan,nan,nan,0.0004997501249375312,0.0026830925973780084
word_cantillation_icf_spacing8,Hymnus,465,4421,0.09516987310683586,0.1139693981491976,0.07501493172052132,0.16899371928181037,0.547548965956712,0.46943627503727386,0.6259361494372473,0.0003647096528038615,0.09095452273863068,0.9830084957521239,2000,0.0005337214431276021,0.002865480130288272,0.1331041796175083,0.7146188088626305,1.0,1.0
word_cantillation_icf_spacing8,Klagelied des Einzelnen,1176,6123,0.1611179613645705,0.14892976050075707,0.10749915138857657,0.19917626278119713,0.4729200760820415,0.42638509105564193,0.5234464540237215,0.9983915250628053,0.8250874562718641,1.0,2000,0.9999994887319635,1.0,0.9281597733243471,1.0,1.0,1.0
word_cantillation_icf_spacing8,Klagelied des Volkes,36,1484,0.02368421052631579,0.022195761915269077,0.0107268222073726,0.04300370627204184,0.4771825396825397,0.3608813862965002,0.6046051905731076,0.680336646930612,0.624687656171914,1.0,2000,0.946508144184988,1.0,0.9126130004304778,1.0,1.0,1.0
word_cantillation_icf_spacing8,Königspsalm,45,1636,0.02676977989292088,0.027988182397675077,0.01359952813339197,0.06463787799305902,0.5216517250747079,0.402179246655046,0.6519675436776899,0.3099269908901784,0.3408295852073963,0.9995002498750625,2000,0.6852872862006282,1.0,0.6818812815814315,1.0,1.0,1.0
word_cantillation_icf_spacing8,Liturgie,153,2800,0.05181171689806976,0.047086098165888116,0.0247588613031573,0.08214711778465002,0.44372315592903827,0.3644107319804654,0.5567622459397139,0.9905559965262349,0.9230384807596201,1.0,2000,0.9994262053241604,1.0,0.9529688937044083,1.0,1.0,1.0
word_cantillation_icf_spacing8,Mischgedicht,45,1633,0.026817640047675805,0.044376410771498606,0.018562912248508028,0.09021137051033534,0.6578825610668844,0.44004355597811323,0.7992938106890105,0.00014838893816095745,0.010494752623688156,0.5252373813093453,2000,0.004370145579296122,0.023462736011800583,0.1222465690231807,0.6563257276663129,1.0,1.0
word_cantillation_icf_spacing8,Thronbesteigungslied,15,1006,0.014691478942213516,0.014386871281983364,0.005780794712361836,0.06227422210732834,0.40851557322730286,0.2751590111336374,0.8569833263057455,0.8884240045720788,0.8575712143928036,1.0,2000,0.9034820385478767,1.0,0.8721063197214951,1.0,1.0,1.0
word_cantillation_icf_spacing8,Wallfahrtslied,0,172,0.0,nan,nan,nan,nan,nan,nan,nan,nan,0.0004997501249375312,2000,nan,nan,nan,nan,0.0004997501249375312,0.0026830925973780084
word_cantillation_icf_spacing8,Weisheitsgedicht,45,1639,0.02672209026128266,0.030990407942927775,0.013373993611216306,0.08135561438242336,0.5125279642058166,0.3692925796660551,0.6796780827404242,0.3870687952373367,0.3933033483258371,1.0,2000,0.5160917269831156,1.0,0.5239138672422031,1.0,1.0,1.0
word_cantillation_icf_spacing8,Zionslied,15,1007,0.014677103718199608,0.011736344928935142,0.005596759382884858,0.036487463952494734,0.3772591857000993,0.19747010144544488,0.6764963908553272,0.9488971865534802,0.9280359820089955,1.0,2000,0.9568711124909044,1.0,0.93583460370655,1.0,1.0,1.0
word_cantillation_icf_spacing8,prophetische Gerichtsrede,1,342,0.0029154518950437317,0.00392156862745098,nan,nan,0.260233918128655,nan,nan,0.7976364044086404,0.7968984492246123,1.0,2000,0.830982719458958,1.0,0.8243777060944265,1.0,1.0,1.0
word_cantillation_icf_spacing8,"prophetische Schelt-, Droh- und Mahnrede",3,511,0.005836575875486381,0.2387914230019493,0.05579777969116667,0.5,0.9732550554468362,0.9370366518422842,0.9980582524271845,0.0023527061357278543,0.0009995002498750624,0.020989505247376312,2000,0.09185714744398836,0.49316892587877414,0.05997001499250375,0.321971111685361,0.6172523494350386,1.0
word_cantillation_icf_spacing8,prophetische Tora,0,172,0.0,nan,nan,nan,nan,nan,nan,nan,nan,0.0004997501249375312,2000,nan,nan,nan,nan,0.0004997501249375312,0.0026830925973780084
word_cantillation_icf_spacing8_psalm,Danklied Israels,6,676,0.008797653958944282,0.011889046814131774,0.004705882352941176,0.060853921431771624,0.5051775147928994,0.28878825964184596,0.9613729540018178,0.4829837514826978,0.4337831084457771,1.0,2000,0.9947817580173883,1.0,0.9950024987506247,1.0,1.0,1.0
word_cantillation_icf_spacing8_psalm,Danklied des Einzelnen,78,2087,0.03602771362586605,0.046548659735202134,0.01959219603294931,0.0858141150790376,0.5722912289754647,0.44753794860846347,0.7011455174556921,0.014969877093547164,0.07896051974012994,0.9015492253873063,2000,0.01603915402880053,0.08611210542120364,0.08460055686442493,0.4542092468418486,0.967551938316556,1.0
word_cantillation_icf_spacing8_psalm,Fluch,0,173,0.0,nan,nan,nan,nan,nan,nan,nan,nan,0.0004997501249375312,2000,nan,nan,nan,nan,0.0004997501249375312,0.0026830925973780084
word_cantillation_icf_spacing8_psalm,Hymnus,465,4421,0.09516987310683586,0.11496117028500118,0.07171482620640508,0.17985093236787125,0.5446750966185337,0.46306081488886913,0.6199201403849814,0.0007515330435608287,0.09345327336331834,0.9815092453773113,2000,0.001073618633658327,0.005764117034959873,0.13511316630841205,0.7254047937971387,1.0,1.0
word_cantillation_icf_spacing8_psalm,Klagelied des Einzelnen,1176,6123,0.1611179613645705,0.1490234863312574,0.10867603959950721,0.20040321393606056,0.47378173464388207,0.42950134463893846,0.5246240840595141,0.9978309103760374,0.8375812093953023,1.0,2000,0.9999994887319635,1.0,0.9281597733243471,1.0,1.0,1.0
word_cantillation_icf_spacing8_psalm,Klagelied des Volkes,36,1484,0.02368421052631579,0.027107713496166606,0.01102196110310164,0.07743059373906085,0.5177635519616651,0.4156475396019423,0.7372264934348975,0.3577430549267689,0.37381309345327335,1.0,2000,0.946508144184988,1.0,0.9099450274862569,1.0,1.0,1.0
word_cantillation_icf_spacing8_psalm,Königspsalm,45,1636,0.02676977989292088,0.027112474353357518,0.012588968835520851,0.06123940195892701,0.4976365118174409,0.38962792430307647,0.6622355546365118,0.5216606621427383,0.4912543728135932,1.0,2000,0.7338030811866151,1.0,0.6818812815814315,1.0,1.0,1.0
word_cantillation_icf_spacing8_psalm,Liturgie,153,2800,0.05181171689806976,0.04977399505919886,0.026482469287303245,0.08365948381655042,0.4220564892623716,0.34207737697625157,0.5131602091829098,0.9994262053241604,0.9815092453773113,1.0,2000,0.9994262053241604,1.0,0.9815092453773113,1.0,1.0,1.0
word_cantillation_icf_spacing8_psalm,Mischgedicht,45,1633,0.026817640047675805,0.04575432810320913,0.016035103606294714,0.08937251185333259,0.6620602844117848,0.41798927229052196,0.8025035199014529,0.00010206942795296651,0.0074962518740629685,0.5307346326836582,2000,0.004370145579296122,0.023462736011800583,0.1222465690231807,0.6563257276663129,1.0,1.0
word_cantillation_icf_spacing8_psalm,Thronbesteigungslied,15,1006,0.014691478942213516,0.026177761652494032,0.007284758796766098,0.11879731446078699,0.5458250497017892,0.2948291227457447,0.8915799507934932,0.27108472827685637,0.28235882058970513,0.9795102448775612,2000,0.38270785168497373,1.0,0.4023569610543566,1.0,1.0,1.0
word_cantillation_icf_spacing8_psalm,Wallfahrtslied,0,172,0.0,nan,nan,nan,nan,nan,nan,nan,nan,0.0004997501249375312,2000,nan,nan,nan,nan,0.0004997501249375312,0.0026830925973780084
word_cantillation_icf_spacing8_psalm,Weisheitsgedicht,45,1639,0.02672209026128266,0.029374172250446428,0.011653989390760051,0.06560253691465423,0.5088943122500169,0.3495442938873734,0.6650671920963037,0.4192982376138273,0.4112943528235882,1.0,2000,0.5469107447136877,1.0,0.536470894987289,1.0,1.0,1.0
word_cantillation_icf_spacing8_psalm,Zionslied,15,1007,0.014677103718199608,0.011291122938024659,0.005564220144753012,0.03152070399785352,0.33283680900364115,0.18918230367284353,0.6458652916325162,0.986978279325036,0.9775112443778111,1.0,2000,0.986978279325036,1.0,0.9775112443778111,1.0,1.0,1.0
word_cantillation_icf_spacing8_psalm,prophetische Gerichtsrede,1,342,0.0029154518950437317,0.004081632653061225,nan,nan,0.2894736842105263,nan,nan,0.7679808566115354,0.7518759379689844,1.0,2000,0.8302495747151735,1.0,0.8055813621096262,1.0,1.0,1.0
word_cantillation_icf_spacing8_psalm,"prophetische Schelt-, Droh- und Mahnrede",3,511,0.005836575875486381,0.2015873015873016,0.019785625175464196,0.5,0.9393346379647749,0.7986430794655195,0.9980582524271845,0.0043476490493541044,0.001999000499750125,0.04997501249375312,2000,0.09185714744398836,0.49316892587877414,0.05997001499250375,0.321971111685361,0.6172523494350386,1.0
word_cantillation_icf_spacing8_psalm,prophetische Tora,0,172,0.0,nan,nan,nan,nan,nan,nan,nan,nan,0.0004997501249375312,2000,nan,nan,nan,nan,0.0004997501249375312,0.0026830925973780084
word_cantillation_log_count,Danklied Israels,6,676,0.008797653958944282,0.00945773086183476,0.003948681393026861,0.03333179374259033,0.2980769230769231,0.025667175940293267,0.9218589828409327,0.9559599591678478,0.95952023988006,1.0,2000,0.9947817580173883,1.0,0.9950024987506247,1.0,1.0,1.0
word_cantillation_log_count,Danklied des Einzelnen,78,2087,0.03602771362586605,0.05827611133523641,0.030676010180786327,0.11358829002197254,0.6721708255009644,0.5496981126137368,0.7546801736614036,1.168143558033832e-07,0.004497751124437781,0.5172413793103449,2000,2.0315540139718817e-07,1.0907145919659133e-06,0.006502772710030526,0.03491253018274999,0.8659955736417505,1.0
word_cantillation_log_count,Fluch,0,173,0.0,nan,nan,nan,nan,nan,nan,nan,nan,0.0004997501249375312,2000,nan,nan,nan,nan,0.0004997501249375312,0.0026830925973780084
word_cantillation_log_count,Hymnus,465,4421,0.09516987310683586,0.1168522708286821,0.07711299331063187,0.17024439871006025,0.5570225682410198,0.4919959240711227,0.6325646654678325,2.546006894844202e-05,0.07096451774112944,0.9730134932533733,2000,3.9678029530039515e-05,0.0002130261144485007,0.10779420416374093,0.578732884295206,1.0,1.0
word_cantillation_log_count,Klagelied des Einzelnen,1176,6123,0.1611179613645705,0.17851700002634066,0.12433147519387559,0.2654261060667118,0.5097425953886372,0.4527276399404469,0.5821663943723986,0.14458301634287868,0.34132933533233384,0.9995002498750625,2000,0.19494339282185888,1.0,0.4602193285379782,1.0,1.0,1.0
word_cantillation_log_count,Klagelied des Volkes,36,1484,0.02368421052631579,0.023429177286253426,0.010116963310908443,0.046829842896996675,0.4895365378855945,0.3230058348149288,0.659720602635346,0.5851201111010548,0.5432283858070964,1.0,2000,0.946508144184988,1.0,0.9099450274862569,1.0,1.0,1.0
word_cantillation_log_count,Königspsalm,45,1636,0.02676977989292088,0.027740678250566093,0.013740545385695474,0.05994200095204063,0.506356968215159,0.36652709940447337,0.658093319781975,0.4421450428316385,0.4272863568215892,0.9995002498750625,2000,0.7268137690383099,1.0,0.6818812815814315,1.0,1.0,1.0
word_cantillation_log_count,Liturgie,153,2800,0.05181171689806976,0.042905188122875415,0.02563115827471308,0.06971149862121837,0.4438970588235294,0.37319728197236934,0.5205824912339659,0.9903704955342161,0.9090454772613693,1.0,2000,0.9994262053241604,1.0,0.9529688937044083,1.0,1.0,1.0
word_cantillation_log_count,Mischgedicht,45,1633,0.026817640047675805,0.03571915800253807,0.016226177104795073,0.07802331163938278,0.593774239640743,0.4604979047171631,0.7322178770273987,0.01582106212317054,0.08495752123938032,0.8545727136431784,2000,0.029827141986796025,0.16013799671529613,0.15433459740717878,0.8286021256608558,1.0,1.0
word_cantillation_log_count,Thronbesteigungslied,15,1006,0.014691478942213516,0.03164383565973916,0.008407339656230316,0.2489253756075545,0.47306163021868786,0.17917654484568218,0.7136960258546974,0.6402088504030746,0.5957021489255372,1.0,2000,0.717991234096906,1.0,0.6680771763650883,1.0,1.0,1.0
word_cantillation_log_count,Wallfahrtslied,0,172,0.0,nan,nan,nan,nan,nan,nan,nan,nan,0.0004997501249375312,2000,nan,nan,nan,nan,0.0004997501249375312,0.0026830925973780084
word_cantillation_log_count,Weisheitsgedicht,45,1639,0.02672209026128266,0.03947674340565479,0.01434768595728005,0.09005414349325948,0.5440241339570199,0.3881898121578573,0.7919943883833733,0.15653231149647073,0.23238380809595202,0.9930034982508745,2000,0.29815678380280136,1.0,0.42251601471991274,1.0,1.0,1.0
word_cantillation_log_count,Zionslied,15,1007,0.014677103718199608,0.016304861258342296,0.006523629363085369,0.05994879228083673,0.5408474015226746,0.35805373492613635,0.916033266823694,0.2934676728678686,0.3053473263368316,0.9945027486256871,2000,0.4001831902743663,1.0,0.41170426022943585,1.0,1.0,1.0
word_cantillation_log_count,prophetische Gerichtsrede,1,342,0.0029154518950437317,0.008264462809917356,nan,nan,0.652046783625731,nan,nan,0.30148855918026457,0.29964982491245623,0.5887056471764118,2000,0.43069794168609227,1.0,0.4332286625240331,1.0,0.8410080673948741,1.0
word_cantillation_log_count,"prophetische Schelt-, Droh- und Mahnrede",3,511,0.005836575875486381,0.17290314740551707,0.00508935319071314,0.5,0.6536203522504892,0.21414943974579748,0.9980694980694981,0.17978423934195747,0.1839080459770115,0.5827086456771614,2000,0.30137280084800444,1.0,0.3006604805705256,1.0,0.9488926422864518,1.0
word_cantillation_log_count,prophetische Tora,0,172,0.0,nan,nan,nan,nan,nan,nan,nan,nan,0.0004997501249375312,2000,nan,nan,nan,nan,0.0004997501249375312,0.0026830925973780084
word_cantillation_log_count_psalm,Danklied Israels,6,676,0.008797653958944282,0.031138044692904182,0.003976143141153081,0.20436858347974535,0.36538461538461536,0.019375590372490044,0.9904025400819733,0.8723191417399214,0.8615692153923038,1.0,2000,0.9947817580173883,1.0,0.9950024987506247,1.0,1.0,1.0
word_cantillation_log_count_psalm,Danklied des Einzelnen,78,2087,0.03602771362586605,0.07427124648217603,0.03569400608766117,0.14708053683186623,0.7091764648065558,0.5836444627534263,0.8070200682285151,1.6745761915175108e-10,0.0009995002498750624,0.3808095952023988,2000,3.7212804255944684e-10,1.9979064465323086e-09,0.0019038099997620236,0.010221305132868605,0.8349671318187061,1.0
word_cantillation_log_count_psalm,Fluch,0,173,0.0,nan,nan,nan,nan,nan,nan,nan,nan,0.0004997501249375312,2000,nan,nan,nan,nan,0.0004997501249375312,0.0026830925973780084
word_cantillation_log_count_psalm,Hymnus,465,4421,0.09516987310683586,0.14833345845418477,0.09365755151040979,0.22579290458432924,0.5888678910284006,0.5101572372838892,0.6733538537407041,1.3601700040680185e-10,0.0079960019990005,0.8685657171414293,2000,3.7958232671665637e-10,2.037927516348872e-09,0.018452312305385767,0.09906803436472647,1.0,1.0
word_cantillation_log_count_psalm,Klagelied des Einzelnen,1176,6123,0.1611179613645705,0.18472892958945392,0.1301466744783309,0.2638808839326847,0.5375685632737498,0.47652022942609334,0.59832405558433,2.1819135081238166e-05,0.09295352323838081,0.9945027486256871,2000,3.272870262185725e-05,0.00017571609359270932,0.13943028485757122,0.7485828346684645,1.0,1.0
word_cantillation_log_count_psalm,Klagelied des Volkes,36,1484,0.02368421052631579,0.025116396660019767,0.010603124985674487,0.050814462677294524,0.5029949086552861,0.3342852868912017,0.6917470408978167,0.4755625003783876,0.46676661669165415,1.0,2000,0.946508144184988,1.0,0.9099450274862569,1.0,1.0,1.0
word_cantillation_log_count_psalm,Königspsalm,45,1636,0.02676977989292088,0.027038729685322126,0.013206979838941318,0.05886939287038771,0.5007470795979353,0.34236453157277114,0.6284108249724635,0.4932319195184216,0.48225887056471767,1.0,2000,0.7338030811866151,1.0,0.6818812815814315,1.0,1.0,1.0
word_cantillation_log_count_psalm,Liturgie,153,2800,0.05181171689806976,0.04733263699937705,0.025297342037902865,0.08195165837742698,0.4649626517273576,0.37877082474481105,0.5465439013060402,0.9280871642780915,0.7946026986506747,1.0,2000,0.9994262053241604,1.0,0.9529688937044083,1.0,1.0,1.0
word_cantillation_log_count_psalm,Mischgedicht,45,1633,0.026817640047675805,0.03072900502630156,0.014543172129980906,0.06102714731195312,0.5584609103898754,0.40778054308893813,0.6767765169007791,0.09018541813232428,0.1839080459770115,0.9725137431284357,2000,0.11043112424366239,0.5928901608885817,0.21018062397372742,1.0,1.0,1.0
word_cantillation_log_count_psalm,Thronbesteigungslied,15,1006,0.014691478942213516,0.0623416883781478,0.011814333382261696,0.4645485157438705,0.5851225977468523,0.20086056016974405,0.8892134634189139,0.1286861081241239,0.1729135432283858,0.888055972013993,2000,0.2483071915485956,1.0,0.3346713739904242,1.0,1.0,1.0
word_cantillation_log_count_psalm,Wallfahrtslied,0,172,0.0,nan,nan,nan,nan,nan,nan,nan,nan,0.0004997501249375312,2000,nan,nan,nan,nan,0.0004997501249375312,0.0026830925973780084
word_cantillation_log_count_psalm,Weisheitsgedicht,45,1639,0.02672209026128266,0.051848001622695566,0.013223713105344221,0.1376366860337467,0.5566470069825774,0.3570110891479271,0.8439864613018898,0.09712479142925473,0.17391304347826086,0.9750124937531235,2000,0.25899944381134593,1.0,0.42251601471991274,1.0,1.0,1.0
word_cantillation_log_count_psalm,Zionslied,15,1007,0.014677103718199608,0.024017824678506064,0.004193859300947552,0.18637152075529498,0.5727573651108905,0.25873467729716015,0.9142240853669591,0.1665125571547988,0.20239880059970014,0.9390304847576212,2000,0.2407410464888657,1.0,0.2926247719513737,1.0,1.0,1.0
word_cantillation_log_count_psalm,prophetische Gerichtsrede,1,342,0.0029154518950437317,0.010309278350515464,nan,nan,0.7222222222222222,nan,nan,0.22287725574981876,0.22661330665332666,0.33883058470764615,2000,0.37615495170052926,1.0,0.38102384525596134,1.0,0.5726714107734865,1.0
word_cantillation_log_count_psalm,"prophetische Schelt-, Droh- und Mahnrede",3,511,0.005836575875486381,0.1741310114013526,0.005854145769877857,0.5,0.7142857142857143,0.3095142733808857,0.9980694980694981,0.10049010383129797,0.09895052473763119,0.36481759120439783,2000,0.21829343934086756,1.0,0.232824764088544,1.0,0.8107057582319952,1.0
word_cantillation_log_count_psalm,prophetische Tora,0,172,0.0,nan,nan,nan,nan,nan,nan,nan,nan,0.0004997501249375312,2000,nan,nan,nan,nan,0.0004997501249375312,0.0026830925973780084
word_cantillation_tf_icf,Danklied Israels,6,676,0.008797653958944282,0.030288157837028783,0.003708359336971428,0.10402098950277616,0.33999013806706113,0.01221232832276156,0.9970636579249136,0.9117795273252277,0.904047976011994,1.0,2000,0.9947817580173883,1.0,0.9950024987506247,1.0,1.0,1.0
word_cantillation_tf_icf,Danklied des Einzelnen,78,2087,0.03602771362586605,0.06638635497912555,0.03285085528738989,0.12722453457310762,0.695495927168184,0.5886547777916737,0.7848707565175734,2.167855791747225e-09,0.001999000499750125,0.42628685657171417,2000,4.4852188794770175e-09,2.4080549403862888e-08,0.0035276479407355143,0.018939477157962414,0.8349671318187061,1.0
word_cantillation_tf_icf,Fluch,0,173,0.0,nan,nan,nan,nan,nan,nan,nan,nan,0.0004997501249375312,2000,nan,nan,nan,nan,0.0004997501249375312,0.0026830925973780084
word_cantillation_tf_icf,Hymnus,465,4421,0.09516987310683586,0.1342988195319387,0.08783883071332235,0.20321105122217328,0.5793602381595172,0.5044803325520829,0.6564082415820973,8.580588147381968e-09,0.015992003998001,0.9135432283858071,2000,1.7161176294763936e-08,9.213609518263894e-08,0.02952369968861723,0.15850885498356238,1.0,1.0
word_cantillation_tf_icf,Klagelied des Einzelnen,1176,6123,0.1611179613645705,0.17937378598143608,0.12490956770885972,0.2574109282773308,0.5297298243158116,0.4726679606535871,0.5903010719481762,0.0006092928811914223,0.13843078460769614,1.0,2000,0.0008916481188167156,0.0047871413085933765,0.19775826372528021,1.0,1.0,1.0
word_cantillation_tf_icf,Klagelied des Volkes,36,1484,0.02368421052631579,0.02568749590907047,0.010588073304903876,0.054212803493519736,0.5055592991913747,0.29597366829020083,0.7174110156248017,0.4546420139998265,0.45827086456771615,1.0,2000,0.946508144184988,1.0,0.9099450274862569,1.0,1.0,1.0
word_cantillation_tf_icf,Königspsalm,45,1636,0.02676977989292088,0.027636211986713663,0.01256089753631348,0.06019411386311457,0.5044145612605271,0.3585015755076752,0.6479859758537924,0.4597684811976169,0.4447776111944028,1.0,2000,0.7321962475796021,1.0,0.6818812815814315,1.0,1.0,1.0
word_cantillation_tf_icf,Liturgie,153,2800,0.05181171689806976,0.04553002629326636,0.026602578761907126,0.07401322988621542,0.4658706816059757,0.38861139608452167,0.5463707983669596,0.9227495243074716,0.7966016991504248,1.0,2000,0.9994262053241604,1.0,0.9529688937044083,1.0,1.0,1.0
word_cantillation_tf_icf,Mischgedicht,45,1633,0.026817640047675805,0.03577692932449496,0.015129652233242873,0.07605347877146597,0.5810369463155746,0.43300663744715073,0.7021991671794614,0.03165576453194299,0.11094452773613193,0.9070464767616192,2000,0.050649223251108794,0.2719290084919602,0.1664167916041979,0.8934698349268769,1.0,1.0
word_cantillation_tf_icf,Thronbesteigungslied,15,1006,0.014691478942213516,0.05306466348754328,0.010650625988642378,0.5,0.5509940357852883,0.24743721278011688,0.8133132254186408,0.2487782527414899,0.27886056971514245,0.9820089955022488,2000,0.36856037443183687,1.0,0.4023569610543566,1.0,1.0,1.0
word_cantillation_tf_icf,Wallfahrtslied,0,172,0.0,nan,nan,nan,nan,nan,nan,nan,nan,0.0004997501249375312,2000,nan,nan,nan,nan,0.0004997501249375312,0.0026830925973780084
word_cantillation_tf_icf,Weisheitsgedicht,45,1639,0.02672209026128266,0.045648979675583456,0.014001288406821485,0.10537714510325448,0.5647006982577453,0.3613483617033296,0.7638804959596546,0.06907859393854483,0.14792603698150925,0.960519740129935,2000,0.22876453724756324,1.0,0.42251601471991274,1.0,1.0,1.0
word_cantillation_tf_icf,Zionslied,15,1007,0.014677103718199608,0.03698195122598516,0.0063678443783634665,0.22563960146603804,0.6537239324726911,0.3413899941668588,0.9456957442688949,0.020388464720685034,0.04847576211894053,0.5722138930534733,2000,0.053767492414784526,0.2886705849162509,0.1199400299850075,0.6439422233707222,1.0,1.0
word_cantillation_tf_icf,prophetische Gerichtsrede,1,342,0.0029154518950437317,0.00684931506849315,nan,nan,0.5789473684210527,nan,nan,0.3944895101044724,0.4092046023011506,0.9155422288855573,2000,0.5036036299206031,1.0,0.516890023959348,1.0,1.0,1.0
word_cantillation_tf_icf,"prophetische Schelt-, Droh- und Mahnrede",3,511,0.005836575875486381,0.17361409028075694,0.006472491909385114,0.5,0.6934116112198304,0.38855509279641964,0.9980694980694981,0.12424876185390388,0.13193403298350825,0.43228385807096453,2000,0.23666430829315022,1.0,0.2513029199685871,1.0,0.8366784349760604,1.0
word_cantillation_tf_icf,prophetische Tora,0,172,0.0,nan,nan,nan,nan,nan,nan,nan,nan,0.0004997501249375312,2000,nan,nan,nan,nan,0.0004997501249375312,0.0026830925973780084
word_cantillation_tf_icf_psalm,Danklied Israels,6,676,0.008797653958944282,0.07059605675663995,0.0037805390001268905,0.21840245048275528,0.4235700197238659,0.01710321548129556,0.9980276134122288,0.7409377454202724,0.729135432283858,1.0,2000,0.9947817580173883,1.0,0.9950024987506247,1.0,1.0,1.0
word_cantillation_tf_icf_psalm,Danklied des Einzelnen,78,2087,0.03602771362586605,0.07245777000594217,0.03259121063753717,0.14480601317918784,0.7067069649724178,0.574811219376333,0.8082073209329735,2.691243294485316e-10,0.0004997501249375312,0.39580209895052476,2000,5.766949916754249e-10,3.096199452281719e-09,0.0011758826469118382,0.006313159052654138,0.8349671318187061,1.0
word_cantillation_tf_icf_psalm,Fluch,0,173,0.0,nan,nan,nan,nan,nan,nan,nan,nan,0.0004997501249375312,2000,nan,nan,nan,nan,0.0004997501249375312,0.0026830925973780084
word_cantillation_tf_icf_psalm,Hymnus,465,4421,0.09516987310683586,0.16697836721484882,0.09908470219507964,0.2503653856480377,0.6113300887990603,0.5305612622719572,0.6911212704713243,1.2885799777327034e-15,0.0004997501249375312,0.7526236881559221,2000,1.1044971237708887e-14,5.929899581286562e-14,0.005997001499250375,0.03219711116853611,1.0,1.0
word_cantillation_tf_icf_psalm,Klagelied des Einzelnen,1176,6123,0.1611179613645705,0.20809969831393169,0.14517431590233346,0.28611412199203046,0.5711444303346033,0.5147911124336447,0.6335316145143955,4.960741265065724e-15,0.001999000499750125,0.9315342328835582,2000,1.3529294359270155e-14,7.263699943575471e-14,0.00726909272636409,0.039026801416407395,1.0,1.0
word_cantillation_tf_icf_psalm,Klagelied des Volkes,36,1484,0.02368421052631579,0.02669653442863998,0.009944139218128891,0.07031760479160706,0.5067572626534891,0.33544817216861095,0.7291882044858744,0.4449083457270174,0.45027486256871563,1.0,2000,0.946508144184988,1.0,0.9099450274862569,1.0,1.0,1.0
word_cantillation_tf_icf_psalm,Königspsalm,45,1636,0.02676977989292088,0.025865672821133195,0.0126637763203692,0.05904515571281793,0.4845829937516979,0.32007350810233315,0.6296486162769593,0.638136322298319,0.5862068965517241,1.0,2000,0.7338030811866151,1.0,0.6818812815814315,1.0,1.0,1.0
word_cantillation_tf_icf_psalm,Liturgie,153,2800,0.05181171689806976,0.056517582927205545,0.030043735614886928,0.11299305641517343,0.5026750700280112,0.4251328325079951,0.5814209546527517,0.4555915160954477,0.47426286856571714,1.0,2000,0.9994262053241604,1.0,0.9529688937044083,1.0,1.0,1.0
word_cantillation_tf_icf_psalm,Mischgedicht,45,1633,0.026817640047675805,0.032627555819236057,0.014685683936229736,0.0695549308095311,0.5622303871538409,0.41101359319995084,0.6930198168300031,0.076934087444157,0.15642178910544727,0.9535232383808095,2000,0.09616760930519624,0.5163112278692594,0.19351149167684198,1.0,1.0,1.0
word_cantillation_tf_icf_psalm,Thronbesteigungslied,15,1006,0.014691478942213516,0.0810653663329797,0.011722292705080713,0.2833804551332094,0.6462226640159046,0.3011016664498846,0.9393607256243768,0.025831842748093824,0.047476261869065464,0.5872063968015993,2000,0.08610614249364608,0.4622925377804691,0.17264095225114715,0.9268865336396757,1.0,1.0
word_cantillation_tf_icf_psalm,Wallfahrtslied,0,172,0.0,nan,nan,nan,nan,nan,nan,nan,nan,0.0004997501249375312,2000,nan,nan,nan,nan,0.0004997501249375312,0.0026830925973780084
word_cantillation_tf_icf_psalm,Weisheitsgedicht,45,1639,0.02672209026128266,0.050633306966064974,0.013872159726339327,0.13799603568034927,0.5755609789166836,0.36775896280696474,0.8337899985041708,0.04167329332307695,0.09895052473763119,0.9110444777611194,2000,0.22876453724756324,1.0,0.42251601471991274,1.0,1.0,1.0
word_cantillation_tf_icf_psalm,Zionslied,15,1007,0.014677103718199608,0.13984007790997505,0.013467551819789836,0.8484554484582323,0.6876861966236345,0.18948619376566353,0.9710454121461628,0.006247178890560688,0.018490754622688656,0.44877561219390305,2000,0.023403667834003855,0.12565121004173602,0.07396301849075462,0.39709770441194525,1.0,1.0
word_cantillation_tf_icf_psalm,prophetische Gerichtsrede,1,342,0.0029154518950437317,0.025,nan,nan,0.8888888888888888,nan,nan,0.09041835722010433,0.08604302151075538,0.09645177411294353,2000,0.36697981871958385,1.0,0.3637112673984051,1.0,0.5261005860706011,1.0
word_cantillation_tf_icf_psalm,"prophetische Schelt-, Droh- und Mahnrede",3,511,0.005836575875486381,0.1799264546831062,0.010966899523251375,0.5,0.8408349641226354,0.6388324114780906,0.9980694980694981,0.020920105562728563,0.027486256871564217,0.14992503748125938,2000,0.1003999573557828,0.5390341470990955,0.12216114165139652,0.6558670793590687,0.6172523494350386,1.0
word_cantillation_tf_icf_psalm,prophetische Tora,0,172,0.0,nan,nan,nan,nan,nan,nan,nan,nan,0.0004997501249375312,2000,nan,nan,nan,nan,0.0004997501249375312,0.0026830925973780084
word_consonantal_binary,Danklied Israels,6,676,0.008797653958944282,0.007084238141337015,0.003959819414917217,0.015035607988402545,0.3000493096646943,0.036213903854035806,0.8044825370407576,0.9543867498632903,0.967016491754123,1.0,2000,0.9947817580173883,1.0,0.9950024987506247,1.0,1.0,1.0
word_consonantal_binary,Danklied des Einzelnen,78,2087,0.03602771362586605,0.07942995486734866,0.03678719575394436,0.14861066718398813,0.7464339685230916,0.61288133791999,0.8268021291445461,6.780104590045413e-14,0.0004997501249375312,0.28785607196401797,2000,2.905759110019463e-13,1.560063793647172e-12,0.0011758826469118382,0.006313159052654138,0.8349671318187061,1.0
word_consonantal_binary,Fluch,0,173,0.0,nan,nan,nan,nan,nan,nan,nan,nan,0.0004997501249375312,2000,nan,nan,nan,nan,0.0004997501249375312,0.0026830925973780084
word_consonantal_binary,Hymnus,465,4421,0.09516987310683586,0.11376898892116914,0.07562485209129972,0.16865636877401413,0.5396370694121166,0.46892156094233056,0.6182045322400683,0.00243018352779515,0.1519240379810095,0.9955022488755623,2000,0.0032046376190705272,0.017205277285487444,0.19394558040128873,1.0,1.0,1.0
word_consonantal_binary,Klagelied des Einzelnen,1176,6123,0.1611179613645705,0.1860401712875719,0.13001099154960155,0.26096517500837113,0.5544505161202159,0.4918863868540533,0.6234320961515412,1.5708368342455008e-09,0.04147926036981509,0.9810094952523738,2000,2.7318901465139145e-09,1.4667158372151776e-08,0.0691321006163585,0.3711611426372912,1.0,1.0
word_consonantal_binary,Klagelied des Volkes,36,1484,0.02368421052631579,0.029168466787233154,0.011573894287024404,0.07132460658974679,0.5149558250973345,0.32870155496823367,0.7297324628662211,0.3794769784662474,0.38130934532733635,1.0,2000,0.946508144184988,1.0,0.9099450274862569,1.0,1.0,1.0
word_consonantal_binary,Königspsalm,45,1636,0.02676977989292088,0.03140421705166889,0.014863616575793194,0.07066692930723625,0.5290953545232274,0.41131809601322217,0.7404276481619332,0.2524978735680126,0.2993503248375812,1.0,2000,0.6852872862006282,1.0,0.6818812815814315,1.0,1.0,1.0
word_consonantal_binary,Liturgie,153,2800,0.05181171689806976,0.04474300216172819,0.026714456888748055,0.07351699863323252,0.46528944911297854,0.40197037511828426,0.5491005037356428,0.9261997157312092,0.7801099450274862,1.0,2000,0.9994262053241604,1.0,0.9529688937044083,1.0,1.0,1.0
word_consonantal_binary,Mischgedicht,45,1633,0.026817640047675805,0.0376485719427445,0.0169860575477987,0.07803500719324712,0.6242430427978499,0.4638807730945406,0.7326671738806866,0.002205509004295699,0.04047976011994003,0.7086456771614192,2000,0.010586443220619354,0.05683721928305059,0.1222465690231807,0.6563257276663129,1.0,1.0
word_consonantal_binary,Thronbesteigungslied,15,1006,0.014691478942213516,0.04034988921896666,0.00793998281337129,0.1905790552328784,0.5627236580516899,0.34185684989449755,0.9313697042999097,0.20200748861926532,0.2383808095952024,0.9600199900049975,2000,0.33667914769877555,1.0,0.3918588650880039,1.0,1.0,1.0
word_consonantal_binary,Wallfahrtslied,0,172,0.0,nan,nan,nan,nan,nan,nan,nan,nan,0.0004997501249375312,2000,nan,nan,nan,nan,0.0004997501249375312,0.0026830925973780084
word_consonantal_binary,Weisheitsgedicht,45,1639,0.02672209026128266,0.0429872669607151,0.014242793370360036,0.11225781539678001,0.5406209748491627,0.38643006276166325,0.8069694556123399,0.17597411080066616,0.239880059970015,0.9950024987506247,2000,0.3060419318272455,1.0,0.4266438209466695,1.0,1.0,1.0
word_consonantal_binary,Zionslied,15,1007,0.014677103718199608,0.014438565971766258,0.006673196148375364,0.0403206480691019,0.4910625620655412,0.3459819108731326,0.734991754647871,0.5475237710305677,0.5112443778110944,1.0,2000,0.6441456129771385,1.0,0.5956245178381683,1.0,1.0,1.0
word_consonantal_binary,prophetische Gerichtsrede,1,342,0.0029154518950437317,0.017543859649122806,nan,nan,0.8391812865497076,nan,nan,0.12170783167602545,0.09854927463731866,0.12493753123438281,2000,0.36697981871958385,1.0,0.3637112673984051,1.0,0.5378849037019952,1.0
word_consonantal_binary,"prophetische Schelt-, Droh- und Mahnrede",3,511,0.005836575875486381,0.1716687483163128,0.004842615012106538,0.5,0.5720808871493803,0.18306646539085888,0.9980694980694981,0.3340148303091558,0.31384307846076964,0.9340329835082459,2000,0.42191346986419676,1.0,0.39855072463768115,1.0,1.0,1.0
word_consonantal_binary,prophetische Tora,0,172,0.0,nan,nan,nan,nan,nan,nan,nan,nan,0.0004997501249375312,2000,nan,nan,nan,nan,0.0004997501249375312,0.0026830925973780084
word_consonantal_binary_psalm,Danklied Israels,6,676,0.008797653958944282,0.09900504616786385,0.0070851705449359375,0.5,0.576060157790927,0.12686314643639202,0.9970059880239521,0.2607494276159822,0.26936531734132935,0.8975512243878061,2000,0.9947817580173883,1.0,0.9950024987506247,1.0,1.0,1.0
word_consonantal_binary_psalm,Danklied des Einzelnen,78,2087,0.03602771362586605,0.04333625279269845,0.021122629110431092,0.08196990632609452,0.5742201417812343,0.46097663537476313,0.6809082097103931,0.012913143912738711,0.05897051474262868,0.9030484757621189,2000,0.013960155581339149,0.07495023658717125,0.0667590732935419,0.35842067149879814,0.967551938316556,1.0
word_consonantal_binary_psalm,Fluch,0,173,0.0,nan,nan,nan,nan,nan,nan,nan,nan,0.0004997501249375312,2000,nan,nan,nan,nan,0.0004997501249375312,0.0026830925973780084
word_consonantal_binary_psalm,Hymnus,465,4421,0.09516987310683586,0.1612929349595006,0.10335994952691915,0.25038889217611987,0.5828625840015761,0.5043670253966864,0.6681245366072797,1.963222168226817e-09,0.0029985007496251873,0.8680659670164917,2000,4.061838968745139e-09,2.180747842763199e-08,0.010903639089546136,0.05854020212461109,1.0,1.0
word_consonantal_binary_psalm,Klagelied des Einzelnen,1176,6123,0.1611179613645705,0.35318241067234357,0.25763449870044497,0.4683604851397095,0.7324127634068489,0.6675867853779569,0.7946437926836231,2.294832233928426e-141,0.0004997501249375312,0.33933033483258374,2000,9.179328935713703e-140,4.92826080221387e-139,0.0023988005997001498,0.012878844467414441,1.0,1.0
word_consonantal_binary_psalm,Klagelied des Volkes,36,1484,0.02368421052631579,0.04655942410919388,0.011901893520447357,0.18037652645582236,0.6152384696016772,0.4105352862565088,0.8537075941231141,0.008998409029329047,0.031484257871064465,0.7146426786606697,2000,0.946508144184988,1.0,0.9099450274862569,1.0,1.0,1.0
word_consonantal_binary_psalm,Königspsalm,45,1636,0.02676977989292088,0.03179147568636786,0.013022883057343212,0.10170599151891911,0.5090939961966857,0.34250259784585757,0.6909578470959157,0.4175129596586254,0.4112943528235882,1.0,2000,0.7248114605250547,1.0,0.6818812815814315,1.0,1.0,1.0
word_consonantal_binary_psalm,Liturgie,153,2800,0.05181171689806976,0.07756515402498362,0.037923816040374994,0.12847503572117425,0.6079878618113912,0.5166729403680291,0.6942775522482588,3.320977839613869e-06,0.0034982508745627187,0.7466266866566716,2000,0.0003985173407536643,0.002139587112732755,0.4197901049475262,1.0,1.0,1.0
word_consonantal_binary_psalm,Mischgedicht,45,1633,0.026817640047675805,0.031026895466981175,0.013537227393785246,0.06336794679955181,0.574355310607607,0.43090527453859473,0.7019495734306943,0.04420248296664244,0.0944527736131934,0.9025487256371814,2000,0.06462664973625824,0.3469719702868926,0.15883949916933426,0.8527883498693347,1.0,1.0
word_consonantal_binary_psalm,Thronbesteigungslied,15,1006,0.014691478942213516,0.17942707919693288,0.015415334078274428,0.3233777265190981,0.8028164347249834,0.5153779326616145,0.9793537844252088,2.784769638524151e-05,0.0009995002498750624,0.21739130434782608,2000,0.00037109445479559494,0.0019923572499647682,0.009995002498750623,0.05366185194756017,1.0,1.0
word_consonantal_binary_psalm,Wallfahrtslied,0,172,0.0,nan,nan,nan,nan,nan,nan,nan,nan,0.0004997501249375312,2000,nan,nan,nan,nan,0.0004997501249375312,0.0026830925973780084
word_consonantal_binary_psalm,Weisheitsgedicht,45,1639,0.02672209026128266,0.04119103124215906,0.01513340108025364,0.12094809459473123,0.5682055453867534,0.3666673561088731,0.7528077421174123,0.05902457508417931,0.11344327836081959,0.9230384807596201,2000,0.22876453724756324,1.0,0.42251601471991274,1.0,1.0,1.0
word_consonantal_binary_psalm,Zionslied,15,1007,0.014677103718199608,0.06743850146958351,0.010835199067183054,0.3304157554486192,0.7491890102615029,0.3435501347832719,0.9136298733287955,0.0004557047557769674,0.001999000499750125,0.3103448275862069,2000,0.0039060407638025776,0.020971018385889294,0.02306539038173221,0.1238350429559081,1.0,1.0
word_consonantal_binary_psalm,prophetische Gerichtsrede,1,342,0.0029154518950437317,0.008547008547008548,nan,nan,0.6637426900584795,nan,nan,0.2875610544402062,0.3166583291645823,0.5207396301849075,2000,0.4258753133622421,1.0,0.452369041663689,1.0,0.7722064893479186,1.0
word_consonantal_binary_psalm,"prophetische Schelt-, Droh- und Mahnrede",3,511,0.005836575875486381,0.18352842809364547,0.016557570166161106,0.5,0.8763861709067189,0.7666115927115404,0.9980694980694981,0.012301294378451224,0.01199400299850075,0.11744127936031984,2000,0.0984103550276098,0.528352234254923,0.10869565217391304,0.5835726399297169,0.6172523494350386,1.0
word_consonantal_binary_psalm,prophetische Tora,0,172,0.0,nan,nan,nan,nan,nan,nan,nan,nan,0.0004997501249375312,2000,nan,nan,nan,nan,0.0004997501249375312,0.0026830925973780084
word_consonantal_count,Danklied Israels,6,676,0.008797653958944282,0.006981695747530716,0.003934594004956675,0.014444743807068472,0.2911735700197239,0.03206412825651302,0.777333887683446,0.9611246975188324,0.9765117441279361,1.0,2000,0.9947817580173883,1.0,0.9950024987506247,1.0,1.0,1.0
word_consonantal_count,Danklied des Einzelnen,78,2087,0.03602771362586605,0.07555154960143079,0.03578768885499038,0.13678336231144908,0.7314511075891047,0.5990859552350043,0.8167496244757696,1.8184391816137052e-12,0.0004997501249375312,0.3343328335832084,2000,5.742439520885385e-12,3.083040143572637e-11,0.0011758826469118382,0.006313159052654138,0.8349671318187061,1.0
word_consonantal_count,Fluch,0,173,0.0,nan,nan,nan,nan,nan,nan,nan,nan,0.0004997501249375312,2000,nan,nan,nan,nan,0.0004997501249375312,0.0026830925973780084
word_consonantal_count,Hymnus,465,4421,0.09516987310683586,0.11353346152691113,0.07466916087689353,0.16738862395740023,0.5415857357236844,0.4694389804534316,0.6212202716032782,0.0015653957586824706,0.13543228385807096,0.9945027486256871,2000,0.0021106459667628815,0.011331780196783584,0.18057637847742794,0.9694907918525871,1.0,1.0
word_consonantal_count,Klagelied des Einzelnen,1176,6123,0.1611179613645705,0.18719209695841793,0.1322529322970975,0.26490432505040146,0.5589427507079918,0.49747362839864084,0.626576141168946,7.145497761699987e-11,0.029985007496251874,0.9715142428785607,2000,1.4533215786508446e-10,7.802692134944894e-10,0.0563354686293217,0.30245771097715735,1.0,1.0
word_consonantal_count,Klagelied des Volkes,36,1484,0.02368421052631579,0.02797914745735053,0.011058574742604988,0.06335254036380975,0.5032756813417191,0.3217380572908752,0.7336426359783319,0.4732675977138261,0.4512743628185907,1.0,2000,0.946508144184988,1.0,0.9099450274862569,1.0,1.0,1.0
word_consonantal_count,Königspsalm,45,1636,0.02676977989292088,0.03216604263428603,0.01526529078234212,0.07304174124382223,0.5352893235533822,0.4260795254396648,0.7402530232337349,0.20937177548149588,0.26686656671664166,0.9980009995002499,2000,0.6852872862006282,1.0,0.6818812815814315,1.0,1.0,1.0
word_consonantal_count,Liturgie,153,2800,0.05181171689806976,0.044326593247818076,0.026475192383121987,0.07182714541175216,0.4619607843137255,0.39961167352154003,0.5443036662475965,0.9437346070156643,0.7986006996501749,1.0,2000,0.9994262053241604,1.0,0.9529688937044083,1.0,1.0,1.0
word_consonantal_count,Mischgedicht,45,1633,0.026817640047675805,0.036538056272382005,0.01633454835904065,0.07285245143300735,0.615084711165544,0.45924821165429885,0.7304837408906841,0.004178660910041728,0.051974012993503245,0.7596201899050474,2000,0.013136290701826318,0.0705270145624906,0.1222465690231807,0.6563257276663129,1.0,1.0
word_consonantal_count,Thronbesteigungslied,15,1006,0.014691478942213516,0.04314183488940578,0.00828168751312633,0.25,0.5470841616964878,0.3273438531639277,0.9532311756108015,0.265560679483244,0.2863568215892054,0.9885057471264368,2000,0.3793723992617772,1.0,0.4023569610543566,1.0,1.0,1.0
word_consonantal_count,Wallfahrtslied,0,172,0.0,nan,nan,nan,nan,nan,nan,nan,nan,0.0004997501249375312,2000,nan,nan,nan,nan,0.0004997501249375312,0.0026830925973780084
word_consonantal_count,Weisheitsgedicht,45,1639,0.02672209026128266,0.04135936300834726,0.015247921512711834,0.10395531768875564,0.5334485797573046,0.3821299225285009,0.8275902886920417,0.22170834519653243,0.2783608195902049,0.999000499750125,2000,0.3468171001379157,1.0,0.4361455635818455,1.0,1.0,1.0
word_consonantal_count,Zionslied,15,1007,0.014677103718199608,0.013973023439747316,0.0065690065399761875,0.04103617190133631,0.4751075802714333,0.33681781749483236,0.7365338548226866,0.6299744327012792,0.5797101449275363,1.0,2000,0.6946482929413824,1.0,0.6382130035899483,1.0,1.0,1.0
word_consonantal_count,prophetische Gerichtsrede,1,342,0.0029154518950437317,0.015384615384615385,nan,nan,0.8157894736842105,nan,nan,0.1388067935194806,0.12056028014007003,0.1619190404797601,2000,0.36697981871958385,1.0,0.3637112673984051,1.0,0.5378849037019952,1.0
word_consonantal_count,"prophetische Schelt-, Droh- und Mahnrede",3,511,0.005836575875486381,0.17175146585965576,0.004796163069544364,0.5,0.578604044357469,0.17928810958905061,0.9980694980694981,0.31994934449844276,0.30884557721139433,0.9115442278860569,2000,0.41732523195449056,1.0,0.3985104222082507,1.0,1.0,1.0
word_consonantal_count,prophetische Tora,0,172,0.0,nan,nan,nan,nan,nan,nan,nan,nan,0.0004997501249375312,2000,nan,nan,nan,nan,0.0004997501249375312,0.0026830925973780084
word_consonantal_count_psalm,Danklied Israels,6,676,0.008797653958944282,0.008703513011347076,0.00396244380031843,0.025267540733767836,0.3468934911242604,0.027865706185973255,0.8772058248966992,0.9020842700664959,0.9155422288855573,1.0,2000,0.9947817580173883,1.0,0.9950024987506247,1.0,1.0,1.0
word_consonantal_count_psalm,Danklied des Einzelnen,78,2087,0.03602771362586605,0.07504049657937645,0.0339720765494017,0.13363951408028055,0.7218864030076296,0.5798717484269914,0.8162804330568036,1.3379920892213876e-11,0.0004997501249375312,0.35932033983008493,2000,3.4161500150333305e-11,1.8340859480554272e-10,0.0011758826469118382,0.006313159052654138,0.8349671318187061,1.0
word_consonantal_count_psalm,Fluch,0,173,0.0,nan,nan,nan,nan,nan,nan,nan,nan,0.0004997501249375312,2000,nan,nan,nan,nan,0.0004997501249375312,0.0026830925973780084
word_consonantal_count_psalm,Hymnus,465,4421,0.09516987310683586,0.11674651733112969,0.07341339771822922,0.18173184255612695,0.5516119303519614,0.4801705387661202,0.6308045978335909,0.00012273333756389224,0.08995502248875563,0.9795102448775612,2000,0.00018410000634583835,0.0009884086857717305,0.1331041796175083,0.7146188088626305,1.0,1.0
word_consonantal_count_psalm,Klagelied des Einzelnen,1176,6123,0.1611179613645705,0.18677071188796238,0.13174837410293075,0.26526330313443014,0.5570331309071073,0.4967162128456362,0.628219032275496,2.734873080807067e-10,0.030984507746126936,0.9700149925037481,2000,5.12788702651325e-10,2.753095003777789e-09,0.0563354686293217,0.30245771097715735,1.0,1.0
word_consonantal_count_psalm,Klagelied des Volkes,36,1484,0.02368421052631579,0.027397720670196853,0.01116204463802981,0.06467775718813423,0.4931023510032944,0.3391698219491945,0.7367130901424707,0.5563820466634467,0.5062468765617192,1.0,2000,0.946508144184988,1.0,0.9099450274862569,1.0,1.0,1.0
word_consonantal_count_psalm,Königspsalm,45,1636,0.02676977989292088,0.03149920335552864,0.015103589412240798,0.07160596244388771,0.5333469165987503,0.41845178953831547,0.7261493580742724,0.2224076817629273,0.27136431784107945,0.9985007496251874,2000,0.6852872862006282,1.0,0.6818812815814315,1.0,1.0,1.0
word_consonantal_count_psalm,Liturgie,153,2800,0.05181171689806976,0.04312901306214929,0.025970595868222795,0.06930395114318953,0.4505532212885154,0.3900088801496347,0.5229530413746367,0.9804344700116603,0.8745627186406797,1.0,2000,0.9994262053241604,1.0,0.9529688937044083,1.0,1.0,1.0
word_consonantal_count_psalm,Mischgedicht,45,1633,0.026817640047675805,0.03353392057414284,0.015381207442222924,0.06464123078955694,0.5881268286044771,0.4365491190967527,0.7145812365098348,0.021718731955121025,0.09795102448775612,0.8680659670164917,2000,0.037771707748036565,0.20279132388761403,0.15883949916933426,0.8527883498693347,1.0,1.0
word_consonantal_count_psalm,Thronbesteigungslied,15,1006,0.014691478942213516,0.06914691405999299,0.008640910915054494,0.35563519602993704,0.5526176275679258,0.29496619623739617,0.9782019623308205,0.24197891422419676,0.2698650674662669,0.9785107446276862,2000,0.3656594523378597,1.0,0.4023569610543566,1.0,1.0,1.0
word_consonantal_count_psalm,Wallfahrtslied,0,172,0.0,nan,nan,nan,nan,nan,nan,nan,nan,0.0004997501249375312,2000,nan,nan,nan,nan,0.0004997501249375312,0.0026830925973780084
word_consonantal_count_psalm,Weisheitsgedicht,45,1639,0.02672209026128266,0.037984598542172954,0.013936480196808949,0.09768716559515327,0.5152532031726662,0.3716615391110474,0.8115294799022867,0.36338498038335965,0.36281859070464767,1.0,2000,0.5012206625977375,1.0,0.5004394354546865,1.0,1.0,1.0
word_consonantal_count_psalm,Zionslied,15,1007,0.014677103718199608,0.014257006790573548,0.006740390294217284,0.03829495221681993,0.48265475008275405,0.31055716683184215,0.7304789698306607,0.5914687136426776,0.5462268865567217,1.0,2000,0.6719107017600334,1.0,0.6096951524237881,1.0,1.0,1.0
word_consonantal_count_psalm,prophetische Gerichtsrede,1,342,0.0029154518950437317,0.015384615384615385,nan,nan,0.8157894736842105,nan,nan,0.1388064363001354,0.12106053026513257,0.16241879060469766,2000,0.36697981871958385,1.0,0.3637112673984051,1.0,0.5378849037019952,1.0
word_consonantal_count_psalm,"prophetische Schelt-, Droh- und Mahnrede",3,511,0.005836575875486381,0.1739761514228436,0.005414633429061925,0.5,0.7084148727984344,0.27038298006223094,0.9980694980694981,0.10680928291259839,0.11244377811094453,0.4032983508245877,2000,0.22486164823704924,1.0,0.24091402574574783,1.0,0.8304322415063654,1.0
word_consonantal_count_psalm,prophetische Tora,0,172,0.0,nan,nan,nan,nan,nan,nan,nan,nan,0.0004997501249375312,2000,nan,nan,nan,nan,0.0004997501249375312,0.0026830925973780084
word_consonantal_icf,Danklied Israels,6,676,0.008797653958944282,0.009124448301975702,0.003916858046670276,0.022341612239700024,0.3875739644970414,0.012122711634614765,0.8642244272058494,0.8289710027139852,0.816591704147926,1.0,2000,0.9947817580173883,1.0,0.9950024987506247,1.0,1.0,1.0
word_consonantal_icf,Danklied des Einzelnen,78,2087,0.03602771362586605,0.09038129943199956,0.039983481153663604,0.1772109745253381,0.7707603847996757,0.6562327361660846,0.8471325237247561,2.126780662110327e-16,0.0004997501249375312,0.2273863068465767,2000,2.3201243586658113e-15,1.2456442091957009e-14,0.0011758826469118382,0.006313159052654138,0.8349671318187061,1.0
word_consonantal_icf,Fluch,0,173,0.0,nan,nan,nan,nan,nan,nan,nan,nan,0.0004997501249375312,2000,nan,nan,nan,nan,0.0004997501249375312,0.0026830925973780084
word_consonantal_icf,Hymnus,465,4421,0.09516987310683586,0.14384373173689569,0.0956349579913167,0.22347548041164184,0.5867888596216008,0.5015404048148211,0.6785513225085072,3.4971052971027695e-10,0.010494752623688156,0.8790604697651174,2000,8.564339503108823e-10,4.59808107603689e-09,0.022897642088046885,0.12293442446168332,1.0,1.0
word_consonantal_icf,Klagelied des Einzelnen,1176,6123,0.1611179613645705,0.2070465295975799,0.14545496162839183,0.2910334932087607,0.5912456767779789,0.5242855985882787,0.6572974674403976,1.5850988383207213e-23,0.0014992503748125937,0.863568215892054,2000,7.044883725869872e-23,3.782305282391479e-22,0.005622188905547226,0.030184791720502598,1.0,1.0
word_consonantal_icf,Klagelied des Volkes,36,1484,0.02368421052631579,0.03189839767268951,0.010538463539765326,0.07525530864320124,0.53934561245882,0.33349149146347495,0.781201450483397,0.20966527875403546,0.26636681659170414,0.9965017491254373,2000,0.946508144184988,1.0,0.9099450274862569,1.0,1.0,1.0
word_consonantal_icf,Königspsalm,45,1636,0.02676977989292088,0.02980448207016263,0.014253268647088705,0.06446035256083325,0.5423526215702255,0.38997042549862,0.6733880233174113,0.1659038378251243,0.23638180909545228,0.9955022488755623,2000,0.6852872862006282,1.0,0.6818812815814315,1.0,1.0,1.0
word_consonantal_icf,Liturgie,153,2800,0.05181171689806976,0.04625478870094531,0.027908389664036172,0.07710191900096265,0.47370214752567696,0.40359885377446925,0.5593377448410852,0.8637030771513011,0.7246376811594203,1.0,2000,0.9994262053241604,1.0,0.9529688937044083,1.0,1.0,1.0
word_consonantal_icf,Mischgedicht,45,1633,0.026817640047675805,0.037440846259842855,0.016691558951791724,0.07605915394376538,0.6164727495407226,0.43347376302528995,0.7347681654809672,0.003802823816031776,0.04097951024487756,0.7346326836581709,2000,0.013136290701826318,0.0705270145624906,0.1222465690231807,0.6563257276663129,1.0,1.0
word_consonantal_icf,Thronbesteigungslied,15,1006,0.014691478942213516,0.06605843660045704,0.016396546246319248,0.2411634748235906,0.7296554009277667,0.43315155306560316,0.915416027112305,0.0011196993082693415,0.0074962518740629685,0.3168415792103948,2000,0.006398281761539094,0.034351532043078864,0.04283572499464554,0.2299793654895436,1.0,1.0
word_consonantal_icf,Wallfahrtslied,0,172,0.0,nan,nan,nan,nan,nan,nan,nan,nan,0.0004997501249375312,2000,nan,nan,nan,nan,0.0004997501249375312,0.0026830925973780084
word_consonantal_icf,Weisheitsgedicht,45,1639,0.02672209026128266,0.053336577823778174,0.0166354676288891,0.1340575135011346,0.5827740492170023,0.41222514872498045,0.778701767267965,0.02892037981673289,0.09845077461269365,0.894552723638181,2000,0.22876453724756324,1.0,0.42251601471991274,1.0,1.0,1.0
word_consonantal_icf,Zionslied,15,1007,0.014677103718199608,0.022132659038676762,0.007738189708810939,0.07263096828425296,0.6024164184045018,0.3328558002249699,0.8455982007402842,0.08646763490858556,0.1359320339830085,0.8105947026486756,2000,0.14823023127186094,0.7958285879025537,0.2265533899716808,1.0,1.0,1.0
word_consonantal_icf,prophetische Gerichtsrede,1,342,0.0029154518950437317,0.016666666666666666,nan,nan,0.8304093567251462,nan,nan,0.12793783521050034,0.10655327663831916,0.13343328335832083,2000,0.36697981871958385,1.0,0.3637112673984051,1.0,0.5378849037019952,1.0
word_consonantal_icf,"prophetische Schelt-, Droh- und Mahnrede",3,511,0.005836575875486381,0.1710481682496608,0.0047494555538388425,0.5,0.5114155251141552,0.16500452565733612,0.9980707020143003,0.47357848888173076,0.4617691154422789,1.0,2000,0.5045634877411311,1.0,0.49037428188560594,1.0,1.0,1.0
word_consonantal_icf,prophetische Tora,0,172,0.0,nan,nan,nan,nan,nan,nan,nan,nan,0.0004997501249375312,2000,nan,nan,nan,nan,0.0004997501249375312,0.0026830925973780084
word_consonantal_icf_position2,Danklied Israels,6,676,0.008797653958944282,0.006791087247577133,0.0038682278159141085,0.014053053816431354,0.2655325443786982,0.017995707440103086,0.7758867371275563,0.9761675035072899,0.9800099950024987,1.0,2000,0.9947817580173883,1.0,0.9950024987506247,1.0,1.0,1.0
word_consonantal_icf_position2,Danklied des Einzelnen,78,2087,0.03602771362586605,0.08776879074445906,0.03997646225393931,0.17395538259711765,0.7613123978720528,0.6492326571725947,0.8409883723934054,2.124035703827665e-15,0.0004997501249375312,0.2303848075962019,2000,1.4993193203489397e-14,8.04964795163767e-14,0.0011758826469118382,0.006313159052654138,0.8349671318187061,1.0
word_consonantal_icf_position2,Fluch,0,173,0.0,nan,nan,nan,nan,nan,nan,nan,nan,0.0004997501249375312,2000,nan,nan,nan,nan,0.0004997501249375312,0.0026830925973780084
word_consonantal_icf_position2,Hymnus,465,4421,0.09516987310683586,0.14736537568566008,0.09630062215716857,0.2274912501129378,0.5998791204247568,0.50897034289812,0.6863796058575933,6.408663620408148e-13,0.005997001499250375,0.8225887056471765,2000,2.651860808444751e-12,1.4237491396934359e-11,0.015992003998001,0.08585896311609628,1.0,1.0
word_consonantal_icf_position2,Klagelied des Einzelnen,1176,6123,0.1611179613645705,0.19492255097780808,0.13745365826658879,0.2747714588004369,0.5741973500162764,0.5097982402945318,0.6398762759979102,3.4463228917608293e-16,0.0079960019990005,0.927536231884058,2000,1.1177263432737826e-15,6.000925518342086e-15,0.022314424183257207,0.11980320434804131,1.0,1.0
word_consonantal_icf_position2,Klagelied des Volkes,36,1484,0.02368421052631579,0.0299083867044662,0.010349707024365553,0.06663769859725892,0.5168089248277927,0.3158145363084422,0.7689212152892053,0.36508502971854834,0.3793103448275862,1.0,2000,0.946508144184988,1.0,0.9099450274862569,1.0,1.0,1.0
word_consonantal_icf_position2,Königspsalm,45,1636,0.02676977989292088,0.02918202808415478,0.01407549288507692,0.0590399453063157,0.5415512089106221,0.379447558560582,0.6653401067752303,0.17051996599702018,0.2433783108445777,0.9965017491254373,2000,0.6852872862006282,1.0,0.6818812815814315,1.0,1.0,1.0
word_consonantal_icf_position2,Liturgie,153,2800,0.05181171689806976,0.045771826124031495,0.027577901603091298,0.07522212484283684,0.4690546218487395,0.3948849751969526,0.5591883978011951,0.9016461307611867,0.7521239380309845,1.0,2000,0.9994262053241604,1.0,0.9529688937044083,1.0,1.0,1.0
word_consonantal_icf_position2,Mischgedicht,45,1633,0.026817640047675805,0.041111118715981346,0.01685449672474755,0.0900762017379321,0.6118731713955229,0.4025475756027123,0.7477929907281127,0.005178413368708955,0.043478260869565216,0.7621189405297352,2000,0.014621052906548596,0.07849850727768494,0.1222465690231807,0.6563257276663129,1.0,1.0
word_consonantal_icf_position2,Thronbesteigungslied,15,1006,0.014691478942213516,0.0484324286119197,0.012936125635612562,0.2139136446098931,0.6481444665341286,0.31787709205398573,0.8739364811935034,0.02433297930715748,0.057971014492753624,0.6021989005497251,2000,0.0858811034370264,0.46108433272596777,0.1932367149758454,1.0,1.0,1.0
word_consonantal_icf_position2,Wallfahrtslied,0,172,0.0,nan,nan,nan,nan,nan,nan,nan,nan,0.0004997501249375312,2000,nan,nan,nan,nan,0.0004997501249375312,0.0026830925973780084
word_consonantal_icf_position2,Weisheitsgedicht,45,1639,0.02672209026128266,0.05077554621483356,0.01627182927367569,0.12333195787246455,0.5815809097688293,0.42120665678808367,0.7723331493169107,0.03077261956733868,0.09695152423788106,0.9010494752623688,2000,0.22876453724756324,1.0,0.42251601471991274,1.0,1.0,1.0
word_consonantal_icf_position2,Zionslied,15,1007,0.014677103718199608,0.019312779738056726,0.007134323665449278,0.04559086263304253,0.5884475339291625,0.2457118846850214,0.804052239198246,0.11961937507910575,0.1664167916041979,0.8705647176411794,2000,0.18641980531808688,1.0,0.24962518740629686,1.0,1.0,1.0
word_consonantal_icf_position2,prophetische Gerichtsrede,1,342,0.0029154518950437317,0.01020408163265306,nan,nan,0.7192982456140351,nan,nan,0.22590152861613105,0.21460730365182593,0.33883058470764615,2000,0.37615495170052926,1.0,0.3732300933075233,1.0,0.5726714107734865,1.0
word_consonantal_icf_position2,"prophetische Schelt-, Droh- und Mahnrede",3,511,0.005836575875486381,0.171100616555162,0.0048543689320388345,0.5,0.5153294194390085,0.18640776699029127,0.9980758001725619,0.4642749585567988,0.456271864067966,1.0,2000,0.5019188741154582,1.0,0.4888627115013921,1.0,1.0,1.0
word_consonantal_icf_position2,prophetische Tora,0,172,0.0,nan,nan,nan,nan,nan,nan,nan,nan,0.0004997501249375312,2000,nan,nan,nan,nan,0.0004997501249375312,0.0026830925973780084
word_consonantal_icf_position2_psalm,Danklied Israels,6,676,0.008797653958944282,0.012298852229312606,0.00398406374501992,0.05166582858573629,0.3557692307692308,0.010785781218317384,0.9217736100503724,0.888500571420301,0.8745627186406797,1.0,2000,0.9947817580173883,1.0,0.9950024987506247,1.0,1.0,1.0
word_consonantal_icf_position2_psalm,Danklied des Einzelnen,78,2087,0.03602771362586605,0.08900389033742406,0.04108814361199624,0.17429610783038227,0.761029818289042,0.633678904891217,0.8507246100469729,2.2726018165068075e-15,0.0004997501249375312,0.24187906046976512,2000,1.515067877671205e-14,8.134199881616746e-14,0.0011758826469118382,0.006313159052654138,0.8349671318187061,1.0
word_consonantal_icf_position2_psalm,Fluch,0,173,0.0,nan,nan,nan,nan,nan,nan,nan,nan,0.0004997501249375312,2000,nan,nan,nan,nan,0.0004997501249375312,0.0026830925973780084
word_consonantal_icf_position2_psalm,Hymnus,465,4421,0.09516987310683586,0.15014456665170306,0.09451819232023335,0.2212442040296799,0.6152639041913838,0.5350084170504426,0.6961876574784982,1.3133739743915075e-16,0.0024987506246876563,0.743128435782109,2000,1.5762738056245173e-15,8.462806447203321e-15,0.010903639089546136,0.05854020212461109,1.0,1.0
word_consonantal_icf_position2_psalm,Klagelied des Einzelnen,1176,6123,0.1611179613645705,0.19426114743495482,0.13662565767379622,0.27590658299064225,0.573579905586275,0.5099189736234412,0.6387287013496366,5.962189140078804e-16,0.004997501249375313,0.9260369815092454,2000,1.8345197354088628e-15,9.849294829960585e-15,0.01537692692115481,0.08255669530393873,1.0,1.0
word_consonantal_icf_position2_psalm,Klagelied des Volkes,36,1484,0.02368421052631579,0.02824030436947958,0.009989100007037604,0.06173946620910355,0.5021900269541779,0.3201709627810781,0.7583653695482565,0.48214545374549034,0.4527736131934033,1.0,2000,0.946508144184988,1.0,0.9099450274862569,1.0,1.0,1.0
word_consonantal_icf_position2_psalm,Königspsalm,45,1636,0.02676977989292088,0.028708520732705443,0.013956924233315278,0.058774276771876736,0.5302091822874219,0.37699813535383064,0.6571293189117609,0.24441321541819788,0.29235382308845576,0.9995002498750625,2000,0.6852872862006282,1.0,0.6818812815814315,1.0,1.0,1.0
word_consonantal_icf_position2_psalm,Liturgie,153,2800,0.05181171689806976,0.04457714202102069,0.0269764361151689,0.07321382820240141,0.45819327731092435,0.38835414128476636,0.5433909499921585,0.9594281208937534,0.8300849575212393,1.0,2000,0.9994262053241604,1.0,0.9529688937044083,1.0,1.0,1.0
word_consonantal_icf_position2_psalm,Mischgedicht,45,1633,0.026817640047675805,0.03782581035802672,0.01626854235172666,0.08077736231631666,0.5921140368782745,0.3903494237202994,0.7298789335205689,0.01739238442988781,0.08295852073963018,0.855072463768116,2000,0.03210901740902365,0.17238908530538516,0.15315419213470188,0.8222646852272297,1.0,1.0
word_consonantal_icf_position2_psalm,Thronbesteigungslied,15,1006,0.014691478942213516,0.06902005708820245,0.016444660053729663,0.3473078126063817,0.6832670642809808,0.4492855705334332,0.8949627663816953,0.00736352137969369,0.02848575712143928,0.47176411794102946,2000,0.032726761687527514,0.17570567297193854,0.11787209843354185,0.6328397712436405,1.0,1.0
word_consonantal_icf_position2_psalm,Wallfahrtslied,0,172,0.0,nan,nan,nan,nan,nan,nan,nan,nan,0.0004997501249375312,2000,nan,nan,nan,nan,0.0004997501249375312,0.0026830925973780084
word_consonantal_icf_position2_psalm,Weisheitsgedicht,45,1639,0.02672209026128266,0.04728836720808126,0.016025020289426387,0.12045749460138737,0.5667344586807674,0.4157675467814007,0.7606751936903421,0.06309513439512936,0.1374312843578211,0.9485257371314343,2000,0.22876453724756324,1.0,0.42251601471991274,1.0,1.0,1.0
word_consonantal_icf_position2_psalm,Zionslied,15,1007,0.014677103718199608,0.02167849767621103,0.007215847519644805,0.05604963418791746,0.6224097980801059,0.3039389209409365,0.8395054998510386,0.05166009682843839,0.08995502248875563,0.7156421789105447,2000,0.09998728418407431,0.5368185591944682,0.17134289997858215,0.9199174619581745,1.0,1.0
word_consonantal_icf_position2_psalm,prophetische Gerichtsrede,1,342,0.0029154518950437317,0.012345679012345678,nan,nan,0.7690058479532164,nan,nan,0.17771611385245117,0.1645822911455728,0.22688655672163918,2000,0.36697981871958385,1.0,0.3637112673984051,1.0,0.5378849037019952,1.0
word_consonantal_icf_position2_psalm,"prophetische Schelt-, Droh- und Mahnrede",3,511,0.005836575875486381,0.17829301075268816,0.008583690987124463,0.5,0.8180039138943248,0.5372565961271504,0.9980694980694981,0.02880508989776892,0.029985007496251874,0.14842578710644677,2000,0.10788483965033717,0.5792194942849014,0.12614382463940446,0.6772495797519663,0.6172523494350386,1.0
word_consonantal_icf_position2_psalm,prophetische Tora,0,172,0.0,nan,nan,nan,nan,nan,nan,nan,nan,0.0004997501249375312,2000,nan,nan,nan,nan,0.0004997501249375312,0.0026830925973780084
word_consonantal_icf_position4,Danklied Israels,6,676,0.008797653958944282,0.007668126847683625,0.003929273084479371,0.018518518518518517,0.3081854043392505,0.01821015464444377,0.7871807412294494,0.9474140039812472,0.9545227386306847,1.0,2000,0.9947817580173883,1.0,0.9950024987506247,1.0,1.0,1.0
word_consonantal_icf_position4,Danklied des Einzelnen,78,2087,0.03602771362586605,0.07822679037937413,0.03539367100934035,0.15905730238786978,0.7344673374860246,0.6184593809880611,0.8187411398200926,9.529624475540877e-13,0.0004997501249375312,0.30484757621189407,2000,3.0906890190943386e-12,1.6593502260686968e-11,0.0011758826469118382,0.006313159052654138,0.8349671318187061,1.0
word_consonantal_icf_position4,Fluch,0,173,0.0,nan,nan,nan,nan,nan,nan,nan,nan,0.0004997501249375312,2000,nan,nan,nan,nan,0.0004997501249375312,0.0026830925973780084
word_consonantal_icf_position4,Hymnus,465,4421,0.09516987310683586,0.1507875927083418,0.09862096270274867,0.23469467135198138,0.6091586343769837,0.522300779558084,0.6993307507782919,4.397624763081694e-15,0.0029985007496251873,0.768615692153923,2000,3.2982185723112706e-14,1.7707701097641973e-13,0.010903639089546136,0.05854020212461109,1.0,1.0
word_consonantal_icf_position4,Klagelied des Einzelnen,1176,6123,0.1611179613645705,0.18922666920419828,0.13367805398627655,0.26622452468390556,0.5637114187500902,0.5031114486953802,0.6257179756869485,2.0809356373761585e-12,0.012993503248375811,0.9500249875062469,2000,5.2023390934403965e-12,2.7930673378830957e-11,0.03248375812093953,0.17440101882957057,1.0,1.0
word_consonantal_icf_position4,Klagelied des Volkes,36,1484,0.02368421052631579,0.028408692046473647,0.01040101596082045,0.06545750580070632,0.49913896376160527,0.3119886370384198,0.7287536893807653,0.5071284940456398,0.4827586206896552,1.0,2000,0.946508144184988,1.0,0.9099450274862569,1.0,1.0,1.0
word_consonantal_icf_position4,Königspsalm,45,1636,0.02676977989292088,0.02848793643280853,0.013144101355233133,0.061619323930062184,0.5232953001901657,0.3214428471081315,0.657733240272454,0.29676602230354676,0.32983508245877063,0.9995002498750625,2000,0.6852872862006282,1.0,0.6818812815814315,1.0,1.0,1.0
word_consonantal_icf_position4,Liturgie,153,2800,0.05181171689806976,0.04814440116735004,0.028770518885148456,0.07881866054841719,0.4900093370681606,0.41040863818798057,0.571410718257055,0.6615972872660654,0.5867066466766616,1.0,2000,0.9994262053241604,1.0,0.9529688937044083,1.0,1.0,1.0
word_consonantal_icf_position4,Mischgedicht,45,1633,0.026817640047675805,0.04244400660035608,0.01608377214093959,0.10085753629511042,0.6076682316118935,0.3957035218601019,0.7404004973055187,0.006806503339812449,0.047976011994003,0.7736131934032984,2000,0.015410950958065923,0.08273936587671857,0.1222465690231807,0.6563257276663129,1.0,1.0
word_consonantal_icf_position4,Thronbesteigungslied,15,1006,0.014691478942213516,0.0445841928699444,0.011084293004291005,0.3124322011595079,0.5979125248508946,0.2884398446692242,0.8933286685320492,0.09630951257321974,0.14842578710644677,0.823088455772114,2000,0.20637752694261371,1.0,0.31247534127673005,1.0,1.0,1.0
word_consonantal_icf_position4,Wallfahrtslied,0,172,0.0,nan,nan,nan,nan,nan,nan,nan,nan,0.0004997501249375312,2000,nan,nan,nan,nan,0.0004997501249375312,0.0026830925973780084
word_consonantal_icf_position4,Weisheitsgedicht,45,1639,0.02672209026128266,0.04949520337336197,0.01560029402680432,0.1205588552392598,0.5796827333740086,0.41358091736650576,0.7794360745376437,0.03392102677330405,0.10294852573713144,0.8985507246376812,2000,0.22876453724756324,1.0,0.42251601471991274,1.0,1.0,1.0
word_consonantal_icf_position4,Zionslied,15,1007,0.014677103718199608,0.023885420408430134,0.01009206159957126,0.05614244050113711,0.6651108904336313,0.39128633543204694,0.8276939079091952,0.013997237067712066,0.03698150924537731,0.52023988005997,2000,0.04275221798590621,0.22953102735855133,0.10566145498679232,0.5672824348742075,1.0,1.0
word_consonantal_icf_position4,prophetische Gerichtsrede,1,342,0.0029154518950437317,0.010101010101010102,nan,nan,0.716374269005848,nan,nan,0.22894887023409605,0.22611305652826413,0.35782108945527236,2000,0.37615495170052926,1.0,0.38102384525596134,1.0,0.585112848980915,1.0
word_consonantal_icf_position4,"prophetische Schelt-, Droh- und Mahnrede",3,511,0.005836575875486381,0.17056280875088214,0.004163090483028811,0.5,0.4474885844748858,0.06215116235783353,0.9980904308958523,0.6239199208398715,0.6326836581709145,1.0,2000,0.6239199208398715,1.0,0.6326836581709145,1.0,1.0,1.0
word_consonantal_icf_position4,prophetische Tora,0,172,0.0,nan,nan,nan,nan,nan,nan,nan,nan,0.0004997501249375312,2000,nan,nan,nan,nan,0.0004997501249375312,0.0026830925973780084
word_consonantal_icf_position4_psalm,Danklied Israels,6,676,0.008797653958944282,0.01938120708339606,0.004315550518608774,0.117706852977203,0.386094674556213,0.02191326329858266,0.9642248918742916,0.832124470685055,0.8150924537731135,1.0,2000,0.9947817580173883,1.0,0.9950024987506247,1.0,1.0,1.0
word_consonantal_icf_position4_psalm,Danklied des Einzelnen,78,2087,0.03602771362586605,0.07891821620685334,0.037181459947547076,0.16234216987823916,0.7345840551398769,0.5982525473686937,0.8265029410822652,9.292794663711111e-13,0.0004997501249375312,0.3173413293353323,2000,3.0906890190943386e-12,1.6593502260686968e-11,0.0011758826469118382,0.006313159052654138,0.8349671318187061,1.0
word_consonantal_icf_position4_psalm,Fluch,0,173,0.0,nan,nan,nan,nan,nan,nan,nan,nan,0.0004997501249375312,2000,nan,nan,nan,nan,0.0004997501249375312,0.0026830925973780084
word_consonantal_icf_position4_psalm,Hymnus,465,4421,0.09516987310683586,0.15495963258449041,0.09687967894542579,0.23126617169052419,0.6271047517590775,0.5524462514035232,0.7069475848309692,8.535770043589501e-20,0.0004997501249375312,0.6786606696651675,2000,5.1214620261537004e-18,2.749645505710127e-17,0.005997001499250375,0.03219711116853611,1.0,1.0
word_consonantal_icf_position4_psalm,Klagelied des Einzelnen,1176,6123,0.1611179613645705,0.19298949586715625,0.13704212033668456,0.27192492555883785,0.5736786466995748,0.5153461617065578,0.6368753166651715,5.463448210919878e-16,0.00399800099950025,0.9190404797601199,2000,1.72529943502733e-15,9.262905422906962e-15,0.012966489728108918,0.06961537549953753,1.0,1.0
word_consonantal_icf_position4_psalm,Klagelied des Volkes,36,1484,0.02368421052631579,0.026961933681295486,0.010458866109436698,0.060105142506953625,0.4851564839772387,0.3190293861094697,0.7235936408177932,0.6197915133648813,0.5567216391804098,1.0,2000,0.946508144184988,1.0,0.9099450274862569,1.0,1.0,1.0
word_consonantal_icf_position4_psalm,Königspsalm,45,1636,0.02676977989292088,0.02766445060996575,0.012970268106464114,0.058620378925806814,0.5085031241510459,0.34889230132826315,0.6613357384477492,0.42280668530628196,0.4147926036981509,1.0,2000,0.7248114605250547,1.0,0.6818812815814315,1.0,1.0,1.0
word_consonantal_icf_position4_psalm,Liturgie,153,2800,0.05181171689806976,0.047472013616233745,0.028695744295327657,0.07760488899713973,0.4824976657329598,0.4027506350699466,0.5599153353668576,0.7673625524171002,0.6596701649175413,1.0,2000,0.9994262053241604,1.0,0.9529688937044083,1.0,1.0,1.0
word_consonantal_icf_position4_psalm,Mischgedicht,45,1633,0.026817640047675805,0.03875740082623702,0.01566118047581232,0.08755191980661589,0.5824249846907532,0.36763869836511676,0.7249959704560293,0.029458810595598343,0.10194902548725637,0.8855572213893054,2000,0.048631961042727295,0.2610985933941043,0.16068888632606776,0.8627174659261597,1.0,1.0
word_consonantal_icf_position4_psalm,Thronbesteigungslied,15,1006,0.014691478942213516,0.059398791827028105,0.014156627626081367,0.5,0.615871438038436,0.339200555840833,0.870915829630549,0.06154639036069357,0.09945027486256872,0.7391304347826086,2000,0.16055580094093974,0.8620029480224359,0.2594354996414836,1.0,1.0,1.0
word_consonantal_icf_position4_psalm,Wallfahrtslied,0,172,0.0,nan,nan,nan,nan,nan,nan,nan,nan,0.0004997501249375312,2000,nan,nan,nan,nan,0.0004997501249375312,0.0026830925973780084
word_consonantal_icf_position4_psalm,Weisheitsgedicht,45,1639,0.02672209026128266,0.04662305394631935,0.016967895322187457,0.11656414960624752,0.568347908616365,0.43349051487116447,0.7654042741489029,0.05864187370639205,0.13043478260869565,0.9365317341329336,2000,0.22876453724756324,1.0,0.42251601471991274,1.0,1.0,1.0
word_consonantal_icf_position4_psalm,Zionslied,15,1007,0.014677103718199608,0.03225546927606196,0.009044452997568246,0.07893714724363611,0.718603111552466,0.28463747052303845,0.8876488432257578,0.0018105981807568666,0.013493253373313344,0.36231884057971014,2000,0.011435356931096,0.061394925181928156,0.0728207324908974,0.3909649213322241,1.0,1.0
word_consonantal_icf_position4_psalm,prophetische Gerichtsrede,1,342,0.0029154518950437317,0.014492753623188406,nan,nan,0.804093567251462,nan,nan,0.14794266695097447,0.14307153576788395,0.17641179410294852,2000,0.36697981871958385,1.0,0.3637112673984051,1.0,0.5378849037019952,1.0
word_consonantal_icf_position4_psalm,"prophetische Schelt-, Droh- und Mahnrede",3,511,0.005836575875486381,0.18748648064027687,0.013956301075714607,0.5,0.8995433789954338,0.7173865772895419,0.9980694980694981,0.008516692489267551,0.004997501249375313,0.06446776611694154,2000,0.0928189723307741,0.4983328370114254,0.07196401799100449,0.3863653340224333,0.6172523494350386,1.0
word_consonantal_icf_position4_psalm,prophetische Tora,0,172,0.0,nan,nan,nan,nan,nan,nan,nan,nan,0.0004997501249375312,2000,nan,nan,nan,nan,0.0004997501249375312,0.0026830925973780084
word_consonantal_icf_position8,Danklied Israels,6,676,0.008797653958944282,0.013184005017397612,0.0040818706104014495,0.051393044777165116,0.39718934911242604,0.049022592771726235,0.948,0.8075625677422156,0.7886056971514243,1.0,2000,0.9947817580173883,1.0,0.9950024987506247,1.0,1.0,1.0
word_consonantal_icf_position8,Danklied des Einzelnen,78,2087,0.03602771362586605,0.07935262718522082,0.03542747601088097,0.15449335507961812,0.7363655351197277,0.6105715124524687,0.819615402150953,6.319432445095171e-13,0.0004997501249375312,0.30834582708645675,2000,2.1666625526040585e-12,1.1632525868072087e-11,0.0011758826469118382,0.006313159052654138,0.8349671318187061,1.0
word_consonantal_icf_position8,Fluch,0,173,0.0,nan,nan,nan,nan,nan,nan,nan,nan,0.0004997501249375312,2000,nan,nan,nan,nan,0.0004997501249375312,0.0026830925973780084
word_consonantal_icf_position8,Hymnus,465,4421,0.09516987310683586,0.1532831818621508,0.09926503301191966,0.23481174138097488,0.6006338273100281,0.5175738646741386,0.6853488426184343,4.342310750842353e-13,0.0029985007496251873,0.8030984507746127,2000,2.0041434234657015e-12,1.0759982069552872e-11,0.010903639089546136,0.05854020212461109,1.0,1.0
word_consonantal_icf_position8,Klagelied des Einzelnen,1176,6123,0.1611179613645705,0.18414778380752597,0.1312113976716704,0.2607696064083946,0.5541308226704041,0.4932017424689303,0.6112988434204066,1.939904243438411e-09,0.0239880059970015,0.9760119940029985,2000,3.325550131608704e-09,1.785444063959788e-08,0.05050106525684526,0.2711335677350409,1.0,1.0
word_consonantal_icf_position8,Klagelied des Volkes,36,1484,0.02368421052631579,0.025291252119648208,0.009666678161785267,0.05699917749598209,0.45919436957172804,0.29685881009947906,0.6684640058372076,0.7989683767875746,0.7236381809095452,1.0,2000,0.946508144184988,1.0,0.9126130004304778,1.0,1.0,1.0
word_consonantal_icf_position8,Königspsalm,45,1636,0.02676977989292088,0.02971341464102361,0.013863934158204817,0.06235510329381417,0.5312415104591144,0.3301562003447605,0.675387083064667,0.23704648110413334,0.28735632183908044,0.9995002498750625,2000,0.6852872862006282,1.0,0.6818812815814315,1.0,1.0,1.0
word_consonantal_icf_position8,Liturgie,153,2800,0.05181171689806976,0.04749126566656167,0.02783695522761731,0.0774300717615378,0.4738655462184874,0.3942940962685592,0.5564936946663381,0.8622078028223592,0.7326336831584208,1.0,2000,0.9994262053241604,1.0,0.9529688937044083,1.0,1.0,1.0
word_consonantal_icf_position8,Mischgedicht,45,1633,0.026817640047675805,0.04425578055676483,0.017804867561966718,0.10328406855081806,0.614866979655712,0.4495173971909474,0.7307285731230305,0.0042405393179928705,0.038980509745127435,0.7361319340329835,2000,0.013136290701826318,0.0705270145624906,0.1222465690231807,0.6563257276663129,1.0,1.0
word_consonantal_icf_position8,Thronbesteigungslied,15,1006,0.014691478942213516,0.05027756827071925,0.01004348012256077,0.2293782808370697,0.6232273028495693,0.30453311352853174,0.8846081241679246,0.050519543631628985,0.08745627186406797,0.6981509245377311,2000,0.14098477292547623,0.7569286763593089,0.2454586660158293,1.0,1.0,1.0
word_consonantal_icf_position8,Wallfahrtslied,0,172,0.0,nan,nan,nan,nan,nan,nan,nan,nan,0.0004997501249375312,2000,nan,nan,nan,nan,0.0004997501249375312,0.0026830925973780084
word_consonantal_icf_position8,Weisheitsgedicht,45,1639,0.02672209026128266,0.048082560051110695,0.015400764740270577,0.11511749616006363,0.5792827604908142,0.4158062690726012,0.7789701380277306,0.03461711482377636,0.10044977511244378,0.889055472263868,2000,0.22876453724756324,1.0,0.42251601471991274,1.0,1.0,1.0
word_consonantal_icf_position8,Zionslied,15,1007,0.014677103718199608,0.021448711851694707,0.008213369037272773,0.05270765529699033,0.6212843429328037,0.39511112278657373,0.8129666320192621,0.053265329312317665,0.08695652173913043,0.7076461769115442,2000,0.1014577701187003,0.544713404495881,0.16830294530154277,0.903596345697626,1.0,1.0
word_consonantal_icf_position8,prophetische Gerichtsrede,1,342,0.0029154518950437317,0.009174311926605505,nan,nan,0.6871345029239766,nan,nan,0.2606580326533604,0.256128064032016,0.43428285857071464,2000,0.4010123579282468,1.0,0.3991606192706743,1.0,0.6735093991465806,1.0
word_consonantal_icf_position8,"prophetische Schelt-, Droh- und Mahnrede",3,511,0.005836575875486381,0.17155555555555557,0.004669615981985706,0.5,0.5466405740378343,0.15372430437679233,0.998082423830548,0.39096460765168184,0.39730134932533734,0.9870064967516242,2000,0.45995836194315515,1.0,0.4548669061695567,1.0,1.0,1.0
word_consonantal_icf_position8,prophetische Tora,0,172,0.0,nan,nan,nan,nan,nan,nan,nan,nan,0.0004997501249375312,2000,nan,nan,nan,nan,0.0004997501249375312,0.0026830925973780084
word_consonantal_icf_position8_psalm,Danklied Israels,6,676,0.008797653958944282,0.02856534334875576,0.004469680779723823,0.13636363636363635,0.48150887573964496,0.18709061115172712,0.9902145030042329,0.5624315858236449,0.5397301349325337,1.0,2000,0.9947817580173883,1.0,0.9950024987506247,1.0,1.0,1.0
word_consonantal_icf_position8_psalm,Danklied des Einzelnen,78,2087,0.03602771362586605,0.07969737839218458,0.03779512315646131,0.1570615912955035,0.7368201196663103,0.5970665235996374,0.8291765550250383,5.724655674052941e-13,0.0004997501249375312,0.32983508245877063,2000,2.020466708489273e-12,1.0847619636861356e-11,0.0011758826469118382,0.006313159052654138,0.8349671318187061,1.0
word_consonantal_icf_position8_psalm,Fluch,0,173,0.0,nan,nan,nan,nan,nan,nan,nan,nan,0.0004997501249375312,2000,nan,nan,nan,nan,0.0004997501249375312,0.0026830925973780084
word_consonantal_icf_position8_psalm,Hymnus,465,4421,0.09516987310683586,0.1594510237931433,0.09632234830398867,0.23307492691860246,0.6152636609729225,0.5285974934345645,0.6907866324685963,1.3135615046870977e-16,0.0004997501249375312,0.7326336831584208,2000,1.5762738056245173e-15,8.462806447203321e-15,0.005997001499250375,0.03219711116853611,1.0,1.0
word_consonantal_icf_position8_psalm,Klagelied des Einzelnen,1176,6123,0.1611179613645705,0.1961876534604804,0.14096272808127633,0.2788789545552632,0.5757377669343092,0.518493833233286,0.6352846525229942,8.610704808176432e-17,0.0024987506246876563,0.9050474762618691,2000,2.9522416485176336e-16,1.5850196563330232e-15,0.008819119851838787,0.04734869289490604,1.0,1.0
word_consonantal_icf_position8_psalm,Klagelied des Volkes,36,1484,0.02368421052631579,0.02419945452326233,0.01029551388376141,0.05391254930429182,0.45187556154537284,0.31466927692906643,0.6899863330676423,0.8384724032255928,0.767616191904048,1.0,2000,0.946508144184988,1.0,0.9126130004304778,1.0,1.0,1.0
word_consonantal_icf_position8_psalm,Königspsalm,45,1636,0.02676977989292088,0.028735020813915976,0.01310517486800643,0.06110544555417975,0.5156071719641402,0.3658526199354022,0.6612685740053771,0.36034806225243043,0.3658170914542729,0.9995002498750625,2000,0.6852872862006282,1.0,0.6818812815814315,1.0,1.0,1.0
word_consonantal_icf_position8_psalm,Liturgie,153,2800,0.05181171689806976,0.04871609902668521,0.02778805463760019,0.07746321983559573,0.4837698412698413,0.40395640196801974,0.561099799622372,0.7508343401309074,0.6536731634182908,1.0,2000,0.9994262053241604,1.0,0.9529688937044083,1.0,1.0,1.0
word_consonantal_icf_position8_psalm,Mischgedicht,45,1633,0.026817640047675805,0.03959764602576099,0.015846577725910672,0.09187941363154273,0.5769408722868613,0.39637126133388134,0.715770426647163,0.038939608610967305,0.10994502748625687,0.9005497251374313,2000,0.05914877257362123,0.31756196930639324,0.1664167916041979,0.8934698349268769,1.0,1.0
word_consonantal_icf_position8_psalm,Thronbesteigungslied,15,1006,0.014691478942213516,0.05640007398729849,0.011649175825775467,0.2121773791051948,0.6276673293571902,0.28372718955721515,0.867350182770062,0.04466561739113725,0.07546226886556721,0.6811594202898551,2000,0.13072863626674316,0.7018648295014743,0.22938530734632684,1.0,1.0,1.0
word_consonantal_icf_position8_psalm,Wallfahrtslied,0,172,0.0,nan,nan,nan,nan,nan,nan,nan,nan,0.0004997501249375312,2000,nan,nan,nan,nan,0.0004997501249375312,0.0026830925973780084
word_consonantal_icf_position8_psalm,Weisheitsgedicht,45,1639,0.02672209026128266,0.04580218332943806,0.016605425549041465,0.11138375700090372,0.5661243305538608,0.4342957974047054,0.7760890771835849,0.06484619324207246,0.13393303348325838,0.9380309845077461,2000,0.22876453724756324,1.0,0.42251601471991274,1.0,1.0,1.0
word_consonantal_icf_position8_psalm,Zionslied,15,1007,0.014677103718199608,0.042513742109307154,0.00825052182108552,0.09710570533422495,0.7529625951671632,0.2572680243335086,0.9089111894613734,0.0003802774093846379,0.004497751124437781,0.29235382308845576,2000,0.0035102530097043494,0.018846086064388493,0.035982008995502246,0.1931826670112166,1.0,1.0
word_consonantal_icf_position8_psalm,prophetische Gerichtsrede,1,342,0.0029154518950437317,0.017543859649122806,nan,nan,0.8391812865497076,nan,nan,0.12170783167602545,0.1135567783891946,0.13393303348325838,2000,0.36697981871958385,1.0,0.3637112673984051,1.0,0.5378849037019952,1.0
word_consonantal_icf_position8_psalm,"prophetische Schelt-, Droh- und Mahnrede",3,511,0.005836575875486381,0.17478373352736679,0.007575757575757576,0.5,0.7377690802348337,0.48400156457214966,0.9980694980694981,0.07793259381048402,0.09295352323838081,0.3268365817091454,2000,0.1908553317807772,1.0,0.22764128140011627,1.0,0.8004161184713766,1.0
word_consonantal_icf_position8_psalm,prophetische Tora,0,172,0.0,nan,nan,nan,nan,nan,nan,nan,nan,0.0004997501249375312,2000,nan,nan,nan,nan,0.0004997501249375312,0.0026830925973780084
word_consonantal_icf_position_mean,Danklied Israels,6,676,0.008797653958944282,0.009420088881284153,0.00390625,0.023002007031036855,0.3895463510848126,0.01397770552630816,0.8362654637353542,0.8247078410720545,0.8055972013993004,1.0,2000,0.9947817580173883,1.0,0.9950024987506247,1.0,1.0,1.0
word_consonantal_icf_position_mean,Danklied des Einzelnen,78,2087,0.03602771362586605,0.0920101572710246,0.041997438703204694,0.18883551757619788,0.7682355976558181,0.6491510981399047,0.8475319277852558,3.9643977256158004e-16,0.0004997501249375312,0.22988505747126436,2000,3.726272478546223e-15,2.0005866140104553e-14,0.0011758826469118382,0.006313159052654138,0.8349671318187061,1.0
word_consonantal_icf_position_mean,Fluch,0,173,0.0,nan,nan,nan,nan,nan,nan,nan,nan,0.0004997501249375312,2000,nan,nan,nan,nan,0.0004997501249375312,0.0026830925973780084
word_consonantal_icf_position_mean,Hymnus,465,4421,0.09516987310683586,0.14445117296367752,0.09567168396939074,0.22537212501762932,0.5915603193944833,0.5054620981555907,0.679831397673163,3.878851804384681e-11,0.00849575212393803,0.8600699650174912,2000,1.2249005698056886e-10,6.576329824390866e-10,0.019235665186274786,0.10327375280473845,1.0,1.0
word_consonantal_icf_position_mean,Klagelied des Einzelnen,1176,6123,0.1611179613645705,0.20429713652027906,0.1435975854100487,0.2880528998638704,0.588094849241346,0.5215642958186525,0.6550399382326804,4.649599732733184e-22,0.0014992503748125937,0.8730634682658671,2000,1.7998450578322006e-21,9.663131053145038e-21,0.005622188905547226,0.030184791720502598,1.0,1.0
word_consonantal_icf_position_mean,Klagelied des Volkes,36,1484,0.02368421052631579,0.031199059912650647,0.010860009174682647,0.07009971726959184,0.5355271039233304,0.32993819780980166,0.773088643137114,0.2329432549653503,0.2848575712143928,0.9980009995002499,2000,0.946508144184988,1.0,0.9099450274862569,1.0,1.0,1.0
word_consonantal_icf_position_mean,Königspsalm,45,1636,0.02676977989292088,0.029428159858293668,0.014355175443787204,0.06410693409973067,0.5406954631893507,0.36947976562801366,0.6670395088944171,0.17553894694749023,0.24437781109445278,0.9970014992503748,2000,0.6852872862006282,1.0,0.6818812815814315,1.0,1.0,1.0
word_consonantal_icf_position_mean,Liturgie,153,2800,0.05181171689806976,0.04630957130794875,0.027938603047935853,0.07772156065401845,0.47352240896358544,0.4020871921919942,0.5643922757215531,0.8653350147517358,0.7246376811594203,1.0,2000,0.9994262053241604,1.0,0.9529688937044083,1.0,1.0,1.0
word_consonantal_icf_position_mean,Mischgedicht,45,1633,0.026817640047675805,0.038213282012830904,0.016773359965179667,0.08007339742446518,0.607926787779819,0.4112113690944884,0.7362211600134574,0.006694678052019023,0.05247376311844078,0.7811094452773614,2000,0.015410950958065923,0.08273936587671857,0.1222465690231807,0.6563257276663129,1.0,1.0
word_consonantal_icf_position_mean,Thronbesteigungslied,15,1006,0.014691478942213516,0.05569741730299055,0.016562273372363438,0.3154850134666736,0.6886348575215374,0.4645957440322659,0.8972639345764949,0.006028472255380744,0.0239880059970015,0.44677661169415295,2000,0.02782371810175728,0.14938187775278527,0.10661335998667333,0.5723930874406419,1.0,1.0
word_consonantal_icf_position_mean,Wallfahrtslied,0,172,0.0,nan,nan,nan,nan,nan,nan,nan,nan,0.0004997501249375312,2000,nan,nan,nan,nan,0.0004997501249375312,0.0026830925973780084
word_consonantal_icf_position_mean,Weisheitsgedicht,45,1639,0.02672209026128266,0.051598571942865885,0.01649553982265251,0.12905052804446313,0.5843874991525998,0.4255598785709927,0.7797694076792777,0.026563896481843433,0.08945527236381809,0.8875562218890555,2000,0.22876453724756324,1.0,0.42251601471991274,1.0,1.0,1.0
word_consonantal_icf_position_mean,Zionslied,15,1007,0.014677103718199608,0.02246043331681007,0.007801101626707928,0.06241593924314096,0.6176431645150612,0.31474168689036097,0.8449548330589797,0.058730859736139666,0.10144927536231885,0.7326336831584208,2000,0.11012036200526187,0.5912217193619262,0.18536186452228431,0.9951834361183887,1.0,1.0
word_consonantal_icf_position_mean,prophetische Gerichtsrede,1,342,0.0029154518950437317,0.015151515151515152,nan,nan,0.8128654970760234,nan,nan,0.1410539142778569,0.12306153076538269,0.15992003998001,2000,0.36697981871958385,1.0,0.3637112673984051,1.0,0.5378849037019952,1.0
word_consonantal_icf_position_mean,"prophetische Schelt-, Droh- und Mahnrede",3,511,0.005836575875486381,0.171165522046382,0.00492477726387407,0.5,0.5244618395303327,0.2008991827713679,0.9980694980694981,0.4426512113200375,0.4272863568215892,1.0,2000,0.4907134730846738,1.0,0.4661305710780973,1.0,1.0,1.0
word_consonantal_icf_position_mean,prophetische Tora,0,172,0.0,nan,nan,nan,nan,nan,nan,nan,nan,0.0004997501249375312,2000,nan,nan,nan,nan,0.0004997501249375312,0.0026830925973780084
word_consonantal_icf_position_mean_psalm,Danklied Israels,6,676,0.008797653958944282,0.03750358869637833,0.005418117741050584,0.12977893288283024,0.6735700197238659,0.35763958538287144,0.9820638493930782,0.07157180169628552,0.08895552223888056,0.49725137431284355,2000,0.9947817580173883,1.0,0.9950024987506247,1.0,1.0,1.0
word_consonantal_icf_position_mean_psalm,Danklied des Einzelnen,78,2087,0.03602771362586605,0.04701769496699982,0.02275882937711203,0.08883694372467635,0.5916049291708132,0.4786357558599842,0.6898090857341793,0.002971621468896341,0.02048975512243878,0.8160919540229885,2000,0.003396138821595818,0.018233422018715518,0.025881795944133194,0.13895595346420844,0.9416445623342174,1.0
word_consonantal_icf_position_mean_psalm,Fluch,0,173,0.0,nan,nan,nan,nan,nan,nan,nan,nan,0.0004997501249375312,2000,nan,nan,nan,nan,0.0004997501249375312,0.0026830925973780084
word_consonantal_icf_position_mean_psalm,Hymnus,465,4421,0.09516987310683586,0.16424624846133315,0.1053018450192342,0.2530207877044277,0.6087115988451988,0.5395094497466703,0.689771940394513,5.645529269954015e-15,0.0004997501249375312,0.743128435782109,2000,3.9850794846734225e-14,2.139536686784575e-13,0.005997001499250375,0.03219711116853611,1.0,1.0
word_consonantal_icf_position_mean_psalm,Klagelied des Einzelnen,1176,6123,0.1611179613645705,0.355023484627208,0.26042021288066075,0.47240459091247355,0.7362162405383516,0.6685492185419472,0.798299344557689,5.9206626799208995e-146,0.0004997501249375312,0.33983008495752126,2000,3.5523976079525395e-144,1.907235486140645e-143,0.0023988005997001498,0.012878844467414441,1.0,1.0
word_consonantal_icf_position_mean_psalm,Klagelied des Volkes,36,1484,0.02368421052631579,0.040588041681982295,0.010799358996153448,0.20829893449286624,0.5695754716981132,0.36624362152521517,0.822248973250635,0.0766157340824556,0.09895052473763119,0.9000499750124937,2000,0.946508144184988,1.0,0.9099450274862569,1.0,1.0,1.0
word_consonantal_icf_position_mean_psalm,Königspsalm,45,1636,0.02676977989292088,0.04057976577385511,0.013709319521588452,0.1930237926573192,0.5204292311871774,0.3812880515244222,0.7260412541693667,0.3198778992002067,0.3218390804597701,0.9975012493753124,2000,0.6852872862006282,1.0,0.6818812815814315,1.0,1.0,1.0
word_consonantal_icf_position_mean_psalm,Liturgie,153,2800,0.05181171689806976,0.06576615529208557,0.03581805052165887,0.10603493821943932,0.5799463118580765,0.5081425134010419,0.6536876296167322,0.00042642181585478614,0.01699150424787606,0.8630684657671165,2000,0.025585308951287168,0.13736415385070463,0.7596201899050475,1.0,1.0,1.0
word_consonantal_icf_position_mean_psalm,Mischgedicht,45,1633,0.026817640047675805,0.0301378457335897,0.012877865187951105,0.06138129890340535,0.5559842144655371,0.4051881399098013,0.6869407265305766,0.09977148278990161,0.15242378810594703,0.9415292353823088,2000,0.1185403755919623,0.6364276632866469,0.1905297351324338,1.0,1.0,1.0
word_consonantal_icf_position_mean_psalm,Thronbesteigungslied,15,1006,0.014691478942213516,0.10881808051347834,0.014768127552176682,0.283224708147152,0.817196819085487,0.5890062105030464,0.9555651724579942,1.2120178965305424e-05,0.0004997501249375312,0.19640179910044978,2000,0.0002462255017306727,0.0013219522877794875,0.008567144998929107,0.045995873097908715,1.0,1.0
word_consonantal_icf_position_mean_psalm,Wallfahrtslied,0,172,0.0,nan,nan,nan,nan,nan,nan,nan,nan,0.0004997501249375312,2000,nan,nan,nan,nan,0.0004997501249375312,0.0026830925973780084
word_consonantal_icf_position_mean_psalm,Weisheitsgedicht,45,1639,0.02672209026128266,0.05004141522972081,0.016698198564401353,0.15862465853595387,0.6009016337875398,0.39446721674627316,0.7725491991386693,0.010378921731285401,0.041979010494752625,0.7766116941529235,2000,0.22876453724756324,1.0,0.42251601471991274,1.0,1.0,1.0
word_consonantal_icf_position_mean_psalm,Zionslied,15,1007,0.014677103718199608,0.10405625626080377,0.017861293264502795,0.4538361793345482,0.8225422045680238,0.44331768482812695,0.9680480620495537,8.815944005353216e-06,0.0009995002498750624,0.19140429785107446,2000,0.0006470572968567803,0.0034739654011949794,0.02306539038173221,0.1238350429559081,1.0,1.0
word_consonantal_icf_position_mean_psalm,prophetische Gerichtsrede,1,342,0.0029154518950437317,0.027777777777777776,nan,nan,0.9005847953216374,nan,nan,0.08401195593180094,0.08054027013506754,0.08945527236381809,2000,0.36697981871958385,1.0,0.3637112673984051,1.0,0.5261005860706011,1.0
word_consonantal_icf_position_mean_psalm,"prophetische Schelt-, Droh- und Mahnrede",3,511,0.005836575875486381,0.18553627058299954,0.020833333333333332,0.5,0.8878016960208741,0.8034003139691728,0.9980674985855962,0.010284315803186945,0.013993003498250875,0.10444777611194403,2000,0.0928189723307741,0.4983328370114254,0.10869565217391304,0.5835726399297169,0.6172523494350386,1.0
word_consonantal_icf_position_mean_psalm,prophetische Tora,0,172,0.0,nan,nan,nan,nan,nan,nan,nan,nan,0.0004997501249375312,2000,nan,nan,nan,nan,0.0004997501249375312,0.0026830925973780084
word_consonantal_icf_psalm,Danklied Israels,6,676,0.008797653958944282,0.029333651266806746,0.004897429047118529,0.10429902668078068,0.611439842209073,0.22076160747744591,0.972034359695426,0.17368564003127795,0.17691154422788605,0.7116441779110445,2000,0.9947817580173883,1.0,0.9950024987506247,1.0,1.0,1.0
word_consonantal_icf_psalm,Danklied des Einzelnen,78,2087,0.03602771362586605,0.05024764921111939,0.0243365210789974,0.09696612968260931,0.6083754131190643,0.48572029896575447,0.7138384146551753,0.0005678987516116243,0.0074962518740629685,0.7276361819090454,2000,0.0007098734395145304,0.003811216997444041,0.010339657757328233,0.055512260635407075,0.9095452273863068,1.0
word_consonantal_icf_psalm,Fluch,0,173,0.0,nan,nan,nan,nan,nan,nan,nan,nan,0.0004997501249375312,2000,nan,nan,nan,nan,0.0004997501249375312,0.0026830925973780084
word_consonantal_icf_psalm,Hymnus,465,4421,0.09516987310683586,0.18311960394649984,0.11479308825422568,0.27845448223939895,0.6202926890962731,0.5468113639804574,0.7070780634407527,6.3371135282762395e-18,0.0004997501249375312,0.670664667666167,2000,1.5209072467862974e-16,8.165550685276918e-16,0.005997001499250375,0.03219711116853611,1.0,1.0
word_consonantal_icf_psalm,Klagelied des Einzelnen,1176,6123,0.1611179613645705,0.37628897240288545,0.2702522216148098,0.49619025341040834,0.7409685906046234,0.6714476139676571,0.8058209558607402,8.608832871290501e-152,0.0004997501249375312,0.33383308345827084,2000,1.03305994455486e-149,5.546362775255646e-149,0.0023988005997001498,0.012878844467414441,1.0,1.0
word_consonantal_icf_psalm,Klagelied des Volkes,36,1484,0.02368421052631579,0.05180128811942593,0.012999959370888645,0.335895301574801,0.5906521413596886,0.39056097267704815,0.8583455006547684,0.031377794717082075,0.05697151424287856,0.808095952023988,2000,0.946508144184988,1.0,0.9099450274862569,1.0,1.0,1.0
word_consonantal_icf_psalm,Königspsalm,45,1636,0.02676977989292088,0.042125175414163954,0.013329726393385748,0.20645775127230892,0.5341483292583538,0.3848899126041687,0.7604438393224747,0.21697398125513673,0.23488255872063968,0.9865067466266867,2000,0.6852872862006282,1.0,0.6818812815814315,1.0,1.0,1.0
word_consonantal_icf_psalm,Liturgie,153,2800,0.05181171689806976,0.06614118560675121,0.03446262301389825,0.1079417359267886,0.5763445378151261,0.49603417390336957,0.6494454815096288,0.0007242833420704493,0.01899050474762619,0.8665667166416792,2000,0.028660131149784007,0.15387246924146455,0.7596201899050475,1.0,1.0,1.0
word_consonantal_icf_psalm,Mischgedicht,45,1633,0.026817640047675805,0.03320838348469187,0.013958974069263743,0.0693298909128006,0.584942505273185,0.4193375001637095,0.7175123302358426,0.0257972048392949,0.06196901549225387,0.8315842078960519,2000,0.04379101654516014,0.23510820000027813,0.12807155744161816,0.6875993232602624,1.0,1.0
word_consonantal_icf_psalm,Thronbesteigungslied,15,1006,0.014691478942213516,0.18380803229708487,0.018059571254242877,0.3872687303892561,0.842180251822399,0.5398356496294237,0.9737415125911375,2.6278580725480695e-06,0.0004997501249375312,0.175912043978011,2000,0.00013671485968608577,0.0007340040745785952,0.008567144998929107,0.045995873097908715,1.0,1.0
word_consonantal_icf_psalm,Wallfahrtslied,0,172,0.0,nan,nan,nan,nan,nan,nan,nan,nan,0.0004997501249375312,2000,nan,nan,nan,nan,0.0004997501249375312,0.0026830925973780084
word_consonantal_icf_psalm,Weisheitsgedicht,45,1639,0.02672209026128266,0.05263161849622699,0.016681919506423212,0.14924852342608078,0.6186631414819335,0.39180043013850996,0.7885539118799422,0.0032697510890462534,0.01649175412293853,0.6796601699150425,2000,0.22876453724756324,1.0,0.42251601471991274,1.0,1.0,1.0
word_consonantal_icf_psalm,Zionslied,15,1007,0.014677103718199608,0.09192532682100725,0.015985071716453636,0.41919098566756124,0.7818272095332671,0.33433462397131875,0.9560572487475394,8.807090974047851e-05,0.0014992503748125937,0.2623688155922039,2000,0.0017641201507673366,0.009471328732535844,0.02306539038173221,0.1238350429559081,1.0,1.0
word_consonantal_icf_psalm,prophetische Gerichtsrede,1,342,0.0029154518950437317,0.011363636363636364,nan,nan,0.7485380116959064,nan,nan,0.19671670452300732,0.23861930965482742,0.31984007996002,2000,0.36697981871958385,1.0,0.38419209604802407,1.0,0.556243617321774,1.0
word_consonantal_icf_psalm,"prophetische Schelt-, Droh- und Mahnrede",3,511,0.005836575875486381,0.18210976478973628,0.01680672268907563,0.5,0.8636660143509458,0.7730984180196074,0.9980907248783164,0.014944454632638658,0.019490254872563718,0.14392803598200898,2000,0.1003999573557828,0.5390341470990955,0.11472524607261587,0.615944735398082,0.6172523494350386,1.0
word_consonantal_icf_psalm,prophetische Tora,0,172,0.0,nan,nan,nan,nan,nan,nan,nan,nan,0.0004997501249375312,2000,nan,nan,nan,nan,0.0004997501249375312,0.0026830925973780084
word_consonantal_icf_spacing2,Danklied Israels,6,676,0.008797653958944282,0.00995036494259853,0.004328502187614796,0.03126720678563002,0.44871794871794873,0.1184353559987019,0.8864707250789606,0.6678369013911466,0.6176911544227887,1.0,2000,0.9947817580173883,1.0,0.9950024987506247,1.0,1.0,1.0
word_consonantal_icf_spacing2,Danklied des Einzelnen,78,2087,0.03602771362586605,0.04353556411345258,0.020246973958996824,0.08811316667882882,0.5510916172152397,0.41978552126178986,0.7377462782578368,0.06248522397143965,0.14142928535732133,0.952023988005997,2000,0.06408740920147656,0.3440768588804477,0.14505567728956031,0.7787848257004886,0.9764348594933301,1.0
word_consonantal_icf_spacing2,Fluch,0,173,0.0,nan,nan,nan,nan,nan,nan,nan,nan,0.0004997501249375312,2000,nan,nan,nan,nan,0.0004997501249375312,0.0026830925973780084
word_consonantal_icf_spacing2,Hymnus,465,4421,0.09516987310683586,0.09813446355240743,0.06559176016088969,0.14853661186788208,0.5061775056973925,0.44468378802117975,0.5842204433728235,0.33037187913769417,0.3953023488255872,1.0,2000,0.35083739377454254,1.0,0.4161077356058812,1.0,1.0,1.0
word_consonantal_icf_spacing2,Klagelied des Einzelnen,1176,6123,0.1611179613645705,0.15464772188566855,0.11036713510442804,0.20740846599787036,0.4783805568609936,0.44193746816568547,0.5345726784400129,0.990666815801037,0.8110944527736131,1.0,2000,0.9999994887319635,1.0,0.9281597733243471,1.0,1.0,1.0
word_consonantal_icf_spacing2,Klagelied des Volkes,36,1484,0.02368421052631579,0.023485523903942852,0.008281796301792141,0.05113047761072206,0.43532869122491763,0.33582646171310754,0.6758929220871006,0.9078961507225118,0.8575712143928036,1.0,2000,0.946508144184988,1.0,0.9171276430750143,1.0,1.0,1.0
word_consonantal_icf_spacing2,Königspsalm,45,1636,0.02676977989292088,0.03797774127243092,0.015482222764010423,0.21331028968163407,0.4817440912795436,0.3846017386489271,0.7209153215326017,0.6622251003553271,0.6056971514242878,1.0,2000,0.7338030811866151,1.0,0.6818812815814315,1.0,1.0,1.0
word_consonantal_icf_spacing2,Liturgie,153,2800,0.05181171689806976,0.049872619185554974,0.027092282214998983,0.08555759375521743,0.48561157796451915,0.4079524068557937,0.5846884457908273,0.7258423185818708,0.6141929035482259,1.0,2000,0.9994262053241604,1.0,0.9529688937044083,1.0,1.0,1.0
word_consonantal_icf_spacing2,Mischgedicht,45,1633,0.026817640047675805,0.036142725907437806,0.016577274880009752,0.08418162177764592,0.604334217867592,0.4793414271633274,0.7352469767369884,0.008403348781570336,0.05997001499250375,0.7646176911544228,2000,0.018674108403489636,0.10025882840209505,0.12807155744161816,0.6875993232602624,1.0,1.0
word_consonantal_icf_spacing2,Thronbesteigungslied,15,1006,0.014691478942213516,0.014922562230683691,0.006870319038784969,0.035535344244579936,0.5038767395626242,0.3165712466168708,0.7004635960246742,0.4795981601063063,0.44427786106946526,1.0,2000,0.5755177921275675,1.0,0.5278548844389686,1.0,1.0,1.0
word_consonantal_icf_spacing2,Wallfahrtslied,0,172,0.0,nan,nan,nan,nan,nan,nan,nan,nan,0.0004997501249375312,2000,nan,nan,nan,nan,0.0004997501249375312,0.0026830925973780084
word_consonantal_icf_spacing2,Weisheitsgedicht,45,1639,0.02672209026128266,0.028010645982792112,0.012530652355853768,0.06855203076598265,0.5018032675750796,0.3590409943992621,0.7226205621286363,0.48357905112990407,0.41829085457271364,1.0,2000,0.6173349588892393,1.0,0.5397301349325337,1.0,1.0,1.0
word_consonantal_icf_spacing2,Zionslied,15,1007,0.014677103718199608,0.01499582905440974,0.0056996694454784485,0.04987582422390177,0.44008606421714663,0.3298891074558377,0.9424829333020838,0.7875531096045822,0.7471264367816092,1.0,2000,0.8363395854207953,1.0,0.7934086054317975,1.0,1.0,1.0
word_consonantal_icf_spacing2,prophetische Gerichtsrede,1,342,0.0029154518950437317,0.009900990099009901,nan,nan,0.7105263157894737,nan,nan,0.23511220513608294,0.2656328164082041,0.43778110944527737,2000,0.37615495170052926,1.0,0.40866587139723703,1.0,0.6735093991465806,1.0
word_consonantal_icf_spacing2,"prophetische Schelt-, Droh- und Mahnrede",3,511,0.005836575875486381,0.01235511739090025,0.005348174379925601,0.03879334039303639,0.5231572080887149,0.2846977565506037,0.9048858992579655,0.44573140471857864,0.38780609695152424,0.9975012493753124,2000,0.4907134730846738,1.0,0.4548669061695567,1.0,1.0,1.0
word_consonantal_icf_spacing2,prophetische Tora,0,172,0.0,nan,nan,nan,nan,nan,nan,nan,nan,0.0004997501249375312,2000,nan,nan,nan,nan,0.0004997501249375312,0.0026830925973780084
word_consonantal_icf_spacing2_psalm,Danklied Israels,6,676,0.008797653958944282,0.018840999917902664,0.004874329413484622,0.11693100652503309,0.5885108481262328,0.25197605660758643,0.9848157148522987,0.2277911771169221,0.21139430284857572,0.8540729635182409,2000,0.9947817580173883,1.0,0.9950024987506247,1.0,1.0,1.0
word_consonantal_icf_spacing2_psalm,Danklied des Einzelnen,78,2087,0.03602771362586605,0.04962072841759507,0.018933853255749165,0.11698541087681938,0.5752890297691448,0.444273042910579,0.7264706644843416,0.011882307763133697,0.06996501749125437,0.9000499750124937,2000,0.012962517559782213,0.06959404945097625,0.07702570732982134,0.4135408773940417,0.967551938316556,1.0
word_consonantal_icf_spacing2_psalm,Fluch,0,173,0.0,nan,nan,nan,nan,nan,nan,nan,nan,0.0004997501249375312,2000,nan,nan,nan,nan,0.0004997501249375312,0.0026830925973780084
word_consonantal_icf_spacing2_psalm,Hymnus,465,4421,0.09516987310683586,0.1039816880383838,0.06526792869440608,0.16306760113766708,0.5107811447320098,0.4472854543174347,0.5878220007321284,0.22184733160735132,0.32083958020989506,1.0,2000,0.23983495308902847,1.0,0.35000681477443096,1.0,1.0,1.0
word_consonantal_icf_spacing2_psalm,Klagelied des Einzelnen,1176,6123,0.1611179613645705,0.15549692394216394,0.11317643813553137,0.20626449623146662,0.4762428325895114,0.4410212280460062,0.5191342038983021,0.9951268769105437,0.8430784607696152,1.0,2000,0.9999994887319635,1.0,0.9281597733243471,1.0,1.0,1.0
word_consonantal_icf_spacing2_psalm,Klagelied des Volkes,36,1484,0.02368421052631579,0.025167491970049617,0.009524679049813252,0.06985131165048158,0.4640610961365678,0.3660386944320018,0.8212347571453487,0.7697509511173402,0.6786606696651675,1.0,2000,0.946508144184988,1.0,0.9126130004304778,1.0,1.0,1.0
word_consonantal_icf_spacing2_psalm,Königspsalm,45,1636,0.02676977989292088,0.0249207030042358,0.01187829976767198,0.05414358711167125,0.4563569682151589,0.3689160806217177,0.6832596877560594,0.8414328242924523,0.7791104447776112,1.0,2000,0.8630080249153356,1.0,0.7990876356693447,1.0,1.0,1.0
word_consonantal_icf_spacing2_psalm,Liturgie,153,2800,0.05181171689806976,0.05224013969449795,0.028808046333759472,0.08443712127359679,0.484187675070028,0.41532713883500416,0.5868439291856506,0.7452726387771814,0.631184407796102,1.0,2000,0.9994262053241604,1.0,0.9529688937044083,1.0,1.0,1.0
word_consonantal_icf_spacing2_psalm,Mischgedicht,45,1633,0.026817640047675805,0.03746771775076304,0.015629460735862816,0.1199036670117271,0.5722732530448391,0.4591042161704151,0.7325048742186646,0.04884505434129599,0.11794102948525736,0.9075462268865567,2000,0.06790842536077536,0.3645913913635719,0.1705171510630227,0.9154841247921109,1.0,1.0
word_consonantal_icf_spacing2_psalm,Thronbesteigungslied,15,1006,0.014691478942213516,0.0175941034887479,0.007577477424752925,0.04746831826221659,0.5676938369781312,0.40581024406739474,0.8285043712278645,0.18389251649047916,0.2028985507246377,0.9225387306346826,2000,0.31080425322334504,1.0,0.35286704473850034,1.0,1.0,1.0
word_consonantal_icf_spacing2_psalm,Wallfahrtslied,0,172,0.0,nan,nan,nan,nan,nan,nan,nan,nan,0.0004997501249375312,2000,nan,nan,nan,nan,0.0004997501249375312,0.0026830925973780084
word_consonantal_icf_spacing2_psalm,Weisheitsgedicht,45,1639,0.02672209026128266,0.02481328117120308,0.01146649819796269,0.04727374587108826,0.4660904345468104,0.33971444227777053,0.6050942738421332,0.7815127094709313,0.6891554222888556,1.0,2000,0.8406411235069365,1.0,0.7347630532559807,1.0,1.0,1.0
word_consonantal_icf_spacing2_psalm,Zionslied,15,1007,0.014677103718199608,0.014083294723365052,0.0054599392964857696,0.0503412944737631,0.4439920556107249,0.2735677284049004,0.8795165476205263,0.7721562943040343,0.7246376811594203,1.0,2000,0.8273103153257511,1.0,0.7763975155279503,1.0,1.0,1.0
word_consonantal_icf_spacing2_psalm,prophetische Gerichtsrede,1,342,0.0029154518950437317,0.005952380952380952,nan,nan,0.5146198830409356,nan,nan,0.4818752176812679,0.4592296148074037,1.0,2000,0.5961342899149706,1.0,0.5681191111019428,1.0,1.0,1.0
word_consonantal_icf_spacing2_psalm,"prophetische Schelt-, Droh- und Mahnrede",3,511,0.005836575875486381,0.00871087508857581,0.005199429556260073,0.01695656620592157,0.5642530984996739,0.28770519734785904,0.8680095716536909,0.3512048315545498,0.3188405797101449,0.9330334832583708,2000,0.4327337259127889,1.0,0.39855072463768115,1.0,1.0,1.0
word_consonantal_icf_spacing2_psalm,prophetische Tora,0,172,0.0,nan,nan,nan,nan,nan,nan,nan,nan,0.0004997501249375312,2000,nan,nan,nan,nan,0.0004997501249375312,0.0026830925973780084
word_consonantal_icf_spacing4,Danklied Israels,6,676,0.008797653958944282,0.009036267809341783,0.0041841004184100415,0.047253121148192356,0.34492110453648916,0.08659549228944247,0.925663859677402,0.9049306924035614,0.9165417291354323,1.0,2000,0.9947817580173883,1.0,0.9950024987506247,1.0,1.0,1.0
word_consonantal_icf_spacing4,Danklied des Einzelnen,78,2087,0.03602771362586605,0.053179424318603744,0.02329675941973436,0.1081561750500143,0.6319093779563353,0.5208917835190677,0.7536850787137156,3.72745562871774e-05,0.012993503248375811,0.6626686656671664,2000,5.025782870181222e-05,0.0002698276627083989,0.017134289997858213,0.09199174619581743,0.8934858413489885,1.0
word_consonantal_icf_spacing4,Fluch,0,173,0.0,nan,nan,nan,nan,nan,nan,nan,nan,0.0004997501249375312,2000,nan,nan,nan,nan,0.0004997501249375312,0.0026830925973780084
word_consonantal_icf_spacing4,Hymnus,465,4421,0.09516987310683586,0.09801722173404238,0.0673050854211323,0.14440812714489618,0.5151026503515723,0.4497714354204586,0.5882028742452055,0.1416340907672266,0.30884557721139433,1.0,2000,0.15592743937676323,0.8371538843981232,0.34001347949878274,1.0,1.0,1.0
word_consonantal_icf_spacing4,Klagelied des Einzelnen,1176,6123,0.1611179613645705,0.14563068476106045,0.10609677255410539,0.1987774990987576,0.46030162840899874,0.4179178287116077,0.5151195752259448,0.999992164959226,0.9265367316341829,1.0,2000,0.9999994887319635,1.0,0.9570214892553723,1.0,1.0,1.0
word_consonantal_icf_spacing4,Klagelied des Volkes,36,1484,0.02368421052631579,0.024125533265324232,0.009404486226624476,0.07818530829082773,0.4532419886193471,0.3418127209141017,0.593448529825926,0.831509108726765,0.7526236881559221,1.0,2000,0.946508144184988,1.0,0.9126130004304778,1.0,1.0,1.0
word_consonantal_icf_spacing4,Königspsalm,45,1636,0.02676977989292088,0.026226182356493405,0.012941084645467654,0.06020850238454408,0.48253192067372996,0.3675614612784492,0.6796737427085483,0.6556014614264913,0.600199900049975,1.0,2000,0.7338030811866151,1.0,0.6818812815814315,1.0,1.0,1.0
word_consonantal_icf_spacing4,Liturgie,153,2800,0.05181171689806976,0.05038323486305671,0.028765422091133558,0.07754797373875057,0.5027637721755369,0.4170598601220016,0.5885133316774844,0.45412474672439046,0.44377811094452774,1.0,2000,0.9994262053241604,1.0,0.9529688937044083,1.0,1.0,1.0
word_consonantal_icf_spacing4,Mischgedicht,45,1633,0.026817640047675805,0.045902985366010604,0.01648449630359611,0.11276082844898692,0.6169082125603865,0.42820401440944494,0.7795469788363655,0.0036913228398493154,0.04547726136931534,0.7306346826586707,2000,0.013136290701826318,0.0705270145624906,0.1222465690231807,0.6563257276663129,1.0,1.0
word_consonantal_icf_spacing4,Thronbesteigungslied,15,1006,0.014691478942213516,0.014109493952312736,0.00656072230822691,0.03263615386605535,0.4626573889993373,0.2866239602364277,0.7173774375250667,0.6905844650296608,0.6471764117941029,1.0,2000,0.7399119268174936,1.0,0.6928114889923459,1.0,1.0,1.0
word_consonantal_icf_spacing4,Wallfahrtslied,0,172,0.0,nan,nan,nan,nan,nan,nan,nan,nan,0.0004997501249375312,2000,nan,nan,nan,nan,0.0004997501249375312,0.0026830925973780084
word_consonantal_icf_spacing4,Weisheitsgedicht,45,1639,0.02672209026128266,0.0350219370903045,0.0125840670565709,0.10631659321280545,0.4891397193410616,0.35706642467151417,0.7274818991973243,0.5983416032465045,0.5107446276861569,1.0,2000,0.7479270040581307,1.0,0.6384307846076962,1.0,1.0,1.0
word_consonantal_icf_spacing4,Zionslied,15,1007,0.014677103718199608,0.016544186341230997,0.006196120343430254,0.04274414086927873,0.5233035418735518,0.3223351341541666,0.8679630730512646,0.37837374622813535,0.36081959020489757,0.9995002498750625,2000,0.48822418868146494,1.0,0.465573664780513,1.0,1.0,1.0
word_consonantal_icf_spacing4,prophetische Gerichtsrede,1,342,0.0029154518950437317,0.006711409395973154,nan,nan,0.5701754385964912,nan,nan,0.4061972309969816,0.3931965982991496,0.9175412293853074,2000,0.513091239154082,1.0,0.5073504494182576,1.0,1.0,1.0
word_consonantal_icf_spacing4,"prophetische Schelt-, Droh- und Mahnrede",3,511,0.005836575875486381,0.012190225233703493,0.008906653649122607,0.017547962122969364,0.6973255055446836,0.5888970064848882,0.8084936686532798,0.11951824917927312,0.12693653173413294,0.408295852073963,2000,0.23666430829315022,1.0,0.2513029199685871,1.0,0.8304322415063654,1.0
word_consonantal_icf_spacing4,prophetische Tora,0,172,0.0,nan,nan,nan,nan,nan,nan,nan,nan,0.0004997501249375312,2000,nan,nan,nan,nan,0.0004997501249375312,0.0026830925973780084
word_consonantal_icf_spacing4_psalm,Danklied Israels,6,676,0.008797653958944282,0.008877554096815695,0.004039539918110354,0.03083339210855414,0.40951676528599606,0.20624759668245923,0.9678646514185403,0.7778262308549809,0.7646176911544228,1.0,2000,0.9947817580173883,1.0,0.9950024987506247,1.0,1.0,1.0
word_consonantal_icf_spacing4_psalm,Danklied des Einzelnen,78,2087,0.03602771362586605,0.0489428546836668,0.022024389127430818,0.09143556947320226,0.6063727839003354,0.5103154296169503,0.7373351854792276,0.0007006332492267452,0.031984007996002,0.7816091954022989,2000,0.0008492524233051458,0.004559524403441018,0.03762824470117882,0.2020210896849324,0.9283593497368963,1.0
word_consonantal_icf_spacing4_psalm,Fluch,0,173,0.0,nan,nan,nan,nan,nan,nan,nan,nan,0.0004997501249375312,2000,nan,nan,nan,nan,0.0004997501249375312,0.0026830925973780084
word_consonantal_icf_spacing4_psalm,Hymnus,465,4421,0.09516987310683586,0.09963897886194864,0.06657159130410008,0.14966831227217903,0.5167672375003952,0.46200114768578726,0.5897960061188946,0.11677315410646233,0.2868565717141429,1.0,2000,0.12974794900718037,0.6965996487737961,0.3187295241268255,1.0,1.0,1.0
word_consonantal_icf_spacing4_psalm,Klagelied des Einzelnen,1176,6123,0.1611179613645705,0.14337400011480742,0.10339996594539497,0.19426479518926562,0.45507904288614026,0.41318231742269157,0.507066982620167,0.9999994887319635,0.9540229885057471,1.0,2000,0.9999994887319635,1.0,0.9570214892553723,1.0,1.0,1.0
word_consonantal_icf_spacing4_psalm,Klagelied des Volkes,36,1484,0.02368421052631579,0.02255499562959918,0.009023791450852471,0.05040150875177267,0.47197888589398024,0.3761046050379761,0.6387515778415132,0.717514171192417,0.6531734132933533,1.0,2000,0.946508144184988,1.0,0.9126130004304778,1.0,1.0,1.0
word_consonantal_icf_spacing4_psalm,Königspsalm,45,1636,0.02676977989292088,0.02509906938744117,0.012317435759849773,0.05106142163883643,0.46461559358869875,0.3580988051308969,0.6530878454715943,0.791343977048456,0.711144427786107,1.0,2000,0.8257502369201281,1.0,0.742063750733329,1.0,1.0,1.0
word_consonantal_icf_spacing4_psalm,Liturgie,153,2800,0.05181171689806976,0.04943496577416755,0.028883010473490452,0.08215049118918902,0.4830088702147526,0.4009396630866959,0.5896452660523224,0.7607952049005677,0.63968015992004,1.0,2000,0.9994262053241604,1.0,0.9529688937044083,1.0,1.0,1.0
word_consonantal_icf_spacing4_psalm,Mischgedicht,45,1633,0.026817640047675805,0.05248557083837345,0.01730399685926911,0.1332680061824105,0.6098047220521194,0.4287849544842981,0.7582068481047901,0.0059300629516732175,0.04897551224387806,0.7681159420289855,2000,0.015140586259591195,0.08128781342105773,0.1222465690231807,0.6563257276663129,1.0,1.0
word_consonantal_icf_spacing4_psalm,Thronbesteigungslied,15,1006,0.014691478942213516,0.017136742946023062,0.008287661977502733,0.037911831258485504,0.5540424121935056,0.35869641490647963,0.7500066608441134,0.23609625319649197,0.25087456271864067,0.9685157421289355,2000,0.3656594523378597,1.0,0.40187698358612906,1.0,1.0,1.0
word_consonantal_icf_spacing4_psalm,Wallfahrtslied,0,172,0.0,nan,nan,nan,nan,nan,nan,nan,nan,0.0004997501249375312,2000,nan,nan,nan,nan,0.0004997501249375312,0.0026830925973780084
word_consonantal_icf_spacing4_psalm,Weisheitsgedicht,45,1639,0.02672209026128266,0.035131984533951666,0.014506672690337386,0.15196821754123854,0.4927055792827605,0.35176337866129936,0.7041135363683589,0.5664458442372471,0.5002498750624688,1.0,2000,0.7155105400891542,1.0,0.6318945790262763,1.0,1.0,1.0
word_consonantal_icf_spacing4_psalm,Zionslied,15,1007,0.014677103718199608,0.015677715755411492,0.006829956475335946,0.05007501100339174,0.5159549817941079,0.3275957171414648,0.7855764112440139,0.41607792236897556,0.38330834582708645,1.0,2000,0.5255721124660744,1.0,0.4841789631500039,1.0,1.0,1.0
word_consonantal_icf_spacing4_psalm,prophetische Gerichtsrede,1,342,0.0029154518950437317,0.004739336492890996,nan,nan,0.3888888888888889,nan,nan,0.6512992680697436,0.6248124062031015,1.0,2000,0.7815591216836922,1.0,0.7497748874437218,1.0,1.0,1.0
word_consonantal_icf_spacing4_psalm,"prophetische Schelt-, Droh- und Mahnrede",3,511,0.005836575875486381,0.012076838491433943,0.00793811668661579,0.0176648594407943,0.6940639269406392,0.5242523211052535,0.8516384082453061,0.12345137842653409,0.1294352823588206,0.4492753623188406,2000,0.23666430829315022,1.0,0.2513029199685871,1.0,0.842391304347826,1.0
word_consonantal_icf_spacing4_psalm,prophetische Tora,0,172,0.0,nan,nan,nan,nan,nan,nan,nan,nan,0.0004997501249375312,2000,nan,nan,nan,nan,0.0004997501249375312,0.0026830925973780084
word_consonantal_icf_spacing8,Danklied Israels,6,676,0.008797653958944282,0.008606179557646261,0.004208179547093402,0.026859662905584152,0.4245562130177515,0.13676113610105697,0.9547136639027743,0.7382351605605539,0.6926536731634183,1.0,2000,0.9947817580173883,1.0,0.9950024987506247,1.0,1.0,1.0
word_consonantal_icf_spacing8,Danklied des Einzelnen,78,2087,0.03602771362586605,0.04978825604505232,0.021892441773870633,0.08808300562956495,0.6362525032865234,0.5507158300255391,0.7248655272547979,2.141035849664059e-05,0.01649175412293853,0.6526736631684158,2000,2.9531528960883574e-05,0.0001585508893151462,0.021279682739275524,0.1142478138238378,0.8900095406842032,1.0
word_consonantal_icf_spacing8,Fluch,0,173,0.0,nan,nan,nan,nan,nan,nan,nan,nan,0.0004997501249375312,2000,nan,nan,nan,nan,0.0004997501249375312,0.0026830925973780084
word_consonantal_icf_spacing8,Hymnus,465,4421,0.09516987310683586,0.1163237540927668,0.07818585225591378,0.17202134200577104,0.5582904660795373,0.47868848837560324,0.6424479443384726,1.7256222484752818e-05,0.06596701649175413,0.9710144927536232,2000,2.760995597560451e-05,0.00014823421705264644,0.1035845713506883,0.5561319201838055,1.0,1.0
word_consonantal_icf_spacing8,Klagelied des Einzelnen,1176,6123,0.1611179613645705,0.14718218142214037,0.10445724820336878,0.20207966439000907,0.47030572804003196,0.4199067122448395,0.5256194846341983,0.9993824349065472,0.8295852073963018,1.0,2000,0.9999994887319635,1.0,0.9281597733243471,1.0,1.0,1.0
word_consonantal_icf_spacing8,Klagelied des Volkes,36,1484,0.02368421052631579,0.022034108299462368,0.009184622394723348,0.047005415227029564,0.45037810721772986,0.2967521699291481,0.5906610718907036,0.8458847778616002,0.7681159420289855,1.0,2000,0.946508144184988,1.0,0.9126130004304778,1.0,1.0,1.0
word_consonantal_icf_spacing8,Königspsalm,45,1636,0.02676977989292088,0.026433493906738034,0.011689239359884212,0.06174758904680077,0.48485465906003805,0.38102699750471886,0.6337096290294111,0.635800377264767,0.5632183908045977,1.0,2000,0.7338030811866151,1.0,0.6818812815814315,1.0,1.0,1.0
word_consonantal_icf_spacing8,Liturgie,153,2800,0.05181171689806976,0.04862668682930527,0.02574934037361338,0.0776704408317583,0.47847105508870214,0.3925649145891669,0.5641678173202952,0.8154513658020177,0.6781609195402298,1.0,2000,0.9994262053241604,1.0,0.9529688937044083,1.0,1.0,1.0
word_consonantal_icf_spacing8,Mischgedicht,45,1633,0.026817640047675805,0.044605291026957455,0.015709284207030074,0.09459578692299882,0.6174117166768728,0.39914026751118226,0.7869911621154825,0.003566062402660452,0.04997501249375312,0.7361319340329835,2000,0.013136290701826318,0.0705270145624906,0.1222465690231807,0.6563257276663129,1.0,1.0
word_consonantal_icf_spacing8,Thronbesteigungslied,15,1006,0.014691478942213516,0.013539763463797448,0.006906269751438487,0.029391280326995006,0.45914512922465206,0.29939875383489795,0.637729815899815,0.7068684807891918,0.6571714142928535,1.0,2000,0.7432769514770899,1.0,0.6928114889923459,1.0,1.0,1.0
word_consonantal_icf_spacing8,Wallfahrtslied,0,172,0.0,nan,nan,nan,nan,nan,nan,nan,nan,0.0004997501249375312,2000,nan,nan,nan,nan,0.0004997501249375312,0.0026830925973780084
word_consonantal_icf_spacing8,Weisheitsgedicht,45,1639,0.02672209026128266,0.034810154874655115,0.012594723327912066,0.0972436086523884,0.48741780218290287,0.32644706151046854,0.685380903454646,0.6135258870530018,0.5347326336831584,1.0,2000,0.7556184836867131,1.0,0.6615249076492681,1.0,1.0,1.0
word_consonantal_icf_spacing8,Zionslied,15,1007,0.014677103718199608,0.01394276033928871,0.004496162904089182,0.04608411559043692,0.4065872227739159,0.20989191365861534,0.9744617375344802,0.8932254941712598,0.8630684657671165,1.0,2000,0.9320613852221842,1.0,0.9005931816700345,1.0,1.0,1.0
word_consonantal_icf_spacing8,prophetische Gerichtsrede,1,342,0.0029154518950437317,0.00684931506849315,nan,nan,0.5789473684210527,nan,nan,0.3944895101044724,0.3871935967983992,0.9175412293853074,2000,0.5036036299206031,1.0,0.5050351262587816,1.0,1.0,1.0
word_consonantal_icf_spacing8,"prophetische Schelt-, Droh- und Mahnrede",3,511,0.005836575875486381,0.04534975258659469,0.019260299422027734,0.07142857142857142,0.9060665362035225,0.8081558061325128,0.9597382319379884,0.00765476228699903,0.005997001499250375,0.0734632683658171,2000,0.09185714744398836,0.49316892587877414,0.07196401799100449,0.3863653340224333,0.6172523494350386,1.0
word_consonantal_icf_spacing8,prophetische Tora,0,172,0.0,nan,nan,nan,nan,nan,nan,nan,nan,0.0004997501249375312,2000,nan,nan,nan,nan,0.0004997501249375312,0.0026830925973780084
word_consonantal_icf_spacing8_psalm,Danklied Israels,6,676,0.008797653958944282,0.008888551250352712,0.004072933245327531,0.025035525987196793,0.4395956607495069,0.2544148083129452,0.9330032688236063,0.6953089149079832,0.6606696651674163,1.0,2000,0.9947817580173883,1.0,0.9950024987506247,1.0,1.0,1.0
word_consonantal_icf_spacing8_psalm,Danklied des Einzelnen,78,2087,0.03602771362586605,0.04720818551663915,0.020023649809603705,0.07797612935324241,0.5716830685685501,0.4834041300021658,0.7022413691895917,0.015674167072101338,0.1024487756121939,0.9255372313843079,2000,0.016645133173912925,0.08936552763619507,0.1078408164338883,0.5789831394342019,0.9742497172466398,1.0
word_consonantal_icf_spacing8_psalm,Fluch,0,173,0.0,nan,nan,nan,nan,nan,nan,nan,nan,0.0004997501249375312,2000,nan,nan,nan,nan,0.0004997501249375312,0.0026830925973780084
word_consonantal_icf_spacing8_psalm,Hymnus,465,4421,0.09516987310683586,0.11270715610307183,0.07224418327569977,0.16861219502888614,0.5251412491213733,0.4652823472985459,0.599818242733693,0.03703052474827673,0.23138430784607697,0.9980009995002499,2000,0.043142358930031134,0.23162564270106176,0.26698189366855035,1.0,1.0,1.0
word_consonantal_icf_spacing8_psalm,Klagelied des Einzelnen,1176,6123,0.1611179613645705,0.1488457432420232,0.10515736861762838,0.20310584203227594,0.47901369432306645,0.42481904629601924,0.5383745869515857,0.9887920146054695,0.7501249375312344,1.0,2000,0.9999994887319635,1.0,0.8983626998381996,1.0,1.0,1.0
word_consonantal_icf_spacing8_psalm,Klagelied des Volkes,36,1484,0.02368421052631579,0.027544710988745183,0.01133754822739026,0.14724358891762745,0.48753369272237196,0.3494064490925003,0.6123092405778102,0.6010742221918207,0.5232383808095952,1.0,2000,0.946508144184988,1.0,0.9099450274862569,1.0,1.0,1.0
word_consonantal_icf_spacing8_psalm,Königspsalm,45,1636,0.02676977989292088,0.027292143837857816,0.012201058374828105,0.06390757507425808,0.4884134745992937,0.354818194178903,0.6585933502926004,0.6047629249417349,0.5472263868065967,1.0,2000,0.7338030811866151,1.0,0.6818812815814315,1.0,1.0,1.0
word_consonantal_icf_spacing8_psalm,Liturgie,153,2800,0.05181171689806976,0.04841533162849077,0.025940515145310716,0.07906538920476754,0.4630438842203548,0.3770502538379766,0.5489861885007169,0.9384311847697626,0.7981009495252374,1.0,2000,0.9994262053241604,1.0,0.9529688937044083,1.0,1.0,1.0
word_consonantal_icf_spacing8_psalm,Mischgedicht,45,1633,0.026817640047675805,0.043916056014334404,0.018664545617212706,0.10101297641883959,0.636150234741784,0.4485205130026781,0.7967964192490192,0.0009041056352994697,0.025987006496751622,0.6551724137931034,2000,0.007232845082395758,0.03883219259021454,0.1222465690231807,0.6563257276663129,1.0,1.0
word_consonantal_icf_spacing8_psalm,Thronbesteigungslied,15,1006,0.014691478942213516,0.019795008744034705,0.008846776195140786,0.046502661617289276,0.6187872763419483,0.4361937866916998,0.7731054381705453,0.05696946917902513,0.09545227386306847,0.7376311844077961,2000,0.15191858447740034,0.8156308704603326,0.2594354996414836,1.0,1.0,1.0
word_consonantal_icf_spacing8_psalm,Wallfahrtslied,0,172,0.0,nan,nan,nan,nan,nan,nan,nan,nan,0.0004997501249375312,2000,nan,nan,nan,nan,0.0004997501249375312,0.0026830925973780084
word_consonantal_icf_spacing8_psalm,Weisheitsgedicht,45,1639,0.02672209026128266,0.030313612677251918,0.012177822609072108,0.08994783037944744,0.46215849772896755,0.3090577913892208,0.6295087148003157,0.8071457836166259,0.7041479260369815,1.0,2000,0.8422390785564792,1.0,0.7347630532559807,1.0,1.0,1.0
word_consonantal_icf_spacing8_psalm,Zionslied,15,1007,0.014677103718199608,0.013243793746886329,0.005668442341256719,0.03963254125766132,0.38910956636875205,0.18983278104713736,0.8423915993720092,0.9300967724868509,0.9100449775112444,1.0,2000,0.9539454076788213,1.0,0.9333794641140967,1.0,1.0,1.0
word_consonantal_icf_spacing8_psalm,prophetische Gerichtsrede,1,342,0.0029154518950437317,0.011363636363636364,nan,nan,0.7485380116959064,nan,nan,0.19671670452300732,0.18809404702351176,0.2898550724637681,2000,0.36697981871958385,1.0,0.3637112673984051,1.0,0.5378849037019952,1.0
word_consonantal_icf_spacing8_psalm,"prophetische Schelt-, Droh- und Mahnrede",3,511,0.005836575875486381,0.020302313919335197,0.009818434111028718,0.03125,0.7945205479452054,0.643796250726111,0.8951506778709156,0.039348207280052776,0.04597701149425287,0.20789605197401298,2000,0.11804462184015832,0.6337660266902501,0.13850217748268723,0.7435999484161909,0.6172523494350386,1.0
word_consonantal_icf_spacing8_psalm,prophetische Tora,0,172,0.0,nan,nan,nan,nan,nan,nan,nan,nan,0.0004997501249375312,2000,nan,nan,nan,nan,0.0004997501249375312,0.0026830925973780084
word_consonantal_log_count,Danklied Israels,6,676,0.008797653958944282,0.007044457372348213,0.003952569169960474,0.014598345479685517,0.29610453648915186,0.033036168396774056,0.7833427183378248,0.957489117460036,0.9730134932533733,1.0,2000,0.9947817580173883,1.0,0.9950024987506247,1.0,1.0,1.0
word_consonantal_log_count,Danklied des Einzelnen,78,2087,0.03602771362586605,0.07733539150020326,0.03727833537355131,0.143545701859034,0.7382023024092981,0.6100579785276062,0.8206225335100187,4.2338388394175075e-13,0.0004997501249375312,0.3218390804597701,2000,1.638905357193874e-12,8.799066998211778e-12,0.0011758826469118382,0.006313159052654138,0.8349671318187061,1.0
word_consonantal_log_count,Fluch,0,173,0.0,nan,nan,nan,nan,nan,nan,nan,nan,0.0004997501249375312,2000,nan,nan,nan,nan,0.0004997501249375312,0.0026830925973780084
word_consonantal_log_count,Hymnus,465,4421,0.09516987310683586,0.11380673364432295,0.07502534408890592,0.16829490942545092,0.5407403083523652,0.46746922647605865,0.620615961593914,0.0018986387843776392,0.13943028485757122,0.9960019990004998,2000,0.0025315183791701857,0.013591388744779078,0.1838641119000939,0.9871421995628104,1.0,1.0
word_consonantal_log_count,Klagelied des Einzelnen,1176,6123,0.1611179613645705,0.18679564030304463,0.13107488293360053,0.2624894211568793,0.5574210821026108,0.4959623067781572,0.6262738805389286,2.0892975868000515e-10,0.033483258370814596,0.9765117441279361,2000,3.979614451047717e-10,2.136602582212338e-09,0.05908810300731988,0.3172362423958705,1.0,1.0
word_consonantal_log_count,Klagelied des Volkes,36,1484,0.02368421052631579,0.028615606128132662,0.011440288785002336,0.06772624422870642,0.5076182988918838,0.32244387725325324,0.7337364868971951,0.4379323861217485,0.4222888555722139,1.0,2000,0.946508144184988,1.0,0.9099450274862569,1.0,1.0,1.0
word_consonantal_log_count,Königspsalm,45,1636,0.02676977989292088,0.03190963357087889,0.015211702153483655,0.07479946318786296,0.532572670469981,0.4176713961077954,0.7400386547561746,0.22773015616726544,0.280359820089955,1.0,2000,0.6852872862006282,1.0,0.6818812815814315,1.0,1.0,1.0
word_consonantal_log_count,Liturgie,153,2800,0.05181171689806976,0.04444647039966847,0.026567974795916317,0.07246994329518773,0.46286647992530344,0.40006084877474085,0.5461754504298264,0.9393256358987085,0.7956021989005497,1.0,2000,0.9994262053241604,1.0,0.9529688937044083,1.0,1.0,1.0
word_consonantal_log_count,Mischgedicht,45,1633,0.026817640047675805,0.03704870534619573,0.01682222037850546,0.07621850593452588,0.6190583112199769,0.4530826318814191,0.7293732850417394,0.0031826317803048663,0.04847576211894053,0.7401299350324838,2000,0.013136290701826318,0.0705270145624906,0.1222465690231807,0.6563257276663129,1.0,1.0
word_consonantal_log_count,Thronbesteigungslied,15,1006,0.014691478942213516,0.04493688819745504,0.008356909047680506,0.24162311601685837,0.5553677932405566,0.33393362023464124,0.9443833329600048,0.23069547194338713,0.25787106446776614,0.9800099950024987,2000,0.3642560083316639,1.0,0.40187698358612906,1.0,1.0,1.0
word_consonantal_log_count,Wallfahrtslied,0,172,0.0,nan,nan,nan,nan,nan,nan,nan,nan,0.0004997501249375312,2000,nan,nan,nan,nan,0.0004997501249375312,0.0026830925973780084
word_consonantal_log_count,Weisheitsgedicht,45,1639,0.02672209026128266,0.042033948134330604,0.014389225705551241,0.10836715292910298,0.536607687614399,0.3844345262907077,0.8245247224370981,0.20077998735821767,0.25987006496751625,0.9975012493753124,2000,0.3393464575068468,1.0,0.4331167749458604,1.0,1.0,1.0
word_consonantal_log_count,Zionslied,15,1007,0.014677103718199608,0.014227495047159859,0.006636228154245338,0.04383943791978428,0.48225753061900034,0.33872708851501443,0.7391124517693737,0.5935211198880296,0.5487256371814093,1.0,2000,0.6719107017600334,1.0,0.6096951524237881,1.0,1.0,1.0
word_consonantal_log_count,prophetische Gerichtsrede,1,342,0.0029154518950437317,0.01639344262295082,nan,nan,0.827485380116959,nan,nan,0.1300629064079481,0.10955477738869435,0.1424287856071964,2000,0.36697981871958385,1.0,0.3637112673984051,1.0,0.5378849037019952,1.0
word_consonantal_log_count,"prophetische Schelt-, Droh- und Mahnrede",3,511,0.005836575875486381,0.1716701553376666,0.004819277108433735,0.5,0.5720808871493803,0.18245552414289104,0.9980720755589354,0.3340148303091558,0.3188405797101449,0.9320339830084957,2000,0.42191346986419676,1.0,0.39855072463768115,1.0,1.0,1.0
word_consonantal_log_count,prophetische Tora,0,172,0.0,nan,nan,nan,nan,nan,nan,nan,nan,0.0004997501249375312,2000,nan,nan,nan,nan,0.0004997501249375312,0.0026830925973780084
word_consonantal_log_count_psalm,Danklied Israels,6,676,0.008797653958944282,0.022972921479517034,0.0038712547764900283,0.08381792912342115,0.45290927021696253,0.024348974031328602,0.9921888964009575,0.6548935481171019,0.6241879060469765,1.0,2000,0.9947817580173883,1.0,0.9950024987506247,1.0,1.0,1.0
word_consonantal_log_count_psalm,Danklied des Einzelnen,78,2087,0.03602771362586605,0.07357331681714037,0.03251343871324057,0.16181823062726194,0.7251606403499072,0.6097072403534368,0.8142749461493346,6.818645398889523e-12,0.0004997501249375312,0.34182908545727136,2000,1.9028777857366113e-11,1.021630019855054e-10,0.0011758826469118382,0.006313159052654138,0.8349671318187061,1.0
word_consonantal_log_count_psalm,Fluch,0,173,0.0,nan,nan,nan,nan,nan,nan,nan,nan,0.0004997501249375312,2000,nan,nan,nan,nan,0.0004997501249375312,0.0026830925973780084
word_consonantal_log_count_psalm,Hymnus,465,4421,0.09516987310683586,0.18912419680586928,0.1180952576452856,0.288293821253262,0.6130919633323848,0.5222184487889655,0.7084996726807862,4.678151683459746e-16,0.0024987506246876563,0.7266366816591704,2000,4.678151683459746e-15,2.511638021675593e-14,0.010903639089546136,0.05854020212461109,1.0,1.0
word_consonantal_log_count_psalm,Klagelied des Einzelnen,1176,6123,0.1611179613645705,0.2951625146977276,0.2087042279333482,0.40953260478473774,0.6606694286403113,0.5905683295972955,0.7331398296731728,1.0127516494941219e-68,0.0004997501249375312,0.5212393803098451,2000,1.1048199812663147e-67,5.931632960655089e-67,0.0023988005997001498,0.012878844467414441,1.0,1.0
word_consonantal_log_count_psalm,Klagelied des Volkes,36,1484,0.02368421052631579,0.03838402931012073,0.0105378631188429,0.16929071780268679,0.5694444444444444,0.3750905934037476,0.8528940471128811,0.07700349735051724,0.1489255372313843,0.9280359820089955,2000,0.946508144184988,1.0,0.9099450274862569,1.0,1.0,1.0
word_consonantal_log_count_psalm,Königspsalm,45,1636,0.02676977989292088,0.029725916513331146,0.014381490247456918,0.0633346611744115,0.5241510459114371,0.3377154438179367,0.6688127711249943,0.2900164749167624,0.32233883058470764,0.9995002498750625,2000,0.6852872862006282,1.0,0.6818812815814315,1.0,1.0,1.0
word_consonantal_log_count_psalm,Liturgie,153,2800,0.05181171689806976,0.05608404037198231,0.030263979853683443,0.09646602203399889,0.5164005602240896,0.4375967145194255,0.6123223427361801,0.24694690296475397,0.34182908545727136,1.0,2000,0.9994262053241604,1.0,0.9529688937044083,1.0,1.0,1.0
word_consonantal_log_count_psalm,Mischgedicht,45,1633,0.026817640047675805,0.037004644771835814,0.01657344368253909,0.07341164556838771,0.6081581275090154,0.4451644846357713,0.7327118180638008,0.006596003427886268,0.044977511244377814,0.7551224387806097,2000,0.015410950958065923,0.08273936587671857,0.1222465690231807,0.6563257276663129,1.0,1.0
word_consonantal_log_count_psalm,Thronbesteigungslied,15,1006,0.014691478942213516,0.16212021429479234,0.010884962605388085,0.41753845235007164,0.7143472498343274,0.37454683691491836,0.9859706374348104,0.0021672691845762196,0.01199400299850075,0.3698150924537731,2000,0.011307491397788973,0.06070843197511053,0.06257740694869957,0.3359698556716811,1.0,1.0
word_consonantal_log_count_psalm,Wallfahrtslied,0,172,0.0,nan,nan,nan,nan,nan,nan,nan,nan,0.0004997501249375312,2000,nan,nan,nan,nan,0.0004997501249375312,0.0026830925973780084
word_consonantal_log_count_psalm,Weisheitsgedicht,45,1639,0.02672209026128266,0.041965681790008376,0.014898736887454467,0.21968047003487898,0.5443630940275236,0.37321540190243996,0.7236278096077118,0.154676437291082,0.223888055972014,0.9885057471264368,2000,0.29815678380280136,1.0,0.42251601471991274,1.0,1.0,1.0
word_consonantal_log_count_psalm,Zionslied,15,1007,0.014677103718199608,0.030635535958362485,0.008688058113811906,0.1372712378978988,0.6279708705726581,0.3252261372146057,0.8911961760541358,0.044284970374668754,0.08095952023988005,0.6531734132933533,2000,0.08856994074933751,0.47552034610188737,0.15926462998009192,0.8550708211971884,1.0,1.0
word_consonantal_log_count_psalm,prophetische Gerichtsrede,1,342,0.0029154518950437317,0.018518518518518517,nan,nan,0.847953216374269,nan,nan,0.1156941529281939,0.11505752876438219,0.1374312843578211,2000,0.36697981871958385,1.0,0.3637112673984051,1.0,0.5378849037019952,1.0
word_consonantal_log_count_psalm,"prophetische Schelt-, Droh- und Mahnrede",3,511,0.005836575875486381,0.17949412827461608,0.009009009009009009,0.5,0.8349641226353555,0.541631781686258,0.9980694980694981,0.022749163423933242,0.0239880059970015,0.15542228885557222,2000,0.1003999573557828,0.5390341470990955,0.11754122938530734,0.6310633789033077,0.6172523494350386,1.0
word_consonantal_log_count_psalm,prophetische Tora,0,172,0.0,nan,nan,nan,nan,nan,nan,nan,nan,0.0004997501249375312,2000,nan,nan,nan,nan,0.0004997501249375312,0.0026830925973780084
word_consonantal_tf_icf,Danklied Israels,6,676,0.008797653958944282,0.008901362824114502,0.003901245256277508,0.02130138803735075,0.3801775147928994,0.012013390624030017,0.8450467741163914,0.8443613126022904,0.8290854572713643,1.0,2000,0.9947817580173883,1.0,0.9950024987506247,1.0,1.0,1.0
word_consonantal_tf_icf,Danklied des Einzelnen,78,2087,0.03602771362586605,0.08734142101946811,0.04050802304697104,0.16995457129363212,0.7681618812428587,0.6537712826578352,0.842113873597313,4.036795185091742e-16,0.0004997501249375312,0.22988505747126436,2000,3.726272478546223e-15,2.0005866140104553e-14,0.0011758826469118382,0.006313159052654138,0.8349671318187061,1.0
word_consonantal_tf_icf,Fluch,0,173,0.0,nan,nan,nan,nan,nan,nan,nan,nan,0.0004997501249375312,2000,nan,nan,nan,nan,0.0004997501249375312,0.0026830925973780084
word_consonantal_tf_icf,Hymnus,465,4421,0.09516987310683586,0.144031717579771,0.09378060509437233,0.2231149358568528,0.5875413775407209,0.5012559352899012,0.6797752154822552,2.490775455006111e-10,0.010994502748625687,0.8800599700149925,2000,6.642067880016296e-10,3.566038760346809e-09,0.023146321576054077,0.12426955187856041,1.0,1.0
word_consonantal_tf_icf,Klagelied des Einzelnen,1176,6123,0.1611179613645705,0.20596170919122528,0.1438281957591133,0.29004526564314176,0.5915582875318999,0.5282141719367819,0.6568416109636269,1.1264604531143672e-23,0.0014992503748125937,0.8640679660169915,2000,5.407010174948962e-23,2.9029525457680618e-22,0.005622188905547226,0.030184791720502598,1.0,1.0
word_consonantal_tf_icf,Klagelied des Volkes,36,1484,0.02368421052631579,0.03175637812967155,0.011023878559389024,0.07407359133078416,0.5365004492362982,0.3298632714524394,0.7843642914211731,0.22687698626000108,0.27886056971514245,0.9985007496251874,2000,0.946508144184988,1.0,0.9099450274862569,1.0,1.0,1.0
word_consonantal_tf_icf,Königspsalm,45,1636,0.02676977989292088,0.030422087602113523,0.014522188552978429,0.0694259245628057,0.54786742732953,0.3943763405261054,0.6761114839410607,0.13634972081787622,0.21039480259870064,0.9895052473763118,2000,0.6852872862006282,1.0,0.6818812815814315,1.0,1.0,1.0
word_consonantal_tf_icf,Liturgie,153,2800,0.05181171689806976,0.046071049754131066,0.02748564357405646,0.07783799304107249,0.4728828197945845,0.40348100177378965,0.5614060804249744,0.8710331450998032,0.728135932033983,1.0,2000,0.9994262053241604,1.0,0.9529688937044083,1.0,1.0,1.0
word_consonantal_tf_icf,Mischgedicht,45,1633,0.026817640047675805,0.037563974320942065,0.01688698644019822,0.07622660611564633,0.6161461522759747,0.44088364841235267,0.7379716622307514,0.0038884210110042747,0.04047976011994003,0.7416291854072964,2000,0.013136290701826318,0.0705270145624906,0.1222465690231807,0.6563257276663129,1.0,1.0
word_consonantal_tf_icf,Thronbesteigungslied,15,1006,0.014691478942213516,0.06812704397335331,0.016324372818803293,0.27298791243271603,0.7049370444002651,0.4165896628587128,0.9056091452789314,0.003191090215143547,0.01649175412293853,0.392303848075962,2000,0.015955451075717733,0.08566271529083956,0.08155922038980509,0.437880711892091,1.0,1.0
word_consonantal_tf_icf,Wallfahrtslied,0,172,0.0,nan,nan,nan,nan,nan,nan,nan,nan,0.0004997501249375312,2000,nan,nan,nan,nan,0.0004997501249375312,0.0026830925973780084
word_consonantal_tf_icf,Weisheitsgedicht,45,1639,0.02672209026128266,0.05125489044782923,0.016031932713645326,0.1307803883176356,0.5730662327977765,0.4080774803763022,0.7779970638021196,0.04702461858908211,0.12493753123438281,0.9270364817591205,2000,0.22876453724756324,1.0,0.42251601471991274,1.0,1.0,1.0
word_consonantal_tf_icf,Zionslied,15,1007,0.014677103718199608,0.021325123537971006,0.007752788400257269,0.07732713483595519,0.5939424031777557,0.3070284320682753,0.8337164639841531,0.10564350674125877,0.1584207896051974,0.8525737131434283,2000,0.17366055902672675,0.9323606681226556,0.24449313804636144,1.0,1.0,1.0
word_consonantal_tf_icf,prophetische Gerichtsrede,1,342,0.0029154518950437317,0.015625,nan,nan,0.8187134502923976,nan,nan,0.13658417759564667,0.11105552776388194,0.14492753623188406,2000,0.36697981871958385,1.0,0.3637112673984051,1.0,0.5378849037019952,1.0
word_consonantal_tf_icf,"prophetische Schelt-, Droh- und Mahnrede",3,511,0.005836575875486381,0.17097835023294053,0.00468384074941452,0.5,0.5035877364644488,0.15189164189602755,0.9980754886085869,0.49222377009380913,0.48425787106446777,1.0,2000,0.5181302843092728,1.0,0.5097451274362819,1.0,1.0,1.0
word_consonantal_tf_icf,prophetische Tora,0,172,0.0,nan,nan,nan,nan,nan,nan,nan,nan,0.0004997501249375312,2000,nan,nan,nan,nan,0.0004997501249375312,0.0026830925973780084
word_consonantal_tf_icf_psalm,Danklied Israels,6,676,0.008797653958944282,0.025553848404437994,0.003925686539746017,0.10743580048332249,0.49087771203155817,0.014324890873124076,0.9772118619067963,0.5311051451604744,0.4927536231884058,1.0,2000,0.9947817580173883,1.0,0.9950024987506247,1.0,1.0,1.0
word_consonantal_tf_icf_psalm,Danklied des Einzelnen,78,2087,0.03602771362586605,0.061976565469604325,0.029293978043567526,0.12774327557099513,0.6948509085547897,0.6005825362931947,0.785401611883204,2.4361241533161817e-09,0.0004997501249375312,0.42478760619690153,2000,4.954828786405793e-09,2.6601823140599772e-08,0.0011758826469118382,0.006313159052654138,0.8349671318187061,1.0
word_consonantal_tf_icf_psalm,Fluch,0,173,0.0,nan,nan,nan,nan,nan,nan,nan,nan,0.0004997501249375312,2000,nan,nan,nan,nan,0.0004997501249375312,0.0026830925973780084
word_consonantal_tf_icf_psalm,Hymnus,465,4421,0.09516987310683586,0.20606496344079722,0.1308331064913421,0.32141804714728345,0.6335266920100303,0.5442875072049562,0.7250378735492655,1.1902415465769785e-21,0.0004997501249375312,0.632183908045977,2000,1.4282898558923742e-19,7.668300112449119e-19,0.005997001499250375,0.03219711116853611,1.0,1.0
word_consonantal_tf_icf_psalm,Klagelied des Einzelnen,1176,6123,0.1611179613645705,0.36233962436954426,0.2663953791729498,0.4925364516409055,0.7149395443298991,0.6397363250186545,0.7855472813051694,3.0607373094286125e-121,0.0004997501249375312,0.37381309345327335,2000,6.121474618857225e-120,3.286539095302127e-119,0.0023988005997001498,0.012878844467414441,1.0,1.0
word_consonantal_tf_icf_psalm,Klagelied des Volkes,36,1484,0.02368421052631579,0.04583213026387109,0.011170228205072812,0.292924928942677,0.5710354896675651,0.3710250849504865,0.8528613497045903,0.07239486389606649,0.11544227886056972,0.904047976011994,2000,0.946508144184988,1.0,0.9099450274862569,1.0,1.0,1.0
word_consonantal_tf_icf_psalm,Königspsalm,45,1636,0.02676977989292088,0.03772368336509644,0.013034450033996666,0.1204841767930963,0.5385085574572127,0.367416781121091,0.7507499422610406,0.1887853519153328,0.23438280859570215,0.9900049975012494,2000,0.6852872862006282,1.0,0.6818812815814315,1.0,1.0,1.0
word_consonantal_tf_icf_psalm,Liturgie,153,2800,0.05181171689806976,0.05873528698100124,0.032419696171203875,0.09870567987509601,0.5398506069094304,0.4627006811096238,0.6233704330008488,0.048217519369597575,0.16691654172913542,0.9885057471264368,2000,0.4132930231679792,1.0,0.9529688937044083,1.0,1.0,1.0
word_consonantal_tf_icf_psalm,Mischgedicht,45,1633,0.026817640047675805,0.03785048336065541,0.015181683433724256,0.07981834155899133,0.6003742260325237,0.4176374501608845,0.7347316745458337,0.010719667264155162,0.050974512743628186,0.7796101949025487,2000,0.02256772055611613,0.12116311921158522,0.1222465690231807,0.6563257276663129,1.0,1.0
word_consonantal_tf_icf_psalm,Thronbesteigungslied,15,1006,0.014691478942213516,0.19083762227362305,0.019486340967089493,0.36210506847303564,0.8027501656726309,0.43669046562278835,0.9804728957239998,2.7952613749737948e-05,0.0009995002498750624,0.22588705647176413,2000,0.00037109445479559494,0.0019923572499647682,0.009995002498750623,0.05366185194756017,1.0,1.0
word_consonantal_tf_icf_psalm,Wallfahrtslied,0,172,0.0,nan,nan,nan,nan,nan,nan,nan,nan,0.0004997501249375312,2000,nan,nan,nan,nan,0.0004997501249375312,0.0026830925973780084
word_consonantal_tf_icf_psalm,Weisheitsgedicht,45,1639,0.02672209026128266,0.06177335119657171,0.015472103915831275,0.21366049441500878,0.6142431021625653,0.4309609507770851,0.7844754254720566,0.004420697189976209,0.0239880059970015,0.711144427786107,2000,0.22876453724756324,1.0,0.42251601471991274,1.0,1.0,1.0
word_consonantal_tf_icf_psalm,Zionslied,15,1007,0.014677103718199608,0.10037543517563373,0.01335058097021583,0.4018073674977868,0.7567361800728236,0.30539898962759954,0.9645750493511024,0.0003165816898428367,0.0024987506246876563,0.29485257371314344,2000,0.0034429372762417206,0.01848467675776105,0.02306539038173221,0.1238350429559081,1.0,1.0
word_consonantal_tf_icf_psalm,prophetische Gerichtsrede,1,342,0.0029154518950437317,0.012345679012345678,nan,nan,0.7690058479532164,nan,nan,0.17771611385245117,0.2061030515257629,0.2733633183408296,2000,0.36697981871958385,1.0,0.3637112673984051,1.0,0.5378849037019952,1.0
word_consonantal_tf_icf_psalm,"prophetische Schelt-, Droh- und Mahnrede",3,511,0.005836575875486381,0.19315789473684208,0.026466802037643945,0.5,0.9210697977821265,0.8456462042480856,0.9980688310958153,0.005957658004226864,0.004997501249375313,0.0734632683658171,2000,0.09185714744398836,0.49316892587877414,0.07196401799100449,0.3863653340224333,0.6172523494350386,1.0
word_consonantal_tf_icf_psalm,prophetische Tora,0,172,0.0,nan,nan,nan,nan,nan,nan,nan,nan,0.0004997501249375312,2000,nan,nan,nan,nan,0.0004997501249375312,0.0026830925973780084
word_vocalized_binary,Danklied Israels,6,676,0.008797653958944282,0.007667401013517864,0.003936693084074822,0.018271691852273318,0.3000493096646943,0.026571094270225203,0.8215201079198755,0.9543867498632903,0.9630184907546226,1.0,2000,0.9947817580173883,1.0,0.9950024987506247,1.0,1.0,1.0
word_vocalized_binary,Danklied des Einzelnen,78,2087,0.03602771362586605,0.0745795400425097,0.03426889849208721,0.14155458924319544,0.7146867666752669,0.5720022651106884,0.8164123021319862,5.697953053158577e-11,0.0009995002498750624,0.3633183408295852,2000,1.3675087327580585e-10,7.341974267983569e-10,0.0019038099997620236,0.010221305132868605,0.8349671318187061,1.0
word_vocalized_binary,Fluch,0,173,0.0,nan,nan,nan,nan,nan,nan,nan,nan,0.0004997501249375312,2000,nan,nan,nan,nan,0.0004997501249375312,0.0026830925973780084
word_vocalized_binary,Hymnus,465,4421,0.09516987310683586,0.11531380835801769,0.07607310438327826,0.172144811530131,0.541832359243396,0.4694774131197277,0.6192505362469487,0.0014787655883656402,0.12743628185907047,0.9955022488755623,2000,0.0020240018669505306,0.010866599437014771,0.17377674798964154,0.9329844713609894,1.0,1.0
word_vocalized_binary,Klagelied des Einzelnen,1176,6123,0.1611179613645705,0.19235104883029472,0.133736137843834,0.27897681741838004,0.543261662005975,0.48582991238704254,0.6106682294813686,1.2587298737276447e-06,0.06446776611694154,0.9945027486256871,2000,1.9616569460690566e-06,1.0531877768416669e-05,0.10046924589653226,0.5394061481482024,1.0,1.0
word_vocalized_binary,Klagelied des Volkes,36,1484,0.02368421052631579,0.022582018076802587,0.010293977851201331,0.045240151672215546,0.4734014675052411,0.31562136552166176,0.6748888368790358,0.7075586980006092,0.632183908045977,1.0,2000,0.946508144184988,1.0,0.9126130004304778,1.0,1.0,1.0
word_vocalized_binary,Königspsalm,45,1636,0.02676977989292088,0.027815128373213947,0.01364321275278173,0.0580092932656927,0.5156479217603912,0.39367126339769115,0.6669255278477337,0.35999861524862664,0.3698150924537731,1.0,2000,0.6852872862006282,1.0,0.6818812815814315,1.0,1.0,1.0
word_vocalized_binary,Liturgie,153,2800,0.05181171689806976,0.04646636637717308,0.02750820911617736,0.07735323895368858,0.4732749766573296,0.3962192623052104,0.5578337077792915,0.8675595629102093,0.7231384307846077,1.0,2000,0.9994262053241604,1.0,0.9529688937044083,1.0,1.0,1.0
word_vocalized_binary,Mischgedicht,45,1633,0.026817640047675805,0.036312511612387036,0.016298355826068818,0.07321174703601967,0.6146356399265156,0.46934754726502664,0.7426551725527571,0.004307181919839423,0.0399800099950025,0.7611194402798601,2000,0.013136290701826318,0.0705270145624906,0.1222465690231807,0.6563257276663129,1.0,1.0
word_vocalized_binary,Thronbesteigungslied,15,1006,0.014691478942213516,0.041757063196003884,0.010433477822148452,0.30891895463493946,0.5753147779986746,0.33782144942147724,0.8811249586038079,0.15815434736172046,0.19140429785107446,0.9230384807596201,2000,0.2919772566677916,1.0,0.35176441629931304,1.0,1.0,1.0
word_vocalized_binary,Wallfahrtslied,0,172,0.0,nan,nan,nan,nan,nan,nan,nan,nan,0.0004997501249375312,2000,nan,nan,nan,nan,0.0004997501249375312,0.0026830925973780084
word_vocalized_binary,Weisheitsgedicht,45,1639,0.02672209026128266,0.03728649678613576,0.013686569240082184,0.08405528516997834,0.5316588705850451,0.3769398618337045,0.8020738191107537,0.23409753800299182,0.29035482258870565,0.9985007496251874,2000,0.3601500584661413,1.0,0.4444836405326749,1.0,1.0,1.0
word_vocalized_binary,Zionslied,15,1007,0.014677103718199608,0.01926038647459296,0.005838104609359229,0.13100240728159615,0.5470043032108574,0.3114036270069039,0.9416857320667498,0.265907608022925,0.28335832083958024,0.9910044977511244,2000,0.3753989760323648,1.0,0.3991107894328698,1.0,1.0,1.0
word_vocalized_binary,prophetische Gerichtsrede,1,342,0.0029154518950437317,0.013157894736842105,nan,nan,0.783625730994152,nan,nan,0.16487899860015642,0.15407703851925963,0.2063968015992004,2000,0.36697981871958385,1.0,0.3637112673984051,1.0,0.5378849037019952,1.0
word_vocalized_binary,"prophetische Schelt-, Droh- und Mahnrede",3,511,0.005836575875486381,0.1719489907533851,0.005298654268953418,0.5,0.594259621656882,0.25865903841028004,0.9980694980694981,0.2872595303245346,0.2888555722138931,0.8505747126436781,2000,0.39353121465939717,1.0,0.38947559187439246,1.0,1.0,1.0
word_vocalized_binary,prophetische Tora,0,172,0.0,nan,nan,nan,nan,nan,nan,nan,nan,0.0004997501249375312,2000,nan,nan,nan,nan,0.0004997501249375312,0.0026830925973780084
word_vocalized_binary_psalm,Danklied Israels,6,676,0.008797653958944282,0.04634070601162888,0.003987511661850565,0.3333333333333333,0.47300295857988167,0.00738746787647607,0.9938375085284066,0.5905428491624266,0.5527236381809095,1.0,2000,0.9947817580173883,1.0,0.9950024987506247,1.0,1.0,1.0
word_vocalized_binary_psalm,Danklied des Einzelnen,78,2087,0.03602771362586605,0.04723656093349826,0.01986790508524556,0.11561551193972006,0.6104149005442728,0.497070477866458,0.7103885899721614,0.0004569400424151645,0.012993503248375811,0.7171414292853573,2000,0.0005833277137214867,0.0031318096633336494,0.017134289997858213,0.09199174619581743,0.9077566479917935,1.0
word_vocalized_binary_psalm,Fluch,0,173,0.0,nan,nan,nan,nan,nan,nan,nan,nan,0.0004997501249375312,2000,nan,nan,nan,nan,0.0004997501249375312,0.0026830925973780084
word_vocalized_binary_psalm,Hymnus,465,4421,0.09516987310683586,0.15899613950384917,0.09927605233040654,0.23939192874985774,0.5868783640153422,0.5101998061723477,0.668164923999868,3.359255913430809e-10,0.0034982508745627187,0.8320839580209896,2000,8.398139783577022e-10,4.508850635680759e-09,0.011660836248542396,0.06260549393882021,1.0,1.0
word_vocalized_binary_psalm,Klagelied des Einzelnen,1176,6123,0.1611179613645705,0.31864079453584826,0.2326588416484868,0.424669411910066,0.6941335002072035,0.6270566294571117,0.7558358262472052,2.5479746909679707e-99,0.0004997501249375312,0.4207896051974013,2000,4.3679566130879494e-98,2.3450983740543437e-97,0.0023988005997001498,0.012878844467414441,1.0,1.0
word_vocalized_binary_psalm,Klagelied des Volkes,36,1484,0.02368421052631579,0.028313662693225543,0.010225189067640842,0.13160666195415766,0.5311844863731656,0.35555563234362686,0.8067551804211994,0.2610754703222551,0.29985007496251875,0.9920039980009995,2000,0.946508144184988,1.0,0.9099450274862569,1.0,1.0,1.0
word_vocalized_binary_psalm,Königspsalm,45,1636,0.02676977989292088,0.029498133729865567,0.012909125788990734,0.07642242084859797,0.49205378973105135,0.3399791625424511,0.644463110450244,0.5723131890466646,0.5317341329335332,1.0,2000,0.7338030811866151,1.0,0.6818812815814315,1.0,1.0,1.0
word_vocalized_binary_psalm,Liturgie,153,2800,0.05181171689806976,0.06259300971131376,0.03223260117653548,0.10728546121095674,0.5311321195144725,0.4461463940183808,0.6235928436569979,0.09702667512292501,0.2108945527236382,0.9920039980009995,2000,0.7218259727754541,1.0,0.9529688937044083,1.0,1.0,1.0
word_vocalized_binary_psalm,Mischgedicht,45,1633,0.026817640047675805,0.026702623374170537,0.011813719643648433,0.055203575323841444,0.49799959175341907,0.35879765814994896,0.6308397221772846,0.5183448846196574,0.4962518740629685,1.0,2000,0.5183448846196574,1.0,0.4962518740629685,1.0,1.0,1.0
word_vocalized_binary_psalm,Thronbesteigungslied,15,1006,0.014691478942213516,0.14631817362363325,0.014605629613427039,0.34515715782679124,0.7476143141153081,0.3455266707648126,0.9808473148398988,0.000491148950491759,0.0029985007496251873,0.30684657671164417,2000,0.0036836171286881926,0.01977685518496581,0.021165887644413087,0.11363686294777449,1.0,1.0
word_vocalized_binary_psalm,Wallfahrtslied,0,172,0.0,nan,nan,nan,nan,nan,nan,nan,nan,0.0004997501249375312,2000,nan,nan,nan,nan,0.0004997501249375312,0.0026830925973780084
word_vocalized_binary_psalm,Weisheitsgedicht,45,1639,0.02672209026128266,0.03882478680973349,0.015015751580650914,0.1311966684201549,0.5487424581384313,0.3855666064504265,0.7146549997711525,0.13200795883053446,0.19990004997501248,0.9695152423788106,2000,0.2885976322909071,1.0,0.42251601471991274,1.0,1.0,1.0
word_vocalized_binary_psalm,Zionslied,15,1007,0.014677103718199608,0.05750804286434956,0.007018571341707051,0.3622586376733999,0.6397881496193314,0.31898348516051106,0.9306951425554093,0.03142212739287953,0.05747126436781609,0.5887056471764118,2000,0.0685573688571917,0.3680754835217658,0.1277139208173691,0.6856792193299356,1.0,1.0
word_vocalized_binary_psalm,prophetische Gerichtsrede,1,342,0.0029154518950437317,0.05,nan,nan,0.9473684210526315,nan,nan,0.06175825310142652,0.04552276138069034,0.04697651174412794,2000,0.36697981871958385,1.0,0.3637112673984051,1.0,0.39980009995002497,1.0
word_vocalized_binary_psalm,"prophetische Schelt-, Droh- und Mahnrede",3,511,0.005836575875486381,0.1720575903115845,0.005434782608695652,0.5,0.5981735159817352,0.2709973504123892,0.998082154732897,0.27934065091253324,0.27936031984008,0.7791104447776112,2000,0.39353121465939717,1.0,0.38947559187439246,1.0,1.0,1.0
word_vocalized_binary_psalm,prophetische Tora,0,172,0.0,nan,nan,nan,nan,nan,nan,nan,nan,0.0004997501249375312,2000,nan,nan,nan,nan,0.0004997501249375312,0.0026830925973780084
word_vocalized_count,Danklied Israels,6,676,0.008797653958944282,0.007528141668361212,0.003937007874015748,0.0176869803672209,0.2926528599605523,0.025437464611944415,0.8279528976935722,0.9600616271434236,0.9700149925037481,1.0,2000,0.9947817580173883,1.0,0.9950024987506247,1.0,1.0,1.0
word_vocalized_count,Danklied des Einzelnen,78,2087,0.03602771362586605,0.0736995716625883,0.03437910771939411,0.1428854741746563,0.7069158281424692,0.5725881352656922,0.8107930740439263,2.5859278223877664e-10,0.0009995002498750624,0.3988005997001499,2000,5.642024339755127e-10,3.029128555418728e-09,0.0019038099997620236,0.010221305132868605,0.8349671318187061,1.0
word_vocalized_count,Fluch,0,173,0.0,nan,nan,nan,nan,nan,nan,nan,nan,0.0004997501249375312,2000,nan,nan,nan,nan,0.0004997501249375312,0.0026830925973780084
word_vocalized_count,Hymnus,465,4421,0.09516987310683586,0.11593300033265447,0.0761184306815484,0.17162074095054453,0.5437148701335026,0.4711355340213732,0.6208526021802464,0.0009486074476623089,0.111944027986007,0.991504247876062,2000,0.001339210514346789,0.007190044860566705,0.15992003998001,0.8585896311609628,1.0,1.0
word_vocalized_count,Klagelied des Einzelnen,1176,6123,0.1611179613645705,0.19472529136126082,0.1357180009169118,0.2837430490725456,0.5462890284318855,0.49017338777727454,0.6147957863491964,2.3758417548535561e-07,0.050474762618690654,0.9890054972513743,2000,3.852716359221983e-07,2.068472668119454e-06,0.0815592203898051,0.43788071189209105,1.0,1.0
word_vocalized_count,Klagelied des Volkes,36,1484,0.02368421052631579,0.022647895495479527,0.00990992054515108,0.04580639899323777,0.47119272237196763,0.31210040066930633,0.6877222849309297,0.7229450573763193,0.6486756621689156,1.0,2000,0.946508144184988,1.0,0.9126130004304778,1.0,1.0,1.0
word_vocalized_count,Königspsalm,45,1636,0.02676977989292088,0.027720820648985574,0.013910454998853053,0.05658031245706857,0.5155528389024722,0.3911623210962901,0.6662649987739548,0.3608141730760082,0.36681659170414793,1.0,2000,0.6852872862006282,1.0,0.6818812815814315,1.0,1.0,1.0
word_vocalized_count,Liturgie,153,2800,0.05181171689806976,0.0465101660803904,0.027151559187855494,0.0782511278526356,0.4729318394024276,0.39814242792493254,0.5611403622504543,0.870602435852065,0.7246376811594203,1.0,2000,0.9994262053241604,1.0,0.9529688937044083,1.0,1.0,1.0
word_vocalized_count,Mischgedicht,45,1633,0.026817640047675805,0.03673091335263293,0.0160137855201171,0.07624499844331213,0.6107981220657277,0.4708284754033077,0.749235858661967,0.005557774677280485,0.04697651174412794,0.7756121939030485,2000,0.014667425217217724,0.07874747410584773,0.1222465690231807,0.6563257276663129,1.0,1.0
word_vocalized_count,Thronbesteigungslied,15,1006,0.014691478942213516,0.03988882986264052,0.010415008691235171,0.33811100694954066,0.5521868787276342,0.3272301494192066,0.8440007800272795,0.2437729682252398,0.26486756621689156,0.9810094952523738,2000,0.3656594523378597,1.0,0.4023569610543566,1.0,1.0,1.0
word_vocalized_count,Wallfahrtslied,0,172,0.0,nan,nan,nan,nan,nan,nan,nan,nan,0.0004997501249375312,2000,nan,nan,nan,nan,0.0004997501249375312,0.0026830925973780084
word_vocalized_count,Weisheitsgedicht,45,1639,0.02672209026128266,0.0379558782120772,0.013977328452934812,0.08812578410242501,0.5264660023049285,0.37813474495690197,0.809023830335813,0.27212256493827053,0.31084457771114443,0.999000499750125,2000,0.3866524851988366,1.0,0.4444836405326749,1.0,1.0,1.0
word_vocalized_count,Zionslied,15,1007,0.014677103718199608,0.019033379944481506,0.005719669626886125,0.12536289894560126,0.5346242965905329,0.3088247633721066,0.9425051737390939,0.3225979915273097,0.33033483258370816,0.9980009995002499,2000,0.42540394487117766,1.0,0.4356063726378569,1.0,1.0,1.0
word_vocalized_count,prophetische Gerichtsrede,1,342,0.0029154518950437317,0.0125,nan,nan,0.7719298245614035,nan,nan,0.17509949446982004,0.17408704352176088,0.2353823088455772,2000,0.36697981871958385,1.0,0.3637112673984051,1.0,0.5378849037019952,1.0
word_vocalized_count,"prophetische Schelt-, Droh- und Mahnrede",3,511,0.005836575875486381,0.17196523918491882,0.005263918307220097,0.5,0.5949119373776908,0.25189316006488416,0.9980694980694981,0.2859324111376744,0.2863568215892054,0.8525737131434283,2000,0.39353121465939717,1.0,0.38947559187439246,1.0,1.0,1.0
word_vocalized_count,prophetische Tora,0,172,0.0,nan,nan,nan,nan,nan,nan,nan,nan,0.0004997501249375312,2000,nan,nan,nan,nan,0.0004997501249375312,0.0026830925973780084
word_vocalized_count_psalm,Danklied Israels,6,676,0.008797653958944282,0.010030316762164752,0.00393528957273807,0.03386376355627372,0.33086785009861935,0.05652405666191602,0.9220240509503678,0.9234695799182258,0.9255372313843079,1.0,2000,0.9947817580173883,1.0,0.9950024987506247,1.0,1.0,1.0
word_vocalized_count_psalm,Danklied des Einzelnen,78,2087,0.03602771362586605,0.079613210788283,0.035899500482479405,0.1533122043334339,0.712914501247036,0.5501877060539005,0.8243205305477422,8.08293347239222e-11,0.0004997501249375312,0.38630684657671166,2000,1.9018666993864049e-10,1.0210871809109141e-09,0.0011758826469118382,0.006313159052654138,0.8349671318187061,1.0
word_vocalized_count_psalm,Fluch,0,173,0.0,nan,nan,nan,nan,nan,nan,nan,nan,0.0004997501249375312,2000,nan,nan,nan,nan,0.0004997501249375312,0.0026830925973780084
word_vocalized_count_psalm,Hymnus,465,4421,0.09516987310683586,0.12248203329067404,0.07602680188272341,0.19081079243316418,0.555635736574949,0.4775724747742,0.635035580191547,3.8616139560639965e-05,0.062468765617191405,0.975512243878061,2000,5.940944547790764e-05,0.0003189614877955889,0.10211110660885774,0.548221082058858,1.0,1.0
word_vocalized_count_psalm,Klagelied des Einzelnen,1176,6123,0.1611179613645705,0.1899815183693264,0.1333504854121068,0.2732992841696355,0.5482878763133541,0.4894928549702703,0.6162727364275514,7.4599535183906e-08,0.04897551224387806,0.9895052473763118,2000,1.2262937290505095e-07,6.583809512879617e-07,0.08050769135979954,0.43223519102966274,1.0,1.0
word_vocalized_count_psalm,Klagelied des Volkes,36,1484,0.02368421052631579,0.02170914008000522,0.010045205011123347,0.04453789710037697,0.45838948787061995,0.30436607765219587,0.6557452259693752,0.8035767249934782,0.7171414292853573,1.0,2000,0.946508144184988,1.0,0.9126130004304778,1.0,1.0,1.0
word_vocalized_count_psalm,Königspsalm,45,1636,0.02676977989292088,0.02833193394882974,0.013888038266755323,0.05492198529331494,0.5202798152675904,0.3999444426523754,0.6704374386687013,0.3211032411835346,0.33833083458270863,1.0,2000,0.6852872862006282,1.0,0.6818812815814315,1.0,1.0,1.0
word_vocalized_count_psalm,Liturgie,153,2800,0.05181171689806976,0.04469982532135895,0.026703048187611118,0.0742415933041319,0.4589927637721755,0.388779855084905,0.5467537008680586,0.9564350726632647,0.8315842078960519,1.0,2000,0.9994262053241604,1.0,0.9529688937044083,1.0,1.0,1.0
word_vocalized_count_psalm,Mischgedicht,45,1633,0.026817640047675805,0.03507258909143387,0.01546696812125703,0.06816676954338703,0.5897325984894877,0.4405962645899861,0.7467031435808832,0.0198778174169659,0.09095452273863068,0.8710644677661169,2000,0.03614148621266527,0.19403887918499854,0.15592203898050974,0.8371248903819386,1.0,1.0
word_vocalized_count_psalm,Thronbesteigungslied,15,1006,0.014691478942213516,0.03355039866980391,0.008198006519884792,0.19846885051472737,0.5436050364479788,0.29679557455754363,0.8605793781589853,0.28096246474099873,0.29235382308845576,0.9955022488755623,2000,0.3875344341255155,1.0,0.40324665253580105,1.0,1.0,1.0
word_vocalized_count_psalm,Wallfahrtslied,0,172,0.0,nan,nan,nan,nan,nan,nan,nan,nan,0.0004997501249375312,2000,nan,nan,nan,nan,0.0004997501249375312,0.0026830925973780084
word_vocalized_count_psalm,Weisheitsgedicht,45,1639,0.02672209026128266,0.03468883649796145,0.01363873715188159,0.0805272768536812,0.5033760423022168,0.35500420118480797,0.7818695562772904,0.4692248585064298,0.4522738630684658,1.0,2000,0.6054514303308771,1.0,0.5773708890235734,1.0,1.0,1.0
word_vocalized_count_psalm,Zionslied,15,1007,0.014677103718199608,0.016790261930079896,0.005498350970691108,0.07339253495794489,0.5008937437934459,0.2878415600726778,0.9312677891851715,0.49542978545425026,0.46526736631684157,1.0,2000,0.5945157425451003,1.0,0.5527929104754553,1.0,1.0,1.0
word_vocalized_count_psalm,prophetische Gerichtsrede,1,342,0.0029154518950437317,0.014705882352941176,nan,nan,0.8070175438596491,nan,nan,0.14562146079413696,0.1325662831415708,0.16891554222888555,2000,0.36697981871958385,1.0,0.3637112673984051,1.0,0.5378849037019952,1.0
word_vocalized_count_psalm,"prophetische Schelt-, Droh- und Mahnrede",3,511,0.005836575875486381,0.1726697169610555,0.00542829189183358,0.5,0.6451402478799739,0.26124175901080465,0.9980694980694981,0.19338071270241614,0.19990004997501248,0.6226886556721639,2000,0.30137280084800444,1.0,0.3098450774612694,1.0,0.9488926422864518,1.0
word_vocalized_count_psalm,prophetische Tora,0,172,0.0,nan,nan,nan,nan,nan,nan,nan,nan,0.0004997501249375312,2000,nan,nan,nan,nan,0.0004997501249375312,0.0026830925973780084
word_vocalized_icf,Danklied Israels,6,676,0.008797653958944282,0.017113505211665183,0.0038671435000250123,0.10031161999368834,0.4176528599605523,0.00792109655429694,0.9790214139717514,0.7568450653755123,0.7361319340329835,1.0,2000,0.9947817580173883,1.0,0.9950024987506247,1.0,1.0,1.0
word_vocalized_icf,Danklied des Einzelnen,78,2087,0.03602771362586605,0.0779613492617865,0.03773543591857924,0.14904898175311673,0.7244603344267935,0.573148059971769,0.8170780897870841,7.882427396116534e-12,0.0009995002498750624,0.3313343328335832,2000,2.1497529262136e-11,1.1541740311193361e-10,0.0019038099997620236,0.010221305132868605,0.8349671318187061,1.0
word_vocalized_icf,Fluch,0,173,0.0,nan,nan,nan,nan,nan,nan,nan,nan,0.0004997501249375312,2000,nan,nan,nan,nan,0.0004997501249375312,0.0026830925973780084
word_vocalized_icf,Hymnus,465,4421,0.09516987310683586,0.14022297640287684,0.09107892744015943,0.21173358528418737,0.5776847061799378,0.4984880165074461,0.6653251890763567,1.70098074883143e-08,0.014492753623188406,0.9115442278860569,2000,3.147991630247533e-08,1.6901152432489894e-07,0.02851033499643621,0.15306823342418804,1.0,1.0
word_vocalized_icf,Klagelied des Einzelnen,1176,6123,0.1611179613645705,0.21608237153448773,0.15064553687003826,0.3072635042261532,0.5913434457565486,0.5293740772045836,0.6532262954502968,1.4246768844953507e-23,0.0014992503748125937,0.855072463768116,2000,6.575431774593926e-23,3.530262713027319e-22,0.005622188905547226,0.030184791720502598,1.0,1.0
word_vocalized_icf,Klagelied des Volkes,36,1484,0.02368421052631579,0.026884138390180976,0.010336370665131548,0.06759425334854484,0.49842767295597484,0.3037447735545947,0.7450959822597998,0.5129523431215808,0.49225387306346824,1.0,2000,0.946508144184988,1.0,0.9099450274862569,1.0,1.0,1.0
word_vocalized_icf,Königspsalm,45,1636,0.02676977989292088,0.028293567936246752,0.013472557571849661,0.05991930561525996,0.5179027438196142,0.37383082490893893,0.6607086509874317,0.3408522224792553,0.36931534232883556,1.0,2000,0.6852872862006282,1.0,0.6818812815814315,1.0,1.0,1.0
word_vocalized_icf,Liturgie,153,2800,0.05181171689806976,0.046815628078789605,0.0274381069447378,0.07764438405142177,0.47468020541549955,0.3995850422369973,0.5631166932016501,0.8545861037324418,0.7251374312843578,1.0,2000,0.9994262053241604,1.0,0.9529688937044083,1.0,1.0,1.0
word_vocalized_icf,Mischgedicht,45,1633,0.026817640047675805,0.036781550922805384,0.015917625206515032,0.07800452457120015,0.5982241273729333,0.43804803409509113,0.7192507152760782,0.012196497489929748,0.062468765617191405,0.8175912043978011,2000,0.02480643557273847,0.13318248526875073,0.12807155744161816,0.6875993232602624,1.0,1.0
word_vocalized_icf,Thronbesteigungslied,15,1006,0.014691478942213516,0.06917791734285894,0.015151593283790564,0.32164605460217294,0.745559973492379,0.4453339750183863,0.9383184206544138,0.0005411650206891693,0.004997501249375313,0.28585707146426786,2000,0.003819988381335312,0.02050901447860959,0.03156316578552829,0.16945847983440057,1.0,1.0
word_vocalized_icf,Wallfahrtslied,0,172,0.0,nan,nan,nan,nan,nan,nan,nan,nan,0.0004997501249375312,2000,nan,nan,nan,nan,0.0004997501249375312,0.0026830925973780084
word_vocalized_icf,Weisheitsgedicht,45,1639,0.02672209026128266,0.046024920773356,0.012390762917258304,0.11200798556142576,0.5515219307165616,0.37201676306536696,0.7734297678674852,0.11887074951316262,0.19540229885057472,0.9855072463768116,2000,0.2852897988315903,1.0,0.42251601471991274,1.0,1.0,1.0
word_vocalized_icf,Zionslied,15,1007,0.014677103718199608,0.040701536557669026,0.008482034450581441,0.3377568446937878,0.6346573982125124,0.28250324086218764,0.9013816732660704,0.036566891036448605,0.06446776611694154,0.6486756621689156,2000,0.07713163802710232,0.41410960535533087,0.13814521310773187,0.7416834537037782,1.0,1.0
word_vocalized_icf,prophetische Gerichtsrede,1,342,0.0029154518950437317,0.014084507042253521,nan,nan,0.7982456140350878,nan,nan,0.15265827366142476,0.14507253626813407,0.18840579710144928,2000,0.36697981871958385,1.0,0.3637112673984051,1.0,0.5378849037019952,1.0
word_vocalized_icf,"prophetische Schelt-, Droh- und Mahnrede",3,511,0.005836575875486381,0.17127131782945734,0.004987531172069825,0.5,0.5342465753424658,0.2072835589312805,0.9980737060751558,0.4196726993533435,0.42028985507246375,0.9980009995002499,2000,0.47066097123739453,1.0,0.46325461122649686,1.0,1.0,1.0
word_vocalized_icf,prophetische Tora,0,172,0.0,nan,nan,nan,nan,nan,nan,nan,nan,0.0004997501249375312,2000,nan,nan,nan,nan,0.0004997501249375312,0.0026830925973780084
word_vocalized_icf_position2,Danklied Israels,6,676,0.008797653958944282,0.012888245968500052,0.0037907361031517327,0.0717883344689401,0.3738905325443787,0.007621949965491406,0.9830928036822225,0.8567018562410803,0.8425787106446777,1.0,2000,0.9947817580173883,1.0,0.9950024987506247,1.0,1.0,1.0
word_vocalized_icf_position2,Danklied des Einzelnen,78,2087,0.03602771362586605,0.07745535365237895,0.03670779142676583,0.1576057032482955,0.7118486847763321,0.5924703447704255,0.8116263093835695,9.961190625513364e-11,0.0009995002498750624,0.36881559220389803,2000,2.2987362981953917e-10,1.2341612412369377e-09,0.0019038099997620236,0.010221305132868605,0.8349671318187061,1.0
word_vocalized_icf_position2,Fluch,0,173,0.0,nan,nan,nan,nan,nan,nan,nan,nan,0.0004997501249375312,2000,nan,nan,nan,nan,0.0004997501249375312,0.0026830925973780084
word_vocalized_icf_position2,Hymnus,465,4421,0.09516987310683586,0.14496597867399263,0.09344623241041917,0.22235891966351556,0.5870904505135558,0.5026354838575628,0.6765153437056887,3.053444751362756e-10,0.0074962518740629685,0.8605697151424287,2000,7.796029152415548e-10,4.18558536836864e-09,0.017638239703677575,0.09469738578981207,1.0,1.0
word_vocalized_icf_position2,Klagelied des Einzelnen,1176,6123,0.1611179613645705,0.20392775446851724,0.14448371502962618,0.28976462621441246,0.5795388831671816,0.5245970018389929,0.6394872669997449,2.4961796472663987e-18,0.0029985007496251873,0.8895552223888056,2000,9.077016899150541e-18,4.8733308173620186e-17,0.009995002498750625,0.05366185194756017,1.0,1.0
word_vocalized_icf_position2,Klagelied des Volkes,36,1484,0.02368421052631579,0.02476586627712982,0.009364723120750118,0.05745980350761852,0.4781933213536987,0.3020890623038382,0.7214619091723797,0.6728832598304832,0.6131934032983508,1.0,2000,0.946508144184988,1.0,0.9126130004304778,1.0,1.0,1.0
word_vocalized_icf_position2,Königspsalm,45,1636,0.02676977989292088,0.02833950824399888,0.013649833479258171,0.06047925530120079,0.513107851127411,0.3609188125884486,0.6575746702382076,0.38199349902592183,0.3983008495752124,1.0,2000,0.6945170791118931,1.0,0.6818812815814315,1.0,1.0,1.0
word_vocalized_icf_position2,Liturgie,153,2800,0.05181171689806976,0.047304854781122216,0.02869935589926266,0.07666822824546811,0.48021475256769375,0.41225754406730813,0.5647821744766732,0.7954346190071117,0.6786606696651675,1.0,2000,0.9994262053241604,1.0,0.9529688937044083,1.0,1.0,1.0
word_vocalized_icf_position2,Mischgedicht,45,1633,0.026817640047675805,0.03956039082022081,0.015078728220132266,0.0977176562900699,0.5892971354698238,0.4001698554401587,0.7258032392705729,0.02036347432672845,0.08045977011494253,0.8520739630184908,2000,0.036471894316528565,0.19581279677571475,0.15315419213470188,0.8222646852272297,1.0,1.0
word_vocalized_icf_position2,Thronbesteigungslied,15,1006,0.014691478942213516,0.04675071816632356,0.014415171913258506,0.3333333333333333,0.6558316766070246,0.33926146268583507,0.8594871160285027,0.01904750973133609,0.0399800099950025,0.5547226386806596,2000,0.07158196308583974,0.3843141315580663,0.15476132901291292,0.830893191446093,1.0,1.0
word_vocalized_icf_position2,Wallfahrtslied,0,172,0.0,nan,nan,nan,nan,nan,nan,nan,nan,0.0004997501249375312,2000,nan,nan,nan,nan,0.0004997501249375312,0.0026830925973780084
word_vocalized_icf_position2,Weisheitsgedicht,45,1639,0.02672209026128266,0.043580818433401704,0.013571318920622123,0.10026284425336619,0.5477526947325605,0.3507090990688968,0.7736372357990299,0.13691928717849228,0.2158920539730135,0.9850074962518741,2000,0.29199642098180423,1.0,0.42251601471991274,1.0,1.0,1.0
word_vocalized_icf_position2,Zionslied,15,1007,0.014677103718199608,0.0339393640130113,0.0067615325699866185,0.1123570967222515,0.6473022178086726,0.33787965334680375,0.9412222491168964,0.024979718405322194,0.047476261869065464,0.5897051474262869,2000,0.058722602142442376,0.31527391639342944,0.1199400299850075,0.6439422233707222,1.0,1.0
word_vocalized_icf_position2,prophetische Gerichtsrede,1,342,0.0029154518950437317,0.009708737864077669,nan,nan,0.7046783625730995,nan,nan,0.2413660940078396,0.25212606303151575,0.3853073463268366,2000,0.37615495170052926,1.0,0.39809378373397225,1.0,0.6083800205160578,1.0
word_vocalized_icf_position2,"prophetische Schelt-, Droh- und Mahnrede",3,511,0.005836575875486381,0.17130192804611408,0.005127488421570546,0.5,0.5388127853881278,0.23935076752375037,0.9980737236147207,0.4090375096274741,0.4017991004497751,0.9940029985007496,2000,0.47066097123739453,1.0,0.4548669061695567,1.0,1.0,1.0
word_vocalized_icf_position2,prophetische Tora,0,172,0.0,nan,nan,nan,nan,nan,nan,nan,nan,0.0004997501249375312,2000,nan,nan,nan,nan,0.0004997501249375312,0.0026830925973780084
word_vocalized_icf_position2_psalm,Danklied Israels,6,676,0.008797653958944282,0.0277060582924479,0.003905190681229895,0.14285714285714285,0.41074950690335305,0.01091271442874256,0.9940345985163922,0.7747152609905126,0.7581209395302348,1.0,2000,0.9947817580173883,1.0,0.9950024987506247,1.0,1.0,1.0
word_vocalized_icf_position2_psalm,Danklied des Einzelnen,78,2087,0.03602771362586605,0.08060825252318377,0.037057877093964076,0.1631882714886142,0.7175678498150947,0.5710853137261339,0.8270879967254317,3.208427323110825e-11,0.0009995002498750624,0.3583208395802099,2000,7.857373036189776e-11,4.218520091590495e-10,0.0019038099997620236,0.010221305132868605,0.8349671318187061,1.0
word_vocalized_icf_position2_psalm,Fluch,0,173,0.0,nan,nan,nan,nan,nan,nan,nan,nan,0.0004997501249375312,2000,nan,nan,nan,nan,0.0004997501249375312,0.0026830925973780084
word_vocalized_icf_position2_psalm,Hymnus,465,4421,0.09516987310683586,0.15026451654477735,0.09261303273058807,0.22365227132141174,0.6029293231473442,0.5214046495428074,0.6848065193062357,1.306425901168872e-13,0.0029985007496251873,0.7891054472763618,2000,6.340603881335914e-13,3.404186710117424e-12,0.010903639089546136,0.05854020212461109,1.0,1.0
word_vocalized_icf_position2_psalm,Klagelied des Einzelnen,1176,6123,0.1611179613645705,0.20598337599593858,0.1451387180281215,0.29309759573969024,0.5883098298930874,0.5313944993867384,0.649335471907205,3.7059864582718383e-22,0.0004997501249375312,0.8525737131434283,2000,1.4823945833087353e-21,7.958781267670719e-21,0.0023988005997001498,0.012878844467414441,1.0,1.0
word_vocalized_icf_position2_psalm,Klagelied des Volkes,36,1484,0.02368421052631579,0.02337681504545558,0.009454488268486721,0.052870938016975434,0.46726190476190477,0.3012113936953965,0.7221275367225913,0.7493079312987476,0.6711644177911045,1.0,2000,0.946508144184988,1.0,0.9126130004304778,1.0,1.0,1.0
word_vocalized_icf_position2_psalm,Königspsalm,45,1636,0.02676977989292088,0.02872126192068212,0.013737964796919156,0.05952324875648432,0.5117902743819615,0.3652517460480851,0.6663266881638835,0.3935596781634061,0.39430284857571213,1.0,2000,0.6945170791118931,1.0,0.6818812815814315,1.0,1.0,1.0
word_vocalized_icf_position2_psalm,Liturgie,153,2800,0.05181171689806976,0.04681469487914164,0.02842907677918198,0.07405052750574813,0.47163865546218486,0.40355788650077706,0.5510880850419541,0.8816332483743393,0.7496251874062968,1.0,2000,0.9994262053241604,1.0,0.9529688937044083,1.0,1.0,1.0
word_vocalized_icf_position2_psalm,Mischgedicht,45,1633,0.026817640047675805,0.037122947908572165,0.014828623452628044,0.07498533741426386,0.5730080968905219,0.37638049567601495,0.7210127751609181,0.04716391480495281,0.1359320339830085,0.9195402298850575,2000,0.06658435031287456,0.3574826068288213,0.18124271197734465,0.9730682486490911,1.0,1.0
word_vocalized_icf_position2_psalm,Thronbesteigungslied,15,1006,0.014691478942213516,0.06423615163767327,0.015707611335853893,0.4513533248376546,0.6627899271040424,0.41034904789276133,0.8931585361141723,0.015138331875268996,0.03548225887056472,0.5332333833083458,2000,0.06055332750107598,0.3251028397142511,0.14192903548225888,0.7619982976553545,1.0,1.0
word_vocalized_icf_position2_psalm,Wallfahrtslied,0,172,0.0,nan,nan,nan,nan,nan,nan,nan,nan,0.0004997501249375312,2000,nan,nan,nan,nan,0.0004997501249375312,0.0026830925973780084
word_vocalized_icf_position2_psalm,Weisheitsgedicht,45,1639,0.02672209026128266,0.039634842426406754,0.013831998422248337,0.09410907876637639,0.5280930106433462,0.3788814999285113,0.7735417223746414,0.25988671461661866,0.312343828085957,0.9980009995002499,2000,0.38501735498758316,1.0,0.4444836405326749,1.0,1.0,1.0
word_vocalized_icf_position2_psalm,Zionslied,15,1007,0.014677103718199608,0.036149413627246926,0.006203157647857464,0.1374893816451668,0.6444554783184376,0.3100761198080958,0.9332218461696481,0.027276594831014665,0.05997001499250375,0.6091954022988506,2000,0.06175832791927848,0.3315723282457861,0.1308436690745536,0.7024824254953332,1.0,1.0
word_vocalized_icf_position2_psalm,prophetische Gerichtsrede,1,342,0.0029154518950437317,0.014285714285714285,nan,nan,0.8011695906432749,nan,nan,0.15028814512782418,0.14957478739369684,0.1889055472263868,2000,0.36697981871958385,1.0,0.3637112673984051,1.0,0.5378849037019952,1.0
word_vocalized_icf_position2_psalm,"prophetische Schelt-, Droh- und Mahnrede",3,511,0.005836575875486381,0.17682385200633374,0.009123809805471058,0.5,0.7906066536203522,0.5628640172123018,0.9980694980694981,0.04137852009226641,0.04147926036981509,0.2048975512243878,2000,0.12110786368468218,0.6502121686858081,0.13452733092913002,0.7222595208077018,0.6172523494350386,1.0
word_vocalized_icf_position2_psalm,prophetische Tora,0,172,0.0,nan,nan,nan,nan,nan,nan,nan,nan,0.0004997501249375312,2000,nan,nan,nan,nan,0.0004997501249375312,0.0026830925973780084
word_vocalized_icf_position4,Danklied Israels,6,676,0.008797653958944282,0.017754236877997136,0.003952569169960474,0.06982528091554963,0.48730276134122286,0.014886386899748302,0.950744766277658,0.5430925850366071,0.5077461269365318,1.0,2000,0.9947817580173883,1.0,0.9950024987506247,1.0,1.0,1.0
word_vocalized_icf_position4,Danklied des Einzelnen,78,2087,0.03602771362586605,0.07140360262478253,0.03243771290082261,0.14760458299741125,0.6824112638679002,0.5418098569630091,0.8027738154012,2.1519856263656343e-08,0.0014992503748125937,0.4522738630684658,2000,3.9728965409827094e-08,2.132995824781807e-07,0.002767846845807865,0.014860205154708971,0.8349671318187061,1.0
word_vocalized_icf_position4,Fluch,0,173,0.0,nan,nan,nan,nan,nan,nan,nan,nan,0.0004997501249375312,2000,nan,nan,nan,nan,0.0004997501249375312,0.0026830925973780084
word_vocalized_icf_position4,Hymnus,465,4421,0.09516987310683586,0.15554134867982805,0.09636683401966274,0.24137197635815372,0.6001977366089996,0.5122491415930551,0.6886129490505893,5.439297143960197e-13,0.004497751124437781,0.7961019490254873,2000,2.331127347411513e-12,1.2515515689299912e-11,0.013493253373313342,0.07244350012920624,1.0,1.0
word_vocalized_icf_position4,Klagelied des Einzelnen,1176,6123,0.1611179613645705,0.19898561990545005,0.14063982591959107,0.27886616492720634,0.5730682849654642,0.5204659837344277,0.6271002691015549,9.358014308940256e-16,0.004997501249375313,0.9195402298850575,2000,2.61153887691356e-15,1.4021008257451714e-14,0.01537692692115481,0.08255669530393873,1.0,1.0
word_vocalized_icf_position4,Klagelied des Volkes,36,1484,0.02368421052631579,0.02439566666618887,0.009283943326639744,0.05826651106268579,0.4646975142258161,0.2840065193545165,0.6843120916968706,0.7657622312918024,0.6921539230384808,1.0,2000,0.946508144184988,1.0,0.9126130004304778,1.0,1.0,1.0
word_vocalized_icf_position4,Königspsalm,45,1636,0.02676977989292088,0.026588355889980618,0.012473723549038022,0.059978467653634675,0.4824232545503939,0.3187467450640642,0.6413387483846892,0.6565179658453817,0.5977011494252874,1.0,2000,0.7338030811866151,1.0,0.6818812815814315,1.0,1.0,1.0
word_vocalized_icf_position4,Liturgie,153,2800,0.05181171689806976,0.05156327478558408,0.030213666493380427,0.0837192699817886,0.5118043884220355,0.4346730669051374,0.5884803973029461,0.3112212344702897,0.38580709645177413,1.0,2000,0.9994262053241604,1.0,0.9529688937044083,1.0,1.0,1.0
word_vocalized_icf_position4,Mischgedicht,45,1633,0.026817640047675805,0.04067070667985935,0.014772588958915912,0.12057399893429187,0.5771722120160577,0.41504386147967026,0.7225246386148082,0.03849470231193047,0.10294852573713144,0.8975512243878061,2000,0.05914877257362123,0.31756196930639324,0.16068888632606776,0.8627174659261597,1.0,1.0
word_vocalized_icf_position4,Thronbesteigungslied,15,1006,0.014691478942213516,0.0436322888388703,0.01157626296210175,0.3333333333333333,0.6022200132538105,0.2186333622675984,0.8528449265778301,0.08688137198176055,0.1199400299850075,0.792103948025987,2000,0.19671254033606161,1.0,0.2790912236189597,1.0,1.0,1.0
word_vocalized_icf_position4,Wallfahrtslied,0,172,0.0,nan,nan,nan,nan,nan,nan,nan,nan,0.0004997501249375312,2000,nan,nan,nan,nan,0.0004997501249375312,0.0026830925973780084
word_vocalized_icf_position4,Weisheitsgedicht,45,1639,0.02672209026128266,0.044402690239801534,0.014809565446928569,0.10721579063147013,0.5491695478272659,0.3761356580132612,0.7596838378157799,0.12992661514672693,0.19990004997501248,0.9815092453773113,2000,0.2885976322909071,1.0,0.42251601471991274,1.0,1.0,1.0
word_vocalized_icf_position4,Zionslied,15,1007,0.014677103718199608,0.033492602792537324,0.00687629864701758,0.0986307842973062,0.6920556107249255,0.3891590949019933,0.9281098908639902,0.005293741795930201,0.01699150424787606,0.4272863568215892,2000,0.02096370341923702,0.11255136247302357,0.0728207324908974,0.3909649213322241,1.0,1.0
word_vocalized_icf_position4,prophetische Gerichtsrede,1,342,0.0029154518950437317,0.018518518518518517,nan,nan,0.847953216374269,nan,nan,0.1156941529281939,0.10655327663831916,0.12043978010994502,2000,0.36697981871958385,1.0,0.3637112673984051,1.0,0.5378849037019952,1.0
word_vocalized_icf_position4,"prophetische Schelt-, Droh- und Mahnrede",3,511,0.005836575875486381,0.17065972721434663,0.004319497403738025,0.5,0.4592302674494455,0.10774747624564023,0.9980947595956031,0.5970108009733165,0.6086956521739131,1.0,2000,0.6020276984604872,1.0,0.6138107416879796,1.0,1.0,1.0
word_vocalized_icf_position4,prophetische Tora,0,172,0.0,nan,nan,nan,nan,nan,nan,nan,nan,0.0004997501249375312,2000,nan,nan,nan,nan,0.0004997501249375312,0.0026830925973780084
word_vocalized_icf_position4_psalm,Danklied Israels,6,676,0.008797653958944282,0.03459112449018312,0.003990373379354156,0.141077225453611,0.46178500986193294,0.06185289489707,0.9895371049025227,0.6268946949424986,0.5862068965517241,1.0,2000,0.9947817580173883,1.0,0.9950024987506247,1.0,1.0,1.0
word_vocalized_icf_position4_psalm,Danklied des Einzelnen,78,2087,0.03602771362586605,0.07257476992540288,0.03348876917070372,0.14603619113253774,0.686815819542221,0.5293288423665732,0.8132815162598146,1.0106060561102547e-08,0.0009995002498750624,0.44227886056971516,2000,1.924963916400485e-08,1.0334877725062157e-07,0.0019038099997620236,0.010221305132868605,0.8349671318187061,1.0
word_vocalized_icf_position4_psalm,Fluch,0,173,0.0,nan,nan,nan,nan,nan,nan,nan,nan,0.0004997501249375312,2000,nan,nan,nan,nan,0.0004997501249375312,0.0026830925973780084
word_vocalized_icf_position4_psalm,Hymnus,465,4421,0.09516987310683586,0.16272004988340563,0.09511616493159204,0.2483611542057353,0.6154750178157523,0.5327264169163178,0.7017762496567411,1.1593643901701462e-16,0.0004997501249375312,0.7136431784107946,2000,1.5762738056245173e-15,8.462806447203321e-15,0.005997001499250375,0.03219711116853611,1.0,1.0
word_vocalized_icf_position4_psalm,Klagelied des Einzelnen,1176,6123,0.1611179613645705,0.209294472678568,0.15022331669126626,0.2935016311001709,0.5946153040670784,0.5409225000663251,0.6532874121317699,3.7572243437691513e-25,0.0004997501249375312,0.8180909545227386,2000,1.8786121718845755e-24,1.0086021313867184e-23,0.0023988005997001498,0.012878844467414441,1.0,1.0
word_vocalized_icf_position4_psalm,Klagelied des Volkes,36,1484,0.02368421052631579,0.02319144311374704,0.009059718193769984,0.05320295152715984,0.4568545971847859,0.2860791536365819,0.6552172201281848,0.812185350051424,0.7391304347826086,1.0,2000,0.946508144184988,1.0,0.9126130004304778,1.0,1.0,1.0
word_vocalized_icf_position4_psalm,Königspsalm,45,1636,0.02676977989292088,0.027517194539094004,0.012706730708467302,0.059288477574989465,0.4821515892420538,0.3374107313546559,0.6463941472452116,0.6588051937703552,0.5902048975512244,1.0,2000,0.7338030811866151,1.0,0.6818812815814315,1.0,1.0,1.0
word_vocalized_icf_position4_psalm,Liturgie,153,2800,0.05181171689806976,0.05142009893132021,0.03018031271742424,0.08230018565808571,0.5022175536881419,0.4293764008808382,0.5825866207371534,0.4631661372421642,0.46926536731634183,1.0,2000,0.9994262053241604,1.0,0.9529688937044083,1.0,1.0,1.0
word_vocalized_icf_position4_psalm,Mischgedicht,45,1633,0.026817640047675805,0.0378930798041843,0.01401631246394886,0.08125007095082991,0.5497108253385045,0.3717681793172248,0.7126275617949924,0.1273338081561619,0.20189905047476261,0.9775112443778111,2000,0.14280427082934044,0.7666973209542716,0.222274184008913,1.0,1.0,1.0
word_vocalized_icf_position4_psalm,Thronbesteigungslied,15,1006,0.014691478942213516,0.046535291423624545,0.0119344022543443,0.3333333333333333,0.6053346587143804,0.33085391284871,0.8676922336367154,0.08050714323176683,0.11644177911044477,0.7671164417791104,2000,0.18942857231003962,1.0,0.2790912236189597,1.0,1.0,1.0
word_vocalized_icf_position4_psalm,Wallfahrtslied,0,172,0.0,nan,nan,nan,nan,nan,nan,nan,nan,0.0004997501249375312,2000,nan,nan,nan,nan,0.0004997501249375312,0.0026830925973780084
word_vocalized_icf_position4_psalm,Weisheitsgedicht,45,1639,0.02672209026128266,0.03887177634113012,0.015227512476265616,0.09244204517766247,0.5335299301742255,0.4014356661268348,0.746190400231882,0.2211542334567561,0.272863568215892,0.9960019990004998,2000,0.3468171001379157,1.0,0.4361455635818455,1.0,1.0,1.0
word_vocalized_icf_position4_psalm,Zionslied,15,1007,0.014677103718199608,0.04842382527187093,0.0066011420465062025,0.18632332099571156,0.7093346573982126,0.38446352613667373,0.94640151102144,0.002667897113030206,0.012993503248375811,0.3888055972013993,2000,0.013919463198418467,0.07473176454297156,0.0728207324908974,0.3909649213322241,1.0,1.0
word_vocalized_icf_position4_psalm,prophetische Gerichtsrede,1,342,0.0029154518950437317,0.043478260869565216,nan,nan,0.9385964912280702,nan,nan,0.06553770442897923,0.04652326163081541,0.04997501249375312,2000,0.36697981871958385,1.0,0.3637112673984051,1.0,0.39980009995002497,1.0
word_vocalized_icf_position4_psalm,"prophetische Schelt-, Droh- und Mahnrede",3,511,0.005836575875486381,0.19212523719165084,0.022988505747126436,0.5,0.918460534898891,0.832500196334541,0.9980694980694981,0.006226372544057459,0.005997001499250375,0.06746626686656672,2000,0.09185714744398836,0.49316892587877414,0.07196401799100449,0.3863653340224333,0.6172523494350386,1.0
word_vocalized_icf_position4_psalm,prophetische Tora,0,172,0.0,nan,nan,nan,nan,nan,nan,nan,nan,0.0004997501249375312,2000,nan,nan,nan,nan,0.0004997501249375312,0.0026830925973780084
word_vocalized_icf_position8,Danklied Israels,6,676,0.008797653958944282,0.0587002537582511,0.004589534020586531,0.5,0.5742110453648915,0.055962039549658796,0.9941644148029803,0.2657758077603943,0.24387806096951525,0.8895552223888056,2000,0.9947817580173883,1.0,0.9950024987506247,1.0,1.0,1.0
word_vocalized_icf_position8,Danklied des Einzelnen,78,2087,0.03602771362586605,0.07190884771152517,0.03289241351976006,0.14246819393855883,0.6936468738097871,0.548265092958399,0.8030620398173637,3.0258964600290212e-09,0.0009995002498750624,0.41579210394802596,2000,5.952583200057091e-09,3.195863517061911e-08,0.0019038099997620236,0.010221305132868605,0.8349671318187061,1.0
word_vocalized_icf_position8,Fluch,0,173,0.0,nan,nan,nan,nan,nan,nan,nan,nan,0.0004997501249375312,2000,nan,nan,nan,nan,0.0004997501249375312,0.0026830925973780084
word_vocalized_icf_position8,Hymnus,465,4421,0.09516987310683586,0.15446670487937936,0.09673861633592347,0.2366165596132506,0.5859200832780012,0.5051597354533878,0.670714658840044,5.15212851515911e-10,0.004997501249375313,0.8365817091454273,2000,1.188952734267487e-09,6.38333063017082e-09,0.01427857499821518,0.07665978849651453,1.0,1.0
word_vocalized_icf_position8,Klagelied des Einzelnen,1176,6123,0.1611179613645705,0.19239253344174928,0.13883570431994832,0.26791382405342806,0.5625005555055601,0.5135037605634917,0.6171051795653506,5.23342451173051e-12,0.005997001499250375,0.9320339830084957,2000,1.2560218828153225e-11,6.743416054869088e-11,0.017552199510001094,0.09423544732254469,1.0,1.0
word_vocalized_icf_position8,Klagelied des Volkes,36,1484,0.02368421052631579,0.021150510093753613,0.008627847271258635,0.0459034760534066,0.42692422881102127,0.29271373583018423,0.6137810865089037,0.9332542131159864,0.8865567216391804,1.0,2000,0.946508144184988,1.0,0.9171276430750143,1.0,1.0,1.0
word_vocalized_icf_position8,Königspsalm,45,1636,0.02676977989292088,0.02735707614409902,0.012476727279949534,0.06129363630966774,0.4815267590328715,0.3135550989614792,0.659887536065864,0.6640440490227956,0.6136931534232883,1.0,2000,0.7338030811866151,1.0,0.6818812815814315,1.0,1.0,1.0
word_vocalized_icf_position8,Liturgie,153,2800,0.05181171689806976,0.05108028199836835,0.030656798879881826,0.08285307111830853,0.4967261904761905,0.40774540581934615,0.5869159969536438,0.5543356598604187,0.5352323838080959,1.0,2000,0.9994262053241604,1.0,0.9529688937044083,1.0,1.0,1.0
word_vocalized_icf_position8,Mischgedicht,45,1633,0.026817640047675805,0.040889244991188664,0.015716055571414037,0.09974142318427895,0.5789412805334422,0.4238593451578972,0.7251777158040332,0.03522776473000447,0.0864567716141929,0.8655672163918041,2000,0.05490041256624073,0.2947530839895077,0.15433459740717878,0.8286021256608558,1.0,1.0
word_vocalized_icf_position8,Thronbesteigungslied,15,1006,0.014691478942213516,0.05349864439050248,0.009112756535431393,0.2,0.6201789264413519,0.40973545282776896,0.9640151728726061,0.05487243213211523,0.07646176911544228,0.6766616691654173,2000,0.14965208763304153,0.8034623474292679,0.22938530734632684,1.0,1.0,1.0
word_vocalized_icf_position8,Wallfahrtslied,0,172,0.0,nan,nan,nan,nan,nan,nan,nan,nan,0.0004997501249375312,2000,nan,nan,nan,nan,0.0004997501249375312,0.0026830925973780084
word_vocalized_icf_position8,Weisheitsgedicht,45,1639,0.02672209026128266,0.046315610255531416,0.016870692605479697,0.11425475084693706,0.5728086231441936,0.3935658393491574,0.7717743373098992,0.04760051695337334,0.1024487756121939,0.8960519740129935,2000,0.22876453724756324,1.0,0.42251601471991274,1.0,1.0,1.0
word_vocalized_icf_position8,Zionslied,15,1007,0.014677103718199608,0.03489279857011939,0.007234181867388723,0.1818181818181818,0.6516716319099636,0.4074140063196549,0.8792544315780535,0.02177050307935895,0.033483258370814596,0.5482258870564718,2000,0.053767492414784526,0.2886705849162509,0.10566145498679232,0.5672824348742075,1.0,1.0
word_vocalized_icf_position8,prophetische Gerichtsrede,1,342,0.0029154518950437317,0.023809523809523808,nan,nan,0.8830409356725146,nan,nan,0.09375310095392503,0.08054027013506754,0.08745627186406797,2000,0.36697981871958385,1.0,0.3637112673984051,1.0,0.5261005860706011,1.0
word_vocalized_icf_position8,"prophetische Schelt-, Droh- und Mahnrede",3,511,0.005836575875486381,0.17164509144515594,0.004674687433754828,0.5,0.5544683626875407,0.14847015168232358,0.9980694980694981,0.3731066541558535,0.37231384307846077,0.9610194902548725,2000,0.4468278042401297,1.0,0.4423530808852999,1.0,1.0,1.0
word_vocalized_icf_position8,prophetische Tora,0,172,0.0,nan,nan,nan,nan,nan,nan,nan,nan,0.0004997501249375312,2000,nan,nan,nan,nan,0.0004997501249375312,0.0026830925973780084
word_vocalized_icf_position8_psalm,Danklied Israels,6,676,0.008797653958944282,0.07349813037673986,0.004665117766581747,0.3333333333333333,0.525887573964497,0.0719796212890498,0.9942170305919797,0.4139110204462788,0.39080459770114945,0.9960019990004998,2000,0.9947817580173883,1.0,0.9950024987506247,1.0,1.0,1.0
word_vocalized_icf_position8_psalm,Danklied des Einzelnen,78,2087,0.03602771362586605,0.07100304776326541,0.03294318445801846,0.1375274677820362,0.6845674689469611,0.52033951535084,0.7986989698995106,1.4895928282885746e-08,0.0009995002498750624,0.44627686156921537,2000,2.7929865530410774e-08,1.4995176931626712e-07,0.0019038099997620236,0.010221305132868605,0.8349671318187061,1.0
word_vocalized_icf_position8_psalm,Fluch,0,173,0.0,nan,nan,nan,nan,nan,nan,nan,nan,0.0004997501249375312,2000,nan,nan,nan,nan,0.0004997501249375312,0.0026830925973780084
word_vocalized_icf_position8_psalm,Hymnus,465,4421,0.09516987310683586,0.16256164614356658,0.09514649195321866,0.2453851597858636,0.5907861550323116,0.5062181797225904,0.6709700534540297,5.583783907725768e-11,0.0029985007496251873,0.816591704147926,2000,1.6342782168953466e-10,8.774224491401881e-10,0.010903639089546136,0.05854020212461109,1.0,1.0
word_vocalized_icf_position8_psalm,Klagelied des Einzelnen,1176,6123,0.1611179613645705,0.21416663099244565,0.15277663282514653,0.2960524990340445,0.5978885511415084,0.5436538216878986,0.6494088131546221,8.723848919413169e-27,0.0004997501249375312,0.7891054472763618,2000,4.551573349259045e-26,2.4436797812399765e-25,0.0023988005997001498,0.012878844467414441,1.0,1.0
word_vocalized_icf_position8_psalm,Klagelied des Volkes,36,1484,0.02368421052631579,0.020736704834492123,0.008148393427951935,0.04362070913007079,0.42351752021563344,0.3099365096730421,0.5966425132573632,0.9418391504809797,0.9085457271364318,1.0,2000,0.946508144184988,1.0,0.9215392303848076,1.0,1.0,1.0
word_vocalized_icf_position8_psalm,Königspsalm,45,1636,0.02676977989292088,0.027830920029376607,0.013103456839706868,0.06281832550612726,0.4839174137462646,0.3462467099783127,0.6687782015956167,0.6438375484656644,0.5902048975512244,1.0,2000,0.7338030811866151,1.0,0.6818812815814315,1.0,1.0,1.0
word_vocalized_icf_position8_psalm,Liturgie,153,2800,0.05181171689806976,0.05401432153229215,0.030286666401065167,0.08621694558164371,0.5002591036414565,0.41719029137264485,0.5856589933998695,0.49570735483117945,0.49525237381309345,1.0,2000,0.9994262053241604,1.0,0.9529688937044083,1.0,1.0,1.0
word_vocalized_icf_position8_psalm,Mischgedicht,45,1633,0.026817640047675805,0.03644813821720562,0.014547933970153783,0.08530562865251023,0.5478464992855685,0.37425265614728537,0.7252830363225812,0.1364606635649534,0.1969015492253873,0.9650174912543729,2000,0.15023192319077439,0.8065754081670596,0.21877949913931924,1.0,1.0,1.0
word_vocalized_icf_position8_psalm,Thronbesteigungslied,15,1006,0.014691478942213516,0.05860007943914903,0.01041510019535024,0.2094901115323718,0.6279324055666003,0.3134231573339287,0.9440388655731818,0.04433195488373131,0.06696651674162919,0.6451774112943528,2000,0.13072863626674316,0.7018648295014743,0.21147321076303957,1.0,1.0,1.0
word_vocalized_icf_position8_psalm,Wallfahrtslied,0,172,0.0,nan,nan,nan,nan,nan,nan,nan,nan,0.0004997501249375312,2000,nan,nan,nan,nan,0.0004997501249375312,0.0026830925973780084
word_vocalized_icf_position8_psalm,Weisheitsgedicht,45,1639,0.02672209026128266,0.04007146966691756,0.016834547560629,0.09862729436119577,0.5601382957087655,0.40580007772343046,0.7519866852932259,0.08408045053993624,0.14342828585707146,0.9370314842578711,2000,0.2402298586855321,1.0,0.42251601471991274,1.0,1.0,1.0
word_vocalized_icf_position8_psalm,Zionslied,15,1007,0.014677103718199608,0.062498788742932736,0.007282921872857827,0.3333333333333333,0.6914597815292949,0.33401811941539256,0.9401437567558188,0.005415623383302897,0.01649175412293853,0.4332833583208396,2000,0.02096370341923702,0.11255136247302357,0.0728207324908974,0.3909649213322241,1.0,1.0
word_vocalized_icf_position8_psalm,prophetische Gerichtsrede,1,342,0.0029154518950437317,0.1,nan,nan,0.9766081871345029,nan,nan,0.05038113491469185,0.02001000500250125,0.02048975512243878,2000,0.36697981871958385,1.0,0.3601800900450225,1.0,0.3782724022604082,1.0
word_vocalized_icf_position8_psalm,"prophetische Schelt-, Droh- und Mahnrede",3,511,0.005836575875486381,0.1784109477124183,0.009178168810297843,0.5,0.8114807566862361,0.555340316031072,0.9980582524271845,0.031466065502817366,0.03548225887056472,0.19990004997501248,2000,0.10788483965033717,0.5792194942849014,0.12699532586647852,0.681821177686647,0.6172523494350386,1.0
word_vocalized_icf_position8_psalm,prophetische Tora,0,172,0.0,nan,nan,nan,nan,nan,nan,nan,nan,0.0004997501249375312,2000,nan,nan,nan,nan,0.0004997501249375312,0.0026830925973780084
word_vocalized_icf_position_mean,Danklied Israels,6,676,0.008797653958944282,0.018186999161582874,0.0038634210486896527,0.0887270639708802,0.4307199211045365,0.006059093548289656,0.9785318264879657,0.7210225397288549,0.6976511744127936,1.0,2000,0.9947817580173883,1.0,0.9950024987506247,1.0,1.0,1.0
word_vocalized_icf_position_mean,Danklied des Einzelnen,78,2087,0.03602771362586605,0.07954878862589616,0.037724617804526135,0.15547561673917498,0.722070694040028,0.5785238786202446,0.8157281503752019,1.2885044276671502e-11,0.0009995002498750624,0.3408295852073963,2000,3.361315898262131e-11,1.804646232995635e-10,0.0019038099997620236,0.010221305132868605,0.8349671318187061,1.0
word_vocalized_icf_position_mean,Fluch,0,173,0.0,nan,nan,nan,nan,nan,nan,nan,nan,0.0004997501249375312,2000,nan,nan,nan,nan,0.0004997501249375312,0.0026830925973780084
word_vocalized_icf_position_mean,Hymnus,465,4421,0.09516987310683586,0.14367680029302718,0.0921576283031311,0.21750872016717523,0.5830486461244354,0.5016275386800247,0.6720391691850236,1.8122072128112263e-09,0.010994502748625687,0.8950524737631185,2000,3.815173079602582e-09,2.048316175784269e-08,0.023146321576054077,0.12426955187856041,1.0,1.0
word_vocalized_icf_position_mean,Klagelied des Einzelnen,1176,6123,0.1611179613645705,0.2135297046248884,0.14968653584426903,0.3048896577563261,0.5899673196079019,0.5290543302409697,0.6511503594983856,6.331208985765953e-23,0.0014992503748125937,0.863568215892054,2000,2.619810614799705e-22,1.4065418128669935e-21,0.005622188905547226,0.030184791720502598,1.0,1.0
word_vocalized_icf_position_mean,Klagelied des Volkes,36,1484,0.02368421052631579,0.026052976692399792,0.010068973882583038,0.0630043343560658,0.4960504642108416,0.3201359221525852,0.7507179497793879,0.5323892116156516,0.5067466266866567,1.0,2000,0.946508144184988,1.0,0.9099450274862569,1.0,1.0,1.0
word_vocalized_icf_position_mean,Königspsalm,45,1636,0.02676977989292088,0.028227696784237442,0.013419769199249112,0.0601878150197127,0.5154713393099701,0.3647946291558855,0.6531991230843455,0.3615137269268015,0.3828085957021489,1.0,2000,0.6852872862006282,1.0,0.6818812815814315,1.0,1.0,1.0
word_vocalized_icf_position_mean,Liturgie,153,2800,0.05181171689806976,0.0475238939709685,0.0281021223640563,0.07935244269122906,0.4815266106442577,0.40850645233774746,0.5689016102787693,0.7795569781538536,0.6711644177911045,1.0,2000,0.9994262053241604,1.0,0.9529688937044083,1.0,1.0,1.0
word_vocalized_icf_position_mean,Mischgedicht,45,1633,0.026817640047675805,0.037294778676107934,0.014775898354196942,0.08941095131688949,0.5882493025787575,0.4178198115195988,0.7129449351085365,0.02157342940245667,0.09095452273863068,0.8695652173913043,2000,0.037771707748036565,0.20279132388761403,0.15592203898050974,0.8371248903819386,1.0,1.0
word_vocalized_icf_position_mean,Thronbesteigungslied,15,1006,0.014691478942213516,0.053881440294324755,0.01688400813209782,0.2502367893902397,0.7167329357190192,0.4715540816472748,0.912042747716413,0.0019602648975574166,0.010994502748625687,0.3548225887056472,2000,0.010692353986676817,0.057405840236225816,0.05997001499250374,0.321971111685361,1.0,1.0
word_vocalized_icf_position_mean,Wallfahrtslied,0,172,0.0,nan,nan,nan,nan,nan,nan,nan,nan,0.0004997501249375312,2000,nan,nan,nan,nan,0.0004997501249375312,0.0026830925973780084
word_vocalized_icf_position_mean,Weisheitsgedicht,45,1639,0.02672209026128266,0.045175964420747346,0.0129370157131259,0.10824847056763945,0.5524303437055115,0.3655535178602719,0.7786723479737535,0.11478442710813785,0.19540229885057472,0.9825087456271864,2000,0.2828788475261308,1.0,0.42251601471991274,1.0,1.0,1.0
word_vocalized_icf_position_mean,Zionslied,15,1007,0.014677103718199608,0.04242647024596164,0.008195443636083282,0.22323765383969452,0.6597484276729559,0.33568097210878745,0.9235924338226851,0.016752311342502185,0.0384807596201899,0.5462268865567217,2000,0.049031155148786885,0.263241813970626,0.10738816638192532,0.5765529209249488,1.0,1.0
word_vocalized_icf_position_mean,prophetische Gerichtsrede,1,342,0.0029154518950437317,0.0136986301369863,nan,nan,0.7923976608187134,nan,nan,0.15747253605457706,0.14957478739369684,0.1934032983508246,2000,0.36697981871958385,1.0,0.3637112673984051,1.0,0.5378849037019952,1.0
word_vocalized_icf_position_mean,"prophetische Schelt-, Droh- und Mahnrede",3,511,0.005836575875486381,0.1715498269148818,0.005318931551462498,0.5,0.5616438356164384,0.2580642081478108,0.9980734684812079,0.35700532387805084,0.3523238380809595,0.9660169915042479,2000,0.4327337259127889,1.0,0.42278860569715143,1.0,1.0,1.0
word_vocalized_icf_position_mean,prophetische Tora,0,172,0.0,nan,nan,nan,nan,nan,nan,nan,nan,0.0004997501249375312,2000,nan,nan,nan,nan,0.0004997501249375312,0.0026830925973780084
word_vocalized_icf_position_mean_psalm,Danklied Israels,6,676,0.008797653958944282,0.07066900775405655,0.005545891782671659,0.5,0.5532544378698225,0.00952369188758277,0.9938898577286731,0.32689005823144884,0.3073463268365817,0.9495252373813093,2000,0.9947817580173883,1.0,0.9950024987506247,1.0,1.0,1.0
word_vocalized_icf_position_mean_psalm,Danklied des Einzelnen,78,2087,0.03602771362586605,0.047120093310227006,0.02071250014709496,0.1123082818825552,0.5930792574300001,0.47439945561030816,0.6894364474633782,0.0025936054089972954,0.020989505247376312,0.7891054472763618,2000,0.003021676204657043,0.01622298154983357,0.02623688155922039,0.14086236136234548,0.9283593497368963,1.0
word_vocalized_icf_position_mean_psalm,Fluch,0,173,0.0,nan,nan,nan,nan,nan,nan,nan,nan,0.0004997501249375312,2000,nan,nan,nan,nan,0.0004997501249375312,0.0026830925973780084
word_vocalized_icf_position_mean_psalm,Hymnus,465,4421,0.09516987310683586,0.18357604048445092,0.1131925042156608,0.2926594294879212,0.6063407052848939,0.5345278787506199,0.6933145353640646,2.0886328984183968e-14,0.0009995002498750624,0.7391304347826086,2000,1.193504513381941e-13,6.407768532709449e-13,0.0079960019990005,0.042929481558048134,1.0,1.0
word_vocalized_icf_position_mean_psalm,Klagelied des Einzelnen,1176,6123,0.1611179613645705,0.3219943887513762,0.23473878740935544,0.4299022198221599,0.7159234835531468,0.6500357391742562,0.7749835371042701,2.478494987418692e-122,0.0004997501249375312,0.3893053473263368,2000,5.948387969804861e-121,3.1936111531959764e-120,0.0023988005997001498,0.012878844467414441,1.0,1.0
word_vocalized_icf_position_mean_psalm,Klagelied des Volkes,36,1484,0.02368421052631579,0.030971513438108115,0.00955899821913441,0.14223329385469968,0.523641060197664,0.30734500900367817,0.7640876748054155,0.3137797294406769,0.30884557721139433,0.9950024987506247,2000,0.946508144184988,1.0,0.9099450274862569,1.0,1.0,1.0
word_vocalized_icf_position_mean_psalm,Königspsalm,45,1636,0.02676977989292088,0.030386793835927073,0.012579688521823553,0.08085161134031005,0.49267861994023365,0.3720878845848838,0.6233896584899095,0.5666873574065439,0.5287356321839081,1.0,2000,0.7338030811866151,1.0,0.6818812815814315,1.0,1.0,1.0
word_vocalized_icf_position_mean_psalm,Liturgie,153,2800,0.05181171689806976,0.06257300819523282,0.03563085592968379,0.10133652064892627,0.5507329598506069,0.485635183498947,0.6313091363638367,0.017156936323589438,0.079960019990005,0.9555222388805598,2000,0.17473881577100447,0.9381496865626333,0.879560219890055,1.0,1.0,1.0
word_vocalized_icf_position_mean_psalm,Mischgedicht,45,1633,0.026817640047675805,0.028097568524730537,0.01214838372804874,0.05956755367336141,0.5232428386745595,0.36208452363897015,0.6644910593679492,0.29718686208017253,0.30884557721139433,0.9960019990004998,2000,0.3022239275391585,1.0,0.31949542470144243,1.0,1.0,1.0
word_vocalized_icf_position_mean_psalm,Thronbesteigungslied,15,1006,0.014691478942213516,0.12714260906659744,0.015738940350610835,0.31278313075500996,0.8291252485089463,0.5465046450089962,0.9772188290720636,5.919340020069812e-06,0.0004997501249375312,0.17691154422788605,2000,0.00017758020060209436,0.0009534047074744387,0.008567144998929107,0.045995873097908715,1.0,1.0
word_vocalized_icf_position_mean_psalm,Wallfahrtslied,0,172,0.0,nan,nan,nan,nan,nan,nan,nan,nan,0.0004997501249375312,2000,nan,nan,nan,nan,0.0004997501249375312,0.0026830925973780084
word_vocalized_icf_position_mean_psalm,Weisheitsgedicht,45,1639,0.02672209026128266,0.039432010907423584,0.01563001046097036,0.10578455940870059,0.5799674598332316,0.40883669680327706,0.7287267721027946,0.033432527088441764,0.07846076961519241,0.8455772113943029,2000,0.22876453724756324,1.0,0.42251601471991274,1.0,1.0,1.0
word_vocalized_icf_position_mean_psalm,Zionslied,15,1007,0.014677103718199608,0.070299580161632,0.007084735239824064,0.33353219846511795,0.7550148957298908,0.36503432795740964,0.964290526209758,0.00034429372762417203,0.0024987506246876563,0.30884557721139433,2000,0.0034429372762417206,0.01848467675776105,0.02306539038173221,0.1238350429559081,1.0,1.0
word_vocalized_icf_position_mean_psalm,prophetische Gerichtsrede,1,342,0.0029154518950437317,0.14285714285714285,nan,nan,0.9853801169590644,nan,nan,0.047314775236522846,0.014507253626813406,0.014492753623188406,2000,0.36697981871958385,1.0,0.3601800900450225,1.0,0.3782724022604082,1.0
word_vocalized_icf_position_mean_psalm,"prophetische Schelt-, Droh- und Mahnrede",3,511,0.005836575875486381,0.17575757575757575,0.01060742300022023,0.5,0.7658186562296151,0.6247412124376096,0.9980694980694981,0.05628363353426601,0.06596701649175413,0.28235882058970513,2000,0.1468268700893896,0.7882941265542807,0.175912043978011,0.9444485942770592,0.7508745627186407,1.0
word_vocalized_icf_position_mean_psalm,prophetische Tora,0,172,0.0,nan,nan,nan,nan,nan,nan,nan,nan,0.0004997501249375312,2000,nan,nan,nan,nan,0.0004997501249375312,0.0026830925973780084
word_vocalized_icf_psalm,Danklied Israels,6,676,0.008797653958944282,0.07321486272764899,0.004844361261002533,0.5,0.5231755424063116,0.007935437990889837,0.9939523055544777,0.42285297893418927,0.3988005997001499,0.9975012493753124,2000,0.9947817580173883,1.0,0.9950024987506247,1.0,1.0,1.0
word_vocalized_icf_psalm,Danklied des Einzelnen,78,2087,0.03602771362586605,0.046239578836433204,0.020298705357876073,0.10601466005662635,0.6098374553094247,0.4985201739732734,0.7083817114332671,0.00048612236634185737,0.009995002498750625,0.7186406796601699,2000,0.0006140493048528724,0.0032967498396959845,0.013476407863483988,0.07235305880569912,0.9077566479917935,1.0
word_vocalized_icf_psalm,Fluch,0,173,0.0,nan,nan,nan,nan,nan,nan,nan,nan,0.0004997501249375312,2000,nan,nan,nan,nan,0.0004997501249375312,0.0026830925973780084
word_vocalized_icf_psalm,Hymnus,465,4421,0.09516987310683586,0.18132980371423585,0.11152179521043047,0.2786068553864726,0.6123010168963865,0.5368323756742095,0.6978992885099317,7.386638398944282e-16,0.0004997501249375312,0.7056471764117941,2000,6.818435445179336e-15,3.6607281830989673e-14,0.005997001499250375,0.03219711116853611,1.0,1.0
word_vocalized_icf_psalm,Klagelied des Einzelnen,1176,6123,0.1611179613645705,0.3423147440710792,0.24817420524969208,0.4557680977302292,0.7202164305212531,0.6520046504318807,0.7815380846254912,3.743055927963666e-127,0.0004997501249375312,0.3758120939530235,2000,1.1229167783890998e-125,6.028792280830279e-125,0.0023988005997001498,0.012878844467414441,1.0,1.0
word_vocalized_icf_psalm,Klagelied des Volkes,36,1484,0.02368421052631579,0.03823654102708135,0.010723812270668681,0.2759888822346775,0.536631476489967,0.3179025898182692,0.7903024349407065,0.22606723360000364,0.2518740629685157,0.9845077461269365,2000,0.946508144184988,1.0,0.9099450274862569,1.0,1.0,1.0
word_vocalized_icf_psalm,Königspsalm,45,1636,0.02676977989292088,0.03200278332346113,0.012372998865505488,0.0742343215877152,0.5024449877750611,0.34337508758242874,0.6491501648516034,0.4777193252201473,0.4572713643178411,1.0,2000,0.7338030811866151,1.0,0.6818812815814315,1.0,1.0,1.0
word_vocalized_icf_psalm,Liturgie,153,2800,0.05181171689806976,0.06045853943697038,0.033818404824941924,0.09998972115580534,0.5385690943043884,0.46852546512583604,0.6162031764970998,0.05381611695450487,0.13843078460769614,0.9800099950024987,2000,0.43052893563603895,1.0,0.9529688937044083,1.0,1.0,1.0
word_vocalized_icf_psalm,Mischgedicht,45,1633,0.026817640047675805,0.029716393841220365,0.012392192303256432,0.0637319427644013,0.5359801319997278,0.3869112469646852,0.683439654067466,0.20485221142034044,0.25087456271864067,0.9845077461269365,2000,0.21948451223607904,1.0,0.26641546483395473,1.0,1.0,1.0
word_vocalized_icf_psalm,Thronbesteigungslied,15,1006,0.014691478942213516,0.19289108647181732,0.01634534487299562,0.39786085693526907,0.8380053015241882,0.5271293991372625,0.9778945817538657,3.4178714921521443e-06,0.0004997501249375312,0.1729135432283858,2000,0.00013671485968608577,0.0007340040745785952,0.008567144998929107,0.045995873097908715,1.0,1.0
word_vocalized_icf_psalm,Wallfahrtslied,0,172,0.0,nan,nan,nan,nan,nan,nan,nan,nan,0.0004997501249375312,2000,nan,nan,nan,nan,0.0004997501249375312,0.0026830925973780084
word_vocalized_icf_psalm,Weisheitsgedicht,45,1639,0.02672209026128266,0.04249825371567259,0.015912855505632102,0.11634187552789807,0.5857840146430751,0.41442116363486353,0.7472077419294778,0.02465584420807663,0.06096951524237881,0.8195902048975512,2000,0.22876453724756324,1.0,0.42251601471991274,1.0,1.0,1.0
word_vocalized_icf_psalm,Zionslied,15,1007,0.014677103718199608,0.10784411305295341,0.018221406251071114,0.5481635555056633,0.7073485600794439,0.2548506567910396,0.9523638271456503,0.0028936719945981187,0.005997001499250375,0.4032983508245877,2000,0.014468359972990594,0.07767871902900243,0.0399800099950025,0.2146474077902407,1.0,1.0
word_vocalized_icf_psalm,prophetische Gerichtsrede,1,342,0.0029154518950437317,0.07142857142857142,nan,nan,0.9649122807017544,nan,nan,0.05471392107820827,0.032016008004002,0.03298350824587706,2000,0.36697981871958385,1.0,0.3601800900450225,1.0,0.3782724022604082,1.0
word_vocalized_icf_psalm,"prophetische Schelt-, Droh- und Mahnrede",3,511,0.005836575875486381,0.17217959647627165,0.006134969325153374,0.5,0.6118721461187214,0.3659491193737769,0.9980743350033521,0.252490627362731,0.2518740629685157,0.7071464267866067,2000,0.3740601886855274,1.0,0.368596189710023,1.0,1.0,1.0
word_vocalized_icf_psalm,prophetische Tora,0,172,0.0,nan,nan,nan,nan,nan,nan,nan,nan,0.0004997501249375312,2000,nan,nan,nan,nan,0.0004997501249375312,0.0026830925973780084
word_vocalized_icf_spacing2,Danklied Israels,6,676,0.008797653958944282,0.010602472203987232,0.004000007562355354,0.04868416710098002,0.4324457593688363,0.046206291074369354,0.9429189613264327,0.7161062015713082,0.6746626686656672,1.0,2000,0.9947817580173883,1.0,0.9950024987506247,1.0,1.0,1.0
word_vocalized_icf_spacing2,Danklied des Einzelnen,78,2087,0.03602771362586605,0.05862760695774973,0.026038960827332737,0.16641148472618303,0.6534591426781173,0.5159031125568443,0.7872119505079843,2.028496987814697e-06,0.004497751124437781,0.5887056471764118,2000,3.1207645966379955e-06,1.6754974075184945e-05,0.006502772710030526,0.03491253018274999,0.8659955736417505,1.0
word_vocalized_icf_spacing2,Fluch,0,173,0.0,nan,nan,nan,nan,nan,nan,nan,nan,0.0004997501249375312,2000,nan,nan,nan,nan,0.0004997501249375312,0.0026830925973780084
word_vocalized_icf_spacing2,Hymnus,465,4421,0.09516987310683586,0.09501967330195298,0.06406976830661952,0.1387176834812956,0.49089754908756594,0.4396719882313872,0.5575344964827874,0.741098160744553,0.591704147926037,1.0,2000,0.7478782842997002,1.0,0.6017330317891901,1.0,1.0,1.0
word_vocalized_icf_spacing2,Klagelied des Einzelnen,1176,6123,0.1611179613645705,0.16241755968247984,0.11896654777407246,0.2205055834722992,0.5026029601780284,0.460441757239552,0.5603067027723823,0.38851734320744047,0.40679660169915044,1.0,2000,0.5123305624713501,1.0,0.5364350791637149,1.0,1.0,1.0
word_vocalized_icf_spacing2,Klagelied des Volkes,36,1484,0.02368421052631579,0.028303227752377265,0.009584751429011757,0.08801461875594334,0.4799902665468703,0.3577971582716484,0.6936670492323669,0.6594626403764176,0.5652173913043478,1.0,2000,0.946508144184988,1.0,0.9099450274862569,1.0,1.0,1.0
word_vocalized_icf_spacing2,Königspsalm,45,1636,0.02676977989292088,0.026602144225227647,0.010287962844142245,0.0645506646027186,0.443520782396088,0.3697868807330995,0.6994584270791572,0.9022610396744936,0.8685657171414293,1.0,2000,0.9098430652179766,1.0,0.8758645887140463,1.0,1.0,1.0
word_vocalized_icf_spacing2,Liturgie,153,2800,0.05181171689806976,0.046395730097199314,0.026609415482175762,0.07191922558485243,0.4623249299719888,0.4077754782396111,0.5495542245732754,0.9419932866915486,0.856071964017991,1.0,2000,0.9994262053241604,1.0,0.9529688937044083,1.0,1.0,1.0
word_vocalized_icf_spacing2,Mischgedicht,45,1633,0.026817640047675805,0.031745409234312814,0.014757264737598579,0.06942728969708986,0.5490848472477377,0.37900842765748455,0.707662362796026,0.13034973184235865,0.1744127936031984,0.9615192403798101,2000,0.14483303538039852,0.7775894906149539,0.20519152188611575,1.0,1.0,1.0
word_vocalized_icf_spacing2,Thronbesteigungslied,15,1006,0.014691478942213516,0.016710323811521904,0.0065879348296308884,0.07902969446446383,0.45795228628230616,0.26910930463158433,0.8202795980068733,0.7123070784988779,0.6581709145427287,1.0,2000,0.7432769514770899,1.0,0.6928114889923459,1.0,1.0,1.0
word_vocalized_icf_spacing2,Wallfahrtslied,0,172,0.0,nan,nan,nan,nan,nan,nan,nan,nan,0.0004997501249375312,2000,nan,nan,nan,nan,0.0004997501249375312,0.0026830925973780084
word_vocalized_icf_spacing2,Weisheitsgedicht,45,1639,0.02672209026128266,0.022540641587058978,0.011154524210107654,0.042207718634828986,0.4220256253813301,0.3372073250639141,0.5978587422958671,0.9630484000553144,0.9610194902548725,1.0,2000,0.9630484000553144,1.0,0.9610194902548725,1.0,1.0,1.0
word_vocalized_icf_spacing2,Zionslied,15,1007,0.014677103718199608,0.027044141104740342,0.0069723531332432686,0.1879794635520939,0.6003641178417742,0.3145701180105129,0.8841420993167518,0.09085404308544748,0.13243378310844578,0.7806096951524237,2000,0.15355612915850278,0.8244226321678275,0.22467639419726756,1.0,1.0,1.0
word_vocalized_icf_spacing2,prophetische Gerichtsrede,1,342,0.0029154518950437317,0.0036363636363636364,nan,nan,0.20175438596491227,nan,nan,0.8497118548721758,0.8429214607303652,1.0,2000,0.8568522906274042,1.0,0.8500048343499481,1.0,1.0,1.0
word_vocalized_icf_spacing2,"prophetische Schelt-, Droh- und Mahnrede",3,511,0.005836575875486381,0.033733946035112525,0.014668395192254937,0.051855407891917754,0.8891063274624919,0.7726499744790396,0.9397851330297772,0.010073267742770892,0.021989005497251374,0.1409295352323838,2000,0.0928189723307741,0.4983328370114254,0.11472524607261587,0.615944735398082,0.6172523494350386,1.0
word_vocalized_icf_spacing2,prophetische Tora,0,172,0.0,nan,nan,nan,nan,nan,nan,nan,nan,0.0004997501249375312,2000,nan,nan,nan,nan,0.0004997501249375312,0.0026830925973780084
word_vocalized_icf_spacing2_psalm,Danklied Israels,6,676,0.008797653958944282,0.010713859267626163,0.0046952156347042015,0.04711010488287282,0.5155325443786982,0.2675714674273702,0.9717177884722005,0.4482514310767819,0.39030484757621187,0.9995002498750625,2000,0.9947817580173883,1.0,0.9950024987506247,1.0,1.0,1.0
word_vocalized_icf_spacing2_psalm,Danklied des Einzelnen,78,2087,0.03602771362586605,0.05559658767871227,0.026105394016329178,0.10753469252933781,0.6603761994274692,0.5547924479334929,0.774318489953488,7.317093025284158e-07,0.00399800099950025,0.5872063968015993,2000,1.1707348840454653e-06,6.285521391850053e-06,0.006230650908312078,0.033451544071206346,0.8659955736417505,1.0
word_vocalized_icf_spacing2_psalm,Fluch,0,173,0.0,nan,nan,nan,nan,nan,nan,nan,nan,0.0004997501249375312,2000,nan,nan,nan,nan,0.0004997501249375312,0.0026830925973780084
word_vocalized_icf_spacing2_psalm,Hymnus,465,4421,0.09516987310683586,0.09518957004656618,0.06305296235333215,0.14119863497444057,0.48545286061393206,0.43324204220769924,0.5496625883656385,0.8493320314380377,0.6596701649175413,1.0,2000,0.8493320314380377,1.0,0.6596701649175413,1.0,1.0,1.0
word_vocalized_icf_spacing2_psalm,Klagelied des Einzelnen,1176,6123,0.1611179613645705,0.15837836112968098,0.11683274842299278,0.21946484136719877,0.5016038834282692,0.46199498675755,0.5561470436456337,0.43074044047716753,0.4302848575712144,1.0,2000,0.5618353571441316,1.0,0.555206267833825,1.0,1.0,1.0
word_vocalized_icf_spacing2_psalm,Klagelied des Volkes,36,1484,0.02368421052631579,0.03953073535205845,0.013921126778069635,0.12206114680998414,0.5464772386942198,0.3878608908187089,0.89488076400817,0.17004250463807852,0.19090454772613694,0.9715142428785607,2000,0.946508144184988,1.0,0.9099450274862569,1.0,1.0,1.0
word_vocalized_icf_spacing2_psalm,Königspsalm,45,1636,0.02676977989292088,0.02475604197187967,0.009720726273505616,0.059190752268153804,0.42287421896223854,0.3580170120863504,0.6945748368150418,0.9614461164632409,0.968015992003998,1.0,2000,0.9614461164632409,1.0,0.968015992003998,1.0,1.0,1.0
word_vocalized_icf_spacing2_psalm,Liturgie,153,2800,0.05181171689806976,0.050635021128857614,0.026240548011995015,0.08523150511442366,0.46647759103641456,0.4068812716083777,0.5757010743192157,0.9190175471302258,0.8100949525237381,1.0,2000,0.9994262053241604,1.0,0.9529688937044083,1.0,1.0,1.0
word_vocalized_icf_spacing2_psalm,Mischgedicht,45,1633,0.026817640047675805,0.02967936363639904,0.012600239765695556,0.060367635488451865,0.52660406885759,0.3640793433070893,0.6767887733738562,0.2710835375346383,0.2783608195902049,0.9960019990004998,2000,0.2828697782970139,1.0,0.29301138904232094,1.0,1.0,1.0
word_vocalized_icf_spacing2_psalm,Thronbesteigungslied,15,1006,0.014691478942213516,0.01657730574663843,0.006925629582416484,0.04101027663791673,0.5334327369118622,0.3795200222883089,0.8589855837398692,0.32831115950313317,0.29685157421289354,0.9895052473763118,2000,0.44769703568609065,1.0,0.4047976011994003,1.0,1.0,1.0
word_vocalized_icf_spacing2_psalm,Wallfahrtslied,0,172,0.0,nan,nan,nan,nan,nan,nan,nan,nan,0.0004997501249375312,2000,nan,nan,nan,nan,0.0004997501249375312,0.0026830925973780084
word_vocalized_icf_spacing2_psalm,Weisheitsgedicht,45,1639,0.02672209026128266,0.02481453374003808,0.010256572142736791,0.06255807094655721,0.42805911463629587,0.3378047223533121,0.638522597098205,0.950419379670839,0.9365317341329336,1.0,2000,0.9584060971470645,1.0,0.9444017487054792,1.0,1.0,1.0
word_vocalized_icf_spacing2_psalm,Zionslied,15,1007,0.014677103718199608,0.02367421842301376,0.007210717015710884,0.09636599150702022,0.5916252896391924,0.34762016851658095,0.9318789005179413,0.11138584466840834,0.13943028485757122,0.824087956021989,2000,0.17821735146945336,0.9568254865604621,0.22920046825902118,1.0,1.0,1.0
word_vocalized_icf_spacing2_psalm,prophetische Gerichtsrede,1,342,0.0029154518950437317,0.0038022813688212928,nan,nan,0.23684210526315788,nan,nan,0.819642767498393,0.7928964482241121,1.0,2000,0.8362209011669988,1.0,0.8243777060944265,1.0,1.0,1.0
word_vocalized_icf_spacing2_psalm,"prophetische Schelt-, Droh- und Mahnrede",3,511,0.005836575875486381,0.031192336071321856,0.01161875817555254,0.4,0.8343118069145466,0.704034810012296,0.9973563805502214,0.022960463880605887,0.04297851074462768,0.20589705147426288,2000,0.1003999573557828,0.5390341470990955,0.13572161287777162,0.7286714632879223,0.6172523494350386,1.0
word_vocalized_icf_spacing2_psalm,prophetische Tora,0,172,0.0,nan,nan,nan,nan,nan,nan,nan,nan,0.0004997501249375312,2000,nan,nan,nan,nan,0.0004997501249375312,0.0026830925973780084
word_vocalized_icf_spacing4,Danklied Israels,6,676,0.008797653958944282,0.008687542621772178,0.004389464180338608,0.03264843200006282,0.361439842209073,0.13775961468888256,0.9073241502274093,0.8791449396438098,0.9030484757621189,1.0,2000,0.9947817580173883,1.0,0.9950024987506247,1.0,1.0,1.0
word_vocalized_icf_spacing4,Danklied des Einzelnen,78,2087,0.03602771362586605,0.06378365659219895,0.027617263690400008,0.11716762419812837,0.6815082378091482,0.5831078952806852,0.7965872812060518,2.5074162793517103e-08,0.0024987506246876563,0.46476761619190404,2000,4.558938689730382e-08,2.447634135528189e-07,0.004223240492429841,0.02267402194967331,0.8450320294398255,1.0
word_vocalized_icf_spacing4,Fluch,0,173,0.0,nan,nan,nan,nan,nan,nan,nan,nan,0.0004997501249375312,2000,nan,nan,nan,nan,0.0004997501249375312,0.0026830925973780084
word_vocalized_icf_spacing4,Hymnus,465,4421,0.09516987310683586,0.10284471815967065,0.07040087392562248,0.15252610907313818,0.5291611638489808,0.45700000099750465,0.6049340309450707,0.019139912639100008,0.1744127936031984,0.9940029985007496,2000,0.022967895166920008,0.12331160398893415,0.21409295352323837,1.0,1.0,1.0
word_vocalized_icf_spacing4,Klagelied des Einzelnen,1176,6123,0.1611179613645705,0.1461994937596366,0.1083895297011096,0.20128705108883457,0.46478080861611343,0.42409847749296786,0.5173484237079141,0.9999363780702772,0.9110444777611194,1.0,2000,0.9999994887319635,1.0,0.9527410207939507,1.0,1.0,1.0
word_vocalized_icf_spacing4,Klagelied des Volkes,36,1484,0.02368421052631579,0.02314907313301241,0.008779086023253214,0.07399182289064771,0.448468852949985,0.3523430890373486,0.6411482995348817,0.8550040973731583,0.784607696151924,1.0,2000,0.946508144184988,1.0,0.9171276430750143,1.0,1.0,1.0
word_vocalized_icf_spacing4,Königspsalm,45,1636,0.02676977989292088,0.024328254124363416,0.01209914797463487,0.04632172324857471,0.473879380603097,0.3856842444077753,0.6442703122343586,0.7253423536326155,0.6496751624187906,1.0,2000,0.7771525217492308,1.0,0.696615977725423,1.0,1.0,1.0
word_vocalized_icf_spacing4,Liturgie,153,2800,0.05181171689806976,0.052470902348636425,0.02847760492840483,0.0877461620431868,0.5091666666666667,0.4238991754734287,0.612113073037753,0.3510991969104932,0.3933033483258371,1.0,2000,0.9994262053241604,1.0,0.9529688937044083,1.0,1.0,1.0
word_vocalized_icf_spacing4,Mischgedicht,45,1633,0.026817640047675805,0.04306894220946328,0.018133392549861533,0.15691327872299823,0.5823433353745663,0.42328513146201163,0.7172760253461588,0.029584442967659105,0.09645177411294353,0.8645677161419291,2000,0.048631961042727295,0.2610985933941043,0.15883949916933426,0.8527883498693347,1.0,1.0
word_vocalized_icf_spacing4,Thronbesteigungslied,15,1006,0.014691478942213516,0.012896134889784073,0.005857183378211018,0.0350679944307681,0.41547382372432073,0.28309639239507894,0.790890954556177,0.869825595571831,0.8480759620189905,1.0,2000,0.8921288159711087,1.0,0.8698214995066569,1.0,1.0,1.0
word_vocalized_icf_spacing4,Wallfahrtslied,0,172,0.0,nan,nan,nan,nan,nan,nan,nan,nan,0.0004997501249375312,2000,nan,nan,nan,nan,0.0004997501249375312,0.0026830925973780084
word_vocalized_icf_spacing4,Weisheitsgedicht,45,1639,0.02672209026128266,0.02684900304703064,0.011521888661738295,0.08012431886688734,0.43932614737983866,0.3165917994725347,0.5931901893448026,0.9178432971938493,0.8360819590204898,1.0,2000,0.9413777407116402,1.0,0.8649123714005067,1.0,1.0,1.0
word_vocalized_icf_spacing4,Zionslied,15,1007,0.014677103718199608,0.021198237622280017,0.006415393462113398,0.0578231801001546,0.5381330685203575,0.1373276434298313,0.8580915569809175,0.3060241760601895,0.2893553223388306,0.9860069965017492,2000,0.4126168665980083,1.0,0.3991107894328698,1.0,1.0,1.0
word_vocalized_icf_spacing4,prophetische Gerichtsrede,1,342,0.0029154518950437317,0.004629629629629629,nan,nan,0.3742690058479532,nan,nan,0.6697880844564003,0.6333166583291646,1.0,2000,0.7947413805492232,1.0,0.7524554356386114,1.0,1.0,1.0
word_vocalized_icf_spacing4,"prophetische Schelt-, Droh- und Mahnrede",3,511,0.005836575875486381,0.02181193751289851,0.013794117843639611,0.02857142857142857,0.8317025440313112,0.7471325848236962,0.8856571149940224,0.023822306713627638,0.031984007996002,0.1664167916041979,2000,0.1003999573557828,0.5390341470990955,0.12699532586647852,0.681821177686647,0.6172523494350386,1.0
word_vocalized_icf_spacing4,prophetische Tora,0,172,0.0,nan,nan,nan,nan,nan,nan,nan,nan,0.0004997501249375312,2000,nan,nan,nan,nan,0.0004997501249375312,0.0026830925973780084
word_vocalized_icf_spacing4_psalm,Danklied Israels,6,676,0.008797653958944282,0.00987228144608273,0.005589629568268916,0.032486499758582574,0.5017258382642998,0.35555555555555557,0.9125031428986154,0.49460313177091925,0.4657671164417791,1.0,2000,0.9947817580173883,1.0,0.9950024987506247,1.0,1.0,1.0
word_vocalized_icf_spacing4_psalm,Danklied des Einzelnen,78,2087,0.03602771362586605,0.06580923584050058,0.027632931222976255,0.12704841213638324,0.6245377366604008,0.5391089951190906,0.7635893277096609,9.204602302566198e-05,0.014492753623188406,0.6776611694152923,2000,0.00012006003003347214,0.0006445864878254048,0.01890359168241966,0.10149089390082033,0.9035482258870564,1.0
word_vocalized_icf_spacing4_psalm,Fluch,0,173,0.0,nan,nan,nan,nan,nan,nan,nan,nan,0.0004997501249375312,2000,nan,nan,nan,nan,0.0004997501249375312,0.0026830925973780084
word_vocalized_icf_spacing4_psalm,Hymnus,465,4421,0.09516987310683586,0.10295351476782508,0.0675923739666994,0.16119685067104866,0.5266822812918792,0.4576136262228918,0.5976831334886233,0.028998250009385326,0.18590704647676162,0.9975012493753124,2000,0.03445336634778454,0.1849755859771891,0.21989005497251374,1.0,1.0,1.0
word_vocalized_icf_spacing4_psalm,Klagelied des Einzelnen,1176,6123,0.1611179613645705,0.14683562086973986,0.10806153502321637,0.19785855081501724,0.467949412330668,0.42719403792204763,0.5175885221016752,0.9997557641566045,0.9120439780109945,1.0,2000,0.9999994887319635,1.0,0.9527410207939507,1.0,1.0,1.0
word_vocalized_icf_spacing4_psalm,Klagelied des Volkes,36,1484,0.02368421052631579,0.04894413022876576,0.014937852499481206,0.3410290463993234,0.4570043426175502,0.36284870595744323,0.6628418695476889,0.8113558852408989,0.7331334332833583,1.0,2000,0.946508144184988,1.0,0.9126130004304778,1.0,1.0,1.0
word_vocalized_icf_spacing4_psalm,Königspsalm,45,1636,0.02676977989292088,0.024052024012672694,0.013059529275468879,0.04623746734597038,0.4632572670469981,0.3836690173358297,0.6511722072758909,0.8001685492411209,0.7351324337831084,1.0,2000,0.82776056818047,1.0,0.7604818280514916,1.0,1.0,1.0
word_vocalized_icf_spacing4_psalm,Liturgie,153,2800,0.05181171689806976,0.050085470121676516,0.028656496296510427,0.08512926787756633,0.48930905695611576,0.4132925746298869,0.6192864130719022,0.6722157300537891,0.5967016491754122,1.0,2000,0.9994262053241604,1.0,0.9529688937044083,1.0,1.0,1.0
word_vocalized_icf_spacing4_psalm,Mischgedicht,45,1633,0.026817640047675805,0.041971435181825,0.01660440317203858,0.0921658156482965,0.6259032455603184,0.39046983969102733,0.7739288589457624,0.0019557338505628284,0.022988505747126436,0.6666666666666666,2000,0.010053361557258904,0.053975174046065076,0.1222465690231807,0.6563257276663129,1.0,1.0
word_vocalized_icf_spacing4_psalm,Thronbesteigungslied,15,1006,0.014691478942213516,0.014127665147649923,0.005932228736796705,0.0397305866579288,0.46709741550695827,0.29421518718770745,0.7770155776355768,0.6694542234295472,0.6271864067966016,1.0,2000,0.7295897501025507,1.0,0.6796601699150425,1.0,1.0,1.0
word_vocalized_icf_spacing4_psalm,Wallfahrtslied,0,172,0.0,nan,nan,nan,nan,nan,nan,nan,nan,0.0004997501249375312,2000,nan,nan,nan,nan,0.0004997501249375312,0.0026830925973780084
word_vocalized_icf_spacing4_psalm,Weisheitsgedicht,45,1639,0.02672209026128266,0.033330262126476815,0.013999887491028007,0.13055111444274892,0.4286150091519219,0.2994695689373906,0.5925109090595386,0.9491004312459046,0.8950524737631185,1.0,2000,0.9584060971470645,1.0,0.9102228546743577,1.0,1.0,1.0
word_vocalized_icf_spacing4_psalm,Zionslied,15,1007,0.014677103718199608,0.0478975009709086,0.008290919213666072,1.0,0.5028467394902351,0.26829605828874104,0.7912476072798147,0.4850620820758618,0.4307846076961519,1.0,2000,0.5879540388798326,1.0,0.5329294115828683,1.0,1.0,1.0
word_vocalized_icf_spacing4_psalm,prophetische Gerichtsrede,1,342,0.0029154518950437317,0.004761904761904762,nan,nan,0.391812865497076,nan,nan,0.6475562228832198,0.59879939969985,1.0,2000,0.7815591216836922,1.0,0.7270301817575454,1.0,1.0,1.0
word_vocalized_icf_spacing4_psalm,"prophetische Schelt-, Droh- und Mahnrede",3,511,0.005836575875486381,0.01023157316070906,0.007518796992481203,0.01406494376823682,0.6379647749510763,0.5262145283039654,0.7435614792050582,0.20536221321525083,0.20739630184907545,0.6156921539230384,2000,0.3119426023522798,1.0,0.315032357239102,1.0,0.9488926422864518,1.0
word_vocalized_icf_spacing4_psalm,prophetische Tora,0,172,0.0,nan,nan,nan,nan,nan,nan,nan,nan,0.0004997501249375312,2000,nan,nan,nan,nan,0.0004997501249375312,0.0026830925973780084
word_vocalized_icf_spacing8,Danklied Israels,6,676,0.008797653958944282,0.01186238094616412,0.004583496383646682,0.16666666666666666,0.4156804733727811,0.2129716713633625,0.9905928724227913,0.7620276925639643,0.7326336831584208,1.0,2000,0.9947817580173883,1.0,0.9950024987506247,1.0,1.0,1.0
word_vocalized_icf_spacing8,Danklied des Einzelnen,78,2087,0.03602771362586605,0.04953615175787786,0.02169743576113621,0.09026766017332655,0.6181919821114837,0.5217859937996843,0.71801106537165,0.00019310451967604337,0.02348825587206397,0.7166416791604198,2000,0.0002491671221626366,0.001337745460430089,0.028470613178259357,0.1528549722142623,0.9077566479917935,1.0
word_vocalized_icf_spacing8,Fluch,0,173,0.0,nan,nan,nan,nan,nan,nan,nan,nan,0.0004997501249375312,2000,nan,nan,nan,nan,0.0004997501249375312,0.0026830925973780084
word_vocalized_icf_spacing8,Hymnus,465,4421,0.09516987310683586,0.1250172863971393,0.08096294851096772,0.18447854890628843,0.5724963699644657,0.4700202880145684,0.6624319724074754,1.29719083157808e-07,0.022988505747126436,0.9230384807596201,2000,2.289160291020141e-07,1.2290200091126705e-06,0.039980009995002494,0.2146474077902407,1.0,1.0
word_vocalized_icf_spacing8,Klagelied des Einzelnen,1176,6123,0.1611179613645705,0.14377484177696315,0.1037207092442675,0.19326795880458564,0.46174163769705173,0.4140970866166512,0.5126430073946328,0.9999842528977192,0.9055472263868066,1.0,2000,0.9999994887319635,1.0,0.9527410207939507,1.0,1.0,1.0
word_vocalized_icf_spacing8,Klagelied des Volkes,36,1484,0.02368421052631579,0.028311828022126447,0.011027809808302674,0.07957191716440903,0.5145627433363282,0.4258991849690614,0.6928139176118856,0.3825521817155949,0.383808095952024,0.9995002498750625,2000,0.946508144184988,1.0,0.9099450274862569,1.0,1.0,1.0
word_vocalized_icf_spacing8,Königspsalm,45,1636,0.02676977989292088,0.0256796601066111,0.012382406866973478,0.051528513073945,0.48660690029883186,0.3860319743825162,0.6422531766758433,0.6206155782710453,0.5612193903048476,1.0,2000,0.7338030811866151,1.0,0.6818812815814315,1.0,1.0,1.0
word_vocalized_icf_spacing8,Liturgie,153,2800,0.05181171689806976,0.05035088480219034,0.027016341920664096,0.08776579100502774,0.47539449112978527,0.3892334316621763,0.5698905534908794,0.8476743155244378,0.7016491754122939,1.0,2000,0.9994262053241604,1.0,0.9529688937044083,1.0,1.0,1.0
word_vocalized_icf_spacing8,Mischgedicht,45,1633,0.026817640047675805,0.03941555239696326,0.016748079545245487,0.07863823101094851,0.6116962645437845,0.38028677395776533,0.7844707485334931,0.00523921062484658,0.0559720139930035,0.7496251874062968,2000,0.014621052906548596,0.07849850727768494,0.12672908828604565,0.6803917831841593,1.0,1.0
word_vocalized_icf_spacing8,Thronbesteigungslied,15,1006,0.014691478942213516,0.013838449219109372,0.006242915303947289,0.03061014281520631,0.45821736249171635,0.274119196694524,0.7517571765944321,0.7111026350339233,0.665167416291854,1.0,2000,0.7432769514770899,1.0,0.6940877387393259,1.0,1.0,1.0
word_vocalized_icf_spacing8,Wallfahrtslied,0,172,0.0,nan,nan,nan,nan,nan,nan,nan,nan,0.0004997501249375312,2000,nan,nan,nan,nan,0.0004997501249375312,0.0026830925973780084
word_vocalized_icf_spacing8,Weisheitsgedicht,45,1639,0.02672209026128266,0.03772861569429402,0.014904748660132696,0.12892123704093353,0.4870110500982984,0.315308063110215,0.674593488276448,0.617088428344149,0.5432283858070964,1.0,2000,0.7556184836867131,1.0,0.6651776152739957,1.0,1.0,1.0
word_vocalized_icf_spacing8,Zionslied,15,1007,0.014677103718199608,0.014795771449659219,0.005534338250157917,0.05951086246047941,0.38301886792452833,0.21567766555101262,0.898163124259564,0.9403342823285255,0.9190404797601199,1.0,2000,0.9562721515205344,1.0,0.9346174370441898,1.0,1.0,1.0
word_vocalized_icf_spacing8,prophetische Gerichtsrede,1,342,0.0029154518950437317,0.0038910505836575876,nan,nan,0.2543859649122807,nan,nan,0.8032832954769926,0.8144072036018009,1.0,2000,0.830982719458958,1.0,0.8282107155272551,1.0,1.0,1.0
word_vocalized_icf_spacing8,"prophetische Schelt-, Droh- und Mahnrede",3,511,0.005836575875486381,0.10369747899159665,0.038864645434605855,0.23134557462566904,0.9615133724722765,0.921145771182883,0.994140625,0.0029224313446523124,0.001999000499750125,0.03248375812093953,2000,0.09185714744398836,0.49316892587877414,0.05997001499250375,0.321971111685361,0.6172523494350386,1.0
word_vocalized_icf_spacing8,prophetische Tora,0,172,0.0,nan,nan,nan,nan,nan,nan,nan,nan,0.0004997501249375312,2000,nan,nan,nan,nan,0.0004997501249375312,0.0026830925973780084
word_vocalized_icf_spacing8_psalm,Danklied Israels,6,676,0.008797653958944282,0.013541873904916842,0.005361930294906166,0.05556183135460405,0.5623767258382643,0.3556186418193051,0.983011081441188,0.2996092905753995,0.2893553223388306,0.9395302348825587,2000,0.9947817580173883,1.0,0.9950024987506247,1.0,1.0,1.0
word_vocalized_icf_spacing8_psalm,Danklied des Einzelnen,78,2087,0.03602771362586605,0.04972768357529314,0.02008098327029791,0.08386647338199457,0.567450517857801,0.47213639614456343,0.7015742973744183,0.021407253147034202,0.09645177411294353,0.9230384807596201,2000,0.022533950681088634,0.12098181320048221,0.1024266627748073,0.5499152615511034,0.9742497172466398,1.0
word_vocalized_icf_spacing8_psalm,Fluch,0,173,0.0,nan,nan,nan,nan,nan,nan,nan,nan,0.0004997501249375312,2000,nan,nan,nan,nan,0.0004997501249375312,0.0026830925973780084
word_vocalized_icf_spacing8_psalm,Hymnus,465,4421,0.09516987310683586,0.1248024912562691,0.07956632665502296,0.19479110002336508,0.5514540815706075,0.47268816408758685,0.6356312199422496,0.0001282261671073256,0.06296851574212893,0.9625187406296851,2000,0.00018996469201085271,0.0010198954106539222,0.10211110660885774,0.548221082058858,1.0,1.0
word_vocalized_icf_spacing8_psalm,Klagelied des Einzelnen,1176,6123,0.1611179613645705,0.1436108630311174,0.10312687531013004,0.1914656378399053,0.45736633702966734,0.4120727472887308,0.5069549834096143,0.9999982444293206,0.9570214892553723,1.0,2000,0.9999994887319635,1.0,0.9570214892553723,1.0,1.0,1.0
word_vocalized_icf_spacing8_psalm,Klagelied des Volkes,36,1484,0.02368421052631579,0.050209282182364055,0.015384067012263218,0.3484052303923068,0.49225067385444743,0.3827822094474245,0.643809524330373,0.5632789202633434,0.5077461269365318,1.0,2000,0.946508144184988,1.0,0.9099450274862569,1.0,1.0,1.0
word_vocalized_icf_spacing8_psalm,Königspsalm,45,1636,0.02676977989292088,0.028686766073924157,0.012794609440884027,0.06689392586959847,0.49604726976365116,0.37127352697379246,0.6971753149248507,0.5361520309677951,0.5037481259370314,1.0,2000,0.7338030811866151,1.0,0.6818812815814315,1.0,1.0,1.0
word_vocalized_icf_spacing8_psalm,Liturgie,153,2800,0.05181171689806976,0.05025878097727543,0.026368083251324264,0.08195573869607987,0.4613188608776844,0.38833210056373757,0.5578854567462359,0.9467036176164654,0.8390804597701149,1.0,2000,0.9994262053241604,1.0,0.9529688937044083,1.0,1.0,1.0
word_vocalized_icf_spacing8_psalm,Mischgedicht,45,1633,0.026817640047675805,0.053425175950761336,0.019534915067512655,0.11694259997359838,0.6555555555555556,0.4030295705334832,0.8371625184008842,0.0001820893991373384,0.010494752623688156,0.5507246376811594,2000,0.004370145579296122,0.023462736011800583,0.1222465690231807,0.6563257276663129,1.0,1.0
word_vocalized_icf_spacing8_psalm,Thronbesteigungslied,15,1006,0.014691478942213516,0.021943594118886387,0.007918723925787444,0.2081997069610068,0.5089794565937708,0.3696722493373685,0.8432771996401681,0.45260428658668483,0.42978510744627685,1.0,2000,0.5486112564687089,1.0,0.5209516453894265,1.0,1.0,1.0
word_vocalized_icf_spacing8_psalm,Wallfahrtslied,0,172,0.0,nan,nan,nan,nan,nan,nan,nan,nan,0.0004997501249375312,2000,nan,nan,nan,nan,0.0004997501249375312,0.0026830925973780084
word_vocalized_icf_spacing8_psalm,Weisheitsgedicht,45,1639,0.02672209026128266,0.03382545711483693,0.014208155412651543,0.1282031686521302,0.4396108738390618,0.2881173348618994,0.5763038437973739,0.9168490043874915,0.8450774612693653,1.0,2000,0.9413777407116402,1.0,0.8667461141224259,1.0,1.0,1.0
word_vocalized_icf_spacing8_psalm,Zionslied,15,1007,0.014677103718199608,0.01566161695640838,0.005471926510530073,0.07040158535868797,0.39063224097980803,0.13548413763264705,0.8421722091376767,0.9273373696905375,0.9065467266366817,1.0,2000,0.9539454076788213,1.0,0.9333794641140967,1.0,1.0,1.0
word_vocalized_icf_spacing8_psalm,prophetische Gerichtsrede,1,342,0.0029154518950437317,0.004545454545454545,nan,nan,0.36257309941520466,nan,nan,0.6842889037765113,0.6548274137068534,1.0,2000,0.7947413805492232,1.0,0.7573880398142997,1.0,1.0,1.0
word_vocalized_icf_spacing8_psalm,"prophetische Schelt-, Droh- und Mahnrede",3,511,0.005836575875486381,0.023984366547657687,0.007268645019375616,0.043570610804405815,0.7847358121330724,0.483718379523706,0.9184825484635815,0.044582364586711894,0.0559720139930035,0.2413793103448276,2000,0.12441590117221925,0.6679725862460221,0.1526509472536459,0.8195628297445554,0.658307210031348,1.0
word_vocalized_icf_spacing8_psalm,prophetische Tora,0,172,0.0,nan,nan,nan,nan,nan,nan,nan,nan,0.0004997501249375312,2000,nan,nan,nan,nan,0.0004997501249375312,0.0026830925973780084
word_vocalized_log_count,Danklied Israels,6,676,0.008797653958944282,0.007646161553575201,0.003937007874015748,0.017853194686803183,0.2973372781065089,0.025597208643614554,0.8254102365446674,0.9565385103683239,0.9640179910044977,1.0,2000,0.9947817580173883,1.0,0.9950024987506247,1.0,1.0,1.0
word_vocalized_log_count,Danklied des Einzelnen,78,2087,0.03602771362586605,0.07406962267406958,0.034148873029262256,0.14231924085020692,0.7103006401041858,0.5741505608833187,0.8128629892392059,1.3468937475420505e-10,0.0009995002498750624,0.3823088455772114,2000,3.0495707491518126e-10,1.6372743685161702e-09,0.0019038099997620236,0.010221305132868605,0.8349671318187061,1.0
word_vocalized_log_count,Fluch,0,173,0.0,nan,nan,nan,nan,nan,nan,nan,nan,0.0004997501249375312,2000,nan,nan,nan,nan,0.0004997501249375312,0.0026830925973780084
word_vocalized_log_count,Hymnus,465,4421,0.09516987310683586,0.11566492000535994,0.07580965521461956,0.17239402469501827,0.5428689563252609,0.4709581349950015,0.6211366266996896,0.0011604390063707547,0.1199400299850075,0.9940029985007496,2000,0.0016192172181917507,0.008693363973086274,0.16543452411725174,0.8881961701665132,1.0,1.0
word_vocalized_log_count,Klagelied des Einzelnen,1176,6123,0.1611179613645705,0.19366679267466463,0.13486922450494804,0.2819871482731599,0.5451613521449736,0.4883794759176858,0.612613436978931,4.4757435591447424e-07,0.0544727636181909,0.9905047476261869,2000,7.066963514439067e-07,3.7941596300555407e-06,0.08600962676556459,0.46177435754874147,1.0,1.0
word_vocalized_log_count,Klagelied des Volkes,36,1484,0.02368421052631579,0.022635110672810738,0.01012253914753048,0.046119192278996454,0.47231581311769993,0.31149400599198057,0.6832423252439312,0.715171079571002,0.6401799100449775,1.0,2000,0.946508144184988,1.0,0.9126130004304778,1.0,1.0,1.0
word_vocalized_log_count,Königspsalm,45,1636,0.02676977989292088,0.027770156862177924,0.013804970201080291,0.0561358221400756,0.5154170062483021,0.39301480174993025,0.6653567887498186,0.36198035364956216,0.36681659170414793,1.0,2000,0.6852872862006282,1.0,0.6818812815814315,1.0,1.0,1.0
word_vocalized_log_count,Liturgie,153,2800,0.05181171689806976,0.04647825468011942,0.027418139295388326,0.07744404560468818,0.473265639589169,0.3974413328990556,0.5597464023756323,0.8676430093475818,0.7226386806596702,1.0,2000,0.9994262053241604,1.0,0.9529688937044083,1.0,1.0,1.0
word_vocalized_log_count,Mischgedicht,45,1633,0.026817640047675805,0.036574170598369676,0.016184998158791857,0.07522747404937394,0.6126488398992992,0.47087406002895,0.7442851173136595,0.0049191884681268104,0.044977511244377814,0.7721139430284858,2000,0.014397624784761396,0.07729895112011871,0.1222465690231807,0.6563257276663129,1.0,1.0
word_vocalized_log_count,Thronbesteigungslied,15,1006,0.014691478942213516,0.04057549516676869,0.010430425005556175,0.3053342115163889,0.5613320079522863,0.3333466404385786,0.8652374779255171,0.2072649608033475,0.23238380809595202,0.9665167416291854,2000,0.34070952460824244,1.0,0.3873063468265867,1.0,1.0,1.0
word_vocalized_log_count,Wallfahrtslied,0,172,0.0,nan,nan,nan,nan,nan,nan,nan,nan,0.0004997501249375312,2000,nan,nan,nan,nan,0.0004997501249375312,0.0026830925973780084
word_vocalized_log_count,Weisheitsgedicht,45,1639,0.02672209026128266,0.037829831194441284,0.013945679316929763,0.08847525415010032,0.5291505660633178,0.37837354463706435,0.8072252566870788,0.25208840533208204,0.2993503248375812,0.999000499750125,2000,0.38260961101354035,1.0,0.4444836405326749,1.0,1.0,1.0
word_vocalized_log_count,Zionslied,15,1007,0.014677103718199608,0.019240986678912504,0.005799339644628053,0.12707009723804302,0.5415756372062231,0.30562522336071496,0.9429686349862157,0.29013990413137575,0.303848075962019,0.9945027486256871,2000,0.4001831902743663,1.0,0.41170426022943585,1.0,1.0,1.0
word_vocalized_log_count,prophetische Gerichtsrede,1,342,0.0029154518950437317,0.012658227848101266,nan,nan,0.7748538011695907,nan,nan,0.17250744654097172,0.16808404202101052,0.22638680659670166,2000,0.36697981871958385,1.0,0.3637112673984051,1.0,0.5378849037019952,1.0
word_vocalized_log_count,"prophetische Schelt-, Droh- und Mahnrede",3,511,0.005836575875486381,0.17194606887589342,0.005263157894736842,0.5,0.593607305936073,0.2518611112078137,0.9980694980694981,0.2885895574168913,0.29035482258870565,0.855072463768116,2000,0.39353121465939717,1.0,0.38947559187439246,1.0,1.0,1.0
word_vocalized_log_count,prophetische Tora,0,172,0.0,nan,nan,nan,nan,nan,nan,nan,nan,0.0004997501249375312,2000,nan,nan,nan,nan,0.0004997501249375312,0.0026830925973780084
word_vocalized_log_count_psalm,Danklied Israels,6,676,0.008797653958944282,0.014008086771504117,0.0037542667932317204,0.03954118871877677,0.38732741617357,0.010974721983174384,0.9775388656345203,0.8294991956878539,0.816591704147926,1.0,2000,0.9947817580173883,1.0,0.9950024987506247,1.0,1.0,1.0
word_vocalized_log_count_psalm,Danklied des Einzelnen,78,2087,0.03602771362586605,0.0780454725312651,0.03466808094431182,0.15657229893276348,0.7294976226456821,0.5947869854740198,0.8338403328223605,2.751568299079073e-12,0.0004997501249375312,0.33033483258370816,2000,8.466363997166379e-12,4.54547931735771e-11,0.0011758826469118382,0.006313159052654138,0.8349671318187061,1.0
word_vocalized_log_count_psalm,Fluch,0,173,0.0,nan,nan,nan,nan,nan,nan,nan,nan,0.0004997501249375312,2000,nan,nan,nan,nan,0.0004997501249375312,0.0026830925973780084
word_vocalized_log_count_psalm,Hymnus,465,4421,0.09516987310683586,0.16743807585787743,0.10643767921885526,0.2544353584371936,0.5981958054544172,0.5097537237167962,0.6868220156310664,1.5113142486754984e-12,0.00399800099950025,0.8175912043978011,2000,5.850248704550317e-12,3.1409214742990477e-11,0.012301541536923847,0.06604535624315098,1.0,1.0
word_vocalized_log_count_psalm,Klagelied des Einzelnen,1176,6123,0.1611179613645705,0.24586749331375807,0.17077447843724305,0.34962634939419557,0.6056117449429551,0.5348692193395097,0.6743042219210612,7.3899839631314265e-31,0.0004997501249375312,0.7741129435282359,2000,4.030900343526232e-30,2.1641373023839898e-29,0.0023988005997001498,0.012878844467414441,1.0,1.0
word_vocalized_log_count_psalm,Klagelied des Volkes,36,1484,0.02368421052631579,0.02674157802627656,0.010667711519548349,0.06293158622482317,0.4992887091943696,0.31915298377281065,0.7588123298084929,0.505902185247447,0.48125937031484256,1.0,2000,0.946508144184988,1.0,0.9099450274862569,1.0,1.0,1.0
word_vocalized_log_count_psalm,Königspsalm,45,1636,0.02676977989292088,0.02829635812629897,0.01390283301839959,0.0576417325905941,0.515009508285792,0.3538969278745425,0.649007453095418,0.365486552640335,0.38330834582708645,1.0,2000,0.6852872862006282,1.0,0.6818812815814315,1.0,1.0,1.0
word_vocalized_log_count_psalm,Liturgie,153,2800,0.05181171689806976,0.04921005384437218,0.026423104117586454,0.08419405727300165,0.47047852474323065,0.3837746805574497,0.5781799196164913,0.8909484373862848,0.7586206896551724,1.0,2000,0.9994262053241604,1.0,0.9529688937044083,1.0,1.0,1.0
word_vocalized_log_count_psalm,Mischgedicht,45,1633,0.026817640047675805,0.03087898875584355,0.014420897413851119,0.05887738770192256,0.5669388310539566,0.3994492033852571,0.6870621800848701,0.06252642581343487,0.1519240379810095,0.9425287356321839,2000,0.08155620758274114,0.4378645365277894,0.1905297351324338,1.0,1.0,1.0
word_vocalized_log_count_psalm,Thronbesteigungslied,15,1006,0.014691478942213516,0.10665084705589163,0.01300018923288591,0.5,0.6557654075546719,0.31644017744943614,0.9451438959252295,0.019088523489557262,0.04997501249375312,0.5697151424287856,2000,0.07158196308583974,0.3843141315580663,0.17638239703677572,0.9469738578981207,1.0,1.0
word_vocalized_log_count_psalm,Wallfahrtslied,0,172,0.0,nan,nan,nan,nan,nan,nan,nan,nan,0.0004997501249375312,2000,nan,nan,nan,nan,0.0004997501249375312,0.0026830925973780084
word_vocalized_log_count_psalm,Weisheitsgedicht,45,1639,0.02672209026128266,0.042936632378089756,0.011974997809271339,0.1160882653479412,0.5334079045488441,0.38489739371512877,0.8125034221456112,0.2219856923731085,0.2798600699650175,0.9980009995002499,2000,0.3468171001379157,1.0,0.4361455635818455,1.0,1.0,1.0
word_vocalized_log_count_psalm,Zionslied,15,1007,0.014677103718199608,0.032622659665099446,0.005353936907852012,0.25208082948500027,0.5622310493214168,0.22892474516211106,0.8673525332733919,0.20385736154606943,0.23388305847076463,0.9535232383808095,2000,0.29122480220867064,1.0,0.3341186549582352,1.0,1.0,1.0
word_vocalized_log_count_psalm,prophetische Gerichtsrede,1,342,0.0029154518950437317,0.047619047619047616,nan,nan,0.9444444444444444,nan,nan,0.06299924917430497,0.029514757378689346,0.030984507746126936,2000,0.36697981871958385,1.0,0.3601800900450225,1.0,0.3782724022604082,1.0
word_vocalized_log_count_psalm,"prophetische Schelt-, Droh- und Mahnrede",3,511,0.005836575875486381,0.17264566035057838,0.005747126436781609,0.5,0.6431833007175473,0.29215311674812067,0.9980694980694981,0.19660546121108136,0.2013993003498251,0.6126936531734133,2000,0.30246994032474056,1.0,0.3098450774612694,1.0,0.9488926422864518,1.0
word_vocalized_log_count_psalm,prophetische Tora,0,172,0.0,nan,nan,nan,nan,nan,nan,nan,nan,0.0004997501249375312,2000,nan,nan,nan,nan,0.0004997501249375312,0.0026830925973780084
word_vocalized_tf_icf,Danklied Israels,6,676,0.008797653958944282,0.01588502795606193,0.003861003861003861,0.08056960246217458,0.41494082840236685,0.007926644591928732,0.9775857364424962,0.7639554506780755,0.7411294352823589,1.0,2000,0.9947817580173883,1.0,0.9950024987506247,1.0,1.0,1.0
word_vocalized_tf_icf,Danklied des Einzelnen,78,2087,0.03602771362586605,0.07745009150121744,0.0376203125434658,0.14612211054872443,0.7235757374712813,0.5743942340931564,0.817277650915369,9.46066296236461e-12,0.0009995002498750624,0.3408295852073963,2000,2.5228434566305626e-11,1.354481422826085e-10,0.0019038099997620236,0.010221305132868605,0.8349671318187061,1.0
word_vocalized_tf_icf,Fluch,0,173,0.0,nan,nan,nan,nan,nan,nan,nan,nan,0.0004997501249375312,2000,nan,nan,nan,nan,0.0004997501249375312,0.0026830925973780084
word_vocalized_tf_icf,Hymnus,465,4421,0.09516987310683586,0.1408379965089329,0.09146712440560914,0.21355594138045297,0.5788234550155295,0.49793517075184024,0.664719133342906,1.0699829808768537e-08,0.014992503748125937,0.9115442278860569,2000,2.10488455254463e-08,1.1300847922696907e-07,0.028557149996430355,0.15331957699302906,1.0,1.0
word_vocalized_tf_icf,Klagelied des Einzelnen,1176,6123,0.1611179613645705,0.21591885923035978,0.15138869477512965,0.30898697836592154,0.5911956812775739,0.5289313961057411,0.6526101433723245,1.673917758034346e-23,0.0014992503748125937,0.8580709645177411,2000,7.173933248718625e-23,3.8515902714635545e-22,0.005622188905547226,0.030184791720502598,1.0,1.0
word_vocalized_tf_icf,Klagelied des Volkes,36,1484,0.02368421052631579,0.02679790525638947,0.010207130528639606,0.06723622918219699,0.4984089547768793,0.3015471077726685,0.7431110713220639,0.5131055704599315,0.4897551224387806,1.0,2000,0.946508144184988,1.0,0.9099450274862569,1.0,1.0,1.0
word_vocalized_tf_icf,Königspsalm,45,1636,0.02676977989292088,0.0282379795231001,0.013314003526518937,0.05944625197880191,0.5181879923933713,0.37259972580945083,0.6610664319377064,0.3384578215622352,0.36731634182908546,1.0,2000,0.6852872862006282,1.0,0.6818812815814315,1.0,1.0,1.0
word_vocalized_tf_icf,Liturgie,153,2800,0.05181171689806976,0.04679648515337896,0.02707517433437345,0.07848090008763238,0.47432306255835666,0.3992358085185758,0.5653323218258658,0.8579616458111907,0.7251374312843578,1.0,2000,0.9994262053241604,1.0,0.9529688937044083,1.0,1.0,1.0
word_vocalized_tf_icf,Mischgedicht,45,1633,0.026817640047675805,0.03702251048610122,0.01583223472924479,0.07560974875050408,0.5987412397087841,0.43343161912368405,0.7217537714533439,0.011826072860166487,0.062468765617191405,0.8220889555222389,2000,0.024467736952068594,0.13136405698526588,0.12807155744161816,0.6875993232602624,1.0,1.0
word_vocalized_tf_icf,Thronbesteigungslied,15,1006,0.014691478942213516,0.06468167641477497,0.01598764847713421,0.333302017691409,0.7352220013253811,0.4369735729365666,0.9326210575861662,0.0008722666674996616,0.005997001499250375,0.312343828085957,2000,0.00581511111666441,0.031220565661695746,0.035982008995502246,0.19318266701121664,1.0,1.0
word_vocalized_tf_icf,Wallfahrtslied,0,172,0.0,nan,nan,nan,nan,nan,nan,nan,nan,0.0004997501249375312,2000,nan,nan,nan,nan,0.0004997501249375312,0.0026830925973780084
word_vocalized_tf_icf,Weisheitsgedicht,45,1639,0.02672209026128266,0.045592062793761656,0.012595260599223864,0.10745370759224272,0.5474001762592366,0.3727130079302762,0.7745281717103317,0.13869829996635702,0.2128935532233883,0.9900049975012494,2000,0.29199642098180423,1.0,0.42251601471991274,1.0,1.0,1.0
word_vocalized_tf_icf,Zionslied,15,1007,0.014677103718199608,0.03744613973591906,0.008498590713919842,0.27669335082408564,0.629427341939755,0.2768542169416916,0.9005732408589108,0.042500605273608764,0.0734632683658171,0.6761619190404797,2000,0.08774769322689482,0.4711058074542899,0.15199296903272505,0.816030231340484,1.0,1.0
word_vocalized_tf_icf,prophetische Gerichtsrede,1,342,0.0029154518950437317,0.014285714285714285,nan,nan,0.8011695906432749,nan,nan,0.15028814512782418,0.13956978489244623,0.17641179410294852,2000,0.36697981871958385,1.0,0.3637112673984051,1.0,0.5378849037019952,1.0
word_vocalized_tf_icf,"prophetische Schelt-, Droh- und Mahnrede",3,511,0.005836575875486381,0.17127555887354318,0.004999318039552941,0.5,0.5348988910632746,0.20886183031226735,0.9980737231058916,0.4181495967330533,0.4207896051974013,0.9980009995002499,2000,0.47066097123739453,1.0,0.46325461122649686,1.0,1.0,1.0
word_vocalized_tf_icf,prophetische Tora,0,172,0.0,nan,nan,nan,nan,nan,nan,nan,nan,0.0004997501249375312,2000,nan,nan,nan,nan,0.0004997501249375312,0.0026830925973780084
word_vocalized_tf_icf_psalm,Danklied Israels,6,676,0.008797653958944282,0.055023858922715906,0.0040650406504065045,0.3333333333333333,0.47016765285996054,0.006688071993048135,0.9935730927359228,0.5998180502827877,0.559720139930035,1.0,2000,0.9947817580173883,1.0,0.9950024987506247,1.0,1.0,1.0
word_vocalized_tf_icf_psalm,Danklied des Einzelnen,78,2087,0.03602771362586605,0.06301415368142649,0.026256393196936127,0.12724835648862518,0.7055152162962417,0.5847264916703568,0.7942623761756386,3.377177117564489e-10,0.0004997501249375312,0.4007996001999001,2000,7.10984656329366e-10,3.817182974161586e-09,0.0011758826469118382,0.006313159052654138,0.8349671318187061,1.0
word_vocalized_tf_icf_psalm,Fluch,0,173,0.0,nan,nan,nan,nan,nan,nan,nan,nan,0.0004997501249375312,2000,nan,nan,nan,nan,0.0004997501249375312,0.0026830925973780084
word_vocalized_tf_icf_psalm,Hymnus,465,4421,0.09516987310683586,0.19137739406413806,0.11464866234640235,0.2911200440115366,0.6261532811386515,0.5342504531248744,0.7146411891151079,1.5796613627908822e-19,0.0004997501249375312,0.664167916041979,2000,6.3186454511635286e-18,3.392397518178166e-17,0.005997001499250375,0.03219711116853611,1.0,1.0
word_vocalized_tf_icf_psalm,Klagelied des Einzelnen,1176,6123,0.1611179613645705,0.31477083421256447,0.22717022892324898,0.43070299237329496,0.6730433149905397,0.6022221579521937,0.7391825861903515,2.2901658880160462e-79,0.0004997501249375312,0.47926036981509246,2000,3.435248832024069e-78,1.8443398513421816e-77,0.0023988005997001498,0.012878844467414441,1.0,1.0
word_vocalized_tf_icf_psalm,Klagelied des Volkes,36,1484,0.02368421052631579,0.03588654730988346,0.00683680603714897,0.16874523761754642,0.5126722072476789,0.32697208956316,0.801264138717297,0.39744289132394384,0.38830584707646176,0.9995002498750625,2000,0.946508144184988,1.0,0.9099450274862569,1.0,1.0,1.0
word_vocalized_tf_icf_psalm,Königspsalm,45,1636,0.02676977989292088,0.029701747137382033,0.012228490904347048,0.06404917828547108,0.5067780494430861,0.3334148218206029,0.6552590947369844,0.43833841233755877,0.43278360819590206,1.0,2000,0.7268137690383099,1.0,0.6818812815814315,1.0,1.0,1.0
word_vocalized_tf_icf_psalm,Liturgie,153,2800,0.05181171689806976,0.05280755139727873,0.029210002554393565,0.08999682174979012,0.49199346405228755,0.4172539637820557,0.5790208388954536,0.6308310050129737,0.5712143928035982,1.0,2000,0.9994262053241604,1.0,0.9529688937044083,1.0,1.0,1.0
word_vocalized_tf_icf_psalm,Mischgedicht,45,1633,0.026817640047675805,0.03345208859567958,0.012962623708659199,0.07752893179520379,0.5662856365244607,0.3931276632523996,0.7086086155784986,0.06438927670216024,0.1409295352323838,0.9270364817591205,2000,0.08308293768020676,0.44606134933142055,0.18382113291180496,0.9869114510355632,1.0,1.0
word_vocalized_tf_icf_psalm,Thronbesteigungslied,15,1006,0.014691478942213516,0.15930015119500385,0.011855534304703763,0.3503005211784349,0.7817428760768721,0.4005497786158302,0.9752671433527724,8.847653286657924e-05,0.001999000499750125,0.24537731134432783,2000,0.0008847653286657924,0.004750188514823577,0.014992503748125937,0.08049277792134026,1.0,1.0
word_vocalized_tf_icf_psalm,Wallfahrtslied,0,172,0.0,nan,nan,nan,nan,nan,nan,nan,nan,0.0004997501249375312,2000,nan,nan,nan,nan,0.0004997501249375312,0.0026830925973780084
word_vocalized_tf_icf_psalm,Weisheitsgedicht,45,1639,0.02672209026128266,0.048651049646204605,0.014739420180107415,0.17172770540558435,0.5655142024269542,0.4251082068310013,0.8220312487910112,0.06663475056174675,0.13043478260869565,0.9300349825087456,2000,0.22876453724756324,1.0,0.42251601471991274,1.0,1.0,1.0
word_vocalized_tf_icf_psalm,Zionslied,15,1007,0.014677103718199608,0.09839122347810432,0.006868863008654323,0.38047547544429583,0.6645812644819596,0.2871765675770133,0.9512146170144621,0.014250739328635404,0.03248375812093953,0.5102448775612194,2000,0.04275221798590621,0.22953102735855133,0.10535272904088497,0.5656249259337425,1.0,1.0
word_vocalized_tf_icf_psalm,prophetische Gerichtsrede,1,342,0.0029154518950437317,0.05555555555555555,nan,nan,0.9532163742690059,nan,nan,0.05933598186744975,0.03701850925462731,0.03798100949525238,2000,0.36697981871958385,1.0,0.3601800900450225,1.0,0.3782724022604082,1.0
word_vocalized_tf_icf_psalm,"prophetische Schelt-, Droh- und Mahnrede",3,511,0.005836575875486381,0.17302818176332146,0.006777625834183398,0.5,0.6647097195042401,0.41667078738001867,0.9980694980694981,0.16293542049788645,0.16841579210394803,0.5102448775612194,2000,0.2962462190870663,1.0,0.3006604805705256,1.0,0.927717959202217,1.0
word_vocalized_tf_icf_psalm,prophetische Tora,0,172,0.0,nan,nan,nan,nan,nan,nan,nan,nan,0.0004997501249375312,2000,nan,nan,nan,nan,0.0004997501249375312,0.0026830925973780084
