model,genre,n_same_genre,n_different_genre,prevalence,average_precision,ap_ci_low,ap_ci_high,separation_auc,auc_ci_low,auc_ci_high,separation_p_naive,separation_p_perm,separation_p_maxT,n_permutations,naive_q,naive_q_by,perm_q,perm_q_by,maxT_q,maxT_q_by
morph_atomic_core,Hymn,136,2261,0.05673758865248227,0.06254254550221325,0.034354510132016826,0.11275762225198771,0.5348232172125816,0.4337923430353564,0.6475386657108197,0.08597753664865687,0.21039480259870064,0.8710644677661169,2000,0.24499395130853122,1.0,0.554363843719166,1.0,1.0,1.0
morph_atomic_core,Lament,1711,5369,0.24166666666666667,0.33932612906898574,0.24864366186159245,0.43780357966995437,0.642988696609832,0.5781757364820952,0.7054698838627268,1.7010932688921794e-71,0.0004997501249375312,0.12643678160919541,2000,8.25030235412707e-71,4.2547406775855715e-70,0.0008976992984988986,0.0046295002990437905,0.5296425861143502,1.0
morph_atomic_core,Praise,820,4469,0.15503875968992248,0.20061669986720576,0.1366736690275552,0.30522227464577845,0.5653076205185861,0.48804268697921294,0.6514158067151122,1.3051561178295874e-09,0.01249375312343828,0.5697151424287856,2000,2.5836763965197956e-09,1.3324206301956304e-08,0.025247792770281528,0.13020469591060663,1.0,1.0
morph_atomic_core,Royal,45,1400,0.031141868512110725,0.04827075213106287,0.01776087844761971,0.13430050128322008,0.599,0.44328092688229487,0.744073292144063,0.011802983118153186,0.05697151424287856,0.31284357821089454,2000,0.04579557449843436,0.23617109447439785,0.23025987006496754,1.0,1.0,1.0
morph_atomic_core,Thanksgiving,28,1136,0.024054982817869417,0.047365063837530044,0.017745916470741235,0.14546386090405636,0.7005784708249497,0.49207272702460664,0.8450246904254597,0.00014152946983975761,0.005997001499250375,0.031984007996002,2000,0.0006879329264458101,0.0035477199258464784,0.039661987188224064,0.20453974048502566,0.1769365317341329,0.9124745089415311
morph_atomic_core,Trust,15,864,0.017064846416382253,0.030467683431830192,0.01011567973325257,0.16666666666666666,0.5760802469135803,0.3604285744554655,0.8685567518572469,0.15603481089573884,0.17791104447776113,0.4757621189405297,2000,0.37734605755385914,1.0,0.428741184963074,1.0,1.0,1.0
morph_atomic_core,Wisdom,36,1269,0.027586206896551724,0.03272061505335737,0.013132490054856526,0.07133269599624355,0.5483757989668155,0.3912699628236726,0.7496038676406038,0.1608665651650658,0.21639180409795103,0.7461269365317341,2000,0.24006241263094436,1.0,0.3217027849711508,1.0,1.0,1.0
morph_atomic_core_psalm,Hymn,136,2261,0.05673758865248227,0.057032956732146936,0.0320742294527501,0.09862966724660853,0.5103448500143092,0.4111373354480286,0.6285559520550823,0.3424689272799843,0.3733133433283358,0.993503248375812,2000,0.6779486927787444,1.0,0.7242278860569715,1.0,1.0,1.0
morph_atomic_core_psalm,Lament,1711,5369,0.24166666666666667,0.34273328136963355,0.25238138676321537,0.44210002712926166,0.6520286220035598,0.5851877322809741,0.7175575108465538,1.5439004025455063e-80,0.0004997501249375312,0.10994502748625687,2000,9.983889269794274e-80,5.1487640056554413e-79,0.0008976992984988986,0.0046295002990437905,0.5296425861143502,1.0
morph_atomic_core_psalm,Praise,820,4469,0.15503875968992248,0.20064482362663372,0.1333723530979826,0.297649503833236,0.5676328528780924,0.49218808491110044,0.6526025380186503,3.493102390648536e-10,0.012993503248375811,0.5627186406796602,2000,7.365889823758869e-10,3.798642730236816e-09,0.025721832961070484,0.13264935550729556,1.0,1.0
morph_atomic_core_psalm,Royal,45,1400,0.031141868512110725,0.04935287971274273,0.018900923191231024,0.14322172265752542,0.6118730158730159,0.4568312867208027,0.7387836790469249,0.00526641326383803,0.041979010494752625,0.2563718140929535,2000,0.026628377330006475,0.1373244704751957,0.2255176759446364,1.0,1.0,1.0
morph_atomic_core_psalm,Thanksgiving,28,1136,0.024054982817869417,0.04608328479026766,0.017014704809363214,0.1282091948390726,0.6979061871227364,0.4696196125866879,0.8450567520097411,0.00017051308880529706,0.0079960019990005,0.03498250874562719,2000,0.0007876080768625625,0.004061751895608741,0.039661987188224064,0.20453974048502566,0.1769365317341329,0.9124745089415311
morph_atomic_core_psalm,Trust,15,864,0.017064846416382253,0.02834974116968719,0.011070608534493867,0.12606291962173094,0.6370370370370371,0.4370604695942299,0.8368387524897783,0.034285101223832805,0.06996501749125437,0.1504247876061969,2000,0.1619978440229203,0.8354346144668165,0.33187252527582367,1.0,0.7295602198900549,1.0
morph_atomic_core_psalm,Wisdom,36,1269,0.027586206896551724,0.030503764981694322,0.012718475032537315,0.06712896484155435,0.5286971368531652,0.36962299886108163,0.7333697484227394,0.27835852167488195,0.3058470764617691,0.927536231884058,2000,0.3698736520885418,1.0,0.4063995399560494,1.0,1.0,1.0
morph_full_all,Hymn,136,2261,0.05673758865248227,0.0655375091833212,0.03584314148759847,0.1287424812452237,0.5649309259307438,0.46783442609123443,0.6701416519560931,0.005432895888157533,0.06296851574212893,0.5642178910544727,2000,0.04070405623336656,0.20991376602362016,0.4120439780109945,1.0,1.0,1.0
morph_full_all,Lament,1711,5369,0.24166666666666667,0.3409516954760017,0.2473517503222363,0.4464265575315802,0.6352860801542809,0.5641854286771649,0.7069814408081433,3.1665483033223555e-64,0.0004997501249375312,0.1344327836081959,2000,1.2286207416890738e-63,6.336086148860848e-63,0.0008976992984988986,0.0046295002990437905,0.5296425861143502,1.0
morph_full_all,Praise,820,4469,0.15503875968992248,0.2371936478488953,0.15754526484744685,0.35907248014729687,0.6199529004688122,0.5245056270450241,0.7078517638228384,3.8487296314936164e-28,0.0004997501249375312,0.1874062968515742,2000,1.696939882976731e-27,8.751241878919379e-27,0.0016158587372980177,0.008333100538278824,0.8409490906720553,1.0
morph_full_all,Royal,45,1400,0.031141868512110725,0.040637396079696055,0.017231629495691195,0.09138950946365912,0.6112380952380952,0.4744708913319179,0.7433462976952254,0.005490387078351851,0.0384807596201899,0.23888055972013994,2000,0.026628377330006475,0.1373244704751957,0.2255176759446364,1.0,1.0,1.0
morph_full_all,Thanksgiving,28,1136,0.024054982817869417,0.054217447904257164,0.01736813262966769,0.2041434623093268,0.6506853621730382,0.44822122874030523,0.8809030256287778,0.003193435190827397,0.02348825587206397,0.09695152423788106,2000,0.008649158715323187,0.04460433791807739,0.06904123695727894,0.3560506593628225,0.27659699561983714,1.0
morph_full_all,Trust,15,864,0.017064846416382253,0.040853284865184296,0.008128968384896918,0.3256873380561507,0.5852623456790124,0.2218931880090653,0.8598409917689174,0.12861665998567762,0.15442278860569716,0.4062968515742129,2000,0.3283109478581771,1.0,0.3977498430272044,1.0,1.0,1.0
morph_full_all,Wisdom,36,1269,0.027586206896551724,0.03641420569889051,0.011551414482893487,0.08565391239541516,0.5682076875930304,0.3202249428644782,0.7601967503294687,0.08117374346899575,0.14292853573213393,0.5347326336831584,2000,0.17231075739107932,0.8886190556285062,0.28915366877964527,1.0,1.0,1.0
morph_full_all_psalm,Hymn,136,2261,0.05673758865248227,0.058930768909013484,0.033291070353515854,0.10251602799882518,0.5343809350365534,0.4417944154823349,0.6398796140522099,0.08873286155756177,0.2028985507246377,0.8860569715142429,2000,0.24499395130853122,1.0,0.554363843719166,1.0,1.0,1.0
morph_full_all_psalm,Lament,1711,5369,0.24166666666666667,0.34893423700771203,0.2575959438286127,0.4577351268638457,0.6430958119533539,0.5746076867826695,0.717039799595774,1.3390967651162666e-71,0.0004997501249375312,0.11744127936031984,2000,6.836441379804098e-71,3.525602333111019e-70,0.0008976992984988986,0.0046295002990437905,0.5296425861143502,1.0
morph_full_all_psalm,Praise,820,4469,0.15503875968992248,0.24182810806746274,0.15913539056103138,0.36747114199963243,0.6215820093980756,0.5313511199332868,0.7111010846874221,7.400568694336335e-29,0.0004997501249375312,0.191904047976012,2000,3.5892758167531226e-28,1.851015534354861e-27,0.0016158587372980177,0.008333100538278824,0.8409490906720553,1.0
morph_full_all_psalm,Royal,45,1400,0.031141868512110725,0.04346516528462192,0.01708068074423151,0.09279714461329516,0.6290634920634921,0.491101217714576,0.7561513513324318,0.0015842835296420636,0.020989505247376312,0.16091954022988506,2000,0.017075055819475576,0.08805729953742253,0.2255176759446364,1.0,1.0,1.0
morph_full_all_psalm,Thanksgiving,28,1136,0.024054982817869417,0.04188184077876872,0.014322951643266824,0.12136489685129119,0.6394617706237424,0.4437482648621443,0.8561072839101462,0.00580017732484891,0.03248375812093953,0.13043478260869565,2000,0.01308412094210103,0.0674757593277279,0.07659170414792604,0.39498896551441626,0.29975828412324446,1.0
morph_full_all_psalm,Trust,15,864,0.017064846416382253,0.02599947244083591,0.006858389654355848,0.09084301514625823,0.606712962962963,0.2885719709680007,0.8470649604898772,0.07807836973667073,0.10744627686156921,0.26186906546726635,2000,0.27676407752360943,1.0,0.3596588802373007,1.0,0.9293973702803769,1.0
morph_full_all_psalm,Wisdom,36,1269,0.027586206896551724,0.034557539398886616,0.0108021934134132,0.08627854188255195,0.5587514228176167,0.3094724905879404,0.7546176240050907,0.11439547638259201,0.17791104447776113,0.6436781609195402,2000,0.2017520219838441,1.0,0.29408629018823923,1.0,1.0,1.0
morph_gn_1_2_3gram,Hymn,136,2261,0.05673758865248227,0.046141936918906064,0.02760443813647901,0.08111602482919934,0.4343243489346203,0.35054713363020845,0.5570319311366319,0.9950071853739438,0.935032483758121,1.0,2000,0.9999999999997398,1.0,1.0,1.0,1.0,1.0
morph_gn_1_2_3gram,Lament,1711,5369,0.24166666666666667,0.2817918912923505,0.20600517751514996,0.3556776145549155,0.5678690545405422,0.5121039705363852,0.6214846483481902,1.2470351593482289e-17,0.010994502748625687,0.592703648175912,2000,1.5916106639049765e-17,8.208051467602227e-17,0.013330834582708645,0.0687480794408003,0.72775004902612,1.0
morph_gn_1_2_3gram,Praise,820,4469,0.15503875968992248,0.17110908509375894,0.11905048095018986,0.24226632267226383,0.5292822096938803,0.4636200417626917,0.6084991225515924,0.00379496198755913,0.15892053973013492,0.928535732133933,2000,0.0050426207231950085,0.026005160285890932,0.21410128269198733,1.0,1.0,1.0
morph_gn_1_2_3gram,Royal,45,1400,0.031141868512110725,0.04787568255764127,0.02021127590180678,0.16207874237636982,0.6337460317460317,0.5068822034151726,0.7569848295769677,0.0011142443901738114,0.029985007496251874,0.15292353823088456,2000,0.013510213230857463,0.06967314812096485,0.2255176759446364,1.0,1.0,1.0
morph_gn_1_2_3gram,Thanksgiving,28,1136,0.024054982817869417,0.0427336239720572,0.01596379199715041,0.10136138779116131,0.7068033199195171,0.541016080924793,0.8304195401698288,9.0916527758038e-05,0.0079960019990005,0.02948525737131434,2000,0.0005511814495331054,0.0028424826550580537,0.039661987188224064,0.20453974048502566,0.1769365317341329,0.9124745089415311
morph_gn_1_2_3gram,Trust,15,864,0.017064846416382253,0.017175313161302764,0.007386035229111895,0.05012225088894661,0.48487654320987655,0.33539651879378085,0.8016945530027952,0.579870546198245,0.5407296351824088,1.0,2000,0.7304862724835034,1.0,0.6556346826586706,1.0,1.0,1.0
morph_gn_1_2_3gram,Wisdom,36,1269,0.027586206896551724,0.09523548463944126,0.017327427996330233,0.5352632034080398,0.550739865160669,0.4035420388685899,0.7323135961406895,0.14932383406333855,0.2098950524737631,0.751624187906047,2000,0.23361954684102965,1.0,0.31887962268865566,1.0,1.0,1.0
morph_gn_1_2_3gram_psalm,Hymn,136,2261,0.05673758865248227,0.04302617919921353,0.026128237157783257,0.07310409443715428,0.39534498009730207,0.3260340584595329,0.5062133866842129,0.9999798168162065,0.9980009995002499,1.0,2000,0.9999999999997398,1.0,1.0,1.0,1.0,1.0
morph_gn_1_2_3gram_psalm,Lament,1711,5369,0.24166666666666667,0.28585242351917395,0.21515108513813486,0.3668421615497784,0.5783729984861249,0.5194331541098542,0.6336772068895659,6.949098311972685e-23,0.00399800099950025,0.49075462268865566,2000,1.142478875019238e-22,5.89184630354177e-22,0.005386195790993392,0.02777700179426275,0.6883558220889554,1.0
morph_gn_1_2_3gram_psalm,Praise,820,4469,0.15503875968992248,0.16017913575687837,0.1102076191713322,0.2272516642957792,0.5072581305361051,0.44675487486971166,0.5904909495591828,0.25406692337228887,0.384807596201899,0.9985007496251874,2000,0.30805614458890024,1.0,0.46081897322943466,1.0,1.0,1.0
morph_gn_1_2_3gram_psalm,Royal,45,1400,0.031141868512110725,0.05355031950892429,0.02050168049737099,0.1643405532048194,0.6151904761904762,0.49490240383887246,0.7803132910022996,0.004223222741198434,0.051974012993503245,0.25737131434282856,2000,0.024643542794403707,0.1270885350216528,0.2255176759446364,1.0,1.0,1.0
morph_gn_1_2_3gram_psalm,Thanksgiving,28,1136,0.024054982817869417,0.043668837071473794,0.017397721840254135,0.09556660655076898,0.713939889336016,0.5968202692243014,0.8523962536741874,5.393280612326307e-05,0.00399800099950025,0.02348825587206397,2000,0.0005511814495331054,0.0028424826550580537,0.039661987188224064,0.20453974048502566,0.1769365317341329,0.9124745089415311
morph_gn_1_2_3gram_psalm,Trust,15,864,0.017064846416382253,0.019388993727695824,0.008831844280431546,0.07044083778123443,0.5521604938271605,0.3818493150684932,0.7727940233278046,0.24418536470148472,0.2623688155922039,0.7536231884057971,2000,0.46443098776556896,1.0,0.4968765617191404,1.0,1.0,1.0
morph_gn_1_2_3gram_psalm,Wisdom,36,1269,0.027586206896551724,0.08953374835539003,0.017654850173073795,0.549648109134704,0.508252342176692,0.3796853137573764,0.6996210450702013,0.43295717840820896,0.42328835582208896,0.9985007496251874,2000,0.5292410433631372,1.0,0.5069008705523781,1.0,1.0,1.0
morph_gn_1_2gram,Hymn,136,2261,0.05673758865248227,0.049180505507593744,0.02869153013461439,0.0852000597262812,0.46341741030777633,0.37422066715656943,0.572440475848816,0.9243694525534438,0.7986006996501749,1.0,2000,0.9999999999997398,1.0,1.0,1.0,1.0,1.0
morph_gn_1_2gram,Lament,1711,5369,0.24166666666666667,0.27052393805548997,0.20175324038659526,0.34192213682018235,0.5443505963570551,0.4970063890173797,0.5985350754693706,1.5679131325734897e-08,0.050974512743628186,0.7891054472763618,2000,1.708849144490208e-08,8.812658803083436e-08,0.05555649141721274,0.2865088499677888,0.8600362739978326,1.0
morph_gn_1_2gram,Praise,820,4469,0.15503875968992248,0.1729692276126728,0.12188606739970476,0.24224713743036172,0.5390347597814756,0.47078515112962366,0.6158040212773076,0.00018615279447548012,0.08345827086456771,0.8285857071464268,2000,0.00027358819794123595,0.0014109141516560487,0.12649144177911043,0.6523255265121392,1.0,1.0
morph_gn_1_2gram,Royal,45,1400,0.031141868512110725,0.05088129757227357,0.018837056747119493,0.11603996813466898,0.6531269841269841,0.5099266764480983,0.7680975078988874,0.0002316607771219912,0.015992003998001,0.10694652673663169,2000,0.0056177738452082866,0.028971266592099334,0.2255176759446364,1.0,1.0,1.0
morph_gn_1_2gram,Thanksgiving,28,1136,0.024054982817869417,0.04270991698726543,0.014887862257512435,0.10562235070142213,0.7016159456740443,0.5016892148393371,0.8166010613202925,0.0001315756285094776,0.008995502248875561,0.033483258370814596,2000,0.0006879329264458101,0.0035477199258464784,0.039661987188224064,0.20453974048502566,0.1769365317341329,0.9124745089415311
morph_gn_1_2gram,Trust,15,864,0.017064846416382253,0.020620693229197448,0.007849823883240641,0.07223471388015937,0.5005401234567901,0.34401901104710775,0.8851865860450363,0.49734008970179755,0.456271864067966,1.0,2000,0.6912880257639099,1.0,0.6275287014027233,1.0,1.0,1.0
morph_gn_1_2gram,Wisdom,36,1269,0.027586206896551724,0.03974732048369087,0.013296290867852362,0.161120536843458,0.522283512827248,0.3851432842396166,0.708116582805438,0.3240792291782202,0.3328335832083958,0.9570214892553723,2000,0.41914246973716474,1.0,0.42480075751597884,1.0,1.0,1.0
morph_gn_1_2gram_psalm,Hymn,136,2261,0.05673758865248227,0.04682630152217436,0.02692888984127649,0.0785736751421262,0.4377813044722533,0.35818916579946264,0.5431822240650662,0.992670999496549,0.9390304847576212,1.0,2000,0.9999999999997398,1.0,1.0,1.0,1.0,1.0
morph_gn_1_2gram_psalm,Lament,1711,5369,0.24166666666666667,0.27549715699786725,0.2097931863973769,0.3508282719967791,0.5610795310742809,0.5071191736853882,0.6152096282423537,1.258867288499877e-14,0.013493253373313344,0.6266866566716641,2000,1.526376587306101e-14,7.87163460994473e-14,0.01576922382182403,0.08132302934946804,0.7413244597213587,1.0
morph_gn_1_2gram_psalm,Praise,820,4469,0.15503875968992248,0.16363630761572873,0.11360656122700706,0.23053332025891302,0.5192327633726103,0.4593646699810034,0.600175074585237,0.039755434312482914,0.2513743128435782,0.9750124937531235,2000,0.04943945036295952,0.25496282621876476,0.3126065172541934,1.0,1.0,1.0
morph_gn_1_2gram_psalm,Royal,45,1400,0.031141868512110725,0.04947071278955225,0.016800186143556804,0.11778678361247802,0.6236507936507937,0.4968395038640069,0.7887086213148998,0.0023483626266118406,0.04047976011994003,0.20889555222388806,2000,0.020497031315942355,0.1057046750123772,0.2255176759446364,1.0,1.0,1.0
morph_gn_1_2gram_psalm,Thanksgiving,28,1136,0.024054982817869417,0.04455052139105338,0.01746673713082906,0.12706351974816665,0.7115505533199196,0.5773366544524522,0.8410486377156426,6.435008979086762e-05,0.004997501249375313,0.0239880059970015,2000,0.0005511814495331054,0.0028424826550580537,0.039661987188224064,0.20453974048502566,0.1769365317341329,0.9124745089415311
morph_gn_1_2gram_psalm,Trust,15,864,0.017064846416382253,0.01902850283224283,0.00841030362747403,0.07476352776240716,0.5340277777777778,0.3604895893159529,0.8687568862949989,0.3256891183837539,0.3243378310844578,0.888055972013993,2000,0.5634660213963731,1.0,0.5488442219568181,1.0,1.0,1.0
morph_gn_1_2gram_psalm,Wisdom,36,1269,0.027586206896551724,0.0586997620002733,0.01731356494941869,0.3833766265609714,0.49229489536818144,0.36755385091283754,0.6702312484016456,0.5628058687421968,0.5157421289355323,1.0,2000,0.6203655598635579,1.0,0.5684884830312117,1.0,1.0,1.0
morph_gn_1gram,Hymn,136,2261,0.05673758865248227,0.06287716117341605,0.03478923580035086,0.11800699486290785,0.4937657725628951,0.4220074093922205,0.594756964949503,0.5966224173855118,0.5237381309345327,1.0,2000,0.9999999999997398,1.0,0.8876079201778421,1.0,1.0,1.0
morph_gn_1gram,Lament,1711,5369,0.24166666666666667,0.2479616647266354,0.18503046584471386,0.3154816807751558,0.5136590024404664,0.46927790844244743,0.5646923954759748,0.044167568871796126,0.25737131434282856,0.9790104947526237,2000,0.044167568871796126,0.22777535154804207,0.25737131434282856,1.0,0.9790104947526237,1.0
morph_gn_1gram,Praise,820,4469,0.15503875968992248,0.1843818495216311,0.12631616057073652,0.2586679123717734,0.5707448056803235,0.49884146373365057,0.659694995128496,5.587634011034281e-11,0.004997501249375313,0.5092453773113443,2000,1.2318193160689212e-10,6.352581428597367e-10,0.012118940529735132,0.06249825403709118,1.0,1.0
morph_gn_1gram,Royal,45,1400,0.031141868512110725,0.04278966181736383,0.01793623951716728,0.09539976446356802,0.6134920634920635,0.48036546612946157,0.7429607238739734,0.004731642131308661,0.037481259370314844,0.22188905547226387,2000,0.025498293707607787,0.1314965473871555,0.2255176759446364,1.0,1.0,1.0
morph_gn_1gram,Thanksgiving,28,1136,0.024054982817869417,0.045227498782054204,0.01519099377201386,0.1449670811733651,0.6842303822937625,0.5027018943684185,0.8356057773942156,0.00042739054425454154,0.010494752623688156,0.043478260869565216,2000,0.0017273701163621055,0.008908172796424977,0.042658670664667664,0.21999385421056095,0.1797642845244045,0.9270574348835192
morph_gn_1gram,Trust,15,864,0.017064846416382253,0.03562047082935579,0.0073034603480546,0.20761547661723256,0.4966820987654321,0.3211284232209849,0.9731859608239208,0.5177951648036885,0.47226386806596704,1.0,2000,0.6912880257639099,1.0,0.6275287014027233,1.0,1.0,1.0
morph_gn_1gram,Wisdom,36,1269,0.027586206896551724,0.027750706614566186,0.011426943486164604,0.06652490721825596,0.48167848699763594,0.3421269323915038,0.6687089154737709,0.6463916345041547,0.5752123938030984,1.0,2000,0.6890108631527803,1.0,0.6131384857022038,1.0,1.0,1.0
morph_gn_1gram_psalm,Hymn,136,2261,0.05673758865248227,0.054539271068413483,0.03157789502120867,0.09544391842297759,0.47709238494159273,0.40750466586369644,0.5980995861656607,0.8155836899835991,0.6956521739130435,1.0,2000,0.9999999999997398,1.0,0.9778253730277717,1.0,1.0,1.0
morph_gn_1gram_psalm,Lament,1711,5369,0.24166666666666667,0.2549024397531857,0.1941473797081473,0.3234734639162004,0.5306487586648856,0.4828448250334192,0.5870113476797921,6.563022070203073e-05,0.09545227386306847,0.8780609695152424,2000,6.919708052279326e-05,0.0003568543559172913,0.09955774800771656,0.5134265170358888,0.9102097887226599,1.0
morph_gn_1gram_psalm,Praise,820,4469,0.15503875968992248,0.18035100608310595,0.12369597882571096,0.2601797618141317,0.552735647741351,0.4843393157871605,0.6386951374335111,7.616653996587863e-07,0.025487256371814093,0.6711644177911045,2000,1.2738197201190047e-06,6.569180554200963e-06,0.04495025214665395,0.23181170588302913,1.0,1.0
morph_gn_1gram_psalm,Royal,45,1400,0.031141868512110725,0.04014854336751898,0.01650221384028351,0.08307733494932697,0.5941587301587301,0.45746457725695255,0.7210485548314559,0.01566777460825662,0.06746626686656672,0.3378310844577711,2000,0.052406004724168696,0.2702615619149077,0.23328960519740127,1.0,1.0,1.0
morph_gn_1gram_psalm,Thanksgiving,28,1136,0.024054982817869417,0.04908485100127154,0.018208613923101455,0.2754903796278852,0.6843875754527163,0.5148767900466693,0.8643735457379154,0.0004230388049290729,0.008995502248875561,0.04447776111944028,2000,0.0017273701163621055,0.008908172796424977,0.039661987188224064,0.20453974048502566,0.1797642845244045,0.9270574348835192
morph_gn_1gram_psalm,Trust,15,864,0.017064846416382253,0.02213328792344302,0.00708581372240249,0.11018491779609554,0.5155864197530864,0.32871668242520197,0.920621939185047,0.4181255430751492,0.3893053473263368,0.9740129935032483,2000,0.6239719642813765,1.0,0.5906585168953985,1.0,1.0,1.0
morph_gn_1gram_psalm,Wisdom,36,1269,0.027586206896551724,0.028063963079255884,0.011434964756403179,0.12036590935176232,0.4630942999737326,0.3261041992080398,0.6579708108655612,0.7752805760956833,0.7096451774112944,1.0,2000,0.7833564154300134,1.0,0.7170373146759954,1.0,1.0,1.0
morph_gn_sp_plus,Hymn,136,2261,0.05673758865248227,0.06206041635782792,0.029381309533682468,0.1064783478431453,0.502936623565835,0.4050914644967192,0.6216878304221704,0.4541705149778395,0.44627686156921537,0.999000499750125,2000,0.8158248139416746,1.0,0.8043385714550132,1.0,1.0,1.0
morph_gn_sp_plus,Lament,1711,5369,0.24166666666666667,0.3099730278161566,0.23198726661257824,0.3966681277722002,0.592500031840689,0.5363518090626088,0.657453977395688,4.081632542438294e-31,0.0004997501249375312,0.3488255872063968,2000,7.613814550317588e-31,3.9264993073404396e-30,0.0008976992984988986,0.0046295002990437905,0.6539654700951412,1.0
morph_gn_sp_plus,Praise,820,4469,0.15503875968992248,0.2083027873924511,0.14344820917838036,0.29698129622162817,0.5903645165339548,0.5197330254045565,0.6722925384994513,8.686017090185851e-17,0.0024987506246876563,0.3663168415792104,2000,2.5531625992364473e-16,1.3166844439376664e-15,0.006925108874134361,0.035713288021194965,1.0,1.0
morph_gn_sp_plus,Royal,45,1400,0.031141868512110725,0.05229568266628515,0.018767103202308996,0.17333962358984087,0.5976190476190476,0.4446567113188254,0.7753500433360795,0.012810569790396891,0.059470264867566215,0.3078460769615192,2000,0.047793279602634554,0.2464734043823603,0.23074462768615692,1.0,1.0,1.0
morph_gn_sp_plus,Thanksgiving,28,1136,0.024054982817869417,0.052335194512241945,0.020684736726031987,0.15148224268521218,0.7514147384305835,0.5208180012641802,0.8690886978370691,2.6758891319089885e-06,0.0014992503748125937,0.006496751624187906,2000,0.00012978062289758594,0.0006692880717620396,0.039661987188224064,0.20453974048502566,0.1769365317341329,0.9124745089415311
morph_gn_sp_plus,Trust,15,864,0.017064846416382253,0.023468312525074166,0.008072073676837538,0.0850500267831646,0.5566358024691358,0.3613013698630137,0.8912067828652244,0.22590625365773503,0.223888055972014,0.6591704147926037,2000,0.4600895363516611,1.0,0.46206683892096506,1.0,1.0,1.0
morph_gn_sp_plus,Wisdom,36,1269,0.027586206896551724,0.03101285832530877,0.011327450943383834,0.08035655115219101,0.5254793800893092,0.39788361677116113,0.6956838815751252,0.3009050935271175,0.32533733133433285,0.9390304847576212,2000,0.39442964962338367,1.0,0.4227086456771614,1.0,1.0,1.0
morph_gn_sp_plus_psalm,Hymn,136,2261,0.05673758865248227,0.059411876752120375,0.02886074419154336,0.11461024120407216,0.4807964981658298,0.38428324566270883,0.6090281379535886,0.7743834097623846,0.6551724137931034,1.0,2000,0.9999999999997398,1.0,0.9778253730277717,1.0,1.0,1.0
morph_gn_sp_plus_psalm,Lament,1711,5369,0.24166666666666667,0.3122160889363897,0.23501528530184274,0.39890594888455433,0.6025179290293358,0.544773946904184,0.6648299158828541,9.169226084742945e-38,0.0004997501249375312,0.29185407296351823,2000,2.117654595762061e-37,1.0920898123397552e-36,0.0008976992984988986,0.0046295002990437905,0.6539654700951412,1.0
morph_gn_sp_plus_psalm,Praise,820,4469,0.15503875968992248,0.20048281821435776,0.1404782970002537,0.2926324540108857,0.5780757958620087,0.5130027650101754,0.6646588921074188,5.45405943858746e-13,0.005497251374312844,0.46526736631684157,2000,1.322609413857459e-12,6.820792538447941e-12,0.013005692275813312,0.06707129701541492,1.0,1.0
morph_gn_sp_plus_psalm,Royal,45,1400,0.031141868512110725,0.05362890278058977,0.017929568512408452,0.14198575843530545,0.6203809523809524,0.4675930232262215,0.7753223404699208,0.002958334416733948,0.03548225887056472,0.19890054972513743,2000,0.020497031315942355,0.1057046750123772,0.2255176759446364,1.0,1.0,1.0
morph_gn_sp_plus_psalm,Thanksgiving,28,1136,0.024054982817869417,0.049303132808134184,0.020030319577333134,0.1201174790534852,0.7369844064386318,0.5327657770767054,0.8609729241989593,8.961704596519311e-06,0.0029985007496251873,0.01199400299850075,2000,0.0002173213364655933,0.001120741871847742,0.039661987188224064,0.20453974048502566,0.1769365317341329,0.9124745089415311
morph_gn_sp_plus_psalm,Trust,15,864,0.017064846416382253,0.02638679964293783,0.009544804901668928,0.10832622748767201,0.6011574074074074,0.41030427842042666,0.8957624642734573,0.08943189481169933,0.11494252873563218,0.2983508245877061,2000,0.2771711265519397,1.0,0.3596588802373007,1.0,0.9361881559220391,1.0
morph_gn_sp_plus_psalm,Wisdom,36,1269,0.027586206896551724,0.028629410143282914,0.011645285259668067,0.060122536847377755,0.5161982313282549,0.3878963999376813,0.6900111318969551,0.37007817845424207,0.3843078460769615,0.984007996001999,2000,0.46022542705207026,1.0,0.4779212957623752,1.0,1.0,1.0
morph_nu_1_2_3gram,Hymn,136,2261,0.05673758865248227,0.04703668051134715,0.02817375591143397,0.08069806939115223,0.44572937534146784,0.37754227178573374,0.5593981546355558,0.9833704239891201,0.888055972013993,1.0,2000,0.9999999999997398,1.0,1.0,1.0,1.0,1.0
morph_nu_1_2_3gram,Lament,1711,5369,0.24166666666666667,0.2812032902010559,0.2038152983240965,0.36216377589904125,0.574132471853103,0.5142401283397949,0.6316628766456279,1.1266171587368544e-20,0.0074962518740629685,0.5297351324337831,2000,1.5837951361952882e-20,8.167746225156689e-20,0.009443330282910493,0.0486999382107204,0.6883558220889554,1.0
morph_nu_1_2_3gram,Praise,820,4469,0.15503875968992248,0.13548859662199822,0.09570366986148876,0.18522107721675143,0.455042051203685,0.40469057421509114,0.5171137340883818,0.9999792570902503,0.9375312343828086,1.0,2000,0.9999792570902503,1.0,0.9375312343828086,1.0,1.0,1.0
morph_nu_1_2_3gram,Royal,45,1400,0.031141868512110725,0.0552110930812933,0.02291045692023912,0.11315786912584297,0.6751428571428572,0.5500014857235391,0.8025546399487596,3.10729373868696e-05,0.005997001499250375,0.06446776611694154,2000,0.0015070374632631756,0.007771901346601784,0.2255176759446364,1.0,1.0,1.0
morph_nu_1_2_3gram,Thanksgiving,28,1136,0.024054982817869417,0.03784017891016818,0.013809254081974639,0.1338811485876555,0.6055080482897385,0.4512846257014784,0.8415991238191717,0.02809964401162489,0.08345827086456771,0.2983508245877061,2000,0.04955755398413844,0.2555718951469462,0.14456164774755478,0.7455148874424447,0.5167862497322767,1.0
morph_nu_1_2_3gram,Trust,15,864,0.017064846416382253,0.01889271750664593,0.008427883237861547,0.0446401373393199,0.529320987654321,0.32244814260616395,0.7593495426453595,0.34853568333796275,0.34832583708145926,0.9310344827586207,2000,0.5634660213963731,1.0,0.559816865760668,1.0,1.0,1.0
morph_nu_1_2_3gram,Wisdom,36,1269,0.027586206896551724,0.08742793489827472,0.024021929818410368,0.3813262882059838,0.6250328342526924,0.45692105636219676,0.8697137957050018,0.005211699692021549,0.041979010494752625,0.21189405297351324,2000,0.04679511196395139,0.24132578157647566,0.28249668269313616,1.0,1.0,1.0
morph_nu_1_2_3gram_psalm,Hymn,136,2261,0.05673758865248227,0.044764971077743194,0.02675458981401808,0.07577824221086836,0.4132086271040924,0.34977641698144185,0.5220092746065625,0.9996687363725154,0.9825087456271864,1.0,2000,0.9999999999997398,1.0,1.0,1.0,1.0,1.0
morph_nu_1_2_3gram_psalm,Lament,1711,5369,0.24166666666666667,0.2813482227395935,0.20468411662627356,0.3627508403115083,0.5765768570551184,0.5146375559648135,0.6363246182791882,6.2034396209899815e-22,0.006496751624187906,0.5107446276861569,2000,9.705381342516584e-22,5.005135450439441e-21,0.00840246543394969,0.04333212279904988,0.6883558220889554,1.0
morph_nu_1_2_3gram_psalm,Praise,820,4469,0.15503875968992248,0.1351419431466615,0.09595387866617318,0.18400848346514598,0.4561207559938656,0.40668998878881857,0.5174098808534378,0.9999684215599033,0.9315342328835582,1.0,2000,0.9999792570902503,1.0,0.9375312343828086,1.0,1.0,1.0
morph_nu_1_2_3gram_psalm,Royal,45,1400,0.031141868512110725,0.05817072965502459,0.023767442056124643,0.13750216738959198,0.6761904761904762,0.548278563898907,0.8001786851373968,2.8071083382837892e-05,0.0074962518740629685,0.06546726636681659,2000,0.0015070374632631756,0.007771901346601784,0.2255176759446364,1.0,1.0,1.0
morph_nu_1_2_3gram_psalm,Thanksgiving,28,1136,0.024054982817869417,0.03769808750933911,0.015479463211597452,0.1920913120952291,0.6112927565392354,0.4582609258248888,0.8557505011791786,0.021994560914444114,0.0769615192403798,0.2813593203398301,2000,0.039508748309279244,0.20374947648784256,0.1357321339330335,0.6999804452154212,0.4962155285993367,1.0
morph_nu_1_2_3gram_psalm,Trust,15,864,0.017064846416382253,0.018161639630284266,0.008232982906934994,0.04215610424410586,0.5266203703703703,0.32706188554111393,0.6942807196321606,0.36190360452445947,0.3568215892053973,0.9480259870064968,2000,0.5686116828304696,1.0,0.559816865760668,1.0,1.0,1.0
morph_nu_1_2_3gram_psalm,Wisdom,36,1269,0.027586206896551724,0.07404195380756116,0.026871727788597977,0.37605967538899243,0.6168023815777953,0.44448945448175686,0.8363122039671482,0.008359461128159832,0.04897551224387806,0.25087456271864067,2000,0.05622908603233706,0.2899774691112592,0.28249668269313616,1.0,1.0,1.0
morph_nu_1_2gram,Hymn,136,2261,0.05673758865248227,0.05084511743560122,0.03005652097796362,0.08835944171446714,0.47820134245648727,0.4038119688069522,0.5806787062758085,0.8037690021800692,0.6851574212893553,1.0,2000,0.9999999999997398,1.0,0.9778253730277717,1.0,1.0,1.0
morph_nu_1_2gram,Lament,1711,5369,0.24166666666666667,0.26817564385537745,0.1940308500606926,0.34557328752027044,0.5558168366814317,0.5016644612150656,0.6109867862386287,1.6497600195087224e-12,0.02148925537231384,0.6836581709145427,2000,1.8607758359575126e-12,9.596155754408595e-12,0.024237881059470265,0.12499650807418236,0.7579846440416155,1.0
morph_nu_1_2gram,Praise,820,4469,0.15503875968992248,0.14209412558048012,0.10098005130513024,0.19232137169378027,0.47334346637268115,0.42160718928588065,0.5357265406131346,0.9924592692364331,0.824087956021989,1.0,2000,0.9999792570902503,1.0,0.8503886354694993,1.0,1.0,1.0
morph_nu_1_2gram,Royal,45,1400,0.031141868512110725,0.054075857619597247,0.02219954317542022,0.11861954457063002,0.6464126984126984,0.5212970028107802,0.7840003740609296,0.0004075910598249462,0.01649175412293853,0.12393803098450774,2000,0.007907266560603957,0.040778346343978894,0.2255176759446364,1.0,1.0,1.0
morph_nu_1_2gram,Thanksgiving,28,1136,0.024054982817869417,0.0308261266844118,0.012475704819366535,0.08996612468716912,0.5601106639839034,0.3984514039502977,0.8060464446172998,0.13835015079288343,0.18840579710144928,0.6426786606696652,2000,0.20739992900627902,1.0,0.27689942907334214,1.0,0.9562945799827359,1.0
morph_nu_1_2gram,Trust,15,864,0.017064846416382253,0.020340137347480657,0.008666158685997573,0.06008002885443373,0.5294753086419753,0.2987777696404245,0.7438562298198245,0.3477772674636378,0.33383308345827084,0.9195402298850575,2000,0.5634660213963731,1.0,0.5488442219568181,1.0,1.0,1.0
morph_nu_1_2gram,Wisdom,36,1269,0.027586206896551724,0.07523195042604783,0.014060207409122545,0.27128101899846185,0.6010419402854391,0.4449206593513646,0.8428374707053751,0.019229434536164915,0.063968015992004,0.30884557721139433,2000,0.078865603893459,0.4067156311913788,0.28249668269313616,1.0,1.0,1.0
morph_nu_1_2gram_psalm,Hymn,136,2261,0.05673758865248227,0.04923414338527454,0.02944719287457538,0.0839935926243273,0.4623117048677056,0.3981990316257321,0.5603205125351975,0.9303582980747515,0.8000999500249875,1.0,2000,0.9999999999997398,1.0,1.0,1.0,1.0,1.0
morph_nu_1_2gram_psalm,Lament,1711,5369,0.24166666666666667,0.27075731377591006,0.2004075095873921,0.3476652084263894,0.5583662689428968,0.5021637269576074,0.6179465285757031,1.6392512915234023e-13,0.01899050474762619,0.6601699150424788,2000,1.9157515093707232e-13,9.879669283863473e-13,0.021671517182585177,0.11176158368985718,0.7579846440416155,1.0
morph_nu_1_2gram_psalm,Praise,820,4469,0.15503875968992248,0.14019334010886264,0.09959248831530126,0.18831666211847461,0.4707044190603016,0.41949613664061214,0.5319669900092225,0.9962190737407289,0.847576211894053,1.0,2000,0.9999792570902503,1.0,0.8654199216181383,1.0,1.0,1.0
morph_nu_1_2gram_psalm,Royal,45,1400,0.031141868512110725,0.05328650124378387,0.021207897551792757,0.11702226727187645,0.6546031746031746,0.5176538313032532,0.790735475723913,0.0002039915718747637,0.01199400299850075,0.1054472763618191,2000,0.0056177738452082866,0.028971266592099334,0.2255176759446364,1.0,1.0,1.0
morph_nu_1_2gram_psalm,Thanksgiving,28,1136,0.024054982817869417,0.03514921714662736,0.01224558439468867,0.20821908643981413,0.5599534708249497,0.41642869691365325,0.8013640585716777,0.13897933387018696,0.191904047976012,0.6441779110444777,2000,0.20739992900627902,1.0,0.27783123363691287,1.0,0.9562945799827359,1.0
morph_nu_1_2gram_psalm,Trust,15,864,0.017064846416382253,0.018540268465312315,0.008209534576476517,0.044330366500796886,0.5173611111111112,0.3159924553415892,0.775698451144832,0.40893567673678416,0.39580209895052476,0.9795102448775612,2000,0.6197931350541885,1.0,0.5906585168953985,1.0,1.0,1.0
morph_nu_1_2gram_psalm,Wisdom,36,1269,0.027586206896551724,0.04721528028839088,0.014058509929629646,0.1486745949461329,0.5909289904561772,0.4358549031207628,0.8181277805244936,0.03124974539111703,0.08045977011494253,0.39030484757621187,2000,0.10452501044615006,0.5390430491893726,0.28249668269313616,1.0,1.0,1.0
morph_nu_1gram,Hymn,136,2261,0.05673758865248227,0.05130490110169748,0.030522488277661488,0.0873230135478022,0.47655254052085233,0.41571044249488404,0.5882037287382141,0.8211714728581215,0.7031484257871065,1.0,2000,0.9999999999997398,1.0,0.9778253730277717,1.0,1.0,1.0
morph_nu_1gram,Lament,1711,5369,0.24166666666666667,0.2634329089578913,0.1948468562193292,0.3399854097324968,0.5525201007276115,0.5048313991662697,0.6067102113998403,2.819635830416907e-11,0.022488755622188907,0.6821589205397302,2000,3.108007676709545e-11,1.602822068906283e-10,0.024788741992640046,0.12783733780314105,0.7579846440416155,1.0
morph_nu_1gram,Praise,820,4469,0.15503875968992248,0.15312336580228694,0.10750803903635402,0.20702499480569775,0.4922793335116166,0.4385489737232014,0.5528227459915721,0.7592657952587253,0.5922038980509745,1.0,2000,0.8093272762647951,1.0,0.6312503089114783,1.0,1.0,1.0
morph_nu_1gram,Royal,45,1400,0.031141868512110725,0.046820217101148975,0.017547287569805756,0.14492520349538826,0.5859047619047619,0.45972155725487507,0.7302612963966457,0.024761799499909486,0.0769615192403798,0.4007996001999001,2000,0.0706439573968006,0.3643160047479155,0.23328960519740127,1.0,1.0,1.0
morph_nu_1gram,Thanksgiving,28,1136,0.024054982817869417,0.028209584830561074,0.011123450041322985,0.10189538303739751,0.5205294265593562,0.3933612769195297,0.7652237489437418,0.3552022589866488,0.34132933533233384,0.9510244877561219,2000,0.4258732886516041,1.0,0.4062730539492158,1.0,1.0,1.0
morph_nu_1gram,Trust,15,864,0.017064846416382253,0.018297056532988534,0.007708944302282243,0.05331647778016249,0.49637345679012346,0.3275577408916528,0.8081051645336439,0.5194302618309776,0.47126436781609193,1.0,2000,0.6912880257639099,1.0,0.6275287014027233,1.0,1.0,1.0
morph_nu_1gram,Wisdom,36,1269,0.027586206896551724,0.03906962888975886,0.014883186611356722,0.2042369470910194,0.5558401190788897,0.42488207689538,0.7874292647967415,0.12634662598054502,0.16991504247876063,0.6561719140429785,2000,0.21301978183169842,1.0,0.28915366877964527,1.0,1.0,1.0
morph_nu_1gram_psalm,Hymn,136,2261,0.05673758865248227,0.05165485534383101,0.029804943847662052,0.08527385365932386,0.4743443817155345,0.40952961101539664,0.5799263553287337,0.8429024155138556,0.7056471764117941,1.0,2000,0.9999999999997398,1.0,0.9778253730277717,1.0,1.0,1.0
morph_nu_1gram_psalm,Lament,1711,5369,0.24166666666666667,0.2648818892909143,0.19827944536187697,0.345540200961348,0.5540577066496095,0.5018796551918897,0.6112366905125819,7.659328062626506e-12,0.021989005497251374,0.6876561719140429,2000,8.539710598560588e-12,4.403990605305365e-11,0.024516477393487165,0.1264332495462994,0.7579846440416155,1.0
morph_nu_1gram_psalm,Praise,820,4469,0.15503875968992248,0.15190831548039796,0.10659134997814937,0.20728395065550076,0.49643506213536065,0.44203142036698684,0.5593798640405411,0.6274264891826388,0.5152423788105946,1.0,2000,0.6985291410750795,1.0,0.5744656407428469,1.0,1.0,1.0
morph_nu_1gram_psalm,Royal,45,1400,0.031141868512110725,0.057653784528369494,0.016464068219821267,0.1787970588757816,0.5893492063492064,0.48006129240824547,0.7417654903288253,0.02053541619122445,0.06996501749125437,0.39280359820089955,2000,0.062247980329649115,0.32101734292636985,0.23328960519740127,1.0,1.0,1.0
morph_nu_1gram_psalm,Thanksgiving,28,1136,0.024054982817869417,0.04317091536511766,0.01336844035016357,0.3585404289910604,0.5204665492957746,0.3863998528846137,0.7705453971279758,0.35562614825546324,0.344327836081959,0.9515242378810594,2000,0.4258732886516041,1.0,0.4062730539492158,1.0,1.0,1.0
morph_nu_1gram_psalm,Trust,15,864,0.017064846416382253,0.019565475559331438,0.008421546587053916,0.07328300169778468,0.4986882716049383,0.3162918878405586,0.8156968300121928,0.5071609654309519,0.4592703648175912,1.0,2000,0.6912880257639099,1.0,0.6275287014027233,1.0,1.0,1.0
morph_nu_1gram_psalm,Wisdom,36,1269,0.027586206896551724,0.03238194085103638,0.0143015015257417,0.07807421614243656,0.5454863847298835,0.411269494426377,0.7556429559077729,0.17574473408954266,0.21039480259870064,0.769615192403798,2000,0.2506946942159653,1.0,0.31887962268865566,1.0,1.0,1.0
morph_nu_sp_plus,Hymn,136,2261,0.05673758865248227,0.054704315438356396,0.03184707637811622,0.09077818184382924,0.4943088690584593,0.40440112059838174,0.6029472560938144,0.5883529259380245,0.5307346326836582,1.0,2000,0.9999999999997398,1.0,0.8876079201778421,1.0,1.0,1.0
morph_nu_sp_plus,Lament,1711,5369,0.24166666666666667,0.32737497138922833,0.24244188113551665,0.4212601066953756,0.6203696154265254,0.5589815222133775,0.678028405604358,2.770077375463628e-51,0.0004997501249375312,0.20389805097451275,2000,7.902867806469762e-51,4.0755661650325103e-50,0.0008976992984988986,0.0046295002990437905,0.5845606608460475,1.0
morph_nu_sp_plus,Praise,820,4469,0.15503875968992248,0.17559724151522677,0.12162815983109063,0.24946926513275314,0.5338628164755579,0.4698784874138189,0.6061956026290782,0.001009498363419235,0.10994502748625687,0.8835582208895553,2000,0.0014191498732125478,0.007318658679372364,0.15456040095894083,0.7970791819223223,1.0,1.0
morph_nu_sp_plus,Royal,45,1400,0.031141868512110725,0.055484566093633114,0.015561234909181963,0.17506212418448366,0.5794603174603175,0.43097305352804466,0.7856909624357454,0.03463138625287559,0.10094952523738131,0.45377311344327836,2000,0.08840117017181401,0.45589123711088214,0.2635092710055229,1.0,1.0,1.0
morph_nu_sp_plus,Thanksgiving,28,1136,0.024054982817869417,0.03654873369495189,0.015042479410925663,0.09590186973942803,0.6371981891348089,0.4656373450041668,0.8475951920010252,0.006512199875319941,0.03498250874562719,0.14192903548225888,2000,0.01373224756317466,0.0708181952537623,0.07659170414792604,0.39498896551441626,0.29975828412324446,1.0
morph_nu_sp_plus,Trust,15,864,0.017064846416382253,0.023771519396132118,0.00847457627118644,0.07230342155782843,0.5858796296296296,0.3230877616668252,0.8561224889783434,0.12690152815281802,0.15692153923038482,0.40729635182408797,2000,0.3283109478581771,1.0,0.3977498430272044,1.0,1.0,1.0
morph_nu_sp_plus,Wisdom,36,1269,0.027586206896551724,0.06638945356406153,0.023928499485494262,0.40588392391241496,0.5722791349268891,0.44361415304811835,0.7530588429979215,0.0693518119689355,0.12543728135932034,0.5112443778110944,2000,0.16016966097587484,0.8260065420853896,0.28314251964926623,1.0,1.0,1.0
morph_nu_sp_plus_psalm,Hymn,136,2261,0.05673758865248227,0.0524042431505457,0.030910323926025485,0.08846606008295027,0.48400629601685874,0.3934706162730724,0.6021410638019741,0.734817778445563,0.6296851574212894,1.0,2000,0.9999999999997398,1.0,0.9778253730277717,1.0,1.0,1.0
morph_nu_sp_plus_psalm,Lament,1711,5369,0.24166666666666667,0.32445972290845315,0.23635393955171274,0.41748689204554246,0.6223890226802589,0.5612349572105213,0.6853938697272084,5.999263958973398e-53,0.0004997501249375312,0.2048975512243878,2000,1.7634200121830897e-52,9.094084720120159e-52,0.0008976992984988986,0.0046295002990437905,0.5845606608460475,1.0
morph_nu_sp_plus_psalm,Praise,820,4469,0.15503875968992248,0.17836180972627494,0.12504692258413436,0.25705438322409213,0.5419409591276491,0.47792573288751394,0.6154485471578399,6.56661463071633e-05,0.07296351824087956,0.8225887056471765,2000,0.00010110501891737842,0.0005214059051795124,0.11415260111879544,0.5886932315751814,1.0,1.0
morph_nu_sp_plus_psalm,Royal,45,1400,0.031141868512110725,0.0655751294030444,0.01610448728798351,0.1882490916351544,0.6148571428571429,0.46792901595022757,0.8019898993621527,0.0043189714175759075,0.03948025987006497,0.23288355822088955,2000,0.024643542794403707,0.1270885350216528,0.2255176759446364,1.0,1.0,1.0
morph_nu_sp_plus_psalm,Thanksgiving,28,1136,0.024054982817869417,0.03638537267427378,0.014430446334856064,0.0920762849899104,0.6354690643863179,0.43692811244374263,0.8217314466333142,0.007107122421810758,0.03798100949525238,0.15142428785607195,2000,0.014362309894075907,0.07406747232705516,0.07659170414792604,0.39498896551441626,0.29975828412324446,1.0
morph_nu_sp_plus_psalm,Trust,15,864,0.017064846416382253,0.02380771532492463,0.010152829217763842,0.07711579256397752,0.6197530864197531,0.32771641182487693,0.8039305120219278,0.055751875646130884,0.08595702148925537,0.21189405297351324,2000,0.20929144079843867,1.0,0.33187252527582367,1.0,0.8221489255372314,1.0
morph_nu_sp_plus_psalm,Wisdom,36,1269,0.027586206896551724,0.04875077776783949,0.018412105713444635,0.26462195462481686,0.5637203397250679,0.4340489990974147,0.7331281986523924,0.09589830402984933,0.15792103948025987,0.5987006496751625,2000,0.18983949981419154,0.9790160498395463,0.28915366877964527,1.0,1.0,1.0
morph_prs_gn_1_2_3gram,Hymn,136,2261,0.05673758865248227,0.06760636871929143,0.03545923951657399,0.14139587418186442,0.5319613913676926,0.43496074759578723,0.6973641007578266,0.10497777765456423,0.2128935532233883,0.8730634682658671,2000,0.26796959032875606,1.0,0.554363843719166,1.0,1.0,1.0
morph_prs_gn_1_2_3gram,Lament,1711,5369,0.24166666666666667,0.2723589768539284,0.20113838867431288,0.35828473761505963,0.5693113016811122,0.5049632673829808,0.6479203257029681,2.6190904639777035e-18,0.001999000499750125,0.5147426286856571,2000,3.3873570000778295e-18,1.74688453818009e-17,0.002937924976905487,0.01515109188777968,0.6883558220889554,1.0
morph_prs_gn_1_2_3gram,Praise,820,4469,0.15503875968992248,0.20798331514926122,0.14287404526131722,0.29810316431800393,0.6098799862467186,0.5307023103244447,0.6862710691776149,6.3347433025213434e-24,0.0004997501249375312,0.255872063968016,2000,2.1945360726591798e-23,1.1317381467966605e-22,0.0016158587372980177,0.008333100538278824,0.8558479380999154,1.0
morph_prs_gn_1_2_3gram,Royal,45,1400,0.031141868512110725,0.033682123168492326,0.015200982347813351,0.07401998071204699,0.5258412698412699,0.3789382930113905,0.7151963927334251,0.27736517742214045,0.30834582708645675,0.9220389805097451,2000,0.3554038548083973,1.0,0.39095387371249446,1.0,1.0,1.0
morph_prs_gn_1_2_3gram,Thanksgiving,28,1136,0.024054982817869417,0.03081825339336764,0.011425055518587362,0.14287273489237898,0.5414361167002012,0.35408362609559374,0.7784523246043396,0.22670595680360572,0.22588705647176413,0.7806096951524237,2000,0.3097250395767571,1.0,0.31301492111087315,1.0,1.0,1.0
morph_prs_gn_1_2_3gram,Trust,15,864,0.017064846416382253,0.01507846846600253,0.006761336609754531,0.03431426198095079,0.44012345679012344,0.25697519445316624,0.6537374246252748,0.7871305761451519,0.7351324337831084,1.0,2000,0.8336610538548805,1.0,0.7923094008551279,1.0,1.0,1.0
morph_prs_gn_1_2_3gram,Wisdom,36,1269,0.027586206896551724,0.046445125328003406,0.01408200949668764,0.11177104301922329,0.6263243148585939,0.3374973230508005,0.8170660722132083,0.004827905925555896,0.037481259370314844,0.18590704647676162,2000,0.04679511196395139,0.24132578157647566,0.28249668269313616,1.0,1.0,1.0
morph_prs_gn_1_2_3gram_psalm,Hymn,136,2261,0.05673758865248227,0.057254057150461314,0.0328499885524586,0.10293081223141332,0.5217010952988006,0.4516134056753588,0.6571575170227251,0.19732735388896538,0.2813593203398301,0.9445277361319341,2000,0.4451337983076661,1.0,0.6202694107491709,1.0,1.0,1.0
morph_prs_gn_1_2_3gram_psalm,Lament,1711,5369,0.24166666666666667,0.26769235584583384,0.19955104367779136,0.3536032177947851,0.5583470012439096,0.4963149404792246,0.635467278229997,1.6687300053409603e-13,0.0079960019990005,0.6176911544227887,2000,1.9269858395008707e-13,9.937605538001183e-13,0.009943746075680108,0.051280618697100454,0.7413244597213587,1.0
morph_prs_gn_1_2_3gram_psalm,Praise,820,4469,0.15503875968992248,0.20762047412775722,0.14407228382768753,0.30021019733401894,0.6141882562258157,0.5438442102552905,0.6835697078621897,1.1035092543061329e-25,0.0004997501249375312,0.24187906046976512,2000,4.281615906707796e-25,2.2080603330803103e-24,0.0016158587372980177,0.008333100538278824,0.8558479380999154,1.0
morph_prs_gn_1_2_3gram_psalm,Royal,45,1400,0.031141868512110725,0.0342887592376842,0.015040953223061742,0.07725155278441834,0.5227460317460317,0.3874117079462526,0.7017907518083051,0.3015620421172987,0.3248375812093953,0.9375312343828086,2000,0.3702723808275693,1.0,0.3988512073077386,1.0,1.0,1.0
morph_prs_gn_1_2_3gram_psalm,Thanksgiving,28,1136,0.024054982817869417,0.0259150435426012,0.011033674343371406,0.07244462356873815,0.5173855633802817,0.3555980905023636,0.7927386667644608,0.37660609255997524,0.3488255872063968,0.9685157421289355,2000,0.44013001178695904,1.0,0.4062730539492158,1.0,1.0,1.0
morph_prs_gn_1_2_3gram_psalm,Trust,15,864,0.017064846416382253,0.014046974619076533,0.006434708782530782,0.03055760868278732,0.4043981481481482,0.21729924103017592,0.5879604422706235,0.8982125911955101,0.8830584707646177,1.0,2000,0.8982125911955101,1.0,0.8830584707646177,1.0,1.0,1.0
morph_prs_gn_1_2_3gram_psalm,Wisdom,36,1269,0.027586206896551724,0.051744937447665285,0.016175069132773705,0.11541362013236661,0.6484327116714823,0.35359603965194764,0.837673326350434,0.0011794552646854823,0.022488755622188907,0.11644177911044477,2000,0.0381357202248306,0.19666867121353798,0.28249668269313616,1.0,1.0,1.0
morph_prs_gn_1_2gram,Hymn,136,2261,0.05673758865248227,0.07110585485723188,0.03555729772652834,0.13854626741280712,0.5739781980903816,0.48167561326297836,0.7071934515439614,0.0018546323209461392,0.04597701149425287,0.47226386806596704,2000,0.025699905018825072,0.13253627152098488,0.4120439780109945,1.0,1.0,1.0
morph_prs_gn_1_2gram,Lament,1711,5369,0.24166666666666667,0.2812622865755429,0.20653081602432444,0.37740045043795606,0.5764211914644312,0.5127519744827153,0.6624171324592338,7.481871498401311e-22,0.0004997501249375312,0.4587706146926537,2000,1.1339711489764488e-21,5.847971344159339e-21,0.0008976992984988986,0.0046295002990437905,0.6883558220889554,1.0
morph_prs_gn_1_2gram,Praise,820,4469,0.15503875968992248,0.20707434958201243,0.1429367691449649,0.294020236644837,0.6199930142062665,0.5366513180148537,0.6948775679347557,3.696580045195428e-28,0.0004997501249375312,0.19440279860069964,2000,1.696939882976731e-27,8.751241878919379e-27,0.0016158587372980177,0.008333100538278824,0.8409490906720553,1.0
morph_prs_gn_1_2gram,Royal,45,1400,0.031141868512110725,0.034095986481527014,0.014773368576085674,0.07920658835253472,0.5164126984126984,0.3766950650480789,0.7286272188183517,0.35379317099544905,0.36231884057971014,0.9650174912543729,2000,0.4289742198319819,1.0,0.4393115942028985,1.0,1.0,1.0
morph_prs_gn_1_2gram,Thanksgiving,28,1136,0.024054982817869417,0.027699903253141814,0.010597284031994725,0.09915993026939389,0.518454476861167,0.356225198014214,0.753050500449496,0.3692823041353003,0.33383308345827084,0.9560219890054973,2000,0.43683394513566004,1.0,0.4062730539492158,1.0,1.0,1.0
morph_prs_gn_1_2gram,Trust,15,864,0.017064846416382253,0.01662267303621893,0.007042280844078822,0.04136408268049916,0.4799382716049383,0.30151899089391976,0.7410421258887467,0.605346689378052,0.5332333833083458,1.0,2000,0.7416261880728552,1.0,0.6556346826586706,1.0,1.0,1.0
morph_prs_gn_1_2gram,Wisdom,36,1269,0.027586206896551724,0.04260757361789028,0.013204068265005954,0.10485220612705987,0.6138254093336836,0.35657653127227434,0.8027071668402618,0.009854582088141547,0.05297351324337831,0.22138930534732634,2000,0.05622908603233706,0.2899774691112592,0.28249668269313616,1.0,1.0,1.0
morph_prs_gn_1_2gram_psalm,Hymn,136,2261,0.05673758865248227,0.06150160470973616,0.03444201561855289,0.11677090991892987,0.5524917397299477,0.475436269373598,0.6751423235109951,0.01974554425527126,0.09945027486256872,0.6506746626686657,2000,0.09576588963806561,0.4938716287948211,0.48233383308345823,1.0,1.0,1.0
morph_prs_gn_1_2gram_psalm,Lament,1711,5369,0.24166666666666667,0.2798495627847848,0.2081765088577019,0.37711076428564283,0.5701913021252489,0.5043158297396162,0.6520128155160729,9.9496114817234e-19,0.0004997501249375312,0.5057471264367817,2000,1.3404337690655136e-18,6.912714029200953e-18,0.0008976992984988986,0.0046295002990437905,0.6883558220889554,1.0
morph_prs_gn_1_2gram_psalm,Praise,820,4469,0.15503875968992248,0.21244338167517818,0.14495922095325772,0.29984546791750355,0.6266401606732559,0.5504972464523552,0.6982974058772005,3.849748113638343e-31,0.0004997501249375312,0.17391304347826086,2000,2.0745864834606628e-30,1.0698792749012187e-29,0.0016158587372980177,0.008333100538278824,0.8409490906720553,1.0
morph_prs_gn_1_2gram_psalm,Royal,45,1400,0.031141868512110725,0.033900479912180814,0.014200051514481286,0.08224515735346456,0.5107619047619048,0.3822804691872159,0.7072345311047612,0.4028826769067932,0.3893053473263368,0.9890054972513743,2000,0.47658072756047487,1.0,0.46051974012993496,1.0,1.0,1.0
morph_prs_gn_1_2gram_psalm,Thanksgiving,28,1136,0.024054982817869417,0.024441536020602093,0.010248386982176585,0.06680476062487119,0.5023264587525151,0.35568846593432096,0.7909046983957158,0.48331868545515416,0.431784107946027,0.9985007496251874,2000,0.5176039241900012,1.0,0.4602533897886222,1.0,1.0,1.0
morph_prs_gn_1_2gram_psalm,Trust,15,864,0.017064846416382253,0.015276821324984095,0.006590895061351148,0.03763221080092671,0.44591049382716047,0.24316412339376334,0.7026490936083437,0.7641058265963221,0.7026486756621689,1.0,2000,0.8336610538548805,1.0,0.774510472036709,1.0,1.0,1.0
morph_prs_gn_1_2gram_psalm,Wisdom,36,1269,0.027586206896551724,0.04846666900647066,0.0155877914143525,0.12691004692181684,0.6342920935119517,0.35815600546022935,0.8212891569819947,0.0029692145490104616,0.031484257871064465,0.15292353823088456,2000,0.04679511196395139,0.24132578157647566,0.28249668269313616,1.0,1.0,1.0
morph_prs_gn_1gram,Hymn,136,2261,0.05673758865248227,0.06681414059705365,0.035936831499851225,0.1263799878027436,0.5595682545464006,0.46595931297097254,0.6870060839316839,0.009729377943267723,0.06196901549225387,0.5622188905547226,2000,0.04967103476299838,0.2561571237424751,0.4120439780109945,1.0,1.0,1.0
morph_prs_gn_1gram,Lament,1711,5369,0.24166666666666667,0.28845917513846475,0.2125204395680564,0.38921245305409685,0.5757240708750877,0.5107902673446394,0.6574415036257463,1.7236808252669856e-21,0.0004997501249375312,0.43728135932033985,2000,2.5332884856196605e-21,1.3064352196054212e-20,0.0008976992984988986,0.0046295002990437905,0.6883558220889554,1.0
morph_prs_gn_1gram,Praise,820,4469,0.15503875968992248,0.21910122162670304,0.1522894653996827,0.31044870175417605,0.6388522013436737,0.5508312264499947,0.7142625971114331,4.936818273485508e-37,0.0004997501249375312,0.13543228385807096,2000,4.353376113891766e-36,2.2450675916548855e-35,0.0016158587372980177,0.008333100538278824,0.8409490906720553,1.0
morph_prs_gn_1gram,Royal,45,1400,0.031141868512110725,0.03327347928028869,0.015088382867443977,0.07285081884397618,0.5246666666666666,0.3908326184569042,0.7414754915791282,0.28643523475900956,0.3073463268365817,0.9015492253873063,2000,0.360833997034077,1.0,0.39095387371249446,1.0,1.0,1.0
morph_prs_gn_1gram,Thanksgiving,28,1136,0.024054982817869417,0.02638386105720556,0.010656761454310663,0.07451869718449192,0.5250565895372233,0.39334065930812506,0.8737389633982018,0.32518156842228774,0.29735132433783107,0.8990504747626187,2000,0.42056816182615875,1.0,0.38457437947692813,1.0,1.0,1.0
morph_prs_gn_1gram,Trust,15,864,0.017064846416382253,0.01675286829908726,0.006637746824182261,0.04142657712839874,0.4787037037037037,0.2501438596078752,0.7427310511606482,0.6116504643899837,0.5352323838080959,1.0,2000,0.7416261880728552,1.0,0.6556346826586706,1.0,1.0,1.0
morph_prs_gn_1gram,Wisdom,36,1269,0.027586206896551724,0.04041938280053116,0.012882318256715333,0.10170877898904798,0.6149855529288153,0.36395271576776833,0.7862511387469412,0.009246208470292276,0.050474762618690654,0.2143928035982009,2000,0.05622908603233706,0.2899774691112592,0.28249668269313616,1.0,1.0,1.0
morph_prs_gn_1gram_psalm,Hymn,136,2261,0.05673758865248227,0.05996849326855187,0.03480338573706697,0.10759856968700804,0.5397533626453678,0.46143662752057524,0.6477811754452301,0.05945751625207615,0.14742628685657172,0.7581209395302348,2000,0.19224596921504622,0.9914263868304803,0.508213635117925,1.0,1.0,1.0
morph_prs_gn_1gram_psalm,Lament,1711,5369,0.24166666666666667,0.28993138796501505,0.21312201609726766,0.3925855363170659,0.5764809539884083,0.5076649985916479,0.6560874918845485,6.962852863974145e-22,0.0004997501249375312,0.4407796101949025,2000,1.0720582981039556e-21,5.5286822881155776e-21,0.0008976992984988986,0.0046295002990437905,0.6883558220889554,1.0
morph_prs_gn_1gram_psalm,Praise,820,4469,0.15503875968992248,0.2239228287989156,0.15343825413556728,0.31191281793809866,0.6446978917092818,0.5664457027092868,0.7209200387946038,4.8271752181795536e-40,0.0004997501249375312,0.11594202898550725,2000,6.689085659477381e-39,3.4496099209013766e-38,0.0016158587372980177,0.008333100538278824,0.8409490906720553,1.0
morph_prs_gn_1gram_psalm,Royal,45,1400,0.031141868512110725,0.03379199212595715,0.01476743423390798,0.08793837391604727,0.5119365079365079,0.39418618003164574,0.7328809137421318,0.39252259524171584,0.37631184407796103,0.9865067466266867,2000,0.4700579226968696,1.0,0.45064504784644716,1.0,1.0,1.0
morph_prs_gn_1gram_psalm,Thanksgiving,28,1136,0.024054982817869417,0.024993686562053835,0.010365421059730198,0.06063096036345027,0.5130155935613682,0.3914123380096521,0.8365753243837353,0.40698520052823234,0.36431784107946025,0.9815092453773113,2000,0.45904144710742484,1.0,0.41575094805538404,1.0,1.0,1.0
morph_prs_gn_1gram_psalm,Trust,15,864,0.017064846416382253,0.015747907464977333,0.006592729750742037,0.03976919903980728,0.45655864197530865,0.23693787160626703,0.7099745093845775,0.7183737217214421,0.6411794102948526,1.0,2000,0.8237843549503311,1.0,0.7493301542000085,1.0,1.0,1.0
morph_prs_gn_1gram_psalm,Wisdom,36,1269,0.027586206896551724,0.04373770508152122,0.014078945129207708,0.11498302525526782,0.6307459942211715,0.37025275894969434,0.8015172748252697,0.0036975357695247153,0.033483258370814596,0.16141929035482258,2000,0.04679511196395139,0.24132578157647566,0.28249668269313616,1.0,1.0,1.0
morph_prs_gn_sp_plus,Hymn,136,2261,0.05673758865248227,0.07084846627885284,0.03818513308463492,0.12332043639276716,0.5909182558472306,0.4654015534253069,0.6810518824338793,0.00018096481688764372,0.01699150424787606,0.35582208895552225,2000,0.006661561204702741,0.034354153602257374,0.4120439780109945,1.0,1.0,1.0
morph_prs_gn_sp_plus,Lament,1711,5369,0.24166666666666667,0.34982489115594384,0.2611508948139221,0.4618960568900668,0.6366864173281275,0.5666173333855377,0.7098016246786404,1.616815602662681e-65,0.0004997501249375312,0.1424287856071964,2000,6.534629727428336e-65,3.3699558780826027e-64,0.0008976992984988986,0.0046295002990437905,0.5296425861143502,1.0
morph_prs_gn_sp_plus,Praise,820,4469,0.15503875968992248,0.23324416668540726,0.1576624299877898,0.3428982144949899,0.6304122164067915,0.5452375019216456,0.7017410644351264,6.64663109243128e-33,0.0004997501249375312,0.16541729135432284,2000,4.2981547731055615e-32,2.2165895462658768e-31,0.0016158587372980177,0.008333100538278824,0.8409490906720553,1.0
morph_prs_gn_sp_plus,Royal,45,1400,0.031141868512110725,0.03589186868070356,0.013967878897729068,0.09121492915396204,0.5382857142857143,0.3568281691983259,0.6942081076848126,0.1907236888848976,0.2493753123438281,0.8275862068965517,2000,0.26428854031192955,1.0,0.34069584925846935,1.0,1.0,1.0
morph_prs_gn_sp_plus,Thanksgiving,28,1136,0.024054982817869417,0.03756187427083339,0.015290278292501899,0.08754842838016684,0.6654615191146881,0.4850470855862713,0.83478656910246,0.0013736283108271912,0.012993503248375811,0.07496251874062969,2000,0.004441398205007919,0.02290461221551455,0.04346102810663633,0.22413166965025802,0.23456013928519612,1.0
morph_prs_gn_sp_plus,Trust,15,864,0.017064846416382253,0.027281697608546072,0.006060606060606061,0.09660128267638902,0.5660493827160494,0.1836734693877551,0.8918048444790353,0.19009676788275487,0.19890054972513743,0.5622188905547226,2000,0.40976414410282713,1.0,0.428741184963074,1.0,1.0,1.0
morph_prs_gn_sp_plus,Wisdom,36,1269,0.027586206896551724,0.04498321738669487,0.013960437999280574,0.1254019261232605,0.5999255756938973,0.4099857420309305,0.7632531839097948,0.020326186570479122,0.06696651674162919,0.29735132433783107,2000,0.078865603893459,0.4067156311913788,0.28249668269313616,1.0,1.0,1.0
morph_prs_gn_sp_plus_psalm,Hymn,136,2261,0.05673758865248227,0.06408039410918706,0.03580309569970859,0.11346397607624817,0.5641081510003382,0.4527058527492225,0.6710032419192421,0.005956507168990751,0.06446776611694154,0.5717141429285357,2000,0.04070405623336656,0.20991376602362016,0.4120439780109945,1.0,1.0,1.0
morph_prs_gn_sp_plus_psalm,Lament,1711,5369,0.24166666666666667,0.3428355350383741,0.2566936026512402,0.44966352293003015,0.6331243967278004,0.5653249273774844,0.7069355900042239,2.9442579617945977e-62,0.0004997501249375312,0.14392803598200898,2000,1.0984347011310615e-61,5.6647073088612485e-61,0.0008976992984988986,0.0046295002990437905,0.5296425861143502,1.0
morph_prs_gn_sp_plus_psalm,Praise,820,4469,0.15503875968992248,0.23820084442720713,0.16465451785766447,0.35320313993820407,0.6354531760802057,0.561228140372199,0.7047540989931746,2.4384241720566783e-35,0.0004997501249375312,0.13793103448275862,2000,1.9710595390791483e-34,1.0164896798803981e-33,0.0016158587372980177,0.008333100538278824,0.8409490906720553,1.0
morph_prs_gn_sp_plus_psalm,Royal,45,1400,0.031141868512110725,0.037684312611417595,0.014259358220948579,0.09623901425398397,0.5639206349206349,0.4180146776466289,0.706308556182153,0.07195524894025922,0.15292353823088456,0.5742128935532234,2000,0.1395931829441029,0.7198921546054786,0.27469598534066303,1.0,1.0,1.0
morph_prs_gn_sp_plus_psalm,Thanksgiving,28,1136,0.024054982817869417,0.03397410693795045,0.013831755579373505,0.06823207554664147,0.6367266096579477,0.4835264932774268,0.7819808485286023,0.006669917897020037,0.026986506746626688,0.1359320339830085,2000,0.013765575234275396,0.07099006846741557,0.07074840957899428,0.36485467221653234,0.29975828412324446,1.0
morph_prs_gn_sp_plus_psalm,Trust,15,864,0.017064846416382253,0.023625967918207917,0.006004752094640374,0.06382799862549385,0.575,0.25396825396825395,0.8796809423431917,0.15949678721348687,0.18440779610194902,0.48875562218890556,2000,0.37734605755385914,1.0,0.428741184963074,1.0,1.0,1.0
morph_prs_gn_sp_plus_psalm,Wisdom,36,1269,0.027586206896551724,0.04416120529663198,0.015892890558022277,0.11469691595983943,0.6081779178705893,0.4145305982643767,0.7600652955138781,0.013341205771451045,0.050974512743628186,0.2543728135932034,2000,0.07189427554615287,0.37076398599954985,0.28249668269313616,1.0,1.0,1.0
morph_prs_nu_1_2_3gram,Hymn,136,2261,0.05673758865248227,0.07264588204701013,0.03609555411218666,0.15677852371022147,0.5174799021775893,0.4293456073296875,0.6678690847426629,0.2464759411211589,0.29235382308845576,0.9640179910044977,2000,0.5086843891223918,1.0,0.6301849075462268,1.0,1.0,1.0
morph_prs_nu_1_2_3gram,Lament,1711,5369,0.24166666666666667,0.25395695484534564,0.18907959319419873,0.32850857908742137,0.5362887516153027,0.4810154310892582,0.6114366500152871,2.9801689495192462e-06,0.05347326336831584,0.8085957021489255,2000,3.2119598678151876e-06,1.6564309667426246e-05,0.057632294963629295,0.2972139191986114,0.8714864789827308,1.0
morph_prs_nu_1_2_3gram,Praise,820,4469,0.15503875968992248,0.19116248604078262,0.13065220831074784,0.26702752628291404,0.5808712048856894,0.5060823127647006,0.6574685305162129,8.316229856530888e-14,0.0024987506246876563,0.4122938530734633,2000,2.2407619335652672e-13,1.1555771580609154e-12,0.006925108874134361,0.035713288021194965,1.0,1.0
morph_prs_nu_1_2_3gram,Royal,45,1400,0.031141868512110725,0.04852721211755844,0.016967991500611127,0.18349971091539424,0.5729206349206349,0.464346242003881,0.7013593642241305,0.047740289458949606,0.11294352823588207,0.48075962018990503,2000,0.1103406742857701,0.5690348488150155,0.2643083220294614,1.0,1.0,1.0
morph_prs_nu_1_2_3gram,Thanksgiving,28,1136,0.024054982817869417,0.037335341912590046,0.007862791487892833,0.15817376486500326,0.5364688128772636,0.30898358118668573,0.7901533440746001,0.25468235456820365,0.239880059970015,0.8075962018990505,2000,0.33575821615732176,1.0,0.32772346221255566,1.0,1.0,1.0
morph_prs_nu_1_2_3gram,Trust,15,864,0.017064846416382253,0.02307895380878097,0.006744176545257358,0.13618485558435936,0.5304783950617284,0.23155524704517777,0.8984552877494278,0.3428625197754983,0.31434282858570717,0.8655672163918041,2000,0.5634660213963731,1.0,0.5444866852288143,1.0,1.0,1.0
morph_prs_nu_1_2_3gram,Wisdom,36,1269,0.027586206896551724,0.046829806427815854,0.009359072807661404,0.16440697922766695,0.5709000963138079,0.31432809179321924,0.8374260293700613,0.07319770148300278,0.127936031984008,0.49325337331334335,2000,0.16427234630143356,0.8471643874499974,0.28314251964926623,1.0,1.0,1.0
morph_prs_nu_1_2_3gram_psalm,Hymn,136,2261,0.05673758865248227,0.0563450377655004,0.0314819780768847,0.09697076164352667,0.5037333818976507,0.4324611060059496,0.6285057250661622,0.4418084126685888,0.4197901049475262,0.9950024987506247,2000,0.8085927552613795,1.0,0.7830700034598086,1.0,1.0,1.0
morph_prs_nu_1_2_3gram_psalm,Lament,1711,5369,0.24166666666666667,0.25133762725270375,0.18668193397084049,0.32338700824384614,0.5284667189688537,0.4766888581978721,0.6028392747028622,0.0001912842698246224,0.09745127436281859,0.8820589705147426,2000,0.00019738908694668481,0.0010179498174675017,0.1005614214169511,0.5186025334992672,0.9102097887226599,1.0
morph_prs_nu_1_2_3gram_psalm,Praise,820,4469,0.15503875968992248,0.19811951047397153,0.13626595794717267,0.2803935354267284,0.5940410633687899,0.519039904225108,0.6714009008860026,4.990451195547677e-18,0.0009995002498750624,0.3268365817091454,2000,1.5127305186503898e-17,7.801260845558341e-17,0.002937924976905487,0.01515109188777968,0.990723388305847,1.0
morph_prs_nu_1_2_3gram_psalm,Royal,45,1400,0.031141868512110725,0.0465621541881789,0.01704758460409576,0.15261547625093866,0.6057142857142858,0.4957616708557497,0.7313172507091242,0.007824368034228875,0.047976011994003,0.27136431784107945,2000,0.03449834996910004,0.17791048936489942,0.2255176759446364,1.0,1.0,1.0
morph_prs_nu_1_2_3gram_psalm,Thanksgiving,28,1136,0.024054982817869417,0.026008602465375147,0.009444011178826456,0.07248821217234853,0.49465543259557343,0.3259198110395453,0.6975079521723694,0.538646748218027,0.4707646176911544,0.9995002498750625,2000,0.5618143502919206,1.0,0.4910125582370105,1.0,1.0,1.0
morph_prs_nu_1_2_3gram_psalm,Trust,15,864,0.017064846416382253,0.017347237947069216,0.006537419747617174,0.0678005637309839,0.48896604938271604,0.2240070365648427,0.8669241129846872,0.558511699448432,0.49975012493753124,1.0,2000,0.7128373006118146,1.0,0.6378389752492175,1.0,1.0,1.0
morph_prs_nu_1_2_3gram_psalm,Wisdom,36,1269,0.027586206896551724,0.04962582722982249,0.008620529491199527,0.17486132460207782,0.5704404167761141,0.3151164660311755,0.8334081708703043,0.07451529110580492,0.12843578210894552,0.4817591204397801,2000,0.16427234630143356,0.8471643874499974,0.28314251964926623,1.0,1.0,1.0
morph_prs_nu_1_2gram,Hymn,136,2261,0.05673758865248227,0.06288886739383281,0.0337553165184711,0.11280523370324035,0.5470022374274788,0.4598159015335425,0.67882483346105,0.03261373964478602,0.11444277861069466,0.6866566716641679,2000,0.14047296456274855,0.7244292521318152,0.508213635117925,1.0,1.0,1.0
morph_prs_nu_1_2gram,Lament,1711,5369,0.24166666666666667,0.2537296151083932,0.19242685633908455,0.3300870861567386,0.5300127068841964,0.4743131157224323,0.6022266526145538,9.029734392128999e-05,0.08245877061469266,0.8510744627686156,2000,9.41811006490874e-05,0.0004856987571988823,0.08694022553940421,0.4483570398313063,0.9047052560676184,1.0
morph_prs_nu_1_2gram,Praise,820,4469,0.15503875968992248,0.19298194974117078,0.13133666325115426,0.2629176102355839,0.5869960541180709,0.5096304200737876,0.662462102316294,1.0796413017930316e-15,0.0009995002498750624,0.3808095952023988,2000,3.080153125703649e-15,1.5884572752134332e-14,0.002937924976905487,0.01515109188777968,1.0,1.0
morph_prs_nu_1_2gram,Royal,45,1400,0.031141868512110725,0.04243793327076762,0.015438050317612839,0.15934168649143063,0.571063492063492,0.4640165729112814,0.7061414277148864,0.05211260662298182,0.11294352823588207,0.4862568715642179,2000,0.11488461005520992,0.5924682546766813,0.2643083220294614,1.0,1.0,1.0
morph_prs_nu_1_2gram,Thanksgiving,28,1136,0.024054982817869417,0.03129348658234965,0.008853846626016838,0.12535474801526147,0.5020120724346077,0.3129410284174518,0.7383877850255545,0.48558718661123823,0.42628685657171417,0.9970014992503748,2000,0.5176039241900012,1.0,0.45944250097173633,1.0,1.0,1.0
morph_prs_nu_1_2gram,Trust,15,864,0.017064846416382253,0.02486841619425037,0.006779285293798009,0.0966909487900129,0.5858796296296296,0.3199334485140429,0.9222346212056527,0.12690152815281802,0.1519240379810095,0.39030484757621187,2000,0.3283109478581771,1.0,0.3977498430272044,1.0,1.0,1.0
morph_prs_nu_1_2gram,Wisdom,36,1269,0.027586206896551724,0.03872271701291673,0.010414924274005977,0.1224161829496868,0.5567594781542772,0.30280010816998626,0.8271750666556499,0.12248210471732407,0.16491754122938532,0.6011994002998501,2000,0.21215650281393633,1.0,0.28915366877964527,1.0,1.0,1.0
morph_prs_nu_1_2gram_psalm,Hymn,136,2261,0.05673758865248227,0.05915524095333579,0.0326670624240942,0.10076033546026346,0.5246572313135781,0.4446732518645801,0.6296736465321556,0.1667302960362257,0.24537731134432783,0.9085457271364318,2000,0.3944594808661925,1.0,0.5805268097658487,1.0,1.0,1.0
morph_prs_nu_1_2gram_psalm,Lament,1711,5369,0.24166666666666667,0.25729125448124607,0.19648186903219356,0.3378523798328007,0.5306794563547974,0.47824997078890447,0.6083946451236338,6.461752571898729e-05,0.079960019990005,0.8580709645177411,2000,6.88780219202392e-05,0.00035520894759581164,0.08523210922011522,0.4395481602608611,0.9047052560676184,1.0
morph_prs_nu_1_2gram_psalm,Praise,820,4469,0.15503875968992248,0.1978904185186232,0.1325630025969557,0.27219565622326086,0.598848708446807,0.5224962998263071,0.6797658757156321,1.0070562913784097e-19,0.0004997501249375312,0.2993503248375812,2000,3.1511116214098623e-19,1.6250510853724611e-18,0.0016158587372980177,0.008333100538278824,0.9366768228788832,1.0
morph_prs_nu_1_2gram_psalm,Royal,45,1400,0.031141868512110725,0.04310527499076434,0.017927815030665085,0.1595521328335848,0.6026666666666667,0.5079708819494086,0.732665787372256,0.009454456908792968,0.04847576211894053,0.2768615692153923,2000,0.03987314435447469,0.2056286932846292,0.2255176759446364,1.0,1.0,1.0
morph_prs_nu_1_2gram_psalm,Thanksgiving,28,1136,0.024054982817869417,0.025896067451421034,0.009157854907562619,0.10138932063012646,0.48116825955734405,0.33291580396088216,0.6895800121961464,0.6335056420088746,0.567216391804098,1.0,2000,0.646842602893272,1.0,0.5791577895262896,1.0,1.0,1.0
morph_prs_nu_1_2gram_psalm,Trust,15,864,0.017064846416382253,0.020324343308386984,0.006432829147687983,0.071434170039288,0.540354938271605,0.25839823051615385,0.8997326932860509,0.29599279820832475,0.2843578210894553,0.7591204397801099,2000,0.5316907671519907,1.0,0.5107909008458734,1.0,1.0,1.0
morph_prs_nu_1_2gram_psalm,Wisdom,36,1269,0.027586206896551724,0.04003292654566984,0.010256520055722012,0.11158426185505423,0.5590359863409509,0.30518120477655103,0.8330457668019902,0.11327201696553824,0.1584207896051974,0.5717141429285357,2000,0.2017520219838441,1.0,0.28915366877964527,1.0,1.0,1.0
morph_prs_nu_1gram,Hymn,136,2261,0.05673758865248227,0.0638544985460475,0.03552093457951702,0.11733021730834246,0.536429742175508,0.4463453083019509,0.653285889127006,0.07650672589553364,0.16241879060469766,0.7901049475262368,2000,0.22488340642020496,1.0,0.508213635117925,1.0,1.0,1.0
morph_prs_nu_1gram,Lament,1711,5369,0.24166666666666667,0.25796853781519635,0.19320378444773628,0.3373013797478468,0.5219332272993032,0.47034800904700647,0.5939366337646924,0.0031035787928685955,0.13543228385807096,0.9120439780109945,2000,0.0031359077386276437,0.016172103329061722,0.13684303681492588,0.7057094518354879,0.9215444361152757,1.0
morph_prs_nu_1gram,Praise,820,4469,0.15503875968992248,0.20772681631278622,0.1384277100388046,0.29013465933661325,0.6003059013584094,0.5167765353528454,0.677693618468536,2.9715913721035317e-20,0.0004997501249375312,0.29735132433783107,2000,9.608145436468086e-20,4.954990189450373e-19,0.0016158587372980177,0.008333100538278824,0.9366768228788832,1.0
morph_prs_nu_1gram,Royal,45,1400,0.031141868512110725,0.03731634366124576,0.015970300353806793,0.0879748937380851,0.5865714285714285,0.4687993939237276,0.7189370068993378,0.023891146823115047,0.0769615192403798,0.37031484257871067,2000,0.07022549217703514,0.3621579493018624,0.23328960519740127,1.0,1.0,1.0
morph_prs_nu_1gram,Thanksgiving,28,1136,0.024054982817869417,0.024810047182913072,0.009735524624103927,0.0658790340355672,0.48997107645875254,0.32486142083163755,0.7341826122320926,0.5721361474771982,0.4992503748125937,1.0,2000,0.5903958117583854,1.0,0.5151838974129956,1.0,1.0,1.0
morph_prs_nu_1gram,Trust,15,864,0.017064846416382253,0.028099527206532568,0.006877147510875464,0.14305400401708976,0.6057870370370371,0.25233489228868144,0.92427066129861,0.07989066155320684,0.11394302848575712,0.26936531734132935,2000,0.27676407752360943,1.0,0.3596588802373007,1.0,0.9293973702803769,1.0
morph_prs_nu_1gram,Wisdom,36,1269,0.027586206896551724,0.04042413879467244,0.010364934327472883,0.18461860082741027,0.5513527712109272,0.2941017036994799,0.8198863749217057,0.14642385217563508,0.1809095452273863,0.6506746626686657,2000,0.2328379288694525,1.0,0.29408629018823923,1.0,1.0,1.0
morph_prs_nu_1gram_psalm,Hymn,136,2261,0.05673758865248227,0.06085154926287621,0.03405432137889744,0.1050136517452035,0.5185140619715378,0.4371338037945335,0.6179670651610965,0.2338616255867606,0.2768615692153923,0.9410294852573713,2000,0.5041017262647951,1.0,0.6202694107491709,1.0,1.0,1.0
morph_prs_nu_1gram_psalm,Lament,1711,5369,0.24166666666666667,0.2627180702513273,0.19933798351952592,0.34357385236399013,0.5242894382856146,0.47186320765613726,0.5986076839841006,0.0012202596337371396,0.11644177911044477,0.8985507246376812,2000,0.0012459493102368688,0.006425450831899103,0.11889318498645414,0.6131407659217787,0.9174675819984744,1.0
morph_prs_nu_1gram_psalm,Praise,820,4469,0.15503875968992248,0.20427758324258108,0.13660809237889193,0.277626881147547,0.6090103095034083,0.5291396387825221,0.6934242086917842,1.4084501516618804e-23,0.0004997501249375312,0.2463768115942029,2000,4.711022921075944e-23,2.429508640409169e-22,0.0016158587372980177,0.008333100538278824,0.8558479380999154,1.0
morph_prs_nu_1gram_psalm,Royal,45,1400,0.031141868512110725,0.061033785753610674,0.02512889580766867,0.3815556940663712,0.6219365079365079,0.4854473942069878,0.7386987189343659,0.0026522806949337645,0.02948525737131434,0.18590704647676162,2000,0.020497031315942355,0.1057046750123772,0.2255176759446364,1.0,1.0,1.0
morph_prs_nu_1gram_psalm,Thanksgiving,28,1136,0.024054982817869417,0.026042716032011047,0.0091049665290009,0.09377799646596886,0.47286846076458755,0.34268703230711456,0.7011739935172259,0.6884228846328109,0.6201899050474763,1.0,2000,0.695593956347736,1.0,0.6266502165583876,1.0,1.0,1.0
morph_prs_nu_1gram_psalm,Trust,15,864,0.017064846416382253,0.023845628958519,0.006594641924368281,0.10799076102916812,0.5560956790123457,0.24814487667855295,0.915984449970497,0.22807045456553676,0.2178910544727636,0.6086956521739131,2000,0.4600895363516611,1.0,0.45946591921430585,1.0,1.0,1.0
morph_prs_nu_1gram_psalm,Wisdom,36,1269,0.027586206896551724,0.03852261136140948,0.010245017750811826,0.11109835743988579,0.5555993345591455,0.2951119764641336,0.8296312207596992,0.12737265305400525,0.16991504247876063,0.6146926536731634,2000,0.21301978183169842,1.0,0.28915366877964527,1.0,1.0,1.0
morph_prs_nu_sp_plus,Hymn,136,2261,0.05673758865248227,0.06442100706442604,0.03573766206536384,0.11191659819792021,0.5621699144053907,0.4577619845220987,0.656210892407383,0.007370523340454624,0.06746626686656672,0.585207396301849,2000,0.04290902453740345,0.22128494726436546,0.4120439780109945,1.0,1.0,1.0
morph_prs_nu_sp_plus,Lament,1711,5369,0.24166666666666667,0.31533036336511383,0.23357217403084335,0.4084780914773061,0.5990812029009535,0.5346079301643067,0.6633173333453927,2.0850951730335492e-35,0.0004997501249375312,0.30884557721139433,2000,4.494538484094539e-35,2.3178660483497106e-34,0.0008976992984988986,0.0046295002990437905,0.6539654700951412,1.0
morph_prs_nu_sp_plus,Praise,820,4469,0.15503875968992248,0.222961414385782,0.1516916011428095,0.32998510140088466,0.6101053872476518,0.5305273280189151,0.6906399833439351,5.144577425916031e-24,0.0004997501249375312,0.248375812093953,2000,1.8482370752365002e-23,9.531492457239228e-23,0.0016158587372980177,0.008333100538278824,0.8558479380999154,1.0
morph_prs_nu_sp_plus,Royal,45,1400,0.031141868512110725,0.03940645963442618,0.016407617178235162,0.12032411687603206,0.5784920634920635,0.447954920351165,0.7263970263232853,0.03636171791261353,0.10594702648675662,0.45827086456771615,2000,0.09043811891085929,0.4663959292859965,0.2635092710055229,1.0,1.0,1.0
morph_prs_nu_sp_plus,Thanksgiving,28,1136,0.024054982817869417,0.03637445743308844,0.012506682798773183,0.09148165261311257,0.6308161468812877,0.42412275412161826,0.8226272173259763,0.008952379125003223,0.037481259370314844,0.1619190404797601,2000,0.01736761550250625,0.08956605101171182,0.07659170414792604,0.39498896551441626,0.3141229385307346,1.0
morph_prs_nu_sp_plus,Trust,15,864,0.017064846416382253,0.04204593426250686,0.006343080117414104,0.152404646624171,0.6621913580246913,0.21767326380834162,0.9289810202475424,0.015555903628730706,0.038980509745127435,0.06946526736631684,2000,0.13717478654426168,0.7074203092169473,0.33187252527582367,1.0,0.6125573576847939,1.0
morph_prs_nu_sp_plus,Wisdom,36,1269,0.027586206896551724,0.03620989161414692,0.011636050664024705,0.11337846573589982,0.5461211802819368,0.3195579353658093,0.7296153238536397,0.17240351732067466,0.2273863068465767,0.7486256871564217,2000,0.249599122091126,1.0,0.32435987888408735,1.0,1.0,1.0
morph_prs_nu_sp_plus_psalm,Hymn,136,2261,0.05673758865248227,0.05955353981681681,0.03400546334136835,0.10420135728871588,0.5380069984650206,0.4398366483287434,0.6398141798191039,0.06800187748347672,0.1774112943528236,0.8250874562718641,2000,0.2061306911217888,1.0,0.5377779860069966,1.0,1.0,1.0
morph_prs_nu_sp_plus_psalm,Lament,1711,5369,0.24166666666666667,0.31232600931139676,0.2294163652004084,0.40814855709135317,0.5973988170939106,0.5388492177191758,0.669744218365334,2.7791864152177685e-34,0.0004997501249375312,0.30684657671164417,2000,5.860458310350512e-34,3.022280795548004e-33,0.0008976992984988986,0.0046295002990437905,0.6539654700951412,1.0
morph_prs_nu_sp_plus_psalm,Praise,820,4469,0.15503875968992248,0.2296210339579067,0.15655666876239763,0.34259377967667026,0.6185219042837106,0.5424220391295541,0.6945111877475302,1.6086084093423922e-27,0.0004997501249375312,0.19940029985007496,2000,6.784131117661393e-27,3.498625552062213e-26,0.0016158587372980177,0.008333100538278824,0.8409490906720553,1.0
morph_prs_nu_sp_plus_psalm,Royal,45,1400,0.031141868512110725,0.04485980274013537,0.019616452843581832,0.1092849994396997,0.6383650793650794,0.5221262459209819,0.7706940325032909,0.0007792170289612992,0.017491254372813594,0.1294352823588206,2000,0.010797721687035147,0.055684632774815696,0.2255176759446364,1.0,1.0,1.0
morph_prs_nu_sp_plus_psalm,Thanksgiving,28,1136,0.024054982817869417,0.032989812704995417,0.011981366555751488,0.07768848034107308,0.6018926056338029,0.4350844103685612,0.7836394316513816,0.03258829429559663,0.07296351824087956,0.2813593203398301,2000,0.056447581190587015,0.291104264467064,0.1310640975808392,0.6759070436603934,0.4962155285993367,1.0
morph_prs_nu_sp_plus_psalm,Trust,15,864,0.017064846416382253,0.03918747620392391,0.0070200070479097,0.14976225875496765,0.6424382716049383,0.2588476492486535,0.9154426401331548,0.029175972274511457,0.0544727636181909,0.11644177911044477,2000,0.1619978440229203,0.8354346144668165,0.33187252527582367,1.0,0.7295602198900549,1.0
morph_prs_nu_sp_plus_psalm,Wisdom,36,1269,0.027586206896551724,0.03710778007266632,0.010653356510759984,0.14873077842337484,0.5477847824183522,0.28975020436477245,0.7246730394642049,0.16384092809969641,0.22638680659670166,0.7301349325337332,2000,0.2407965155404629,1.0,0.32435987888408735,1.0,1.0,1.0
morph_prs_ps_1_2_3gram,Hymn,136,2261,0.05673758865248227,0.06956351455789886,0.03739937671489573,0.13761269820564417,0.5431973098837058,0.450112068729201,0.6785621722280739,0.04509087876636887,0.14392803598200898,0.7746126936531734,2000,0.16747137477357832,0.8636620089733832,0.508213635117925,1.0,1.0,1.0
morph_prs_ps_1_2_3gram,Lament,1711,5369,0.24166666666666667,0.2805161430821274,0.20773053067789152,0.3752807151892139,0.5807926731363318,0.5194497673525661,0.6525000873477727,3.365423720730609e-24,0.0009995002498750624,0.4217891054472764,2000,5.6283810501873976e-24,2.902596871641304e-23,0.0016158587372980177,0.008333100538278824,0.6883558220889554,1.0
morph_prs_ps_1_2_3gram,Praise,820,4469,0.15503875968992248,0.21577339066756518,0.14572553454658904,0.3141876520638143,0.6163724082978131,0.5291712787196143,0.7012462001704831,1.335591823638947e-26,0.0004997501249375312,0.2223888055972014,2000,5.398016953874077e-26,2.783796438739687e-25,0.0016158587372980177,0.008333100538278824,0.8558479380999154,1.0
morph_prs_ps_1_2_3gram,Royal,45,1400,0.031141868512110725,0.030668375670516928,0.013532466546136464,0.0613831306352632,0.4975873015873016,0.38584693036566725,0.6342726199319335,0.5220695976708185,0.4912543728135932,1.0,2000,0.5820775974030965,1.0,0.5477203926772246,1.0,1.0,1.0
morph_prs_ps_1_2_3gram,Thanksgiving,28,1136,0.024054982817869417,0.031993592430768325,0.009193335023642711,0.12971660587892178,0.5449572434607646,0.3503488790646254,0.771897807322734,0.20797319403065595,0.22288855572213892,0.760119940029985,2000,0.2923681133474439,1.0,0.31301492111087315,1.0,1.0,1.0
morph_prs_ps_1_2_3gram,Trust,15,864,0.017064846416382253,0.01466693787022625,0.006975902040335461,0.03490333228710729,0.4303240740740741,0.27098002199909565,0.6598260811180889,0.8229786669202914,0.769615192403798,1.0,2000,0.8514343491987992,1.0,0.8027169211093377,1.0,1.0,1.0
morph_prs_ps_1_2_3gram,Wisdom,36,1269,0.027586206896551724,0.045177252222360145,0.014182799585925925,0.11960471025766484,0.5966640399264512,0.30681560153904275,0.8288349856047638,0.023838531094798453,0.07746126936531735,0.3153423288355822,2000,0.08811452986439312,0.45441301228532877,0.28249668269313616,1.0,1.0,1.0
morph_prs_ps_1_2_3gram_psalm,Hymn,136,2261,0.05673758865248227,0.05971879247042346,0.035246104632737356,0.1032852764192093,0.5412590732887582,0.4640708061858279,0.6446559160890959,0.05278730718561304,0.15992003998001,0.7996001999000499,2000,0.176564441276016,0.9105556115000338,0.508213635117925,1.0,1.0,1.0
morph_prs_ps_1_2_3gram_psalm,Lament,1711,5369,0.24166666666666667,0.2740526547669966,0.20370534204766047,0.366861651683148,0.5708859190022946,0.5099717178160255,0.6412698915207752,4.59578996034586e-19,0.0034982508745627187,0.5157421289355323,2000,6.278755297937302e-19,3.23799958160034e-18,0.00477930049059977,0.02464719877519089,0.6883558220889554,1.0
morph_prs_ps_1_2_3gram_psalm,Praise,820,4469,0.15503875968992248,0.21863287754069444,0.14841937832111518,0.3145809814571711,0.6273100873769982,0.5471652098702411,0.704782454443693,1.8883135670257952e-31,0.0004997501249375312,0.18340829585207397,2000,1.0774495058911892e-30,5.556485137137449e-30,0.0016158587372980177,0.008333100538278824,0.8409490906720553,1.0
morph_prs_ps_1_2_3gram_psalm,Royal,45,1400,0.031141868512110725,0.03127795681416882,0.013751944848570044,0.06634840517641688,0.5041746031746032,0.39186443077160943,0.6451193510607756,0.4620493713129924,0.43728135932033985,0.9985007496251874,2000,0.5272798707924736,1.0,0.49901519828321134,1.0,1.0,1.0
morph_prs_ps_1_2_3gram_psalm,Thanksgiving,28,1136,0.024054982817869417,0.027990212323445555,0.009882641584872153,0.08129615458203841,0.5219756036217303,0.3830930398732969,0.8048055950261646,0.345503186869783,0.3193403298350825,0.9525237381309345,2000,0.4258732886516041,1.0,0.40228587005198707,1.0,1.0,1.0
morph_prs_ps_1_2_3gram_psalm,Trust,15,864,0.017064846416382253,0.014008466420261599,0.006412137291146405,0.02901423452240314,0.4057098765432099,0.1967698564261744,0.5714285714285714,0.8950780094233188,0.88055972013993,1.0,2000,0.8982125911955101,1.0,0.8830584707646177,1.0,1.0,1.0
morph_prs_ps_1_2_3gram_psalm,Wisdom,36,1269,0.027586206896551724,0.05140174626843412,0.013129082217313928,0.12909568503859614,0.606120304701865,0.30661717211026157,0.8524641145257112,0.014853460262722712,0.06146926536731634,0.2723638180909545,2000,0.07583082344653175,0.39106504862985175,0.28249668269313616,1.0,1.0,1.0
morph_prs_ps_1_2gram,Hymn,136,2261,0.05673758865248227,0.07925828676360529,0.040157189774260874,0.1507007570192127,0.5865442152093036,0.4949520737179174,0.6894794720550252,0.0003433794435413784,0.026486756621689155,0.3798100949525237,2000,0.006661561204702741,0.034354153602257374,0.4120439780109945,1.0,1.0,1.0
morph_prs_ps_1_2gram,Lament,1711,5369,0.24166666666666667,0.29067807018100267,0.21614333596346352,0.39466201926378014,0.5880015139839407,0.519946373735587,0.6623576289289006,2.3829060427407528e-28,0.0009995002498750624,0.3663168415792104,2000,4.202579748106418e-28,2.1673008136630414e-27,0.0016158587372980177,0.008333100538278824,0.6580135857996927,1.0
morph_prs_ps_1_2gram,Praise,820,4469,0.15503875968992248,0.21788647335888509,0.14675730749463875,0.30515019841012664,0.6288491450589153,0.5367617932835792,0.7131972172776982,3.624731458572677e-32,0.0004997501249375312,0.17091454272863568,2000,2.1974934467596854e-31,1.1332632860393414e-30,0.0016158587372980177,0.008333100538278824,0.8409490906720553,1.0
morph_prs_ps_1_2gram,Royal,45,1400,0.031141868512110725,0.030287743671890507,0.012799037483277077,0.07518038350967952,0.48298412698412696,0.36743908891913496,0.6175196898830934,0.6514560083305942,0.5937031484257871,1.0,2000,0.6794756215921252,1.0,0.6192387677129176,1.0,1.0,1.0
morph_prs_ps_1_2gram,Thanksgiving,28,1136,0.024054982817869417,0.030278416334703347,0.010763064049274153,0.1479295176662228,0.5162852112676056,0.35674149637814645,0.7722928483973155,0.3841919380583097,0.35132433783108447,0.9710144927536232,2000,0.44290289007807504,1.0,0.4062730539492158,1.0,1.0,1.0
morph_prs_ps_1_2gram,Trust,15,864,0.017064846416382253,0.016383773454668342,0.007029091958551913,0.04762458269038591,0.4700617283950617,0.2751200246004937,0.7402181560499701,0.6548723774701839,0.5922038980509745,1.0,2000,0.7746661050561932,1.0,0.7005338794017625,1.0,1.0,1.0
morph_prs_ps_1_2gram,Wisdom,36,1269,0.027586206896551724,0.041367401469162984,0.012658152203142857,0.1285546634515072,0.5798966815515278,0.3114004016773096,0.8198850362745054,0.05084608867331915,0.10844577711144428,0.4207896051974013,2000,0.13015070011151653,0.6711965867574571,0.28314251964926623,1.0,1.0,1.0
morph_prs_ps_1_2gram_psalm,Hymn,136,2261,0.05673758865248227,0.06471075186039546,0.03686965897139414,0.11009586525474496,0.5668659104508676,0.48674656754686696,0.6614418163319897,0.004359379140330727,0.054972513743128434,0.5252373813093453,2000,0.04070405623336656,0.20991376602362016,0.4120439780109945,1.0,1.0,1.0
morph_prs_ps_1_2gram_psalm,Lament,1711,5369,0.24166666666666667,0.2869386767773736,0.2113110184463144,0.3935195878393151,0.5830359993551308,0.5160002246503449,0.656827838595714,1.874772703010127e-25,0.0014992503748125937,0.40729635182408797,2000,3.1904026700347775e-25,1.6453137637173091e-24,0.0022723013493253373,0.011718422631954595,0.6883558220889554,1.0
morph_prs_ps_1_2gram_psalm,Praise,820,4469,0.15503875968992248,0.22183713171755515,0.14895607584341597,0.3143189244770199,0.6397617189418705,0.5540365063454856,0.7188930316278325,1.7108944431926408e-37,0.0004997501249375312,0.13543228385807096,2000,1.843964010996513e-36,9.509455955473065e-36,0.0016158587372980177,0.008333100538278824,0.8409490906720553,1.0
morph_prs_ps_1_2gram_psalm,Royal,45,1400,0.031141868512110725,0.030467469289572405,0.013343525343869747,0.068240058899253,0.49004761904761907,0.38614376769533304,0.6335416876964797,0.5900779770222218,0.5387306346826587,1.0,2000,0.6504268610358581,1.0,0.5938280859570215,1.0,1.0,1.0
morph_prs_ps_1_2gram_psalm,Thanksgiving,28,1136,0.024054982817869417,0.026763139321579674,0.009803117804245226,0.07927172160221642,0.5058161468812877,0.3792650453920786,0.8298240600486954,0.4581911128102724,0.40729635182408797,0.9955022488755623,2000,0.4993768308156902,1.0,0.4489516605333697,1.0,1.0,1.0
morph_prs_ps_1_2gram_psalm,Trust,15,864,0.017064846416382253,0.015597761605525309,0.006469757637783423,0.04527987742409264,0.453858024691358,0.21996700958588694,0.7091007735974465,0.7303655105745204,0.670664667666167,1.0,2000,0.8237843549503311,1.0,0.7592657159792197,1.0,1.0,1.0
morph_prs_ps_1_2gram_psalm,Wisdom,36,1269,0.027586206896551724,0.04741339281967326,0.013040911259615234,0.135694875271207,0.5915200070046406,0.308359223532865,0.8497608678856379,0.0304070750925471,0.08195902048975512,0.34632683658170915,2000,0.10452501044615006,0.5390430491893726,0.28249668269313616,1.0,1.0,1.0
morph_prs_ps_1gram,Hymn,136,2261,0.05673758865248227,0.07266859230505748,0.03838666955255557,0.13742091727918615,0.5619845461404376,0.4729824680003667,0.672716599913891,0.007520138320988234,0.057971014492753624,0.553223388305847,2000,0.04290902453740345,0.22128494726436546,0.4120439780109945,1.0,1.0,1.0
morph_prs_ps_1gram,Lament,1711,5369,0.24166666666666667,0.2960647858784473,0.2187403204736889,0.40231694836061904,0.5897628211568914,0.5217145262217885,0.6631193725102971,2.0426831156796754e-29,0.0004997501249375312,0.34782608695652173,2000,3.66926411520238e-29,1.892266079187641e-28,0.0008976992984988986,0.0046295002990437905,0.6539654700951412,1.0
morph_prs_ps_1gram,Praise,820,4469,0.15503875968992248,0.23192337762834303,0.15780889743923984,0.3314574259302829,0.6448799043819483,0.5507872547562375,0.7310075006678687,3.872679724218598e-40,0.0004997501249375312,0.11694152923538231,2000,6.260832220820067e-39,3.228756520921472e-38,0.0016158587372980177,0.008333100538278824,0.8409490906720553,1.0
morph_prs_ps_1gram,Royal,45,1400,0.031141868512110725,0.030802703471223845,0.013020312341250536,0.06858714288941782,0.48768253968253966,0.36453570835421506,0.641751488678471,0.6109606885794241,0.5487256371814093,1.0,2000,0.6604104157143593,1.0,0.5980492899617608,1.0,1.0,1.0
morph_prs_ps_1gram,Thanksgiving,28,1136,0.024054982817869417,0.031147665787862912,0.01152453284741606,0.14179031888439045,0.5236104124748491,0.3755289709827251,0.849637946627101,0.33466019265402014,0.303848075962019,0.9240379810094953,2000,0.4258732886516041,1.0,0.3878060969515243,1.0,1.0,1.0
morph_prs_ps_1gram,Trust,15,864,0.017064846416382253,0.0159438993477357,0.0067831200985221845,0.044923102927837154,0.4575617283950617,0.2631034482758621,0.7542314393816298,0.7138550333163292,0.6586706646676662,1.0,2000,0.8237843549503311,1.0,0.7592657159792197,1.0,1.0,1.0
morph_prs_ps_1gram,Wisdom,36,1269,0.027586206896551724,0.039235984488277614,0.012775941196689141,0.13050248406562884,0.5734830575256107,0.31402690475459283,0.7971352615478645,0.06612323186007933,0.12443778110944528,0.4622688655672164,2000,0.15643789001043157,0.8067615289397057,0.28314251964926623,1.0,1.0,1.0
morph_prs_ps_1gram_psalm,Hymn,136,2261,0.05673758865248227,0.063017096400209,0.036421419561059355,0.10792553327611483,0.5423485183547103,0.464766506496348,0.6405533089514649,0.048342252511960754,0.13343328335832083,0.7481259370314842,2000,0.16747137477357832,0.8636620089733832,0.508213635117925,1.0,1.0,1.0
morph_prs_ps_1gram_psalm,Lament,1711,5369,0.24166666666666667,0.2951943222063257,0.21971954198031127,0.39909340456778947,0.5907497192304372,0.5215189495081243,0.6641528636968007,5.050011225658138e-30,0.0009995002498750624,0.3503248375812094,2000,9.242473375261121e-30,4.766410459072908e-29,0.0016158587372980177,0.008333100538278824,0.6539654700951412,1.0
morph_prs_ps_1gram_psalm,Praise,820,4469,0.15503875968992248,0.23411254447746094,0.15964131632941317,0.33543629508470585,0.6545003793067691,0.5653759026839402,0.7365389235194164,2.2979454058756782e-45,0.0004997501249375312,0.0944527736131934,2000,7.430023478998027e-44,3.831716920737457e-43,0.0016158587372980177,0.008333100538278824,0.8409490906720553,1.0
morph_prs_ps_1gram_psalm,Royal,45,1400,0.031141868512110725,0.031155929761607883,0.012998600235022827,0.07012009485319884,0.4866984126984127,0.3812104790535513,0.6473715848666711,0.6195602869072856,0.56071964017991,1.0,2000,0.6604104157143593,1.0,0.5992882679539351,1.0,1.0,1.0
morph_prs_ps_1gram_psalm,Thanksgiving,28,1136,0.024054982817869417,0.027549013922641127,0.010651529703784099,0.0817254432427175,0.50971453722334,0.39137379388361543,0.8542406895366246,0.43032154965121544,0.3873063468265867,0.9895052473763118,2000,0.47978379673756205,1.0,0.4318243177261944,1.0,1.0,1.0
morph_prs_ps_1gram_psalm,Trust,15,864,0.017064846416382253,0.01607827626864791,0.0066445124904257555,0.05888603492634387,0.4540895061728395,0.24860492724726427,0.7243212981999507,0.7293477497549683,0.6731634182908546,1.0,2000,0.8237843549503311,1.0,0.7592657159792197,1.0,1.0,1.0
morph_prs_ps_1gram_psalm,Wisdom,36,1269,0.027586206896551724,0.04106544202402787,0.012822313922604694,0.124526659650218,0.5810568251466597,0.32359546452547505,0.8293713481152379,0.048409582226845944,0.10444777611194403,0.40879560219890054,2000,0.13015070011151653,0.6711965867574571,0.28314251964926623,1.0,1.0,1.0
morph_prs_ps_sp_plus,Hymn,136,2261,0.05673758865248227,0.07199709400602412,0.038584162106209234,0.12608984049065913,0.5915784270364493,0.48753080493369877,0.6810732045594626,0.00016389317954787675,0.01999000499750125,0.3618190904547726,2000,0.006661561204702741,0.034354153602257374,0.4120439780109945,1.0,1.0,1.0
morph_prs_ps_sp_plus,Lament,1711,5369,0.24166666666666667,0.3615721067753962,0.2642615786054538,0.46854762450572507,0.6466866796736335,0.576786772586838,0.7138798442267941,3.9667758338146673e-75,0.0004997501249375312,0.11144427786106946,2000,2.2633956228236633e-74,1.1672495155380152e-73,0.0008976992984988986,0.0046295002990437905,0.5296425861143502,1.0
morph_prs_ps_sp_plus,Praise,820,4469,0.15503875968992248,0.24366391522507783,0.1636491069646171,0.36393657441902355,0.632386794666783,0.5486764282926206,0.7101778929237271,7.576358509929172e-34,0.0004997501249375312,0.1584207896051974,2000,5.653129042024075e-33,2.9153595902710515e-32,0.0016158587372980177,0.008333100538278824,0.8409490906720553,1.0
morph_prs_ps_sp_plus,Royal,45,1400,0.031141868512110725,0.035447735756931525,0.01528421588986848,0.08348823827880145,0.523015873015873,0.3634282207758377,0.7009432582062015,0.2994152053086224,0.3218390804597701,0.953023488255872,2000,0.3702723808275693,1.0,0.3988512073077386,1.0,1.0,1.0
morph_prs_ps_sp_plus,Thanksgiving,28,1136,0.024054982817869417,0.037143761134185854,0.012961169736919452,0.08067955554086118,0.6475414989939637,0.44358961145635734,0.8162820432165782,0.003788918120230395,0.02348825587206397,0.1089455272363818,2000,0.00948780519254424,0.04892929854083725,0.06904123695727894,0.3560506593628225,0.2935476706091399,1.0
morph_prs_ps_sp_plus,Trust,15,864,0.017064846416382253,0.02463360793625977,0.0061640897385183534,0.1143172298140159,0.5669753086419753,0.18841982437439525,0.8748564439208353,0.18677351175022683,0.19140429785107446,0.5442278860569715,2000,0.40976414410282713,1.0,0.428741184963074,1.0,1.0,1.0
morph_prs_ps_sp_plus,Wisdom,36,1269,0.027586206896551724,0.038331765115154695,0.013105406004796745,0.09279986983645185,0.5680325715786708,0.3210779483016759,0.744928851869639,0.08171437979370771,0.1374312843578211,0.5342328835582209,2000,0.17231075739107932,0.8886190556285062,0.28915366877964527,1.0,1.0,1.0
morph_prs_ps_sp_plus_psalm,Hymn,136,2261,0.05673758865248227,0.06476655225340758,0.03637594106631649,0.11612518136916197,0.5670675390899393,0.46504654511244703,0.67324529413586,0.004259224383115876,0.059470264867566215,0.5507246376811594,2000,0.04070405623336656,0.20991376602362016,0.4120439780109945,1.0,1.0,1.0
morph_prs_ps_sp_plus_psalm,Lament,1711,5369,0.24166666666666667,0.3537123410945969,0.26155348262451006,0.4640634871760466,0.6449342987793096,0.5781826163963872,0.7130719149172796,2.143776626848391e-73,0.0004997501249375312,0.11944027986006997,2000,1.1552574044682998e-72,5.957746105407154e-72,0.0008976992984988986,0.0046295002990437905,0.5296425861143502,1.0
morph_prs_ps_sp_plus_psalm,Praise,820,4469,0.15503875968992248,0.24953060983408212,0.16912734823632014,0.3737194254045121,0.639525129755661,0.5558710655778812,0.7120072505961378,2.2554079198343748e-37,0.0004997501249375312,0.13493253373313344,2000,2.1877456822393434e-36,1.1282362932771333e-35,0.0016158587372980177,0.008333100538278824,0.8409490906720553,1.0
morph_prs_ps_sp_plus_psalm,Royal,45,1400,0.031141868512110725,0.03656487500894616,0.01641971180895749,0.07616186586604816,0.5574285714285714,0.41596283067028333,0.7115560658047606,0.09460165379813024,0.16691654172913542,0.6361819090454772,2000,0.16098877927050234,0.830230794456168,0.2791535266849334,1.0,1.0,1.0
morph_prs_ps_sp_plus_psalm,Thanksgiving,28,1136,0.024054982817869417,0.03355015937591366,0.013131766968078109,0.06935359977364874,0.6170145875251509,0.4383875141848339,0.7850641790659749,0.017097542018240996,0.05247376311844078,0.2143928035982009,2000,0.03129172784470522,0.16137370682688293,0.09788375043247607,0.5047935902995826,0.39512319312042093,1.0
morph_prs_ps_sp_plus_psalm,Trust,15,864,0.017064846416382253,0.023199666701366833,0.006192353984246841,0.06346975904724571,0.5864969135802469,0.2427909183424189,0.8514583729383489,0.12520238257646293,0.1519240379810095,0.392303848075962,2000,0.3283109478581771,1.0,0.3977498430272044,1.0,1.0,1.0
morph_prs_ps_sp_plus_psalm,Wisdom,36,1269,0.027586206896551724,0.038176832309597196,0.01297518594330814,0.09040075082398907,0.575890902723054,0.3087149193495807,0.7377753152689674,0.0600166238509718,0.12443778110944528,0.48225887056471767,2000,0.1455403128386066,0.7505619341977048,0.28314251964926623,1.0,1.0,1.0
morph_ps_1_2_3gram,Hymn,136,2261,0.05673758865248227,0.06923922025517425,0.03584529203969395,0.14493091125738577,0.5328166870463356,0.42362256076985483,0.6654041542265516,0.09900560432318367,0.22138930534732634,0.9025487256371814,2000,0.2595552329553734,1.0,0.554363843719166,1.0,1.0,1.0
morph_ps_1_2_3gram,Lament,1711,5369,0.24166666666666667,0.2755676224084336,0.20436084369559446,0.349131192924624,0.5606773042507919,0.5088125581476445,0.6185843010429836,1.854876004825942e-14,0.013493253373313344,0.6231884057971014,2000,2.2212712650384737e-14,1.1455256791387155e-13,0.01576922382182403,0.08132302934946804,0.7413244597213587,1.0
morph_ps_1_2_3gram,Praise,820,4469,0.15503875968992248,0.2191298263744916,0.14825619954166602,0.3216608242604583,0.5789784913960127,0.5028040623666719,0.6721981722963798,2.9922049220794424e-13,0.004497751124437781,0.4642678660669665,2000,7.637996774781735e-13,3.938970255638552e-12,0.011186714335140121,0.05769069603423801,1.0,1.0
morph_ps_1_2_3gram,Royal,45,1400,0.031141868512110725,0.04057792325390511,0.01770846059047542,0.17967688239613602,0.5256984126984127,0.40134752071747265,0.7300260505357626,0.2784607522210123,0.3103448275862069,0.9455272363818091,2000,0.3554038548083973,1.0,0.39095387371249446,1.0,1.0,1.0
morph_ps_1_2_3gram,Thanksgiving,28,1136,0.024054982817869417,0.029947327295346007,0.011245272415222865,0.08728141043585776,0.5362173038229376,0.3623473950890979,0.7900377511135392,0.2561454432540393,0.271864067966017,0.8790604697651174,2000,0.33575821615732176,1.0,0.3563623593608601,1.0,1.0,1.0
morph_ps_1_2_3gram,Trust,15,864,0.017064846416382253,0.02616872851290633,0.009430428353732897,0.066627658485174,0.642824074074074,0.4654896586929933,0.8451725841278012,0.028836623979419763,0.07446276861569215,0.13243378310844578,2000,0.1619978440229203,0.8354346144668165,0.33187252527582367,1.0,0.7295602198900549,1.0
morph_ps_1_2_3gram,Wisdom,36,1269,0.027586206896551724,0.029067792968474993,0.010876565763190795,0.08343241963998015,0.48857368006304175,0.3308121267277951,0.6994302153073999,0.592634632716625,0.5472263868065967,1.0,2000,0.6459051615001419,1.0,0.5964152755083133,1.0,1.0,1.0
morph_ps_1_2_3gram_psalm,Hymn,136,2261,0.05673758865248227,0.05671765254127854,0.03220803306598329,0.10961745041601251,0.47933631656997167,0.39858913483946035,0.5976037333248009,0.7912135943415245,0.6756621689155422,1.0,2000,0.9999999999997398,1.0,0.9778253730277717,1.0,1.0,1.0
morph_ps_1_2_3gram_psalm,Lament,1711,5369,0.24166666666666667,0.2797711698072777,0.20798941261308604,0.3594957330742002,0.560233602888805,0.5085473246252248,0.6223176291612674,2.836341323253553e-14,0.013493253373313344,0.638680659670165,2000,3.355184248238959e-14,1.7302928170427143e-13,0.01576922382182403,0.08132302934946804,0.7464099275663374,1.0
morph_ps_1_2_3gram_psalm,Praise,820,4469,0.15503875968992248,0.21424115217547512,0.1461652772139947,0.31183745987504935,0.5824244524611278,0.5078643820430516,0.6692777707992309,2.845073448376963e-14,0.00399800099950025,0.431784107946027,2000,7.884917842644725e-14,4.0663092386836995e-13,0.010481245863554709,0.05405254403207886,1.0,1.0
morph_ps_1_2_3gram_psalm,Royal,45,1400,0.031141868512110725,0.03821219868553678,0.016149225710782724,0.14242532567012015,0.5368730158730158,0.38737540926839076,0.7365949985524203,0.19963357247576863,0.2368815592203898,0.8650674662668666,2000,0.2727388243683036,1.0,0.33300740933880885,1.0,1.0,1.0
morph_ps_1_2_3gram_psalm,Thanksgiving,28,1136,0.024054982817869417,0.031659923852089634,0.011035192387935535,0.09761472429907629,0.5421592052313883,0.3458039621379129,0.7868231426857039,0.22278316205682125,0.24587706146926536,0.815592203898051,2000,0.308713810278738,1.0,0.3312510411460936,1.0,1.0,1.0
morph_ps_1_2_3gram_psalm,Trust,15,864,0.017064846416382253,0.0334996807542936,0.011605894638612897,0.1387257557776003,0.7069444444444445,0.42344517726750186,0.8569632676277513,0.0029744755399924157,0.01649175412293853,0.02348825587206397,2000,0.05599559226178425,0.28877332482552054,0.2989338664001333,1.0,0.455672163918041,1.0
morph_ps_1_2_3gram_psalm,Wisdom,36,1269,0.027586206896551724,0.026822923605954174,0.009873089167011502,0.05724252684912038,0.47055862008580684,0.33255913440374363,0.6755295154380225,0.726885790069496,0.6701649175412294,1.0,2000,0.7421886488078013,1.0,0.6842736526473606,1.0,1.0,1.0
morph_ps_1_2gram,Hymn,136,2261,0.05673758865248227,0.06871170916412778,0.03465331180423309,0.1239138235324228,0.5425729115175482,0.43757209671104347,0.6634175243210901,0.047464983906973436,0.14942528735632185,0.8010994502748626,2000,0.16747137477357832,0.8636620089733832,0.508213635117925,1.0,1.0,1.0
morph_ps_1_2gram,Lament,1711,5369,0.24166666666666667,0.28435175133780566,0.21026381470161273,0.36096274954593455,0.5701151021857517,0.5175419670640186,0.6272568351879805,1.0824518889662648e-18,0.0029985007496251873,0.5322338830584707,2000,1.4383264825990094e-18,7.417553842861655e-18,0.004215283662516568,0.021738523143336064,0.6883558220889554,1.0
morph_ps_1_2gram,Praise,820,4469,0.15503875968992248,0.21670186672698294,0.14717005267323857,0.32121460784109485,0.5800973099236475,0.5016960277260845,0.672638586362447,1.408728776654313e-13,0.004497751124437781,0.4397801099450275,2000,3.693153819877523e-13,1.904586172911963e-12,0.011186714335140121,0.05769069603423801,1.0,1.0
morph_ps_1_2gram,Royal,45,1400,0.031141868512110725,0.033288940117726526,0.014580114595240596,0.06768525320739983,0.5264603174603174,0.40055637513490167,0.6917136501372404,0.27264218677320706,0.30834582708645675,0.9330334832583708,2000,0.3554038548083973,1.0,0.39095387371249446,1.0,1.0,1.0
morph_ps_1_2gram,Thanksgiving,28,1136,0.024054982817869417,0.02697651063108647,0.010594730688021508,0.07202391334811356,0.5157193158953722,0.341676648000497,0.7768873100265026,0.3881107799653235,0.37631184407796103,0.9830084957521239,2000,0.44290289007807504,1.0,0.4244447543670026,1.0,1.0,1.0
morph_ps_1_2gram,Trust,15,864,0.017064846416382253,0.02568445411206324,0.008074821102259487,0.060488821265941795,0.6388117283950617,0.34475246681118166,0.7849095464386083,0.03253086523731515,0.07496251874062969,0.13943028485757122,2000,0.1619978440229203,0.8354346144668165,0.33187252527582367,1.0,0.7295602198900549,1.0
morph_ps_1_2gram,Wisdom,36,1269,0.027586206896551724,0.02918132067414913,0.011182971757709584,0.0841657449417598,0.47484896243761493,0.3200526702138707,0.6864671884963692,0.6969053295617458,0.6381809095452274,1.0,2000,0.7191469890158441,1.0,0.6585483853817773,1.0,1.0,1.0
morph_ps_1_2gram_psalm,Hymn,136,2261,0.05673758865248227,0.06173534079054082,0.03298494810775494,0.11060787658300486,0.5200067643156334,0.42186344349923366,0.628721100620088,0.21630219853429983,0.31334332833583206,0.968015992003998,2000,0.47684802858697917,1.0,0.6607457140994719,1.0,1.0,1.0
morph_ps_1_2gram_psalm,Lament,1711,5369,0.24166666666666667,0.2899648738016468,0.2134659197045132,0.3688276145245792,0.5697358442011683,0.518667458235769,0.6305932742612836,1.644400290192714e-18,0.004997501249375313,0.5237381309345327,2000,2.155497677685044e-18,1.1116057637693867e-17,0.006550778664721694,0.03378284002004929,0.6883558220889554,1.0
morph_ps_1_2gram_psalm,Praise,820,4469,0.15503875968992248,0.21059056370902976,0.14325726355167873,0.3089353697172171,0.5783696903874387,0.5040830735541776,0.668319700748522,4.4890107561791326e-13,0.00399800099950025,0.4452773613193403,2000,1.1164975470496818e-12,5.7578587134815515e-12,0.010481245863554709,0.05405254403207886,1.0,1.0
morph_ps_1_2gram_psalm,Royal,45,1400,0.031141868512110725,0.033704659163187434,0.01440275397090843,0.07140390868042279,0.5300317460317461,0.3974828042798657,0.7000771686738791,0.24619793277523766,0.2818590704647676,0.912543728135932,2000,0.327139718893124,1.0,0.37972680326503416,1.0,1.0,1.0
morph_ps_1_2gram_psalm,Thanksgiving,28,1136,0.024054982817869417,0.028623787244794502,0.010626564351439015,0.08246094255182776,0.5210638832997988,0.3455480045475239,0.7759354987965259,0.35160647890048,0.351824087956022,0.9635182408795602,2000,0.4258732886516041,1.0,0.4062730539492158,1.0,1.0,1.0
morph_ps_1_2gram_psalm,Trust,15,864,0.017064846416382253,0.03494734324932221,0.011184391050902562,0.13775206501689125,0.721141975308642,0.42319901411482713,0.8611118841723947,0.0016446545245281112,0.012993503248375811,0.015492253873063468,2000,0.0398828722198067,0.20567886059069582,0.2989338664001333,1.0,0.3999250374812594,1.0
morph_ps_1_2gram_psalm,Wisdom,36,1269,0.027586206896551724,0.027038064061542754,0.010519054403470942,0.06598730628748957,0.457556256019613,0.3204991112198154,0.6887460722036257,0.8077991692989825,0.7481259370314842,1.0,2000,0.8077991692989825,1.0,0.7481259370314842,1.0,1.0,1.0
morph_ps_1gram,Hymn,136,2261,0.05673758865248227,0.07617779399652273,0.03692711907454058,0.13305275462699226,0.5640691261024534,0.44561884906591437,0.67428080686166,0.005982418194974234,0.07646176911544228,0.5712143928035982,2000,0.04070405623336656,0.20991376602362016,0.4120439780109945,1.0,1.0,1.0
morph_ps_1gram,Lament,1711,5369,0.24166666666666667,0.2996875290040249,0.22369324997552117,0.3799892426431021,0.5771815580035572,0.5286962636475373,0.6349019149595545,2.9851980181308574e-22,0.0004997501249375312,0.4567716141929036,2000,4.826070129311553e-22,2.4888393189361006e-21,0.0008976992984988986,0.0046295002990437905,0.6883558220889554,1.0
morph_ps_1gram,Praise,820,4469,0.15503875968992248,0.19018692617222105,0.13219724955983445,0.27142409741545503,0.5458033389910986,0.474862098051911,0.6239878465350498,1.4827571349995353e-05,0.0399800099950025,0.7411294352823589,2000,2.3971240349159156e-05,0.00012362142261941296,0.0668631201640559,0.3448179533080893,1.0,1.0
morph_ps_1gram,Royal,45,1400,0.031141868512110725,0.031651216232462004,0.01334161737656132,0.06580142198504046,0.5074761904761905,0.3842271020816034,0.6760119851581513,0.43220474423109406,0.41629185407296354,0.9955022488755623,2000,0.4994231557191579,1.0,0.48475762118940524,1.0,1.0,1.0
morph_ps_1gram,Thanksgiving,28,1136,0.024054982817869417,0.024850099237304912,0.01044396122831999,0.06100009178115342,0.4970133299798793,0.32025005875525825,0.7616407436382733,0.5216700135344388,0.46976511744127936,1.0,2000,0.5500216447047886,1.0,0.4910125582370105,1.0,1.0,1.0
morph_ps_1gram,Trust,15,864,0.017064846416382253,0.03526072378407829,0.009082391669608954,0.17014361414900359,0.6742283950617284,0.43051029947857383,0.9112594040033942,0.010288456246988084,0.0384807596201899,0.06296851574212893,2000,0.0997980255957844,0.5146656459598767,0.33187252527582367,1.0,0.6125573576847939,1.0
morph_ps_1gram,Wisdom,36,1269,0.027586206896551724,0.02987951109974834,0.011136407401265558,0.07749590172138615,0.49717625426845286,0.3316714903221121,0.7421986305460949,0.523156489315096,0.4892553723138431,1.0,2000,0.597013876041933,1.0,0.5606079313284533,1.0,1.0,1.0
morph_ps_1gram_psalm,Hymn,136,2261,0.05673758865248227,0.0745798452390376,0.035831404059525576,0.1386703695226453,0.5497014595311809,0.4375804867463268,0.6608158563420147,0.02561319545365106,0.11944027986006997,0.7086456771614192,2000,0.11830856947638822,0.6101258613950609,0.508213635117925,1.0,1.0,1.0
morph_ps_1gram_psalm,Lament,1711,5369,0.24166666666666667,0.30258420729616453,0.22876927896667465,0.38579273261916947,0.5758061490956319,0.527276250795275,0.6371907156987167,1.5629736374436997e-21,0.0014992503748125937,0.4617691154422789,2000,2.332437582031367e-21,1.2028549539440727e-20,0.0022723013493253373,0.011718422631954595,0.6883558220889554,1.0
morph_ps_1gram_psalm,Praise,820,4469,0.15503875968992248,0.19476978712435655,0.13696047975375536,0.2787701867390226,0.5532642212750165,0.4807536082421749,0.6360238347647442,5.978672903700606e-07,0.02348825587206397,0.670664667666167,2000,1.0174232836122084e-06,5.246925561391215e-06,0.04219186702944824,0.2175865140550582,1.0,1.0
morph_ps_1gram_psalm,Royal,45,1400,0.031141868512110725,0.03156085533407299,0.013354320639301715,0.059716180508943825,0.5023809523809524,0.37901438192052395,0.6888852762618991,0.4783641281736193,0.4522738630684658,0.9985007496251874,2000,0.5395502375911753,1.0,0.5101228455539673,1.0,1.0,1.0
morph_ps_1gram_psalm,Thanksgiving,28,1136,0.024054982817869417,0.02639578830607902,0.010235444950909552,0.07177775089985974,0.50675930583501,0.32771369097018066,0.7780284639183757,0.45142425772468353,0.42278860569715143,0.9975012493753124,2000,0.49759264771925343,1.0,0.45944250097173633,1.0,1.0,1.0
morph_ps_1gram_psalm,Trust,15,864,0.017064846416382253,0.05275527795516993,0.009658809604449575,0.23964186761365658,0.7633487654320987,0.43902981531135515,0.9496018201350946,0.0002322678106384907,0.004497751124437781,0.005997001499250375,2000,0.015685882065353242,0.08089322987524598,0.2666166916541729,1.0,0.3150924537731134,1.0
morph_ps_1gram_psalm,Wisdom,36,1269,0.027586206896551724,0.028542123997586825,0.01092519021562991,0.08239724909476642,0.4766876805883898,0.32906298855004695,0.7353343961309659,0.6836210590852532,0.623688155922039,1.0,2000,0.7130241153899952,1.0,0.6505134529509439,1.0,1.0,1.0
morph_ps_sp_plus,Hymn,136,2261,0.05673758865248227,0.07502699994003804,0.037690116892777424,0.13480154072797507,0.5803815334183209,0.47175704499692417,0.6865817186784299,0.0008078221696780658,0.033483258370814596,0.440279860069965,2000,0.013059791743128732,0.06735029188656347,0.4120439780109945,1.0,1.0,1.0
morph_ps_sp_plus,Lament,1711,5369,0.24166666666666667,0.3392602809627383,0.24902969335051423,0.4305579116233647,0.6429512497824219,0.57874285618587,0.704190033313351,1.8494317023003783e-71,0.0004997501249375312,0.12143928035982009,2000,8.542613101101747e-71,4.40548744688748e-70,0.0008976992984988986,0.0046295002990437905,0.5296425861143502,1.0
morph_ps_sp_plus,Praise,820,4469,0.15503875968992248,0.20455267504550048,0.13988931302925903,0.30585335835704147,0.5679362982933924,0.4995219620939037,0.6478973809216193,2.931564497518618e-10,0.009495252373813094,0.5412293853073463,2000,6.319150139095687e-10,3.258831493749016e-09,0.021419522796741166,0.11046203039113792,1.0,1.0
morph_ps_sp_plus,Royal,45,1400,0.031141868512110725,0.039362382573657984,0.016590850646835787,0.10515223982439086,0.549063492063492,0.39158238843393367,0.701596184174542,0.13100147327438882,0.20539730134932535,0.7321339330334833,2000,0.19549450627101103,1.0,0.30260627262126516,1.0,1.0,1.0
morph_ps_sp_plus,Thanksgiving,28,1136,0.024054982817869417,0.03476168717844705,0.013923054480083661,0.09176901038717238,0.6382356639839034,0.39344784616086176,0.8112533212655128,0.006176781309041135,0.03798100949525238,0.1409295352323838,2000,0.013616995158567957,0.07022383025594572,0.07659170414792604,0.39498896551441626,0.29975828412324446,1.0
morph_ps_sp_plus,Trust,15,864,0.017064846416382253,0.03750579643887507,0.010309278350515464,0.14724813866528766,0.6774691358024691,0.37367518907305136,0.8675505207718559,0.00916853191916381,0.027486256871564217,0.050474762618690654,2000,0.0997980255957844,0.5146656459598767,0.33187252527582367,1.0,0.6120064967516242,1.0
morph_ps_sp_plus,Wisdom,36,1269,0.027586206896551724,0.03444222653224634,0.0130161762621349,0.12084470833486638,0.5372559320549865,0.4170781899536202,0.6963303036555843,0.222708443022282,0.27636181909045476,0.8520739630184908,2000,0.3086102710451622,1.0,0.37756473875738183,1.0,1.0,1.0
morph_ps_sp_plus_psalm,Hymn,136,2261,0.05673758865248227,0.07525030006558997,0.03484105277048257,0.14483392917324636,0.5607845305304785,0.4564260899198441,0.6825285667837615,0.00855501659292989,0.0814592703648176,0.6231884057971014,2000,0.04610203386189996,0.23775152760738702,0.41587101186248987,1.0,1.0,1.0
morph_ps_sp_plus_psalm,Lament,1711,5369,0.24166666666666667,0.3337333812569566,0.24737188995015277,0.4277719778240089,0.6374431915843916,0.5770096141880005,0.7027538527837424,3.1987068389276234e-66,0.0004997501249375312,0.13893053473263367,2000,1.3490198407651283e-65,6.956993022809887e-65,0.0008976992984988986,0.0046295002990437905,0.5296425861143502,1.0
morph_ps_sp_plus_psalm,Praise,820,4469,0.15503875968992248,0.2048924071941921,0.14068575870107847,0.3020875416148565,0.5721209524693144,0.5018053088359906,0.6484062889239437,2.422834676426014e-11,0.009995002498750625,0.527736131934033,2000,5.465464270077287e-11,2.818579508198981e-10,0.02154478316397357,0.111108007177051,1.0,1.0
morph_ps_sp_plus_psalm,Royal,45,1400,0.031141868512110725,0.039113610903551456,0.017240643307952504,0.09598970301384374,0.5729047619047619,0.43270784180397426,0.7176893458305355,0.047776374433013864,0.12043978010994502,0.5222388805597201,2000,0.1103406742857701,0.5690348488150155,0.26551496978783334,1.0,1.0,1.0
morph_ps_sp_plus_psalm,Thanksgiving,28,1136,0.024054982817869417,0.035136980034994,0.014591220970903913,0.08098177753918706,0.6340228873239436,0.3725833101258126,0.781442961283301,0.0076410011962942444,0.037481259370314844,0.15092453773113443,2000,0.015126063592664116,0.0780062054662281,0.07659170414792604,0.39498896551441626,0.29975828412324446,1.0
morph_ps_sp_plus_psalm,Trust,15,864,0.017064846416382253,0.04483212572431312,0.011765845854215001,0.12206326890213882,0.7566358024691358,0.4796141503247276,0.8839556286558758,0.0003234202487701699,0.005497251374312844,0.006496751624187906,2000,0.015685882065353242,0.08089322987524598,0.2666166916541729,1.0,0.3150924537731134,1.0
morph_ps_sp_plus_psalm,Wisdom,36,1269,0.027586206896551724,0.03431049257506058,0.012421078221642736,0.13373209457589333,0.5308641975308642,0.4031238195200682,0.6844654854059515,0.26365303446424426,0.3053473263368316,0.9035482258870565,2000,0.3551992269865513,1.0,0.4063995399560494,1.0,1.0,1.0
morph_signature_1_2_3gram,Hymn,136,2261,0.05673758865248227,0.042777874176668465,0.025230670162401984,0.07580404650071129,0.3913124073158675,0.2759639017995868,0.5049908996266016,0.9999899401645689,0.992503748125937,1.0,2000,0.9999999999997398,1.0,1.0,1.0,1.0,1.0
morph_signature_1_2_3gram,Lament,1711,5369,0.24166666666666667,0.3075086126933824,0.22257226409384986,0.3967114369614647,0.6157538585200077,0.5470319396936707,0.682237726722013,1.3922458638661706e-47,0.0004997501249375312,0.29685157421289354,2000,3.6499418593248256e-47,1.882301451888398e-46,0.0008976992984988986,0.0046295002990437905,0.6539654700951412,1.0
morph_signature_1_2_3gram,Praise,820,4469,0.15503875968992248,0.15062362407334862,0.10376198422318822,0.21273775695932165,0.4951083070911264,0.4331935522755383,0.5627252820342309,0.672205579555606,0.5392303848075962,1.0,2000,0.7326285529988066,1.0,0.5877005317565936,1.0,1.0,1.0
morph_signature_1_2_3gram,Royal,45,1400,0.031141868512110725,0.052724561934810774,0.020201766672823532,0.17488724026814656,0.591,0.46199429317131663,0.7839187468371864,0.018737094673926428,0.09495252373813093,0.4497751124437781,2000,0.060583272779028786,0.3124323255198683,0.2598839469154312,1.0,1.0,1.0
morph_signature_1_2_3gram,Thanksgiving,28,1136,0.024054982817869417,0.043066030584198986,0.01836366659667984,0.10564674105396012,0.7096013581488934,0.5433483838234824,0.8453804856619342,7.422417614113462e-05,0.0069965017491254375,0.03648175912043978,2000,0.0005511814495331054,0.0028424826550580537,0.039661987188224064,0.20453974048502566,0.1769365317341329,0.9124745089415311
morph_signature_1_2_3gram,Trust,15,864,0.017064846416382253,0.018107827854060767,0.008059124469095996,0.04084050120464782,0.517824074074074,0.2593534839895906,0.6950365879290574,0.40654631340519265,0.3938030984507746,0.9910044977511244,2000,0.6197931350541885,1.0,0.5906585168953985,1.0,1.0,1.0
morph_signature_1_2_3gram,Wisdom,36,1269,0.027586206896551724,0.05470760410185267,0.01965974443075497,0.1273238638942905,0.657188512389458,0.45776950852598913,0.8102480893365542,0.0006403599470006247,0.030484757621189407,0.13893053473263367,2000,0.0381357202248306,0.19666867121353798,0.28249668269313616,1.0,1.0,1.0
morph_signature_1_2_3gram_psalm,Hymn,136,2261,0.05673758865248227,0.03791884111444317,0.023242545352895983,0.06605345125895601,0.31594882535057367,0.22199305754948268,0.4106025483696406,0.9999999999997398,1.0,1.0,2000,0.9999999999997398,1.0,1.0,1.0,1.0,1.0
morph_signature_1_2_3gram_psalm,Lament,1711,5369,0.24166666666666667,0.30676266443107136,0.22319003118195768,0.39883739262598034,0.6189809259577163,0.5495432843226747,0.6862669065276447,3.7249313683791013e-50,0.0004997501249375312,0.2753623188405797,2000,1.0323381220936366e-49,5.323842463660631e-49,0.0008976992984988986,0.0046295002990437905,0.6539654700951412,1.0
morph_signature_1_2_3gram_psalm,Praise,820,4469,0.15503875968992248,0.15273301821222984,0.10549528099656168,0.2167407570272557,0.4987783047443363,0.43737810298203983,0.5683645682043765,0.5443505305329243,0.4917541229385307,1.0,2000,0.6139767611824843,1.0,0.554652906105087,1.0,1.0,1.0
morph_signature_1_2_3gram_psalm,Royal,45,1400,0.031141868512110725,0.05398407306404716,0.019752864877080126,0.15504122338339457,0.6152063492063492,0.4987989695724938,0.7901917086452888,0.004218711001888837,0.05347326336831584,0.2993503248375812,2000,0.024643542794403707,0.1270885350216528,0.2255176759446364,1.0,1.0,1.0
morph_signature_1_2_3gram_psalm,Thanksgiving,28,1136,0.024054982817869417,0.040438340113119496,0.01715424014924137,0.08373742591357093,0.7069290744466801,0.558653344840172,0.8095999892443121,9.009611998172079e-05,0.006496751624187906,0.035982008995502246,2000,0.0005511814495331054,0.0028424826550580537,0.039661987188224064,0.20453974048502566,0.1769365317341329,0.9124745089415311
morph_signature_1_2_3gram_psalm,Trust,15,864,0.017064846416382253,0.01828136416415797,0.008678724307995003,0.040620124681883536,0.5328703703703703,0.33755940834490555,0.6825965587584397,0.3312508139796998,0.33383308345827084,0.9390304847576212,2000,0.5634660213963731,1.0,0.5488442219568181,1.0,1.0,1.0
morph_signature_1_2_3gram_psalm,Wisdom,36,1269,0.027586206896551724,0.05273856303267601,0.0191366542808308,0.12055596662358324,0.6514753524209789,0.47531644397905226,0.8015343811133403,0.0009571567109005971,0.03298350824587706,0.1504247876061969,2000,0.0381357202248306,0.19666867121353798,0.28249668269313616,1.0,1.0,1.0
morph_signature_1_2gram,Hymn,136,2261,0.05673758865248227,0.04725790667266444,0.027616385313293794,0.08420461792591619,0.44024637718864634,0.32978759485537223,0.5488187086453399,0.9904614969528259,0.8995502248875562,1.0,2000,0.9999999999997398,1.0,1.0,1.0,1.0,1.0
morph_signature_1_2gram,Lament,1711,5369,0.24166666666666667,0.3116648147636461,0.22431261714433842,0.40240433541458753,0.6150839521947705,0.548842048749995,0.6803794355563667,4.66633953152546e-47,0.0004997501249375312,0.28785607196401797,2000,1.191144564626236e-46,6.142818789501717e-46,0.0008976992984988986,0.0046295002990437905,0.6539654700951412,1.0
morph_signature_1_2gram,Praise,820,4469,0.15503875968992248,0.15341490711731426,0.10755264272266789,0.21407797094804545,0.5007580677731145,0.44317858844405517,0.5643914177640463,0.47245331948211133,0.4767616191904048,1.0,2000,0.5455710951162476,1.0,0.5440691418996384,1.0,1.0,1.0
morph_signature_1_2gram,Royal,45,1400,0.031141868512110725,0.048614524862215215,0.016778895512780057,0.12002557641243988,0.574,0.4379688629443308,0.7990889723949863,0.045337275825630664,0.13193403298350825,0.5807096451774113,2000,0.10994289387715435,0.5669834664381775,0.2671113422880397,1.0,1.0,1.0
morph_signature_1_2gram,Thanksgiving,28,1136,0.024054982817869417,0.04196645055441344,0.016049919950923412,0.1154286400676956,0.700547032193159,0.5301327422493919,0.8466472850351674,0.00014184184050429076,0.00849575212393803,0.04247876061969016,2000,0.0006879329264458101,0.0035477199258464784,0.039661987188224064,0.20453974048502566,0.1797642845244045,0.9270574348835192
morph_signature_1_2gram,Trust,15,864,0.017064846416382253,0.020115191109177054,0.008287492596055955,0.048495057761199105,0.5483796296296296,0.2806570103901592,0.7510024387004202,0.26022880923275704,0.28235882058970513,0.8145927036481759,2000,0.4762678206712723,1.0,0.5107909008458734,1.0,1.0,1.0
morph_signature_1_2gram,Wisdom,36,1269,0.027586206896551724,0.047403004660126646,0.017672957312662656,0.10418916324797978,0.6322563698450223,0.44185872349680316,0.7907426627184972,0.0033697043391070227,0.05147426286856572,0.2048975512243878,2000,0.04679511196395139,0.24132578157647566,0.28249668269313616,1.0,1.0,1.0
morph_signature_1_2gram_psalm,Hymn,136,2261,0.05673758865248227,0.043706924768841665,0.02611329541352431,0.0753203934503067,0.39784907771158,0.2894659936156696,0.5107153308321359,0.9999692713316529,0.9900049975012494,1.0,2000,0.9999999999997398,1.0,1.0,1.0,1.0,1.0
morph_signature_1_2gram_psalm,Lament,1711,5369,0.24166666666666667,0.30969363603250405,0.22674958006044374,0.39954334251063844,0.6178073380324022,0.5527274330840657,0.6831887834974375,3.2719382343530263e-49,0.0004997501249375312,0.26286856571714146,2000,8.816055798117878e-49,4.5465038261722034e-48,0.0008976992984988986,0.0046295002990437905,0.6539654700951412,1.0
morph_signature_1_2gram_psalm,Praise,820,4469,0.15503875968992248,0.15443882131367054,0.10693886752537268,0.21814012189290677,0.5015963630211375,0.443158011650237,0.5676868772501872,0.4421439802248646,0.4567716141929036,1.0,2000,0.5167224829133961,1.0,0.5338174286350801,1.0,1.0,1.0
morph_signature_1_2gram_psalm,Royal,45,1400,0.031141868512110725,0.050718230981340665,0.018001794027539014,0.11097857372406379,0.6015238095238096,0.4779702036745774,0.796636618755017,0.01013829378220846,0.06896551724137931,0.3538230884557721,2000,0.04097560403642587,0.21131415771109263,0.23328960519740127,1.0,1.0,1.0
morph_signature_1_2gram_psalm,Thanksgiving,28,1136,0.024054982817869417,0.042315362028868694,0.01713423402248999,0.10715828978174959,0.7130281690140845,0.5597462146868626,0.8170207545885828,5.7704510060487975e-05,0.0074962518740629685,0.02798600699650175,2000,0.0005511814495331054,0.0028424826550580537,0.039661987188224064,0.20453974048502566,0.1769365317341329,0.9124745089415311
morph_signature_1_2gram_psalm,Trust,15,864,0.017064846416382253,0.021098796858697883,0.009566318775319996,0.04923925067648561,0.5881172839506172,0.3890900217324178,0.74150275219906,0.12081791816638288,0.15892053973013492,0.44877561219390305,2000,0.3283109478581771,1.0,0.3977498430272044,1.0,1.0,1.0
morph_signature_1_2gram_psalm,Wisdom,36,1269,0.027586206896551724,0.046439938490474564,0.01749000853472681,0.10602604031006399,0.6252298397688468,0.454038453370569,0.7738691924735579,0.005151453691048634,0.059470264867566215,0.22588705647176413,2000,0.04679511196395139,0.24132578157647566,0.28249668269313616,1.0,1.0,1.0
morph_signature_1gram,Hymn,136,2261,0.05673758865248227,0.062033288045872166,0.03134479866089949,0.12079662124165731,0.5383549704711607,0.39703333980427824,0.6625162786756562,0.06622775494571975,0.2028985507246377,0.8775612193903048,2000,0.2061306911217888,1.0,0.554363843719166,1.0,1.0,1.0
morph_signature_1gram,Lament,1711,5369,0.24166666666666667,0.30550172247333457,0.22198663424929765,0.39597479484911313,0.6018425798512773,0.5384016269275496,0.664404106593767,2.7022839470778435e-37,0.0014992503748125937,0.3268365817091454,2000,6.095849834105833e-37,3.1436739091930595e-36,0.0022723013493253373,0.011718422631954595,0.6539654700951412,1.0
morph_signature_1gram,Praise,820,4469,0.15503875968992248,0.16134704894140084,0.11262437092454931,0.22703317685490518,0.5135202397000475,0.46109451756398445,0.5727250651592084,0.10884517851700792,0.3313343328335832,0.9940029985007496,2000,0.1336453457740477,0.6892187275420085,0.40682823145389335,1.0,1.0,1.0
morph_signature_1gram,Royal,45,1400,0.031141868512110725,0.04894097540621236,0.016269679939831982,0.12385198315819543,0.553031746031746,0.40094711021961016,0.7979768854026874,0.11267871575710348,0.19590204897551225,0.7476261869065467,2000,0.17917762997441045,0.9240320148802127,0.2991863443278361,1.0,1.0,1.0
morph_signature_1gram,Thanksgiving,28,1136,0.024054982817869417,0.04379264797449167,0.018106280393419112,0.13870865406671345,0.7050113179074446,0.5198402562793569,0.8431962425701841,0.00010339742711736134,0.00849575212393803,0.028985507246376812,2000,0.0005899735547284735,0.0030425363511039295,0.039661987188224064,0.20453974048502566,0.1769365317341329,0.9124745089415311
morph_signature_1gram,Trust,15,864,0.017064846416382253,0.028511964025145706,0.009221576243591193,0.07370727773603707,0.6255401234567901,0.3268613015571337,0.8441911069381476,0.04761791783528567,0.08445777111444278,0.21189405297351324,2000,0.20082339260968304,1.0,0.33187252527582367,1.0,0.8221489255372314,1.0
morph_signature_1gram,Wisdom,36,1269,0.027586206896551724,0.03789919231911463,0.015310813588921016,0.08418622334091701,0.5856755100253919,0.4015606761008829,0.7402541616381916,0.03962094837060014,0.12143928035982009,0.44227886056971516,2000,0.12397522554671656,0.6393492171624436,0.28314251964926623,1.0,1.0,1.0
morph_signature_1gram_psalm,Hymn,136,2261,0.05673758865248227,0.06097715824210427,0.031221238187814478,0.11961477560219186,0.517681530816661,0.39129560420526344,0.6414499951513204,0.24398828319280774,0.3343328335832084,0.9880059970014993,2000,0.5086843891223918,1.0,0.6900060607993875,1.0,1.0,1.0
morph_signature_1gram_psalm,Lament,1711,5369,0.24166666666666667,0.3014442775697537,0.22177227094922536,0.38606301312823993,0.6009231731527148,0.5410070945900357,0.663276781412019,1.1636794240342837e-36,0.0009995002498750624,0.3168415792103948,2000,2.5653841848028527e-36,1.3229872041302023e-35,0.0016158587372980177,0.008333100538278824,0.6539654700951412,1.0
morph_signature_1gram_psalm,Praise,820,4469,0.15503875968992248,0.16477374656072855,0.1147409348976449,0.23281428502099213,0.5213759830594502,0.4704310717170294,0.5784381799013301,0.025651363321509437,0.24037981009495252,0.9780109945027486,2000,0.03273924002876863,0.1688386319974792,0.3028161244053298,1.0,1.0,1.0
morph_signature_1gram_psalm,Royal,45,1400,0.031141868512110725,0.05556471004454515,0.017904894673572255,0.1864857382378413,0.5722063492063492,0.4310515826682156,0.8093021026036838,0.04938585111683599,0.12493753123438281,0.5462268865567217,2000,0.11140529205425792,0.5745251597530135,0.2671113422880397,1.0,1.0,1.0
morph_signature_1gram_psalm,Thanksgiving,28,1136,0.024054982817869417,0.0434662095061827,0.01735151495702361,0.10901853871486791,0.7080923038229376,0.5527755007642228,0.8204403189470775,8.283043410878134e-05,0.004997501249375313,0.022988505747126436,2000,0.0005511814495331054,0.0028424826550580537,0.039661987188224064,0.20453974048502566,0.1769365317341329,0.9124745089415311
morph_signature_1gram_psalm,Trust,15,864,0.017064846416382253,0.024813050867596304,0.009870972669861087,0.055776374566842465,0.6416666666666667,0.41263596310269235,0.7721014236397958,0.029864624450809986,0.06196901549225387,0.13693153423288357,2000,0.1619978440229203,0.8354346144668165,0.33187252527582367,1.0,0.7295602198900549,1.0
morph_signature_1gram_psalm,Wisdom,36,1269,0.027586206896551724,0.0384074554928629,0.01547590415849993,0.0895382919265718,0.5844059189212854,0.425006904029472,0.7474459168908096,0.0418964652886422,0.11394302848575712,0.4397801099450275,2000,0.1250491129690494,0.6448873323766835,0.28314251964926623,1.0,1.0,1.0
morph_st_1_2_3gram,Hymn,136,2261,0.05673758865248227,0.0519560862860106,0.03001309661381779,0.09750986386780451,0.4605360720139449,0.38771394574925644,0.590789217527109,0.9392030179740056,0.8055972013993004,1.0,2000,0.9999999999997398,1.0,1.0,1.0,1.0,1.0
morph_st_1_2_3gram,Lament,1711,5369,0.24166666666666667,0.3548125928629789,0.25586210901929635,0.45678312997718024,0.6651142198993094,0.5947606487945822,0.7367041218544044,1.329681780541046e-94,0.0004997501249375312,0.09095452273863068,2000,1.8425590387497352e-93,9.502210411840045e-93,0.0008976992984988986,0.0046295002990437905,0.5296425861143502,1.0
morph_st_1_2_3gram,Praise,820,4469,0.15503875968992248,0.14457399679355962,0.10179450183628595,0.20636415913470507,0.47348481954275795,0.41290131980828576,0.5529378351233234,0.9921868580097569,0.8135932033983009,1.0,2000,0.9999792570902503,1.0,0.8485864594584428,1.0,1.0,1.0
morph_st_1_2_3gram,Royal,45,1400,0.031141868512110725,0.029039118513470727,0.013391218620213224,0.056988882645467545,0.4793015873015873,0.3668257077390829,0.6277624016143051,0.6820563142101481,0.6166916541729135,1.0,2000,0.7038240689189826,1.0,0.6363733027103469,1.0,1.0,1.0
morph_st_1_2_3gram,Thanksgiving,28,1136,0.024054982817869417,0.041969941798917824,0.017590336144021532,0.10666066617446607,0.6967115191146881,0.5165946489939856,0.8353529540331668,0.0001851906194472857,0.010994502748625687,0.041979010494752625,2000,0.0008165222766539416,0.004210864518069997,0.042658670664667664,0.21999385421056095,0.1797642845244045,0.9270574348835192
morph_st_1_2_3gram,Trust,15,864,0.017064846416382253,0.01793390285354127,0.007151093248550533,0.04496475286487113,0.4962191358024691,0.2534246575342466,0.7481621100233876,0.5202476894924271,0.46476761619190404,1.0,2000,0.6912880257639099,1.0,0.6275287014027233,1.0,1.0,1.0
morph_st_1_2_3gram,Wisdom,36,1269,0.027586206896551724,0.04747553688082771,0.013850037700998448,0.14363206641159582,0.5601961299360827,0.3577663269134821,0.8659346810374693,0.10877325400567495,0.16591704147926037,0.6461769115442278,2000,0.2017520219838441,1.0,0.28915366877964527,1.0,1.0,1.0
morph_st_1_2_3gram_psalm,Hymn,136,2261,0.05673758865248227,0.04679182959784345,0.026969276846235866,0.08503785295051519,0.4150883263522127,0.36167281293686077,0.5223920115103713,0.9995671702439716,0.9870064967516242,1.0,2000,0.9999999999997398,1.0,1.0,1.0,1.0,1.0
morph_st_1_2_3gram_psalm,Lament,1711,5369,0.24166666666666667,0.34948466188797234,0.25216225386932883,0.4513288640936585,0.6668602870843606,0.5943086710970703,0.7332135592611196,1.4443726634030895e-96,0.0004997501249375312,0.08545727136431784,2000,2.8020829670019934e-95,1.445054480422673e-94,0.0008976992984988986,0.0046295002990437905,0.5296425861143502,1.0
morph_st_1_2_3gram_psalm,Praise,820,4469,0.15503875968992248,0.14714294956986027,0.102685809880689,0.20779772771207164,0.4898916110441033,0.4274032551340342,0.5680605626321672,0.8216425716851834,0.6286856571714143,1.0,2000,0.8662970592767695,1.0,0.6628533559307304,1.0,1.0,1.0
morph_st_1_2_3gram_psalm,Royal,45,1400,0.031141868512110725,0.03125609431519478,0.01408803501077231,0.06787546824496267,0.4868095238095238,0.36607789445619937,0.6813036350220114,0.6185922302409717,0.5622188905547226,1.0,2000,0.6604104157143593,1.0,0.5992882679539351,1.0,1.0,1.0
morph_st_1_2_3gram_psalm,Thanksgiving,28,1136,0.024054982817869417,0.036032457758020366,0.014768817027826084,0.09190572621781813,0.6474157444668008,0.4437258199108069,0.7983617725443578,0.0038146845619507768,0.038980509745127435,0.13343328335832083,2000,0.00948780519254424,0.04892929854083725,0.07659170414792604,0.39498896551441626,0.29975828412324446,1.0
morph_st_1_2_3gram_psalm,Trust,15,864,0.017064846416382253,0.015350208190052995,0.007131203883519253,0.03575364774636077,0.43973765432098766,0.2906128838057539,0.7183847930572387,0.788617455560492,0.751624187906047,1.0,2000,0.8336610538548805,1.0,0.7940540599265585,1.0,1.0,1.0
morph_st_1_2_3gram_psalm,Wisdom,36,1269,0.027586206896551724,0.04420143759694592,0.015367291590682454,0.14337155410286714,0.5550520970142719,0.3373276481775315,0.8352241921148081,0.12972604340029764,0.18190904547726136,0.6721639180409795,2000,0.21327841033608258,1.0,0.29408629018823923,1.0,1.0,1.0
morph_st_1_2gram,Hymn,136,2261,0.05673758865248227,0.05650220184695223,0.031775889815457446,0.10566299678179651,0.493209667768036,0.41245562504076666,0.6115093348008075,0.6050454140136756,0.5167416291854073,1.0,2000,0.9999999999997398,1.0,0.8876079201778421,1.0,1.0,1.0
morph_st_1_2gram,Lament,1711,5369,0.24166666666666667,0.34414397426985216,0.25150850044070155,0.44404528272791055,0.6535113639691199,0.5830453615970658,0.7266025249043584,4.4970112084643474e-82,0.0004997501249375312,0.11644177911044477,2000,3.115786337293155e-81,1.6068335805069045e-80,0.0008976992984988986,0.0046295002990437905,0.5296425861143502,1.0
morph_st_1_2gram,Praise,820,4469,0.15503875968992248,0.15984801729316223,0.11033378039601618,0.23061883017782878,0.5070016209224523,0.442708965421899,0.596133307967268,0.26161998993988533,0.3743128435782109,0.9970014992503748,2000,0.3132980126440602,1.0,0.4538543228385806,1.0,1.0,1.0
morph_st_1_2gram,Royal,45,1400,0.031141868512110725,0.02946780930991734,0.013593575536299538,0.05677460932955444,0.4841587301587302,0.3850611104421561,0.6384287898089052,0.641472208857226,0.5727136431784108,1.0,2000,0.6763348289038144,1.0,0.6038393846554984,1.0,1.0,1.0
morph_st_1_2gram,Thanksgiving,28,1136,0.024054982817869417,0.049026419892793695,0.01944443191069081,0.16254290418537695,0.718624245472837,0.5419290797944845,0.869923011921304,3.7952968758898186e-05,0.005997001499250375,0.022988505747126436,2000,0.000525919709944732,0.002712206034396436,0.039661987188224064,0.20453974048502566,0.1769365317341329,0.9124745089415311
morph_st_1_2gram,Trust,15,864,0.017064846416382253,0.017201819511851985,0.00746838446508586,0.043023299264237716,0.4767746913580247,0.2798527011075586,0.6990409393280536,0.6214409253899109,0.56071964017991,1.0,2000,0.7441946884298933,1.0,0.6714790752771762,1.0,1.0,1.0
morph_st_1_2gram,Wisdom,36,1269,0.027586206896551724,0.0728632986973322,0.019328503251100956,0.45749550891348617,0.5401891252955082,0.337668083672617,0.8389835491295504,0.20520467839282053,0.23338330834582707,0.8170914542728636,2000,0.28847614208845784,1.0,0.32808957839920616,1.0,1.0,1.0
morph_st_1_2gram_psalm,Hymn,136,2261,0.05673758865248227,0.0508104720204152,0.030729519979167088,0.08864069329265759,0.45574251372375574,0.3945480999572911,0.5735634144684125,0.9587317745958482,0.8645677161419291,1.0,2000,0.9999999999997398,1.0,1.0,1.0,1.0,1.0
morph_st_1_2gram_psalm,Lament,1711,5369,0.24166666666666667,0.3456666988499638,0.2516688888852707,0.4517285722883639,0.6561430921652419,0.5824057733958607,0.7262430271834986,7.775016933171524e-85,0.0004997501249375312,0.10494752623688156,2000,6.85615129561489e-84,3.5357668794454946e-83,0.0008976992984988986,0.0046295002990437905,0.5296425861143502,1.0
morph_st_1_2gram_psalm,Praise,820,4469,0.15503875968992248,0.16164848985877964,0.11251196260978284,0.23008980876762097,0.5210921851890258,0.4526283250351932,0.6081144845487826,0.02723602890069734,0.19440279860069964,0.9470264867566217,2000,0.03431032212165769,0.176940816137552,0.24811936137194562,1.0,1.0,1.0
morph_st_1_2gram_psalm,Royal,45,1400,0.031141868512110725,0.03075588963843489,0.012450021256479848,0.07391988603248399,0.4744285714285714,0.367369530313798,0.6768581290086516,0.7206856789013668,0.6376811594202898,1.0,2000,0.7358580089835008,1.0,0.6511060259344013,1.0,1.0,1.0
morph_st_1_2gram_psalm,Thanksgiving,28,1136,0.024054982817869417,0.03884786607058589,0.014418023894648413,0.12077913742282738,0.650591046277666,0.4637023794863222,0.8075815877104786,0.0032099970489859247,0.03498250874562719,0.12043978010994502,2000,0.008649158715323187,0.04460433791807739,0.07659170414792604,0.39498896551441626,0.29975828412324446,1.0
morph_st_1_2gram_psalm,Trust,15,864,0.017064846416382253,0.01513061029076013,0.00729479433275702,0.03480348068818178,0.43919753086419755,0.3095676582952436,0.7603595682362945,0.7906888345840104,0.7531234382808596,1.0,2000,0.8336610538548805,1.0,0.7940540599265585,1.0,1.0,1.0
morph_st_1_2gram_psalm,Wisdom,36,1269,0.027586206896551724,0.03935992363919664,0.013135831175083658,0.1158666994114192,0.534191401803695,0.30291255450383214,0.8026256038861088,0.24187258578073872,0.2588705647176412,0.8495752123938031,2000,0.33044564536241766,1.0,0.35872063968015994,1.0,1.0,1.0
morph_st_1gram,Hymn,136,2261,0.05673758865248227,0.058209141739885395,0.03264424512699718,0.112075727756428,0.5073496891016469,0.4252133893836581,0.5980735012460051,0.3865803996269994,0.35582208895552225,0.991504247876062,2000,0.7352607600748812,1.0,0.719057138097618,1.0,1.0,1.0
morph_st_1gram,Lament,1711,5369,0.24166666666666667,0.3116728537198481,0.23637734603657698,0.4052577729655537,0.6257164563239909,0.552704959699755,0.6980658186801894,9.456614377485752e-56,0.0004997501249375312,0.19490254872563717,2000,2.959005143922961e-55,1.525980383583899e-54,0.0008976992984988986,0.0046295002990437905,0.5845606608460475,1.0
morph_st_1gram,Praise,820,4469,0.15503875968992248,0.17293950491509413,0.11893761809477253,0.2502640659309879,0.5454949816895797,0.46755699821033886,0.6370778984538423,1.6770784618913844e-05,0.044977511244377814,0.7321339330334833,2000,2.666829685302693e-05,0.00013753033834661978,0.0727136431784108,0.37498952422254717,1.0,1.0
morph_st_1gram,Royal,45,1400,0.031141868512110725,0.028646712991301268,0.012979688113206538,0.05553775163659937,0.4589365079365079,0.3638277137768903,0.6042107080278659,0.826162917560963,0.7581209395302348,1.0,2000,0.8347687812855564,1.0,0.7660180326503415,1.0,1.0,1.0
morph_st_1gram,Thanksgiving,28,1136,0.024054982817869417,0.050746624878827945,0.021118802037217894,0.135250952325005,0.7531124245472837,0.5885779228214266,0.8740484456316633,2.3112179268993796e-06,0.001999000499750125,0.009995002498750625,2000,0.00012978062289758594,0.0006692880717620396,0.039661987188224064,0.20453974048502566,0.1769365317341329,0.9124745089415311
morph_st_1gram,Trust,15,864,0.017064846416382253,0.015057028908336843,0.007265857796937542,0.03145069292375706,0.4425154320987654,0.2704132189504827,0.6445994525491122,0.7777766502776147,0.7231384307846077,1.0,2000,0.8336610538548805,1.0,0.7881396380461455,1.0,1.0,1.0
morph_st_1gram,Wisdom,36,1269,0.027586206896551724,0.03642640271334957,0.01302472553594795,0.10342650144336767,0.5070484195779704,0.3249751546627895,0.7958577554024863,0.4426774720980388,0.4027986006996502,0.991504247876062,2000,0.5301199357223427,1.0,0.4883933033483258,1.0,1.0,1.0
morph_st_1gram_psalm,Hymn,136,2261,0.05673758865248227,0.05475183481572671,0.03139994046446433,0.09554478215819558,0.4832485625829279,0.40989556340010314,0.5746019061242438,0.7444652990429439,0.6131934032983508,1.0,2000,0.9999999999997398,1.0,0.9778253730277717,1.0,1.0,1.0
morph_st_1gram_psalm,Lament,1711,5369,0.24166666666666667,0.3099880420894003,0.2323999405799,0.410342411626277,0.6245315472648086,0.5542292800266896,0.6983807495508938,9.59870233267249e-55,0.0004997501249375312,0.19990004997501248,2000,2.909606644591348e-54,1.5005052197054798e-53,0.0008976992984988986,0.0046295002990437905,0.5845606608460475,1.0
morph_st_1gram_psalm,Praise,820,4469,0.15503875968992248,0.18018587103690814,0.1260823630767136,0.2601342898321114,0.5550949904218219,0.4746306151830639,0.6486528812965693,2.540043610280309e-07,0.01699150424787606,0.6456771614192903,2000,4.479713276312545e-07,2.310220581323626e-06,0.03296351824087956,0.169995250980888,1.0,1.0
morph_st_1gram_psalm,Royal,45,1400,0.031141868512110725,0.030827643831710626,0.01318970847527047,0.12228622214493641,0.45636507936507936,0.3647162319921947,0.6375870448446723,0.8408376915419655,0.775112443778111,1.0,2000,0.8408376915419655,1.0,0.775112443778111,1.0,1.0,1.0
morph_st_1gram_psalm,Thanksgiving,28,1136,0.024054982817869417,0.04076560953440562,0.0184255633850135,0.11159194007833048,0.7099786217303823,0.5373183631683546,0.8183131949225726,7.220814451769066e-05,0.005997001499250375,0.02848575712143928,2000,0.0005511814495331054,0.0028424826550580537,0.039661987188224064,0.20453974048502566,0.1769365317341329,0.9124745089415311
morph_st_1gram_psalm,Trust,15,864,0.017064846416382253,0.014512730786443755,0.006850319137602409,0.030138606222633417,0.42407407407407405,0.26095543199805743,0.6272222184853062,0.8437195599015246,0.8220889555222389,1.0,2000,0.861482076952083,1.0,0.8393960914279703,1.0,1.0,1.0
morph_st_1gram_psalm,Wisdom,36,1269,0.027586206896551724,0.06155193958868851,0.018271704683647548,0.4439128752856116,0.5078145521407933,0.3049804705602855,0.8048547903379308,0.4364874584438245,0.4012993503248376,0.9895052473763118,2000,0.5292410433631372,1.0,0.4883933033483258,1.0,1.0,1.0
morph_st_sp_plus,Hymn,136,2261,0.05673758865248227,0.06365934172971618,0.030543088652157158,0.1278479784420717,0.530940239873039,0.44092925834102187,0.6307233605079384,0.11244435342300657,0.22288855572213892,0.9015492253873063,2000,0.2796692892828625,1.0,0.554363843719166,1.0,1.0,1.0
morph_st_sp_plus,Lament,1711,5369,0.24166666666666667,0.37249010083518597,0.2727980457510966,0.4806546879039545,0.672829790344575,0.602949867163982,0.7453800633019982,1.947668540975073e-103,0.0004997501249375312,0.07446276861569215,2000,1.889238484745821e-101,9.742939695643025e-101,0.0008976992984988986,0.0046295002990437905,0.5296425861143502,1.0
morph_st_sp_plus,Praise,820,4469,0.15503875968992248,0.17649671713618398,0.12179471941848445,0.25461406844287204,0.5582828045778779,0.4864739435566114,0.6484186589056495,5.364837711929846e-08,0.022988505747126436,0.638680659670165,2000,9.818665246362171e-08,5.063556780121547e-07,0.04207330297115593,0.2169750706193354,1.0,1.0
morph_st_sp_plus,Royal,45,1400,0.031141868512110725,0.03932131680766489,0.016125453145451298,0.14068979792397898,0.5074444444444445,0.38406689759445334,0.6834232504701256,0.4324901554681368,0.4197901049475262,0.9955022488755623,2000,0.4994231557191579,1.0,0.48475762118940524,1.0,1.0,1.0
morph_st_sp_plus,Thanksgiving,28,1136,0.024054982817869417,0.04855045204790644,0.0167650731291579,0.14847476803921208,0.741008551307847,0.6060128906858181,0.8839974936585072,6.439711729076801e-06,0.0014992503748125937,0.015492253873063468,2000,0.00020821734590681658,0.0010737919331713663,0.039661987188224064,0.20453974048502566,0.1769365317341329,0.9124745089415311
morph_st_sp_plus,Trust,15,864,0.017064846416382253,0.02073737620426729,0.008166499683239715,0.050878335555474136,0.5548611111111111,0.3020256697248228,0.7824330107055725,0.23306072016357077,0.23138430784607697,0.6711644177911045,2000,0.4600895363516611,1.0,0.46758912210561393,1.0,1.0,1.0
morph_st_sp_plus,Wisdom,36,1269,0.027586206896551724,0.03977557606398748,0.014925556052435552,0.18000360908097698,0.5172489274144121,0.35750951119252283,0.7503102344518147,0.3619793615495885,0.3658170914542729,0.9760119940029985,2000,0.455999974939092,1.0,0.46083451780603213,1.0,1.0,1.0
morph_st_sp_plus_psalm,Hymn,136,2261,0.05673758865248227,0.05847625174390793,0.029769262762216434,0.11181072250242588,0.5083740926711242,0.42038644546927895,0.6191896603822059,0.3712943180255359,0.38130934532733635,0.9950024987506247,2000,0.7203109769695397,1.0,0.7252354215049338,1.0,1.0,1.0
morph_st_sp_plus_psalm,Lament,1711,5369,0.24166666666666667,0.35826419577766244,0.26507894314917196,0.46157981707493967,0.6669058981910025,0.6005277616074078,0.7387421458791447,1.2826195545741278e-96,0.0004997501249375312,0.08245877061469266,2000,2.8020829670019934e-95,1.445054480422673e-94,0.0008976992984988986,0.0046295002990437905,0.5296425861143502,1.0
morph_st_sp_plus_psalm,Praise,820,4469,0.15503875968992248,0.18018454843738044,0.12626673280386477,0.2598815548887105,0.5659306114206812,0.4937765365362409,0.6500081692652623,9.207817184344625e-10,0.01249375312343828,0.5697151424287856,2000,1.8607463893363096e-09,9.596003896050351e-09,0.025247792770281528,0.13020469591060663,1.0,1.0
morph_st_sp_plus_psalm,Royal,45,1400,0.031141868512110725,0.04089988063209397,0.016730967536473844,0.16665708754035094,0.5301111111111111,0.4107963969623525,0.6948643894547902,0.24562631338301677,0.2913543228385807,0.8935532233883059,2000,0.327139718893124,1.0,0.38714204541564834,1.0,1.0,1.0
morph_st_sp_plus_psalm,Thanksgiving,28,1136,0.024054982817869417,0.04227193301716796,0.01787448123472346,0.09281229165138509,0.7196302816901409,0.5657968146549402,0.831462113342288,3.5162783225978987e-05,0.0034982508745627187,0.02448775612193903,2000,0.000525919709944732,0.002712206034396436,0.039661987188224064,0.20453974048502566,0.1769365317341329,0.9124745089415311
morph_st_sp_plus_psalm,Trust,15,864,0.017064846416382253,0.021224785116230868,0.008943416144772853,0.05124376408532515,0.580787037037037,0.3243238775387125,0.771469806179685,0.1415323035531857,0.15992003998001,0.4287856071964018,2000,0.3520162421707439,1.0,0.3977498430272044,1.0,1.0,1.0
morph_st_sp_plus_psalm,Wisdom,36,1269,0.027586206896551724,0.03888868658295894,0.014701932179639256,0.13906638041557437,0.5216924962787847,0.33594928026364457,0.7343526992100342,0.32844422729379963,0.3268365817091454,0.9550224887556222,2000,0.4191985532565601,1.0,0.4227086456771614,1.0,1.0,1.0
morph_suffix_1_2_3gram,Hymn,136,2261,0.05673758865248227,0.06956869885524242,0.03779553307910695,0.1407797646463573,0.5438217082498634,0.4455074432894021,0.6837486580139994,0.042813283413822956,0.15542228885557222,0.7956021989005497,2000,0.16611553964563305,0.8566698690209821,0.508213635117925,1.0,1.0,1.0
morph_suffix_1_2_3gram,Lament,1711,5369,0.24166666666666667,0.276706082520834,0.20329224012966132,0.37007272953061526,0.5669004444524757,0.5056647356519033,0.6417307420099818,3.493387420373723e-17,0.0069965017491254375,0.5622188905547226,2000,4.40076077631495e-17,2.269504205254232e-16,0.008929745653489045,0.046051345079961926,0.7164339907968095,1.0
morph_suffix_1_2_3gram,Praise,820,4469,0.15503875968992248,0.22107430016854368,0.15169630169895393,0.31736579061874065,0.6304291351259899,0.548058677628833,0.7145753156772046,6.52499034053987e-33,0.0004997501249375312,0.17341329335332334,2000,4.2981547731055615e-32,2.2165895462658768e-31,0.0016158587372980177,0.008333100538278824,0.8409490906720553,1.0
morph_suffix_1_2_3gram,Royal,45,1400,0.031141868512110725,0.0332490397717147,0.01454576271652175,0.06536836403116932,0.5513174603174603,0.4259274858155007,0.6903557589499639,0.12035635417253204,0.19740129935032483,0.7166416791604198,2000,0.18829945733444528,0.9710739392325229,0.2991863443278361,1.0,1.0,1.0
morph_suffix_1_2_3gram,Thanksgiving,28,1136,0.024054982817869417,0.0668874756624602,0.019058786443937627,0.8381653156639384,0.5820233903420523,0.3718779581588685,0.8044621281244559,0.06885170086813656,0.11144427786106946,0.4367816091954023,2000,0.11514853421050425,0.5938293306604803,0.18638094745730582,0.9611800448462988,0.7304795877923107,1.0
morph_suffix_1_2_3gram,Trust,15,864,0.017064846416382253,0.015354197315839403,0.006729786842797409,0.03696191724776137,0.45015432098765434,0.2375595586322311,0.6503500475618638,0.7463844862291852,0.6866566716641679,1.0,2000,0.8321758064854134,1.0,0.7655827258784401,1.0,1.0,1.0
morph_suffix_1_2_3gram,Wisdom,36,1269,0.027586206896551724,0.04773507821253334,0.012401545252067887,0.1532498993602238,0.596073023377988,0.3099082284717837,0.8101767942480835,0.024526724807614583,0.07846076961519241,0.3363318340829585,2000,0.08811452986439312,0.45441301228532877,0.28249668269313616,1.0,1.0,1.0
morph_suffix_1_2_3gram_psalm,Hymn,136,2261,0.05673758865248227,0.06047251334059654,0.03568852182733583,0.1201457571181746,0.5340362151052371,0.4565813734069249,0.6748939201096912,0.09092559017636209,0.20689655172413793,0.8700649675162418,2000,0.24499395130853122,1.0,0.554363843719166,1.0,1.0,1.0
morph_suffix_1_2_3gram_psalm,Lament,1711,5369,0.24166666666666667,0.2707045517567141,0.20043955449247797,0.36076511997341154,0.5559242785961228,0.49938359873494964,0.6299437458855879,1.4997933052344717e-12,0.01649175412293853,0.6656671664167916,2000,1.7115288306793383e-12,8.826478138839482e-12,0.019044049403869494,0.09821154205828615,0.7579846440416155,1.0
morph_suffix_1_2_3gram_psalm,Praise,820,4469,0.15503875968992248,0.22913957089416975,0.15825102716788,0.3314355559821958,0.6462898886093359,0.5677053892664113,0.7259481345520293,6.96262946639193e-41,0.0004997501249375312,0.13193403298350825,2000,1.3507501164800344e-39,6.965916179988445e-39,0.0016158587372980177,0.008333100538278824,0.8409490906720553,1.0
morph_suffix_1_2_3gram_psalm,Royal,45,1400,0.031141868512110725,0.03526548650972181,0.014910042427276018,0.07235566004832374,0.562952380952381,0.4462463070364502,0.7112961774165525,0.07504082894887433,0.14992503748125938,0.6091954022988506,2000,0.1408449247144506,0.7263474775736936,0.27469598534066303,1.0,1.0,1.0
morph_suffix_1_2_3gram_psalm,Thanksgiving,28,1136,0.024054982817869417,0.030762625209521305,0.012300387432413254,0.13271546445473895,0.5658010563380281,0.40306023050901635,0.8042554007802025,0.11687352670090179,0.14392803598200898,0.5757121439280359,2000,0.18583933531278393,0.9583869117902492,0.22752333510664022,1.0,0.900710934855153,1.0
morph_suffix_1_2_3gram_psalm,Trust,15,864,0.017064846416382253,0.01474060217711601,0.006444093530603976,0.030957995273924843,0.4297067901234568,0.20887942464313577,0.6074809619178424,0.825101328089558,0.7831084457771115,1.0,2000,0.8514343491987992,1.0,0.8081012685146789,1.0,1.0,1.0
morph_suffix_1_2_3gram_psalm,Wisdom,36,1269,0.027586206896551724,0.05545111643383017,0.011433184585967121,0.16904381517137698,0.5889589352946327,0.3133766862378013,0.8125351432024952,0.03419921542433005,0.09895052473763119,0.3933033483258371,2000,0.11057746320533382,0.5702559864228576,0.28314251964926623,1.0,1.0,1.0
morph_suffix_1_2gram,Hymn,136,2261,0.05673758865248227,0.07516410116268069,0.04129137472968654,0.15640458652453365,0.5871035720789864,0.4995794005550006,0.7142070374498528,0.00031686335126721575,0.02798600699650175,0.39030484757621187,2000,0.006661561204702741,0.034354153602257374,0.4120439780109945,1.0,1.0,1.0
morph_suffix_1_2gram,Lament,1711,5369,0.24166666666666667,0.28517738438670986,0.21310625580955028,0.3923794160772411,0.5711438013689646,0.5072246705196265,0.6463342879415053,3.443519804091497e-19,0.0034982508745627187,0.5187406296851574,2000,4.771734585669646e-19,2.4608180855498718e-18,0.00477930049059977,0.02464719877519089,0.6883558220889554,1.0
morph_suffix_1_2gram,Praise,820,4469,0.15503875968992248,0.2256566743082839,0.15321677988406682,0.3164876694892006,0.640525517248907,0.5535614305793571,0.7251743453347216,6.989420750659275e-38,0.0004997501249375312,0.13793103448275862,2000,8.47467266017437e-37,4.370450069436433e-36,0.0016158587372980177,0.008333100538278824,0.8409490906720553,1.0
morph_suffix_1_2gram,Royal,45,1400,0.031141868512110725,0.03311013353035247,0.014403405121272101,0.07899039365053555,0.539047619047619,0.40594266765320897,0.6920630242265421,0.18602131546401873,0.24537731134432783,0.8195902048975512,2000,0.2615082260870988,1.0,0.34002284571999714,1.0,1.0,1.0
morph_suffix_1_2gram,Thanksgiving,28,1136,0.024054982817869417,0.046476686379761184,0.013848851465252582,0.37404521011867337,0.5564323440643864,0.38632788244494765,0.7850846836296009,0.15358422598241722,0.17691154422788605,0.6506746626686657,2000,0.2257222715196132,1.0,0.27238761571595155,1.0,0.9562945799827359,1.0
morph_suffix_1_2gram,Trust,15,864,0.017064846416382253,0.017324305072901655,0.006896098141926399,0.05088642433773359,0.491820987654321,0.2325039599461946,0.7281018438878556,0.5434953992483333,0.4877561219390305,1.0,2000,0.7123805994129295,1.0,0.6321239380309844,1.0,1.0,1.0
morph_suffix_1_2gram,Wisdom,36,1269,0.027586206896551724,0.04362029161084268,0.012391628075194613,0.11969854408291647,0.5828736537956396,0.3175638199190089,0.7985446089421444,0.0447824664809473,0.10344827586206896,0.4267866066966517,2000,0.1277617426074085,0.6588765598863605,0.28314251964926623,1.0,1.0,1.0
morph_suffix_1_2gram_psalm,Hymn,136,2261,0.05673758865248227,0.06474961595000649,0.037247781619122296,0.1261898395195224,0.5636105835523064,0.4825544580447798,0.6896301835918607,0.006294441685572148,0.07546226886556721,0.5902048975512244,2000,0.04070405623336656,0.20991376602362016,0.4120439780109945,1.0,1.0,1.0
morph_suffix_1_2gram_psalm,Lament,1711,5369,0.24166666666666667,0.28260855206388147,0.21156039265103285,0.39006771342374263,0.566112754792187,0.5058647598452535,0.6443823256714378,7.988016868212162e-17,0.004497751124437781,0.5687156421789106,2000,9.93381584893051e-17,5.122940779854711e-16,0.005976463822883078,0.030821056785414826,0.7164339907968095,1.0
morph_suffix_1_2gram_psalm,Praise,820,4469,0.15503875968992248,0.23465565688672968,0.1620452055421191,0.3349590341510019,0.6566558787091563,0.5759206307079958,0.7389893136142399,1.3954000044132286e-46,0.0004997501249375312,0.10194902548725637,2000,6.76769002140416e-45,3.4901467596462284e-44,0.0016158587372980177,0.008333100538278824,0.8409490906720553,1.0
morph_suffix_1_2gram_psalm,Royal,45,1400,0.031141868512110725,0.03466539860124837,0.01478228897276016,0.07676893412191843,0.5561269841269841,0.42949263747639704,0.699777593860416,0.09971478927534894,0.17041479260369816,0.657671164417791,2000,0.16676438896049736,0.8600160319312367,0.28017347258574105,1.0,1.0,1.0
morph_suffix_1_2gram_psalm,Thanksgiving,28,1136,0.024054982817869417,0.029683413010339263,0.01162284427267866,0.1282055456851182,0.5537600603621731,0.398159345107035,0.8029167824926,0.16532356028689937,0.18290854572713644,0.6761619190404797,2000,0.23934903504222743,1.0,0.274447391688771,1.0,0.9789209872675602,1.0
morph_suffix_1_2gram_psalm,Trust,15,864,0.017064846416382253,0.01647300996685926,0.006552461352880876,0.04757487627407342,0.4807098765432099,0.256410574172717,0.7242826697182781,0.6013926603105846,0.5327336331834083,1.0,2000,0.7416261880728552,1.0,0.6556346826586706,1.0,1.0,1.0
morph_suffix_1_2gram_psalm,Wisdom,36,1269,0.027586206896551724,0.046242845507163524,0.01118719971256567,0.11630018418984278,0.5783206374222922,0.31724586497012464,0.8056157787268051,0.05431134331403724,0.11694152923538231,0.4622688655672164,2000,0.1350820590118362,0.6966279617645418,0.28314251964926623,1.0,1.0,1.0
morph_suffix_1gram,Hymn,136,2261,0.05673758865248227,0.07099071457234288,0.04055610028450645,0.13842495410638744,0.5671748575591227,0.4814915220223193,0.6938300693841624,0.004206759560219948,0.05847076461769116,0.5367316341829086,2000,0.04070405623336656,0.20991376602362016,0.4120439780109945,1.0,1.0,1.0
morph_suffix_1gram,Lament,1711,5369,0.24166666666666667,0.2973823919673865,0.21907212126216458,0.4049267195183548,0.5751054362234265,0.5135997881635679,0.6533206263118347,3.5923144037825974e-21,0.0024987506246876563,0.48075962018990503,2000,5.200813390550924e-21,2.6820971328692642e-20,0.0036175941879806367,0.018656195234952593,0.6883558220889554,1.0
morph_suffix_1gram,Praise,820,4469,0.15503875968992248,0.23777420632688545,0.1647139319232149,0.3338244487422419,0.6541358081963008,0.5670000693494881,0.7364124698323993,3.6767686443970006e-45,0.0004997501249375312,0.11444277861069466,2000,8.916163962662726e-44,4.598130331670434e-43,0.0016158587372980177,0.008333100538278824,0.8409490906720553,1.0
morph_suffix_1gram,Royal,45,1400,0.031141868512110725,0.034390604624830415,0.014845046113252205,0.09736247754377786,0.5401746031746032,0.40138653433208743,0.7094656496666873,0.17919884194329255,0.22988505747126436,0.8030984507746127,2000,0.255621877477932,1.0,0.32792427315753886,1.0,1.0,1.0
morph_suffix_1gram,Thanksgiving,28,1136,0.024054982817869417,0.03547788103447177,0.012155696491034502,0.1936705827906299,0.5731576961770624,0.4206333545606273,0.8585319089177244,0.09276440616966958,0.127936031984008,0.4987506246876562,2000,0.15251097285521947,0.7865101327597442,0.2103355102109962,1.0,0.8199798405881805,1.0
morph_suffix_1gram,Trust,15,864,0.017064846416382253,0.017551048737140123,0.006581730360803363,0.046517821738233656,0.4996141975308642,0.18189698836077753,0.7221310812846521,0.5022506980655366,0.4407796101949025,1.0,2000,0.6912880257639099,1.0,0.6275287014027233,1.0,1.0,1.0
morph_suffix_1gram,Wisdom,36,1269,0.027586206896551724,0.042241416797619655,0.012846568005665358,0.11830865986849003,0.5840556868925664,0.32919573961123905,0.7996056032294488,0.04254248173173845,0.10594702648675662,0.4197901049475262,2000,0.1250491129690494,0.6448873323766835,0.28314251964926623,1.0,1.0,1.0
morph_suffix_1gram_psalm,Hymn,136,2261,0.05673758865248227,0.06251965462387679,0.03719141225138416,0.11276190559920887,0.5467615838905222,0.4610277406834058,0.6699321123799007,0.0333080225251878,0.12893553223388307,0.7336331834082959,2000,0.14047296456274855,0.7244292521318152,0.508213635117925,1.0,1.0,1.0
morph_suffix_1gram_psalm,Lament,1711,5369,0.24166666666666667,0.29530987429112054,0.2193734694218058,0.4039473415480912,0.5749629423365666,0.5118267709418749,0.6535388192068646,4.2507915331263605e-21,0.0009995002498750624,0.47226386806596704,2000,6.063629098724368e-21,3.127057442595242e-20,0.0016158587372980177,0.008333100538278824,0.6883558220889554,1.0
morph_suffix_1gram_psalm,Praise,820,4469,0.15503875968992248,0.24654213273548115,0.17007299987460825,0.34844167002927906,0.6684708752435476,0.5858406810679743,0.7535145979466943,1.511135112262758e-53,0.0004997501249375312,0.08395802098950525,2000,1.4658010588948752e-51,7.559242222690515e-51,0.0016158587372980177,0.008333100538278824,0.8409490906720553,1.0
morph_suffix_1gram_psalm,Royal,45,1400,0.031141868512110725,0.03537938345361373,0.015208275047555389,0.08200133408027387,0.5546349206349206,0.42274328401869093,0.7228018658387924,0.10582120968302033,0.16391804097951024,0.6501749125437282,2000,0.17397724303818599,0.8972132428073679,0.27894824517565775,1.0,1.0,1.0
morph_suffix_1gram_psalm,Thanksgiving,28,1136,0.024054982817869417,0.031083607967991016,0.011954849079072136,0.10515120258138792,0.5652665995975855,0.4228943246685787,0.8426887835556962,0.11878390504528458,0.14492753623188406,0.5507246376811594,2000,0.18583933531278393,0.9583869117902492,0.22752333510664022,1.0,0.8757424566405322,1.0
morph_suffix_1gram_psalm,Trust,15,864,0.017064846416382253,0.01710413991629535,0.006751136384415866,0.052227975658213445,0.4904320987654321,0.2512000863648947,0.7249004325047737,0.5508097418141208,0.48875562218890556,1.0,2000,0.7123805994129295,1.0,0.6321239380309844,1.0,1.0,1.0
morph_suffix_1gram_psalm,Wisdom,36,1269,0.027586206896551724,0.04311498144501434,0.011963421942170208,0.11106628816996451,0.579831013046143,0.32648821951581347,0.8086148520368717,0.050986872208635334,0.11344327836081959,0.440279860069965,2000,0.13015070011151653,0.6711965867574571,0.28314251964926623,1.0,1.0,1.0
morph_suffix_host_plus_suffix,Hymn,136,2261,0.05673758865248227,0.07362509906377752,0.04021683309308224,0.1606290233837613,0.5896922236386815,0.49294625058542946,0.712510087764213,0.00021716173506207802,0.026486756621689155,0.39430284857571213,2000,0.006661561204702741,0.034354153602257374,0.4120439780109945,1.0,1.0,1.0
morph_suffix_host_plus_suffix,Lament,1711,5369,0.24166666666666667,0.31449878980925433,0.23171523305558644,0.4077420846748695,0.5935424470130114,0.5304210856217495,0.6633579404492005,8.921538575051232e-32,0.0009995002498750624,0.3743128435782109,2000,1.6968416505489596e-31,8.750735287174792e-31,0.0016158587372980177,0.008333100538278824,0.6601517423106629,1.0
morph_suffix_host_plus_suffix,Praise,820,4469,0.15503875968992248,0.24260820766333568,0.16081622416427385,0.35795337395180166,0.612832302746836,0.5273139057055742,0.697750686022348,4.0136267601032715e-25,0.0009995002498750624,0.2493753123438281,2000,1.4973915220385283e-24,7.722156529090247e-24,0.002937924976905487,0.01515109188777968,0.8558479380999154,1.0
morph_suffix_host_plus_suffix,Royal,45,1400,0.031141868512110725,0.03792083765753855,0.016898500827086778,0.0839240172375042,0.554047619047619,0.4222148007617212,0.7167100540011143,0.10829748407536754,0.19590204897551225,0.7006496751624188,2000,0.17508093258851087,0.9029050497541091,0.2991863443278361,1.0,1.0,1.0
morph_suffix_host_plus_suffix,Thanksgiving,28,1136,0.024054982817869417,0.0508772277795711,0.017152953058513016,0.2502301458285552,0.6785714285714286,0.49092752547405655,0.8707816203123527,0.0006146636015789441,0.011494252873563218,0.05347326336831584,2000,0.0022392179172024806,0.01154780897639948,0.04288240495137047,0.22114766813124573,0.1990968801313629,1.0
morph_suffix_host_plus_suffix,Trust,15,864,0.017064846416382253,0.025212199099886985,0.006589744535082112,0.09881078205846675,0.553858024691358,0.1646267707186829,0.8237420069535251,0.23715955482044387,0.25037481259370314,0.7011494252873564,2000,0.4600895363516611,1.0,0.4857271364317841,1.0,1.0,1.0
morph_suffix_host_plus_suffix,Wisdom,36,1269,0.027586206896551724,0.05160165821165706,0.01361184378173327,0.144346775382702,0.6149636634270204,0.344688034455541,0.8103403484804665,0.009257375827858787,0.050474762618690654,0.24087956021989004,2000,0.05622908603233706,0.2899774691112592,0.28249668269313616,1.0,1.0,1.0
morph_suffix_host_plus_suffix_psalm,Hymn,136,2261,0.05673758865248227,0.06925963446323652,0.037696735588830715,0.15226295850078408,0.5642642505918776,0.4658598207753058,0.6946135136353537,0.005853855399432257,0.0734632683658171,0.5892053973013494,2000,0.04070405623336656,0.20991376602362016,0.4120439780109945,1.0,1.0,1.0
morph_suffix_host_plus_suffix_psalm,Lament,1711,5369,0.24166666666666667,0.3099629443356053,0.22868115494298033,0.40441199385324683,0.5951659411525284,0.5308538702299084,0.6639744654396929,8.079601883852809e-33,0.0004997501249375312,0.35732133933033483,2000,1.567442765467445e-32,8.083415864977938e-32,0.0008976992984988986,0.0046295002990437905,0.6539654700951412,1.0
morph_suffix_host_plus_suffix_psalm,Praise,820,4469,0.15503875968992248,0.25085980281531906,0.16801291485646358,0.3641206212494697,0.6253769872672994,0.541090494613051,0.7079677708806535,1.4600356183049812e-30,0.0004997501249375312,0.19390304847576212,2000,7.453866051346483e-30,3.844012707979546e-29,0.0016158587372980177,0.008333100538278824,0.8409490906720553,1.0
morph_suffix_host_plus_suffix_psalm,Royal,45,1400,0.031141868512110725,0.0453970520997678,0.01854042183646969,0.12975450841068495,0.582047619047619,0.43429766045711987,0.7388063908235037,0.030337164364846854,0.09645177411294353,0.43778110944527737,2000,0.08174180398305958,0.4215484033648463,0.2598839469154312,1.0,1.0,1.0
morph_suffix_host_plus_suffix_psalm,Thanksgiving,28,1136,0.024054982817869417,0.04932102033451551,0.015983867626727426,0.1889944664368762,0.6800804828973843,0.4882336944498752,0.8821401473213093,0.0005584339361879479,0.01199400299850075,0.05747126436781609,2000,0.002166723672409238,0.011173950905539371,0.04308956632794714,0.22221601435410196,0.1990968801313629,1.0
morph_suffix_host_plus_suffix_psalm,Trust,15,864,0.017064846416382253,0.02024617699490852,0.006697911345909138,0.0562085556901208,0.5487654320987654,0.26265009789730526,0.7728584823225428,0.25856719353790114,0.26636681659170414,0.7436281859070465,2000,0.4762678206712723,1.0,0.4968765617191404,1.0,1.0,1.0
morph_suffix_host_plus_suffix_psalm,Wisdom,36,1269,0.027586206896551724,0.049499733352567396,0.01350347393853162,0.13718358600648567,0.6138472988354785,0.34682611479248937,0.8127590767172208,0.009842787366264833,0.053973013493253376,0.24887556221889057,2000,0.05622908603233706,0.2899774691112592,0.28249668269313616,1.0,1.0,1.0
morph_suffix_posmean,Hymn,136,2261,0.05673758865248227,0.04475481057290792,0.026736742552474206,0.07564294803306212,0.3972864687670734,0.33033313658612,0.49220054813526415,0.999972018139085,1.0,1.0,2000,0.9999999999997398,1.0,1.0,1.0,1.0,1.0
morph_suffix_posmean,Lament,1711,5369,0.24166666666666667,0.3328919585642771,0.24618210905499807,0.42725042373944877,0.6289189220669473,0.5575655720628436,0.7003629085550904,1.6151365604321926e-58,0.0004997501249375312,0.14742628685657172,2000,5.40235332282492e-58,2.7860327356141815e-57,0.0008976992984988986,0.0046295002990437905,0.5296425861143502,1.0
morph_suffix_posmean,Praise,820,4469,0.15503875968992248,0.16838458223179933,0.1130808005951778,0.2299197090351102,0.5314270666761266,0.4705264239857186,0.5958675195964206,0.00208277868254784,0.11794102948525736,0.8850574712643678,2000,0.002845486369114654,0.014674379292452444,0.1634325694295709,0.842833597300201,1.0,1.0
morph_suffix_posmean,Royal,45,1400,0.031141868512110725,0.042538302887837484,0.018277662589939514,0.09443821605362866,0.6213809523809524,0.5040618569672336,0.716928445748542,0.0027581387730055717,0.025487256371814093,0.17641179410294852,2000,0.020497031315942355,0.1057046750123772,0.2255176759446364,1.0,1.0,1.0
morph_suffix_posmean,Thanksgiving,28,1136,0.024054982817869417,0.027394502396671995,0.0108661949023296,0.19878529207430304,0.462965291750503,0.27089485880179304,0.6915759996403743,0.748774862381207,0.6841579210394803,1.0,2000,0.748774862381207,1.0,0.6841579210394803,1.0,1.0,1.0
morph_suffix_posmean,Trust,15,864,0.017064846416382253,0.0435178066607842,0.008964674565957228,0.27276036728617853,0.6002314814814815,0.36759315694119266,0.8972029994597517,0.09143789741919661,0.11094452773613193,0.27786106946526734,2000,0.2771711265519397,1.0,0.3596588802373007,1.0,0.9293973702803769,1.0
morph_suffix_posmean,Wisdom,36,1269,0.027586206896551724,0.037556568968370646,0.010989488501052202,0.19230418615883776,0.4776289291655722,0.36911089042245204,0.6759154481411278,0.6767264794009633,0.6086956521739131,1.0,2000,0.7130241153899952,1.0,0.6417769376181475,1.0,1.0,1.0
morph_vs_1_2_3gram,Hymn,136,2261,0.05673758865248227,0.06802138890261133,0.034519630868787086,0.20559369641851083,0.4590433696698494,0.3909040224994415,0.6124513224023566,0.9459368320873891,0.8275862068965517,1.0,2000,0.9999999999997398,1.0,1.0,1.0,1.0,1.0
morph_vs_1_2_3gram,Lament,1711,5369,0.24166666666666667,0.2679137623961819,0.19647877419523999,0.342355521849789,0.5632897647479268,0.5083941716012826,0.6197919877193298,1.4314006322964942e-15,0.009495252373813094,0.584207896051974,2000,1.7575425485159488e-15,9.06377421430808e-15,0.011658727598226205,0.06012490261796114,0.726514947654378,1.0
morph_vs_1_2_3gram,Praise,820,4469,0.15503875968992248,0.18827025258612595,0.12807347769574398,0.269099351121695,0.5649566935365035,0.49666402267936316,0.6488538304839884,1.5863637036510119e-09,0.019490254872563718,0.5742128935532234,2000,3.077545585082963e-09,1.5871125476299964e-08,0.0363568215892054,0.18749476211127356,1.0,1.0
morph_vs_1_2_3gram,Royal,45,1400,0.031141868512110725,0.04173897103065967,0.0176688016375107,0.11922268753199199,0.5594761904761905,0.4433175010440399,0.7928451936545307,0.0869531019873988,0.16241879060469766,0.624687656171914,2000,0.1533536525959579,0.790855893214576,0.27894824517565775,1.0,1.0,1.0
morph_vs_1_2_3gram,Thanksgiving,28,1136,0.024054982817869417,0.03836375129619408,0.01451362798946924,0.22928179680276395,0.5894114688128773,0.43462554955015287,0.7237430771355928,0.05281757247534967,0.10744627686156921,0.3758120939530235,2000,0.08988253561594593,0.4635307459955048,0.18284717290477567,0.9429561135420773,0.6395398791832154,1.0
morph_vs_1_2_3gram,Trust,15,864,0.017064846416382253,0.02102835835595761,0.008435804322311386,0.06476754481095619,0.5361111111111111,0.39315713487557363,0.893678567882995,0.31577586069766134,0.2898550724637681,0.8555722138930535,2000,0.5569137906849664,1.0,0.5111989459815547,1.0,1.0,1.0
morph_vs_1_2_3gram,Wisdom,36,1269,0.027586206896551724,0.045240714377192535,0.016903989119622643,0.20793740181264048,0.6002320287190264,0.42907799756302606,0.7881721521853392,0.020019961850523002,0.06796601699150424,0.3168415792103948,2000,0.078865603893459,0.4067156311913788,0.28249668269313616,1.0,1.0,1.0
morph_vs_1_2_3gram_psalm,Hymn,136,2261,0.05673758865248227,0.050751027723850824,0.028635332772647876,0.09703642216826237,0.43211619012930247,0.36190570174927655,0.5846158592638435,0.9961270092541303,0.9635182408795602,1.0,2000,0.9999999999997398,1.0,1.0,1.0,1.0,1.0
morph_vs_1_2_3gram_psalm,Lament,1711,5369,0.24166666666666667,0.2829027604971774,0.21024823619574784,0.3602246925999477,0.5852526555951058,0.5298902649797197,0.6485247295724619,1.0014781419960292e-26,0.0014992503748125937,0.3988005997001499,2000,1.7347032102431222e-26,8.945990092675347e-26,0.0022723013493253373,0.011718422631954595,0.6883558220889554,1.0
morph_vs_1_2_3gram_psalm,Praise,820,4469,0.15503875968992248,0.18519757565477196,0.12681193697752993,0.26108561617582526,0.5666755808305454,0.49989887711328135,0.6461056965022504,6.042145901836246e-10,0.01249375312343828,0.5472263868065967,2000,1.2469960691023742e-09,6.4308490431809725e-09,0.025247792770281528,0.13020469591060663,1.0,1.0
morph_vs_1_2_3gram_psalm,Royal,45,1400,0.031141868512110725,0.04012463022524985,0.017977047557817177,0.09897253090077274,0.569,0.411448220788307,0.7871309097126487,0.05733753945866757,0.11444277861069466,0.5247376311844077,2000,0.12090742016284249,0.6235283226092209,0.2643083220294614,1.0,1.0,1.0
morph_vs_1_2_3gram_psalm,Thanksgiving,28,1136,0.024054982817869417,0.04772578140119175,0.015218248659950093,0.4058734823121488,0.5501760563380281,0.3980102847576746,0.7359985944000518,0.18195543751778187,0.2193903048475762,0.7146426786606697,2000,0.25955407998860064,1.0,0.31295381720904253,1.0,1.0,1.0
morph_vs_1_2_3gram_psalm,Trust,15,864,0.017064846416382253,0.03779281911633282,0.010413767918470998,0.3116427071369912,0.6362654320987654,0.34337448337187,0.9070337431700239,0.03507169819052914,0.06696651674162919,0.14942528735632185,2000,0.1619978440229203,0.8354346144668165,0.33187252527582367,1.0,0.7295602198900549,1.0
morph_vs_1_2_3gram_psalm,Wisdom,36,1269,0.027586206896551724,0.03213322545736663,0.013139551450434609,0.08179846859329935,0.5597583399001839,0.42331942583136517,0.7517002687320559,0.11045556590058597,0.16941529235382308,0.6111944027986007,2000,0.2017520219838441,1.0,0.28915366877964527,1.0,1.0,1.0
morph_vs_1_2gram,Hymn,136,2261,0.05673758865248227,0.06523058018889351,0.03290816516502402,0.17312111010628653,0.4603994848713479,0.4023746724972611,0.5997049022481397,0.9398452230495667,0.8285857071464268,1.0,2000,0.9999999999997398,1.0,1.0,1.0,1.0,1.0
morph_vs_1_2gram,Lament,1711,5369,0.24166666666666667,0.2806285563660925,0.20488886984599422,0.35641832246574834,0.5769816964479616,0.5277909786886095,0.63481743998831,3.803947018119594e-22,0.0029985007496251873,0.45577211394302847,2000,6.048899356681977e-22,3.1194612079424906e-21,0.004215283662516568,0.021738523143336064,0.6883558220889554,1.0
morph_vs_1_2gram,Praise,820,4469,0.15503875968992248,0.18298475524193442,0.12476216703989898,0.26221049343312036,0.5626781240960765,0.4969898632409562,0.645724950669992,5.4963753487030095e-09,0.019490254872563718,0.584207896051974,2000,1.0453890369101802e-08,5.3911469765938753e-08,0.0363568215892054,0.18749476211127356,1.0,1.0
morph_vs_1_2gram,Royal,45,1400,0.031141868512110725,0.037454648484929354,0.015683000454746993,0.07951762215650673,0.5505873015873016,0.4529791867688081,0.7759237872137179,0.12373590722695771,0.18590704647676162,0.6871564217891054,2000,0.18979536810957742,0.9787884594425724,0.2991863443278361,1.0,1.0,1.0
morph_vs_1_2gram,Thanksgiving,28,1136,0.024054982817869417,0.031047607313435793,0.011683917578843664,0.07908100655453569,0.5700138329979879,0.4091003592388626,0.747930266388473,0.10257474312872356,0.1454272863568216,0.5237381309345327,2000,0.16582916805810308,0.8551930300033683,0.22752333510664022,1.0,0.8467099783441612,1.0
morph_vs_1_2gram,Trust,15,864,0.017064846416382253,0.01809565109631328,0.007225980157769985,0.0509957245507821,0.501466049382716,0.35963942521648395,0.8709566149598822,0.49242988433353346,0.43228385807096453,1.0,2000,0.6912880257639099,1.0,0.6275287014027233,1.0,1.0,1.0
morph_vs_1_2gram,Wisdom,36,1269,0.027586206896551724,0.041096892756143776,0.016587214168532528,0.11934593413027689,0.6037781280098065,0.4412333700728322,0.819586684751059,0.016752065125041984,0.062468765617191405,0.28835582208895555,2000,0.078865603893459,0.4067156311913788,0.28249668269313616,1.0,1.0,1.0
morph_vs_1_2gram_psalm,Hymn,136,2261,0.05673758865248227,0.05060425352365236,0.02794009475675047,0.09815076876498173,0.4475960662902932,0.37773740420630597,0.5868623807793109,0.9800950544890943,0.9045477261369316,1.0,2000,0.9999999999997398,1.0,1.0,1.0,1.0,1.0
morph_vs_1_2gram_psalm,Lament,1711,5369,0.24166666666666667,0.2919791608300041,0.2147216475281371,0.37257327230526877,0.5969499994502718,0.5450984437200388,0.6600688668428817,5.505170713230234e-34,0.0004997501249375312,0.32283858070964516,2000,1.1361735301773036e-33,5.8593291835216014e-33,0.0008976992984988986,0.0046295002990437905,0.6539654700951412,1.0
morph_vs_1_2gram_psalm,Praise,820,4469,0.15503875968992248,0.1794693480619176,0.1224040098260551,0.25316010750767454,0.5605802029154774,0.49447330348879776,0.6361679124370325,1.6627317531382462e-08,0.026486756621689155,0.6046976511744128,2000,3.101634231815575e-08,1.5995352372142105e-07,0.04587884629114015,0.2366005331404166,1.0,1.0
morph_vs_1_2gram_psalm,Royal,45,1400,0.031141868512110725,0.03796638016224708,0.017885131965909212,0.10714344291231524,0.5628095238095238,0.45167697422310465,0.8058070425778976,0.07550449572321062,0.13493253373313344,0.5822088955522239,2000,0.1408449247144506,0.7263474775736936,0.2671113422880397,1.0,1.0,1.0
morph_vs_1_2gram_psalm,Thanksgiving,28,1136,0.024054982817869417,0.030504914212869806,0.010398309689945893,0.08394316513479264,0.5375691649899397,0.4105604472909825,0.7811766701870876,0.24833316126759586,0.2608695652173913,0.8350824587706147,2000,0.3345599533744,1.0,0.34663490172721856,1.0,1.0,1.0
morph_vs_1_2gram_psalm,Trust,15,864,0.017064846416382253,0.04642222858043493,0.013770137510223306,0.6666666666666666,0.6494598765432099,0.36292070279328653,0.9105953505048178,0.023495077115658642,0.05547226386806597,0.11644177911044477,2000,0.1619978440229203,0.8354346144668165,0.33187252527582367,1.0,0.7295602198900549,1.0
morph_vs_1_2gram_psalm,Wisdom,36,1269,0.027586206896551724,0.031171542662738513,0.0128323937681421,0.0773283523387866,0.5483976884686105,0.3884844135761064,0.7478706108764418,0.16075708479514073,0.2028985507246377,0.7386306846576711,2000,0.24006241263094436,1.0,0.3174380551659654,1.0,1.0,1.0
morph_vs_1gram,Hymn,136,2261,0.05673758865248227,0.07715209960864569,0.03609183535175159,0.181945903311118,0.4646954757135052,0.40930288084374566,0.5818555480473281,0.9169671165197337,0.7906046976511744,1.0,2000,0.9999999999997398,1.0,1.0,1.0,1.0,1.0
morph_vs_1gram,Lament,1711,5369,0.24166666666666667,0.3024413298126679,0.22337762741436967,0.383802451859719,0.6090803766758952,0.5589001062860913,0.6711786427878416,1.743735183049977e-42,0.0004997501249375312,0.26936531734132935,2000,4.228557818896194e-42,2.1806978929178596e-41,0.0008976992984988986,0.0046295002990437905,0.6539654700951412,1.0
morph_vs_1gram,Praise,820,4469,0.15503875968992248,0.17020806626814064,0.11908001529660296,0.24505210709064504,0.5402657330444417,0.47476370785664057,0.6198089429540197,0.00012070323625666497,0.08895552223888056,0.8115942028985508,2000,0.0001801263679522539,0.000928924725345159,0.13274901011032947,0.6845962596062911,1.0,1.0
morph_vs_1gram,Royal,45,1400,0.031141868512110725,0.03740307495527555,0.017094284753893945,0.0715961481066803,0.566968253968254,0.45460981306896187,0.7190134298457271,0.06287639150352438,0.1294352823588206,0.5562218890554723,2000,0.12706270783003887,0.6552715869112382,0.2671113422880397,1.0,1.0,1.0
morph_vs_1gram,Thanksgiving,28,1136,0.024054982817869417,0.0349081112158096,0.012121339872467612,0.10811390283875277,0.5616511569416499,0.4380580671744237,0.8778684024733858,0.13228689468889698,0.1839080459770115,0.6041979010494752,2000,0.2036798219813176,1.0,0.274447391688771,1.0,0.9302729587587159,1.0
morph_vs_1gram,Trust,15,864,0.017064846416382253,0.017977893178519805,0.007514404314239377,0.04491428359901356,0.5011574074074074,0.2952487670770778,0.7278911564625851,0.4940665287572971,0.45027486256871563,0.9995002498750625,2000,0.6912880257639099,1.0,0.6275287014027233,1.0,1.0,1.0
morph_vs_1gram,Wisdom,36,1269,0.027586206896551724,0.03792104288391868,0.015095201813032203,0.08398960890438496,0.6170431660975396,0.43104587028459623,0.7764440420938319,0.008247731119492379,0.050974512743628186,0.24037981009495252,2000,0.05622908603233706,0.2899774691112592,0.28249668269313616,1.0,1.0,1.0
morph_vs_1gram_psalm,Hymn,136,2261,0.05673758865248227,0.05096913287122095,0.028257967893966614,0.09029582440713668,0.44823997710539326,0.3829288728031148,0.5617861296692268,0.9788449639665353,0.9010494752623688,1.0,2000,0.9999999999997398,1.0,1.0,1.0,1.0,1.0
morph_vs_1gram_psalm,Lament,1711,5369,0.24166666666666667,0.3138965460990918,0.23343710346848473,0.4005912824371745,0.628428194456585,0.57465912941121,0.6878529343915286,4.332818203285875e-58,0.0004997501249375312,0.18590704647676162,2000,1.4009445523957662e-57,7.22477252138337e-57,0.0008976992984988986,0.0046295002990437905,0.5845606608460475,1.0
morph_vs_1gram_psalm,Praise,820,4469,0.15503875968992248,0.16687060289193276,0.11694014358965511,0.23592066542759704,0.5386680056104656,0.47500282525281884,0.6168781168799286,0.00021131351233250596,0.09995002498750624,0.8140929535232384,2000,0.00030593150292915043,0.0015777109179718892,0.14689624884527433,0.757554594388984,1.0,1.0
morph_vs_1gram_psalm,Royal,45,1400,0.031141868512110725,0.035364708694758454,0.01668219238066585,0.0690465932092799,0.5658253968253968,0.4683598972610687,0.7172216568466964,0.06617033698190024,0.13393303348325838,0.5722138930534733,2000,0.13099025892335353,0.6755262523559082,0.2671113422880397,1.0,1.0,1.0
morph_vs_1gram_psalm,Thanksgiving,28,1136,0.024054982817869417,0.030705539007152817,0.010121541623389008,0.10688230769701289,0.5209066901408451,0.4029542463428475,0.7990159426847014,0.35266270095565533,0.34332833583208394,0.9500249875062469,2000,0.4258732886516041,1.0,0.4062730539492158,1.0,1.0,1.0
morph_vs_1gram_psalm,Trust,15,864,0.017064846416382253,0.0330010713247459,0.012018413443109659,0.15506355148368975,0.6766975308641975,0.44615998842849747,0.8781129863994078,0.009425028018112198,0.033483258370814596,0.06496751624187906,2000,0.0997980255957844,0.5146656459598767,0.33187252527582367,1.0,0.6125573576847939,1.0
morph_vs_1gram_psalm,Wisdom,36,1269,0.027586206896551724,0.03240967115096764,0.011693589900208573,0.07417912952548,0.562209964101217,0.3717542961618046,0.7224937124033063,0.10127182750127572,0.16141929035482258,0.6126936531734133,2000,0.19276617045969185,0.9941091023251644,0.28915366877964527,1.0,1.0,1.0
morph_vs_sp_plus,Hymn,136,2261,0.05673758865248227,0.06180969330231956,0.03246376415124487,0.10433062575354461,0.5293662356583501,0.450467689823463,0.6444261692856389,0.12468368805352936,0.23138430784607697,0.9180409795102449,2000,0.30235794352980866,1.0,0.5611069465267366,1.0,1.0,1.0
morph_vs_sp_plus,Lament,1711,5369,0.24166666666666667,0.3412941755294724,0.24710034787436355,0.437150424981163,0.6547647441167932,0.5891675269186802,0.7206955788386356,2.2040408947450464e-83,0.0004997501249375312,0.09395302348825588,2000,1.781599723252246e-82,9.187838806785841e-82,0.0008976992984988986,0.0046295002990437905,0.5296425861143502,1.0
morph_vs_sp_plus,Praise,820,4469,0.15503875968992248,0.18162254643025205,0.12747752172113558,0.26013954517820537,0.5535360123124614,0.4902673799753594,0.6310690747900175,5.274155658385277e-07,0.044977511244377814,0.7071464267866067,2000,9.135591051131641e-07,4.71129047041442e-06,0.0727136431784108,0.37498952422254717,1.0,1.0
morph_vs_sp_plus,Royal,45,1400,0.031141868512110725,0.05078406931006925,0.01395982297831757,0.14830424151585367,0.5681428571428572,0.39736598835677106,0.7605897137955916,0.059625531417525364,0.14142928535732133,0.5717141429285357,2000,0.1230569478191481,0.6346135924142767,0.27437281359320337,1.0,1.0,1.0
morph_vs_sp_plus,Thanksgiving,28,1136,0.024054982817869417,0.03523034548970521,0.014441675199284193,0.08393004624723936,0.6702401911468813,0.544694986786324,0.8251073070534118,0.0010308909894270158,0.017491254372813594,0.06946526736631684,2000,0.0034481526198076044,0.017782372795925185,0.05655505580543062,0.29165851883975885,0.23234934257009424,1.0
morph_vs_sp_plus,Trust,15,864,0.017064846416382253,0.02399037857061624,0.008659179348011808,0.05916316534032813,0.6027006172839506,0.3500920165600384,0.8233263780270934,0.08616158965562065,0.11394302848575712,0.3008495752123938,2000,0.2771711265519397,1.0,0.3596588802373007,1.0,0.9361881559220391,1.0
morph_vs_sp_plus,Wisdom,36,1269,0.027586206896551724,0.04153841226338817,0.016533970706750507,0.181475494625924,0.5808598196305053,0.4610191864312587,0.8087713586776493,0.04881661738827851,0.11544227886056972,0.4547726136931534,2000,0.13015070011151653,0.6711965867574571,0.28314251964926623,1.0,1.0,1.0
morph_vs_sp_plus_psalm,Hymn,136,2261,0.05673758865248227,0.05859431091213875,0.029795725186106885,0.10216320463145515,0.5126343106902204,0.4291300531105545,0.6295995876409989,0.3101084068654978,0.3663168415792104,0.993503248375812,2000,0.6266774055406935,1.0,0.7242278860569715,1.0,1.0,1.0
morph_vs_sp_plus_psalm,Lament,1711,5369,0.24166666666666667,0.34030709613001076,0.24902172054103155,0.43526752894160703,0.6538189940105759,0.5901131738199451,0.7191171540940478,2.1500601917129952e-82,0.0004997501249375312,0.1054472763618191,2000,1.6042756815089273e-81,8.273365880661176e-81,0.0008976992984988986,0.0046295002990437905,0.5296425861143502,1.0
morph_vs_sp_plus_psalm,Praise,820,4469,0.15503875968992248,0.18287534900797026,0.12801548578550725,0.2634427807771028,0.5553392203199276,0.49233123365755693,0.6254009517057657,2.2613209461266637e-07,0.03698150924537731,0.6946526736631684,2000,4.0620024402645624e-07,2.0948040778651083e-06,0.0629334455579228,0.32455233675401735,1.0,1.0
morph_vs_sp_plus_psalm,Royal,45,1400,0.031141868512110725,0.04608917667804035,0.018466301493243662,0.12425004755756723,0.5958888888888889,0.45906580665805025,0.7593787503381906,0.014177267375498532,0.06796601699150424,0.3458270864567716,2000,0.04911410483654849,0.2532849957756186,0.23328960519740127,1.0,1.0,1.0
morph_vs_sp_plus_psalm,Thanksgiving,28,1136,0.024054982817869417,0.033068377910548785,0.014125670617336003,0.06704424949025087,0.6468184104627767,0.5032639843737642,0.7565256850586951,0.0039392326872717065,0.031484257871064465,0.12893553223388307,2000,0.009552639266633889,0.049263652556584124,0.07659170414792604,0.39498896551441626,0.29975828412324446,1.0
morph_vs_sp_plus_psalm,Trust,15,864,0.017064846416382253,0.031075348311115067,0.009923617437397801,0.07179583052871594,0.7031635802469136,0.4420167256372804,0.8388616365744462,0.0034636448821722217,0.018490754622688656,0.030984507746126936,2000,0.05599559226178425,0.28877332482552054,0.2989338664001333,1.0,0.5009162085623855,1.0
morph_vs_sp_plus_psalm,Wisdom,36,1269,0.027586206896551724,0.03952126732745651,0.015215390050022199,0.19924303234299628,0.5668505384817442,0.43000368432863584,0.7779282659013037,0.08543488426279766,0.1629185407296352,0.584207896051974,2000,0.17632305901045475,0.909310785674205,0.28915366877964527,1.0,1.0,1.0
morph_vt_1_2_3gram,Hymn,136,2261,0.05673758865248227,0.0660124637853875,0.031875322046821905,0.1931064872097034,0.4655832921403856,0.3795491396040558,0.6112711836433274,0.9115128690237155,0.7726136931534233,1.0,2000,0.9999999999997398,1.0,1.0,1.0,1.0,1.0
morph_vt_1_2_3gram,Lament,1711,5369,0.24166666666666667,0.30105058145684743,0.2196446639265245,0.3884380032177774,0.595583407963917,0.5351831276800384,0.6602037105895839,4.328312433776414e-33,0.001999000499750125,0.35332333833083457,2000,8.568291960741064e-33,4.418730220784943e-32,0.002937924976905487,0.01515109188777968,0.6539654700951412,1.0
morph_vt_1_2_3gram,Praise,820,4469,0.15503875968992248,0.18813944092403745,0.12835865784348502,0.2775168155252949,0.5405293376048551,0.46827216106769987,0.6379117205567301,0.000109838545615322,0.1054472763618191,0.8510744627686156,2000,0.0001664740456982224,0.0008585187106993109,0.1525560749037246,0.7867427272904419,1.0,1.0
morph_vt_1_2_3gram,Royal,45,1400,0.031141868512110725,0.05660514591874005,0.0216205752617878,0.2983412692710335,0.5474126984126985,0.4144703828287345,0.7003244108640182,0.13919931042393402,0.21689155422288856,0.791104447776112,2000,0.20152735986748657,1.0,0.31400717551671925,1.0,1.0,1.0
morph_vt_1_2_3gram,Thanksgiving,28,1136,0.024054982817869417,0.046730725136007054,0.017313615269381893,0.278098320032425,0.6783513581488934,0.5595221613781601,0.8191810203234409,0.0006232874614893502,0.01249375312343828,0.054972513743128434,2000,0.0022392179172024806,0.01154780897639948,0.04328193046333976,0.22320805013246847,0.1990968801313629,1.0
morph_vt_1_2_3gram,Trust,15,864,0.017064846416382253,0.019051959511522575,0.008426973674463224,0.04322369745423872,0.5593364197530865,0.39497153019815845,0.7536101006740668,0.2152610848037239,0.2368815592203898,0.6666666666666666,2000,0.4539201136078526,1.0,0.46892880090566963,1.0,1.0,1.0
morph_vt_1_2_3gram,Wisdom,36,1269,0.027586206896551724,0.026531757720150182,0.011895489335982064,0.052260675650029544,0.499277646440767,0.36799975685947484,0.6735976405590473,0.5059934309790209,0.4757621189405297,1.0,2000,0.5913417205417474,1.0,0.5560111510509805,1.0,1.0,1.0
morph_vt_1_2_3gram_psalm,Hymn,136,2261,0.05673758865248227,0.04955600735709287,0.02850597532625734,0.09279518097601755,0.4302202305070635,0.3579675897343988,0.5498381154970048,0.9969028906595189,0.9540229885057471,1.0,2000,0.9999999999997398,1.0,1.0,1.0,1.0,1.0
morph_vt_1_2_3gram_psalm,Lament,1711,5369,0.24166666666666667,0.2963191952067876,0.2181563597297194,0.3818615068716171,0.5965660606122621,0.537070733964919,0.6635985912129372,9.85459022243639e-34,0.0004997501249375312,0.3548225887056472,2000,1.9914484407840204e-33,1.0270043841580683e-32,0.0008976992984988986,0.0046295002990437905,0.6539654700951412,1.0
morph_vt_1_2_3gram_psalm,Praise,820,4469,0.15503875968992248,0.1850106034340537,0.12385812920662181,0.27273272175094276,0.5462243967930841,0.4721483767539023,0.6411366249788227,1.2517251820728814e-05,0.07496251874062969,0.7906046976511744,2000,2.0579210620520256e-05,0.00010612847963799601,0.1154184812355727,0.5952214670199161,1.0,1.0
morph_vt_1_2_3gram_psalm,Royal,45,1400,0.031141868512110725,0.040808982821026935,0.01615320561911292,0.12997252455651234,0.5595873015873016,0.4091198056940033,0.6929266393192971,0.0865516804188407,0.15142428785607195,0.6661669165417291,2000,0.1533536525959579,0.790855893214576,0.27469598534066303,1.0,1.0,1.0
morph_vt_1_2_3gram_psalm,Thanksgiving,28,1136,0.024054982817869417,0.045687628196707665,0.014888387874096267,0.25803112116824717,0.642228370221328,0.5212407276167247,0.8332213905764002,0.0050243156614818716,0.03948025987006497,0.14492753623188406,2000,0.01188679558935955,0.061301065766266684,0.07659170414792604,0.39498896551441626,0.29975828412324446,1.0
morph_vt_1_2_3gram_psalm,Trust,15,864,0.017064846416382253,0.02565517330935072,0.009618954564472516,0.05320808555982391,0.6371141975308642,0.3981025115495392,0.7894854835798045,0.03420724537124305,0.08295852073963018,0.16141929035482258,2000,0.1619978440229203,0.8354346144668165,0.33187252527582367,1.0,0.7456033887817994,1.0
morph_vt_1_2_3gram_psalm,Wisdom,36,1269,0.027586206896551724,0.02645063353120422,0.012196801056346771,0.05408470830678988,0.4957096576481919,0.3777597832010706,0.6784684074966535,0.5351113688057445,0.5017491254372813,1.0,2000,0.6035558462111305,1.0,0.5659263391560033,1.0,1.0,1.0
morph_vt_1_2gram,Hymn,136,2261,0.05673758865248227,0.0736821513395933,0.035738273801231575,0.23766449018617541,0.4766533548403882,0.38754414917232083,0.6223800226875746,0.8201361445629785,0.6921539230384808,1.0,2000,0.9999999999997398,1.0,0.9778253730277717,1.0,1.0,1.0
morph_vt_1_2gram,Lament,1711,5369,0.24166666666666667,0.3114901734810823,0.23074588881402697,0.40371556762087096,0.6087771009166961,0.5449147122225196,0.6735691126326873,2.924362707520682e-42,0.0004997501249375312,0.2638680659670165,2000,6.918614210475759e-42,3.5679794570325653e-41,0.0008976992984988986,0.0046295002990437905,0.6539654700951412,1.0
morph_vt_1_2gram,Praise,820,4469,0.15503875968992248,0.1822740442564575,0.12355581208840345,0.2673160710721307,0.5279448122295052,0.45688059025539524,0.6204670122383205,0.0054194432441939415,0.1729135432283858,0.9295352323838081,2000,0.007009146595824163,0.0361466766384574,0.22686656671664168,1.0,1.0,1.0
morph_vt_1_2gram,Royal,45,1400,0.031141868512110725,0.03966052939582732,0.014054318772626806,0.11105147495362629,0.5502698412698412,0.408938930116122,0.7148757960392504,0.1252258098867315,0.19140429785107446,0.7426286856571714,2000,0.18979536810957742,0.9787884594425724,0.2991863443278361,1.0,1.0,1.0
morph_vt_1_2gram,Thanksgiving,28,1136,0.024054982817869417,0.0411228170694481,0.01636850957849486,0.1766505283983526,0.6741700201207244,0.5551052769322375,0.8366711327075638,0.0008098983370120786,0.010994502748625687,0.05747126436781609,2000,0.002805719238934701,0.014469297321943991,0.042658670664667664,0.21999385421056095,0.1990968801313629,1.0
morph_vt_1_2gram,Trust,15,864,0.017064846416382253,0.028424266370107695,0.010236197033570503,0.2417044834146801,0.5962962962962963,0.40210784227974683,0.8306751197392057,0.10033612952237991,0.14292853573213393,0.3378310844577711,2000,0.2949274110203288,1.0,0.3977498430272044,1.0,0.9930186421940544,1.0
morph_vt_1_2gram,Wisdom,36,1269,0.027586206896551724,0.027212980843010506,0.012374718248601552,0.06711377523197896,0.493170475439979,0.3721373233261446,0.6926627807468508,0.5557284833714933,0.5112443778110944,1.0,2000,0.6196053205406304,1.0,0.5684884830312117,1.0,1.0,1.0
morph_vt_1_2gram_psalm,Hymn,136,2261,0.05673758865248227,0.054912285071426495,0.028789483061427687,0.10759360212843067,0.4599994796680282,0.3783272621497249,0.5931830402659592,0.941695441134694,0.809095452273863,1.0,2000,0.9999999999997398,1.0,1.0,1.0,1.0,1.0
morph_vt_1_2gram_psalm,Lament,1711,5369,0.24166666666666667,0.3095499703735438,0.22764545298030067,0.4007576857825682,0.6114973298996915,0.5493150261736698,0.679487788601281,2.6903875727879867e-44,0.0004997501249375312,0.26486756621689156,2000,6.69147678360089e-44,3.450843040929803e-43,0.0008976992984988986,0.0046295002990437905,0.6539654700951412,1.0
morph_vt_1_2gram_psalm,Praise,820,4469,0.15503875968992248,0.1799146077623892,0.12174633184755088,0.263237928067622,0.5331773354654558,0.45990908371217637,0.6290923377528184,0.0012434740225416808,0.1409295352323838,0.8935532233883059,2000,0.0017230997169506148,0.008886150037372375,0.19253753404987645,0.9929300078005472,1.0,1.0
morph_vt_1_2gram_psalm,Royal,45,1400,0.031141868512110725,0.03796248228282442,0.015013000280226963,0.0900619254537293,0.5583650793650794,0.4252955839431455,0.7331944143792914,0.09104407979256252,0.15992003998001,0.663168415792104,2000,0.15770135249783152,0.8132772964946422,0.27894824517565775,1.0,1.0,1.0
morph_vt_1_2gram_psalm,Thanksgiving,28,1136,0.024054982817869417,0.03528529454112654,0.014929079049411667,0.11002175386188473,0.6402477364185111,0.5253246324400639,0.8108367608291625,0.005569615780306587,0.037481259370314844,0.14842578710644677,2000,0.012863160254517591,0.06633624905858214,0.07659170414792604,0.39498896551441626,0.29975828412324446,1.0
morph_vt_1_2gram_psalm,Trust,15,864,0.017064846416382253,0.028154376005886765,0.009865044535641276,0.06676383640935456,0.6450617283950617,0.4005285507845805,0.8178155985116786,0.02693250912447861,0.06896551724137931,0.13343328335832083,2000,0.1619978440229203,0.8354346144668165,0.33187252527582367,1.0,0.7295602198900549,1.0
morph_vt_1_2gram_psalm,Wisdom,36,1269,0.027586206896551724,0.02615112971077086,0.011599241483608833,0.055251138485334444,0.48544348130636544,0.36197302249704305,0.6588317502342208,0.6173236605959102,0.5577211394302849,1.0,2000,0.6653377230867031,1.0,0.6010994502748626,1.0,1.0,1.0
morph_vt_1gram,Hymn,136,2261,0.05673758865248227,0.07034834795355341,0.035185638793149655,0.17790164103572698,0.503853708666129,0.4024646822585776,0.6245294534231867,0.43994609724435585,0.447776111944028,0.999000499750125,2000,0.8085927552613795,1.0,0.8043385714550132,1.0,1.0,1.0
morph_vt_1gram,Lament,1711,5369,0.24166666666666667,0.32673864089032867,0.24608958066676442,0.42610562543318203,0.6298890561538038,0.5722611556902207,0.6916421271713635,2.2709147223139277e-59,0.0004997501249375312,0.17491254372813594,2000,7.86709743087325e-59,4.0571191232672025e-58,0.0008976992984988986,0.0046295002990437905,0.5845606608460475,1.0
morph_vt_1gram,Praise,820,4469,0.15503875968992248,0.16178769122403625,0.1123760667592766,0.2366583345063652,0.4945906488601695,0.43669538582288947,0.5851275990015031,0.6890675506624954,0.5702148925537232,1.0,2000,0.7426616934918006,1.0,0.614564939752346,1.0,1.0,1.0
morph_vt_1gram,Royal,45,1400,0.031141868512110725,0.04161371111268245,0.014727009037444228,0.09671882378463689,0.5702222222222222,0.4604946923974894,0.8489761526533064,0.054195189351766114,0.1184407796101949,0.5332333833083458,2000,0.11682074149158472,0.6024530247201395,0.26551496978783334,1.0,1.0,1.0
morph_vt_1gram,Thanksgiving,28,1136,0.024054982817869417,0.050282906406608145,0.014338144963074218,0.2341155875368218,0.6642982897384306,0.4843616434707549,0.8593420474240714,0.0014714853778396235,0.02148925537231384,0.07496251874062969,2000,0.0046043252145304345,0.023744838603758433,0.06724057326175621,0.3467645062703123,0.23456013928519612,1.0
morph_vt_1gram,Trust,15,864,0.017064846416382253,0.038194126979006496,0.011390517947492164,0.4147577382007938,0.6007716049382716,0.41496598639455784,0.8177598387581396,0.0902637147048515,0.127936031984008,0.30884557721139433,2000,0.2771711265519397,1.0,0.38780609695152424,1.0,0.9361881559220391,1.0
morph_vt_1gram,Wisdom,36,1269,0.027586206896551724,0.0286580077856154,0.01210041125528634,0.07113394949080981,0.5015103756238508,0.36339653561349416,0.6985964540882892,0.48774624186043336,0.4567716141929036,0.9995002498750625,2000,0.5769681153714882,1.0,0.5403273972769713,1.0,1.0,1.0
morph_vt_1gram_psalm,Hymn,136,2261,0.05673758865248227,0.06500678234976587,0.033114847208571,0.15203362805492066,0.48803236464864586,0.3886711968067494,0.6105461972632332,0.6806506266500005,0.5887056471764118,1.0,2000,0.9999999999997398,1.0,0.9678719962052873,1.0,1.0,1.0
morph_vt_1gram_psalm,Lament,1711,5369,0.24166666666666667,0.32821164072181425,0.2484495229278228,0.4282968746971916,0.6313040890302676,0.5724922780978366,0.7018342784811735,1.2650225748639918e-60,0.0004997501249375312,0.1744127936031984,2000,4.544710731918785e-60,2.3437402399297247e-59,0.0008976992984988986,0.0046295002990437905,0.5845606608460475,1.0
morph_vt_1gram_psalm,Praise,820,4469,0.15503875968992248,0.16753394957566675,0.11557114662362203,0.2489623810866576,0.5057755595457051,0.44161571061831373,0.5934001127059723,0.2992450267971643,0.40679660169915044,0.9985007496251874,2000,0.35398497072347485,1.0,0.4812106142050926,1.0,1.0,1.0
morph_vt_1gram_psalm,Royal,45,1400,0.031141868512110725,0.0379776174728567,0.013843567621221863,0.08235162006204352,0.5615079365079365,0.4455230103991404,0.8002961967483312,0.07983007797109082,0.1504247876061969,0.616191904047976,2000,0.14610410496595866,0.753469451031615,0.27469598534066303,1.0,1.0,1.0
morph_vt_1gram_psalm,Thanksgiving,28,1136,0.024054982817869417,0.043544305966090865,0.014221829822319983,0.15312668784991418,0.6561871227364185,0.5227129616810601,0.8724596480023722,0.002350675536498494,0.026486756621689155,0.09545227386306847,2000,0.0069095614254652705,0.0356331087023704,0.07074840957899428,0.36485467221653234,0.27659699561983714,1.0
morph_vt_1gram_psalm,Trust,15,864,0.017064846416382253,0.02910551566504209,0.010424102394895355,0.07922846234251778,0.6297067901234568,0.3993471118033299,0.8298784037530864,0.04237254121149678,0.0864567716141929,0.18040979510244878,2000,0.18682438625069034,0.9634668908202391,0.33187252527582367,1.0,0.7954431874971606,1.0
morph_vt_1gram_psalm,Wisdom,36,1269,0.027586206896551724,0.027229748693386402,0.011527295731627515,0.05819792146120814,0.49761404430435163,0.35507954693201743,0.6690849631832099,0.5195833339543146,0.4912543728135932,1.0,2000,0.597013876041933,1.0,0.5606079313284533,1.0,1.0,1.0
morph_vt_sp_plus,Hymn,136,2261,0.05673758865248227,0.0629257175118941,0.034323684718691204,0.10722362697163211,0.544657491479564,0.45482623105817294,0.6656227300457188,0.03991112495446219,0.14942528735632185,0.7891054472763618,2000,0.16130746335761803,0.8318742713744074,0.508213635117925,1.0,1.0,1.0
morph_vt_sp_plus,Lament,1711,5369,0.24166666666666667,0.36874638685861527,0.2719474339980078,0.4733146214600722,0.6666905789333946,0.602755027762507,0.7352561143189903,2.2463541539059417e-96,0.0004997501249375312,0.07296351824087956,2000,3.6316058821479396e-95,1.8728454556583014e-94,0.0008976992984988986,0.0046295002990437905,0.5296425861143502,1.0
morph_vt_sp_plus,Praise,820,4469,0.15503875968992248,0.18047175535366095,0.12430956350259682,0.26155465935671984,0.5363474122546104,0.4700640123570918,0.6174115390035129,0.00045992966497726854,0.10694652673663169,0.8665667166416792,2000,0.000656076139746986,0.0033834321695840044,0.1525560749037246,0.7867427272904419,1.0,1.0
morph_vt_sp_plus,Royal,45,1400,0.031141868512110725,0.051112373702343464,0.02013595805575731,0.1677316324710605,0.5802222222222222,0.41753153515701086,0.7904596505400808,0.03331786433635124,0.10344827586206896,0.4642678660669665,2000,0.08734683353043433,0.4504539466900008,0.2635092710055229,1.0,1.0,1.0
morph_vt_sp_plus,Thanksgiving,28,1136,0.024054982817869417,0.04681278023457734,0.015837792582754102,0.1675076732524704,0.7214222837022133,0.5807837148357349,0.9117253279104983,3.066709033651354e-05,0.0024987506246876563,0.013993003498250875,2000,0.000525919709944732,0.002712206034396436,0.039661987188224064,0.20453974048502566,0.1769365317341329,0.9124745089415311
morph_vt_sp_plus,Trust,15,864,0.017064846416382253,0.028319876172563565,0.010235198764796163,0.07284699349041329,0.6518518518518519,0.444028311325263,0.8571571666561736,0.02178586505479731,0.044977511244377814,0.10394802598700649,2000,0.1619978440229203,0.8354346144668165,0.33187252527582367,1.0,0.7295602198900549,1.0
morph_vt_sp_plus,Wisdom,36,1269,0.027586206896551724,0.0321208375382696,0.013155709476964485,0.07520681907547448,0.5494702740565625,0.4208989167460993,0.722184483509424,0.155452162282203,0.21889055472263869,0.7416291854072964,2000,0.2393469800218046,1.0,0.3217027849711508,1.0,1.0,1.0
morph_vt_sp_plus_psalm,Hymn,136,2261,0.05673758865248227,0.05941124203621972,0.03135567609383773,0.1026887696753846,0.5236751047168093,0.4305573099300673,0.643124923591877,0.17653758623137428,0.2703648175912044,0.9630184907546226,2000,0.4077177586772215,1.0,0.6202694107491709,1.0,1.0,1.0
morph_vt_sp_plus_psalm,Lament,1711,5369,0.24166666666666667,0.3611233823247875,0.27485500364832455,0.46617643655152335,0.6626803938317672,0.5960330850739431,0.7311575194467084,6.716348476967122e-92,0.0004997501249375312,0.07796101949025487,2000,6.514858022658108e-91,3.3597594667342334e-90,0.0008976992984988986,0.0046295002990437905,0.5296425861143502,1.0
morph_vt_sp_plus_psalm,Praise,820,4469,0.15503875968992248,0.18624034539115253,0.13027957467114015,0.2712698547937728,0.543778823221215,0.4774232453171441,0.6223514481656595,3.282645217667343e-05,0.06796601699150424,0.8055972013993004,2000,5.1357513889311655e-05,0.00026485441874165135,0.10807710898649035,0.5573614786258623,1.0,1.0
morph_vt_sp_plus_psalm,Royal,45,1400,0.031141868512110725,0.04603893652749291,0.020057463577828546,0.11027349110129087,0.6090952380952381,0.4752467921972886,0.780937270204844,0.006310060209194506,0.049475262368815595,0.2563718140929535,2000,0.029146468585327,0.1503104494539241,0.2255176759446364,1.0,1.0,1.0
morph_vt_sp_plus_psalm,Thanksgiving,28,1136,0.024054982817869417,0.042639322105074186,0.01734622731251126,0.1025950462782166,0.7131853621730382,0.5828447940552622,0.8449372765948499,5.703694736141127e-05,0.005997001499250375,0.021989005497251374,2000,0.0005511814495331054,0.0028424826550580537,0.039661987188224064,0.20453974048502566,0.1769365317341329,0.9124745089415311
morph_vt_sp_plus_psalm,Trust,15,864,0.017064846416382253,0.03803053688472792,0.013486415700880989,0.11579140834655219,0.7220679012345679,0.45096519612653063,0.8867331723583874,0.0015805002180463356,0.011494252873563218,0.01649175412293853,2000,0.0398828722198067,0.20567886059069582,0.2989338664001333,1.0,0.3999250374812594,1.0
morph_vt_sp_plus_psalm,Wisdom,36,1269,0.027586206896551724,0.031694925818514116,0.014013938520327982,0.06938187570491859,0.552184572279135,0.4082678188567759,0.716630836660608,0.14254901833700462,0.2028985507246377,0.7211394302848576,2000,0.2304542463114908,1.0,0.3174380551659654,1.0,1.0,1.0
sp_1_2_3gram,Hymn,136,2261,0.05673758865248227,0.045166044842753265,0.02699229173021245,0.07858649553399483,0.4246071493612925,0.33478436145812174,0.5293601039846497,0.9984492949831116,0.953023488255872,1.0,2000,0.9999999999997398,1.0,1.0,1.0,1.0,1.0
sp_1_2_3gram,Lament,1711,5369,0.24166666666666667,0.34877949422143983,0.2545810254933187,0.4505804889113707,0.6702158058486501,0.5975523595963917,0.7311767820191419,2.125573984705281e-100,0.0004997501249375312,0.08345827086456771,2000,6.8726892172137426e-99,3.5442956053914183e-98,0.0008976992984988986,0.0046295002990437905,0.5296425861143502,1.0
sp_1_2_3gram,Praise,820,4469,0.15503875968992248,0.15417964758265423,0.10911349836025191,0.21750956019886677,0.4962522308149911,0.43303215570624426,0.5663512222947156,0.6337171589134741,0.5262368815592204,1.0,2000,0.6985291410750795,1.0,0.580056562627777,1.0,1.0,1.0
sp_1_2_3gram,Royal,45,1400,0.031141868512110725,0.04621743239180726,0.01917186114331572,0.11782985665756662,0.5968571428571429,0.436276238985371,0.7625110525909777,0.013397703663724222,0.07246376811594203,0.3778110944527736,2000,0.04813249094004628,0.24822274181708096,0.23328960519740127,1.0,1.0,1.0
sp_1_2_3gram,Thanksgiving,28,1136,0.024054982817869417,0.0350275229404156,0.014556156209391696,0.07858634207068929,0.6629778672032193,0.5274837931156515,0.817434523204447,0.0015902476433632456,0.026986506746626688,0.1024487756121939,2000,0.004820438168944838,0.024859348761850027,0.07074840957899428,0.36485467221653234,0.2839294638395088,1.0
sp_1_2_3gram,Trust,15,864,0.017064846416382253,0.018505677651221943,0.008129698549314139,0.04294385216174392,0.5263117283950617,0.30954291809053974,0.7232441956003806,0.3634425189225682,0.35782108945527236,0.9660169915042479,2000,0.5686116828304696,1.0,0.559816865760668,1.0,1.0,1.0
sp_1_2_3gram,Wisdom,36,1269,0.027586206896551724,0.06164657581456061,0.021290747386353004,0.22187312937253514,0.6247263812275633,0.4679404658147961,0.7913726703625059,0.005306662181479024,0.057971014492753624,0.22688655672163918,2000,0.04679511196395139,0.24132578157647566,0.28249668269313616,1.0,1.0,1.0
sp_1_2_3gram_psalm,Hymn,136,2261,0.05673758865248227,0.0395335458611418,0.024264882174609773,0.06802923908716292,0.34496383692796007,0.2699409997139567,0.4316884653459837,0.9999999994053393,1.0,1.0,2000,0.9999999999997398,1.0,1.0,1.0,1.0,1.0
sp_1_2_3gram_psalm,Lament,1711,5369,0.24166666666666667,0.34792494488649683,0.2528976470813696,0.44468426840760683,0.6718046834442242,0.6024031717363796,0.7347524688917912,3.0646718701180814e-102,0.0004997501249375312,0.07946026986506746,2000,1.4863658570072694e-100,7.665296375980265e-100,0.0008976992984988986,0.0046295002990437905,0.5296425861143502,1.0
sp_1_2_3gram_psalm,Praise,820,4469,0.15503875968992248,0.15403431092444966,0.10812300845995985,0.2154060807758681,0.5003885847764273,0.4396900699868481,0.5705347244789496,0.48587373217280017,0.4707646176911544,1.0,2000,0.5544676708324896,1.0,0.5436210466195474,1.0,1.0,1.0
sp_1_2_3gram_psalm,Royal,45,1400,0.031141868512110725,0.051577716168656404,0.020321572369440426,0.1135518533401673,0.6409365079365079,0.48084725456768007,0.7807059690836712,0.0006356677107078946,0.0239880059970015,0.1584207896051974,2000,0.01027662798977763,0.052997314837375575,0.2255176759446364,1.0,1.0,1.0
sp_1_2_3gram_psalm,Thanksgiving,28,1136,0.024054982817869417,0.03206485220644788,0.013973845352097326,0.06455667453443475,0.6282696177062375,0.47059807985002305,0.7531469426727847,0.010130264341562487,0.05147426286856572,0.20539730134932535,2000,0.01926736551238355,0.09936319940376462,0.09788375043247607,0.5047935902995826,0.39065761237028546,1.0
sp_1_2_3gram_psalm,Trust,15,864,0.017064846416382253,0.020947794209981777,0.0077310526385504195,0.0527750424936477,0.5715277777777777,0.3801763463410101,0.8480238252880923,0.17096242374795034,0.19790104947526238,0.5732133933033483,2000,0.3856594210128182,1.0,0.428741184963074,1.0,1.0,1.0
sp_1_2_3gram_psalm,Wisdom,36,1269,0.027586206896551724,0.05819676233523968,0.020954604094809245,0.20847907720391326,0.6283162595219333,0.48904606859706323,0.8030479916602079,0.0042852371020023995,0.04997501249375312,0.20539730134932535,2000,0.04679511196395139,0.24132578157647566,0.28249668269313616,1.0,1.0,1.0
sp_1_2gram,Hymn,136,2261,0.05673758865248227,0.050931624894466204,0.029365058049568793,0.08886958914038771,0.47651026354814374,0.3800976517207704,0.5848877173712512,0.821604524136743,0.6816591704147926,1.0,2000,0.9999999999997398,1.0,0.9778253730277717,1.0,1.0,1.0
sp_1_2gram,Lament,1711,5369,0.24166666666666667,0.35059861424748007,0.2562230486367454,0.4511539846939708,0.6649352588985473,0.5908929897606376,0.7289280593364327,2.108096906948465e-94,0.0004997501249375312,0.08445777111444278,2000,2.5560674996750138e-93,1.3181825221328396e-92,0.0008976992984988986,0.0046295002990437905,0.5296425861143502,1.0
sp_1_2gram,Praise,820,4469,0.15503875968992248,0.1659027782155032,0.11788108596386046,0.23475173053835363,0.5286714985073323,0.46600224186169575,0.5969836185475482,0.004473062114901508,0.1744127936031984,0.9435282358820589,2000,0.005863338177641166,0.03023765963967494,0.22686656671664168,1.0,1.0,1.0
sp_1_2gram,Royal,45,1400,0.031141868512110725,0.047561568818359885,0.02013391667561462,0.11898250600220499,0.5901587301587301,0.4083721466767413,0.7682951064135275,0.01963605962866224,0.08495752123938032,0.408295852073963,2000,0.061441863999362495,0.3168601426273762,0.24972362303696638,1.0,1.0,1.0
sp_1_2gram,Thanksgiving,28,1136,0.024054982817869417,0.033142656386626855,0.01448163167197798,0.0824219214893859,0.6479816398390342,0.5141198997940004,0.8405812903969345,0.0036999598526117105,0.03398300849575212,0.12643678160919541,2000,0.00948780519254424,0.04892929854083725,0.07659170414792604,0.39498896551441626,0.29975828412324446,1.0
sp_1_2gram,Trust,15,864,0.017064846416382253,0.020960765685194335,0.008420674211456824,0.049412708510771425,0.5722222222222222,0.3379500915700728,0.7924415421205653,0.1686280961198352,0.19490254872563717,0.5642178910544727,2000,0.3856594210128182,1.0,0.428741184963074,1.0,1.0,1.0
sp_1_2gram,Wisdom,36,1269,0.027586206896551724,0.05262829785033977,0.019913518990024248,0.17546765784633225,0.6012608353033885,0.46754423471378226,0.8066979261441899,0.019020389545262275,0.08445777111444278,0.3268365817091454,2000,0.078865603893459,0.4067156311913788,0.28249668269313616,1.0,1.0,1.0
sp_1_2gram_psalm,Hymn,136,2261,0.05673758865248227,0.044806490438990966,0.02700634576609447,0.07595582766886526,0.417885110700627,0.3353531317385409,0.5056147722171606,0.9993617015554038,0.9730134932533733,1.0,2000,0.9999999999997398,1.0,1.0,1.0,1.0,1.0
sp_1_2gram_psalm,Lament,1711,5369,0.24166666666666667,0.35097901557898514,0.2528572500756681,0.4433183756409931,0.6646986036578801,0.5893363809363337,0.7263026553947117,3.8745800379808e-94,0.0004997501249375312,0.08545727136431784,2000,4.175936263157085e-93,2.1535605755068162e-92,0.0008976992984988986,0.0046295002990437905,0.5296425861143502,1.0
sp_1_2gram_psalm,Praise,820,4469,0.15503875968992248,0.16762418095718892,0.11791884951265943,0.2365286275166806,0.5295299870653662,0.46625520644691276,0.5917524631110556,0.003547217231050349,0.17541229385307347,0.9400299850074962,2000,0.00477888988072061,0.02464508123030526,0.22686656671664168,1.0,1.0,1.0
sp_1_2gram_psalm,Royal,45,1400,0.031141868512110725,0.050036419693174364,0.019802754619948834,0.12466035066177178,0.6275238095238095,0.46996473521433146,0.799400679091175,0.0017745279628680923,0.03498250874562719,0.19490254872563717,2000,0.017212921239820492,0.08876828149516924,0.2255176759446364,1.0,1.0,1.0
sp_1_2gram_psalm,Thanksgiving,28,1136,0.024054982817869417,0.03208385005829846,0.015096957839995383,0.06717781952120694,0.6236795774647887,0.45921500450676045,0.7635657989575815,0.01259733380516779,0.0559720139930035,0.2158920539730135,2000,0.023498872675024533,0.12118538831224397,0.10243934636455358,0.5282871284644689,0.39512319312042093,1.0
sp_1_2gram_psalm,Trust,15,864,0.017064846416382253,0.023623703338132563,0.009179004120210332,0.0761894002576783,0.6195216049382716,0.4148529995337355,0.8375250581953134,0.05609873670885985,0.08895552223888056,0.23488255872063968,2000,0.20929144079843867,1.0,0.33187252527582367,1.0,0.8762926229193095,1.0
sp_1_2gram_psalm,Wisdom,36,1269,0.027586206896551724,0.051578764306268496,0.018966649997438963,0.19527377545025762,0.602136415375186,0.46117195957081986,0.8144314958880353,0.018203429523494682,0.0814592703648176,0.3313343328335832,2000,0.078865603893459,0.4067156311913788,0.28249668269313616,1.0,1.0,1.0
sp_1gram,Hymn,136,2261,0.05673758865248227,0.05674717422608922,0.03011520711425189,0.10173224051546713,0.49590888987173815,0.41569603796978544,0.6056418651908905,0.5637745097722883,0.5112443778110944,1.0,2000,0.9942932263256721,1.0,0.8876079201778421,1.0,1.0,1.0
sp_1gram,Lament,1711,5369,0.24166666666666667,0.3484320393856035,0.25223471375153955,0.4466807763512831,0.6478500350356436,0.5823699215584413,0.716828986179069,2.733297663019084e-76,0.0004997501249375312,0.10644677661169415,2000,1.6570617082053196e-75,8.545587243410276e-75,0.0008976992984988986,0.0046295002990437905,0.5296425861143502,1.0
sp_1gram,Praise,820,4469,0.15503875968992248,0.19505362578120983,0.13461185104067167,0.28448665094838343,0.5728910270754084,0.5085797239051081,0.6482720358150122,1.507734796759815e-11,0.009995002498750625,0.5097451274362819,2000,3.4821494115643345e-11,1.7957696713263087e-10,0.02154478316397357,0.111108007177051,1.0,1.0
sp_1gram,Royal,45,1400,0.031141868512110725,0.04785996430993543,0.019024084819010686,0.16748583067676573,0.5484603174603174,0.37606839663367914,0.768163891299101,0.13395728919503902,0.20589705147426288,0.7336331834082959,2000,0.19687662199876949,1.0,0.30260627262126516,1.0,1.0,1.0
sp_1gram,Thanksgiving,28,1136,0.024054982817869417,0.03539846099206797,0.012500993952692682,0.132412873007203,0.6510626257545271,0.5143714727993574,0.9032924260432436,0.0031279539766322076,0.026986506746626688,0.09695152423788106,2000,0.008649158715323187,0.04460433791807739,0.07074840957899428,0.36485467221653234,0.27659699561983714,1.0
sp_1gram,Trust,15,864,0.017064846416382253,0.0267080536189427,0.009205947523281273,0.07309330923233724,0.6210648148148148,0.3439829606320292,0.8703780409790496,0.05381819024120514,0.07946026986506746,0.19640179910044978,2000,0.20929144079843867,1.0,0.33187252527582367,1.0,0.8221489255372314,1.0
sp_1gram,Wisdom,36,1269,0.027586206896551724,0.040382724106817994,0.017000591971894925,0.15592235338608273,0.5653401628578933,0.4534675442283948,0.8058451705846228,0.09037167947728486,0.15592203898050974,0.5702148925537232,2000,0.18262610227701317,0.9418160363034657,0.28915366877964527,1.0,1.0,1.0
sp_1gram_psalm,Hymn,136,2261,0.05673758865248227,0.05350442396075563,0.027888543172554896,0.09289683761273511,0.479703801025054,0.3916110822245032,0.5904351375609213,0.7870490796939775,0.6736631684157921,1.0,2000,0.9999999999997398,1.0,0.9778253730277717,1.0,1.0,1.0
sp_1gram_psalm,Lament,1711,5369,0.24166666666666667,0.33894137930134327,0.24900167964099235,0.4341347148552205,0.6395459833433463,0.5756938150748842,0.7056133357839441,3.3840350469506385e-68,0.0004997501249375312,0.1359320339830085,2000,1.4920518161555087e-67,7.694619279118478e-67,0.0008976992984988986,0.0046295002990437905,0.5296425861143502,1.0
sp_1gram_psalm,Praise,820,4469,0.15503875968992248,0.1983686504891877,0.1349950439999078,0.28090928162242473,0.5741402834704114,0.5122435303166963,0.6484139690058108,6.913211057264284e-12,0.00849575212393803,0.49525237381309345,2000,1.635564567206428e-11,8.43472493032908e-11,0.019621141810047354,0.10118764939338572,1.0,1.0
sp_1gram_psalm,Royal,45,1400,0.031141868512110725,0.049040589910127504,0.01877023066410965,0.13780251014066852,0.5839047619047619,0.425725258380107,0.7725011197631151,0.027534881341519515,0.09395302348825588,0.4177911044477761,2000,0.07631095686078265,0.39354113142124125,0.2598839469154312,1.0,1.0,1.0
sp_1gram_psalm,Thanksgiving,28,1136,0.024054982817869417,0.03342174169985108,0.013839421572504873,0.07997766875921233,0.6377326458752515,0.4862517994919818,0.810347205827977,0.006337448312548567,0.03698150924537731,0.1424287856071964,2000,0.013660721918160243,0.07044933232211333,0.07659170414792604,0.39498896551441626,0.29975828412324446,1.0
sp_1gram_psalm,Trust,15,864,0.017064846416382253,0.030222178782665435,0.010281713440627777,0.07177512547763483,0.6809413580246914,0.4178992687471997,0.8583265617669005,0.008088445759874816,0.026486756621689155,0.050474762618690654,2000,0.0997980255957844,0.5146656459598767,0.33187252527582367,1.0,0.6120064967516242,1.0
sp_1gram_psalm,Wisdom,36,1269,0.027586206896551724,0.03857191830928337,0.01613760914892202,0.12736185689050636,0.5621880745994221,0.4316336699572747,0.7821506446620791,0.10135128549942563,0.16591704147926037,0.6006996501749126,2000,0.19276617045969185,0.9941091023251644,0.28915366877964527,1.0,1.0,1.0
