model,scope,prevalence,point_ap,ap_ci_low,ap_ci_high,ap_ci_low_pct,ap_ci_high_pct,point_gap,gap_ci_low,gap_ci_high,gap_ci_low_pct,gap_ci_high_pct,point_auc,auc_ci_low,auc_ci_high,auc_ci_low_pct,auc_ci_high_pct,n_valid_resamples,n_valid_jackknife
homograph_binary,overall,0.2850539291217257,0.34285564531081536,0.28719346758435704,0.3795455164877698,0.3038536474588733,0.3892552700774577,0.3812311647529407,0.2556087873464021,0.5644729215937251,0.23057602019840917,0.5353515508340078,0.5613233923578751,0.5390807940810715,0.597816651819064,0.5347808891072173,0.5879352953626982,1000,150
homograph_binary,Antithetic,0.01694915254237288,0.027351355050055176,0.01406527412272405,0.0512236228410789,0.014298968485715161,0.05265685432889893,0.5023697751766677,-0.00953113068230772,1.1340034727388562,-0.06648379909668385,1.0727297741801152,0.6003651819923371,0.4960851644586647,0.7225762273047928,0.4913423297983266,0.7118367463676725,1000,148
homograph_binary,Emblematic,0.009252669039145907,0.035014322126085254,0.008690171011150905,0.11719679056787358,0.009093532583429874,0.12806721992868403,0.551400357089107,-0.312695637736484,1.6601785501221602,-0.35633351101420274,1.4688331389661389,0.5152036361626879,0.3971249542702703,0.6461201006382037,0.39214477044911306,0.637693946815895,1000,148
homograph_binary,Staircase,0.0096051227321238,0.032941985785193376,0.012403629974691193,0.08498720703271202,0.012349306483565409,0.08471339014062497,1.0310676731437107,0.13500976406353019,1.9419590781371034,0.10733874837727374,1.91816220487678,0.6465650276713495,0.495181127580153,0.7906032565887288,0.4951059378811272,0.790602636676871,1000,146
homograph_binary,Synonymous,0.15096065873741996,0.20295481283597194,0.1617548462278947,0.24791576447155825,0.1639339615624129,0.2522404176582129,0.47301621032167485,0.28322127054612384,0.7248132425449593,0.26235281861891785,0.6975023815086103,0.58304162312783,0.5490424731709433,0.6245951233669343,0.5457197344021907,0.6212610433537115,1000,149
homograph_binary,Synthetic,0.1558520315342632,0.18332720445108472,0.14482279448918878,0.21426145619183382,0.15240006170389417,0.21944126421181287,0.23878323560089143,0.09380147539076718,0.4355144515453505,0.06545411061069012,0.3941170412948725,0.5346172821906168,0.5093075956767209,0.5720490080853818,0.5040307318151522,0.5636493020337112,1000,150
homograph_count,overall,0.2850539291217257,0.34418680948461766,0.29043666067921314,0.37908028025897067,0.3042927990887701,0.3908571918318886,0.37061515433073905,0.2518227877400399,0.5641040478786341,0.21988476542597216,0.5194100473431683,0.5611481632494564,0.53958691929983,0.6014005842457936,0.5339204947999904,0.5876068500574095,1000,150
homograph_count,Antithetic,0.01694915254237288,0.02464975309109227,0.011852046933673865,0.041297660032915476,0.012967259124034836,0.04535839566572925,0.4279831496597983,-0.06847638768110563,0.9194006867921825,-0.08857101559069233,0.9149834383750403,0.5888784123563219,0.4878342052243518,0.6980609695549957,0.4840866728999528,0.691476437003227,1000,148
homograph_count,Emblematic,0.009252669039145907,0.036544939294217,0.008662001274691536,0.10679997959400986,0.009848051695798995,0.11661585978435249,0.5073402381599499,-0.3344894381522382,1.5139611134160065,-0.37137079152248925,1.4329925986526653,0.5143954465075155,0.3970391737198318,0.6460679558447234,0.391598540448195,0.6373832894911126,1000,148
homograph_count,Staircase,0.0096051227321238,0.042851935293871705,0.012362337307245036,0.09885608355758453,0.014834011626599116,0.11115218797382093,1.1051927194397333,0.1453743103592817,1.9922073734569508,0.1536498273958571,2.011446655832844,0.6402857598978289,0.49404504928455767,0.786142344477547,0.4895033653154102,0.783948473661523,1000,146
homograph_count,Synonymous,0.15096065873741996,0.2001901628057654,0.1585716913363353,0.2423720548940593,0.16162102535170822,0.2492419866230307,0.44224804695334513,0.25571457329380487,0.6665336688810584,0.23844732894037507,0.6560838223691291,0.5801466533147568,0.5468490766792435,0.6210764129812721,0.5437089863345017,0.6178009358647514,1000,149
homograph_count,Synthetic,0.1558520315342632,0.18888427095442809,0.1515053489215045,0.22039363819128488,0.15724708790416797,0.22447586207880046,0.25077003358854594,0.10907189347948049,0.4353336927914083,0.08112972338098122,0.40865396151222577,0.5384702468804509,0.512971536548898,0.5767648038025024,0.5084602870584847,0.5676213172296216,1000,150
homograph_icf,overall,0.2850539291217257,0.3348950694850952,0.2816259878653549,0.3707685565234487,0.2945488178534413,0.3807888746428356,0.47142658882464594,0.2835208013785784,0.7279285715315905,0.25768472821324995,0.6791099409807816,0.5605443266542405,0.5389190851882273,0.5989095576699563,0.5346108544218737,0.587663035565618,1000,150
homograph_icf,Antithetic,0.01694915254237288,0.02840002530902028,0.012527867901159027,0.048929652579872064,0.015016181530094663,0.05506609108739839,0.753766818467689,0.022160384917394832,1.6188626481425032,-0.011996832576843497,1.5956792401148547,0.6014839260057471,0.49572086534135534,0.7092471825773129,0.49525519131760626,0.7032240077900671,1000,148
homograph_icf,Emblematic,0.009252669039145907,0.035632340360519286,0.009007430061586946,0.10294882125080984,0.010597014601498785,0.11591972613692318,1.5237674185343386,0.0748370412311905,3.451432336812209,-0.10605839142268575,3.215746126055941,0.5440636052166224,0.40979078938816876,0.7118140894033053,0.4051735022129921,0.6957159069956005,1000,148
homograph_icf,Staircase,0.0096051227321238,0.04824290276213084,0.015253277305123023,0.11516561822193709,0.01630033585430109,0.12121355456487352,2.2561890594014127,0.7524768356866669,3.862197669009626,0.7120521650755793,3.7797619296651668,0.6438710621541082,0.4906270255205274,0.7832956738442858,0.48869787311158,0.7815805839476748,1000,146
homograph_icf,Synonymous,0.15096065873741996,0.18511831609218676,0.1444335998364284,0.22143259510683452,0.1500506015847155,0.22920438295197365,0.4256908497889592,0.1637332833872868,0.7279378231526765,0.15105883839035836,0.7103400962659133,0.5762604493207941,0.5421290390664079,0.6171740389599486,0.539756383393905,0.6141497960164588,1000,149
homograph_icf,Synthetic,0.1558520315342632,0.18267041453313537,0.14364405435434424,0.2136700435433735,0.15197660734575108,0.21930382794323747,0.34212194197984847,0.11582296244687458,0.6144035939183049,0.07417016166967863,0.5656457707594129,0.5380425667516436,0.5119905514152334,0.5727769829953494,0.5081043386846031,0.5680089865983216,1000,150
homograph_icf_position2,overall,0.2850539291217257,0.33443660963332944,0.28022951334106677,0.3711608530081749,0.29356185581399247,0.38074746720088076,0.6071278293228779,0.35913365581541534,0.9277659996145489,0.3417398857966273,0.8692483083924747,0.5601652298850575,0.5398811661057149,0.5957047511166265,0.5346528715190422,0.5860582503041686,1000,150
homograph_icf_position2,Antithetic,0.01694915254237288,0.02746880991620313,0.012455730946734097,0.04891526863103535,0.014480209321668715,0.05492515677172797,0.90350169805908,-0.07558139701203866,2.0339319346684253,-0.12631542082907118,1.9704921354930198,0.5833183668582376,0.4830576925512222,0.6943026566610125,0.4760215145644562,0.6876564388933635,1000,148
homograph_icf_position2,Emblematic,0.009252669039145907,0.035807745910890074,0.008640408190558762,0.10494227759714078,0.009892323739540163,0.11618219743975916,1.8584496239537367,-0.008111120053663705,4.4207338494513575,-0.22714991445401556,4.161098547976579,0.5253785366931919,0.40446228982853166,0.7062797900022122,0.3881426412378743,0.6750726811863489,1000,148
homograph_icf_position2,Staircase,0.0096051227321238,0.041458552674116134,0.012159714988071233,0.08919935027525408,0.015232923116450005,0.10617057208931423,2.5351265289919196,0.9413719711410716,4.510897561117973,0.8726071820199316,4.442575233516309,0.6227783099191145,0.48578068828164583,0.7401524723684055,0.4910253995993314,0.7471248785449516,1000,146
homograph_icf_position2,Synonymous,0.15096065873741996,0.18539691446184609,0.14425657801805428,0.22080052867911365,0.15007236477686858,0.22930724836840347,0.5550264460631933,0.21906726904639395,0.9536455133717838,0.20240591545311956,0.9310577564456944,0.5767781986531987,0.5438653991689468,0.6170767302828081,0.5413921600800903,0.6150391911526406,1000,149
homograph_icf_position2,Synthetic,0.1558520315342632,0.18393277949755338,0.14526419307066804,0.21629168937092927,0.15282868047015513,0.22088327770456695,0.4650537193282076,0.17714540447744154,0.8099176135343114,0.12329429285396973,0.7578216443779076,0.5404748227782996,0.514902194628268,0.574188741818026,0.5111521868324328,0.569459142983867,1000,150
homograph_icf_position2_psalm,overall,0.2850539291217257,0.26100021267164997,0.16739050292373828,0.3147137860274964,0.20337060805040003,0.330495719505727,0.0,0.0,0.0,0.0,0.0,0.43978946619032827,0.31338823435130886,0.4973927361718919,0.35799996501713605,0.512763186268185,1000,150
homograph_icf_position2_psalm,Antithetic,0.01694915254237288,0.014803241103653181,0.006203042026833544,0.024686870048756505,0.007361320008181651,0.02706256570680641,0.0,0.0,0.0,-1.7763568394002505e-15,0.0,0.412180465756705,0.26006691528770565,0.5516299653513973,0.26836884693562096,0.5593339850249583,1000,148
homograph_icf_position2_psalm,Emblematic,0.009252669039145907,0.008068554324217842,0.0037636025288560124,0.015759999648153212,0.003620577714733897,0.015229666200795642,0.0,0.0,0.0,-1.7763568394002505e-15,0.0,0.34925536030061893,0.20992213405067062,0.46487875840050463,0.2166277238051857,0.46991345045577515,1000,148
homograph_icf_position2_psalm,Staircase,0.0096051227321238,0.011229931428461636,0.005298307461234482,0.022238699716774814,0.005174042134627477,0.021214051604669083,0.0,0.0,0.0,0.0,0.0,0.5176205300127714,0.34815036378156056,0.625644164206016,0.38389575365671474,0.6518324172188141,1000,146
homograph_icf_position2_psalm,Synonymous,0.15096065873741996,0.13753527639535768,0.08593090141087932,0.1782373809412921,0.09804375205262172,0.18949031293698618,0.0,0.0,0.0,0.0,0.0,0.4442242104957622,0.3266489290743531,0.5172989484003552,0.3534969523564998,0.528807826438648,1000,149
homograph_icf_position2_psalm,Synthetic,0.1558520315342632,0.14025018339431933,0.08281443134601378,0.17301225021760777,0.10331498601577085,0.18506764476616566,0.0,0.0,0.0,0.0,0.0,0.43858806856299476,0.31094795092265504,0.4966226029165173,0.3525378701459106,0.513312529776321,1000,150
homograph_icf_position4,overall,0.2850539291217257,0.3348013805542017,0.27644268356226015,0.3712136513106509,0.29407482189948797,0.38216679618359617,0.7842326677239164,0.47936468994817993,1.1359612887475903,0.46277643755892833,1.1024942413881798,0.5613086685823755,0.541462469994162,0.5896561637145152,0.5383091322906294,0.5838157491739625,1000,150
homograph_icf_position4,Antithetic,0.01694915254237288,0.02748986438824954,0.012395837189637621,0.049825063577153356,0.014104439665344573,0.05694142997053925,1.1392254559630648,-0.1283430460802528,2.661375911811922,-0.22903562897874574,2.572396576166045,0.5827197078544061,0.4802232479560163,0.6999671923133125,0.4734798704726539,0.690795074926328,1000,148
homograph_icf_position4,Emblematic,0.009252669039145907,0.03824445362900235,0.00874470040668063,0.11524725089105337,0.010338367727805182,0.12788060789799968,2.500855604561861,0.022474611293573102,5.898993823873094,-0.24321090968666442,5.529663887830074,0.5220836096374889,0.399029047461776,0.7133186518944681,0.3827837622077962,0.6771597153914388,1000,148
homograph_icf_position4,Staircase,0.0096051227321238,0.044446696126520094,0.012554669114410066,0.09503757298789287,0.016369780138991274,0.11480231272114279,3.4350915056635807,1.348317860276157,6.029700935644369,1.2613859780953995,5.9302875464002796,0.6339931885908897,0.49624109801268457,0.7494690477833365,0.502026659905659,0.7561879566115434,1000,146
homograph_icf_position4,Synonymous,0.15096065873741996,0.18322304775364318,0.1429388782438218,0.2207303461701048,0.14839690889879478,0.22826874918479284,0.654864933145012,0.223219549783795,1.1562722605788622,0.2013670129628341,1.1129877053800694,0.5742602026007199,0.5390810371011676,0.6102902574922684,0.5381696279615206,0.6100386064578658,1000,149
homograph_icf_position4,Synthetic,0.1558520315342632,0.18628572947887792,0.1459550063169342,0.21774911450666842,0.1552350611038155,0.2246403584775261,0.6495867334805727,0.25825665492561845,1.0527087407323203,0.2379492901052238,1.0136765989995062,0.5450025017889888,0.5213966546531136,0.5757883225357338,0.5175497661443116,0.5721083715723877,1000,150
homograph_icf_position4_psalm,overall,0.2850539291217257,0.2793119524186528,0.2122040384982054,0.31422071142505337,0.2389767322768292,0.32593867360068607,0.0,0.0,0.0,0.0,0.0,0.4876134216112664,0.45442891979696465,0.5194263153843597,0.45666986374657514,0.5230443103342168,1000,150
homograph_icf_position4_psalm,Antithetic,0.01694915254237288,0.016617624405118048,0.008061620359092359,0.026416590240027082,0.008847329892913461,0.027219924191069955,0.0,0.0,0.0,0.0,0.0,0.48702406609195403,0.38267547877654723,0.5959894204963452,0.3768183430848734,0.5898258570098464,1000,148
homograph_icf_position4_psalm,Emblematic,0.009252669039145907,0.009758726108204463,0.0041148733701455885,0.019514684756372542,0.004349781184078334,0.020033078639764907,0.0,0.0,0.0,-8.881784197001252e-16,0.0,0.5118396330680813,0.3729365313751311,0.6359823418255154,0.36484730013213135,0.6306908754389727,1000,148
homograph_icf_position4_psalm,Staircase,0.0096051227321238,0.010481365563336993,0.004726046215102381,0.02074541989256248,0.0047413121284385325,0.02094851579837254,0.0,0.0,0.0,0.0,0.0,0.5330991911451681,0.4069726825831065,0.676185731120713,0.3967683128182714,0.6675867667442069,1000,146
homograph_icf_position4_psalm,Synonymous,0.15096065873741996,0.14550297845314059,0.10906204785221915,0.17579738266582046,0.11280284581281326,0.18013152405254385,0.0,0.0,0.0,0.0,0.0,0.47725567456170903,0.4279511098147899,0.5248797906602829,0.4295510199618517,0.5259449001329307,1000,149
homograph_icf_position4_psalm,Synthetic,0.1558520315342632,0.15364352245575125,0.11576113735649413,0.18096503861051522,0.12475759653701027,0.18631799161805063,0.0,0.0,0.0,0.0,0.0,0.4940285511427166,0.4529347196335093,0.5328443275966459,0.4541132135736938,0.5337171400221075,1000,150
homograph_icf_position8,overall,0.2850539291217257,0.3351525775634623,0.2773959506912319,0.37303777768849716,0.2924423123114818,0.38285620836336093,0.99364639442535,0.6070703560395434,1.3922485227131514,0.5953423571114251,1.3819301362047693,0.5534966539815678,0.5342690169759481,0.5767149475974569,0.5322774900004008,0.5748612027000712,1000,150
homograph_icf_position8,Antithetic,0.01694915254237288,0.03093895535062076,0.01322993655151804,0.05774297867514272,0.015545506127291903,0.06600611655698717,1.7369215595661582,0.13634921182621704,3.6608213121841002,-0.03254762725556704,3.569349484007171,0.6050272389846744,0.5072384559083873,0.7162053248304566,0.5005232817368105,0.7108486551316805,1000,148
homograph_icf_position8,Emblematic,0.009252669039145907,0.04555498576340418,0.010105375360478569,0.13430418011723827,0.011739842395655387,0.14293021649331275,3.4247640866053652,0.2892502913678824,7.8023428672338015,-0.08951388764796209,7.330420431589745,0.5270363616268788,0.4087435656895028,0.7123551276766215,0.39567967084738215,0.6776656352627484,1000,148
homograph_icf_position8,Staircase,0.0096051227321238,0.052375142892386095,0.014247190308733431,0.1124850005039158,0.018546410290606816,0.1310038438062358,4.587712837789258,1.9318323879085864,7.949525606251495,1.7566559192432973,7.853659225284217,0.6355497020008515,0.5165136457670951,0.7535927439274202,0.5186043853184091,0.7590417873485621,1000,146
homograph_icf_position8,Synonymous,0.15096065873741996,0.18122772571176785,0.13933677707326791,0.22043109872602984,0.14469296838841633,0.22702546020831058,0.7740121335700596,0.25808016856392657,1.4159806106692676,0.2091705789788364,1.3802801919519718,0.5580521450133519,0.5239990909351432,0.5936858010787279,0.5236383054049453,0.5925721266639228,1000,149
homograph_icf_position8,Synthetic,0.1558520315342632,0.18850710471636706,0.14794236009118447,0.22023791617035055,0.15585318503777107,0.22718408804753873,0.8239827703574589,0.3879950392465877,1.3217206996795685,0.3458326294371596,1.3041340384215572,0.5413256406816047,0.5191934629611918,0.5675833497240504,0.5167126115080246,0.5654735989387978,1000,150
homograph_icf_position8_psalm,overall,0.2850539291217257,0.3073263689589631,0.27579220254183356,0.3394263912151519,0.27846411192099974,0.3422710907010863,0.0,0.0,0.0,0.0,0.0,0.544943111214663,0.5063802370250479,0.6309692921457662,0.4930089867419011,0.5998601746102638,1000,150
homograph_icf_position8_psalm,Antithetic,0.01694915254237288,0.01815292388038212,0.009683687040342554,0.028714678786165005,0.01011436204725432,0.03003781041087377,0.0,0.0,0.0,0.0,0.0,0.5289040050287356,0.3987332441463684,0.6645999520458657,0.39532253238866993,0.6630884472339753,1000,148
homograph_icf_position8_psalm,Emblematic,0.009252669039145907,0.011351285552429473,0.0051107757648916445,0.02141953516842785,0.0055437045699243855,0.02232164117580203,0.0,0.0,0.0,-2.220446049250187e-17,0.0,0.5682264036251106,0.44391758854392155,0.7120204687824023,0.43457462324471446,0.6973609209055986,1000,148
homograph_icf_position8_psalm,Staircase,0.0096051227321238,0.009535227478655081,0.004331670739035656,0.01665355761797282,0.004759853866189876,0.017476519152073086,0.0,0.0,0.0,0.0,0.0,0.49687366964665813,0.3290024255604735,0.6421296756505609,0.34246197366983155,0.6617171716887543,1000,146
homograph_icf_position8_psalm,Synonymous,0.15096065873741996,0.17099150141029493,0.14428444244728386,0.20247209048339423,0.14210290566113995,0.20096078303204318,0.0,0.0,0.0,0.0,0.0,0.5626552885173575,0.5106983265678154,0.6452450241440025,0.5012848805883671,0.628253667095453,1000,149
homograph_icf_position8_psalm,Synthetic,0.1558520315342632,0.16623085722748165,0.14188315321510053,0.1924392180145854,0.1431378431685992,0.19415624429980052,0.0,0.0,0.0,0.0,0.0,0.5307307739612684,0.4827787681726243,0.6222610470905743,0.468833443585543,0.5963036071115089,1000,150
homograph_icf_position_mean,overall,0.2850539291217257,0.33490940002401615,0.2805089771535755,0.37062363484250355,0.2942638353019807,0.3804873246918235,0.5633030839030001,0.33873538088104055,0.8689936227332509,0.30671833400504933,0.81114909544045,0.5605255578854716,0.5388542860930278,0.5988081633511639,0.5346297506082769,0.587627671950679,1000,150
homograph_icf_position_mean,Antithetic,0.01694915254237288,0.028417622601179755,0.0125050276351952,0.04892257683860546,0.015011708797220743,0.05506790238399168,0.9038366115552793,0.021184311572241734,1.9392099553805504,-0.012460144699730632,1.911250586173803,0.6015363086685823,0.49573461446459294,0.70936910854249,0.49534146835694925,0.7032075724523339,1000,148
homograph_icf_position_mean,Emblematic,0.009252669039145907,0.03620137470080918,0.008905791165248016,0.10563617144474687,0.010377077074902465,0.11722536886744946,1.8230290735733252,0.07748236958017521,4.148819323642961,-0.1312904194130133,3.8504126412179707,0.5435800729442971,0.40938400542149234,0.7100971778668264,0.4046320851379304,0.6940212469236288,1000,148
homograph_icf_position_mean,Staircase,0.0096051227321238,0.04787110600048467,0.01537780719869662,0.11506942202122436,0.01621723525809268,0.12076085911245336,2.7004484311041725,0.9010112018019244,4.616276217271434,0.850441475825947,4.5107928947795255,0.6438045444870157,0.4906541696499667,0.7832525430391609,0.48865892246129367,0.7814971972198014,1000,146
homograph_icf_position_mean,Synonymous,0.15096065873741996,0.18505963606106582,0.14443969015439959,0.22133026902723504,0.14993028464876793,0.2293449849375951,0.5090532180923465,0.19383881496607816,0.8726145942392253,0.18052068996759124,0.8504943836714556,0.5762499274352723,0.5421193505215739,0.6172077832916613,0.5398010480632215,0.6141373508023719,1000,149
homograph_icf_position_mean,Synthetic,0.1558520315342632,0.1828284935673215,0.14423981483414747,0.2139647041660381,0.15206708034082883,0.21926643016451633,0.40776276122421373,0.13205298626894232,0.7316973681908193,0.08624943260505166,0.67622272258228,0.5380352291023749,0.511908337375227,0.5726785123151611,0.5080890121358697,0.5679957832856478,1000,150
homograph_icf_position_mean_psalm,overall,0.2850539291217257,0.31111659409524844,0.278372254399596,0.3420047140075449,0.28088090729292275,0.34540702777768145,0.0,0.0,0.0,0.0,0.0,0.5448389121880501,0.5062187329991257,0.6292131651815978,0.4913489153707142,0.5924276597223297,1000,150
homograph_icf_position_mean_psalm,Antithetic,0.01694915254237288,0.01945287359269143,0.010006039147514235,0.03218009846386479,0.010292268210077638,0.03258949701415626,0.0,0.0,0.0,0.0,0.0,0.5553946659482759,0.4245433489534705,0.6809979736199594,0.41380435465303284,0.6703379345603817,1000,148
homograph_icf_position_mean_psalm,Emblematic,0.009252669039145907,0.009430880910648478,0.004367558683735467,0.01729803140193433,0.004444815898554396,0.01782096760931681,0.0,0.0,0.0,-1.7763568394002505e-15,0.0,0.5012088306808135,0.3653006671079169,0.6664023391709814,0.34697905974455506,0.6412990240529031,1000,148
homograph_icf_position_mean_psalm,Staircase,0.0096051227321238,0.016939019395159745,0.005332894307400324,0.04046850262934812,0.006082603738711151,0.049711992596506244,0.0,0.0,0.0,0.0,0.0,0.5855816304810557,0.47441827321952806,0.7198393700366621,0.4628926480280254,0.7042611515688407,1000,146
homograph_icf_position_mean_psalm,Synonymous,0.15096065873741996,0.15850995083452948,0.1312672494142787,0.1848470449085345,0.13213114926793038,0.18597027758768844,0.0,0.0,0.0,0.0,0.0,0.5201668263090677,0.46502326161044205,0.5996905517260369,0.45617631726458846,0.5896294510640349,1000,149
homograph_icf_position_mean_psalm,Synthetic,0.1558520315342632,0.1842799410909878,0.15379710446555703,0.21547354120399712,0.1545463441005747,0.21654008850519516,0.0,0.0,0.0,0.0,0.0,0.5676800309718681,0.5170716655188066,0.6419772565380402,0.5114176098159469,0.6243449767765301,1000,150
homograph_icf_spacing2,overall,0.28036876355748375,0.2824790795939179,0.20773665407475395,0.3234038938692436,0.23270364423305243,0.3337434980451262,0.013847924091302727,-0.1178796241717556,0.09301153607164615,-0.08831765703303036,0.11454067362738589,0.5036075614487967,0.47237770991053823,0.5291766978329117,0.47772649169406717,0.5331721398991003,1000,150
homograph_icf_spacing2,Antithetic,0.01776461880088823,0.014240397816017183,0.007596010496970437,0.022529441092933894,0.008088716438100038,0.023310516371333138,-0.2254548541176694,-0.6796532412556587,0.20746238279798637,-0.724049217668659,0.18858869141668105,0.4109991208239136,0.31056640309262984,0.5217441209032243,0.30314471498425294,0.5106472653428822,1000,147
homograph_icf_spacing2,Emblematic,0.006736526946107785,0.009543626782968058,0.003753311453042814,0.03393221673237404,0.0031305359220400986,0.027908941833146336,0.005018100104324158,-0.48493485266360636,0.38164577813178086,-0.427820378975994,0.4204252875188426,0.4998744034162271,0.37016330424466903,0.6618725202413307,0.35858366789663454,0.6485272032243342,1000,147
homograph_icf_spacing2,Staircase,0.009701492537313432,0.008416644335396377,0.004114233687389193,0.015895341761409578,0.0041880752525713235,0.017121163600194354,-0.29762960998670196,-1.5079156079738045,0.19979902821490145,-1.1543202106691883,0.30329171688347484,0.43456901049214536,0.3013651308242271,0.5504199784543938,0.3058099824964526,0.5583306705793426,1000,145
homograph_icf_spacing2,Synonymous,0.14826700898587933,0.16529175221318626,0.11282346920145889,0.2038617171461434,0.12252456358702343,0.2107619987059881,0.14398791390386934,-0.005976667181616123,0.26891335165510716,0.00868248077757454,0.28397161301838547,0.5416776767568026,0.5030694356325672,0.5843504792048095,0.502368580142851,0.5838739240153081,1000,149
homograph_icf_spacing2,Synthetic,0.15315890236119975,0.14613271704505904,0.10521037570167675,0.1714398472609299,0.11623716804964457,0.17863988474971287,-0.07027872012032453,-0.19196610635049632,0.028584576330102206,-0.1797450279365841,0.03841199088555997,0.48010550113036926,0.4451844677368668,0.5120101663040195,0.44672208225490867,0.5138621684322141,1000,150
homograph_icf_spacing2_psalm,overall,0.2850539291217257,0.2628874096674592,0.18566297198949266,0.30258316290300347,0.2150904774060104,0.31473687405835593,0.0,0.0,0.0,0.0,0.0,0.44736120819094954,0.4072151164816885,0.4777089579842918,0.4151000409043976,0.48484049552411923,1000,150
homograph_icf_spacing2_psalm,Antithetic,0.01694915254237288,0.01734311422073507,0.008860379982891332,0.028549577721672107,0.009144314216672588,0.02883136610614389,0.0,0.0,0.0,0.0,0.0,0.49841355363984674,0.3737070019093139,0.588701755341331,0.3812243158827114,0.6003938340885461,1000,148
homograph_icf_spacing2_psalm,Emblematic,0.009252669039145907,0.007760679432175043,0.0035432228882682627,0.013865093507080357,0.003647866718749442,0.014270221425950027,0.0,0.0,0.0,-6.772360450213455e-15,0.0,0.4015735521662246,0.2683506980734711,0.5275470854617444,0.2701809707318866,0.528697693505249,1000,148
homograph_icf_spacing2_psalm,Staircase,0.0096051227321238,0.010048018410218594,0.004882466791431996,0.01767456185341123,0.005229355033959336,0.019082974815346116,0.0,0.0,0.0,-3.3306690738754696e-15,0.0,0.505141815666241,0.3427404975807002,0.6271219586828758,0.3625774973321741,0.6353219674790316,1000,146
homograph_icf_spacing2_psalm,Synonymous,0.15096065873741996,0.1315276778265088,0.09277933662359344,0.15958061760660328,0.09901988554485489,0.16557908199367724,0.0,0.0,0.0,0.0,0.0,0.4201973034947173,0.37281400950896254,0.46820157961979425,0.3764772564454584,0.47205486340416997,1000,149
homograph_icf_spacing2_psalm,Synthetic,0.1558520315342632,0.1468424194124177,0.10796499778302443,0.17316527914415114,0.11636277136861423,0.18277326900908508,0.0,0.0,0.0,0.0,0.0,0.4680344044903618,0.4206813096250742,0.5092576209754868,0.4238447340330911,0.5133597259134306,1000,150
homograph_icf_spacing4,overall,0.28036876355748375,0.2904545895414169,0.19620932256091225,0.3391755140053683,0.22998247984771975,0.35597719542473716,0.02502411092015372,-0.15193962248153633,0.1155612018026455,-0.10484282437716232,0.1548115134444919,0.5120474332382492,0.45519952177429385,0.5412903783417085,0.47314904568339916,0.5500553442931808,1000,150
homograph_icf_spacing4,Antithetic,0.01776461880088823,0.019055391305550937,0.009053621058446301,0.03290321052230175,0.009839468959306628,0.035169842882533574,-0.01718142423415181,-0.4384035117777571,0.3708925412524017,-0.44087036001939667,0.3685018446503006,0.516398203968852,0.39628790220545684,0.6571701465093115,0.39100050009554016,0.6460845446538925,1000,147
homograph_icf_spacing4,Emblematic,0.006736526946107785,0.005822147745504001,0.0023841979166887646,0.011466598233415696,0.002690276127860791,0.012922873952487096,-0.26660968155080855,-1.0224589023997133,0.2858666365099893,-0.9468427002849823,0.34565782452925814,0.4208113539311731,0.26588866713679277,0.5705502731439602,0.2682956677799786,0.5722475077645768,1000,147
homograph_icf_spacing4,Staircase,0.009701492537313432,0.00998033954890494,0.004779507286477453,0.023436081575659247,0.004645180488062586,0.023144598821956557,-0.11748714003091634,-0.9783127697663326,0.34450999127241533,-0.7952499828822112,0.42346331592737635,0.4780302591154136,0.31342458356310954,0.61111090196305,0.32514447361598525,0.6176810732972783,1000,145
homograph_icf_spacing4,Synonymous,0.14826700898587933,0.1730131570773848,0.11059514643428137,0.22301931264385305,0.12421434783290537,0.23611603994004288,0.12808494393431652,-0.07249803997292588,0.2662451741499871,-0.044106841897791994,0.29251847829410016,0.5436423661743933,0.4855573922301347,0.5880397380661037,0.4899736581240422,0.5937083582813019,1000,149
homograph_icf_spacing4,Synthetic,0.15315890236119975,0.1485917510234291,0.09633055394329802,0.17813129533176683,0.11182180812623511,0.18877072782852683,-0.05129576069636982,-0.22673035799616334,0.05314347625068463,-0.18268347152295017,0.07890193265821442,0.48646618311981915,0.4388215667597832,0.5183792871325923,0.4465828386725679,0.5236440727272859,1000,150
homograph_icf_spacing4_psalm,overall,0.2850539291217257,0.28966764072639084,0.22070995742300292,0.3324066727453957,0.238857816798226,0.3459282691580213,0.0,0.0,0.0,0.0,0.0,0.503876236149943,0.468069008605657,0.5411707510507514,0.4702704954677059,0.5424271576360643,1000,150
homograph_icf_spacing4_psalm,Antithetic,0.01694915254237288,0.026465009015164746,0.01262146616606575,0.06259877825594501,0.010821660580797268,0.054673591097023785,0.0,0.0,0.0,0.0,0.0,0.5966422713122606,0.4612082012141472,0.7397125952691787,0.456870261060329,0.7339969140083694,1000,148
homograph_icf_spacing4_psalm,Emblematic,0.009252669039145907,0.011158658700088862,0.005332681976893656,0.02565402244974234,0.005205257426494091,0.02499210529921876,0.0,0.0,0.0,0.0,0.0,0.5552815539345711,0.3986836552870532,0.6970347919319787,0.4004000744530207,0.6987233520127362,1000,148
homograph_icf_spacing4_psalm,Staircase,0.0096051227321238,0.010170412648111348,0.004869443784059431,0.020498531477912137,0.004622688702768347,0.019210172116949056,0.0,0.0,0.0,0.0,0.0,0.5087670285227757,0.3629032614393314,0.5880599136074874,0.3932534194372347,0.59744212271682,1000,146
homograph_icf_spacing4_psalm,Synonymous,0.15096065873741996,0.14978035611552967,0.1111304674703243,0.18229538625423078,0.11506881743268833,0.18810554434085802,0.0,0.0,0.0,0.0,0.0,0.4897658336235922,0.44114275832055927,0.5339559097898218,0.4413220750876156,0.5340395767116081,1000,149
homograph_icf_spacing4_psalm,Synthetic,0.1558520315342632,0.15933151499879533,0.11741708042882117,0.18841472306620524,0.12409853913698281,0.19580137372083073,0.0,0.0,0.0,0.0,0.0,0.5059448935551679,0.46144867638301434,0.5500443987864312,0.4595176012818754,0.548504474827752,1000,150
homograph_icf_spacing8,overall,0.28036876355748375,0.29169877770234043,0.18920381523556995,0.3456763937610737,0.22892764721043457,0.3660183501604299,-0.025073405993954412,-0.2481697197950433,0.09070886821004108,-0.18792644153544383,0.1323016837974694,0.49373304628319137,0.42586739324783623,0.5270197136289386,0.44872151022728246,0.5386292168468283,1000,150
homograph_icf_spacing8,Antithetic,0.01776461880088823,0.0162481472201478,0.007788121596221906,0.02761043966610818,0.008726612525680357,0.030702157369328208,-0.1801761999397773,-0.6123515110215304,0.3009788225607833,-0.6263371138131432,0.28340662747780954,0.4525009419743783,0.3444719924169521,0.6022747112309708,0.3352620617357238,0.5797837838284365,1000,147
homograph_icf_spacing8,Emblematic,0.006736526946107785,0.0058976102033324596,0.002014340985420292,0.012119904082750307,0.002519628420473467,0.014365029334511321,-0.28831051546059927,-0.9183084016827953,0.24454434745694442,-0.8880421494050225,0.2723865709009794,0.4012392196265595,0.2541550995734709,0.556050969136679,0.24431033414911082,0.547993159240197,1000,147
homograph_icf_spacing8,Staircase,0.009701492537313432,0.010846635531052366,0.004837140374043234,0.022874896953559862,0.005205720764619778,0.024770447423700867,-0.016657499710533652,-0.7334805148036133,0.47114643799237804,-0.6447297152407545,0.5147415607549506,0.5164628137499275,0.3621960506537078,0.6380392115378315,0.37691689126834055,0.6501064649310683,1000,145
homograph_icf_spacing8,Synonymous,0.14826700898587933,0.17174126979763815,0.10733255767205899,0.22907475128554294,0.11814973988366512,0.2410839111206234,0.03857531063412328,-0.193604843327143,0.20734662291486697,-0.16022796541817794,0.2319206460589109,0.5068327803821399,0.43497002321906925,0.5573050186484789,0.4460877081650079,0.5629819810945323,1000,149
homograph_icf_spacing8,Synthetic,0.15315890236119975,0.15543909051833626,0.09871329004885487,0.19027016205720607,0.11481476467354225,0.2016241132327192,-0.061409486339249975,-0.29378940504960754,0.06667992434410719,-0.23371963931834078,0.09364337187985738,0.487485085405677,0.42732113775368225,0.5226136258917877,0.4397972592047205,0.5296357596689718,1000,150
homograph_icf_spacing8_psalm,overall,0.2850539291217257,0.2776686617511453,0.21209690458826447,0.3135085851881878,0.23191427307620907,0.323958363637216,0.0,0.0,0.0,0.0,0.0,0.48115000776638706,0.44972846800639654,0.5117606705079945,0.45006747316947693,0.5120815184770776,1000,150
homograph_icf_spacing8_psalm,Antithetic,0.01694915254237288,0.015777576868809998,0.00796710330286589,0.02667975644271043,0.00801163867573526,0.02682185846465127,0.0,0.0,0.0,0.0,0.0,0.433664840756705,0.33802490473287555,0.5158078077078644,0.3379215507436776,0.5157886428260372,1000,148
homograph_icf_spacing8_psalm,Emblematic,0.009252669039145907,0.011960520017568638,0.0031362717880192305,0.026306688476636673,0.005450167367666338,0.03762847849240766,0.0,0.0,0.0,0.0,0.0,0.5245289014146772,0.3275511534500361,0.6484309376838177,0.36188101072136447,0.6718971844841034,1000,148
homograph_icf_spacing8_psalm,Staircase,0.0096051227321238,0.012579111870501602,0.005980401231583488,0.03872349890809431,0.005012610735741417,0.030251777433598106,0.0,0.0,0.0,0.0,0.0,0.5951003086419753,0.4769071156662688,0.7724000313293068,0.4343849262869222,0.7218081663753305,1000,146
homograph_icf_spacing8_psalm,Synonymous,0.15096065873741996,0.14842476362474974,0.11457137257458813,0.17947137436094523,0.117069460887558,0.1844868683846322,0.0,0.0,0.0,0.0,0.0,0.48264179147799835,0.4340848411160464,0.5280462094316422,0.4382241813486576,0.5297603444277819,1000,149
homograph_icf_spacing8_psalm,Synthetic,0.1558520315342632,0.14934635413193786,0.11158684383645699,0.17442176716737698,0.12012537111127433,0.1819851296903195,0.0,0.0,0.0,0.0,0.0,0.47596780099736125,0.44095945915276447,0.5101154737905002,0.4408365246957626,0.5099967716676359,1000,150
homograph_log_count,overall,0.2850539291217257,0.34437485914527977,0.2900450604751541,0.3799554690127346,0.3043397361233616,0.39074122722881144,0.3760967466239441,0.25292975940376405,0.5649600957943666,0.22719953648138946,0.5291652726027268,0.5607308817438128,0.5390016533160618,0.5997795359646119,0.533332366441493,0.5869825552763545,1000,150
homograph_log_count,Antithetic,0.01694915254237288,0.025690043166346634,0.012223994986154731,0.04434356569012789,0.013757384968535185,0.046988073195437234,0.4531995251389389,-0.044370735864459936,0.9919383306487195,-0.08222546787001492,0.9683405318602012,0.5936265265804598,0.4904388771718286,0.7061962013224307,0.4876231702367462,0.7008153917186679,1000,148
homograph_log_count,Emblematic,0.009252669039145907,0.03651706712291866,0.008609221283007982,0.10746461954669606,0.009699445993850449,0.11961083632326283,0.5184978736583841,-0.3342978344946781,1.5632360068720053,-0.3758528757062892,1.426470018453389,0.5137254089301503,0.3969170229384552,0.6446402949903014,0.3912974714559739,0.6364936049077823,1000,148
homograph_log_count,Staircase,0.0096051227321238,0.04178510417774277,0.013020878596577747,0.09855432334553735,0.014593342625580381,0.10597821863473843,1.0982121205105742,0.1500464541772745,1.9830411913902017,0.17505563645608796,2.0217197082965677,0.6418954874414644,0.4951695488861964,0.7869031624966918,0.4920217452493026,0.7855084374852279,1000,146
homograph_log_count,Synonymous,0.15096065873741996,0.20136009012712675,0.1599762519189179,0.24505646628243336,0.16180328088486345,0.25047070314482,0.45357071938770976,0.2604619685638156,0.6851824354596997,0.2494751498248319,0.6741103323627574,0.580074814234297,0.5461041732317646,0.6210009664604678,0.5433629430064172,0.6177833413504811,1000,149
homograph_log_count,Synthetic,0.1558520315342632,0.18782735770223438,0.1501928278301505,0.21897699876868562,0.15571984476670656,0.22396560535913765,0.2491510378990055,0.10638083590558652,0.43741852721751395,0.07801360504714162,0.40858683275818153,0.5371442288340266,0.512025618269098,0.5760492068389246,0.5070975816326011,0.5663626090531635,1000,150
homograph_tf_icf,overall,0.2850539291217257,0.3359715037036566,0.280981290502766,0.37249135990062415,0.2957346427597277,0.3822191105428293,0.48054127270162605,0.2941128535523788,0.743136499087985,0.2670569559280249,0.689211920250768,0.5598893613441027,0.5380859558801943,0.5997868161797135,0.5334334531514504,0.5871314339583676,1000,150
homograph_tf_icf,Antithetic,0.01694915254237288,0.027644512712611938,0.012420137731346804,0.047968142096478136,0.014629218212597918,0.053862362913487075,0.6946554829452418,-0.009035453264393352,1.5339901225620152,-0.05725210941284889,1.4941044431807455,0.5967694863505747,0.4926819735503325,0.6971887217173728,0.4910629594490445,0.6967585496878934,1000,148
homograph_tf_icf,Emblematic,0.009252669039145907,0.03633454652022567,0.008656762357929332,0.09990968644872067,0.010539869053371962,0.11395859263050268,1.539194456585167,0.05284662388493202,3.482094322912548,-0.08060189896726752,3.306800965761878,0.5410795203359858,0.4080824129871826,0.7080397225803222,0.40208844972499,0.6899409607169426,1000,148
homograph_tf_icf,Staircase,0.0096051227321238,0.06524837308929056,0.013648790752130035,0.16627371904690008,0.017317931392273868,0.18306745033108246,2.411157887304949,0.7886776836883553,4.214572608631118,0.7528767647479617,4.152309288489063,0.6401460727969349,0.48984827398327685,0.7803056849015343,0.4861020580755031,0.7772745558713188,1000,146
homograph_tf_icf,Synonymous,0.15096065873741996,0.18400011601528415,0.14365779817518684,0.21990590398832957,0.14918777368254618,0.2278608277307226,0.421984405081379,0.1668057475208283,0.720415248586732,0.15031133763341217,0.7045814402385707,0.5748846220828979,0.5412628710140479,0.6158480720289322,0.53869801605463,0.612351235346168,1000,149
homograph_tf_icf,Synthetic,0.1558520315342632,0.18546114801932923,0.1466101488586698,0.21563168277621414,0.15425727244844423,0.22154638566884668,0.36197422212782615,0.13713541596097023,0.6296539001611051,0.10136494160404148,0.5822106555545148,0.538739992844045,0.5131940366787853,0.5765280748718341,0.5088703366394243,0.5689219041724155,1000,150
lexeme_binary,overall,0.2850539291217257,0.34212762027264043,0.2862849851528392,0.37814190457278984,0.3023407907420466,0.3873557751962349,0.38399778243329863,0.2637792746167281,0.5684615727310092,0.23298220837721773,0.5306981880148921,0.5618149399399399,0.5398906941833285,0.5971733624839127,0.534881807186488,0.5871436449500586,1000,150
lexeme_binary,Antithetic,0.01694915254237288,0.027515937627037614,0.014060507174759311,0.05176590198613581,0.014335900606146132,0.052997419974690166,0.5192420684129274,0.0003883098117735523,1.1573107900536532,-0.06123300055099383,1.102218961119377,0.6019890445402298,0.4979243377249766,0.7255765553421247,0.4925350150571288,0.7144520156111558,1000,148
lexeme_binary,Emblematic,0.009252669039145907,0.03509807541378057,0.008743765209826372,0.11734238345779092,0.009116936288394379,0.12810503573610435,0.5739065745991315,-0.2995867915241967,1.6834294954409295,-0.34903494081948055,1.5050552750679285,0.5181669982316534,0.3999992014633538,0.6488863350517381,0.3950518612780802,0.6407488264500177,1000,148
lexeme_binary,Staircase,0.0096051227321238,0.032193941920727505,0.011800499809600913,0.08732290414806315,0.011039791933413121,0.08409374401717537,0.9776625257550157,0.03375371378967457,1.9201677000236068,0.02563838705659141,1.9153351585049188,0.6379110791826309,0.48153879479692024,0.7893859343916363,0.4812468942930348,0.7890733756332428,1000,146
lexeme_binary,Synonymous,0.15096065873741996,0.20281293382992974,0.16146117292799195,0.248108590197323,0.1637345815825131,0.25231050912492986,0.48202275697921726,0.2934171684596658,0.7302687482543507,0.2733508107613896,0.711403918084343,0.5847646725879484,0.5508151045267028,0.6259011856642934,0.5467898019333053,0.6227192310638717,1000,149
lexeme_binary,Synthetic,0.1558520315342632,0.1826124576608237,0.14393360210920325,0.21384498749128994,0.15170406485003848,0.21883336583216448,0.23617547738806544,0.09273442087717379,0.42191185105777673,0.0638577908139193,0.39425875051739184,0.5341724808801824,0.5082489885612197,0.5715383493021358,0.5037889268423527,0.5627963042856994,1000,150
lexeme_count,overall,0.2850539291217257,0.341915370118117,0.28797591041256276,0.3769037526180874,0.3020606621967823,0.3872363173375859,0.3670351121116865,0.2515121634251887,0.5564388811298393,0.21884446122062168,0.5128300453938351,0.5609641969555763,0.5395106493032179,0.5982720593829612,0.5341048997793187,0.5868214788481634,1000,150
lexeme_count,Antithetic,0.01694915254237288,0.0249201582645045,0.011957422485068325,0.04172887073020905,0.01312158531138185,0.046035754268790495,0.4491874880927188,-0.04642628703424952,0.9450485366581352,-0.06521565294605117,0.9326972351319079,0.5913403975095786,0.4911531104978045,0.6997962812170861,0.48758157251134565,0.693048110898942,1000,148
lexeme_count,Emblematic,0.009252669039145907,0.03726700769124667,0.008671454666217908,0.10876752852831698,0.009921019534943974,0.12049296685354619,0.5225754690799423,-0.32667941552333923,1.5355339741180944,-0.36653714984679275,1.455681999783824,0.5168545534924845,0.39979595064979045,0.6481878652086085,0.3942926237937888,0.6395234039554548,1000,148
lexeme_count,Staircase,0.0096051227321238,0.041523262749751516,0.011645061907142863,0.09624327774301825,0.013535453447334315,0.10726078450034449,1.0674732839274572,0.06470612955081834,1.9706810747706462,0.1104969980262342,2.0003995648244293,0.6379642933163048,0.48913772555729296,0.7840680033708464,0.4874254000812505,0.7839672944290773,1000,146
lexeme_count,Synonymous,0.15096065873741996,0.19774380252606832,0.15694470670872318,0.2399997464301732,0.1595795530062984,0.24594120751286136,0.4407412245291401,0.2539248415797476,0.667159664259787,0.24273323665239274,0.6559754999168375,0.5809608295599675,0.5482967892008055,0.6212707519592964,0.5443700594255795,0.617913927055032,1000,149
lexeme_count,Synthetic,0.1558520315342632,0.18767100502721487,0.1509021549050859,0.2187996691920753,0.1563003112324914,0.22280691090421267,0.2437204825126018,0.10355177406008532,0.42827506819294575,0.07252118040490682,0.40097026053937534,0.5370565264546715,0.5111309550992849,0.5750013681225699,0.5075221031006726,0.566209202210342,1000,150
lexeme_icf,overall,0.2850539291217257,0.3371031595935535,0.2798102167461564,0.3733126085355319,0.2965132761241227,0.38285115048285956,0.5120480955799998,0.3208518104194408,0.7770464764376641,0.2976590404336071,0.7232827426179607,0.5624970876048462,0.5410497839530062,0.5982285337711345,0.5365029335259294,0.5881611174570435,1000,150
lexeme_icf,Antithetic,0.01694915254237288,0.029905654080798864,0.013067269449225332,0.05263227572697709,0.015476846307940589,0.05945675202415331,0.8725446342092003,0.08711700951724015,1.828980297292599,0.046238208150786504,1.7773979656159278,0.6063704801245211,0.5013744413268577,0.7171235423689879,0.5002630618066931,0.7089900841875789,1000,148
lexeme_icf,Emblematic,0.009252669039145907,0.03844356999231954,0.009169611810312145,0.10879860231824065,0.010805816138708155,0.12144265046048337,1.6811815592389285,0.12046865193705136,3.7316806976774304,-0.04241457581370379,3.5398067429819635,0.5460668103448276,0.41323741919414303,0.7124669057609023,0.4083680538099893,0.6962851536803142,1000,148
lexeme_icf,Staircase,0.0096051227321238,0.04587973648705752,0.013897255376152896,0.10772338746908038,0.015382109331750474,0.11698592845040527,2.200804018541556,0.6480155515911528,3.832196666514599,0.6169206908162899,3.8065730086977343,0.6395208067262665,0.4843109490814269,0.785376972039397,0.4822378024729427,0.7836995211261291,1000,146
lexeme_icf,Synonymous,0.15096065873741996,0.18697976659094748,0.14583225336077663,0.224053802804551,0.1516241040915003,0.23251383563200695,0.4629508059450076,0.1819944101957006,0.7848218190945073,0.17791363948262473,0.7685455756391998,0.5785422471844885,0.5455472360884315,0.6178231519125298,0.5426497651359622,0.6155607844546477,1000,149
lexeme_icf,Synthetic,0.1558520315342632,0.1837353822440419,0.14498115511164225,0.21466606570257973,0.153242897521351,0.22074185852890976,0.37781744293413455,0.12917343717109775,0.6533446278715921,0.1015605008679522,0.6165174596878268,0.5397330213784158,0.5139984684464407,0.5754683054943157,0.5101125834086891,0.568926521293754,1000,150
lexeme_icf_position2,overall,0.2850539291217257,0.336358847452234,0.28109409875846514,0.373421581754055,0.2951434932675056,0.3839105114494965,0.658382227962121,0.40498625902896007,0.9735318926996605,0.3845382980157973,0.9256098022064845,0.5618186613337476,0.5416973367508857,0.5961647852930774,0.53678318343225,0.5867827353602434,1000,150
lexeme_icf_position2,Antithetic,0.01694915254237288,0.028805347122291842,0.012702610816251382,0.05230246590371319,0.014754403104967827,0.05886349879043401,1.0420954910168314,-0.00514599471509226,2.250475422176051,-0.06346165565001285,2.204966579378496,0.5873780232279694,0.4878187089255146,0.7001220872531358,0.48096372772865675,0.6929349462519023,1000,148
lexeme_icf_position2,Emblematic,0.009252669039145907,0.03842382335481121,0.008894447854472704,0.10941738758568292,0.01019971665930812,0.12309007372149318,2.0604706719650325,0.06870985258182973,4.790880846972789,-0.17385001892356386,4.540164211954536,0.5273126657824934,0.4093369464941035,0.7055525716020022,0.39080151814198205,0.6751922004411554,1000,148
lexeme_icf_position2,Staircase,0.0096051227321238,0.038630668459139754,0.011066626840737268,0.08773748191599903,0.013645378329222697,0.09966400237455647,2.448700067706646,0.8100623226556731,4.731679593731329,0.7313839103439177,4.599236861896259,0.6185211792252022,0.4754571830204137,0.7401612311368058,0.48284954476898534,0.7480660617825975,1000,146
lexeme_icf_position2,Synonymous,0.15096065873741996,0.18721441503108183,0.14553675290339563,0.22482341669259176,0.1516713935410499,0.23283174054438158,0.6036322129587082,0.24221557823738435,0.9982928892324717,0.24194253059487908,0.9979793207274206,0.5788074712643678,0.5454269805598325,0.6173650094391895,0.5434810551013216,0.6159278064296341,1000,149
lexeme_icf_position2,Synthetic,0.1558520315342632,0.18473002270634453,0.14630953155413265,0.2165927870676834,0.15317944146790777,0.22193218035158202,0.5103085695630658,0.1908904857658097,0.864903762537628,0.15972600643512644,0.8341800602718299,0.5418378784829375,0.51713473487557,0.5761398297710838,0.5130719984568467,0.5696286062735486,1000,150
lexeme_icf_position2_psalm,overall,0.2850539291217257,0.287991751290656,0.22430070879607186,0.3423231102467907,0.23575109730419797,0.35674789875525087,0.0,0.0,0.0,0.0,0.0,0.48989285621828726,0.45762605622434677,0.5300824825812798,0.4548301139905982,0.5270177828742124,1000,150
lexeme_icf_position2_psalm,Antithetic,0.01694915254237288,0.03126839249877758,0.00896353447222991,0.08794888354626768,0.011613250212435996,0.10286269363770176,0.0,1.7763568394002505e-15,1.7763568394002505e-15,0.0,1.7763568394002505e-15,0.6176140445402298,0.4971655890329004,0.759807805037757,0.49142283492954525,0.7447430680876562,1000,148
lexeme_icf_position2_psalm,Emblematic,0.009252669039145907,0.007146507688398086,0.00312303139229745,0.012966847046272512,0.003562444744142387,0.013603886739248587,0.0,-1.7763568394002505e-15,-1.7763568394002505e-15,-1.7763568394002505e-15,0.0,0.35645999115826704,0.21609906209510202,0.5159599769225289,0.20473458763248478,0.49894829413985464,1000,148
lexeme_icf_position2_psalm,Staircase,0.0096051227321238,0.008177208266781345,0.004266709522159193,0.017367730442042033,0.0037892603600242314,0.015981268505736407,0.0,0.0,0.0,-1.7763568394002505e-15,0.0,0.37839240102171134,0.24913158914582675,0.48915230963438716,0.24855668238967418,0.48863349647115695,1000,146
lexeme_icf_position2_psalm,Synonymous,0.15096065873741996,0.14859342837121367,0.10526023447533536,0.18232833409374347,0.11113216231322753,0.18854615178126344,0.0,0.0,0.0,0.0,0.0,0.47994855160803435,0.43960623331262033,0.5182979962542777,0.4377330684684458,0.5170245689707286,1000,149
lexeme_icf_position2_psalm,Synthetic,0.1558520315342632,0.16675195939212006,0.12176270598256578,0.21588307173567162,0.1248776637677753,0.2214831113751267,0.0,0.0,0.0,0.0,0.0,0.5001488494565947,0.4542864866406586,0.5574687423160043,0.44951840200347926,0.5512410488429447,1000,150
lexeme_icf_position4,overall,0.2850539291217257,0.3357916155276368,0.27438519406962797,0.3722030126715232,0.2944087443193907,0.38394294882092245,0.8344752821230035,0.5163209038934897,1.1991629475885441,0.49903062197362263,1.1694110147724979,0.5622205718649684,0.5425439456234137,0.5881365450660136,0.5400795389224425,0.5848742633795135,1000,150
lexeme_icf_position4,Antithetic,0.01694915254237288,0.02876226991962779,0.012924292510848827,0.054048210513597726,0.014716210803240046,0.061785412533483366,1.3120030851182403,-0.04273033063259014,2.956214915643741,-0.14666908556320316,2.8774803525366583,0.5861619971264368,0.48199516453350344,0.7025948582862449,0.47839210597002807,0.6957567002165628,1000,148
lexeme_icf_position4,Emblematic,0.009252669039145907,0.0410826233442409,0.009232165338150456,0.11818304481398731,0.010574411533042508,0.13323135248978527,2.7511204870344415,0.14723864315408233,6.367589597972396,-0.18673861324471852,5.983313850234443,0.5234996684350133,0.4004669721296458,0.7035383399865938,0.38549137763443597,0.6775871051400771,1000,148
lexeme_icf_position4,Staircase,0.0096051227321238,0.04161882455258813,0.011490665450230197,0.09762185581528483,0.014452253075890632,0.10837620355416763,3.3064512358216787,1.1612935262290558,6.2547336394812305,1.0670293600689358,6.1228166708631715,0.629749361430396,0.48801871224834426,0.7510847527382818,0.4960134407212481,0.7582453246715286,1000,146
lexeme_icf_position4,Synonymous,0.15096065873741996,0.184230376968772,0.14404297190497944,0.22381560237457093,0.14798400566663977,0.22940240955394206,0.7022148237756183,0.24847195116661172,1.201238774964337,0.2284811926335573,1.1843929693308544,0.5756977098571926,0.5399507678412047,0.6109415812919249,0.5394076160114957,0.6103427448176466,1000,149
lexeme_icf_position4,Synthetic,0.1558520315342632,0.18644179606328676,0.1458918875237179,0.21800313762816056,0.15524740449958171,0.2255628619876487,0.6904508974160433,0.2830265810005591,1.1149753112086038,0.25565617418485836,1.079610414651734,0.5454172536786082,0.5211705194327645,0.5766128275667567,0.5179210564540297,0.5724529098570312,1000,150
lexeme_icf_position4_psalm,overall,0.2850539291217257,0.2705734854990906,0.1729328400082443,0.3197679106385746,0.21202055549033522,0.33452891701050486,0.0,0.0,0.0,0.0,0.0,0.46243673630527077,0.33472156262672337,0.5125121998303332,0.38859332201000496,0.525657638576824,1000,150
lexeme_icf_position4_psalm,Antithetic,0.01694915254237288,0.021148167222654682,0.007547286912417435,0.04027348960789796,0.009875789193984186,0.044634557641496674,0.0,0.0,0.0,0.0,0.0,0.5897127933429118,0.4321273707710309,0.7088837490894256,0.4437913607039476,0.7166131881629453,1000,148
lexeme_icf_position4_psalm,Emblematic,0.009252669039145907,0.007383167276838268,0.0032059809559457004,0.012880029491231884,0.003622940561175575,0.014830720456548345,0.0,0.0,0.0,-1.7763568394002505e-15,0.0,0.37622264588859416,0.2383293095955193,0.5281456597049726,0.23967845237355487,0.5327073008299896,1000,148
lexeme_icf_position4_psalm,Staircase,0.0096051227321238,0.008560623681396274,0.004243102815283107,0.017094488377326834,0.004067451753114422,0.01594918217606455,0.0,0.0,0.0,-8.881784197001252e-16,0.0,0.3793436036611324,0.21611523413025402,0.497215350874349,0.25379834438612325,0.5207871432431052,1000,146
lexeme_icf_position4_psalm,Synonymous,0.15096065873741996,0.13997682585520702,0.09219936284322619,0.17370426963643845,0.1017210961110347,0.18497194219993587,0.0,0.0,0.0,0.0,0.0,0.4533855073725763,0.3501331401276382,0.5118188850371176,0.3726080818096513,0.5249408431223521,1000,149
lexeme_icf_position4_psalm,Synthetic,0.1558520315342632,0.1486771936120526,0.09616512599606097,0.1815458436010236,0.11071123719355107,0.19224178704431805,0.0,0.0,0.0,0.0,0.0,0.4679935233015788,0.35391728523908256,0.5235961942621468,0.3933688687087868,0.5382085337825689,1000,150
lexeme_icf_position8,overall,0.2850539291217257,0.33623628696767194,0.27923353110054716,0.37488670855901507,0.2930882796068906,0.3843473886632953,1.0467487266830917,0.6392297456863486,1.4559205873511534,0.6302037144948576,1.4354910059663648,0.5539681383970178,0.5348963502836217,0.5758540495091778,0.533348419271316,0.573904076344434,1000,150
lexeme_icf_position8,Antithetic,0.01694915254237288,0.03228187645332108,0.013574973054566654,0.06188578689103431,0.01596626910076325,0.07113530316400002,1.9502679945443726,0.22481180098251063,4.084529495196618,0.10521755468911363,3.928006680383969,0.6080130507662835,0.510037596296247,0.7188944321419333,0.5041434881055931,0.7144416316782112,1000,148
lexeme_icf_position8,Emblematic,0.009252669039145907,0.048480405163445046,0.010087843473496597,0.13168624501248227,0.011882750623588439,0.14640669483119176,3.72406042278563,0.3851747715901957,8.368225011507084,-0.022881465465442563,7.851917031386372,0.5275751547303271,0.41049020020673965,0.7110864748582089,0.39752459899263076,0.6740774416185698,1000,148
lexeme_icf_position8,Staircase,0.0096051227321238,0.04975011000849496,0.012538452809688743,0.11321841254636075,0.01673735237771122,0.12843189892119325,4.406113930872209,1.6854637954011562,8.233834166719843,1.4267154997297025,7.962048457292195,0.6321107386121754,0.5096912581103655,0.752579598145632,0.5148759809366416,0.7569698117180829,1000,146
lexeme_icf_position8,Synonymous,0.15096065873741996,0.1822351571267086,0.14000964688480325,0.22369149324612853,0.1451383589706594,0.22719423914107603,0.8221531165349429,0.2651815624842556,1.45661723822291,0.25155800524846017,1.4511573842457661,0.5590869180308835,0.5266000370911893,0.5960552029350542,0.5242870984171853,0.59324476082147,1000,149
lexeme_icf_position8,Synthetic,0.1558520315342632,0.1891988452824726,0.1490438746756675,0.22174274180365164,0.15601493916024908,0.22834550164109574,0.8667738970220402,0.4088312273953682,1.41857925635618,0.3668871835263436,1.3541561305775347,0.5412218653562324,0.5186710818733427,0.5675356456674587,0.5168205730246488,0.5657438486741043,1000,150
lexeme_icf_position8_psalm,overall,0.2850539291217257,0.2793013067749494,0.19988571534738933,0.31996576202262106,0.22848701515057604,0.331923317150752,0.0,0.0,0.0,0.0,0.0,0.4833178005591799,0.4375592060006596,0.5125532418111198,0.4468586854588776,0.5197018662328092,1000,150
lexeme_icf_position8_psalm,Antithetic,0.01694915254237288,0.017508952132406767,0.008860485799927927,0.028851034795181186,0.009416784229855141,0.029361713443491422,0.0,0.0,0.0,0.0,0.0,0.4962059985632184,0.3640070334862042,0.5986001845427382,0.37610825329833014,0.61736056701964,1000,148
lexeme_icf_position8_psalm,Emblematic,0.009252669039145907,0.008915707587783726,0.0033601843399345003,0.016013816152310227,0.004397680910170226,0.019289430416525775,0.0,-1.7763568394002505e-15,-1.7763568394002505e-15,-1.7763568394002505e-15,0.0,0.43577309902740935,0.2700008954187716,0.5680236741279837,0.28647708997134863,0.5878887004323832,1000,148
lexeme_icf_position8_psalm,Staircase,0.0096051227321238,0.008296622155557855,0.003930602666304636,0.019166797527189493,0.003546486693632622,0.01700157057454565,0.0,0.0,0.0,-1.7763568394002505e-15,0.0,0.4065626330353342,0.2624246317331779,0.5458315537728752,0.25290104182986417,0.535199769991997,1000,146
lexeme_icf_position8_psalm,Synonymous,0.15096065873741996,0.146897550528683,0.10530837468064402,0.17415862746971075,0.11322589823350396,0.18211904519053718,0.0,0.0,0.0,0.0,0.0,0.4774548647393475,0.42242422222246584,0.5241637360089809,0.4281131098558438,0.5278948426377384,1000,149
lexeme_icf_position8_psalm,Synthetic,0.1558520315342632,0.15473714110834774,0.10768417429091999,0.1823622649422088,0.12123875197693917,0.191714891284727,0.0,0.0,0.0,0.0,0.0,0.49419731707589787,0.44125750978846456,0.5313104218996904,0.45012146512699924,0.5385437795998803,1000,150
lexeme_icf_position_mean,overall,0.2850539291217257,0.337026602403088,0.28073655777471773,0.37353272255536457,0.29632839490870466,0.38263398823197325,0.6114258109724948,0.3829488536441778,0.9262038462343712,0.3528501478518913,0.8635750954277923,0.5624791278347313,0.5410275972277739,0.5982546038605265,0.5364735090970351,0.5881164135645456,1000,150
lexeme_icf_position_mean,Antithetic,0.01694915254237288,0.030007046455819256,0.013142384139750152,0.05290264438826737,0.01548803304902623,0.05970759461930823,1.0456410498910538,0.10372690172025711,2.18825742079839,0.05652794586051895,2.121320210058813,0.6064752454501916,0.5012302717217604,0.7169857365298332,0.5004586412168779,0.7090674733587983,1000,148
lexeme_icf_position_mean,Emblematic,0.009252669039145907,0.039414068691687766,0.009087926653591701,0.11735203029289913,0.010639213103627573,0.12821084387411544,2.0114647590846353,0.1564311362267251,4.481288704647499,-0.09545953825339817,4.263602510327438,0.5455003868258178,0.4136425661080525,0.7113204963746043,0.4079124517060001,0.695141722380484,1000,148
lexeme_icf_position_mean,Staircase,0.0096051227321238,0.04531189076241056,0.013729755532260938,0.10447355230309625,0.015319823038766688,0.11306439911740966,2.6320819347548987,0.777036604620424,4.585979602802427,0.7385817962238616,4.554974154648664,0.6394409855257557,0.48420186936478604,0.7853040906502836,0.48207182482730426,0.783697865442166,1000,146
lexeme_icf_position_mean,Synonymous,0.15096065873741996,0.18712415233935,0.14569363113267583,0.22439703551664045,0.15208228651166386,0.23213105994058042,0.5532181293527847,0.21662231086323375,0.9392042124075071,0.2098487567882323,0.918279603703412,0.5785484151863463,0.5452608885899838,0.6177736532317616,0.5426130246750009,0.6156259074337181,1000,149
lexeme_icf_position_mean,Synthetic,0.1558520315342632,0.183464880746138,0.14417809886445596,0.21463717240549626,0.15327414225510058,0.22061117004868885,0.4499700579386907,0.15610327204766566,0.777384284269086,0.12007047689752877,0.7332262767852585,0.5397113578424796,0.5139985299184979,0.5754638362980391,0.5101170758313168,0.5688583696586663,1000,150
lexeme_icf_position_mean_psalm,overall,0.2850539291217257,0.29170728429180554,0.2626811700545595,0.3159297087445397,0.2665205364992563,0.32034176832041544,0.0,0.0,0.0,0.0,0.0,0.5209496673397536,0.46472492101330004,0.6435796849555625,0.44706864095255017,0.5986661903584921,1000,150
lexeme_icf_position_mean_psalm,Antithetic,0.01694915254237288,0.02327747003458929,0.011197117047806033,0.04001484302141436,0.010737915955920824,0.03893874150701412,0.0,0.0,0.0,-8.881784197001252e-16,0.0,0.5425197557471264,0.3732947704487884,0.7057653661349137,0.3640900019356773,0.6970757045352214,1000,148
lexeme_icf_position_mean_psalm,Emblematic,0.009252669039145907,0.009218278230332624,0.004475229302482265,0.01697393449377154,0.004590682656884426,0.01721821735804301,0.0,0.0,0.0,-1.7763568394002505e-15,0.0,0.49249143457117595,0.3320882017024496,0.669342850665614,0.32159955374096855,0.6606482866769229,1000,148
lexeme_icf_position_mean_psalm,Staircase,0.0096051227321238,0.009853240097362846,0.005205930084381433,0.017057444096138918,0.005789923807738654,0.01863972570782888,0.0,0.0,0.0,-1.7763568394002505e-15,0.0,0.4960089399744572,0.29352225288924955,0.6799950642195824,0.31377859675121783,0.6929563010095405,1000,146
lexeme_icf_position_mean_psalm,Synonymous,0.15096065873741996,0.15756334830847699,0.13159834196206618,0.1906537308983683,0.1320868816849627,0.19085457923444943,0.0,0.0,0.0,0.0,0.0,0.5285034250551492,0.4611792569474422,0.6354001032901995,0.4475473300594096,0.6111291868900877,1000,149
lexeme_icf_position_mean_psalm,Synthetic,0.1558520315342632,0.15796968867813954,0.13340848621097764,0.1846896531951872,0.13650589623574763,0.18691643717320225,0.0,0.0,0.0,0.0,0.0,0.5144104443400868,0.452396900593949,0.6436273878024418,0.43847172491453473,0.6029696064646002,1000,150
lexeme_icf_spacing2,overall,0.28110473065354113,0.28388506594418217,0.20515454813624837,0.3251534886993851,0.23355861287461388,0.33852894602839934,0.03210974419188045,-0.10294446567706937,0.1139106107490593,-0.07103580622762103,0.139363877726769,0.5037147396666632,0.4702848317119457,0.5291653432448143,0.4757866593657902,0.533215612175023,1000,150
lexeme_icf_spacing2,Antithetic,0.017930519237952934,0.014904153398007564,0.00805772254392377,0.023991263247208166,0.008589330517172995,0.024584430228844382,-0.10435428735917568,-0.536998952331815,0.2678045521346918,-0.5369006249252035,0.2680394085467234,0.4318498795486243,0.3238965454921211,0.5390894527333716,0.32314465692190747,0.5389655263668047,1000,146
lexeme_icf_spacing2,Emblematic,0.00680015111446921,0.00936805246960478,0.0038189217348748947,0.0376193538112528,0.0032396120620534225,0.028833304255770794,0.03424129240888066,-0.3775269016577121,0.3980185569703281,-0.31845802471407697,0.4404105617696853,0.49347026752884493,0.379772539434534,0.6727493296250506,0.3508614479025422,0.6413793968762014,1000,146
lexeme_icf_spacing2,Staircase,0.009792843691148776,0.008640022715471459,0.004370592836336732,0.016072377178355586,0.004508111026100528,0.01648452689847359,-0.2819484776921187,-1.4787121571447661,0.2213490752026288,-1.1860651625881915,0.30544701660946616,0.44273195423823036,0.3090532308645488,0.5708536343665639,0.30979815840197134,0.5710745257310554,1000,144
lexeme_icf_spacing2,Synonymous,0.14808813998703824,0.15866557728684785,0.11333138803288105,0.1934712163590127,0.11944949836788861,0.19883513201890277,0.12499314892465202,-0.015839253927378207,0.2554483856700745,-0.005866121052626729,0.2639315238073207,0.5308430708483811,0.490776167300838,0.5683713356888898,0.4920076420810465,0.5701070041844769,1000,148
lexeme_icf_spacing2,Synthetic,0.1541184041184041,0.15283248003436167,0.11724680674144261,0.18373840490321747,0.1236028598126852,0.19013877115086655,-0.02586582271281271,-0.16680125612526603,0.0744810559764173,-0.14311808868494327,0.09505336722741396,0.48872897527259385,0.4526408559861183,0.521470456667644,0.45409108981630775,0.5236671306778132,1000,150
lexeme_icf_spacing2_psalm,overall,0.2850539291217257,0.2750497503704208,0.19452934024020366,0.3126865205335865,0.23028269152755212,0.3270341493268242,0.0,0.0,0.0,0.0,0.0,0.4766843351972662,0.43619601168413297,0.5051032109193548,0.4469068779018806,0.5126911053610701,1000,150
lexeme_icf_spacing2_psalm,Antithetic,0.01694915254237288,0.019292729713932255,0.009463098496244663,0.033314556044875564,0.009664971375405845,0.03364110728206398,0.0,0.0,0.0,0.0,0.0,0.5379400143678161,0.3998365190464284,0.6511370628466868,0.4064705303342761,0.6543249726294944,1000,148
lexeme_icf_spacing2_psalm,Emblematic,0.009252669039145907,0.008344401189735073,0.00385654737960026,0.014500119580080498,0.0042062097592008045,0.015688643173799956,0.0,0.0,0.0,-3.1086244689504383e-15,0.0,0.4489389920424403,0.3108890820624822,0.5667838109907991,0.3162083530686655,0.5764951782139234,1000,148
lexeme_icf_spacing2_psalm,Staircase,0.0096051227321238,0.00970381347362177,0.004491577170655264,0.019403329007589475,0.0045127982433556865,0.01947638056144432,0.0,0.0,0.0,-3.1086244689504383e-15,0.0,0.49725947211579397,0.35068260800069956,0.6163677687583564,0.35298972627635633,0.6178653697939398,1000,146
lexeme_icf_spacing2_psalm,Synonymous,0.15096065873741996,0.14832265997680438,0.10640562941857157,0.1811066084135956,0.11129678733168517,0.18875410828379818,0.0,0.0,0.0,0.0,0.0,0.48876589167537443,0.42982842567967866,0.5383023334940847,0.43363736615584325,0.5419369293552501,1000,149
lexeme_icf_spacing2_psalm,Synthetic,0.1558520315342632,0.14649052694183873,0.10446153573363173,0.1749918058077203,0.11461765978424027,0.18348462551841038,0.0,0.0,0.0,0.0,0.0,0.4596516643186189,0.4099754276977573,0.5023362035056911,0.4170138675517164,0.5108426529016836,1000,150
lexeme_icf_spacing4,overall,0.28110473065354113,0.2847671267622568,0.18959807402046278,0.3325192266994183,0.2264878898049033,0.34866757936999326,0.03871273263061009,-0.1489428096725235,0.13680324438707103,-0.08838251984206526,0.16965111745309885,0.5086779012303653,0.45056852841647943,0.537250568656179,0.470300513882652,0.5481406667979956,1000,150
lexeme_icf_spacing4,Antithetic,0.017930519237952934,0.021437475022412222,0.008907089672637885,0.0393878330711004,0.011208132374490446,0.04866947668374826,0.05566573839022343,-0.34899739675178737,0.41624716268489237,-0.32942365497716036,0.4382953641987205,0.524264612653734,0.3936768653884478,0.6400877418203861,0.40028878056235656,0.6480801821146289,1000,146
lexeme_icf_spacing4,Emblematic,0.00680015111446921,0.005563000429983069,0.00230945184872276,0.011323844453492072,0.0025237596335916245,0.012304421848016953,-0.3044046741660326,-1.0820462170304108,0.23641460298809486,-0.9836605731564069,0.2874947463643598,0.39687671696039895,0.25868042857842644,0.5609918174182351,0.24929350293968366,0.5426220633742282,1000,146
lexeme_icf_spacing4,Staircase,0.009792843691148776,0.010017461391783718,0.004743623960641218,0.022669939071550325,0.004392203881376756,0.021693973156791058,-0.12023247766724154,-0.8787724996413168,0.3605278506785768,-0.8055253652876389,0.3921131830609538,0.47902829388185036,0.3332547357293246,0.6200288441710491,0.32043031580380377,0.608829131461076,1000,144
lexeme_icf_spacing4,Synonymous,0.14808813998703824,0.16280321219243668,0.10189534655366364,0.20476451297028364,0.11787673443478922,0.21584869938547344,0.11703546284118166,-0.0802713151847353,0.26103558805017496,-0.047694659400995015,0.28690413434724643,0.5342268902736936,0.47188512843900127,0.579168337345892,0.4843961592041743,0.5882473180581995,1000,148
lexeme_icf_spacing4,Synthetic,0.1541184041184041,0.14872553789169507,0.10104029495189723,0.18336921741211734,0.11348186337827366,0.19261529276583883,-0.01619028029759101,-0.17237430289699102,0.10184714065408636,-0.15050754246536682,0.12249630696491595,0.48855109740322133,0.44328751619482065,0.5224816062381974,0.4500134935792016,0.5287449380718022,1000,150
lexeme_icf_spacing4_psalm,overall,0.2850539291217257,0.28061011813342807,0.20714977354969388,0.3190046718091735,0.23383457256022971,0.3314542585609838,0.0,0.0,0.0,0.0,0.0,0.4846437493528011,0.447830040065735,0.5163967927470894,0.44973732674407124,0.519298133702592,1000,150
lexeme_icf_spacing4_psalm,Antithetic,0.01694915254237288,0.014951634873831873,0.007347076369780709,0.024781843260772703,0.007907824692654062,0.02586582864773397,0.0,0.0,0.0,0.0,0.0,0.43419240900383144,0.3111459126196123,0.5596760337296594,0.3092335592260996,0.5545140780912236,1000,148
lexeme_icf_spacing4_psalm,Emblematic,0.009252669039145907,0.017752714672402706,0.005481933510544557,0.050170809525219635,0.005144337752273224,0.042745637906530756,0.0,0.0,0.0,-3.552713678800501e-15,0.0,0.45014782272325377,0.26410469202758924,0.6297032608122523,0.2790129498205126,0.6428706449551721,1000,148
lexeme_icf_spacing4_psalm,Staircase,0.0096051227321238,0.01855047365687226,0.007942103304352627,0.060203210549423444,0.006136201067095659,0.04550119517571229,0.0,0.0,0.0,0.0,0.0,0.6279932950191571,0.44258506199958153,0.7880863641383377,0.43237697784136997,0.7804290350770927,1000,146
lexeme_icf_spacing4_psalm,Synonymous,0.15096065873741996,0.14907567913101646,0.10875696130750816,0.1810075395918178,0.11265039476662668,0.1898504162240198,0.0,0.0,0.0,0.0,0.0,0.49222069836293975,0.4416345445863502,0.5314929822891427,0.44657045333307643,0.5354344169521882,1000,149
lexeme_icf_spacing4_psalm,Synthetic,0.1558520315342632,0.15291969105118786,0.1118294109788126,0.18077852440527428,0.12108658002861539,0.18776724051250218,0.0,0.0,0.0,0.0,0.0,0.47627318697168924,0.4383903458779842,0.5113114276778123,0.4412450035518291,0.5125960836399365,1000,150
lexeme_icf_spacing8,overall,0.28110473065354113,0.2928393427100511,0.18668843044533392,0.34649809996606035,0.22995585291905327,0.36759668909448723,-0.011760275704439493,-0.2536104898209685,0.10352845848364926,-0.17016982010562753,0.14735117305426668,0.49716237476929726,0.42917291770823285,0.53045703649347,0.4518601453727773,0.5428381918774503,1000,150
lexeme_icf_spacing8,Antithetic,0.017930519237952934,0.017479913636364745,0.00793354052705838,0.02928458047178155,0.009567227403359323,0.03319829857147262,-0.09294781891511245,-0.5132486807748272,0.3261566263116036,-0.50631909310748,0.33179681621962903,0.4751687904146063,0.3647733699238264,0.6001368877812087,0.36380449957828775,0.5975988756327787,1000,146
lexeme_icf_spacing8,Emblematic,0.00680015111446921,0.005696907509254399,0.002278449852251569,0.01256446680413584,0.002446332396923922,0.013286808017953995,-0.3486619983558814,-0.9337385942724643,0.20380981997290387,-0.9576615464266958,0.18303517470156036,0.38394404293985884,0.23442404975710635,0.5400790841318301,0.22317287953030238,0.5282228676560149,1000,146
lexeme_icf_spacing8,Staircase,0.009792843691148776,0.01095601577873859,0.004642492308127707,0.02266675403130371,0.005213695233641912,0.023853235977955044,-0.027396224268582514,-0.6608734408047077,0.47959373343242956,-0.649300000134634,0.48188669281974367,0.5108625683939492,0.3676795191799869,0.64140280303796,0.367770463124797,0.641949466075637,1000,144
lexeme_icf_spacing8,Synonymous,0.14808813998703824,0.16904632002746323,0.10241376474751397,0.21934169453625119,0.12059746501395105,0.2325972767376845,0.04344916944172905,-0.20090807342574807,0.20733426949356756,-0.1438729519292996,0.24183947680323056,0.5085966741936638,0.439009360942015,0.5595090268650549,0.4522758478183586,0.565367251977224,1000,148
lexeme_icf_spacing8,Synthetic,0.1541184041184041,0.15794026161496633,0.10314579798729122,0.19742046445214378,0.1177144571863921,0.21135221695514636,-0.04278939613720234,-0.2598061334954555,0.09122877103803242,-0.2191092693751338,0.12160797962993122,0.49196809950996234,0.43406240247485284,0.52880301820006,0.4455125115923371,0.5374488478386134,1000,150
lexeme_icf_spacing8_psalm,overall,0.2850539291217257,0.289751823257121,0.25868806005604894,0.3178980638207646,0.2622095564657887,0.3231701287218013,0.0,0.0,0.0,0.0,0.0,0.5052552552552553,0.4623270890940326,0.5935524441542132,0.45289160041540233,0.5635405327161527,1000,150
lexeme_icf_spacing8_psalm,Antithetic,0.01694915254237288,0.016623621358905542,0.00913421906886115,0.02715645313607517,0.009113899618699581,0.027129478734644795,0.0,0.0,0.0,-1.9984014443252818e-15,0.0,0.48160246048850575,0.36077051243930425,0.6095283560379657,0.3510580864367776,0.6019193343060434,1000,148
lexeme_icf_spacing8_psalm,Emblematic,0.009252669039145907,0.01084739491883055,0.004575830812386542,0.024906740895360012,0.0045394934745708665,0.024731401856692436,0.0,0.0,0.0,-8.881784197001252e-16,0.0,0.5388759946949602,0.3732611025499102,0.6987134995710648,0.3670971552510287,0.6878182136927555,1000,148
lexeme_icf_spacing8_psalm,Staircase,0.0096051227321238,0.011954235952174538,0.005887287029461841,0.04409785431882865,0.005163469961704154,0.03605196028113199,0.0,0.0,0.0,0.0,0.0,0.5733490315027672,0.4126422854750657,0.7705162675911519,0.3733921101345613,0.7342578467000512,1000,146
lexeme_icf_spacing8_psalm,Synonymous,0.15096065873741996,0.1597421594468189,0.13245419050901044,0.1959818517024671,0.12998932855454035,0.19198235500788674,0.0,0.0,0.0,0.0,0.0,0.5199487693022176,0.46396472700863806,0.6096012724988121,0.45446006847165776,0.5947369772407236,1000,149
lexeme_icf_spacing8_psalm,Synthetic,0.1558520315342632,0.1534030454785412,0.13028150780680378,0.17711879910311948,0.13193022348508635,0.17876917487663027,0.0,0.0,0.0,0.0,0.0,0.4880361375732367,0.4402746108785268,0.5758184417785166,0.4281199454731059,0.5559106463071928,1000,150
lexeme_log_count,overall,0.2850539291217257,0.3424150889686196,0.2880041519066297,0.3776378255931012,0.3023733706188995,0.3870628803214938,0.3744352054417226,0.2548572912164044,0.5597001806257499,0.22427573265490872,0.5237295933568801,0.5607470617168893,0.5390814991032226,0.5969323164262726,0.5339931811908014,0.5864726227264058,1000,150
lexeme_log_count,Antithetic,0.01694915254237288,0.025981727432774326,0.012328054070078334,0.045392597195492566,0.01392067704627209,0.04773701180162675,0.47255155156325435,-0.032939604318757545,1.0140329877175622,-0.0660926467717103,0.9899370957951693,0.596260626197318,0.493491410493484,0.7090697712710591,0.49015841712854735,0.7021294503246125,1000,148
lexeme_log_count,Emblematic,0.009252669039145907,0.03676327804014757,0.008606523148514556,0.10702845582483993,0.009737811341650282,0.11964474836471774,0.5363820508861504,-0.3200171799541956,1.5927143204020318,-0.36592732851137205,1.454540388174324,0.5163848364279399,0.39985023124555147,0.6470076916920782,0.3939988211306519,0.639142370087335,1000,148
lexeme_log_count,Staircase,0.0096051227321238,0.04054435584782143,0.011941767074964726,0.09617344531303083,0.013204614763747995,0.10327946805019114,1.0523717241012762,0.06726164868205008,1.9448712688939542,0.10459790608904207,1.9742639736673258,0.6370064389101745,0.48626328041223954,0.7836684005060641,0.4839483872782636,0.783009204572036,1000,146
lexeme_log_count,Synonymous,0.15096065873741996,0.19955556923228673,0.15900380121612226,0.24337323437387512,0.16057324088940192,0.24750493128676299,0.4554663654070983,0.263883575415686,0.6897925739169896,0.2541941109428713,0.675478427023021,0.5812140804597701,0.5484969054428404,0.6226251453846732,0.5442957968949663,0.618582511802028,1000,149
lexeme_log_count,Synthetic,0.1558520315342632,0.18643452249389686,0.14886457843249165,0.21769746957107255,0.1547050435538749,0.22233689975691465,0.2434334296011439,0.10021879273537512,0.4247654447341928,0.0753568681561883,0.40155310319572407,0.5359583249474484,0.5097680216681951,0.57275169205027,0.5062847167784028,0.5652670798877686,1000,150
lexeme_tf_icf,overall,0.2850539291217257,0.3374583446364671,0.28063951757236794,0.37382035610042513,0.29668153457144336,0.3833979303646574,0.5161079117083236,0.3213670161294199,0.7949644607297378,0.2963892605112038,0.7265884644814592,0.5617097701149425,0.5403812050697495,0.5982318790951612,0.5354429062628131,0.5877338132085093,1000,150
lexeme_tf_icf,Antithetic,0.01694915254237288,0.02922711114131926,0.012991870527737863,0.052193095583042505,0.01508949679956383,0.05849233572736469,0.8102239628533834,0.06558254483897034,1.7434616259060733,0.007200725661264632,1.679327976375794,0.6029506405651341,0.4990834163381514,0.7050275593892135,0.4988809307225981,0.7036355049767931,1000,148
lexeme_tf_icf,Emblematic,0.009252669039145907,0.03918032021748511,0.008952297850208932,0.10499500338490725,0.010941118137020088,0.11932562559359905,1.6903606034743588,0.09188477649124592,3.7594367161531004,-0.05661162508874058,3.6023441487154955,0.5427373452696729,0.41033485711977574,0.7077732796236066,0.4057057978997994,0.6894670204978768,1000,148
lexeme_tf_icf,Staircase,0.0096051227321238,0.06070530186051176,0.012825265765323023,0.1568615230529158,0.01590807662931196,0.1761904724563483,2.3475716901170207,0.6809776816441327,4.239491558526765,0.6562197032955019,4.186788635817824,0.6373656343124734,0.4854666786493027,0.7798647017794085,0.48296083641042437,0.7789857623575074,1000,146
lexeme_tf_icf,Synonymous,0.15096065873741996,0.18547494117457775,0.1447824555999658,0.22343724309204674,0.1494621217758797,0.23014397361608924,0.4546477936381541,0.18199289230009125,0.7573142271171959,0.17874113189545265,0.7517435622160117,0.5768464094972716,0.5438895405379626,0.6167421127212722,0.5413605444152978,0.6130221167492933,1000,149
lexeme_tf_icf,Synthetic,0.1558520315342632,0.18549117053574588,0.14685774240373112,0.21682931668849778,0.1546891978178521,0.2225818308625268,0.39222677549591,0.14816967048242455,0.6577886772447866,0.12570940711495324,0.6305268984475081,0.540266922715685,0.5144369508759933,0.5762691319877188,0.5107133420346119,0.5698277362434154,1000,150
word_cantillation_binary,overall,0.2850539291217257,0.3370520964003748,0.2624934758915204,0.37764652541127774,0.2889347464799972,0.3865037143630343,0.5490853174014141,0.3906010386692009,0.7558335088190896,0.367328786674097,0.7387310968104182,0.5358085456145801,0.5221112141327308,0.5539062050575074,0.5199500801432132,0.5514612572622274,1000,150
word_cantillation_binary,Antithetic,0.01694915254237288,0.045818035985525404,0.01686535832551102,0.12182923211807899,0.014103974637952241,0.10643508122322203,0.6511639600597348,0.00462182751695114,1.581988334810012,-0.0444622488706661,1.4459926165167565,0.5550205040708812,0.4912828269852496,0.6339352648453681,0.4867549371995234,0.6278622922021752,1000,148
word_cantillation_binary,Emblematic,0.009252669039145907,0.19978100191623324,0.07195259720346976,0.3663018159473726,0.061677077986759914,0.3512210842105393,2.0818868392563967,0.3180963801557389,4.48737383579492,0.2262021770381655,4.141873608387111,0.5448027188328912,0.4735641699186274,0.6398857173155036,0.4679741745168532,0.6309530483699698,1000,148
word_cantillation_binary,Staircase,0.0096051227321238,0.011882178256957678,0.0051217689446117895,0.031218452364912247,0.005781764028321753,0.036410143499022427,0.10603497520248867,-0.3775205377836603,1.3387044846819043,-0.4339314438810753,1.0216935087623678,0.5102636760323542,0.4547835318986893,0.6142476931279757,0.4501415055022545,0.6032964531999617,1000,146
word_cantillation_binary,Synonymous,0.15096065873741996,0.20240952390394618,0.15435163950274233,0.24301926978336333,0.15930431438589232,0.2495617713908034,0.590831679691192,0.3203026717766665,0.9090246041513282,0.3123113098701855,0.8919417325629061,0.5491789301056542,0.5231236290306581,0.5764559458851206,0.5230755920518186,0.5760469576970013,1000,149
word_cantillation_binary,Synthetic,0.1558520315342632,0.1944220995192467,0.1503435574613567,0.22592754519047273,0.1601350487747906,0.2344698741115389,0.4450878378101728,0.24260220392672327,0.6726953111781723,0.2174406841872191,0.6631339076413241,0.5220251772217004,0.5055690801553185,0.5409873389267953,0.5041921716318375,0.5393460010886933,1000,150
word_cantillation_count,overall,0.2850539291217257,0.33599429555634897,0.2613209153400494,0.37556366604595925,0.2875233457687698,0.3850270616593388,0.5331165083859286,0.3728035290626523,0.737290664486457,0.3590446258165611,0.7187591971966991,0.5355645516205861,0.5218044792592583,0.5534993774760992,0.5196654528391308,0.5511345240521025,1000,150
word_cantillation_count,Antithetic,0.01694915254237288,0.053637048787872774,0.018906317980627935,0.1398217972676858,0.015755103202524903,0.11759404066626546,0.7326490281696556,0.05667149013720031,1.5678551563987568,0.03436114409771609,1.5284404793080162,0.5554358237547893,0.49232172829230286,0.632015812086297,0.48637047761384966,0.6274295659861713,1000,148
word_cantillation_count,Emblematic,0.009252669039145907,0.19978100191623324,0.07195259720346976,0.3663018159473726,0.061677077986759914,0.3512210842105393,1.9881401415963245,0.2849105010633166,4.302579851188755,0.2034540992362327,3.982950603627359,0.5448027188328912,0.4735641699186274,0.6398857173155036,0.4679741745168532,0.6309530483699698,1000,148
word_cantillation_count,Staircase,0.0096051227321238,0.011238814986423781,0.004967804540933488,0.025492280859714618,0.005520758004490465,0.029597962773705487,0.08516321430532825,-0.37948760445932345,1.2680857816465443,-0.4339078617543212,0.9701362063555028,0.5100042571306939,0.45492232341040156,0.6138381633694356,0.4502026720337423,0.6028998178594908,1000,146
word_cantillation_count,Synonymous,0.15096065873741996,0.19809026831375443,0.15162373620963296,0.23931986251176213,0.1566704875840109,0.24330276974318482,0.5665454158762058,0.30212687854073256,0.8542047435898026,0.3019470475567885,0.8537634082019246,0.5483462498548706,0.5223454024020437,0.5754747470121363,0.5222821646928845,0.575340587658134,1000,149
word_cantillation_count,Synthetic,0.1558520315342632,0.19501077718833668,0.15093333227104236,0.2269162009952876,0.16000585031811793,0.23376009047330604,0.43222011601121996,0.23488751397595883,0.6560303254459806,0.21640668959894574,0.6434288431222992,0.5222750067087079,0.5059064394019889,0.5414266300162218,0.5045152195392006,0.5397285353915549,1000,150
word_cantillation_icf,overall,0.2850539291217257,0.3328263460964288,0.2653460028068543,0.3717694329798588,0.28728604305802935,0.38190542869561617,1.000058523248222,0.6879048838514323,1.3915291354468355,0.6526558016278887,1.341911502761202,0.5352360981671327,0.5211972945515728,0.5536187920515011,0.5193936425562778,0.5510768110990343,1000,150
word_cantillation_icf,Antithetic,0.01694915254237288,0.04485275510689674,0.016684714951053545,0.12631753182849417,0.01362484268353299,0.10235081129759109,0.9785666912992403,0.06761968089314628,3.370994027055069,-0.09120893517270177,2.701311242838033,0.5542534722222222,0.48846407552785004,0.6329911157225254,0.4858031676564663,0.6263221353499376,1000,148
word_cantillation_icf,Emblematic,0.009252669039145907,0.19978100191623324,0.07195259720346976,0.3663018159473726,0.061677077986759914,0.3512210842105393,6.224617660811072,1.7559292534208644,12.386972479706971,1.4474797751955542,11.489858553670354,0.5448027188328912,0.4735641699186274,0.6398857173155036,0.4679741745168532,0.6309530483699698,1000,148
word_cantillation_icf,Staircase,0.0096051227321238,0.01606722140240511,0.005989662272526402,0.08869436823495494,0.0054974382409347195,0.0809386637374548,0.26405333251959345,-0.30288199028263013,2.293431797176712,-0.3853690254958019,1.5038166430479232,0.5120130906768838,0.4547145328387391,0.6177143187770792,0.4513029295587431,0.608865843492068,1000,146
word_cantillation_icf,Synonymous,0.15096065873741996,0.19448108155353575,0.152638658256314,0.23665750571555041,0.15566394440252493,0.2408448898708008,0.7832931291131118,0.4243047423001741,1.2774650107801762,0.3956890647366013,1.228564080315176,0.5480937246023453,0.5227355970041081,0.5753372920384507,0.5225023479344227,0.5749301618916193,1000,149
word_cantillation_icf,Synthetic,0.1558520315342632,0.19172127578647086,0.15051896249349597,0.22249010362322438,0.15760013613220467,0.22938226501533582,0.985202648935906,0.5369590999344689,1.5679608967557372,0.509646879563227,1.4992103148204317,0.5218137830403864,0.5050813726884085,0.5414636094464789,0.5042129994539022,0.5389137599086518,1000,150
word_cantillation_icf_position2,overall,0.2850539291217257,0.3331260033936341,0.2665043014662831,0.37189097250406783,0.2873166828649453,0.3827330209097721,1.320312592559591,0.9155051116060295,1.8305591064895574,0.8726875442975156,1.7729760872561349,0.5356027363570467,0.5213801248338555,0.55260034345769,0.5203247934047349,0.5514756471891431,1000,150
word_cantillation_icf_position2,Antithetic,0.01694915254237288,0.04280644923414348,0.015941180782764464,0.12472405226830356,0.012960902513381728,0.09864044383063954,1.1268864484523677,0.07299423648037974,4.45350795178088,-0.1206207494491199,3.2668519592592298,0.5445926125478927,0.4864964914452998,0.6188297174768882,0.4829663009401444,0.6073268591946958,1000,148
word_cantillation_icf_position2,Emblematic,0.009252669039145907,0.19978100191623324,0.07195259720346976,0.3663018159473726,0.061677077986759914,0.3512210842105393,8.210395053186133,2.325878203777138,16.324799521948712,1.9214612512189793,15.139053652939701,0.5462533156498673,0.47665800557112786,0.6414795934639886,0.46963715968005343,0.6317166342532867,1000,148
word_cantillation_icf_position2,Staircase,0.0096051227321238,0.01612700043587559,0.00601365078761168,0.08788369369838783,0.00556269370255508,0.08111341461644953,0.3645559514939663,-0.37977478502961654,3.0497691612797855,-0.48686077638445946,1.9941339824294326,0.5138090676883781,0.4563046136749931,0.6193803826207757,0.4527914053904663,0.6102246919243074,1000,146
word_cantillation_icf_position2,Synonymous,0.15096065873741996,0.19529796507618996,0.15283187583225064,0.2373689543893549,0.15621949753823583,0.24155279428463355,1.0408320330242322,0.5635301341115501,1.685060062725907,0.5361557110477521,1.637354315284757,0.5487961511668408,0.5244180569223261,0.5757429263799901,0.5239969650574566,0.5749642209545898,1000,149
word_cantillation_icf_position2,Synthetic,0.1558520315342632,0.19233663089952993,0.1510618947974699,0.22352073752420654,0.15823040810023306,0.22995139943172827,1.3092048439596509,0.7194634266972086,2.076323845490402,0.6849403417365819,1.9751779660592264,0.5226635527080817,0.5056939684060967,0.5416742780619654,0.5050175139089748,0.5397719286068113,1000,150
word_cantillation_icf_position2_psalm,overall,0.2850539291217257,0.2782262456773757,0.1954042269081738,0.31372378936802287,0.23063648562039332,0.3278193309529684,0.0,0.0,0.0,0.0,0.0,0.48634151392772085,0.4465617477176429,0.5135582752311203,0.45271522379309714,0.5181385776469195,1000,150
word_cantillation_icf_position2_psalm,Antithetic,0.01694915254237288,0.01624113970749721,0.007989691224552257,0.025141601409679488,0.008745532098746837,0.02671733526084404,0.0,0.0,0.0,-8.881784197001252e-16,0.0,0.44609075670498083,0.3097672414725948,0.5370977346346387,0.33321168757713826,0.5549846243910684,1000,148
word_cantillation_icf_position2_psalm,Emblematic,0.009252669039145907,0.007166216532786159,0.0032846043851014425,0.012920179915017515,0.003611515942969587,0.014352746887876624,-1.7763568394002505e-15,0.0,0.0,-2.6645352591003757e-15,0.0,0.36118479221927496,0.21914020012250984,0.554337540806688,0.20888387926734772,0.5257838151935775,1000,148
word_cantillation_icf_position2_psalm,Staircase,0.0096051227321238,0.010879859018804769,0.004764110579743139,0.026087462851173717,0.004476550179694101,0.025662748451005496,0.0,0.0,0.0,0.0,0.0,0.5436755002128565,0.4159373750324325,0.681065307648122,0.3914919914959937,0.6659709094346854,1000,146
word_cantillation_icf_position2_psalm,Synonymous,0.15096065873741996,0.14902225582205844,0.10672427439081209,0.18013330059213664,0.11342177624881664,0.18602429740114296,0.0,0.0,0.0,0.0,0.0,0.4936284540810403,0.4411288758413851,0.5340747881103377,0.45032163530941866,0.5386377352757562,1000,149
word_cantillation_icf_position2_psalm,Synthetic,0.1558520315342632,0.15143425608454406,0.11218341131752746,0.17898449819866008,0.11966475819001725,0.18744659745136863,0.0,0.0,0.0,0.0,0.0,0.4864019382575249,0.4484706551086853,0.5230099771422818,0.45259457113012486,0.5257136705573392,1000,150
word_cantillation_icf_position4,overall,0.2850539291217257,0.3290156574468406,0.2598629672087975,0.3670018479841519,0.2836663796046572,0.37733423707282154,1.6107687846012362,1.094947105699252,2.250520034181819,1.0357788157063963,2.1815710818199423,0.5328513319353837,0.5195315823815383,0.5507153501621846,0.5181905550360904,0.5479324064533561,1000,150
word_cantillation_icf_position4,Antithetic,0.01694915254237288,0.042594956465414266,0.01578573686023968,0.12369213267827549,0.013031304748571844,0.09891184291209212,1.3986216394066195,0.08645463137835416,5.5869830253100945,-0.242622820789218,4.160071672385797,0.5373600634578544,0.47978567234316405,0.611272395401962,0.47490230671219996,0.6044975222535934,1000,148
word_cantillation_icf_position4,Emblematic,0.009252669039145907,0.19978100191623324,0.07195259720346976,0.3663018159473726,0.061677077986759914,0.3512210842105393,10.450556211193817,2.9753881172692447,20.750058216640955,2.4618843596591202,19.252017363939967,0.5484292108753316,0.4782714917283599,0.6430405245068374,0.4720253200253463,0.6338408325501913,1000,148
word_cantillation_icf_position4,Staircase,0.0096051227321238,0.01616834660209942,0.005988388124824825,0.08667935858410694,0.005596103420958114,0.081238071764353,0.48353812146574526,-0.4564007767308539,3.896180348954633,-0.5985709294010432,2.5522749292947617,0.5162901766709238,0.45862234276618186,0.6205497110708806,0.4552075654636375,0.6128404729174904,1000,146
word_cantillation_icf_position4,Synonymous,0.15096065873741996,0.18902966685792266,0.14721224304343516,0.22643639913060182,0.15228513415213046,0.23241464986956276,1.2055760128617163,0.6270615862590568,2.0356725388737202,0.5808275296317557,1.9655747781240147,0.5437325844653431,0.5213019890910549,0.5697278367545198,0.5207122847141255,0.568530791400679,1000,149
word_cantillation_icf_position4,Synthetic,0.1558520315342632,0.19073697262568867,0.1496971777670316,0.22212949877134466,0.1558863677225657,0.22875743983585523,1.6328587452892802,0.892504108114869,2.6295521588768294,0.8533282725731338,2.487027498090532,0.5220332136947091,0.5058131441815182,0.5407081960577496,0.5047916443865155,0.5386367067663499,1000,150
word_cantillation_icf_position4_psalm,overall,0.2850539291217257,0.30014461850683183,0.27025413936939935,0.3353442096685617,0.2721395640059412,0.33806250357324946,0.0,0.0,0.0,0.0,0.0,0.5265670303924614,0.48750788090381336,0.616348446312141,0.4721389377311044,0.5807870364243622,1000,150
word_cantillation_icf_position4_psalm,Antithetic,0.01694915254237288,0.020893382871078083,0.011339312531212382,0.034051021945439255,0.011317398404906339,0.034046199659002845,0.0,0.0,0.0,0.0,0.0,0.5803811961206896,0.4513414876221369,0.696860622971669,0.44835703165866764,0.6950051425297896,1000,148
word_cantillation_icf_position4_psalm,Emblematic,0.009252669039145907,0.008201056224032598,0.0039214614206657195,0.014533802081095273,0.003946272309897729,0.0147783093071311,0.0,0.0,0.0,-1.7763568394002505e-15,0.0,0.42537024756852343,0.28630197882051944,0.583825795936081,0.2749145718982279,0.5736147751245726,1000,148
word_cantillation_icf_position4_psalm,Staircase,0.0096051227321238,0.009822493075393632,0.004817047993856058,0.016838394415301064,0.005155915281036731,0.017332848274575093,0.0,0.0,0.0,0.0,0.0,0.5013170498084292,0.35138998105931857,0.6491616356915613,0.3606102125120355,0.6574070244487281,1000,146
word_cantillation_icf_position4_psalm,Synonymous,0.15096065873741996,0.16763113926318662,0.1362326622458664,0.20868764772841875,0.1327729711802679,0.20455232353379602,0.0,0.0,0.0,0.0,0.0,0.5323428247997214,0.471426637189558,0.6107171519592107,0.458697686451738,0.5939588252893082,1000,149
word_cantillation_icf_position4_psalm,Synthetic,0.1558520315342632,0.16300510810897725,0.13305394598096695,0.18880788074774077,0.1377639443255709,0.1924353206598449,0.0,0.0,0.0,0.0,0.0,0.5224245549890424,0.46516858488474633,0.6064206801805925,0.45572839324282427,0.5925219789580027,1000,150
word_cantillation_icf_position8,overall,0.2850539291217257,0.330874130695591,0.263601775810954,0.370322856836852,0.28408177282090263,0.37858008751377265,1.9730203756812357,1.3208044577566762,2.744383992739652,1.2813718037815525,2.657254421865577,0.5332365770943357,0.5207287452476115,0.5501074828699285,0.51949143933572,0.5481656117302226,1000,150
word_cantillation_icf_position8,Antithetic,0.01694915254237288,0.04453579197234685,0.01634098845531309,0.1235009127695032,0.013933864870864456,0.1006726422222369,1.828857235126453,0.2479375232728331,6.869709241900527,-0.14044640663244123,5.169470838463739,0.5455093091475096,0.4872864571288282,0.6178410389028902,0.4827743461485134,0.6120128019219168,1000,148
word_cantillation_icf_position8,Emblematic,0.009252669039145907,0.19978100191623324,0.07195259720346976,0.3663018159473726,0.061677077986759914,0.3512210842105393,12.772314676398763,3.7185782919354327,25.26740935271295,3.106298925481887,23.34327679549404,0.5551019562334217,0.4862433427961515,0.6486583605305118,0.48074927079282026,0.6396271965193939,1000,148
word_cantillation_icf_position8,Staircase,0.0096051227321238,0.01777145578120133,0.006188744339208559,0.09078100529947164,0.005858088799192412,0.08650963182905447,0.7225547696835855,-0.3960966838608425,4.883973835063807,-0.5844845720841558,3.231445749626376,0.5245516709237974,0.4684220025275155,0.6283143103625691,0.4641488325855905,0.6181712076456742,1000,146
word_cantillation_icf_position8,Synonymous,0.15096065873741996,0.19096416858199217,0.14727557305194014,0.22923282531495612,0.1522537903573749,0.23612957787361175,1.447956210245181,0.7991130213152338,2.464104142700589,0.703793899862825,2.3239936750281185,0.5416826309067688,0.5201708546886493,0.569588515409461,0.5189653104868471,0.5666543721752029,1000,149
word_cantillation_icf_position8,Synthetic,0.1558520315342632,0.19181283083147105,0.14972013488133648,0.22224924916082245,0.15629689077446876,0.23016607346482304,2.0115563915971064,1.103852048812794,3.2532687054817897,1.0460802503446094,3.056657030927798,0.5233068199606422,0.5090456420362298,0.5405102346552793,0.5075156806543566,0.5388721306856981,1000,150
word_cantillation_icf_position8_psalm,overall,0.2850539291217257,0.2646759627231086,0.17098140987104016,0.3154462293420524,0.2087902795215275,0.32777782695723934,0.0,0.0,0.0,0.0,0.0,0.45187202288495393,0.3596560997005359,0.5027535974523761,0.38442254791872127,0.513565657175855,1000,150
word_cantillation_icf_position8_psalm,Antithetic,0.01694915254237288,0.012536816714070698,0.006087127165281368,0.019741676035777152,0.006976010407734617,0.02155155171926592,0.0,0.0,0.0,-1.7763568394002505e-15,0.0,0.30907641882183906,0.19687998666449158,0.43803517653171326,0.2002914679424905,0.4490828409371948,1000,148
word_cantillation_icf_position8_psalm,Emblematic,0.009252669039145907,0.006697269879401219,0.0026603260562330423,0.012805330005649351,0.003278646314968976,0.01432566684972668,-1.7763568394002505e-15,0.0,0.0,-2.6645352591003757e-15,0.0,0.3046253315649867,0.14135663091951337,0.5220275786930729,0.12534852495678772,0.4962400906629939,1000,148
word_cantillation_icf_position8_psalm,Staircase,0.0096051227321238,0.010082088121303807,0.0048074302545265514,0.01892320186870805,0.004868261577764217,0.019196822433078676,0.0,0.0,0.0,0.0,0.0,0.49072743720732226,0.3067928986624657,0.5990927728857061,0.3631141728781669,0.6240022664975613,1000,146
word_cantillation_icf_position8_psalm,Synonymous,0.15096065873741996,0.14475342729952062,0.08986435716337011,0.18380528229324605,0.10465728423519303,0.19436668116673558,0.0,0.0,0.0,0.0,0.0,0.4785462382445141,0.37347383496323955,0.5387923996895758,0.398583400429363,0.5494592963570117,1000,149
word_cantillation_icf_position8_psalm,Synthetic,0.1558520315342632,0.14289431163037197,0.08904264602347674,0.17382754575606965,0.10687642101314003,0.1840147249187984,0.0,0.0,0.0,0.0,0.0,0.4449260504718458,0.339780450206097,0.5027176511772647,0.3687085327322209,0.5182568375014484,1000,150
word_cantillation_icf_position_mean,overall,0.2850539291217257,0.33282052695246633,0.2654024427382362,0.3716879815011526,0.28729690463230345,0.3818003231689994,1.1859954542583382,0.8194461026433679,1.6557222033961339,0.7780420064964222,1.5937547664310634,0.5352441881536709,0.5212114825700521,0.5536326489641231,0.5193869782348568,0.5510852195044542,1000,150
word_cantillation_icf_position_mean,Antithetic,0.01694915254237288,0.04489103516647354,0.01669372858875411,0.12596048753096,0.013651914025892272,0.10248887787177932,1.1575841795738988,0.080825822157658,3.9495138687238596,-0.10726658016466441,3.189475630998947,0.5542908884099617,0.48880064226876185,0.633462668615756,0.4858100042414671,0.6263341175880078,1000,148
word_cantillation_icf_position_mean,Emblematic,0.009252669039145907,0.19978100191623324,0.07195259720346976,0.3663018159473726,0.061677077986759914,0.3512210842105393,7.430254538145413,2.1017604308443705,14.693806977508427,1.744267761049553,13.718828490437541,0.5448027188328912,0.4735641699186274,0.6398857173155036,0.4679741745168532,0.6309530483699698,1000,148
word_cantillation_icf_position_mean,Staircase,0.0096051227321238,0.015178826308048437,0.005953296754716999,0.07761424726174433,0.005490449346892253,0.07195630657482674,0.3068071037022786,-0.3595780456892884,2.6838581998639395,-0.4579284698995742,1.7667814272048399,0.5119598765432098,0.4549247839536595,0.6175989568692765,0.45130227851707644,0.6086887921805406,1000,146
word_cantillation_icf_position_mean,Synonymous,0.15096065873741996,0.194373296916298,0.15228990390005387,0.23691019579829048,0.15581473075893257,0.24074195123017497,0.9303828032688582,0.507788216455083,1.5248576616279734,0.4734950084689222,1.4628355262362218,0.5481118657842796,0.5227468760972263,0.5753417374377976,0.5225719207511222,0.5749573001965659,1000,149
word_cantillation_icf_position_mean,Synthetic,0.1558520315342632,0.19170883344867093,0.15049398934592856,0.2224718015616541,0.15758920404969817,0.22933171657252205,1.1651381638081344,0.6372399436401026,1.8531655556144397,0.6008436691548962,1.7682995560008823,0.5218130842166465,0.5050787629795781,0.54146196784383,0.5042040865587312,0.538935367638221,1000,150
word_cantillation_icf_position_mean_psalm,overall,0.2850539291217257,0.26504440304429394,0.18034672514197025,0.30939088518769514,0.21056145284166863,0.329415117362149,0.0,0.0,0.0,0.0,0.0,0.44185564875220046,0.3424748588612,0.4906139773857348,0.37293633423719863,0.5053122721917476,1000,150
word_cantillation_icf_position_mean_psalm,Antithetic,0.01694915254237288,0.01705091797104137,0.007132382695200435,0.028770651233731227,0.008512521802478055,0.03240432244844421,0.0,0.0,0.0,0.0,0.0,0.4950386135057471,0.3486126607406729,0.6119432005285775,0.35684172031823175,0.6201276450972406,1000,148
word_cantillation_icf_position_mean_psalm,Emblematic,0.009252669039145907,0.008051962607507849,0.0037866911678868143,0.014201237837231645,0.004021886043208066,0.01440511389908156,0.0,0.0,0.0,-1.7763568394002505e-15,0.0,0.3753868258178603,0.23325870649544334,0.49572895653058724,0.2547189019873268,0.5229431620312259,1000,148
word_cantillation_icf_position_mean_psalm,Staircase,0.0096051227321238,0.00822988077172267,0.0034544231231830665,0.014473753623387675,0.004114314557924652,0.016229188400831714,0.0,0.0,0.0,-8.881784197001252e-16,0.0,0.41715889740315026,0.23535682345412018,0.5654191920335191,0.2667127571387188,0.6040752817169315,1000,146
word_cantillation_icf_position_mean_psalm,Synonymous,0.15096065873741996,0.1417669977670794,0.09425914723708614,0.17927327123099918,0.10483941697346917,0.19141459834517247,0.0,0.0,0.0,0.0,0.0,0.4458619964007895,0.3514553968973694,0.5105956634103115,0.3711992887611725,0.5217932414647755,1000,149
word_cantillation_icf_position_mean_psalm,Synthetic,0.1558520315342632,0.1428442754425206,0.09253828924993379,0.17271250401710053,0.10793484814513647,0.18296009408554106,0.0,0.0,0.0,0.0,0.0,0.43769042946911757,0.33573993007276287,0.48996732927458125,0.37059708422264415,0.5039768962297618,1000,150
word_cantillation_icf_spacing2,overall,0.27508503401360546,0.27817415391485056,0.20465785171063594,0.32214083552023326,0.22700842975681548,0.3334281880386968,-0.0028094306868233776,-0.10755979985364925,0.10720305268350551,-0.10357170245922313,0.11166395921334202,0.5041382061125792,0.47328483553815465,0.5362627293981932,0.4725975284251603,0.5350584843159379,1000,145
word_cantillation_icf_spacing2,Antithetic,0.019551466359977,0.01917911399912829,0.009464787574127085,0.03271432537671104,0.01030725372181281,0.03461291350300547,-0.01823395987659862,-0.5456894802689114,0.2978199432197802,-0.40119758991972576,0.37888435973985435,0.47754010695187166,0.3317860728777341,0.6141122851987192,0.35179143226714243,0.6389781693774584,1000,139
word_cantillation_icf_spacing2,Emblematic,0.004670169293636894,0.005130182268637535,0.0018691897552469184,0.020550006675039912,0.0015615966943350206,0.01532112017847631,-0.8946531858282394,-2.127737723581085,0.37830403908074983,-2.150502127479034,0.35202094939379724,0.3859604105571848,0.08302833114287488,0.8613486623074625,0.06270220353322366,0.7455559015637515,991,138
word_cantillation_icf_spacing2,Staircase,0.00872093023255814,0.014473450103560739,0.0059712530611772075,0.03190847500972768,0.005415196322344177,0.02892342478343423,-0.07632033265708366,-0.6467721153884279,0.3773175699328801,-0.5690955783545936,0.40746202342534116,0.570713587487781,0.4052789334577334,0.7687870589971605,0.40402158728664733,0.7681964088357218,1000,138
word_cantillation_icf_spacing2,Synonymous,0.1525844930417495,0.1658843493403387,0.1207488504289392,0.20147524002185935,0.12880490154498894,0.21155138974333168,0.047539438384066046,-0.13094929548092887,0.18392877326994098,-0.09951909890816991,0.20230965897280967,0.5313334033834192,0.4845920208026535,0.575804757106406,0.487360827958005,0.5803473228314936,1000,140
word_cantillation_icf_spacing2,Synthetic,0.14235412474849093,0.13283474673811113,0.09367516806117537,0.17079597895739845,0.09867535994065355,0.17832218968822006,-0.026467576416948718,-0.183268830236106,0.11178987275096568,-0.17210194638790885,0.1217963744992788,0.4776442183144565,0.4361626788094777,0.5255633227801698,0.4335990882188028,0.5229757800427177,1000,144
word_cantillation_icf_spacing2_psalm,overall,0.2850539291217257,0.29256933410686153,0.22729410415140774,0.327336362888803,0.25019930894936393,0.3372585593938778,0.0,0.0,0.0,0.0,0.0,0.5071531660971316,0.4741196343603917,0.5444945433941453,0.47273168885931405,0.5434120034197704,1000,150
word_cantillation_icf_spacing2_psalm,Antithetic,0.01694915254237288,0.015164473909152019,0.0072978609808590136,0.02454313376362235,0.008161225249345245,0.025771939198013693,0.0,0.0,0.0,0.0,0.0,0.43937829262452105,0.311568485686031,0.573428589175191,0.30835028601269515,0.5698234115765695,1000,148
word_cantillation_icf_spacing2_psalm,Emblematic,0.009252669039145907,0.009605030797536006,0.0042165539499390975,0.020860869834532475,0.004166355532270483,0.020776066035549965,0.0,0.0,0.0,-2.7755575615628914e-15,0.0,0.50876574933687,0.3507237423657719,0.6696399131309637,0.3309376975311936,0.6541706222655738,1000,148
word_cantillation_icf_spacing2_psalm,Staircase,0.0096051227321238,0.010174434778624354,0.005050163258678827,0.019499169424922223,0.0048334609096616936,0.01886336823431959,0.0,0.0,0.0,0.0,0.0,0.5001795977011494,0.40572639646657377,0.6072349250125483,0.40551954718906774,0.6059752167123136,1000,146
word_cantillation_icf_spacing2_psalm,Synonymous,0.15096065873741996,0.1526536639051097,0.11659732746545336,0.18236515053044042,0.12052290543510155,0.18632683468535882,0.0,0.0,0.0,0.0,0.0,0.4924888250319285,0.434686523776543,0.5395470857718893,0.4388062090968522,0.5428473143784065,1000,149
word_cantillation_icf_spacing2_psalm,Synthetic,0.1558520315342632,0.16752643226752817,0.12796197598580947,0.1947087098965622,0.13641229820083686,0.2017686469326088,0.0,0.0,0.0,0.0,0.0,0.5278893566349121,0.4792772597171175,0.5753594500618493,0.4799885736332363,0.5768452194835186,1000,150
word_cantillation_icf_spacing4,overall,0.27508503401360546,0.30850832068958856,0.2275190542824986,0.3645118141208215,0.24624387595192335,0.3771111674594303,-0.0054050025588105455,-0.15998632345843292,0.14676968425558257,-0.1466313848694479,0.15436891173920997,0.5164245536584371,0.47780208561158904,0.5563640757868442,0.4781715315480255,0.5564144547937976,1000,145
word_cantillation_icf_spacing4,Antithetic,0.019551466359977,0.023199939784991866,0.010350372772895697,0.049962971585788156,0.010806680170517875,0.051259090211110976,0.05071648485665314,-0.3583230638712082,0.39317003317518656,-0.2849518397379079,0.44409971796435554,0.5,0.3774489864344839,0.6300364999912708,0.38646970826486216,0.6328257477266915,1000,139
word_cantillation_icf_spacing4,Emblematic,0.004670169293636894,0.015528527950218817,0.0027008864372809306,0.09366899375624484,0.0017401613147937228,0.06525652027052586,-0.46360524166575845,-1.504504091321715,0.9565026451729036,-1.6110959337167028,0.7581379146771243,0.4598607038123167,0.13429874899037286,0.9702460036122853,0.11818695932631727,0.8411104430770893,991,138
word_cantillation_icf_spacing4,Staircase,0.00872093023255814,0.02915969366654405,0.009271118822783106,0.08415411485590527,0.007903839458085954,0.07953271506255534,0.2503160071471478,-0.38935791713519763,0.7674810250959225,-0.3087535338162469,0.7978398642704304,0.6182404692082112,0.4321501896438553,0.8411747090380353,0.4379072131663641,0.8452526582759627,1000,138
word_cantillation_icf_spacing4,Synonymous,0.1525844930417495,0.18355684689126744,0.12839646930653525,0.22591984626960493,0.13943995155179084,0.23692702137073363,0.01245454307360544,-0.2360586360845201,0.21388445707953943,-0.2112744871342748,0.24149420114031656,0.5331225462569373,0.4704944195636399,0.583636978406501,0.476955507816244,0.5886805227603598,1000,140
word_cantillation_icf_spacing4,Synthetic,0.14235412474849093,0.1517406559484283,0.10512776789060828,0.20155723013464805,0.11012658795682273,0.2062034815167266,-0.03212310967545767,-0.2069793175931199,0.12525087603111615,-0.19902575697440905,0.1350794160641469,0.4964861196024994,0.44854646257664654,0.5427316217502404,0.4504117563683657,0.543600275049379,1000,144
word_cantillation_icf_spacing4_psalm,overall,0.2850539291217257,0.2999207367974456,0.21868054312989546,0.33529653488785355,0.2526117380040975,0.3477406678539432,0.0,0.0,0.0,0.0,0.0,0.5210888151082117,0.47992363638339586,0.5552255590300395,0.4853665864133197,0.5594171974788087,1000,150
word_cantillation_icf_spacing4_psalm,Antithetic,0.01694915254237288,0.02204428398629696,0.010729101791696232,0.03922628759631468,0.009993803674631829,0.03736754128873831,0.0,0.0,0.0,0.0,0.0,0.5070043103448276,0.3977528823834452,0.603420695955126,0.39870116529005184,0.6049059402693407,1000,148
word_cantillation_icf_spacing4_psalm,Emblematic,0.009252669039145907,0.009620067573807983,0.0040496235845307975,0.01842968917747142,0.004539559425661389,0.019770124630829087,0.0,0.0,0.0,-6.661338147750939e-16,0.0,0.4816326812555261,0.3142673375943978,0.626414126951804,0.3237218415513834,0.6402248487519308,1000,148
word_cantillation_icf_spacing4_psalm,Staircase,0.0096051227321238,0.013014500766217556,0.005138925251509835,0.030632411488609516,0.005065612769334916,0.030292573666591344,0.0,0.0,0.0,0.0,0.0,0.5878432311621967,0.4584169448569701,0.7179271732061541,0.4499145100689781,0.7126711416976611,1000,146
word_cantillation_icf_spacing4_psalm,Synonymous,0.15096065873741996,0.14977244873210438,0.10836640589229594,0.180762140349599,0.11552949995774643,0.18802109542909598,0.0,0.0,0.0,0.0,0.0,0.48791071635899225,0.4271887592872683,0.5359148117972716,0.4367498382629597,0.5446015917855779,1000,149
word_cantillation_icf_spacing4_psalm,Synthetic,0.1558520315342632,0.18055325598186517,0.12927590364430758,0.2127401592012669,0.14035267935785864,0.21859741115805048,0.0,0.0,0.0,0.0,0.0,0.5528450512098037,0.501698819794695,0.593210657923669,0.5067642031917895,0.597925706820293,1000,150
word_cantillation_icf_spacing8,overall,0.27508503401360546,0.31520799258915044,0.22919474155903977,0.37260944291142345,0.24872064515158032,0.38948163734543767,0.04615198972738083,-0.1460152170772047,0.2242859291571499,-0.12381530814177927,0.23578476140557825,0.5160442738196142,0.46999860003044475,0.5593957971078135,0.4742557618033557,0.5604060174551031,1000,145
word_cantillation_icf_spacing8,Antithetic,0.019551466359977,0.023191013412663324,0.010726141323090528,0.042786937488196106,0.011782411391021399,0.048332997500744455,0.17668987387407176,-0.1768731732013807,0.5410170297356782,-0.14013456399087315,0.5819650029433164,0.537312402967052,0.4447433732604566,0.63898661696065,0.4523654833795851,0.6480520536115999,1000,139
word_cantillation_icf_spacing8,Emblematic,0.004670169293636894,0.016922956287820923,0.0020379910246441264,0.16972522420904554,0.0015912534065706755,0.09771127164692596,-0.31733873429615944,-1.3811274040889792,1.5231153332109943,-1.4841861284327396,0.9334089768749021,0.44288856304985336,0.17065586227884771,0.9546567267379731,0.13967927598439686,0.7743767985320844,991,138
word_cantillation_icf_spacing8,Staircase,0.00872093023255814,0.02085777817864867,0.0071403509707984505,0.0640608572785893,0.007126264372558888,0.06389827636644882,0.2219929698512464,-0.43779516056111384,0.9254912401531917,-0.43174104891718484,0.9296801359990274,0.5620332355816227,0.3956344678337809,0.7527661592275686,0.39510268574518986,0.7518592944685804,1000,138
word_cantillation_icf_spacing8,Synonymous,0.1525844930417495,0.19304580469158322,0.1302551295590871,0.24209473748592145,0.14400387457559086,0.25275229790554227,0.10526512205579552,-0.17121682217836962,0.3274171480605845,-0.12848297197746203,0.3534830252634448,0.5320985413661677,0.46732044715175974,0.5859032944718184,0.4741442560129823,0.5903076566309569,1000,140
word_cantillation_icf_spacing8,Synthetic,0.14235412474849093,0.15717291053008287,0.10705111820625564,0.2106802318768853,0.11176494926139995,0.21620769732713205,-0.032702104249581476,-0.26416703192755164,0.14797630314599325,-0.23477165196124608,0.15939319212090092,0.49570376050485476,0.435014283317305,0.5391400169232505,0.44294715707602267,0.542975165729198,1000,144
word_cantillation_icf_spacing8_psalm,overall,0.2850539291217257,0.2712374911056388,0.18000468007219086,0.3185213822315371,0.21493596149500607,0.3309573159983822,0.0,0.0,0.0,0.0,0.0,0.4618654214559387,0.3521805960605459,0.509676768341218,0.38941820316793635,0.5250728332623856,1000,150
word_cantillation_icf_spacing8_psalm,Antithetic,0.01694915254237288,0.016639582687227334,0.00805607698111597,0.0266407223985187,0.008873759433843588,0.027644626251589546,0.0,0.0,0.0,0.0,0.0,0.43235153256704983,0.2840426172619096,0.5499158530695395,0.299077518584835,0.5674975012138316,1000,148
word_cantillation_icf_spacing8_psalm,Emblematic,0.009252669039145907,0.007673998934403861,0.00325657528957148,0.013621325026026266,0.003713974855075315,0.014538771759903209,0.0,0.0,0.0,0.0,0.0,0.39699381078691426,0.2584569387012537,0.5228505360700674,0.2692385626999069,0.5339153944971167,1000,148
word_cantillation_icf_spacing8_psalm,Staircase,0.0096051227321238,0.009461742026460985,0.003933157806992823,0.01962279361767487,0.004347460867105159,0.021630640744961665,0.0,0.0,0.0,0.0,0.0,0.4919380587484036,0.3465391312687793,0.6502161219834747,0.3510060504139567,0.6539403880624081,1000,146
word_cantillation_icf_spacing8_psalm,Synonymous,0.15096065873741996,0.1453661669978523,0.09212714172668614,0.18168751963786697,0.10737819828776207,0.19245210408955965,0.0,0.0,0.0,0.0,0.0,0.47550904156507606,0.38064087778666744,0.5376906196929132,0.3950587980676927,0.5507034098208261,1000,149
word_cantillation_icf_spacing8_psalm,Synthetic,0.1558520315342632,0.14585988850279724,0.09426707512277917,0.1745472090958728,0.1103213215650914,0.18604466238763714,0.0,0.0,0.0,0.0,0.0,0.45318405060601996,0.33807994044616996,0.5070636057192023,0.37631995724287254,0.5234778979746132,1000,150
word_cantillation_log_count,overall,0.2850539291217257,0.3369435841525628,0.2627483090561124,0.37685383072946377,0.28857492251008315,0.38571910702496837,0.539677364034916,0.37999999825189157,0.7464728410268864,0.3625801148486224,0.7277290686255079,0.5357305581443512,0.522043519613718,0.5537023093839358,0.5198347818480306,0.5513994569429512,1000,150
word_cantillation_log_count,Antithetic,0.01694915254237288,0.04967717943012559,0.01914530468968756,0.13077731565170694,0.015219078806502497,0.10909798045367325,0.70172873147499,0.058498191180290565,1.5386447180904577,0.003590346915673031,1.5136081861982489,0.5554807231800766,0.4923388276740983,0.6321320835025831,0.486421846297953,0.6274682750208176,1000,148
word_cantillation_log_count,Emblematic,0.009252669039145907,0.19978100191623324,0.07195259720346976,0.3663018159473726,0.061677077986759914,0.3512210842105393,2.022942834245914,0.29601564746497444,4.37079450920251,0.21108542406441771,4.04325884211364,0.5448027188328912,0.4735641699186274,0.6398857173155036,0.4679741745168532,0.6309530483699698,1000,148
word_cantillation_log_count,Staircase,0.0096051227321238,0.01141326254285632,0.004984709946531929,0.026577403081350065,0.005645585442589476,0.03116856400030197,0.09206856989597145,-0.3792377164405278,1.3012301442072471,-0.43506212863002086,0.990110017553554,0.5100441677309493,0.45492709284428123,0.6138862589960008,0.45018071816030325,0.6029144406538856,1000,146
word_cantillation_log_count,Synonymous,0.15096065873741996,0.20002761661958987,0.15303021223201785,0.2417149514904978,0.15794396070620245,0.24639185488749998,0.5761862899511769,0.30678468732518877,0.8748847857954369,0.3063335994163221,0.87089586374361,0.5487119760826658,0.5225585967397494,0.5758864799692115,0.5225545753935142,0.5757125959678299,1000,149
word_cantillation_log_count,Synthetic,0.1558520315342632,0.1951176261402441,0.15065451598054225,0.2267577183558666,0.16011799538473198,0.23433333526663985,0.43786831977536894,0.2353231161962695,0.6626285786826391,0.2177804674792598,0.6486582584867848,0.5222750067087079,0.5058440388299856,0.5415948936317865,0.5045507048615662,0.5397931750783844,1000,150
word_cantillation_tf_icf,overall,0.2850539291217257,0.3334905721866414,0.26641388518050824,0.372076159643242,0.287928116754878,0.38301773194787625,0.9973706296168773,0.6892686351400439,1.3899997088214986,0.6544006878849864,1.335629219426922,0.5353004944599772,0.5212877005330621,0.5535190204594437,0.5194982167086629,0.5511574382245163,1000,150
word_cantillation_tf_icf,Antithetic,0.01694915254237288,0.045583154531524075,0.017189191327049245,0.12637263895582673,0.014122687255986002,0.10345505336121098,1.0024123387475752,0.10027485122106394,3.545394611932799,-0.034930670921598427,2.7107618957585196,0.5553759578544061,0.4914232967481482,0.6335842505230106,0.4866499316690222,0.6264345583323114,1000,148
word_cantillation_tf_icf,Emblematic,0.009252669039145907,0.19978100191623324,0.07195259720346976,0.3663018159473726,0.061677077986759914,0.3512210842105393,6.149514455713529,1.730621267579517,12.246474265077211,1.4261010098451312,11.36130056569268,0.5448027188328912,0.4735641699186274,0.6398857173155036,0.4679741745168532,0.6309530483699698,1000,148
word_cantillation_tf_icf,Staircase,0.0096051227321238,0.015123395352907536,0.005953144930986087,0.07785343553100511,0.005451542150055983,0.07137471242805055,0.2510867943208538,-0.30967676366236846,2.2562043519263617,-0.3914628810033846,1.4810073238731336,0.5117337164750958,0.4548202426524927,0.6171941096869242,0.4511983990172962,0.6081734174084678,1000,146
word_cantillation_tf_icf,Synonymous,0.15096065873741996,0.19478273711839797,0.15287172637803828,0.23607872524514628,0.15653151667695975,0.24124395546460387,0.7844358389080092,0.42867146407026685,1.274922903198227,0.39975426751309895,1.2259001259395652,0.5479885057471264,0.5226359393040052,0.5751654562829412,0.5224901233668918,0.57496011253412,1000,149
word_cantillation_tf_icf,Synthetic,0.1558520315342632,0.19221808456451214,0.15103637276348486,0.22311841683282546,0.15801769278491368,0.2297541242851362,0.9805508697668698,0.5429317295583971,1.5697835422710669,0.5093646661487826,1.4873304801733664,0.5219640301444608,0.5052648898969417,0.5416254194544278,0.5043914639613509,0.5391468617062732,1000,150
word_consonantal_binary,overall,0.2850539291217257,0.3438254132370379,0.28786996136306314,0.3809611784601255,0.3019086667612215,0.391207261941533,0.4148569249622049,0.2849721414529704,0.5895869873059759,0.267376930414064,0.5637807969106553,0.5599937221704463,0.5376357830086593,0.5887131650244042,0.5330987013946651,0.5845730605112747,1000,150
word_consonantal_binary,Antithetic,0.01694915254237288,0.027190983756422815,0.013684739974097781,0.05633950959093362,0.01403076327736304,0.05727470508821562,0.4553003357467263,-0.09052083307361157,1.2280720835959091,-0.17315644311420317,1.12775086070162,0.5776947138409961,0.47791340760874734,0.7118213539003032,0.4625004317264173,0.696166639593356,1000,148
word_consonantal_binary,Emblematic,0.009252669039145907,0.04037252466365709,0.008728594876893626,0.13389842720960304,0.00950165961222233,0.14165287425154183,0.7718270151151936,-0.19038861038874152,1.9997026683380001,-0.25072788916050087,1.7949362187803328,0.5389727011494253,0.42259555262285037,0.6739939541154608,0.4172441113718515,0.6639293087422163,1000,148
word_consonantal_binary,Staircase,0.0096051227321238,0.033533290203933516,0.013143438264990611,0.10502577963052187,0.011066435853933744,0.08859200747743474,1.1180027325321809,0.2366157732335004,2.121174914744627,0.15982990095811392,2.0252597594891317,0.6631478820774798,0.5182343182494575,0.8078863507932664,0.513995436841363,0.80677407427695,1000,146
word_consonantal_binary,Synonymous,0.15096065873741996,0.2074663376582757,0.16624456877508853,0.25462791014880604,0.16783616331693293,0.2567321444085487,0.5292173560413835,0.338834980698662,0.7913199225554769,0.31213576107924335,0.767506354156343,0.5834135173574829,0.5499181203618625,0.6255179947635394,0.5449951971688601,0.6212941361777994,1000,149
word_consonantal_binary,Synthetic,0.1558520315342632,0.1809796424254051,0.14149513701981137,0.21227911318576811,0.15103788237581206,0.2182285687043091,0.2459544808956337,0.09636681877423424,0.4072653624668179,0.07225589393735052,0.3911243965376146,0.5314313447604991,0.5054698324888215,0.5612492724855609,0.5019844491923897,0.5582432723129894,1000,150
word_consonantal_count,overall,0.2850539291217257,0.3431357775634509,0.2882968572819411,0.37919644249047535,0.3013685723896436,0.38989042204274255,0.3935152270037778,0.26255164516320867,0.5726249501976127,0.2434931753970474,0.5392496478529518,0.558585093714404,0.5363875519634755,0.5897321380188784,0.5322079496733517,0.5841827738178963,1000,150
word_consonantal_count,Antithetic,0.01694915254237288,0.02664182109194467,0.013155520023374948,0.04981324922648877,0.013819261575385263,0.05075013919714612,0.4566606388331293,-0.042528228002863724,1.117177500538693,-0.12403514458654714,1.0574386493604175,0.5786188936781609,0.48354736814913557,0.704648363705809,0.4680410089782014,0.6896753724853719,1000,148
word_consonantal_count,Emblematic,0.009252669039145907,0.04140128339936436,0.00928192877569882,0.12580305003557934,0.010226937200391127,0.1372553019843836,0.7099718042464425,-0.21788749939705057,1.8164536368582909,-0.26161971211140633,1.7360334078304929,0.5371283709106985,0.4210055796944265,0.6709632574745626,0.41600857797938773,0.6591509937095169,1000,148
word_consonantal_count,Staircase,0.0096051227321238,0.03812463396119187,0.012447523397543219,0.09194747393823766,0.013448821957249859,0.10010231458895043,1.1972661611129425,0.24769929275573752,2.154388221248396,0.2406359996875265,2.138503860920793,0.6585781183482333,0.5139435422758726,0.7999551170102311,0.511840404967113,0.7976607954187637,1000,146
word_consonantal_count,Synonymous,0.15096065873741996,0.20184660802498344,0.16143971678578298,0.24705493373277443,0.1621321172369696,0.2490226102574007,0.47976637072825395,0.29972844604466126,0.7268982581789828,0.2669900238247551,0.7032738251418802,0.5791075264135609,0.5451741536452682,0.6197518714616664,0.5423920317027106,0.6175334804452737,1000,149
word_consonantal_count,Synthetic,0.1558520315342632,0.1855564240561935,0.14436807339543029,0.2157685467164978,0.15540355278442125,0.2214869661793375,0.24632759637988438,0.10631134821668545,0.4191217056611387,0.07349665195325603,0.39092934700917414,0.532783219285299,0.507913201049652,0.5637131648053445,0.5028633543624775,0.5600482291403106,1000,150
word_consonantal_icf,overall,0.2850539291217257,0.34256687886622367,0.29040399958435703,0.3801147197949059,0.3019243441922172,0.389398142459989,0.6881754475744047,0.4514574182532379,1.004024296210679,0.42971919132674985,0.9694673396294605,0.562591740447344,0.5406106811605574,0.5943142986096125,0.536542558334464,0.5877825045119424,1000,150
word_consonantal_icf,Antithetic,0.01694915254237288,0.02680352887944735,0.012645192676079641,0.05289863811713958,0.013440651784015108,0.05877857310520014,0.7465480097111196,-0.17377676210229737,1.9612966744975355,-0.27029113654254405,1.8394962109012025,0.5753636853448276,0.47673129020947436,0.6947579435592888,0.4701745688741259,0.685259955808513,1000,148
word_consonantal_icf,Emblematic,0.009252669039145907,0.051256328879582126,0.010392364356152262,0.13772360684606721,0.013575214184457927,0.1624191929220599,2.9093164483256255,0.5791754838099372,5.90176979868968,0.3387258896332921,5.589501610520594,0.5715904067197171,0.4399328208285504,0.7469079785981653,0.43183002857977626,0.7264214957981319,1000,148
word_consonantal_icf,Staircase,0.0096051227321238,0.05149780040721434,0.01704387168349584,0.12842390157798123,0.017640995820363294,0.13354094470154104,3.167741952478788,1.2000576126383817,5.2185216300234,1.1770789528586147,5.1067248498995035,0.6726665602383993,0.5206185333292592,0.8185433707357332,0.5167820189117411,0.8179564857888774,1000,146
word_consonantal_icf,Synonymous,0.15096065873741996,0.19401323480736324,0.15370667650223566,0.23178396645870378,0.15762635377709966,0.23736805387187976,0.6143249746772054,0.3202088975944119,1.005406472994348,0.27318562557495724,0.9779547379032791,0.5812093637524672,0.5458349141057482,0.6212883410651557,0.5440990560108876,0.6180922523184269,1000,149
word_consonantal_icf,Synthetic,0.1558520315342632,0.18388476790406372,0.14449325978583832,0.21609198270842433,0.15171195871136445,0.2233750276409463,0.511241866737053,0.2168470982950922,0.8476315999644025,0.17331370460529716,0.8256527057313466,0.5372322806252515,0.5098928674987381,0.5690528395383704,0.5076644043639962,0.5660218252563859,1000,150
word_consonantal_icf_position2,overall,0.2850539291217257,0.3414304987136474,0.2876468069734482,0.37851018934757524,0.30064483379649265,0.3883541374809133,0.8643446829417736,0.5532649136897367,1.2558268631219485,0.5344648219295727,1.2068544992319203,0.5624247631251942,0.5413275624623681,0.5926718637657536,0.5377961195971918,0.5869192404640227,1000,150
word_consonantal_icf_position2,Antithetic,0.01694915254237288,0.02627062620435041,0.01250019996171863,0.05292597640262312,0.01349589539294889,0.058544960944064056,0.9114302366348219,-0.24440179444504231,2.5373157709515017,-0.3409002218383526,2.3392797289411424,0.5679253472222222,0.4763877196627182,0.6925254543367615,0.464842824569985,0.6736294511207735,1000,148
word_consonantal_icf_position2,Emblematic,0.009252669039145907,0.04940549916025303,0.009915683363005441,0.13796149786377823,0.011591143014636051,0.15622515351628782,3.5210979668290943,0.5838938548003069,7.412503524461013,0.2851823007325056,7.0163876897943265,0.5514616489832007,0.43217580237497405,0.7350912508771309,0.41178601808404225,0.7067280006748701,1000,148
word_consonantal_icf_position2,Staircase,0.0096051227321238,0.04350577595132683,0.0131171513816581,0.09472674874380221,0.017067681913814234,0.10702914149897848,3.507963221952296,1.458915731288819,6.082679086699743,1.3442659078832295,5.903131648312252,0.6515405491698595,0.506257683862459,0.7702008727319123,0.5208951575099523,0.7779042683254194,1000,146
word_consonantal_icf_position2,Synonymous,0.15096065873741996,0.19377993860329412,0.15356298819805822,0.23300464214248162,0.1581476753019225,0.23589794784733226,0.7771452417468685,0.4065534578632558,1.2831976541460803,0.3483715261100722,1.2472494397737708,0.5810758446534309,0.5455649585697325,0.6203534128389584,0.5431955127252299,0.6181953429237891,1000,149
word_consonantal_icf_position2,Synthetic,0.1558520315342632,0.18466204611371045,0.14564658253876248,0.21767203635094357,0.15227242141916728,0.2245129419508212,0.6706682838753473,0.2926120854903422,1.1022021648367888,0.24564106852388817,1.0667556277956787,0.5398228202289905,0.5133493147338409,0.5718011884051241,0.5102865607935912,0.5683965542693543,1000,150
word_consonantal_icf_position2_psalm,overall,0.2850539291217257,0.26700991594609264,0.1818489973527959,0.3163031792621446,0.21372330242356635,0.33674131347580977,0.0,0.0,0.0,0.0,0.0,0.45362382856994926,0.35996025034083606,0.501382198027123,0.3890939143309848,0.5188526011795449,1000,150
word_consonantal_icf_position2_psalm,Antithetic,0.01694915254237288,0.01697390528180756,0.007614994925538523,0.028707029646287994,0.008688161248769938,0.030555574551249336,0.0,0.0,0.0,0.0,0.0,0.47467672413793105,0.32944083248824546,0.5902229678830668,0.34490535658175847,0.5992505599053024,1000,148
word_consonantal_icf_position2_psalm,Emblematic,0.009252669039145907,0.00876630336197662,0.003981296679091613,0.016281342690324756,0.0038760002563859104,0.015856283779801982,0.0,0.0,0.0,-8.881784197001252e-16,0.0,0.3822046308576481,0.25636566656950566,0.4799061172480667,0.27170448168267936,0.4928890238732666,1000,148
word_consonantal_icf_position2_psalm,Staircase,0.0096051227321238,0.009583657497681301,0.004619084179829556,0.01856192097916226,0.004460169544096573,0.018011013174555605,0.0,0.0,0.0,0.0,0.0,0.44655305449127286,0.30210183762962295,0.5702954552992078,0.320436898554528,0.5795124510077609,1000,146
word_consonantal_icf_position2_psalm,Synonymous,0.15096065873741996,0.14677802365031256,0.09813163565694899,0.18645450087518714,0.10666367138127733,0.2007738225225607,0.0,0.0,0.0,0.0,0.0,0.4744644723092999,0.38074150985217625,0.532010138012676,0.401432109072091,0.5439370813060901,1000,149
word_consonantal_icf_position2_psalm,Synthetic,0.1558520315342632,0.1393817548798434,0.08902068126011198,0.16930943753831282,0.10769877630485103,0.18472573240029197,0.0,0.0,0.0,0.0,0.0,0.43557159588979827,0.34639123337610733,0.4895581974949068,0.36342751390643474,0.5020420321901837,1000,150
word_consonantal_icf_position4,overall,0.2850539291217257,0.34111823282475484,0.28364730122893406,0.37848900088617693,0.2999154792338755,0.3895953029105963,1.0583885055051088,0.7052659748836616,1.5012888966593498,0.6655273579431658,1.4680559836175744,0.5624644040592316,0.5425307176716063,0.5885812606606535,0.5392740404167133,0.5859755612617812,1000,150
word_consonantal_icf_position4,Antithetic,0.01694915254237288,0.02730563905657965,0.012840783208794984,0.055169684328346597,0.013908411207857645,0.06236335558060211,1.231072551981626,-0.21947514256679804,3.270780488295778,-0.36211167348166057,3.0353093656453467,0.5714387272509579,0.4783299231604928,0.695294737396054,0.46922045299519677,0.6808763508225735,1000,148
word_consonantal_icf_position4,Emblematic,0.009252669039145907,0.052638826583965424,0.010314992229462238,0.15016076914883525,0.01179511731088748,0.16920063470505547,4.460312965166262,0.723218047194405,9.406758872189073,0.37414020775866874,8.871204487309381,0.5443675397877984,0.4205677125416498,0.7360634806269638,0.4049543527978421,0.7031702779102373,1000,148
word_consonantal_icf_position4,Staircase,0.0096051227321238,0.04586435218432893,0.013632443412504197,0.09865125202489942,0.018271165413608,0.11311215207856103,4.508940354510195,1.937542102636876,7.705855346738204,1.8079532892984422,7.498291995799021,0.6607598978288634,0.5160096730581122,0.7780707892824101,0.5305806151343376,0.7858306780595562,1000,146
word_consonantal_icf_position4,Synonymous,0.15096065873741996,0.19036968109048025,0.14939707643922615,0.2282086075464274,0.15393921802865831,0.2332576412846255,0.8640085988159947,0.37370911650828237,1.4540469503380529,0.34265390402550144,1.3912318331259597,0.5778866248693835,0.540283090875672,0.6138943771137523,0.5392684321927707,0.6136942960606991,1000,149
word_consonantal_icf_position4,Synthetic,0.1558520315342632,0.1870681478976315,0.1443102000996291,0.21847531713295243,0.1550811695066129,0.22799248930127827,0.8761205749718624,0.42905061207968076,1.3993836283097902,0.36537694991693587,1.3653223054148038,0.5425262198667203,0.5177163873659998,0.5717217877169796,0.514419544341089,0.5680901890763266,1000,150
word_consonantal_icf_position4_psalm,overall,0.2850539291217257,0.2804205337039781,0.22163547536963277,0.3230356171925892,0.23541270661239044,0.33311157463827473,0.0,0.0,0.0,0.0,0.0,0.48489680413171793,0.4528206251637252,0.5232210714744387,0.45148463734413224,0.5225116467756127,1000,150
word_consonantal_icf_position4_psalm,Antithetic,0.01694915254237288,0.01822891231520011,0.008351870246774157,0.035369449745220875,0.00887986202442813,0.03622451788817322,0.0,0.0,0.0,0.0,0.0,0.5242007902298851,0.40492109176841706,0.6636639355911863,0.3931826270925424,0.6542731302431657,1000,148
word_consonantal_icf_position4_psalm,Emblematic,0.009252669039145907,0.00763862436496072,0.003543107962487181,0.014301350701346615,0.0033996646096325724,0.014029472161637729,0.0,0.0,0.0,-1.7763568394002505e-15,0.0,0.35194241821396993,0.24088803744893314,0.4582536043285717,0.24012635912199196,0.4579127562581268,1000,148
word_consonantal_icf_position4_psalm,Staircase,0.0096051227321238,0.015554764654875193,0.005597184762031171,0.03967361727027395,0.00480903446982011,0.03334765330084436,0.0,0.0,0.0,0.0,0.0,0.46167917198808006,0.27071254774608955,0.6054956159905978,0.29324457475591825,0.6287493408728232,1000,146
word_consonantal_icf_position4_psalm,Synonymous,0.15096065873741996,0.15287548670789908,0.11367791479382362,0.18797744220189777,0.11568267343560104,0.1909993066583433,0.0,0.0,0.0,0.0,0.0,0.49480617961221407,0.4503521430178674,0.5513177258319407,0.4431560044067406,0.5412984929431149,1000,149
word_consonantal_icf_position4_psalm,Synthetic,0.1558520315342632,0.1511504692467582,0.11496705290833498,0.1814945082740209,0.11930205598791756,0.19118860055035722,0.0,0.0,0.0,0.0,0.0,0.4796282397468581,0.44134467624689333,0.5297767514732291,0.4366530344915809,0.5236926574419389,1000,150
word_consonantal_icf_position8,overall,0.2850539291217257,0.34137670234844897,0.285918622135934,0.3808281482001584,0.2990783479412746,0.3890959701430206,1.2910629388524895,0.8733116600505952,1.7822309003085617,0.8471248411712837,1.7593346105975516,0.5547664582686135,0.5355701826056593,0.5765745382592584,0.5344364189908491,0.5756739329958365,1000,150
word_consonantal_icf_position8,Antithetic,0.01694915254237288,0.030578419329558085,0.013619474195664475,0.06443715272582959,0.015041229763265183,0.0717228160288701,1.7344660852687273,-0.018945502506760047,4.1251066775495415,-0.15607626387471982,3.9421681671458906,0.5910560344827587,0.5020303095579375,0.711737316678119,0.4915590422740034,0.6969885865740679,1000,148
word_consonantal_icf_position8,Emblematic,0.009252669039145907,0.06236378219571557,0.011543464198618571,0.1674003453882355,0.014492090432145574,0.18955991436881311,5.565742911417379,1.0294933293636672,11.514157074929981,0.6331626781535871,10.917881169116631,0.5446231211317418,0.4279759340438843,0.7329795680147624,0.4144266263524041,0.6983700073408712,1000,148
word_consonantal_icf_position8,Staircase,0.0096051227321238,0.05544394804868228,0.015460729135864519,0.1221378589334908,0.021110500635174535,0.13877311937551584,5.590455780033257,2.4890951876124876,9.485268201292243,2.4512396510101757,9.282978185069796,0.6585914218816518,0.5319325236916657,0.7767147616583046,0.5394277567817415,0.7835659186723686,1000,146
word_consonantal_icf_position8,Synonymous,0.15096065873741996,0.18521493572494485,0.14415328786641798,0.22467816184442183,0.1479032113559592,0.22990855761716797,0.9384594617750113,0.38396534120398773,1.6098688108469819,0.34544641711932433,1.5799205012596689,0.5587556600487635,0.5228590344530822,0.5960132313308892,0.5220185010177499,0.594623086922109,1000,149
word_consonantal_icf_position8,Synthetic,0.1558520315342632,0.19231574964048237,0.1475437511327895,0.22602743944528428,0.15858836477573932,0.23463714734582272,1.1471525966867395,0.6203218647199699,1.797119556861601,0.5666421597071507,1.7262773822867927,0.5425950540050987,0.5187561439085491,0.5683800754786641,0.517275393149129,0.566440898406027,1000,150
word_consonantal_icf_position8_psalm,overall,0.2850539291217257,0.2793398967398764,0.21188506029937496,0.311770504209246,0.23774622836387635,0.3228246117360377,0.0,0.0,0.0,0.0,0.0,0.4798989722481102,0.4359060173381147,0.5141236000521147,0.44059296333444653,0.5197555470487093,1000,150
word_consonantal_icf_position8_psalm,Antithetic,0.01694915254237288,0.013754580372553674,0.007527695902022606,0.021065158533259267,0.008048136671130805,0.022243348049754898,0.0,0.0,0.0,-1.7763568394002505e-15,0.0,0.36150772270114945,0.23709988498776127,0.4833589351289476,0.2442493237691634,0.4928169664965481,1000,148
word_consonantal_icf_position8_psalm,Emblematic,0.009252669039145907,0.008148142185686035,0.003651094127771889,0.014826287158762644,0.004094524469593479,0.015928183291010298,0.0,0.0,0.0,-1.7763568394002505e-15,0.0,0.41679791114058357,0.2837564225180213,0.5759013306262797,0.2754800800184843,0.5678266254849562,1000,148
word_consonantal_icf_position8_psalm,Staircase,0.0096051227321238,0.00971002819353645,0.0048629492300423585,0.01977784804893024,0.00457195907301091,0.018361441141661435,0.0,0.0,0.0,0.0,0.0,0.44854193273733506,0.33481729136008953,0.5487533793131883,0.3361599526811791,0.5531859177792954,1000,146
word_consonantal_icf_position8_psalm,Synonymous,0.15096065873741996,0.1600085028945469,0.12178736343697458,0.19094592875821179,0.12661915017437073,0.196547110872765,0.0,0.0,0.0,0.0,0.0,0.5158557558342041,0.46204955612353593,0.5596297208279859,0.4674919446215361,0.5660616687851199,1000,149
word_consonantal_icf_position8_psalm,Synthetic,0.1558520315342632,0.1470791507327248,0.10727787717183078,0.16818278729857516,0.12122589725452035,0.17700721691044696,0.0,0.0,0.0,0.0,0.0,0.46116636477481104,0.41569601299594106,0.5029355891280421,0.4213624445769213,0.5084527532046131,1000,150
word_consonantal_icf_position_mean,overall,0.2850539291217257,0.34246570993496706,0.289938605305705,0.38022865244789195,0.3017806545632935,0.38933643753979913,0.8112581014540403,0.5315870456006624,1.1821382794075077,0.5092304285887067,1.146211421535566,0.5625919022470747,0.5405039595846474,0.594252063446144,0.536549398561891,0.5877871080504503,1000,150
word_consonantal_icf_position_mean,Antithetic,0.01694915254237288,0.026781843263229427,0.012761096294741184,0.052269609795041055,0.013447633374561207,0.05927108235983203,0.8824490068152815,-0.20392213772136591,2.309637943158091,-0.31889861041384776,2.1729710328195666,0.5754235512452107,0.47676482175468665,0.694838030974679,0.47015819114579355,0.6854451457225108,1000,148
word_consonantal_icf_position_mean,Emblematic,0.009252669039145907,0.04996142035351286,0.010428634727939938,0.13882202912835362,0.013377412785997472,0.15980833248205853,3.4345084549793867,0.6785831188152297,7.010976089742842,0.371198179706356,6.583416682679394,0.5710516136162688,0.4397042401622847,0.7460493354146928,0.4316439436356438,0.7255550658586717,1000,148
word_consonantal_icf_position_mean,Staircase,0.0096051227321238,0.05155443048865575,0.01701014859070419,0.12910210277484596,0.017635024123100234,0.1351551371193191,3.744572380400604,1.4133942531490307,6.159794981580547,1.3926168755522232,6.040539366318833,0.6726266496381439,0.5205251245039917,0.8185118556996748,0.5167810027135419,0.817927190522785,1000,146
word_consonantal_icf_position_mean,Synonymous,0.15096065873741996,0.19415696921530307,0.1536828706557482,0.23217054402484585,0.1578918686920083,0.23799122140559073,0.725192564869692,0.3776419032997149,1.1889425052042482,0.3188031218408291,1.1581646806432075,0.5812260536398467,0.5458355347447027,0.621295347356572,0.5441674285167645,0.6181397529694043,1000,149
word_consonantal_icf_position_mean,Synthetic,0.1558520315342632,0.18363892504654689,0.1443513427649634,0.2160572766252123,0.15165435202449187,0.2231719137832177,0.6007158493697922,0.2548080925324702,1.0017131598890006,0.2018221839792367,0.9660485571350268,0.5372403170982603,0.5100208276437019,0.5692440602312788,0.5077243582541551,0.566056231368876,1000,150
word_consonantal_icf_position_mean_psalm,overall,0.2850539291217257,0.28055394299738123,0.21404567552089263,0.3176996341269591,0.23766751374097228,0.3294095099083234,0.0,0.0,0.0,0.0,0.0,0.4893032579993787,0.4587274627034353,0.5231967185749913,0.4585310860360618,0.5222726592507603,1000,150
word_consonantal_icf_position_mean_psalm,Antithetic,0.01694915254237288,0.022000033022745887,0.010552315606245503,0.04222440420596405,0.010223120386828839,0.04093292017012065,0.0,0.0,0.0,0.0,0.0,0.5602026460727969,0.4120924632220987,0.6934305291880117,0.41537993137962426,0.7005055150156114,1000,148
word_consonantal_icf_position_mean_psalm,Emblematic,0.009252669039145907,0.009883660309972389,0.00437897608255009,0.022640811058993265,0.00424528797793448,0.02159000639933039,0.0,0.0,0.0,-8.881784197001252e-16,0.0,0.4813909151193634,0.3300363899156713,0.6579474198238813,0.3204671430238166,0.6328251549521816,1000,148
word_consonantal_icf_position_mean_psalm,Staircase,0.0096051227321238,0.009853256654765332,0.004803205309548378,0.01817437062388769,0.004812911532177309,0.01818240170366326,0.0,0.0,0.0,0.0,0.0,0.5111749680715197,0.3881783753448834,0.6045567043483202,0.40727461060262005,0.6188325194507787,1000,146
word_consonantal_icf_position_mean_psalm,Synonymous,0.15096065873741996,0.1426942461613233,0.10296506567583898,0.1730278206324134,0.10878924150773114,0.17816121763760803,0.0,0.0,0.0,0.0,0.0,0.4672667769650528,0.4320152283151699,0.5085243202396266,0.4297318622916713,0.5045711282657563,1000,149
word_consonantal_icf_position_mean_psalm,Synthetic,0.1558520315342632,0.15934770907553958,0.12348462633201994,0.18963626173489498,0.12924815492640473,0.1973842227879812,0.0,0.0,0.0,0.0,0.0,0.5031555385974328,0.4649367156297697,0.5557235403212795,0.4616139351165063,0.5522875570238621,1000,150
word_consonantal_icf_spacing2,overall,0.27579250720461096,0.28298368561529175,0.20863875555601555,0.3226863568443141,0.23467191923994,0.3343042756919621,0.07800730569713407,-0.03335493589703635,0.15028475066683125,-0.00876566584289256,0.17050059932206152,0.5209229665093655,0.49838980667669164,0.5452805544178848,0.49903576062222627,0.5468576868425136,1000,150
word_consonantal_icf_spacing2,Antithetic,0.015667841754798278,0.015081625951253931,0.007553196239963631,0.024426146633123976,0.00808943026067178,0.02560352268684373,0.15943489284150578,-0.2574612334371485,0.4416337429149701,-0.21684761531477906,0.45597844736555493,0.49927377636291287,0.38398637129046964,0.5939965508170859,0.3924392455755342,0.5985054614114943,1000,146
word_consonantal_icf_spacing2,Emblematic,0.006326611308817715,0.0067609868435505385,0.0028427290615824622,0.01959712724340706,0.0028137947982698475,0.019088423615642076,0.1650384214043805,-0.46494164293170676,0.3972501965334997,-0.2713883803569048,0.45195532728445115,0.48612216474333464,0.37278327148777535,0.6786534521775373,0.34500427150703794,0.6349119430792214,1000,146
word_consonantal_icf_spacing2,Staircase,0.009459992116673236,0.00944855665728385,0.004360074260220588,0.017640701233699187,0.0046379073796093805,0.018462113534837926,-0.06701473804090179,-0.8024700958605159,0.2855371721844643,-0.6523650076798019,0.33366918603957113,0.48545894680992174,0.3738155220819157,0.570041132511088,0.3833068046187501,0.5794909858198378,1000,145
word_consonantal_icf_spacing2,Synonymous,0.14697895451459606,0.16319058577456524,0.11646525462322653,0.2011485001654364,0.1255104245210785,0.2048345057166982,0.1913980332285171,0.049778519972947494,0.30090958312050237,0.07144865943088147,0.31203998608943134,0.5534362194188372,0.5143034127816469,0.5883737095816741,0.5148930881503445,0.5887167897232791,1000,148
word_consonantal_icf_spacing2,Synthetic,0.1501521812647954,0.14720087099226667,0.10970171421667078,0.1771277042027294,0.11818196031395263,0.18378337014191515,-0.03520723779040308,-0.16437476312121857,0.07037749789354764,-0.15257578064223523,0.080091001041545,0.49433665659292403,0.46360951434839465,0.5248249203255486,0.4650200138664368,0.5253279551017859,1000,149
word_consonantal_icf_spacing2_psalm,overall,0.2850539291217257,0.28379656852415946,0.20738128408517473,0.3191430603651598,0.23726772777520583,0.3324189056718733,0.0,0.0,0.0,0.0,0.0,0.49682176788857824,0.4595340361043916,0.5254123349032065,0.46594513144893845,0.5292646715998226,1000,150
word_consonantal_icf_spacing2_psalm,Antithetic,0.01694915254237288,0.01937743659722679,0.009567311874379975,0.03194982682057022,0.010614391956219795,0.032859328875384515,0.0,0.0,0.0,0.0,0.0,0.5459021791187739,0.4168494136726219,0.6431491505371333,0.4319377167464028,0.6549893125012959,1000,148
word_consonantal_icf_spacing2_psalm,Emblematic,0.009252669039145907,0.009684179579370478,0.0042600181024924355,0.02099270555380023,0.004435139528318316,0.022362579783870507,0.0,0.0,0.0,0.0,0.0,0.4979484416445623,0.37048735935122357,0.6143320560308884,0.36320555636733304,0.6070821526198764,1000,148
word_consonantal_icf_spacing2_psalm,Staircase,0.0096051227321238,0.024252338279859335,0.008541502734970507,0.0840451520284043,0.006351823115127255,0.06567055722082037,0.0,0.0,0.0,0.0,6.328271240363392e-15,0.6833692528735632,0.5320752843087372,0.83688416093285,0.5089426958865827,0.8183595370255246,1000,146
word_consonantal_icf_spacing2_psalm,Synonymous,0.15096065873741996,0.14593182936101426,0.10530726587926797,0.1764242544773569,0.11186445201824467,0.1847025753133413,0.0,0.0,0.0,0.0,0.0,0.48177935968884245,0.4268511058077862,0.5237482945494801,0.4315879519512867,0.5279903352833446,1000,149
word_consonantal_icf_spacing2_psalm,Synthetic,0.1558520315342632,0.1550106812368682,0.11032881521442214,0.18304851097477612,0.12229219980064925,0.19025154534520383,0.0,0.0,0.0,0.0,0.0,0.4968685708215931,0.46350917783058243,0.5290033223144609,0.46455371155284964,0.5296601271831675,1000,150
word_consonantal_icf_spacing4,overall,0.27579250720461096,0.29544649065382644,0.2116149647543325,0.34167075498993044,0.2389095775299778,0.35889173635171456,0.13715079582354922,-0.0288652720422591,0.23044094465194315,0.017564315843447725,0.2614543350273456,0.5395573113851857,0.49597380399287994,0.5670572680350021,0.507823803312654,0.5758557686637182,1000,150
word_consonantal_icf_spacing4,Antithetic,0.015667841754798278,0.020047265466137318,0.009315435190531199,0.03405920460540364,0.010289247668526923,0.036697816783812655,0.3539084529906414,-0.0615768410627601,0.6060889422979527,0.010395530737937576,0.6511107937450498,0.5999204138479904,0.4796630311576485,0.6974723306616802,0.49240454089871216,0.7098367584243508,1000,146
word_consonantal_icf_spacing4,Emblematic,0.006326611308817715,0.005878581066326301,0.002248134583434007,0.011403177732477355,0.00259258533243773,0.012729175555353986,0.01411028720962526,-0.5548389042594903,0.39515217340562453,-0.4885892117872245,0.43563764598189636,0.4589385196975726,0.3034355392908074,0.577783285561383,0.31555934727890894,0.5861776187677428,1000,146
word_consonantal_icf_spacing4,Staircase,0.009459992116673236,0.016211285730065,0.006296881473374368,0.03574470814744626,0.007462487777561782,0.0444539265517664,0.16033145492473994,-0.507219361697132,0.5500629256540602,-0.41046098108927437,0.5912461120076972,0.5724648494495291,0.416336974699346,0.6954018492182018,0.4296071975769479,0.7023232151631074,1000,145
word_consonantal_icf_spacing4,Synonymous,0.14697895451459606,0.17058659400685572,0.11107295322972373,0.21285454138690205,0.1254943141294118,0.22417373778437097,0.22602463260286282,0.04496934991423074,0.36141860303528295,0.07584095207524508,0.3822247193637641,0.5646733980989387,0.5113127695831755,0.6045266407419664,0.5185321836209997,0.6094285842302463,1000,148
word_consonantal_icf_spacing4,Synthetic,0.1501521812647954,0.15288805816579518,0.1085439639041101,0.18552292443418533,0.11944931962092396,0.19646576658950687,0.0341319550741529,-0.09813751336149001,0.1506275156336882,-0.08788244116975916,0.1613027989939222,0.5107517485651191,0.4765908695618012,0.5422762172272267,0.4802207910168527,0.5434731484447346,1000,149
word_consonantal_icf_spacing4_psalm,overall,0.2850539291217257,0.2704681636003208,0.17414218577061027,0.3231895726340805,0.21270334643948333,0.33986926015717067,0.0,0.0,0.0,0.0,0.0,0.4630420290980636,0.3389597960212457,0.5170781265108388,0.3873155653145636,0.5292191977639821,1000,150
word_consonantal_icf_spacing4_psalm,Antithetic,0.01694915254237288,0.017463825645936442,0.007067325447610996,0.029324982957439266,0.009357996344937844,0.0328796148726276,0.0,0.0,0.0,0.0,0.0,0.5078611410440613,0.3643345704988934,0.6401051608796088,0.3829515685093004,0.6529118081250438,1000,148
word_consonantal_icf_spacing4_psalm,Emblematic,0.009252669039145907,0.008034536270719792,0.0034477428178982237,0.014749556921880387,0.0038926923085307852,0.015319014130511085,0.0,-3.1086244689504383e-15,-3.1086244689504383e-15,-3.1086244689504383e-15,0.0,0.40704437444739167,0.24931344534171498,0.5382152259384216,0.2756053818283197,0.5600462791692868,1000,148
word_consonantal_icf_spacing4_psalm,Staircase,0.0096051227321238,0.010568209398752582,0.0039939310735009,0.029719219133848115,0.004371600618734559,0.031380815077243,0.0,0.0,0.0,0.0,0.0,0.5262611749680716,0.3430218865297635,0.7077355444700064,0.32875353294842724,0.6831747818314132,1000,146
word_consonantal_icf_spacing4_psalm,Synonymous,0.15096065873741996,0.14040105230893585,0.09102451521489244,0.17681977174430702,0.10202948236510337,0.1886389574863664,0.0,0.0,0.0,0.0,0.0,0.45074814234296995,0.34744312915722,0.5159732152576604,0.37041445791272953,0.5343660555712715,1000,149
word_consonantal_icf_spacing4_psalm,Synthetic,0.1558520315342632,0.14800101520170705,0.0890932962339689,0.181299768854135,0.10981537574292337,0.19324380612134148,0.0,0.0,0.0,0.0,0.0,0.47020774632139184,0.35339816726891027,0.5250144574648334,0.39368650943430544,0.5394584089604769,1000,150
word_consonantal_icf_spacing8,overall,0.27579250720461096,0.3045988238816879,0.21228371735525364,0.3578218366593454,0.24204163081556423,0.37780375227041263,0.10084766829968372,-0.11860543489916517,0.22113561027811346,-0.05474264976466066,0.2678859936728036,0.5300250609058601,0.4742488238111087,0.5635356847761879,0.4866673869866231,0.5740449036696667,1000,150
word_consonantal_icf_spacing8,Antithetic,0.015667841754798278,0.020673726065606905,0.00931593611709122,0.042319505300481786,0.01076003645207574,0.04547130349900857,0.24495961362444596,-0.09826783496732536,0.6587635668595567,-0.09626502581816117,0.6646575233352231,0.5592120970951054,0.4490054844776067,0.6817933163257971,0.4491207672387608,0.6856397301108437,1000,146
word_consonantal_icf_spacing8,Emblematic,0.006326611308817715,0.0058181213721904355,0.0021084432438262394,0.012308144696510603,0.0025055787447321133,0.013326370325852557,-0.09088274374052852,-0.5548379859850822,0.3926581337200066,-0.6254464055898725,0.34682111287262357,0.44697572622363707,0.31185436160051216,0.5912552489025888,0.29689268126106283,0.5743921883310503,1000,146
word_consonantal_icf_spacing8,Staircase,0.009459992116673236,0.017542688510241215,0.006317171605450441,0.049601785120651366,0.007538877553360126,0.06269407485095421,0.3348485638272244,-0.270055360748942,0.7150269188113456,-0.1987557374327798,0.7732214731218415,0.6083117787504975,0.4733010098954993,0.7235129656246171,0.48100027069028967,0.7274055218544002,1000,145
word_consonantal_icf_spacing8,Synonymous,0.14697895451459606,0.17544432145327424,0.11217329418293467,0.22128034189920578,0.12750204919682226,0.2340759247892,0.16710882645614877,-0.07203072837058888,0.3285133733565102,-0.022275827210964848,0.3509515495770411,0.5443950119884683,0.477425499556079,0.5882216918689218,0.48909778088268263,0.5959816539567372,1000,148
word_consonantal_icf_spacing8,Synthetic,0.1501521812647954,0.16138409749171767,0.10647748392770026,0.20127969463602563,0.12319144417185594,0.21572938223023774,0.01750556425743799,-0.1669898671490624,0.1585667216828993,-0.13973475529571555,0.1799953679293922,0.512142713744385,0.46611443851132456,0.5500637538157518,0.4708925778808557,0.5535759957806214,1000,149
word_consonantal_icf_spacing8_psalm,overall,0.2850539291217257,0.2775717147411017,0.20982379450795016,0.3121218358252624,0.23462859654807738,0.32413305010563304,0.0,0.0,0.0,0.0,0.0,0.4766275434917676,0.43728905999679624,0.5051296906333784,0.4429075388406064,0.510954476934739,1000,150
word_consonantal_icf_spacing8_psalm,Antithetic,0.01694915254237288,0.01438426657442245,0.007033717602890362,0.023526987991801602,0.007901364605800251,0.024576817841984566,0.0,0.0,0.0,0.0,0.0,0.3977041427203065,0.2955532275177041,0.517269684568459,0.2864813275270614,0.5087505707157008,1000,148
word_consonantal_icf_spacing8_psalm,Emblematic,0.009252669039145907,0.010749336000626514,0.005052885039437255,0.019956387449900758,0.00523977828405713,0.02042042583457805,0.0,0.0,0.0,0.0,0.0,0.5638262599469496,0.4085411921332035,0.6634716478978461,0.43865744833825576,0.6793892489197366,1000,148
word_consonantal_icf_spacing8_psalm,Staircase,0.0096051227321238,0.008473663960305765,0.004219484663379828,0.014735476733515065,0.0044956311479150655,0.015319571319004235,0.0,0.0,0.0,0.0,0.0,0.42736270753512134,0.24528488177127838,0.5354324274955139,0.29956470773866684,0.5768716072703726,1000,146
word_consonantal_icf_spacing8_psalm,Synonymous,0.15096065873741996,0.14661110631143562,0.11192072667431198,0.1762670403571749,0.11560255305931308,0.1809577195570116,0.0,0.0,0.0,0.0,0.0,0.46338674097294785,0.4058998580365611,0.5146644207684968,0.4121133427676174,0.5228728472961459,1000,149
word_consonantal_icf_spacing8_psalm,Synthetic,0.1558520315342632,0.1554846796381056,0.11297653493963748,0.1860926334343962,0.12103173435896933,0.19154811922472523,0.0,0.0,0.0,0.0,0.0,0.4949261902365938,0.45226979810848533,0.54523136198523,0.44928216853168707,0.542611371827059,1000,150
word_consonantal_log_count,overall,0.2850539291217257,0.34392623835010977,0.2891188946668262,0.3803236023608963,0.3020034816712663,0.39081088672577224,0.40254154834196626,0.269816280811991,0.5778086697614576,0.2536058499445565,0.5504488250291364,0.5584339727658694,0.5363928524418337,0.5893896226052285,0.5323415717886983,0.5840184357268234,1000,150
word_consonantal_log_count,Antithetic,0.01694915254237288,0.02710627313078435,0.013358747204660931,0.05183220343108444,0.013788299694913493,0.052988470426017904,0.4553541022014614,-0.06003315272472531,1.154037884526157,-0.13833992533423364,1.0798547650964192,0.5795056573275862,0.48242510914975906,0.7059451925752822,0.4689832777656387,0.6913265426643544,1000,148
word_consonantal_log_count,Emblematic,0.009252669039145907,0.04031331194905455,0.00927439359295625,0.12350247079553271,0.009974154676390913,0.133272199083521,0.7290611936837428,-0.21351921285109937,1.8743836781492031,-0.25308537974553813,1.7392237573070215,0.537176724137931,0.42147576926587277,0.6711789138349671,0.41575892523918695,0.6595927983254896,1000,148
word_consonantal_log_count,Staircase,0.0096051227321238,0.03861556576270769,0.012724563081700823,0.09996604339210227,0.013029626728385434,0.1008857929169474,1.184454967654001,0.2653954375620099,2.1434064180974755,0.2099491406471079,2.1291831784656967,0.6598752128565347,0.5148501798386854,0.8003832829484342,0.5139751705470597,0.7993002852671346,1000,146
word_consonantal_log_count,Synonymous,0.15096065873741996,0.20455581877581935,0.16371151034809717,0.25098681436249204,0.16492761379669632,0.252212569364669,0.4982737499410796,0.31572454503159614,0.7501654669082922,0.2866398815804756,0.7284893757466999,0.5796223731568559,0.5458235471521345,0.6207207771515967,0.5422621706432168,0.6179561730076848,1000,149
word_consonantal_log_count,Synthetic,0.1558520315342632,0.18464069948134784,0.14199801429037454,0.21597177545748042,0.15397281617568814,0.22130367487152047,0.24782634313354585,0.10504954394219514,0.4200013222668638,0.07313644422891206,0.3948924871077634,0.531807661344425,0.506857502253314,0.5632454433604577,0.5021127329607308,0.5586556360445945,1000,150
word_consonantal_tf_icf,overall,0.2850539291217257,0.342646235626039,0.29101352282521914,0.38041934557456486,0.3015818728884964,0.39106929769495824,0.6933419650341248,0.4591159438322245,1.0118923831089244,0.43435362035356573,0.9728611537190005,0.561669481981982,0.5398393600477028,0.5945075874542197,0.5353476803282873,0.5872979371539997,1000,150
word_consonantal_tf_icf,Antithetic,0.01694915254237288,0.02686843868722011,0.012776025937215305,0.05241097995504307,0.013666009457120057,0.058621900293389165,0.7371888062576315,-0.1383865984523522,1.9284984588647427,-0.23643783497012472,1.7947342311687515,0.5765984195402298,0.4779883997238838,0.692559871010901,0.4716026203795025,0.6860313035324959,1000,148
word_consonantal_tf_icf,Emblematic,0.009252669039145907,0.05040274522811244,0.010642149362374674,0.13528380682184726,0.01355962551362921,0.1598063886859368,2.907405592295364,0.5462714138226634,5.88394794568992,0.3586346417791715,5.676024911905488,0.5691036693191865,0.4369541935967803,0.7407442923364708,0.42995820812768343,0.7213516268649606,1000,148
word_consonantal_tf_icf,Staircase,0.0096051227321238,0.05575545196106214,0.015570577712662155,0.13060560215426087,0.018549041553589395,0.15552544959508144,3.4099682993303113,1.3135387352337629,5.76235316076418,1.2365371911152145,5.704681258143245,0.6698063005534269,0.5166843777678446,0.8140280547466889,0.5169670979002872,0.8144354502634246,1000,146
word_consonantal_tf_icf,Synonymous,0.15096065873741996,0.19264322721596167,0.15192121377023193,0.23074643880647938,0.1560232574305394,0.23561937325062493,0.6007647440333881,0.29948628261120663,0.9808732360849707,0.27239419969074263,0.960277357776063,0.5794997387669801,0.5448380054565591,0.61957338593941,0.5420081250147688,0.6159799229933258,1000,149
word_consonantal_tf_icf,Synthetic,0.1558520315342632,0.18516616781622144,0.14523133325513446,0.21714766404946378,0.1528722594406427,0.22344375751820447,0.5237048262828552,0.22945413412679444,0.8505396408394129,0.20308165745628176,0.8349627819882531,0.537047791157923,0.5101988031636703,0.5701756579761424,0.5067481483220264,0.565476278899486,1000,150
word_vocalized_binary,overall,0.2850539291217257,0.3344074495358853,0.2715042302375967,0.3749090991715303,0.28734490873522034,0.3847044731881292,0.4735625254370896,0.3125556265648265,0.6513547421875093,0.3063071559223996,0.6452287573245526,0.5405638397017707,0.5258179676209318,0.5644001716015565,0.522843347411255,0.5594243600808456,1000,150
word_vocalized_binary,Antithetic,0.01694915254237288,0.022366080128519785,0.010169603364535424,0.0438657454724999,0.011638271684066628,0.048947795510305946,0.3546992017542466,-0.1697398427277301,1.0218391219952068,-0.21539094126637426,0.9936344181047434,0.539762182710728,0.4761033989589319,0.6157502482907691,0.47154610131647734,0.6111593779302672,1000,148
word_vocalized_binary,Emblematic,0.009252669039145907,0.0793766339252781,0.010636388173171944,0.2014764766076879,0.015776588495028887,0.23696127882809387,1.3591490355060851,0.06821563395501375,3.16050938795987,-0.09161851236834008,2.9772285809549635,0.5321894341290893,0.4521380845302018,0.6327065589063013,0.44501235175979287,0.6276455576933156,1000,148
word_vocalized_binary,Staircase,0.0096051227321238,0.030945069090462178,0.010707029160503447,0.13038706276062256,0.009683983510348812,0.10850708089197691,1.1514285766605337,0.23036202539695333,2.215007373535416,0.13971818228678606,2.083145750765398,0.6041666666666666,0.512144548488476,0.7054980229754647,0.510078875303758,0.7038442619314722,1000,146
word_vocalized_binary,Synonymous,0.15096065873741996,0.19277557718044447,0.14950854985236398,0.23607589869110832,0.1527808597488498,0.24257233092235422,0.5554017573179144,0.28940188359121366,0.8547185315782764,0.2850464643330461,0.850254430634997,0.5572829588993382,0.5272471556276418,0.5900874543908449,0.5269840712815088,0.5893223528836182,1000,149
word_vocalized_binary,Synthetic,0.1558520315342632,0.18622531636157844,0.1427021915511998,0.21812032053760327,0.1521235561545714,0.22492080320304791,0.3254446015284154,0.15174777272615705,0.5036114483926926,0.13541358699578698,0.4938980159087131,0.5216202088644394,0.5035368724989623,0.5430594254230243,0.5008633706712184,0.5408961717199336,1000,150
word_vocalized_count,overall,0.2850539291217257,0.3337471689931887,0.2694581580966084,0.3730592875379895,0.2880446606121723,0.3833467559622298,0.4672403123836518,0.3100476726889481,0.6397370888243656,0.30206967148931674,0.6325387229583039,0.5403814914051983,0.5254823337888576,0.5641689245202884,0.5226035209546626,0.559173078581665,1000,150
word_vocalized_count,Antithetic,0.01694915254237288,0.02367188710847073,0.009690942589811121,0.0424805701882984,0.011555755239645115,0.05070652166244144,0.42074020579417637,-0.11451878888099387,1.0996182455011059,-0.1703500749574388,1.0143954575610041,0.5410754909003831,0.47815943629059204,0.6153126625770652,0.4720160608583134,0.6100627002380233,1000,148
word_vocalized_count,Emblematic,0.009252669039145907,0.07653834651148811,0.010673835880930451,0.19870248854529027,0.015041475395543484,0.23249315710180513,1.3035864305772003,0.05147349282021257,3.057260494561665,-0.108464832470174,2.87387429877183,0.5320927276746242,0.4520423112791799,0.6325242211136943,0.44490573861184673,0.6274342463032324,1000,148
word_vocalized_count,Staircase,0.0096051227321238,0.030156268724945687,0.01080888691997481,0.12334277404107259,0.00959609827844652,0.10278409271767859,1.1760467852929053,0.27330419000179756,2.2384963776832483,0.20388293103021998,2.1103314783748415,0.6065346956151554,0.5173719799974276,0.7086969617433372,0.5136332195119936,0.7035233922989091,1000,146
word_vocalized_count,Synonymous,0.15096065873741996,0.189377183463448,0.14650637937660071,0.23190310269920852,0.14955512608309351,0.23798589619748844,0.5355502368164419,0.27494179202005803,0.828585928346016,0.2659712106774381,0.8222452690153927,0.5562735835365146,0.5263154122374413,0.588973646032864,0.5259148443273698,0.5882339803637534,1000,149
word_vocalized_count,Synthetic,0.1558520315342632,0.18758060356767084,0.14350729990482505,0.21967977725719187,0.15392397985104248,0.2259603843454476,0.3262594148748612,0.16000059224621405,0.504468039950391,0.1434719374217514,0.48910371829950317,0.5219563430833222,0.5039964128273101,0.5435738805849748,0.5008256915961848,0.5415526418133866,1000,150
word_vocalized_icf,overall,0.2850539291217257,0.3310448159922647,0.27011130939760164,0.37014434302664206,0.28548340930905447,0.3797690359490574,0.7687772389041134,0.5008679677315767,1.0668415309887636,0.48355181607304926,1.0475419786074796,0.5404936186186187,0.5246759146324435,0.5641798706634469,0.522241229538681,0.5593398740959878,1000,150
word_vocalized_icf,Antithetic,0.01694915254237288,0.02261783122196945,0.010267892593630968,0.04394887529032172,0.012319129932082291,0.05582740967747593,0.5210611346168197,-0.2482571171119864,1.9841922657595235,-0.35537006529615006,1.7112333340972912,0.5397995988984674,0.4773074071095618,0.6201694662701916,0.47195344044502807,0.612677932008689,1000,148
word_vocalized_icf,Emblematic,0.009252669039145907,0.07436307087714401,0.007167962722166467,0.189099281869439,0.01639086928177789,0.2685320414046685,3.863389251377776,0.9470291877633685,7.888095956500379,0.6279312996423273,7.527480394372869,0.5356432360742706,0.454422158082998,0.638312523151665,0.44906112438548657,0.6347797040730355,1000,148
word_vocalized_icf,Staircase,0.0096051227321238,0.04197406228850552,0.012934216980545764,0.14332171128863,0.012100837023723781,0.13118852068463197,2.943863351745472,0.9103428575992634,5.312473160254767,0.7230249496435209,5.074101964285042,0.6098938378033205,0.5160212047731187,0.7138629121304703,0.5137261066248625,0.711190406821062,1000,146
word_vocalized_icf,Synonymous,0.15096065873741996,0.18394126005696004,0.13934091581169164,0.22261370237596168,0.1465659439737644,0.22961648182007874,0.639328460624562,0.2894953423335889,1.034691196838978,0.27334014942077234,1.0246078359499418,0.5560079966329966,0.5256106578426233,0.5882205719635284,0.5248931112779797,0.5871392881323665,1000,149
word_vocalized_icf,Synthetic,0.1558520315342632,0.1856615503539925,0.14329079309609932,0.2170968084029823,0.15294556675570287,0.22457080495528256,0.6457816764199422,0.29955797818619656,1.0477170876465132,0.2675936664955398,1.0191547462852402,0.5222173537501678,0.5044337438665821,0.5456890195168665,0.5002637123730105,0.5422806749651896,1000,150
word_vocalized_icf_position2,overall,0.2850539291217257,0.33038839083364646,0.26950699118474714,0.36952185873615456,0.2854782732162193,0.38031970881377936,0.9734362205692016,0.632281271832461,1.3531159559982804,0.611802624564401,1.335742560395074,0.540500899606503,0.5255498611963333,0.5644240886558433,0.5222415454953293,0.5594771637297067,1000,150
word_vocalized_icf_position2,Antithetic,0.01694915254237288,0.02175245535541581,0.010187736335290607,0.04411523237925872,0.011656742290571705,0.05559455567757344,0.5638788669187159,-0.32328195864964226,2.461692076813055,-0.4777289028788267,2.073720291234454,0.5306812739463601,0.47261228190672305,0.599167198555071,0.4700162402481961,0.5936719494882047,1000,148
word_vocalized_icf_position2,Emblematic,0.009252669039145907,0.07438318884893057,0.007195305344349519,0.1891275711545102,0.016403509327763972,0.268564810964343,4.992094524458645,1.2267565627280883,10.17008468533064,0.8352576838119977,9.703715706179945,0.5376464412024757,0.4572518602839299,0.6403210779742814,0.4507603407736091,0.6360530932136046,1000,148
word_vocalized_icf_position2,Staircase,0.0096051227321238,0.0329062880010185,0.010436048906640016,0.07766651235763136,0.012079784829511995,0.08841193217343639,3.0221520522504726,0.9892736584091594,5.292228247406094,0.8695102768972988,5.236325277435118,0.589891975308642,0.5091387837633459,0.710352757312101,0.5067460346323956,0.7032537727003402,1000,146
word_vocalized_icf_position2,Synonymous,0.15096065873741996,0.1838964715036438,0.14106882775963878,0.22255301972808822,0.14684599315156432,0.22947684429697363,0.814261235152289,0.36199179122832725,1.3284580824362928,0.340530402978367,1.2996823032128164,0.556274309183792,0.5261799270752797,0.5872054172075093,0.525474577351495,0.5869536346889985,1000,149
word_vocalized_icf_position2,Synthetic,0.1558520315342632,0.18651897789833555,0.14378851094146664,0.2181201863099095,0.15326729339897466,0.22555936451716369,0.8540781026705152,0.410633542892692,1.3617742474356545,0.3734088082029347,1.3243020631463398,0.5237774777494522,0.5053397394635337,0.5461555023024367,0.5019832729284968,0.5438911219818308,1000,150
word_vocalized_icf_position2_psalm,overall,0.2850539291217257,0.2908731422240319,0.21464390296961294,0.3274133157682899,0.2482469277295761,0.33905422951544806,0.0,0.0,0.0,0.0,0.0,0.510120734959097,0.479014400966383,0.5350775341561071,0.482488770328153,0.5373211440988562,1000,150
word_vocalized_icf_position2_psalm,Antithetic,0.01694915254237288,0.01581417334941339,0.008013407008881672,0.02729560091216174,0.008657700596797876,0.02914862793285617,0.0,0.0,0.0,0.0,0.0,0.4636389487547893,0.35531790340987957,0.6048937218857416,0.34877796159261115,0.596938479618955,1000,148
word_vocalized_icf_position2_psalm,Emblematic,0.009252669039145907,0.009696111931427446,0.004077142765206409,0.024240078362965392,0.003854106595462303,0.021411253401911957,0.0,0.0,0.0,-1.7763568394002505e-15,0.0,0.4604263373121132,0.30064097774997295,0.66134367042445,0.2745686435702609,0.6361472243273967,1000,148
word_vocalized_icf_position2_psalm,Staircase,0.0096051227321238,0.010390041091389106,0.005021604930075954,0.01973930479221944,0.005103202122359782,0.020194192361822495,0.0,0.0,0.0,0.0,0.0,0.5317954448701575,0.42743420554577816,0.6305657251398786,0.4206280898535417,0.6251876414417913,1000,146
word_vocalized_icf_position2_psalm,Synonymous,0.15096065873741996,0.15428421983433113,0.11359746091414921,0.18786231372868478,0.11829425897927962,0.193155735298776,0.0,0.0,0.0,0.0,0.0,0.5126124753279926,0.4676230679025891,0.5609725675552718,0.4656836395067632,0.5568823067147761,1000,149
word_vocalized_icf_position2_psalm,Synthetic,0.1558520315342632,0.16407548499307512,0.1223566275767689,0.19545689489609094,0.12696595763781082,0.2020056524537941,0.0,0.0,0.0,0.0,0.0,0.5134369828704325,0.4754004091817029,0.5595374310669724,0.47219197368905474,0.5550052121803523,1000,150
word_vocalized_icf_position4,overall,0.2850539291217257,0.3276947010533518,0.2651000618393206,0.36626010951783944,0.28356383758709114,0.37785011719524453,1.1481534209056217,0.7345131746565025,1.6231054475067699,0.7198344425122193,1.5962020850390073,0.5378284534534534,0.5228797956439254,0.5577569121719195,0.5215456637298895,0.5557327101426489,1000,150
word_vocalized_icf_position4,Antithetic,0.01694915254237288,0.02192081128845928,0.010379083707938667,0.044534239682000806,0.011726482644363795,0.05657631383015372,0.7115033916100986,-0.3766804934551473,3.078239899799001,-0.5625503902270509,2.589093350469643,0.5262362308429118,0.4676951408519001,0.5984069561625401,0.4636692297781335,0.5953136789557739,1000,148
word_vocalized_icf_position4,Emblematic,0.009252669039145907,0.07443058180547553,0.007170882132972189,0.1889294200687096,0.01643534408015404,0.26861558103155847,6.219567427487675,1.5514704939600998,12.597094122385126,1.1017051221471972,12.025086752719188,0.5415285145888594,0.4621982921860766,0.6438238208814167,0.45535357972758156,0.6392580743120515,1000,148
word_vocalized_icf_position4,Staircase,0.0096051227321238,0.03389335701804841,0.010809105369806886,0.07959062488440698,0.01238118405694502,0.09006309815790442,3.789029565740465,1.2719802143920556,6.579356838886394,1.1226738068050832,6.521674667171102,0.59375,0.5138023300547305,0.7142910555817434,0.5118865638360607,0.7058998872563949,1000,146
word_vocalized_icf_position4,Synonymous,0.15096065873741996,0.1795676490021088,0.13824012866723426,0.21788799417113128,0.14427772785605258,0.2232585450696038,0.8806145845598714,0.369613676760767,1.5479955849603317,0.2979969454106566,1.466830868454768,0.5508548124927435,0.5219700216063221,0.5805844746675486,0.5219541873643018,0.5804014737615306,1000,149
word_vocalized_icf_position4,Synthetic,0.1558520315342632,0.18611087766624174,0.1434056904343008,0.2174218231266469,0.1522399773112219,0.22532149597080095,1.0513256102356934,0.5109872448001376,1.6951320991260987,0.4574306494237218,1.639504022509766,0.5232414799409634,0.5073673010857035,0.5443938308033877,0.5042582175543148,0.5411635643660921,1000,150
word_vocalized_icf_position4_psalm,overall,0.2850539291217257,0.2723739380868122,0.19257806177787998,0.31234083969715204,0.22529527452199888,0.3261896746183857,0.0,0.0,0.0,0.0,0.0,0.46874935280107694,0.4346137606844519,0.49526541683874087,0.44075503354162243,0.499868184789237,1000,150
word_vocalized_icf_position4_psalm,Antithetic,0.01694915254237288,0.016671562695379526,0.008202784494791603,0.031451107597770714,0.008723677815209118,0.032021464992467184,0.0,0.0,0.0,-8.881784197001252e-16,0.0,0.4572557471264368,0.3129185865505541,0.5882954892047058,0.3132630096129243,0.5919043045484169,1000,148
word_vocalized_icf_position4_psalm,Emblematic,0.009252669039145907,0.007934170889967326,0.003675434467816696,0.013491987007652494,0.003907568791359209,0.014023277480384764,-8.881784197001252e-16,0.0,0.0,-1.7763568394002505e-15,0.0,0.4072446949602122,0.253329388575336,0.5418227026040825,0.2580252393744344,0.5468772437516661,1000,148
word_vocalized_icf_position4_psalm,Staircase,0.0096051227321238,0.008690399774694943,0.004319068914101348,0.01573924315284713,0.004228203643458728,0.015718729758476276,0.0,0.0,0.0,-1.7763568394002505e-15,0.0,0.41130534269902086,0.2219418604297144,0.5299586322036787,0.2723567475105413,0.558599649504403,1000,146
word_vocalized_icf_position4_psalm,Synonymous,0.15096065873741996,0.144887271911956,0.1005915611742118,0.1753672421854305,0.10794031908838018,0.1817341290882168,0.0,0.0,0.0,0.0,0.0,0.47518177464298156,0.4274245915919054,0.5156522527178599,0.42710684657407993,0.5153815630128675,1000,149
word_vocalized_icf_position4_psalm,Synthetic,0.1558520315342632,0.1484059605400281,0.10460884975169635,0.17662321092931466,0.11533565138898581,0.18555224273922058,0.0,0.0,0.0,0.0,0.0,0.4697566555972986,0.43450298560051726,0.5012163207239084,0.43666835371565904,0.5043482252919425,1000,150
word_vocalized_icf_position8,overall,0.2850539291217257,0.3302582995426266,0.2673398457044925,0.36973962944943195,0.2837765041726712,0.3804917152377913,1.3892814127875437,0.9095422880204193,1.9030537258911884,0.8927651732283131,1.8899238457494525,0.5345008801905353,0.5208028228958702,0.5527796422388218,0.519239596750715,0.5506589891938074,1000,150
word_vocalized_icf_position8,Antithetic,0.01694915254237288,0.02382071436054026,0.010982015687562472,0.051595270878810495,0.012471765186144186,0.06454337231665641,1.0515142986477137,-0.22226665534976212,3.813777478972691,-0.4108641837819956,3.235175695783286,0.5373114224137931,0.47799692647399517,0.608900663265615,0.4749269125612139,0.6057366847894513,1000,148
word_vocalized_icf_position8,Emblematic,0.009252669039145907,0.10001655249653471,0.013816033610205294,0.22266410229451133,0.01956770831737948,0.27028354851311037,7.53247510197551,2.022500137630492,15.087940559597149,1.497554705482209,14.323040144052328,0.5507018125552609,0.47132924555890104,0.6513680909602715,0.46560721724627446,0.6469305917297729,1000,148
word_vocalized_icf_position8,Staircase,0.0096051227321238,0.041484815783664836,0.01206871162935014,0.09643506507548802,0.014352102347004311,0.1081771438372237,4.672628064907052,1.7278793054161892,8.064254527829737,1.5032566384242192,7.883933154016299,0.603115687526607,0.5239738861949965,0.7222697259171119,0.5219246932773738,0.71586676418654,1000,146
word_vocalized_icf_position8,Synonymous,0.15096065873741996,0.17953286624141698,0.13944786343348817,0.21954927680805386,0.1424730537020488,0.2221047565393689,0.9887861213363802,0.41163026509471634,1.726797903220244,0.3696840145336024,1.6330901860677485,0.5411289620341344,0.5136286260362396,0.5694262018527397,0.5128835001988505,0.5683136600555551,1000,149
word_vocalized_icf_position8,Synthetic,0.1558520315342632,0.19121822578250797,0.14941419238354223,0.22341321940152944,0.15594315482293833,0.23066006493673452,1.3232981350072412,0.7096416601096337,2.0779361363971547,0.6648936108895882,2.0376080007684325,0.523431559998211,0.5082467717609362,0.5418844661791238,0.5047134095494397,0.5398438131109384,1000,150
word_vocalized_icf_position8_psalm,overall,0.2850539291217257,0.27397538759830115,0.20008508228833005,0.31245754563744405,0.2282116167498261,0.3267146031798009,0.0,0.0,0.0,0.0,0.0,0.4715570635290463,0.4380036834362339,0.5012095332695595,0.44044215999233904,0.5053044377804994,1000,150
word_vocalized_icf_position8_psalm,Antithetic,0.01694915254237288,0.015343000062702523,0.0065871863258999495,0.02606513442179129,0.00800432264209875,0.029731639443073218,0.0,0.0,0.0,-8.881784197001252e-16,0.0,0.4497837344348659,0.3240036536014056,0.5859551131800818,0.31886909217399867,0.5744634888690611,1000,148
word_vocalized_icf_position8_psalm,Emblematic,0.009252669039145907,0.00764869793179984,0.003570600314269465,0.013296386984968073,0.003713437291802293,0.013836946503213588,0.0,0.0,0.0,-1.7763568394002505e-15,0.0,0.39503895888594165,0.2545382502450412,0.5258126683442006,0.258629089419011,0.5296013376080957,1000,148
word_vocalized_icf_position8_psalm,Staircase,0.0096051227321238,0.011031251569687744,0.005221524647900355,0.019007575259499594,0.005809267925882831,0.02004706810744139,0.0,0.0,0.0,0.0,0.0,0.5432564389101745,0.39652033178342283,0.6282714894961106,0.42403023417669694,0.6508522156782813,1000,146
word_vocalized_icf_position8_psalm,Synonymous,0.15096065873741996,0.1392342828607029,0.10167410394788359,0.16867827356163223,0.10750526955780144,0.1761956461006007,0.0,0.0,0.0,0.0,0.0,0.4445750609543713,0.38725661053170973,0.48998527595478386,0.39511340893038516,0.4976013963031915,1000,149
word_vocalized_icf_position8_psalm,Synthetic,0.1558520315342632,0.15552599079774512,0.11280298917156717,0.18291643814493933,0.12417800988942249,0.19151998075230464,0.0,0.0,0.0,0.0,0.0,0.4996792399033946,0.4608739662530894,0.539114598983493,0.4620958224551302,0.5399634524235067,1000,150
word_vocalized_icf_position_mean,overall,0.2850539291217257,0.3314926557306106,0.2704785899027269,0.3706049770995664,0.2862167345606431,0.38040921254415655,0.903735506609653,0.5894490652636385,1.2536242231275179,0.5668648754513015,1.2325771216816217,0.540507856994926,0.5244917369972797,0.5641439393037724,0.5222610324991077,0.5593400312396614,1000,150
word_vocalized_icf_position_mean,Antithetic,0.01694915254237288,0.02264998771333193,0.0102701831562191,0.04400839572542487,0.01232147991762547,0.05600785677939576,0.6106178882913552,-0.29597525179967477,2.310896410145836,-0.4177888842235018,2.003924477274247,0.5398444983237548,0.4773243851940554,0.6204354773734889,0.47199401557143517,0.6127447787681022,1000,148
word_vocalized_icf_position_mean,Emblematic,0.009252669039145907,0.08288747727451076,0.010798536219246325,0.20770820091016784,0.01599995815847094,0.2644099284095726,4.573868577664315,1.1158428978051271,9.298455578836812,0.7716122555233321,8.91983251248626,0.5356432360742706,0.4544308281935268,0.6383220590152576,0.4490327937094661,0.6349652117007057,1000,148
word_vocalized_icf_position_mean,Staircase,0.0096051227321238,0.04178521093195599,0.012862188509826938,0.14354179011208873,0.012015115228212041,0.1308123778410553,3.462939603779817,1.0532014317759353,6.246235216100926,0.8481354307317321,5.969044537991949,0.6098539272030651,0.5159977281729988,0.7138164234742007,0.5137097200702406,0.7110128504770162,1000,146
word_vocalized_icf_position_mean,Synonymous,0.15096065873741996,0.184061509245271,0.13900701901347615,0.22200913568749905,0.1465409710997495,0.2297081490812722,0.7521880751395805,0.34331015305998375,1.2349032339477295,0.3180284927996165,1.206299053124142,0.5560239608730988,0.5254995014066541,0.5882317872013754,0.5249131712627891,0.5871309479795369,1000,149
word_vocalized_icf_position_mean,Synthetic,0.1558520315342632,0.18625038255194484,0.14484985934709455,0.21767316954506355,0.1531094170099923,0.22490049630681647,0.7569721871270619,0.3521712102434674,1.2252016040196265,0.31499988074442387,1.1943338500535392,0.5222306314012255,0.5044927363906159,0.545734227638335,0.5002578608225099,0.5422813812067684,1000,150
word_vocalized_icf_position_mean_psalm,overall,0.2850539291217257,0.3053186974389718,0.2732641909850068,0.3495100166288772,0.27307190107297746,0.34904650146847643,0.0,0.0,0.0,0.0,0.0,0.5439973917883401,0.49312943554691724,0.6644783089586737,0.4753458823898505,0.6095561149544492,1000,150
word_vocalized_icf_position_mean_psalm,Antithetic,0.01694915254237288,0.019238327479978213,0.009438800107699307,0.03211098841556112,0.010216725814890856,0.034497916884332416,0.0,0.0,0.0,-8.881784197001252e-16,0.0,0.5434252274904214,0.41036216319565194,0.7081540497992794,0.40152307425471834,0.700247996485085,1000,148
word_vocalized_icf_position_mean_psalm,Emblematic,0.009252669039145907,0.010090996678420306,0.005114830495703257,0.016950199476376014,0.005073595205329136,0.01680412219248907,0.0,0.0,0.0,-1.7763568394002505e-15,0.0,0.5059405393457118,0.3919675193640064,0.6579848032592476,0.37752676676494407,0.6277532255270447,1000,148
word_vocalized_icf_position_mean_psalm,Staircase,0.0096051227321238,0.013691830073039398,0.007235102541641082,0.025398653362583817,0.0070826324233775936,0.024260037267517763,0.0,0.0,0.0,0.0,0.0,0.6470772137079608,0.5310554125391206,0.7710428846190915,0.5272108316953428,0.7616613558477331,1000,146
word_vocalized_icf_position_mean_psalm,Synonymous,0.15096065873741996,0.15866990903094813,0.13462434908403004,0.18977118923931127,0.1338228785390205,0.1879915419604358,0.0,0.0,0.0,0.0,0.0,0.5308675838848252,0.4650518802547228,0.6329261373580505,0.4559823525378676,0.6116308647528734,1000,149
word_vocalized_icf_position_mean_psalm,Synthetic,0.1558520315342632,0.17492161383435695,0.1478867284539858,0.2131142975124119,0.1467323321600282,0.21279689828814802,0.0,0.0,0.0,0.0,0.0,0.5532056442595823,0.4990112859296343,0.6541380806858701,0.4781682583807959,0.624905664212013,1000,150
word_vocalized_icf_spacing2,overall,0.2750841750841751,0.27425816759660704,0.2058481803150294,0.3157040731234889,0.22428629044571277,0.3280259159575322,0.03138555196169909,-0.06626711717304024,0.11399968876046597,-0.05385119360683673,0.1234337606055589,0.5044371776934748,0.4797710855560961,0.5289387866406342,0.48010812615666837,0.529515823198933,1000,149
word_vocalized_icf_spacing2,Antithetic,0.01734367868553172,0.015498245966595048,0.007253190623781989,0.024646645646321675,0.008515210709031691,0.0270588196168546,0.012971106839293617,-0.3298060416789028,0.3038763729781856,-0.30373014209144855,0.31896753458878935,0.46008018187596256,0.36915714288704904,0.5682618745696255,0.36779410642566845,0.5671252145109966,1000,144
word_vocalized_icf_spacing2,Emblematic,0.005542725173210162,0.007926191408702552,0.0030513952180970094,0.02742836514660029,0.0025106377108425337,0.021722413615442,-0.23846618544056147,-1.3707393584900116,0.4585265575606609,-1.1649202068878883,0.5681213143048484,0.5115342932342468,0.22151842875316805,0.7879687707993679,0.21009944875084946,0.7770502049293518,999,143
word_vocalized_icf_spacing2,Staircase,0.009203865623561895,0.008917184221956302,0.003698240091420902,0.01569549486454204,0.004147168345722838,0.01751490884771216,-0.04411893469076342,-0.5941386759487958,0.2622423975068882,-0.49710563624583964,0.34396656780781987,0.47683464932652114,0.3790719900922965,0.6168969183468652,0.37397587682861844,0.6114204761411146,1000,143
word_vocalized_icf_spacing2,Synonymous,0.14529575228265185,0.14962286531712438,0.10606554146968726,0.18446526329606103,0.11321555901490604,0.1921323870752816,0.027838919393506162,-0.11828679281620977,0.14195744962064885,-0.09364839285918344,0.16869391433520733,0.5133337901872848,0.4717008996546559,0.5521811575546401,0.4752178198748543,0.555443043565171,1000,146
word_vocalized_icf_spacing2,Synthetic,0.15035516969218626,0.1474066091182181,0.10633929737036946,0.18225015791389265,0.1133442661210639,0.18888368950848877,0.04909192208371091,-0.05663320367317446,0.14631480658723484,-0.04974804613181966,0.15312887834144823,0.5015403032818762,0.4698825123408646,0.5315066633907697,0.46979115357187756,0.5313070378295136,1000,148
word_vocalized_icf_spacing2_psalm,overall,0.2850539291217257,0.30067338812521116,0.222521983060656,0.3362986943421304,0.2526933477215429,0.3501561947341928,0.0,0.0,0.0,0.0,0.0,0.5321863350419385,0.49716015109395967,0.56682392304832,0.4976176323084777,0.5674704637461976,1000,150
word_vocalized_icf_spacing2_psalm,Antithetic,0.01694915254237288,0.019556633160512534,0.010480198707578037,0.03033483061552241,0.01123763074679001,0.03160573475105062,0.0,0.0,0.0,0.0,0.0,0.5611530172413793,0.466578093397214,0.6390810025926615,0.480152114282387,0.6469661339133471,1000,148
word_vocalized_icf_spacing2_psalm,Emblematic,0.009252669039145907,0.012236748542773429,0.005532293138692319,0.0339099447774341,0.004975998835170831,0.03198138672939566,0.0,0.0,0.0,0.0,0.0,0.5315055813439434,0.36508462438230405,0.6988472108126552,0.36780492528927883,0.7061606987011968,1000,148
word_vocalized_icf_spacing2_psalm,Staircase,0.0096051227321238,0.013525481582760866,0.005791123316761136,0.0544786954159809,0.005157068362100945,0.042757424577228184,0.0,0.0,0.0,0.0,0.0,0.5989982439335888,0.4636451904235132,0.7685111961926238,0.4252388713295014,0.7417561277248568,1000,146
word_vocalized_icf_spacing2_psalm,Synonymous,0.15096065873741996,0.16227345365774445,0.11888943765616981,0.19517504815891612,0.12389378064359031,0.20049330432820067,0.0,0.0,0.0,0.0,0.0,0.5353658713572507,0.4867959918318403,0.5761730312982293,0.48810140214130654,0.5782719519534706,1000,149
word_vocalized_icf_spacing2_psalm,Synthetic,0.1558520315342632,0.16320354011618987,0.11572144876508964,0.18890352177233175,0.12801445654723767,0.19843527024953506,0.0,0.0,0.0,0.0,0.0,0.5229441304396439,0.4751545653989354,0.5638397233357672,0.4767748118622533,0.5668735976266728,1000,150
word_vocalized_icf_spacing4,overall,0.2750841750841751,0.30144202860336544,0.2149623952520102,0.3527980973935885,0.24280884817363987,0.3706025406189866,0.07258290876635248,-0.0755852624787468,0.16369030522863232,-0.041811028986023686,0.19050124553519485,0.5284843499236214,0.49261538525964693,0.5546075468786598,0.4985714675698375,0.5588862227018566,1000,149
word_vocalized_icf_spacing4,Antithetic,0.01734367868553172,0.017565830152877784,0.006947948835869793,0.028595591209102204,0.00954014085282373,0.03295753219562578,0.04889433385020653,-0.4728178781861006,0.3349804000622784,-0.32599799530517254,0.4025159415083009,0.5016256386437529,0.3889570193095532,0.584592214584844,0.40570082357504966,0.6000178235253454,1000,144
word_vocalized_icf_spacing4,Emblematic,0.005542725173210162,0.02016610619474472,0.004373207701058144,0.13341665814477352,0.0030773668736863618,0.07781662091332353,-0.06137272884332268,-0.9014948765065145,0.7069823617155377,-0.902490132979882,0.7051873906279036,0.521559064870723,0.27529104710918695,0.7875183696787014,0.2670655417088394,0.7749407443748212,999,143
word_vocalized_icf_spacing4,Staircase,0.009203865623561895,0.018159587536376448,0.0069699144007414554,0.03964456430657181,0.007588244167538675,0.042989471009520344,0.28583270780003994,-0.3124766908100624,0.6789010187911574,-0.20157167353304978,0.7410805148951795,0.6087668369716674,0.4732040808684533,0.7581313137894947,0.47332189465369856,0.7599675245115093,1000,143
word_vocalized_icf_spacing4,Synonymous,0.14529575228265185,0.16022976894871743,0.10593171147819724,0.2026805341929066,0.11669849823885363,0.21435143614762173,0.038023953997947224,-0.15736287984046146,0.19362113035528183,-0.13095852942533948,0.21201041341988214,0.5231770892819525,0.4742804273467334,0.5671018517480443,0.4799824324595389,0.5689837795308988,1000,146
word_vocalized_icf_spacing4,Synthetic,0.15035516969218626,0.16782227584855205,0.1133955276856194,0.20945783062974976,0.12524841667506909,0.2197798137846145,0.10116877481016351,-0.05334468467181194,0.23122809609379227,-0.03508304153324882,0.24098119553171632,0.5322653003256154,0.49543069683069785,0.5693023218139847,0.49767038486270176,0.5702198991289739,1000,148
word_vocalized_icf_spacing4_psalm,overall,0.2850539291217257,0.27710465107224896,0.21404790862679204,0.3184654849400321,0.2300968190834844,0.3344010060970549,0.0,0.0,0.0,0.0,0.0,0.47734447809878844,0.4383690205110238,0.5169012200409006,0.44191612901873545,0.5202195321360088,1000,150
word_vocalized_icf_spacing4_psalm,Antithetic,0.01694915254237288,0.018515188203276908,0.009006087579242122,0.03488189960497772,0.009259007431013459,0.03553079307176179,0.0,0.0,0.0,0.0,0.0,0.5130732159961686,0.37003226218354235,0.6488170151207977,0.36446448217160854,0.6413289038439735,1000,148
word_vocalized_icf_spacing4_psalm,Emblematic,0.009252669039145907,0.01034013789500447,0.004530626104006672,0.018636682198567033,0.004599851317182708,0.019277405539821057,0.0,0.0,0.0,-8.881784197001252e-16,0.0,0.5341442860300619,0.4403693145881378,0.6571755207847684,0.4213943653052098,0.6372765952008146,1000,148
word_vocalized_icf_spacing4_psalm,Staircase,0.0096051227321238,0.009499268252849354,0.004597268022630271,0.019049846029073742,0.004500112344505857,0.01899823661119336,0.0,0.0,0.0,0.0,0.0,0.4967206790123457,0.3678660937519024,0.6126660112388452,0.36099119974184746,0.6096867742058992,1000,146
word_vocalized_icf_spacing4_psalm,Synonymous,0.15096065873741996,0.1373144127181737,0.1017878049318975,0.1658063195909052,0.1075884655107688,0.1733748387124337,0.0,0.0,0.0,0.0,0.0,0.4409402937420179,0.3885734415655573,0.4866960368114161,0.39270085011303557,0.493334380679409,1000,149
word_vocalized_icf_spacing4_psalm,Synthetic,0.1558520315342632,0.15875399101469875,0.11679498212638575,0.18826962688973586,0.12412403977600867,0.19886813917031182,0.0,0.0,0.0,0.0,0.0,0.5051754886175589,0.4627142166376442,0.552481252851431,0.4618545151298144,0.5510143708264189,1000,150
word_vocalized_icf_spacing8,overall,0.2750841750841751,0.3008805253406204,0.21763066226981093,0.35675480788961905,0.24148034700180776,0.3720445524513823,0.08034087495728826,-0.10707757433472755,0.20921392923064652,-0.06118487868994844,0.2388199485759277,0.5216622958144993,0.47473785393298745,0.5539021889741608,0.4851760989090801,0.560598822640701,1000,149
word_vocalized_icf_spacing8,Antithetic,0.01734367868553172,0.01856755802987826,0.007066205907308644,0.030037541728892763,0.010002113081626341,0.034645616256232754,0.16691699152544326,-0.1694334008125031,0.45738899745622624,-0.1316168602732613,0.5282381022328192,0.531339379568289,0.4392672855843153,0.6097761173296227,0.4453262909309939,0.6247688598408171,1000,144
word_vocalized_icf_spacing8,Emblematic,0.005542725173210162,0.016850200737292435,0.0029129889287149145,0.19061456395042775,0.0020779775920783373,0.09322123406318936,-0.015560856079691765,-0.5778438878742547,0.9599285839125796,-0.6964393060504557,0.6547442126735682,0.48039557206997985,0.32800273748762004,0.815300041445285,0.29151955881249364,0.6786122825513969,999,143
word_vocalized_icf_spacing8,Staircase,0.009203865623561895,0.021723614727959563,0.007135881905520766,0.04443936331077256,0.009008660725365842,0.05329364830181297,0.22375860193427632,-0.6815705627187331,0.773056140194989,-0.5061363910132861,0.8053578176308239,0.5863794705062704,0.3693823263286631,0.7298887673242964,0.4091215765090612,0.7377712850159276,1000,143
word_vocalized_icf_spacing8,Synonymous,0.14529575228265185,0.16357907564576618,0.10935290867894618,0.2065575730808373,0.1178240066800279,0.22104856261116632,0.08281700121343072,-0.16106567651637466,0.2488909882137024,-0.11401216301047308,0.27939564741680556,0.5237843243256962,0.46345805082401903,0.5652967307854516,0.47334465795386654,0.5715673000389557,1000,146
word_vocalized_icf_spacing8,Synthetic,0.15035516969218626,0.1651220612876831,0.10814019428078976,0.21027509820803414,0.12001712014145648,0.22288795975546388,0.06481938307688462,-0.14369052828663975,0.22924163073134482,-0.12304151780928245,0.24503864441668444,0.516561155587089,0.4642804150764618,0.5572784586339606,0.4706295621101174,0.5605007324756885,1000,148
word_vocalized_icf_spacing8_psalm,overall,0.2850539291217257,0.26955539019727237,0.19615416292483423,0.3066215933613429,0.22663290272026496,0.31726049007932194,0.0,0.0,0.0,0.0,0.0,0.4588944547996272,0.41804592138658986,0.49128798796269185,0.42439072721619403,0.49695629851816164,1000,150
word_vocalized_icf_spacing8_psalm,Antithetic,0.01694915254237288,0.016605606309609687,0.008009749269399114,0.02840621979365933,0.008569109996935312,0.029931083144651337,0.0,0.0,0.0,0.0,0.0,0.48227221024904215,0.3480615126072415,0.5972310633834329,0.33986107497365575,0.5933847513198098,1000,148
word_vocalized_icf_spacing8_psalm,Emblematic,0.009252669039145907,0.010172344183174633,0.004823639456681307,0.018026189103482113,0.004857687319313576,0.018248271441526694,0.0,0.0,0.0,0.0,0.0,0.5146855658709107,0.37251426618682026,0.6053427946944226,0.39923275494564525,0.6246750885448135,1000,148
word_vocalized_icf_spacing8_psalm,Staircase,0.0096051227321238,0.009302466465090347,0.004213954240903599,0.017978769076944828,0.00418610661678357,0.017936997867447155,0.0,0.0,0.0,-6.661338147750939e-16,0.0,0.47469667943805877,0.32381155769761366,0.599706003583177,0.32367660335900683,0.5996306990309885,1000,146
word_vocalized_icf_spacing8_psalm,Synonymous,0.15096065873741996,0.14709108898230527,0.10428285381860122,0.1778808609983468,0.11303585798597919,0.18229242222312175,0.0,0.0,0.0,0.0,0.0,0.4674525426680599,0.4076033232854911,0.510219424185693,0.41788135043312,0.5190974739412509,1000,149
word_vocalized_icf_spacing8_psalm,Synthetic,0.1558520315342632,0.14215038125738197,0.10005526731993965,0.16807573063965048,0.11282663770026952,0.17716151139865222,0.0,0.0,0.0,0.0,0.0,0.4448173833802943,0.39030155696808655,0.4898791178012304,0.3962704414045192,0.49458849670714733,1000,150
word_vocalized_log_count,overall,0.2850539291217257,0.3345048464254312,0.27167032473612923,0.3743294234904032,0.28875305769323417,0.38440774122946336,0.47055133350149353,0.3116711576293951,0.6446934641620882,0.30427865824646533,0.6370335955541476,0.540545718131925,0.5257108367577024,0.56469734069137,0.5228526831514296,0.5593424380502428,1000,150
word_vocalized_log_count,Antithetic,0.01694915254237288,0.02311140408512284,0.009754690618908664,0.04228538853036068,0.011660834597223177,0.04836510433428919,0.39484019585141544,-0.1513553361381543,1.0394365002756651,-0.18960310594707927,1.0134480797268435,0.5410268498563219,0.4782136678457631,0.6155880561425644,0.4720510856191975,0.61039099276164,1000,148
word_vocalized_log_count,Emblematic,0.009252669039145907,0.07857164469309397,0.010474507114343097,0.19939606859469924,0.015380444455253465,0.23347647408158007,1.3234685306765315,0.05820995192472361,3.096647959824996,-0.1034612952635778,2.912110779038796,0.5320927276746242,0.4520040569260138,0.6325002094469837,0.4449178752324916,0.6274183320269151,1000,148
word_vocalized_log_count,Staircase,0.0096051227321238,0.03060541172523741,0.01105014692075321,0.1230762177283796,0.009999459025563867,0.10401068786144681,1.1752934064921752,0.2517972897520666,2.2307766141215546,0.18860391784834765,2.10173105445927,0.6073395593869731,0.5186859123037055,0.7083030255035392,0.5151805455879485,0.7058766962837388,1000,146
word_vocalized_log_count,Synonymous,0.15096065873741996,0.1913267603480811,0.14801303741902988,0.23400608783653598,0.1513321354484443,0.24078180652254116,0.5434821944513089,0.2794036353947329,0.8400115349960244,0.27437960758162744,0.8322113719762853,0.556677043422733,0.526626592352557,0.5893163938368895,0.5262551633588679,0.5886949878157345,1000,149
word_vocalized_log_count,Synthetic,0.1558520315342632,0.18685500136861405,0.14363423061927078,0.219750906026334,0.15291768934371375,0.22538643207392892,0.32722346451267187,0.15872879044739474,0.505412644158305,0.14310403271670302,0.49403944868786903,0.5218847136499843,0.5040668494902959,0.5435065404047487,0.5007492446067767,0.5414838820538522,1000,150
word_vocalized_tf_icf,overall,0.2850539291217257,0.3314444876444719,0.2704221104116773,0.37013435335135103,0.286405861871903,0.38053012438739076,0.770758991323907,0.5089856502867208,1.067328715971681,0.4866202943657204,1.0457700736162574,0.5405415113389251,0.5246312463968984,0.5641524481368508,0.5221605303032953,0.5594016281470603,1000,150
word_vocalized_tf_icf,Antithetic,0.01694915254237288,0.02296909189737307,0.010257448761616984,0.0442069288363179,0.012475661364320196,0.05700991207699682,0.5409218176595487,-0.2235413937367972,2.007485539021875,-0.33002209080384703,1.6891891690761003,0.5413261793582376,0.478917699104736,0.62196285361994,0.47283972667177826,0.6134992308933829,1000,148
word_vocalized_tf_icf,Emblematic,0.009252669039145907,0.07434376739814233,0.007146225652944055,0.18907897882931649,0.016384632196903243,0.26853084919314796,3.8133697388655547,0.9236950884802833,7.794821180216276,0.6124162754974154,7.442114108982224,0.535574160035367,0.4544239573029417,0.6382930312219668,0.44895272932713964,0.6347203753042302,1000,148
word_vocalized_tf_icf,Staircase,0.0096051227321238,0.042767343167207796,0.013122446823810889,0.13872899356330567,0.012789270262047042,0.13071344531055154,2.9823426690466865,0.977199125006005,5.321266277998574,0.7717242311922049,5.082165158625555,0.6112108876117497,0.5183009620228477,0.716147397237482,0.5159840117300524,0.7121335993658842,1000,146
word_vocalized_tf_icf,Synonymous,0.15096065873741996,0.1836588663455376,0.13924299760664188,0.22228434002238356,0.14594257616957726,0.22937066475993456,0.635880717702423,0.28732380653955264,1.0321955249904458,0.27095426998332633,1.017556396963039,0.5557003221873912,0.5249045265739806,0.5875835913665033,0.5248569951725484,0.5871222125125294,1000,149
word_vocalized_tf_icf,Synthetic,0.1558520315342632,0.18634020913608046,0.14366202275901296,0.2176556523098657,0.15297068023842988,0.22550580609042598,0.6520358221486651,0.3063676090667109,1.051218973568415,0.28061324668129106,1.018361917519389,0.5224088314548951,0.5045264095963773,0.5458028424636753,0.5003839240561487,0.5421981629542079,1000,150
