model,genre,n_same_genre,n_different_genre,prevalence,average_precision,ap_ci_low,ap_ci_high,separation_auc,auc_ci_low,auc_ci_high,separation_p_naive,separation_p_perm,separation_p_maxT,n_permutations,naive_q,naive_q_by,perm_q,perm_q_by,maxT_q,maxT_q_by
phrase_function_1_2_3gram,Hymn,136,2108,0.06060606060606061,0.05004977181528748,0.029999028524137713,0.034800841278298494,0.4284169673919678,0.3298675539209328,0.506886794934964,0.9974626898765564,0.9445277361319341,1.0,2000,1.0,1.0,1.0,1.0,1.0,1.0
phrase_function_1_2_3gram,Lament,1596,4788,0.25,0.3830275728437823,0.27241021158528345,0.4645728061809695,0.6821026802062988,0.6148315559548712,0.7495037495300971,0.0,0.0004997501249375312,0.06996501749125437,2000,0.0,0.0,0.0005451819544773067,0.0036083742019672915,0.16774039758363496,1.0
phrase_function_1_2_3gram,Praise,630,3780,0.14285714285714285,0.13153327945133184,0.08718759252974824,0.14025914101475692,0.44876059889793396,0.3928541428790858,0.49994538629914803,0.9999814033508301,0.9340329835082459,1.0,2000,1.0,1.0,0.9980009995002499,1.0,1.0,1.0
phrase_function_1_2_3gram,Royal,45,1310,0.033210332103321034,0.04291979545790277,0.010323045806706862,0.06717142438871848,0.5648854970932007,0.3943566674799341,0.6621584853700773,0.0691949725151062,0.1519240379810095,0.6656671664167916,2000,0.11645610648322391,0.7707834179847428,0.2617610113861988,1.0,1.0,1.0
phrase_function_1_2_3gram,Thanksgiving,21,938,0.021897810218978103,0.03365259992360043,0.008368315439057578,0.12782467336548925,0.642806351184845,0.4486889088495389,0.727752238056466,0.01253066398203373,0.049475262368815595,0.16541729135432284,2000,0.01507988215602913,0.09980861856055323,0.0600566768638802,0.3974947477109345,0.2043390069671047,1.0
phrase_function_1_2_3gram,Trust,15,810,0.01818181818181818,0.014451244286814937,0.0059189255410607615,0.11876907845052023,0.38320988416671753,0.21746842790230786,0.42035103715342964,0.9396929144859314,0.9185407296351824,1.0,2000,0.9626190986724343,1.0,0.9485641794487372,1.0,1.0,1.0
phrase_function_1_2_3gram,Wisdom,28,1064,0.02564102564102564,0.04376776498321172,0.006373977706186742,0.0991698307703658,0.5905276536941528,0.2852450693265161,0.6772689677964963,0.05082214996218681,0.12193903048475763,0.4587706146926537,2000,0.052574637891917395,0.3479736728058988,0.12491315317950781,0.826757737884896,0.46881668654723735,1.0
phrase_full_signature_inventory,Hymn,136,2108,0.06060606060606061,0.05091115332111627,0.033708401901468496,0.03758350662456483,0.4212070405483246,0.3335351042518533,0.4920585022994372,0.9989805221557617,0.9695152423788106,1.0,2000,1.0,1.0,1.0,1.0,1.0,1.0
phrase_full_signature_inventory,Lament,1596,4788,0.25,0.4017420946805766,0.29926070893694107,0.48300542477009895,0.7054033279418945,0.6415668352606702,0.7651800851431603,0.0,0.0004997501249375312,0.038980509745127435,2000,0.0,0.0,0.0005451819544773067,0.0036083742019672915,0.16774039758363496,1.0
phrase_full_signature_inventory,Praise,630,3780,0.14285714285714285,0.12728915662954388,0.0879186974845504,0.13709871385342642,0.4443642497062683,0.38884338356156684,0.49341297324568845,0.9999962449073792,0.9505247376311844,1.0,2000,1.0,1.0,0.9980009995002499,1.0,1.0,1.0
phrase_full_signature_inventory,Royal,45,1310,0.033210332103321034,0.03695900687031235,0.010031665985965424,0.06335178757248586,0.5485326647758484,0.40644465195875285,0.619058287237212,0.13386420905590057,0.2158920539730135,0.815592203898051,2000,0.1773595198847894,1.0,0.2851404486436027,1.0,1.0,1.0
phrase_full_signature_inventory,Thanksgiving,21,938,0.021897810218978103,0.031235402408502793,0.007113543264519784,0.12757340267791106,0.6242765784263611,0.34362471262428224,0.7206027774550351,0.02560625597834587,0.07446276861569215,0.25487256371814093,2000,0.028526863424151897,0.18880962070992158,0.08187005973453063,0.541870120669774,0.283191737464601,1.0
phrase_full_signature_inventory,Trust,15,810,0.01818181818181818,0.016843822936301104,0.006649046791919285,0.12468333434987434,0.45860081911087036,0.3068435156516878,0.4919684746596453,0.7090355157852173,0.656671664167916,1.0,2000,0.9626190986724343,1.0,0.9485641794487372,1.0,1.0,1.0
phrase_full_signature_inventory,Wisdom,28,1064,0.02564102564102564,0.0628917176838106,0.00916885580065104,0.095666706049094,0.6176154613494873,0.42984830789040174,0.7222716134756385,0.016717100515961647,0.06296851574212893,0.28535732133933034,2000,0.020292434152323385,0.13430872993689966,0.07778463709321809,0.5148300956983333,0.3469941329913078,1.0
phrase_det_1gram,Hymn,136,2108,0.06060606060606061,0.12033197701102953,0.061541582327513875,0.14110488226331538,0.6418964266777039,0.47183185097731845,0.7805667266341243,1.39118965236662e-08,0.0009995002498750624,0.13543228385807096,2000,5.842996539939804e-06,3.867280969913421e-05,0.4197901049475262,1.0,1.0,1.0
phrase_det_1gram,Lament,1596,4788,0.25,0.29518850097051463,0.21057805062368185,0.3459666782330971,0.5742942094802856,0.5180299852979369,0.6230262715819359,2.706974145479984e-19,0.00399800099950025,0.47926036981509246,2000,2.8141810423306763e-19,1.8626108566904374e-18,0.004197901049475263,0.027784481355148143,0.5057521490511026,1.0
phrase_det_1gram,Praise,630,3780,0.14285714285714285,0.16267098238801644,0.11469014017390247,0.18593630233167144,0.5608744621276855,0.49588692605932394,0.6214591919056852,4.79844061374024e-07,0.020989505247376312,0.5902048975512244,2000,0.0002015345057770901,0.0013338884485813445,0.9980009995002499,1.0,1.0,1.0
phrase_det_1gram,Royal,45,1310,0.033210332103321034,0.03271245330146853,0.008467587441968889,0.053964971635140024,0.46061068773269653,0.2987390891742186,0.5068387458411623,0.8159024119377136,0.7531234382808596,1.0,2000,0.8178496730640565,1.0,0.754920868921148,1.0,1.0,1.0
phrase_det_1gram,Thanksgiving,21,938,0.021897810218978103,0.025607338795608878,0.007679203279619116,0.12061302635700609,0.5634074807167053,0.3757571287470415,0.668084693499037,0.15997432172298431,0.18440779610194902,0.5707146426786607,2000,0.16549067764446654,1.0,0.19123771447609528,1.0,0.6007522554512217,1.0
phrase_det_1gram,Trust,15,810,0.01818181818181818,0.030068781781478822,0.008497130186032407,0.13950301444880292,0.652181088924408,0.4579284711404313,0.8018459704091602,0.021624084562063217,0.04697651174412794,0.11544227886056972,2000,0.9626190986724343,1.0,0.9485641794487372,1.0,1.0,1.0
phrase_det_1gram,Wisdom,28,1064,0.02564102564102564,0.09960398365407883,0.014259112938177707,0.13560566433278942,0.8215963840484619,0.6461202337998818,0.8775937280053443,3.0149556184966286e-09,0.0004997501249375312,0.0014992503748125937,2000,6.33140679884292e-07,4.190543132890154e-06,0.02623688155922039,0.1736530084696759,0.3108201996562694,1.0
phrase_complexity_core,Hymn,136,2108,0.06060606060606061,0.07552157326017159,0.05101490073975083,0.06094487832252825,0.5857936143875122,0.42589620498811437,0.735209039466822,0.00039196512079797685,0.03248375812093953,0.41879060469765117,2000,0.05487511691171676,0.3631997621491706,1.0,1.0,1.0,1.0
phrase_complexity_core,Lament,1596,4788,0.25,0.3472209312092732,0.2534042800129872,0.40717076590784085,0.6697960495948792,0.6016596492723841,0.7371602525539621,0.0,0.0004997501249375312,0.09495252373813093,2000,0.0,0.0,0.0005451819544773067,0.0036083742019672915,0.16774039758363496,1.0
phrase_complexity_core,Praise,630,3780,0.14285714285714285,0.12912527605011997,0.09227330938155094,0.13757288042791335,0.4640060365200043,0.4237722598399338,0.5073888465607544,0.9981171488761902,0.9145427286356822,1.0,2000,1.0,1.0,0.9980009995002499,1.0,1.0,1.0
phrase_complexity_core,Royal,45,1310,0.033210332103321034,0.04562584472271586,0.013331038275735112,0.06787585795589815,0.5685835480690002,0.4569666587148377,0.6287409015912941,0.05864176154136658,0.11444277861069466,0.5442278860569715,2000,0.11068773276335456,0.7326045113882497,0.2617610113861988,1.0,1.0,1.0
phrase_complexity_core,Thanksgiving,21,938,0.021897810218978103,0.02362159324460847,0.007096312342270927,0.12053154251440593,0.5168037414550781,0.3503291693334303,0.5786638338457571,0.39616796374320984,0.3473263368315842,0.968015992003998,2000,0.3990180929787725,1.0,0.34982508745627183,1.0,0.9749801358313649,1.0
phrase_complexity_core,Trust,15,810,0.01818181818181818,0.030715877610920022,0.008192359712381293,0.13368978721473254,0.6688888669013977,0.4411170554562394,0.7991213375705064,0.012439299374818802,0.04597701149425287,0.09545227386306847,2000,0.9626190986724343,1.0,0.9485641794487372,1.0,1.0,1.0
phrase_complexity_core,Wisdom,28,1064,0.02564102564102564,0.03761851890638548,0.007667937233115964,0.09038500794632882,0.6257888078689575,0.39171461280960124,0.7590002682210798,0.011463499628007412,0.04897551224387806,0.21039480259870064,2000,0.014458467999288628,0.09569568930178955,0.06972784794043656,0.46150494454313873,0.3108201996562694,1.0
phrase_det_1gram_psalm,Hymn,136,2261,0.05673758865248227,0.0805356832843834,0.036817189784057194,0.07804728826170623,0.6112502217292786,0.4719911508950595,0.7388189702490331,6.386564564309083e-06,0.0074962518740629685,0.239880059970015,2000,0.0013411785585049074,0.00887680538762629,1.0,1.0,1.0,1.0
phrase_det_1gram_psalm,Lament,1711,5369,0.24166666666666667,0.2665016601449198,0.17158181574878975,0.3094135348348832,0.546944797039032,0.4962664666471189,0.5959511535007087,2.351355776752939e-09,0.0239880059970015,0.7051474262868566,2000,2.356967604382421e-09,1.5599968099971643e-08,0.02404525660797286,0.1591473872371254,0.7068303557052023,1.0
phrase_det_1gram_psalm,Praise,820,4469,0.15503875968992248,0.17409770365514038,0.1338244576241003,0.19325265183616055,0.550703763961792,0.498594913983137,0.5929189047864195,1.8921173250419088e-06,0.035982008995502246,0.6691654172913544,2000,0.00039734463825880084,0.0026298892144324694,0.9980009995002499,1.0,1.0,1.0
phrase_det_1gram_psalm,Royal,45,1400,0.031141868512110725,0.03125828045226088,0.005966884492509619,0.05701228623497647,0.46409523487091064,0.2752370108240605,0.5208855598301662,0.7942208051681519,0.7131434282858571,1.0,2000,0.7980209047144109,1.0,0.7165555977991864,1.0,1.0,1.0
phrase_det_1gram_psalm,Thanksgiving,28,1136,0.024054982817869417,0.025997092485973504,0.00615312078699727,0.0984332458587491,0.5387952923774719,0.3070639421474667,0.6368359104289001,0.24135898053646088,0.24287856071964017,0.783608195902049,2000,0.24485693677611975,1.0,0.25002204779962955,1.0,0.806655495781521,1.0
phrase_det_1gram_psalm,Trust,15,864,0.017064846416382253,0.02970037596019339,0.006852004568762794,0.10007608957051717,0.6203703880310059,0.3756063558081895,0.7364608802991578,0.054835185408592224,0.08995502248875563,0.19890054972513743,2000,0.9626190986724343,1.0,0.9485641794487372,1.0,1.0,1.0
phrase_det_1gram_psalm,Wisdom,36,1269,0.027586206896551724,0.08480927923487465,0.008249455466019634,0.11669334436618405,0.6914893388748169,0.445407818746327,0.825687592765814,4.372227340354584e-05,0.006496751624187906,0.04897551224387806,2000,0.00044585090038778546,0.0029509356897654613,0.06224473969911595,0.411976792507369,0.3108201996562694,1.0
phrase_function_1_2_3gram_psalm,Hymn,136,2261,0.05673758865248227,0.03761803493172708,0.01600512354715722,0.016366130241099314,0.31130486726760864,0.22255612830744992,0.3416533097336322,1.0,1.0,1.0,2000,1.0,1.0,1.0,1.0,1.0,1.0
phrase_function_1_2_3gram_psalm,Lament,1711,5369,0.24166666666666667,0.3686238302249848,0.26274932457186745,0.444025356447906,0.6927956938743591,0.6229916432370767,0.7540785598285844,0.0,0.0004997501249375312,0.04547726136931534,2000,0.0,0.0,0.0005451819544773067,0.0036083742019672915,0.16774039758363496,1.0
phrase_function_1_2_3gram_psalm,Praise,820,4469,0.15503875968992248,0.13395353145191835,0.10492209279702375,0.14545786736534147,0.440499871969223,0.38106502680427684,0.4815103244380569,1.0,0.9590204897551224,1.0,2000,1.0,1.0,0.9980009995002499,1.0,1.0,1.0
phrase_function_1_2_3gram_psalm,Royal,45,1400,0.031141868512110725,0.03897798551365701,0.006434778986695859,0.05724438901494079,0.5435079336166382,0.32860552792237163,0.6300691324913201,0.15995563566684723,0.24437781109445278,0.856071964017991,2000,0.20419868383001774,1.0,0.3110263050293035,1.0,1.0,1.0
phrase_function_1_2_3gram_psalm,Thanksgiving,28,1136,0.024054982817869417,0.03319918355299092,0.008279644198721793,0.10601172849648663,0.6438003182411194,0.4541929139417548,0.7170824178135478,0.004625932313501835,0.043478260869565216,0.1724137931034483,2000,0.00774060387119829,0.051232428159253544,0.05742411812961443,0.38007073551853593,0.206307102858827,1.0
phrase_function_1_2_3gram_psalm,Trust,15,864,0.017064846416382253,0.014298475563015701,0.005647386338269425,0.1153254770190501,0.4170524775981903,0.23365060697906448,0.45927604209114015,0.8650314807891846,0.8200899550224887,1.0,2000,0.9626190986724343,1.0,0.9485641794487372,1.0,1.0,1.0
phrase_function_1_2_3gram_psalm,Wisdom,36,1269,0.027586206896551724,0.065131948315487,0.010586450483476619,0.10151562973146239,0.6379038691520691,0.465333900547863,0.7418555286117422,0.0023628503549844027,0.0399800099950025,0.19090454772613694,2000,0.004934773983267865,0.032661593047105024,0.0677080814431494,0.4481367960507766,0.3108201996562694,1.0
phrase_complexity_core_psalm,Hymn,136,2261,0.05673758865248227,0.06920312298840953,0.03779720443821685,0.05759532323278185,0.5799977779388428,0.43552827314419434,0.711778827039693,0.0008504821453243494,0.0399800099950025,0.42278860569715143,2000,0.08930062525905669,0.5910505103076402,1.0,1.0,1.0,1.0
phrase_complexity_core_psalm,Lament,1711,5369,0.24166666666666667,0.33741209740155675,0.21457685453789377,0.39777180409827856,0.6661742329597473,0.5978502592170376,0.7323729950606881,0.0,0.0004997501249375312,0.0734632683658171,2000,0.0,0.0,0.0005451819544773067,0.0036083742019672915,0.16774039758363496,1.0
phrase_complexity_core_psalm,Praise,820,4469,0.15503875968992248,0.14305221261312742,0.10745926534298339,0.15681015136017984,0.46956104040145874,0.4272605914622738,0.5219212669331385,0.997242271900177,0.8760619690154923,1.0,2000,1.0,1.0,0.9980009995002499,1.0,1.0,1.0
phrase_complexity_core_psalm,Royal,45,1400,0.031141868512110725,0.04276727145397148,0.00690638821357192,0.051589481208189965,0.5651269555091858,0.3725376641476711,0.631990826873995,0.06824814528226852,0.13093453273363317,0.5422288855572214,2000,0.11645610648322391,0.7707834179847428,0.2617610113861988,1.0,1.0,1.0
phrase_complexity_core_psalm,Thanksgiving,28,1136,0.024054982817869417,0.023490329277953276,0.006895805609937181,0.09679303816144383,0.4877703785896301,0.358299083935056,0.540983996918268,0.5877066850662231,0.5272363818090955,1.0,2000,0.5891093263193644,1.0,0.5284947025294036,1.0,1.0,1.0
phrase_complexity_core_psalm,Trust,15,864,0.017064846416382253,0.028611999240722427,0.00786535657546895,0.1309994565087513,0.6668981313705444,0.4535278126241933,0.7996574332786972,0.013270210474729538,0.03798100949525238,0.07296351824087956,2000,0.9626190986724343,1.0,0.9485641794487372,1.0,1.0,1.0
phrase_complexity_core_psalm,Wisdom,36,1269,0.027586206896551724,0.0378696721620636,0.0072290833249205695,0.09105875848522067,0.6232379078865051,0.4037589958375116,0.7268712170264312,0.005790138617157936,0.04047976011994003,0.1904047976011994,2000,0.009192446453703774,0.06084168113801923,0.06773505677440164,0.44831533660697204,0.3108201996562694,1.0
phrase_full_signature_inventory_psalm,Hymn,136,2261,0.05673758865248227,0.04449394187690173,0.021682442041332982,0.031052852633790734,0.40270766615867615,0.3054097719278751,0.4394147925716257,0.9999323487281799,0.9955022488755623,1.0,2000,1.0,1.0,1.0,1.0,1.0,1.0
phrase_full_signature_inventory_psalm,Lament,1711,5369,0.24166666666666667,0.3749031923407928,0.25609984590301205,0.44269559301864414,0.6872792840003967,0.6250428868594722,0.7471651592969962,0.0,0.0004997501249375312,0.05297351324337831,2000,0.0,0.0,0.0005451819544773067,0.0036083742019672915,0.16774039758363496,1.0
phrase_full_signature_inventory_psalm,Praise,820,4469,0.15503875968992248,0.13585900366031228,0.10256346931043667,0.14667910891884553,0.43295466899871826,0.3841170153034475,0.47297481276979025,1.0,0.9855072463768116,1.0,2000,1.0,1.0,0.9980009995002499,1.0,1.0,1.0
phrase_full_signature_inventory_psalm,Royal,45,1400,0.031141868512110725,0.035655678992459736,0.006534411237473068,0.05882854936678123,0.5381428599357605,0.3383259774069779,0.6228927184596018,0.19161343574523926,0.2563718140929535,0.8885557221389305,2000,0.2360048182199428,1.0,0.3176287962213583,1.0,1.0,1.0
phrase_full_signature_inventory_psalm,Thanksgiving,28,1136,0.024054982817869417,0.03789510024558214,0.006988905659898963,0.10838865006654312,0.6468812823295593,0.3939753570020048,0.7447992892998436,0.00392595399171114,0.03248375812093953,0.13993003498250875,2000,0.00702252338065746,0.04647969726688979,0.05392560636677709,0.3569152743250256,0.19344559695074096,1.0
phrase_full_signature_inventory_psalm,Trust,15,864,0.017064846416382253,0.01665035626647027,0.006074080318983261,0.11839975466917543,0.4835648238658905,0.2854573265315482,0.5465906810995087,0.5866751074790955,0.5272363818090955,1.0,2000,0.9626190986724343,1.0,0.9485641794487372,1.0,1.0,1.0
phrase_full_signature_inventory_psalm,Wisdom,36,1269,0.027586206896551724,0.04678686759794942,0.007506652253938453,0.09047761683667692,0.599859893321991,0.4238820703371349,0.7156020110274228,0.020392322912812233,0.08945527236381809,0.3658170914542729,2000,0.02379104339828094,0.1574648363380754,0.09809716551645847,0.6492718227900154,0.3985830918737523,1.0
phrase_function_1_2_3gram_psalm_shuffle02,Hymn,136,2261,0.05673758865248227,0.037045481140448006,0.01620554443615563,0.01656071357393223,0.29935672879219055,0.23142823966544998,0.33186335700272623,1.0,1.0,1.0,2000,1.0,1.0,1.0,1.0,1.0,1.0
phrase_function_1_2_3gram_psalm_shuffle02,Lament,1711,5369,0.24166666666666667,0.3369248862753205,0.23388572089273685,0.407473342637699,0.6696473360061646,0.6021797553054244,0.7326980336873462,0.0,0.0004997501249375312,0.09195402298850575,2000,0.0,0.0,0.0005451819544773067,0.0036083742019672915,0.16774039758363496,1.0
phrase_function_1_2_3gram_psalm_shuffle02,Praise,820,4469,0.15503875968992248,0.13582262229839653,0.10313704712173019,0.1478583752074939,0.4517287015914917,0.3846411410599662,0.492483615978044,0.9999946355819702,0.9120439780109945,1.0,2000,1.0,1.0,0.9980009995002499,1.0,1.0,1.0
phrase_function_1_2_3gram_psalm_shuffle02,Royal,45,1400,0.031141868512110725,0.04405182616473033,0.0068635928016066204,0.05933570072978342,0.5836666822433472,0.3790766011662751,0.667201895951841,0.027881620451807976,0.10794602698650675,0.48225887056471767,2000,0.10390765105302516,0.6877294531992113,0.2617610113861988,1.0,1.0,1.0
phrase_function_1_2_3gram_psalm_shuffle02,Thanksgiving,28,1136,0.024054982817869417,0.04072442588797809,0.010366451430734128,0.11339543292213594,0.6991637349128723,0.5271901495089013,0.7649607880979198,0.0001562434626976028,0.009995002498750625,0.043478260869565216,2000,0.001536285492655789,0.010168151922545903,0.05022028862869178,0.33239103461680297,0.18726696131488157,1.0
phrase_function_1_2_3gram_psalm_shuffle02,Trust,15,864,0.017064846416382253,0.013429131773156435,0.0055715600920992125,0.11363699299245848,0.37839505076408386,0.21729780316349695,0.42369111587934455,0.947073221206665,0.9185407296351824,1.0,2000,0.9626190986724343,1.0,0.9485641794487372,1.0,1.0,1.0
phrase_function_1_2_3gram_psalm_shuffle02,Wisdom,36,1269,0.027586206896551724,0.08034244452307061,0.010753151757291923,0.11671017840765383,0.6678268313407898,0.5070240993714978,0.7599669059494168,0.0002927719906438142,0.01999000499750125,0.09545227386306847,2000,0.001217467683865366,0.008058005123079545,0.06224473969911595,0.411976792507369,0.3108201996562694,1.0
phrase_function_1_2_3gram_psalm_shuffle01,Hymn,136,2261,0.05673758865248227,0.03718368317946235,0.01644947230079347,0.01680483659507071,0.30270639061927795,0.204551544976057,0.33848991243821086,1.0,1.0,1.0,2000,1.0,1.0,1.0,1.0,1.0,1.0
phrase_function_1_2_3gram_psalm_shuffle01,Lament,1711,5369,0.24166666666666667,0.3508785171965628,0.2398823400817373,0.4232106452603271,0.67194002866745,0.6005143001770634,0.7344551691742605,0.0,0.0004997501249375312,0.08745627186406797,2000,0.0,0.0,0.0005451819544773067,0.0036083742019672915,0.16774039758363496,1.0
phrase_function_1_2_3gram_psalm_shuffle01,Praise,820,4469,0.15503875968992248,0.13599581397876587,0.10436020351315198,0.14980136074646605,0.4479648470878601,0.3803422198656028,0.4894318426830249,0.999998927116394,0.935032483758121,1.0,2000,1.0,1.0,0.9980009995002499,1.0,1.0,1.0
phrase_function_1_2_3gram_psalm_shuffle01,Royal,45,1400,0.031141868512110725,0.04191034445906327,0.0071652385165591765,0.062377223354025846,0.5782856941223145,0.3785642109452747,0.6558371673021973,0.03673947602510452,0.1184407796101949,0.5397301349325337,2000,0.10390765105302516,0.6877294531992113,0.2617610113861988,1.0,1.0,1.0
phrase_function_1_2_3gram_psalm_shuffle01,Thanksgiving,28,1136,0.024054982817869417,0.038829333432797104,0.011116741408092825,0.11114982104108116,0.6955482959747314,0.5203670416209195,0.7588560753883162,0.00020060988026671112,0.011494252873563218,0.046476761619190406,2000,0.001536285492655789,0.010168151922545903,0.05022028862869178,0.33239103461680297,0.18726696131488157,1.0
phrase_function_1_2_3gram_psalm_shuffle01,Trust,15,864,0.017064846416382253,0.013817931774329528,0.005937415813809387,0.11531702010197036,0.389969140291214,0.2585399644959833,0.4322791738635271,0.9283005595207214,0.8905547226386806,1.0,2000,0.9626190986724343,1.0,0.9485641794487372,1.0,1.0,1.0
phrase_function_1_2_3gram_psalm_shuffle01,Wisdom,36,1269,0.027586206896551724,0.06630612877014272,0.010595453937384602,0.10432157807048577,0.6478198170661926,0.47941331355369415,0.7354166507720947,0.0012295931810513139,0.031984007996002,0.1584207896051974,2000,0.0029679835404686885,0.01964407506766908,0.06510633572102838,0.43091672472104764,0.3108201996562694,1.0
phrase_function_1_2_3gram_psalm_shuffle06,Hymn,136,2261,0.05673758865248227,0.03680081204697785,0.016080835227102165,0.016436242457241314,0.29483962059020996,0.21277484879109781,0.3216061764930923,1.0,1.0,1.0,2000,1.0,1.0,1.0,1.0,1.0,1.0
phrase_function_1_2_3gram_psalm_shuffle06,Lament,1711,5369,0.24166666666666667,0.34174288543858844,0.23333103211379067,0.41147438391957825,0.6692920327186584,0.598389825948499,0.7307300877744334,0.0,0.0004997501249375312,0.09295352323838081,2000,0.0,0.0,0.0005451819544773067,0.0036083742019672915,0.16774039758363496,1.0
phrase_function_1_2_3gram_psalm_shuffle06,Praise,820,4469,0.15503875968992248,0.13702504468586632,0.10449347057136148,0.15113735333312697,0.4520699381828308,0.3886391285333129,0.49339154861597456,0.9999938011169434,0.9135432283858071,1.0,2000,1.0,1.0,0.9980009995002499,1.0,1.0,1.0
phrase_function_1_2_3gram_psalm_shuffle06,Royal,45,1400,0.031141868512110725,0.04334006471035655,0.0065715899773633344,0.060632835430300555,0.5784603357315063,0.34811837163521253,0.6615513690331875,0.036419618874788284,0.1199400299850075,0.5367316341829086,2000,0.10390765105302516,0.6877294531992113,0.2617610113861988,1.0,1.0,1.0
phrase_function_1_2_3gram_psalm_shuffle06,Thanksgiving,28,1136,0.024054982817869417,0.03538749119455804,0.01014020805238309,0.10709050155881152,0.6676936745643616,0.4910678428240389,0.7294416869524563,0.0012023140443488955,0.022488755622188907,0.09695152423788106,2000,0.0032500638805616363,0.021511069038607493,0.05094540108586483,0.33719030770810854,0.18726696131488157,1.0
phrase_function_1_2_3gram_psalm_shuffle06,Trust,15,864,0.017064846416382253,0.014090402787634956,0.005546867626067099,0.115590223234367,0.4043981432914734,0.2201329194119951,0.4890074999284558,0.8982126116752625,0.8540729635182409,1.0,2000,0.9626190986724343,1.0,0.9485641794487372,1.0,1.0,1.0
phrase_function_1_2_3gram_psalm_shuffle06,Wisdom,36,1269,0.027586206896551724,0.08119201839410692,0.01016356846484702,0.11756884877908083,0.6492645144462585,0.4690938009678594,0.7493615980195122,0.0011144033633172512,0.03298350824587706,0.14992503748125938,2000,0.0027532318387837973,0.01822270648819862,0.06510633572102838,0.43091672472104764,0.3108201996562694,1.0
phrase_function_1_2_3gram_psalm_shuffle08,Hymn,136,2261,0.05673758865248227,0.03690845547501042,0.016133814062111295,0.016485613271570655,0.2969469428062439,0.22212933959331885,0.32386311314087834,1.0,1.0,1.0,2000,1.0,1.0,1.0,1.0,1.0,1.0
phrase_function_1_2_3gram_psalm_shuffle08,Lament,1711,5369,0.24166666666666667,0.33883317195356266,0.23191097934675253,0.4089741288766853,0.665417492389679,0.5937297454326441,0.7296616874096693,0.0,0.0004997501249375312,0.10494752623688156,2000,0.0,0.0,0.0005451819544773067,0.0036083742019672915,0.17328545029810674,1.0
phrase_function_1_2_3gram_psalm_shuffle08,Praise,820,4469,0.15503875968992248,0.1361096812234907,0.10323436351896634,0.14869133309942237,0.4496321678161621,0.38487058303364985,0.4927869017281087,0.9999977946281433,0.9250374812593704,1.0,2000,1.0,1.0,0.9980009995002499,1.0,1.0,1.0
phrase_function_1_2_3gram_psalm_shuffle08,Royal,45,1400,0.031141868512110725,0.04570552410861065,0.007038312212697678,0.05275221205659881,0.5754444599151611,0.3734078999808531,0.6636683997070008,0.04227474704384804,0.12393803098450774,0.5647176411794103,2000,0.10390765105302516,0.6877294531992113,0.2617610113861988,1.0,1.0,1.0
phrase_function_1_2_3gram_psalm_shuffle08,Thanksgiving,28,1136,0.024054982817869417,0.03910290168899055,0.009769843662000432,0.11156628037425542,0.6952024698257446,0.5303894625250719,0.7577893167251191,0.00020542030688375235,0.009495252373813094,0.047476261869065464,2000,0.001536285492655789,0.010168151922545903,0.05022028862869178,0.33239103461680297,0.18726696131488157,1.0
phrase_function_1_2_3gram_psalm_shuffle08,Trust,15,864,0.017064846416382253,0.01433148592689577,0.006142600941208844,0.11459275737984147,0.41913580894470215,0.2934124040827049,0.45615817515781315,0.8589271903038025,0.808095952023988,1.0,2000,0.9626190986724343,1.0,0.9485641794487372,1.0,1.0,1.0
phrase_function_1_2_3gram_psalm_shuffle08,Wisdom,36,1269,0.027586206896551724,0.07415023364456229,0.010429600345425836,0.11654270645050642,0.6468785405158997,0.48057231771112846,0.7320428228827633,0.0013103971723467112,0.03398300849575212,0.1584207896051974,2000,0.003093453124165535,0.020474515630173284,0.06517289300555201,0.4313572447831218,0.3108201996562694,1.0
phrase_function_1_2_3gram_psalm_shuffle03,Hymn,136,2261,0.05673758865248227,0.03680111916665791,0.016029546394764012,0.016385136423113476,0.294852614402771,0.20283361343957304,0.31883720972787744,1.0,1.0,1.0,2000,1.0,1.0,1.0,1.0,1.0,1.0
phrase_function_1_2_3gram_psalm_shuffle03,Lament,1711,5369,0.24166666666666667,0.34449858747622997,0.23361004841456923,0.4149183394140753,0.668477475643158,0.5979507739502908,0.731471904528496,0.0,0.0004997501249375312,0.09295352323838081,2000,0.0,0.0,0.0005451819544773067,0.0036083742019672915,0.16774039758363496,1.0
phrase_function_1_2_3gram_psalm_shuffle03,Praise,820,4469,0.15503875968992248,0.1365983894340317,0.10415178055000633,0.1498944702189686,0.45500317215919495,0.39056811317198725,0.4973439323220687,0.999979555606842,0.8990504747626187,1.0,2000,1.0,1.0,0.9980009995002499,1.0,1.0,1.0
phrase_function_1_2_3gram_psalm_shuffle03,Royal,45,1400,0.031141868512110725,0.04233697985875961,0.006237808901519129,0.058971334812180365,0.5684603452682495,0.3302830869546442,0.6575774031974534,0.058769915252923965,0.1489255372313843,0.6376811594202898,2000,0.11068773276335456,0.7326045113882497,0.2617610113861988,1.0,1.0,1.0
phrase_function_1_2_3gram_psalm_shuffle03,Thanksgiving,28,1136,0.024054982817869417,0.04036919501924816,0.009812355502911093,0.11415847630478113,0.6909582614898682,0.5301181882128663,0.7595740038380415,0.00027392711490392685,0.010994502748625687,0.051974012993503245,2000,0.0015666987979784607,0.010369447261508652,0.05022028862869178,0.33239103461680297,0.18726696131488157,1.0
phrase_function_1_2_3gram_psalm_shuffle03,Trust,15,864,0.017064846416382253,0.01499497102342149,0.006074847703792527,0.11573155041701422,0.43958333134651184,0.28521629290153233,0.4849043863573573,0.7892104983329773,0.7251374312843578,1.0,2000,0.9626190986724343,1.0,0.9485641794487372,1.0,1.0,1.0
phrase_function_1_2_3gram_psalm_shuffle03,Wisdom,36,1269,0.027586206896551724,0.0667229737330957,0.009781749892051527,0.11342482853957128,0.6598809361457825,0.49906857064680293,0.7651719672722954,0.0005275108269415796,0.02148925537231384,0.11444277861069466,2000,0.0016692118656668647,0.011047946441045894,0.06224473969911595,0.411976792507369,0.3108201996562694,1.0
phrase_function_1_2_3gram_psalm_shuffle04,Hymn,136,2261,0.05673758865248227,0.036784204579636,0.015755304013225613,0.016114716954435827,0.29282331466674805,0.18313622950290548,0.3168107747753861,1.0,1.0,1.0,2000,1.0,1.0,1.0,1.0,1.0,1.0
phrase_function_1_2_3gram_psalm_shuffle04,Lament,1711,5369,0.24166666666666667,0.3440583701195813,0.24005961560028286,0.4142037100079855,0.6695542335510254,0.5996971041916347,0.7333695447193721,0.0,0.0004997501249375312,0.08995502248875563,2000,0.0,0.0,0.0005451819544773067,0.0036083742019672915,0.16774039758363496,1.0
phrase_function_1_2_3gram_psalm_shuffle04,Praise,820,4469,0.15503875968992248,0.13777622938893386,0.10504045130957439,0.15182253628655568,0.45341745018959045,0.3904972401108163,0.4964903657598738,0.9999891519546509,0.9060469765117442,1.0,2000,1.0,1.0,0.9980009995002499,1.0,1.0,1.0
phrase_function_1_2_3gram_psalm_shuffle04,Royal,45,1400,0.031141868512110725,0.04155029650902155,0.0068388718535507785,0.04592446588792162,0.5614603161811829,0.3482586876218429,0.641932892987471,0.07999180257320404,0.16991504247876063,0.6976511744127936,2000,0.12489426424069032,0.8266327184139254,0.26420356255438715,1.0,1.0,1.0
phrase_function_1_2_3gram_psalm_shuffle04,Thanksgiving,28,1136,0.024054982817869417,0.03939349547053468,0.00974800365845129,0.11460901732381634,0.6853621602058411,0.5195463683317387,0.7456997829715379,0.0003969623940065503,0.011494252873563218,0.06146926536731634,2000,0.001773128512707588,0.011735735435632461,0.05022028862869178,0.33239103461680297,0.18726696131488157,1.0
phrase_function_1_2_3gram_psalm_shuffle04,Trust,15,864,0.017064846416382253,0.013412762973641055,0.005836910068861828,0.11349800594131253,0.37986111640930176,0.24567310726575958,0.4147048553828658,0.9449367523193359,0.9150424787606197,1.0,2000,0.9626190986724343,1.0,0.9485641794487372,1.0,1.0,1.0
phrase_function_1_2_3gram_psalm_shuffle04,Wisdom,36,1269,0.027586206896551724,0.07364372253829529,0.010546933044128855,0.10229097995444446,0.6639742851257324,0.4952709014021948,0.7704153321016487,0.00039071188075467944,0.02048975512243878,0.10594702648675662,2000,0.0014640323341766422,0.00968993280519311,0.06224473969911595,0.411976792507369,0.3108201996562694,1.0
phrase_function_1_2_3gram_psalm_shuffle07,Hymn,136,2261,0.05673758865248227,0.03642964562061529,0.016028240882931036,0.016381486323603464,0.28729480504989624,0.18525915693745681,0.3179253614896569,1.0,1.0,1.0,2000,1.0,1.0,1.0,1.0,1.0,1.0
phrase_function_1_2_3gram_psalm_shuffle07,Lament,1711,5369,0.24166666666666667,0.34014229590675316,0.2346810877881795,0.40975049567664157,0.6666284203529358,0.595177458472618,0.726764008411933,0.0,0.0004997501249375312,0.09495252373813093,2000,0.0,0.0,0.0005451819544773067,0.0036083742019672915,0.16774039758363496,1.0
phrase_function_1_2_3gram_psalm_shuffle07,Praise,820,4469,0.15503875968992248,0.13782778035551807,0.10501330140713316,0.15120551080258957,0.4558020234107971,0.39258332237312804,0.49875034235049376,0.9999721050262451,0.894552723638181,1.0,2000,1.0,1.0,0.9980009995002499,1.0,1.0,1.0
phrase_function_1_2_3gram_psalm_shuffle07,Royal,45,1400,0.031141868512110725,0.03962662395387123,0.006305851984648757,0.06109428950179943,0.5556349158287048,0.3272470777369731,0.6386717251877368,0.10169948637485504,0.191904047976012,0.7521239380309845,2000,0.1452849805355072,0.9615919444734041,0.2732193225421188,1.0,1.0,1.0
phrase_function_1_2_3gram_psalm_shuffle07,Thanksgiving,28,1136,0.024054982817869417,0.03923417841027728,0.010896602711388887,0.11195495985627275,0.6922158002853394,0.5401603027127605,0.7534029635766613,0.0002516820386517793,0.009995002498750625,0.051974012993503245,2000,0.0015582103768120642,0.010313265284646222,0.05022028862869178,0.33239103461680297,0.18726696131488157,1.0
phrase_function_1_2_3gram_psalm_shuffle07,Trust,15,864,0.017064846416382253,0.013800707301844779,0.005586498331142521,0.11412330545677407,0.39737653732299805,0.22167196096758468,0.44754734760702175,0.9138384461402893,0.8670664667666167,1.0,2000,0.9626190986724343,1.0,0.9485641794487372,1.0,1.0,1.0
phrase_function_1_2_3gram_psalm_shuffle07,Wisdom,36,1269,0.027586206896551724,0.0853848985746595,0.009869101985638727,0.11230808421473627,0.6605157256126404,0.48719692721495417,0.7631653338133103,0.0005037332302890718,0.02148925537231384,0.11694152923538231,2000,0.0016331265748030584,0.010809110156106342,0.06224473969911595,0.411976792507369,0.3108201996562694,1.0
phrase_function_1_2_3gram_psalm_shuffle05,Hymn,136,2261,0.05673758865248227,0.03677246341741617,0.01619811974647489,0.01655509052920093,0.29375341534614563,0.2038863117187982,0.32118920118586547,1.0,1.0,1.0,2000,1.0,1.0,1.0,1.0,1.0,1.0
phrase_function_1_2_3gram_psalm_shuffle05,Lament,1711,5369,0.24166666666666667,0.33755560335086265,0.2333083775357552,0.4071316762374946,0.6609300971031189,0.591899493382783,0.7250401831440874,0.0,0.0004997501249375312,0.11794102948525736,2000,0.0,0.0,0.0005451819544773067,0.0036083742019672915,0.17811516776822856,1.0
phrase_function_1_2_3gram_psalm_shuffle05,Praise,820,4469,0.15503875968992248,0.13682677602602328,0.10353930560966786,0.15069800344169376,0.4521656036376953,0.38443502987149075,0.4922270780615662,0.9999935626983643,0.9145427286356822,1.0,2000,1.0,1.0,0.9980009995002499,1.0,1.0,1.0
phrase_function_1_2_3gram_psalm_shuffle05,Royal,45,1400,0.031141868512110725,0.04376844883021501,0.006369479429862131,0.047089267550247976,0.5790793895721436,0.3432729120049121,0.6656044303698151,0.03530392050743103,0.11394302848575712,0.5302348825587206,2000,0.10390765105302516,0.6877294531992113,0.2617610113861988,1.0,1.0,1.0
phrase_function_1_2_3gram_psalm_shuffle05,Thanksgiving,28,1136,0.024054982817869417,0.03606442013078278,0.009133666791304137,0.10935070655425322,0.6677879691123962,0.49508081944841054,0.7330561651417832,0.0011955252848565578,0.025487256371814093,0.09845077461269365,2000,0.0032500638805616363,0.021511069038607493,0.05121840993378908,0.3389972605532429,0.18726696131488157,1.0
phrase_function_1_2_3gram_psalm_shuffle05,Trust,15,864,0.017064846416382253,0.014424106627931923,0.005853438555426465,0.11524424087077534,0.42276233434677124,0.2633155243912302,0.4708928870882538,0.8478606343269348,0.7971014492753623,1.0,2000,0.9626190986724343,1.0,0.9485641794487372,1.0,1.0,1.0
phrase_function_1_2_3gram_psalm_shuffle05,Wisdom,36,1269,0.027586206896551724,0.07637467422771516,0.010319756006025959,0.10970598716387653,0.6516504883766174,0.47255161277498053,0.7460380870330424,0.0009456166881136596,0.028985507246376812,0.14492753623188406,2000,0.002392524150649018,0.01583530480399453,0.06373776462554064,0.4218586174341865,0.3108201996562694,1.0
phrase_function_1_2_3gram_psalm_shuffle09,Hymn,136,2261,0.05673758865248227,0.03691984289739399,0.01569903396536926,0.01606110883553921,0.2974802851676941,0.21869731805496126,0.3278909523863704,1.0,1.0,1.0,2000,1.0,1.0,1.0,1.0,1.0,1.0
phrase_function_1_2_3gram_psalm_shuffle09,Lament,1711,5369,0.24166666666666667,0.33783153266692206,0.23452679416030706,0.4081612106491698,0.6601920127868652,0.592315703533303,0.7240941288571798,0.0,0.0004997501249375312,0.12043978010994502,2000,0.0,0.0,0.0005451819544773067,0.0036083742019672915,0.17811516776822856,1.0
phrase_function_1_2_3gram_psalm_shuffle09,Praise,820,4469,0.15503875968992248,0.1388783691032928,0.10327106905714177,0.15224440076062476,0.4575067162513733,0.3958588214469146,0.5000059282316053,0.9999465346336365,0.8810594702648675,1.0,2000,1.0,1.0,0.9980009995002499,1.0,1.0,1.0
phrase_function_1_2_3gram_psalm_shuffle09,Royal,45,1400,0.031141868512110725,0.043918384161575424,0.007000344052395908,0.05489141936835658,0.5819364786148071,0.3925556880721414,0.6632395385931958,0.030512047931551933,0.11944027986006997,0.5077461269365318,2000,0.10390765105302516,0.6877294531992113,0.2617610113861988,1.0,1.0,1.0
phrase_function_1_2_3gram_psalm_shuffle09,Thanksgiving,28,1136,0.024054982817869417,0.038513875642362416,0.010336567525737594,0.11282499193799526,0.6854250431060791,0.5096025081525929,0.7480463562304743,0.0003953322593588382,0.013493253373313344,0.05747126436781609,2000,0.001773128512707588,0.011735735435632461,0.05022028862869178,0.33239103461680297,0.18726696131488157,1.0
phrase_function_1_2_3gram_psalm_shuffle09,Trust,15,864,0.017064846416382253,0.014142977859072021,0.005740673292481503,0.11509307261566054,0.4057098627090454,0.23890576750464923,0.45119863748550415,0.8950780034065247,0.8515742128935532,1.0,2000,0.9626190986724343,1.0,0.9485641794487372,1.0,1.0,1.0
phrase_function_1_2_3gram_psalm_shuffle09,Wisdom,36,1269,0.027586206896551724,0.08218364492880528,0.011029692440970533,0.1058159772656841,0.6673890352249146,0.5226318572559185,0.7647829683437906,0.0003026213380508125,0.01649175412293853,0.09895052473763119,2000,0.001246087862562169,0.008247432365887406,0.06224473969911595,0.411976792507369,0.3108201996562694,1.0
phrase_function_1_2_3gram_psalm_shuffle10,Hymn,136,2261,0.05673758865248227,0.036799564202388495,0.016432081262830626,0.01678212297227247,0.2932135760784149,0.22447698798515095,0.3155392899581701,1.0,1.0,1.0,2000,1.0,1.0,1.0,1.0,1.0,1.0
phrase_function_1_2_3gram_psalm_shuffle10,Lament,1711,5369,0.24166666666666667,0.350755142100607,0.23982038219725363,0.42597412110531946,0.6724330186843872,0.6041871065953613,0.7401609926276301,0.0,0.0004997501249375312,0.08595702148925537,2000,0.0,0.0,0.0005451819544773067,0.0036083742019672915,0.16774039758363496,1.0
phrase_function_1_2_3gram_psalm_shuffle10,Praise,820,4469,0.15503875968992248,0.13693247360610733,0.10358966196058023,0.15013261489009944,0.4518614709377289,0.3869291697194189,0.4947484881465834,0.9999942779541016,0.9170414792603698,1.0,2000,1.0,1.0,0.9980009995002499,1.0,1.0,1.0
phrase_function_1_2_3gram_psalm_shuffle10,Royal,45,1400,0.031141868512110725,0.041554418683057495,0.005919434801618635,0.06181505451885464,0.564301609992981,0.28811393882952196,0.6440007854148257,0.07076826691627502,0.16041979010494753,0.6646676661669165,2000,0.11701839411352563,0.7745050088455616,0.2617610113861988,1.0,1.0,1.0
phrase_function_1_2_3gram_psalm_shuffle10,Thanksgiving,28,1136,0.024054982817869417,0.04303877001566498,0.011517160153384626,0.11525658183173251,0.714002788066864,0.5741059352297609,0.7730197286703888,5.368143683881499e-05,0.004997501249375313,0.030484757621189407,2000,0.001536285492655789,0.010168151922545903,0.05022028862869178,0.33239103461680297,0.18726696131488157,1.0
phrase_function_1_2_3gram_psalm_shuffle10,Trust,15,864,0.017064846416382253,0.014430056059055117,0.006070540917326481,0.11519875075584812,0.42276233434677124,0.28049342350996426,0.46447839692779147,0.8478606343269348,0.7986006996501749,1.0,2000,0.9626190986724343,1.0,0.9485641794487372,1.0,1.0,1.0
phrase_function_1_2_3gram_psalm_shuffle10,Wisdom,36,1269,0.027586206896551724,0.07205077559039824,0.009795956965915661,0.10959165289562613,0.6536424160003662,0.47689219848173114,0.7576419486661057,0.0008230485254898667,0.026486756621689155,0.13543228385807096,2000,0.0022051659646995696,0.014595244601790017,0.0627403689459618,0.4152571941666163,0.3108201996562694,1.0
phrase_function_1_2_3gram_psalm_shuffle16,Hymn,136,2261,0.05673758865248227,0.03666678687947532,0.015892950867774827,0.016247724369883008,0.2907485067844391,0.21473887522862678,0.31482554707373894,1.0,1.0,1.0,2000,1.0,1.0,1.0,1.0,1.0,1.0
phrase_function_1_2_3gram_psalm_shuffle16,Lament,1711,5369,0.24166666666666667,0.3428053822634952,0.24106949239313796,0.41361032225131733,0.6672749519348145,0.5993041621597088,0.7311082398228198,0.0,0.0004997501249375312,0.09695152423788106,2000,0.0,0.0,0.0005451819544773067,0.0036083742019672915,0.1682629759500415,1.0
phrase_function_1_2_3gram_psalm_shuffle16,Praise,820,4469,0.15503875968992248,0.136319478526975,0.1046380668621073,0.1492350091759718,0.4511747658252716,0.3879638010361738,0.4915972084386345,0.999995768070221,0.9190404797601199,1.0,2000,1.0,1.0,0.9980009995002499,1.0,1.0,1.0
phrase_function_1_2_3gram_psalm_shuffle16,Royal,45,1400,0.031141868512110725,0.043767323511707194,0.006212536114530532,0.05686737330402364,0.5726190209388733,0.34108669829469623,0.6592994994146608,0.04842964559793472,0.1344327836081959,0.5857071464267866,2000,0.10610755166241542,0.7022898482024291,0.2617610113861988,1.0,1.0,1.0
phrase_function_1_2_3gram_psalm_shuffle16,Thanksgiving,28,1136,0.024054982817869417,0.03628191653170193,0.009644670516026283,0.10977466570877263,0.6681023836135864,0.4786612042825316,0.7319841728415079,0.0011731508420780301,0.02498750624687656,0.09345327336331834,2000,0.003248574579820821,0.021501211862800414,0.05094540108586483,0.33719030770810854,0.18726696131488157,1.0
phrase_function_1_2_3gram_psalm_shuffle16,Trust,15,864,0.017064846416382253,0.013363302104871619,0.005616241788249909,0.11429878058830734,0.3737654387950897,0.2230351821880014,0.41601907728044396,0.9533908367156982,0.9270364817591205,1.0,2000,0.9626190986724343,1.0,0.9485641794487372,1.0,1.0,1.0
phrase_function_1_2_3gram_psalm_shuffle16,Wisdom,36,1269,0.027586206896551724,0.07837760400604843,0.011334134959398272,0.10969329759790855,0.664587140083313,0.4994758089127633,0.7559499181898249,0.00037332612555474043,0.02048975512243878,0.10394802598700649,2000,0.0014521941272038464,0.009611579733732518,0.06224473969911595,0.411976792507369,0.3108201996562694,1.0
phrase_function_1_2_3gram_psalm_shuffle11,Hymn,136,2261,0.05673758865248227,0.03626510985166423,0.016027748603955054,0.01637138020614613,0.28220856189727783,0.19201731742847197,0.30802772647241616,1.0,1.0,1.0,2000,1.0,1.0,1.0,1.0,1.0,1.0
phrase_function_1_2_3gram_psalm_shuffle11,Lament,1711,5369,0.24166666666666667,0.3443945719597411,0.23628012411371824,0.4155869156583124,0.6737921237945557,0.6038850468670954,0.7381384628712898,0.0,0.0004997501249375312,0.08245877061469266,2000,0.0,0.0,0.0005451819544773067,0.0036083742019672915,0.16774039758363496,1.0
phrase_function_1_2_3gram_psalm_shuffle11,Praise,820,4469,0.15503875968992248,0.13589647175548325,0.10472552774874315,0.14893220048477276,0.4497370719909668,0.38678445218780927,0.48916021065562454,0.9999977350234985,0.928535732133933,1.0,2000,1.0,1.0,0.9980009995002499,1.0,1.0,1.0
phrase_function_1_2_3gram_psalm_shuffle11,Royal,45,1400,0.031141868512110725,0.04205906344618155,0.006560387311033173,0.0588442338041817,0.5672857165336609,0.3580754572452653,0.6525932363558956,0.06198444589972496,0.15092453773113443,0.6401799100449775,2000,0.11374675957807179,0.7528511709680493,0.2617610113861988,1.0,1.0,1.0
phrase_function_1_2_3gram_psalm_shuffle11,Thanksgiving,28,1136,0.024054982817869417,0.03763704315185436,0.009742387385229005,0.11025388100374393,0.6772509813308716,0.49585323949534205,0.743027130505775,0.0006681070663034916,0.019490254872563718,0.07646176911544228,2000,0.0023137327650042828,0.01531381138154569,0.05022028862869178,0.33239103461680297,0.18726696131488157,1.0
phrase_function_1_2_3gram_psalm_shuffle11,Trust,15,864,0.017064846416382253,0.013449470185941573,0.005540897797669519,0.11431316357715017,0.3788580298423767,0.21472651622134825,0.4269261543651944,0.9464057683944702,0.9155422288855573,1.0,2000,0.9626190986724343,1.0,0.9485641794487372,1.0,1.0,1.0
phrase_function_1_2_3gram_psalm_shuffle11,Wisdom,36,1269,0.027586206896551724,0.07428337272555526,0.00983128529082691,0.11230044188637842,0.6593774557113647,0.48987419652077063,0.7503846858677927,0.0005471023032441735,0.020989505247376312,0.11394302848575712,2000,0.001678325757181839,0.011108268193723295,0.06224473969911595,0.411976792507369,0.3108201996562694,1.0
phrase_function_1_2_3gram_psalm_shuffle15,Hymn,136,2261,0.05673758865248227,0.036646412668617775,0.015787210515744634,0.01614143582355897,0.2901013493537903,0.21928122179918597,0.31432520646917916,1.0,1.0,1.0,2000,1.0,1.0,1.0,1.0,1.0,1.0
phrase_function_1_2_3gram_psalm_shuffle15,Lament,1711,5369,0.24166666666666667,0.3499210663563171,0.24369672567643558,0.420495647452727,0.6711769104003906,0.6033283706499613,0.7335942740178457,0.0,0.0004997501249375312,0.08195902048975512,2000,0.0,0.0,0.0005451819544773067,0.0036083742019672915,0.16774039758363496,1.0
phrase_function_1_2_3gram_psalm_shuffle15,Praise,820,4469,0.15503875968992248,0.13513799260990142,0.1035871890786619,0.14792018210571548,0.4485665559768677,0.3849041427842382,0.4907205449896568,0.9999986290931702,0.9310344827586207,1.0,2000,1.0,1.0,0.9980009995002499,1.0,1.0,1.0
phrase_function_1_2_3gram_psalm_shuffle15,Royal,45,1400,0.031141868512110725,0.040338733319581994,0.0062193507339661095,0.060870177317630995,0.5639523863792419,0.3273910193953101,0.6478066135565271,0.07185573875904083,0.16591704147926037,0.68015992003998,2000,0.11715969027474869,0.7754402001496888,0.26420356255438715,1.0,1.0,1.0
phrase_function_1_2_3gram_psalm_shuffle15,Thanksgiving,28,1136,0.024054982817869417,0.039378797690868834,0.00986772033348642,0.11277234830135564,0.68595951795578,0.516194674794924,0.7574588494587363,0.000381725694751367,0.012993503248375811,0.05747126436781609,2000,0.001773128512707588,0.011735735435632461,0.05022028862869178,0.33239103461680297,0.18726696131488157,1.0
phrase_function_1_2_3gram_psalm_shuffle15,Trust,15,864,0.017064846416382253,0.014419273110017831,0.00591903269430652,0.11520657859794496,0.4219907522201538,0.256744251708532,0.4706553770538617,0.8502622246742249,0.792103948025987,1.0,2000,0.9626190986724343,1.0,0.9485641794487372,1.0,1.0,1.0
phrase_function_1_2_3gram_psalm_shuffle15,Wisdom,36,1269,0.027586206896551724,0.07005809970805313,0.010891461461953297,0.10762430030272749,0.6569477319717407,0.4900359583696869,0.7390101953601242,0.0006514680571854115,0.02498750624687656,0.12193903048475763,2000,0.0018681667826369705,0.012364761467393869,0.0627403689459618,0.4152571941666163,0.3108201996562694,1.0
phrase_function_1_2_3gram_psalm_shuffle14,Hymn,136,2261,0.05673758865248227,0.03708454642386622,0.016879901269580326,0.017223729262748115,0.3006608188152313,0.2164062819140293,0.3314975540932345,1.0,1.0,1.0,2000,1.0,1.0,1.0,1.0,1.0,1.0
phrase_function_1_2_3gram_psalm_shuffle14,Lament,1711,5369,0.24166666666666667,0.3492029989982148,0.24131106416582324,0.42134726953263557,0.6747443675994873,0.6066426900351756,0.7394501534322482,0.0,0.0004997501249375312,0.08095952023988005,2000,0.0,0.0,0.0005451819544773067,0.0036083742019672915,0.16774039758363496,1.0
phrase_function_1_2_3gram_psalm_shuffle14,Praise,820,4469,0.15503875968992248,0.1355886797918146,0.1045108903653557,0.1485935701183337,0.44809117913246155,0.3882584853299049,0.49093071118461296,0.9999988675117493,0.9345327336331835,1.0,2000,1.0,1.0,0.9980009995002499,1.0,1.0,1.0
phrase_function_1_2_3gram_psalm_shuffle14,Royal,45,1400,0.031141868512110725,0.040734429613745224,0.006045288210677109,0.05796924697573028,0.5567619204521179,0.311316808495534,0.643302946357598,0.09719589352607727,0.1874062968515742,0.7331334332833583,2000,0.14133106414422034,0.9354223147087251,0.2686370125517446,1.0,1.0,1.0
phrase_function_1_2_3gram_psalm_shuffle14,Thanksgiving,28,1136,0.024054982817869417,0.03817557271554209,0.009171533838728874,0.11119779647216022,0.6870284080505371,0.5089923133557369,0.7522344255604988,0.00035580783151090145,0.010994502748625687,0.05697151424287856,2000,0.001746401459717288,0.011558838148932512,0.05022028862869178,0.33239103461680297,0.18726696131488157,1.0
phrase_function_1_2_3gram_psalm_shuffle14,Trust,15,864,0.017064846416382253,0.014015412893575534,0.006145193008512266,0.11420163224799071,0.40740740299224854,0.2936729301975978,0.4459868130826309,0.8909185528755188,0.848575712143928,1.0,2000,0.9626190986724343,1.0,0.9485641794487372,1.0,1.0,1.0
phrase_function_1_2_3gram_psalm_shuffle14,Wisdom,36,1269,0.027586206896551724,0.0646807127124023,0.010430540140225972,0.10978779146632137,0.6537081003189087,0.48626129734976253,0.7445084887740407,0.0008192681125365198,0.027486256871564217,0.1359320339830085,2000,0.0022051659646995696,0.014595244601790017,0.0627403689459618,0.4152571941666163,0.3108201996562694,1.0
phrase_function_1_2_3gram_psalm_shuffle12,Hymn,136,2261,0.05673758865248227,0.03709292080565647,0.01626002739724293,0.016614140165531657,0.3004657030105591,0.21943128551430297,0.3300480546301351,1.0,1.0,1.0,2000,1.0,1.0,1.0,1.0,1.0,1.0
phrase_function_1_2_3gram_psalm_shuffle12,Lament,1711,5369,0.24166666666666667,0.3403797052352892,0.2265824603546471,0.40983080015976187,0.6647405624389648,0.5933480271091925,0.7296416876037372,0.0,0.0004997501249375312,0.09995002498750624,2000,0.0,0.0,0.0005451819544773067,0.0036083742019672915,0.16927020360787348,1.0
phrase_function_1_2_3gram_psalm_shuffle12,Praise,820,4469,0.15503875968992248,0.13752711550719854,0.1038733485914154,0.15203512427758817,0.4560398459434509,0.396743016902509,0.5008356044644986,0.9999693632125854,0.8950524737631185,1.0,2000,1.0,1.0,0.9980009995002499,1.0,1.0,1.0
phrase_function_1_2_3gram_psalm_shuffle12,Royal,45,1400,0.031141868512110725,0.04085671047333827,0.006796419573411236,0.058190433826423284,0.5698412656784058,0.35758052891492903,0.6503230621538635,0.05515965819358826,0.13993003498250875,0.6116941529235382,2000,0.11068773276335456,0.7326045113882497,0.2617610113861988,1.0,1.0,1.0
phrase_function_1_2_3gram_psalm_shuffle12,Thanksgiving,28,1136,0.024054982817869417,0.040056955272226163,0.010175287069807606,0.11302619178154062,0.6974346041679382,0.5197818828408822,0.7528459648959164,0.00017617185949347913,0.009495252373813094,0.04847576211894053,2000,0.001536285492655789,0.010168151922545903,0.05022028862869178,0.33239103461680297,0.18726696131488157,1.0
phrase_function_1_2_3gram_psalm_shuffle12,Trust,15,864,0.017064846416382253,0.015145860476303266,0.005913156705089982,0.11676450784458482,0.4378857910633087,0.2558369192769071,0.488913602401902,0.7956693172454834,0.7381309345327336,1.0,2000,0.9626190986724343,1.0,0.9485641794487372,1.0,1.0,1.0
phrase_function_1_2_3gram_psalm_shuffle12,Wisdom,36,1269,0.027586206896551724,0.07474916719887197,0.010332564227136494,0.11710479192904019,0.6626827716827393,0.5088472044780766,0.7608414570667162,0.0004298336571082473,0.02148925537231384,0.10494752623688156,2000,0.001542992615260375,0.010212544089192399,0.06224473969911595,0.411976792507369,0.3108201996562694,1.0
phrase_function_1_2_3gram_psalm_shuffle13,Hymn,136,2261,0.05673758865248227,0.037021776050735526,0.016504554741932936,0.016850183992330497,0.2986266613006592,0.22007871925749015,0.32666001093866115,1.0,1.0,1.0,2000,1.0,1.0,1.0,1.0,1.0,1.0
phrase_function_1_2_3gram_psalm_shuffle13,Lament,1711,5369,0.24166666666666667,0.34412112936644496,0.2298436673457613,0.41400566860788746,0.6722171902656555,0.6010914125093706,0.7351894993025668,0.0,0.0004997501249375312,0.08745627186406797,2000,0.0,0.0,0.0005451819544773067,0.0036083742019672915,0.16774039758363496,1.0
phrase_function_1_2_3gram_psalm_shuffle13,Praise,820,4469,0.15503875968992248,0.1366879540274994,0.10471305135928977,0.14975904174573693,0.45292338728904724,0.39006046504085795,0.4942293352708694,0.9999911785125732,0.9150424787606197,1.0,2000,1.0,1.0,0.9980009995002499,1.0,1.0,1.0
phrase_function_1_2_3gram_psalm_shuffle13,Royal,45,1400,0.031141868512110725,0.0444745919903933,0.006990911367484421,0.04750398106802027,0.574920654296875,0.3856760941797465,0.6503182136676785,0.04336540028452873,0.12743628185907047,0.5647176411794103,2000,0.10390765105302516,0.6877294531992113,0.2617610113861988,1.0,1.0,1.0
phrase_function_1_2_3gram_psalm_shuffle13,Thanksgiving,28,1136,0.024054982817869417,0.03561104736219083,0.009502938001434983,0.10809716331086977,0.6722522377967834,0.5322889560295926,0.7279483694881055,0.0009116335422731936,0.020989505247376312,0.08745627186406797,2000,0.0027356927166692913,0.018106620995560086,0.05066432301090834,0.335329947389719,0.18726696131488157,1.0
phrase_function_1_2_3gram_psalm_shuffle13,Trust,15,864,0.017064846416382253,0.014295437454192358,0.006271713411841151,0.11472676763811285,0.41836419701576233,0.30690454021003494,0.46079334965207636,0.861209511756897,0.8050974512743628,1.0,2000,0.9626190986724343,1.0,0.9485641794487372,1.0,1.0,1.0
phrase_function_1_2_3gram_psalm_shuffle13,Wisdom,36,1269,0.027586206896551724,0.06759954524621326,0.009514380823986689,0.11417850846897716,0.6386480927467346,0.45243995094753153,0.7465402110021158,0.0022527927067130804,0.04147926036981509,0.1874062968515742,2000,0.004825512925872041,0.031938431215446914,0.06807407107257182,0.4505591571105105,0.3108201996562694,1.0
phrase_function_1_2_3gram_psalm_shuffle17,Hymn,136,2261,0.05673758865248227,0.03679873205790053,0.01579556772422269,0.016155189080251618,0.2950412333011627,0.21113558770104848,0.3304117127394124,1.0,1.0,1.0,2000,1.0,1.0,1.0,1.0,1.0,1.0
phrase_function_1_2_3gram_psalm_shuffle17,Lament,1711,5369,0.24166666666666667,0.34029993003632447,0.22832625347378274,0.4097620158164983,0.6677744388580322,0.5966557092241759,0.7322305299302126,0.0,0.0004997501249375312,0.09945027486256872,2000,0.0,0.0,0.0005451819544773067,0.0036083742019672915,0.16910573053554195,1.0
phrase_function_1_2_3gram_psalm_shuffle17,Praise,820,4469,0.15503875968992248,0.13851232910838196,0.10334938608066584,0.15161604148483168,0.45800909399986267,0.3934627229733117,0.501176495262236,0.9999355673789978,0.881559220389805,1.0,2000,1.0,1.0,0.9980009995002499,1.0,1.0,1.0
phrase_function_1_2_3gram_psalm_shuffle17,Royal,45,1400,0.031141868512110725,0.04205450089136467,0.00659280295757074,0.05552537462631622,0.5553333163261414,0.3691422585383399,0.6411151801422499,0.10293002426624298,0.18690654672663667,0.7501249375312344,2000,0.145313463255063,0.9617804619208415,0.2686370125517446,1.0,1.0,1.0
phrase_function_1_2_3gram_psalm_shuffle17,Thanksgiving,28,1136,0.024054982817869417,0.035681855094737196,0.008172981286120307,0.10846340144127635,0.6642040014266968,0.4848480068201184,0.7279138547512457,0.0014796924078837037,0.0239880059970015,0.10744627686156921,2000,0.0036343322298897987,0.02405441073757785,0.05094540108586483,0.33719030770810854,0.18726696131488157,1.0
phrase_function_1_2_3gram_psalm_shuffle17,Trust,15,864,0.017064846416382253,0.0156982709311858,0.006010459218354338,0.11754747085584012,0.457561731338501,0.2774370707931388,0.4994146704899175,0.7138550281524658,0.6571714142928535,1.0,2000,0.9626190986724343,1.0,0.9485641794487372,1.0,1.0,1.0
phrase_function_1_2_3gram_psalm_shuffle17,Wisdom,36,1269,0.027586206896551724,0.07070377199263565,0.010741985694700475,0.11320890927625421,0.6526355147361755,0.47803189617583386,0.7443277854044806,0.0008830509032122791,0.028985507246376812,0.13943028485757122,2000,0.0023036110518581195,0.015246819199767869,0.06373776462554064,0.4218586174341865,0.3108201996562694,1.0
phrase_function_1_2_3gram_psalm_shuffle18,Hymn,136,2261,0.05673758865248227,0.03722582673275219,0.01667668053584588,0.017020314457366476,0.3027096390724182,0.23414964021309995,0.3240360798646165,1.0,1.0,1.0,2000,1.0,1.0,1.0,1.0,1.0,1.0
phrase_function_1_2_3gram_psalm_shuffle18,Lament,1711,5369,0.24166666666666667,0.3458585595896094,0.23601271715517325,0.4172458515628436,0.6712821125984192,0.6038012920958093,0.7361144199642626,0.0,0.0004997501249375312,0.08595702148925537,2000,0.0,0.0,0.0005451819544773067,0.0036083742019672915,0.16774039758363496,1.0
phrase_function_1_2_3gram_psalm_shuffle18,Praise,820,4469,0.15503875968992248,0.1374562694077754,0.10592133469580647,0.14955169052527062,0.4551773965358734,0.3944458475021019,0.4990706047514205,0.9999781250953674,0.896551724137931,1.0,2000,1.0,1.0,0.9980009995002499,1.0,1.0,1.0
phrase_function_1_2_3gram_psalm_shuffle18,Royal,45,1400,0.031141868512110725,0.04164582815656977,0.006408434493386676,0.060779286633525526,0.5617142915725708,0.33323279269202855,0.6405356328486173,0.079132080078125,0.17491254372813594,0.6861569215392304,2000,0.12489426424069032,0.8266327184139254,0.26420356255438715,1.0,1.0,1.0
phrase_function_1_2_3gram_psalm_shuffle18,Thanksgiving,28,1136,0.024054982817869417,0.03654858129427873,0.009452376232585989,0.1105718517912651,0.6771566867828369,0.5054775961696255,0.7383063039282753,0.000672084279358387,0.01649175412293853,0.07096451774112944,2000,0.0023137327650042828,0.01531381138154569,0.05022028862869178,0.33239103461680297,0.18726696131488157,1.0
phrase_function_1_2_3gram_psalm_shuffle18,Trust,15,864,0.017064846416382253,0.013870116843531382,0.005829272541763176,0.11453078087294584,0.3976080119609833,0.23942396210714093,0.44955896182587646,0.913353681564331,0.8700649675162418,1.0,2000,0.9626190986724343,1.0,0.9485641794487372,1.0,1.0,1.0
phrase_function_1_2_3gram_psalm_shuffle18,Wisdom,36,1269,0.027586206896551724,0.07318541460528902,0.00946140398690404,0.11757320693699594,0.66386479139328,0.49087575881756884,0.7683201587663573,0.00039389441371895373,0.02048975512243878,0.1024487756121939,2000,0.0014640323341766422,0.00968993280519311,0.06224473969911595,0.411976792507369,0.3108201996562694,1.0
phrase_function_1_2_3gram_psalm_shuffle20,Hymn,136,2261,0.05673758865248227,0.036685487373688215,0.01646654433794043,0.016814613176202663,0.2922574579715729,0.198798795942088,0.32342806018502307,1.0,1.0,1.0,2000,1.0,1.0,1.0,1.0,1.0,1.0
phrase_function_1_2_3gram_psalm_shuffle20,Lament,1711,5369,0.24166666666666667,0.3358362185545879,0.22874608072901045,0.4071961795577621,0.660946786403656,0.5895274639157891,0.7253933051811473,0.0,0.0004997501249375312,0.11244377811094453,2000,0.0,0.0,0.0005451819544773067,0.0036083742019672915,0.17811516776822856,1.0
phrase_function_1_2_3gram_psalm_shuffle20,Praise,820,4469,0.15503875968992248,0.13640373770608177,0.10333083396266075,0.14947783181173685,0.4507904052734375,0.3889394629628754,0.49184021569031827,0.9999963641166687,0.9205397301349325,1.0,2000,1.0,1.0,0.9980009995002499,1.0,1.0,1.0
phrase_function_1_2_3gram_psalm_shuffle20,Royal,45,1400,0.031141868512110725,0.04480899335613095,0.006411285414145434,0.0464198772449708,0.5789206624031067,0.33917968535393506,0.6653707449764473,0.03558729216456413,0.12093953023488256,0.5372313843078461,2000,0.10390765105302516,0.6877294531992113,0.2617610113861988,1.0,1.0,1.0
phrase_function_1_2_3gram_psalm_shuffle20,Thanksgiving,28,1136,0.024054982817869417,0.04063777320667275,0.010339313155531774,0.1137518603636046,0.6970573663711548,0.5414471321433126,0.7696415032075137,0.0001808246597647667,0.0074962518740629685,0.04297851074462768,2000,0.001536285492655789,0.010168151922545903,0.05022028862869178,0.33239103461680297,0.18726696131488157,1.0
phrase_function_1_2_3gram_psalm_shuffle20,Trust,15,864,0.017064846416382253,0.01513447989698452,0.006088375285594656,0.11708752535552715,0.44236111640930176,0.2753080519113371,0.49171471698875346,0.7783871293067932,0.7191404297851074,1.0,2000,0.9626190986724343,1.0,0.9485641794487372,1.0,1.0,1.0
phrase_function_1_2_3gram_psalm_shuffle20,Wisdom,36,1269,0.027586206896551724,0.08142850740723671,0.011312289674769636,0.11493927882282967,0.6703659892082214,0.5157323368682492,0.7532916674500891,0.0002412875765003264,0.017491254372813594,0.0879560219890055,2000,0.001075731486229128,0.007119901367378607,0.06224473969911595,0.411976792507369,0.3108201996562694,1.0
phrase_function_1_2_3gram_psalm_shuffle23,Hymn,136,2261,0.05673758865248227,0.03661744064380396,0.015801504588242924,0.016156305010166478,0.2912753224372864,0.19526337995617266,0.3155210327605038,1.0,1.0,1.0,2000,1.0,1.0,1.0,1.0,1.0,1.0
phrase_function_1_2_3gram_psalm_shuffle23,Lament,1711,5369,0.24166666666666667,0.3422575369455227,0.24443408297760263,0.41548858155240365,0.6699672937393188,0.6029040512761331,0.7334217671207293,0.0,0.0004997501249375312,0.08895552223888056,2000,0.0,0.0,0.0005451819544773067,0.0036083742019672915,0.16774039758363496,1.0
phrase_function_1_2_3gram_psalm_shuffle23,Praise,820,4469,0.15503875968992248,0.13543503743484908,0.10422860967509796,0.14813838744533128,0.44910112023353577,0.3854844988624396,0.48893454831885935,0.9999982714653015,0.927536231884058,1.0,2000,1.0,1.0,0.9980009995002499,1.0,1.0,1.0
phrase_function_1_2_3gram_psalm_shuffle23,Royal,45,1400,0.031141868512110725,0.039511103544071974,0.006416386881258845,0.06015516512688042,0.5624444484710693,0.3545352839729037,0.6425766538625942,0.07669933885335922,0.16541729135432284,0.6796601699150425,2000,0.12342422344218726,0.8169030176239505,0.26420356255438715,1.0,1.0,1.0
phrase_function_1_2_3gram_psalm_shuffle23,Thanksgiving,28,1136,0.024054982817869417,0.04046585634634699,0.010446733252935984,0.11586925406981823,0.6884745955467224,0.48422384531676427,0.7581233428506655,0.00032333919079974294,0.01249375312343828,0.05697151424287856,2000,0.001746401459717288,0.011558838148932512,0.05022028862869178,0.33239103461680297,0.18726696131488157,1.0
phrase_function_1_2_3gram_psalm_shuffle23,Trust,15,864,0.017064846416382253,0.015104490944817722,0.005806932159350604,0.11718112966550812,0.44012346863746643,0.2532184562354672,0.484967092845711,0.78713059425354,0.7276361819090454,1.0,2000,0.9626190986724343,1.0,0.9485641794487372,1.0,1.0,1.0
phrase_function_1_2_3gram_psalm_shuffle23,Wisdom,36,1269,0.027586206896551724,0.07242142256250995,0.01164831661450619,0.10788108764658731,0.6637116074562073,0.5089976698448055,0.7515170642954005,0.00039839037344790995,0.02148925537231384,0.10144927536231885,2000,0.0014677540074396682,0.009714565296566252,0.06224473969911595,0.411976792507369,0.3108201996562694,1.0
phrase_function_1_2_3gram_psalm_shuffle24,Hymn,136,2261,0.05673758865248227,0.0361172510953297,0.015591436480056942,0.015943902749886607,0.27809467911720276,0.1943917961101207,0.3013889718707744,1.0,1.0,1.0,2000,1.0,1.0,1.0,1.0,1.0,1.0
phrase_function_1_2_3gram_psalm_shuffle24,Lament,1711,5369,0.24166666666666667,0.3453133017348936,0.24485052616869457,0.4177901725664789,0.6687641739845276,0.6017301267230943,0.7331241469382274,0.0,0.0004997501249375312,0.08745627186406797,2000,0.0,0.0,0.0005451819544773067,0.0036083742019672915,0.16774039758363496,1.0
phrase_function_1_2_3gram_psalm_shuffle24,Praise,820,4469,0.15503875968992248,0.13772341888549072,0.10302805008798145,0.15086237097492763,0.454805463552475,0.3908731589963002,0.49795775316078766,0.9999811053276062,0.8990504747626187,1.0,2000,1.0,1.0,0.9980009995002499,1.0,1.0,1.0
phrase_function_1_2_3gram_psalm_shuffle24,Royal,45,1400,0.031141868512110725,0.04447815685461441,0.006719248207816573,0.047925279192224106,0.5775079131126404,0.35653866138278917,0.6553071341797889,0.03819228708744049,0.12643678160919541,0.5542228885557221,2000,0.10390765105302516,0.6877294531992113,0.2617610113861988,1.0,1.0,1.0
phrase_function_1_2_3gram_psalm_shuffle24,Thanksgiving,28,1136,0.024054982817869417,0.036315008969111426,0.01028849664105771,0.10942656161675905,0.6706803441047668,0.5253301438420518,0.7329351755239374,0.0010036424500867724,0.018490754622688656,0.08495752123938032,2000,0.002935067525711553,0.019426215144929895,0.05022028862869178,0.33239103461680297,0.18726696131488157,1.0
phrase_function_1_2_3gram_psalm_shuffle24,Trust,15,864,0.017064846416382253,0.01403633837348534,0.005595370362411544,0.11554675239430919,0.4018518626689911,0.21055981599324863,0.4762332674045967,0.9041017293930054,0.8630684657671165,1.0,2000,0.9626190986724343,1.0,0.9485641794487372,1.0,1.0,1.0
phrase_function_1_2_3gram_psalm_shuffle24,Wisdom,36,1269,0.027586206896551724,0.07458094265999377,0.00997276536595136,0.11031284451642764,0.6520444750785828,0.4774442490426927,0.7437379687303027,0.0009201171342283487,0.030484757621189407,0.13893053473263367,2000,0.0023563975388774783,0.015596195030000096,0.06401799100449776,0.42371334066600924,0.3108201996562694,1.0
phrase_function_1_2_3gram_psalm_shuffle19,Hymn,136,2261,0.05673758865248227,0.03671879167889022,0.016126367607533054,0.01648167941555514,0.29243308305740356,0.20515086912658437,0.31768525075729426,1.0,1.0,1.0,2000,1.0,1.0,1.0,1.0,1.0,1.0
phrase_function_1_2_3gram_psalm_shuffle19,Lament,1711,5369,0.24166666666666667,0.3391388626469437,0.23744740234962786,0.41202484153082414,0.6660723686218262,0.5965268383671901,0.732025418484232,0.0,0.0004997501249375312,0.10294852573713144,2000,0.0,0.0,0.0005451819544773067,0.0036083742019672915,0.17226446537687334,1.0
phrase_function_1_2_3gram_psalm_shuffle19,Praise,820,4469,0.15503875968992248,0.13905624726833668,0.10506371240975429,0.15181787267715052,0.4594208598136902,0.39540534193259197,0.5017005369635997,0.9998921155929565,0.8715642178910544,1.0,2000,1.0,1.0,0.9980009995002499,1.0,1.0,1.0
phrase_function_1_2_3gram_psalm_shuffle19,Royal,45,1400,0.031141868512110725,0.04290388126970781,0.006180993734842671,0.05667938018326582,0.5586984157562256,0.33152462388817244,0.6384204648246504,0.08980205655097961,0.18240879560219891,0.7176411794102948,2000,0.13518589158211985,0.8947495045439426,0.2669397008812667,1.0,1.0,1.0
phrase_function_1_2_3gram_psalm_shuffle19,Thanksgiving,28,1136,0.024054982817869417,0.03750807355290567,0.009805417735254594,0.11019789658972241,0.6845447421073914,0.511851855184335,0.7455105511577798,0.00041872813017107546,0.013493253373313344,0.059470264867566215,2000,0.0018167686372630527,0.012024574599004172,0.05022028862869178,0.33239103461680297,0.18726696131488157,1.0
phrase_function_1_2_3gram_psalm_shuffle19,Trust,15,864,0.017064846416382253,0.014339054006061665,0.00591413759289668,0.11545116052551767,0.41674381494522095,0.26313696034092393,0.46371383076013784,0.8659201264381409,0.816591704147926,1.0,2000,0.9626190986724343,1.0,0.9485641794487372,1.0,1.0,1.0
phrase_function_1_2_3gram_psalm_shuffle19,Wisdom,36,1269,0.027586206896551724,0.07674040105765471,0.00981782916780367,0.11732903911111225,0.6532264947891235,0.4806706370502702,0.7632834224161159,0.000847361923661083,0.027486256871564217,0.13793103448275862,2000,0.0022417426610119497,0.014837333332502542,0.0627403689459618,0.4152571941666163,0.3108201996562694,1.0
phrase_function_1_2_3gram_psalm_shuffle21,Hymn,136,2261,0.05673758865248227,0.03658264227510774,0.015586016756224166,0.015946225361847633,0.2890964448451996,0.2253012516135708,0.30809786889684604,1.0,1.0,1.0,2000,1.0,1.0,1.0,1.0,1.0,1.0
phrase_function_1_2_3gram_psalm_shuffle21,Lament,1711,5369,0.24166666666666667,0.34756353216508556,0.23473970766040103,0.41695037214920155,0.6728401780128479,0.6031703398652332,0.7345454623768973,0.0,0.0004997501249375312,0.08445777111444278,2000,0.0,0.0,0.0005451819544773067,0.0036083742019672915,0.16774039758363496,1.0
phrase_function_1_2_3gram_psalm_shuffle21,Praise,820,4469,0.15503875968992248,0.1349036778698378,0.10329372131231208,0.14728543485779705,0.4471835792064667,0.3836431942602838,0.48868923714478363,0.9999992847442627,0.9340329835082459,1.0,2000,1.0,1.0,0.9980009995002499,1.0,1.0,1.0
phrase_function_1_2_3gram_psalm_shuffle21,Royal,45,1400,0.031141868512110725,0.043385492407454034,0.006884578198698897,0.05799521005030934,0.5734603404998779,0.3408728128634501,0.6526518187955228,0.04652632400393486,0.1294352823588206,0.584207896051974,2000,0.10449762610509435,0.6916342977015054,0.2617610113861988,1.0,1.0,1.0
phrase_function_1_2_3gram_psalm_shuffle21,Thanksgiving,28,1136,0.024054982817869417,0.03866379526924594,0.009427683975674292,0.11242710405138454,0.6839788556098938,0.5164599753139725,0.7486583123942254,0.0004344398039393127,0.015492253873063468,0.06796601699150424,2000,0.0018618848740256258,0.012323183647757441,0.05022028862869178,0.33239103461680297,0.18726696131488157,1.0
phrase_function_1_2_3gram_psalm_shuffle21,Trust,15,864,0.017064846416382253,0.015067464369612508,0.005919564998962795,0.11649780510911918,0.4437499940395355,0.24641707452496361,0.49423814907473185,0.7728585004806519,0.7106446776611695,1.0,2000,0.9626190986724343,1.0,0.9485641794487372,1.0,1.0,1.0
phrase_function_1_2_3gram_psalm_shuffle21,Wisdom,36,1269,0.027586206896551724,0.07361517289159425,0.010107409656884997,0.11894264666462068,0.6650906205177307,0.48660183493079806,0.7825391269731217,0.0003595853631850332,0.019490254872563718,0.10194902548725637,2000,0.0014247721937520183,0.009430083269253046,0.06224473969911595,0.411976792507369,0.3108201996562694,1.0
phrase_function_1_2_3gram_psalm_shuffle22,Hymn,136,2261,0.05673758865248227,0.03681450181690913,0.01605402916375031,0.016408180735671116,0.2950900197029114,0.21588309124447821,0.32195891915206687,1.0,1.0,1.0,2000,1.0,1.0,1.0,1.0,1.0,1.0
phrase_function_1_2_3gram_psalm_shuffle22,Lament,1711,5369,0.24166666666666667,0.34181662471822516,0.23509467147772245,0.4128685822604266,0.6677625179290771,0.5976102610566613,0.7300155301974425,0.0,0.0004997501249375312,0.09795102448775612,2000,0.0,0.0,0.0005451819544773067,0.0036083742019672915,0.16860422247892448,1.0
phrase_function_1_2_3gram_psalm_shuffle22,Praise,820,4469,0.15503875968992248,0.135524745842718,0.10207346335700111,0.14789722894431576,0.44865304231643677,0.3866133251014799,0.49100641266689143,0.9999985694885254,0.9300349825087456,1.0,2000,1.0,1.0,0.9980009995002499,1.0,1.0,1.0
phrase_function_1_2_3gram_psalm_shuffle22,Royal,45,1400,0.031141868512110725,0.04495079337095943,0.007252627458090074,0.05697078247646007,0.5688095092773438,0.3776883484206254,0.6511347371230012,0.05783991515636444,0.1469265367316342,0.6361819090454772,2000,0.11068773276335456,0.7326045113882497,0.2617610113861988,1.0,1.0,1.0
phrase_function_1_2_3gram_psalm_shuffle22,Thanksgiving,28,1136,0.024054982817869417,0.03848471486374498,0.01094692522980711,0.11111010560044567,0.686839759349823,0.5322297646316602,0.7531062158161491,0.00036025914596393704,0.01199400299850075,0.059470264867566215,2000,0.001746401459717288,0.011558838148932512,0.05022028862869178,0.33239103461680297,0.18726696131488157,1.0
phrase_function_1_2_3gram_psalm_shuffle22,Trust,15,864,0.017064846416382253,0.01464537235845124,0.006135047622126247,0.1158130459230733,0.4292438328266144,0.2903126191504484,0.46807394085805054,0.8266826868057251,0.7781109445277361,1.0,2000,0.9626190986724343,1.0,0.9485641794487372,1.0,1.0,1.0
phrase_function_1_2_3gram_psalm_shuffle22,Wisdom,36,1269,0.027586206896551724,0.08328879501445141,0.010701958987061035,0.10913865791590326,0.6642150282859802,0.505685696905587,0.7565591261828383,0.00038379416218958795,0.01999000499750125,0.1054472763618191,2000,0.0014521941272038464,0.009611579733732518,0.06224473969911595,0.411976792507369,0.3108201996562694,1.0
phrase_function_1_2_3gram_psalm_shuffle25,Hymn,136,2261,0.05673758865248227,0.036955978318554274,0.016436418376047146,0.016787482486792047,0.298042893409729,0.19424452938993686,0.3258349154090367,1.0,1.0,1.0,2000,1.0,1.0,1.0,1.0,1.0,1.0
phrase_function_1_2_3gram_psalm_shuffle25,Lament,1711,5369,0.24166666666666667,0.3444508660524664,0.24248683838262572,0.41705680256761013,0.6673668622970581,0.5955589672936586,0.7321255916176826,0.0,0.0004997501249375312,0.09545227386306847,2000,0.0,0.0,0.0005451819544773067,0.0036083742019672915,0.16774039758363496,1.0
phrase_function_1_2_3gram_psalm_shuffle25,Praise,820,4469,0.15503875968992248,0.1362003722707208,0.1039091906644932,0.14859796969637667,0.44994378089904785,0.38718373310353743,0.4921254414128798,0.9999974966049194,0.9230384807596201,1.0,2000,1.0,1.0,0.9980009995002499,1.0,1.0,1.0
phrase_function_1_2_3gram_psalm_shuffle25,Royal,45,1400,0.031141868512110725,0.04195628532838895,0.006122163706848656,0.0537100500010303,0.5620793700218201,0.33156037048140885,0.6523894206987819,0.07790850102901459,0.1664167916041979,0.6911544227886057,2000,0.12394534254615956,0.8203521279906515,0.26420356255438715,1.0,1.0,1.0
phrase_function_1_2_3gram_psalm_shuffle25,Thanksgiving,28,1136,0.024054982817869417,0.03728594611909986,0.011262975941010958,0.11067426449713491,0.6845133304595947,0.5347088362650035,0.7386121913682466,0.0004195870424155146,0.015992003998001,0.06146926536731634,2000,0.0018167686372630527,0.012024574599004172,0.05022028862869178,0.33239103461680297,0.18726696131488157,1.0
phrase_function_1_2_3gram_psalm_shuffle25,Trust,15,864,0.017064846416382253,0.014968459399438076,0.005590649005392548,0.11344914829805426,0.4122685194015503,0.22373393177986145,0.46996914319963695,0.8783553838729858,0.8340829585207397,1.0,2000,0.9626190986724343,1.0,0.9485641794487372,1.0,1.0,1.0
phrase_function_1_2_3gram_psalm_shuffle25,Wisdom,36,1269,0.027586206896551724,0.06737046384523862,0.010389604561169028,0.1126685676677208,0.6572760939598083,0.49584296226645763,0.7479295700391015,0.0006363640422932804,0.02448775612193903,0.12593703148425786,2000,0.0018432613638839845,0.012199920959047204,0.0627403689459618,0.4152571941666163,0.3108201996562694,1.0
phrase_function_1_2_3gram_psalm_shuffle26,Hymn,136,2261,0.05673758865248227,0.03677114940205707,0.01571209196768704,0.016067283282451297,0.29284608364105225,0.22321914339930157,0.3106196941629413,1.0,1.0,1.0,2000,1.0,1.0,1.0,1.0,1.0,1.0
phrase_function_1_2_3gram_psalm_shuffle26,Lament,1711,5369,0.24166666666666667,0.3376065732302454,0.22674557235256942,0.40724671478942887,0.6648125052452087,0.5941741751723194,0.7281223061096423,0.0,0.0004997501249375312,0.1054472763618191,2000,0.0,0.0,0.0005451819544773067,0.0036083742019672915,0.17328545029810674,1.0
phrase_function_1_2_3gram_psalm_shuffle26,Praise,820,4469,0.15503875968992248,0.13673404449525395,0.10316021615421574,0.15080397711017998,0.4531678855419159,0.3873225262093896,0.49518294598510676,0.9999902248382568,0.9080459770114943,1.0,2000,1.0,1.0,0.9980009995002499,1.0,1.0,1.0
phrase_function_1_2_3gram_psalm_shuffle26,Royal,45,1400,0.031141868512110725,0.04498303238963565,0.0072042630738296315,0.045877660969275015,0.5739523768424988,0.3928512078963458,0.6552388800970963,0.04544119909405708,0.13393303348325838,0.5732133933033483,2000,0.10417187302980734,0.6894782487284538,0.2617610113861988,1.0,1.0,1.0
phrase_function_1_2_3gram_psalm_shuffle26,Thanksgiving,28,1136,0.024054982817869417,0.036934485956103165,0.010497515234908442,0.10944043639219533,0.6797975301742554,0.5060615547538662,0.7334010586382025,0.0005686006043106318,0.014992503748125937,0.06796601699150424,2000,0.002151461746040228,0.014239794617512805,0.05022028862869178,0.33239103461680297,0.18726696131488157,1.0
phrase_function_1_2_3gram_psalm_shuffle26,Trust,15,864,0.017064846416382253,0.014479218679357203,0.005648668904293906,0.11537925210307558,0.42461419105529785,0.23435570142951098,0.46624713512219035,0.8419930338859558,0.7916041979010495,1.0,2000,0.9626190986724343,1.0,0.9485641794487372,1.0,1.0,1.0
phrase_function_1_2_3gram_psalm_shuffle26,Wisdom,36,1269,0.027586206896551724,0.08437625620122594,0.011183691280236802,0.11140801762512147,0.6690526008605957,0.5114112825046434,0.757685565369229,0.00026675875415094197,0.018490754622688656,0.09795102448775612,2000,0.001143251803504037,0.007566795416168275,0.06224473969911595,0.411976792507369,0.3108201996562694,1.0
phrase_function_1_2_3gram_shuffle01,Hymn,136,2108,0.06060606060606061,0.05059466299746203,0.029813224622908037,0.03269741187535125,0.43124231696128845,0.3256965083214512,0.5175290409978462,0.9964450597763062,0.9405297351324338,1.0,2000,1.0,1.0,1.0,1.0,1.0,1.0
phrase_function_1_2_3gram_shuffle01,Lament,1596,4788,0.25,0.3699017054828753,0.26463315329361553,0.4491278309567081,0.6716119647026062,0.5975121269445887,0.735176485446009,0.0,0.0004997501249375312,0.08845577211394302,2000,0.0,0.0,0.0005451819544773067,0.0036083742019672915,0.16774039758363496,1.0
phrase_function_1_2_3gram_shuffle01,Praise,630,3780,0.14285714285714285,0.1310280414204692,0.08831177017137858,0.14065433147118792,0.4577089250087738,0.3998367124816757,0.5111345737413164,0.9996679425239563,0.8930534732633684,1.0,2000,1.0,1.0,0.9980009995002499,1.0,1.0,1.0
phrase_function_1_2_3gram_shuffle01,Royal,45,1310,0.033210332103321034,0.0479281504968621,0.010983217052198959,0.073189388799258,0.5929431915283203,0.426676122768267,0.6889084767249838,0.016891159117221832,0.0879560219890055,0.42978510744627685,2000,0.10390765105302516,0.6877294531992113,0.2617610113861988,1.0,1.0,1.0
phrase_function_1_2_3gram_shuffle01,Thanksgiving,21,938,0.021897810218978103,0.03510842853366258,0.009243073926508298,0.13115863754665472,0.650472104549408,0.462451770068654,0.7405064869292513,0.009119164198637009,0.038980509745127435,0.14142928535732133,2000,0.012006423082844964,0.07946643676344521,0.056296355133691425,0.37260645525943703,0.19344559695074096,1.0
phrase_function_1_2_3gram_shuffle01,Trust,15,810,0.01818181818181818,0.014817925430713906,0.005801152529977179,0.11885629569949989,0.3902057707309723,0.1982487079226677,0.4349952676192784,0.9277524352073669,0.9025487256371814,1.0,2000,0.9626190986724343,1.0,0.9485641794487372,1.0,1.0,1.0
phrase_function_1_2_3gram_shuffle01,Wisdom,28,1064,0.02564102564102564,0.04807633925677491,0.0067877557853642245,0.0976362009358198,0.5972744226455688,0.33003487723137925,0.6794386341621612,0.03929277881979942,0.10444777611194403,0.3968015992003998,2000,0.04146474146813004,0.27444104152033477,0.10994502748625687,0.7276887973967371,0.4197901049475263,1.0
phrase_function_1_2_3gram_shuffle02,Hymn,136,2108,0.06060606060606061,0.050584802891656316,0.029855636747793495,0.0325740528560513,0.43139928579330444,0.3277786685358379,0.5294203549068036,0.996379017829895,0.9385307346326837,1.0,2000,1.0,1.0,1.0,1.0,1.0,1.0
phrase_function_1_2_3gram_shuffle02,Lament,1596,4788,0.25,0.355813553565006,0.24996540639076498,0.4295044879584718,0.6685287356376648,0.5974466278507952,0.7339367720072335,0.0,0.0004997501249375312,0.095952023988006,2000,0.0,0.0,0.0005451819544773067,0.0036083742019672915,0.1679160419790105,1.0
phrase_function_1_2_3gram_shuffle02,Praise,630,3780,0.14285714285714285,0.13082027878704103,0.08701876688734238,0.13999583429640206,0.45525699853897095,0.3982592575722072,0.5097457994098964,0.9998416900634766,0.9075462268865567,1.0,2000,1.0,1.0,0.9980009995002499,1.0,1.0,1.0
phrase_function_1_2_3gram_shuffle02,Royal,45,1310,0.033210332103321034,0.049443011136567946,0.011280247795855758,0.0738214547584518,0.5960814356803894,0.4396640920935968,0.6963922871333899,0.01410551369190216,0.0879560219890055,0.41579210394802596,2000,0.10390765105302516,0.6877294531992113,0.2617610113861988,1.0,1.0,1.0
phrase_function_1_2_3gram_shuffle02,Thanksgiving,21,938,0.021897810218978103,0.04140143426183124,0.00830834757187203,0.13927323326591914,0.6757031083106995,0.432295766454613,0.7748679940058376,0.0029197754338383675,0.02448775612193903,0.08095952023988005,2000,0.005757303672357344,0.03810563771162115,0.05094540108586483,0.33719030770810854,0.18726696131488157,1.0
phrase_function_1_2_3gram_shuffle02,Trust,15,810,0.01818181818181818,0.01479011234630765,0.00590024766422725,0.11953857860134813,0.38913580775260925,0.20945701360024885,0.4386204994040168,0.9296877980232239,0.9085457271364318,1.0,2000,0.9626190986724343,1.0,0.9485641794487372,1.0,1.0,1.0
phrase_function_1_2_3gram_shuffle02,Wisdom,28,1064,0.02564102564102564,0.054089341089867744,0.0068518141455148835,0.10494670452856283,0.6213412880897522,0.3387276638356448,0.6968116409641961,0.014110027812421322,0.06146926536731634,0.263368315842079,2000,0.01737891988626673,0.11502516849770657,0.07746126936531735,0.5126898345295193,0.3292103948025987,1.0
phrase_function_1_2_3gram_shuffle03,Hymn,136,2108,0.06060606060606061,0.04906588811805994,0.029886817638318852,0.03075909297454029,0.4228324890136719,0.3238013811162745,0.501135708244625,0.9987397193908691,0.9635182408795602,1.0,2000,1.0,1.0,1.0,1.0,1.0,1.0
phrase_function_1_2_3gram_shuffle03,Lament,1596,4788,0.25,0.36446082762681375,0.25791366883833,0.4387815579875192,0.6693899631500244,0.5997092729418915,0.7342382254724382,0.0,0.0004997501249375312,0.0944527736131934,2000,0.0,0.0,0.0005451819544773067,0.0036083742019672915,0.16774039758363496,1.0
phrase_function_1_2_3gram_shuffle03,Praise,630,3780,0.14285714285714285,0.1332041476698314,0.09023091223966237,0.14448730705058813,0.4635336399078369,0.4047394931373877,0.5164389295919825,0.9983331561088562,0.8585707146426786,1.0,2000,1.0,1.0,0.9980009995002499,1.0,1.0,1.0
phrase_function_1_2_3gram_shuffle03,Royal,45,1310,0.033210332103321034,0.04798905725889621,0.011984442133546012,0.069758938233855,0.5888888835906982,0.4172790022879843,0.6897116348051033,0.021175265312194824,0.09545227386306847,0.4572713643178411,2000,0.10390765105302516,0.6877294531992113,0.2617610113861988,1.0,1.0,1.0
phrase_function_1_2_3gram_shuffle03,Thanksgiving,21,938,0.021897810218978103,0.03940340534043403,0.008338634385394532,0.1344080368170247,0.6618946194648743,0.44710969645035364,0.7514616801983077,0.00554293766617775,0.033483258370814596,0.11244377811094453,2000,0.008496473794871003,0.056235274475468396,0.054719721851136695,0.3621712550184681,0.18726696131488157,1.0
phrase_function_1_2_3gram_shuffle03,Trust,15,810,0.01818181818181818,0.015170380910516167,0.006224700121059934,0.12445843666525917,0.4082304537296295,0.2592646238907209,0.4437630821969588,0.8887261748313904,0.8530734632683659,1.0,2000,0.9626190986724343,1.0,0.9485641794487372,1.0,1.0,1.0
phrase_function_1_2_3gram_shuffle03,Wisdom,28,1064,0.02564102564102564,0.04990286357657645,0.007247177112299153,0.0912943143917187,0.6025107502937317,0.3695485591858582,0.7062817566106303,0.03189435228705406,0.09545227386306847,0.3733133433283358,2000,0.03479383885860443,0.2302886027201058,0.10305901034058806,0.682112588538984,0.40410207267500264,1.0
phrase_function_1_2_3gram_psalm_shuffle30,Hymn,136,2261,0.05673758865248227,0.036838143419247696,0.01616129102928799,0.01651066231305919,0.2957502007484436,0.20961704229240583,0.32447543002293683,1.0,1.0,1.0,2000,1.0,1.0,1.0,1.0,1.0,1.0
phrase_function_1_2_3gram_psalm_shuffle30,Lament,1711,5369,0.24166666666666667,0.3419956876652247,0.2320998218813528,0.413104928296393,0.6678428053855896,0.5952241838000898,0.730707910124546,0.0,0.0004997501249375312,0.09745127436281859,2000,0.0,0.0,0.0005451819544773067,0.0036083742019672915,0.16843430136783458,1.0
phrase_function_1_2_3gram_psalm_shuffle30,Praise,820,4469,0.15503875968992248,0.13430604169821866,0.10231656079849066,0.14667946915473795,0.4451476037502289,0.37899331338867964,0.48598339322036327,0.9999997019767761,0.9430284857571214,1.0,2000,1.0,1.0,0.9980009995002499,1.0,1.0,1.0
phrase_function_1_2_3gram_psalm_shuffle30,Royal,45,1400,0.031141868512110725,0.043469997963027335,0.006447125980482207,0.058499498438259,0.5710476040840149,0.32116431468087,0.6596259538691024,0.05215129628777504,0.1424287856071964,0.6101949025487257,2000,0.1095177222043276,0.7248606088570848,0.2617610113861988,1.0,1.0,1.0
phrase_function_1_2_3gram_psalm_shuffle30,Thanksgiving,28,1136,0.024054982817869417,0.03662117775268745,0.010114690636875527,0.11005316117298493,0.6731325387954712,0.5267612599218552,0.7365487706045913,0.0008635592530481517,0.021989005497251374,0.08295852073963018,2000,0.0026866287872609165,0.017781883509899794,0.05094540108586483,0.33719030770810854,0.18726696131488157,1.0
phrase_function_1_2_3gram_psalm_shuffle30,Trust,15,864,0.017064846416382253,0.014257378687205433,0.005906245531488151,0.1147260455932619,0.4128858149051666,0.25857609359972833,0.45096792977381867,0.8766900897026062,0.8305847076461769,1.0,2000,0.9626190986724343,1.0,0.9485641794487372,1.0,1.0,1.0
phrase_function_1_2_3gram_psalm_shuffle30,Wisdom,36,1269,0.027586206896551724,0.07562741947250781,0.011429132465033003,0.1163560847260716,0.657385528087616,0.49816373170354294,0.7391573558750629,0.0006314016645774245,0.02348825587206397,0.12743628185907047,2000,0.0018432613638839845,0.012199920959047204,0.0627403689459618,0.4152571941666163,0.3108201996562694,1.0
phrase_function_1_2_3gram_psalm_shuffle27,Hymn,136,2261,0.05673758865248227,0.03735754150289384,0.01662925029323493,0.016978346689130012,0.30633893609046936,0.2183989434492749,0.33612838205453366,1.0,1.0,1.0,2000,1.0,1.0,1.0,1.0,1.0,1.0
phrase_function_1_2_3gram_psalm_shuffle27,Lament,1711,5369,0.24166666666666667,0.34673992017121297,0.24165611641876766,0.4187239125313076,0.6734395027160645,0.6063519979016829,0.7355699512043541,0.0,0.0004997501249375312,0.07946026986506746,2000,0.0,0.0,0.0005451819544773067,0.0036083742019672915,0.16774039758363496,1.0
phrase_function_1_2_3gram_psalm_shuffle27,Praise,820,4469,0.15503875968992248,0.13637095214730124,0.10245685314360473,0.15056858581643556,0.4509378969669342,0.38814012799325004,0.49356330444476615,0.9999961256980896,0.920039980009995,1.0,2000,1.0,1.0,0.9980009995002499,1.0,1.0,1.0
phrase_function_1_2_3gram_psalm_shuffle27,Royal,45,1400,0.031141868512110725,0.040394027595494354,0.006846911176024709,0.057393736500139354,0.5606349110603333,0.340542483986154,0.6442730206046061,0.08283472061157227,0.17341329335332334,0.6981509245377311,2000,0.12743803171011117,0.8434690513796084,0.26420356255438715,1.0,1.0,1.0
phrase_function_1_2_3gram_psalm_shuffle27,Thanksgiving,28,1136,0.024054982817869417,0.03704394044272388,0.010294247952687328,0.11003282847751568,0.6838216781616211,0.5336560540438932,0.7394706134076152,0.0004389001114759594,0.01249375312343828,0.05897051474262868,2000,0.0018620004729283126,0.012323948757634621,0.05022028862869178,0.33239103461680297,0.18726696131488157,1.0
phrase_function_1_2_3gram_psalm_shuffle27,Trust,15,864,0.017064846416382253,0.01401153696469469,0.005990911378754696,0.11413554878809835,0.40625,0.27450473638957856,0.4441261043454945,0.8937671780586243,0.8460769615192404,1.0,2000,0.9626190986724343,1.0,0.9485641794487372,1.0,1.0,1.0
phrase_function_1_2_3gram_psalm_shuffle27,Wisdom,36,1269,0.027586206896551724,0.08494268255946817,0.010875780284343276,0.11440769540541117,0.6622231006622314,0.48068617170268774,0.756686419253656,0.00044461365905590355,0.022488755622188907,0.11294352823588207,2000,0.0015803701073930758,0.010459933015473318,0.0627403689459618,0.4152571941666163,0.3108201996562694,1.0
phrase_function_1_2_3gram_shuffle04,Hymn,136,2108,0.06060606060606061,0.04965492982249401,0.02978069293410531,0.031902599222761466,0.42716124653816223,0.32962510430830394,0.5081408446785344,0.9978237152099609,0.9485257371314343,1.0,2000,1.0,1.0,1.0,1.0,1.0,1.0
phrase_function_1_2_3gram_shuffle04,Lament,1596,4788,0.25,0.3568818731499203,0.25143941041532925,0.43073206837505074,0.6656783223152161,0.5967372604528256,0.729823881603876,0.0,0.0004997501249375312,0.0944527736131934,2000,0.0,0.0,0.0005451819544773067,0.0036083742019672915,0.16774039758363496,1.0
phrase_function_1_2_3gram_shuffle04,Praise,630,3780,0.14285714285714285,0.1348369545055017,0.09030666099428045,0.14524522054519765,0.4648756980895996,0.40741160454536424,0.5199682782622609,0.9976517558097839,0.8430784607696152,1.0,2000,1.0,1.0,0.9980009995002499,1.0,1.0,1.0
phrase_function_1_2_3gram_shuffle04,Royal,45,1310,0.033210332103321034,0.0454466060420109,0.010497499073192198,0.06982401186701605,0.576556384563446,0.4213991295601077,0.6686139460083055,0.04019903764128685,0.12193903048475763,0.5577211394302849,2000,0.10390765105302516,0.6877294531992113,0.2617610113861988,1.0,1.0,1.0
phrase_function_1_2_3gram_shuffle04,Thanksgiving,21,938,0.021897810218978103,0.03738832827713364,0.008105183579555492,0.1342068338831082,0.6547873020172119,0.428267215351334,0.7425348078144886,0.007581646088510752,0.03548225887056472,0.12493753123438281,2000,0.010372284551057055,0.06865062880773701,0.055356936916157305,0.36638876512283264,0.18875454359151358,1.0
phrase_function_1_2_3gram_shuffle04,Trust,15,810,0.01818181818181818,0.013682199419174517,0.00597136554977569,0.1263321488076094,0.35004115104675293,0.2200181608545774,0.3923678443276085,0.9768624305725098,0.9740129935032483,1.0,2000,0.9768624305725098,1.0,0.9740129935032483,1.0,1.0,1.0
phrase_function_1_2_3gram_shuffle04,Wisdom,28,1064,0.02564102564102564,0.051303327844742785,0.006717161428919468,0.10054847804473849,0.6089218854904175,0.32913839282913215,0.7064247811653614,0.024442002177238464,0.08595702148925537,0.3353323338330835,2000,0.02774497544443285,0.18363456971698933,0.09475577172043899,0.627156272058462,0.37758600592465164,1.0
phrase_function_1_2_3gram_psalm_shuffle28,Hymn,136,2261,0.05673758865248227,0.037122967336027636,0.016253124351005514,0.016600718401280804,0.3007713854312897,0.23501045745593796,0.3259379636221494,1.0,1.0,1.0,2000,1.0,1.0,1.0,1.0,1.0,1.0
phrase_function_1_2_3gram_psalm_shuffle28,Lament,1711,5369,0.24166666666666667,0.34430648434548705,0.2342778404159947,0.41471243219233317,0.6728253364562988,0.6034724680004406,0.7366647611320631,0.0,0.0004997501249375312,0.0769615192403798,2000,0.0,0.0,0.0005451819544773067,0.0036083742019672915,0.16774039758363496,1.0
phrase_function_1_2_3gram_psalm_shuffle28,Praise,820,4469,0.15503875968992248,0.138076444461576,0.103823340457925,0.15151839001580591,0.45791196823120117,0.3979920687277812,0.5023014161133673,0.9999378323554993,0.8845577211394303,1.0,2000,1.0,1.0,0.9980009995002499,1.0,1.0,1.0
phrase_function_1_2_3gram_psalm_shuffle28,Royal,45,1400,0.031141868512110725,0.04316220613348994,0.006261163112095988,0.05163959908315109,0.5572222471237183,0.35211846949347314,0.6497444950238814,0.09539912641048431,0.18990504747626186,0.7326336831584208,2000,0.14054894812040397,0.930245754369361,0.27129292496608837,1.0,1.0,1.0
phrase_function_1_2_3gram_psalm_shuffle28,Thanksgiving,28,1136,0.024054982817869417,0.038945439809891555,0.011934904915681355,0.11206268873186236,0.7000125646591187,0.566868408688708,0.7479717946726212,0.00014725203800480813,0.009495252373813094,0.04147926036981509,2000,0.001536285492655789,0.010168151922545903,0.05022028862869178,0.33239103461680297,0.18726696131488157,1.0
phrase_function_1_2_3gram_psalm_shuffle28,Trust,15,864,0.017064846416382253,0.014456921753123667,0.0061413408498958155,0.11501874695514118,0.42461419105529785,0.29258878807973526,0.465659874425716,0.8419930338859558,0.7906046976511744,1.0,2000,0.9626190986724343,1.0,0.9485641794487372,1.0,1.0,1.0
phrase_function_1_2_3gram_psalm_shuffle28,Wisdom,36,1269,0.027586206896551724,0.07884855935857198,0.011416591040455799,0.12016703188675436,0.6742623448371887,0.5202278947894381,0.7619198749211217,0.00017843965906649828,0.014492753623188406,0.07446276861569215,2000,0.0008516438273628327,0.005636741258002602,0.06224473969911595,0.411976792507369,0.3108201996562694,1.0
phrase_function_1_2_3gram_psalm_shuffle29,Hymn,136,2261,0.05673758865248227,0.03688873568042675,0.016510601943368605,0.01685324183810043,0.2967778444290161,0.20489216668206164,0.33371581160291086,1.0,1.0,1.0,2000,1.0,1.0,1.0,1.0,1.0,1.0
phrase_function_1_2_3gram_psalm_shuffle29,Lament,1711,5369,0.24166666666666667,0.3418861860094401,0.22997635446702447,0.40967685779482493,0.6695645451545715,0.6009482162978255,0.7344818978131217,0.0,0.0004997501249375312,0.08895552223888056,2000,0.0,0.0,0.0005451819544773067,0.0036083742019672915,0.16774039758363496,1.0
phrase_function_1_2_3gram_psalm_shuffle29,Praise,820,4469,0.15503875968992248,0.13444921223709055,0.10174017299234964,0.14744813351628197,0.4471416771411896,0.3816400854541075,0.48614289587020476,0.9999992847442627,0.9335332333833083,1.0,2000,1.0,1.0,0.9980009995002499,1.0,1.0,1.0
phrase_function_1_2_3gram_psalm_shuffle29,Royal,45,1400,0.031141868512110725,0.0423528735952774,0.006484214518321476,0.05712229983916639,0.568841278553009,0.3549949884528591,0.6596854280011,0.057755935937166214,0.1504247876061969,0.6221889055472264,2000,0.11068773276335456,0.7326045113882497,0.2617610113861988,1.0,1.0,1.0
phrase_function_1_2_3gram_psalm_shuffle29,Thanksgiving,28,1136,0.024054982817869417,0.03852638455523799,0.009254032434840055,0.11283094351089715,0.6772509813308716,0.5106589547684206,0.7410560315230392,0.0006681070663034916,0.01699150424787606,0.07496251874062969,2000,0.0023137327650042828,0.01531381138154569,0.05022028862869178,0.33239103461680297,0.18726696131488157,1.0
phrase_function_1_2_3gram_psalm_shuffle29,Trust,15,864,0.017064846416382253,0.01420417194990176,0.005778141446909426,0.11511716119028571,0.4128858149051666,0.2473917283808541,0.4733836454774919,0.8766900897026062,0.8330834582708646,1.0,2000,0.9626190986724343,1.0,0.9485641794487372,1.0,1.0,1.0
phrase_function_1_2_3gram_psalm_shuffle29,Wisdom,36,1269,0.027586206896551724,0.07518042578147216,0.009487202788095209,0.11032523839971274,0.6435732245445251,0.4616788348778243,0.7402434178368411,0.0016341116279363632,0.035982008995502246,0.16741629185407297,2000,0.0037098750472068787,0.024554402989544855,0.0654218345372768,0.4330049042360749,0.3108201996562694,1.0
phrase_function_1_2_3gram_shuffle06,Hymn,136,2108,0.06060606060606061,0.05011111653745196,0.029794871149711504,0.03271219552495989,0.4283541738986969,0.3299478991665574,0.522270300672414,0.9974819421768188,0.9450274862568716,1.0,2000,1.0,1.0,1.0,1.0,1.0,1.0
phrase_function_1_2_3gram_shuffle06,Lament,1596,4788,0.25,0.35403622238142546,0.25573496066920276,0.42767277891548994,0.6665543913841248,0.5969962418266996,0.7303445700188046,0.0,0.0004997501249375312,0.10644677661169415,2000,0.0,0.0,0.0005451819544773067,0.0036083742019672915,0.17328545029810674,1.0
phrase_function_1_2_3gram_shuffle06,Praise,630,3780,0.14285714285714285,0.13163575287449975,0.08756936754396273,0.1415911580368865,0.45646384358406067,0.39571470842728734,0.5086357945918475,0.999770998954773,0.8935532233883059,1.0,2000,1.0,1.0,0.9980009995002499,1.0,1.0,1.0
phrase_function_1_2_3gram_shuffle06,Royal,45,1310,0.033210332103321034,0.04840391879961197,0.01198208591050028,0.06984834562749959,0.5892960429191589,0.4329000255037956,0.6828003293494475,0.0207071490585804,0.09645177411294353,0.4607696151924038,2000,0.10390765105302516,0.6877294531992113,0.2617610113861988,1.0,1.0,1.0
phrase_function_1_2_3gram_shuffle06,Thanksgiving,21,938,0.021897810218978103,0.03737381289779396,0.009143297587921734,0.133330269714729,0.6625037789344788,0.4749659265540972,0.7446283849936578,0.005393263418227434,0.03648175912043978,0.11294352823588207,2000,0.00838952087279823,0.05552738940762454,0.055717595747580756,0.3687758434410572,0.18726696131488157,1.0
phrase_function_1_2_3gram_shuffle06,Trust,15,810,0.01818181818181818,0.014999715023175335,0.005763996597785026,0.12769008932137343,0.40559670329093933,0.1928682042336045,0.47497912751576576,0.8952193856239319,0.8580709645177411,1.0,2000,0.9626190986724343,1.0,0.9485641794487372,1.0,1.0,1.0
phrase_function_1_2_3gram_shuffle06,Wisdom,28,1064,0.02564102564102564,0.05205649138852762,0.006798144653634069,0.09891477202644688,0.5984827876091003,0.33016190985173033,0.683728629418995,0.03747200965881348,0.10294852573713144,0.3938030984507746,2000,0.04004642253613654,0.2650536701990043,0.10891279800905593,0.720856821052962,0.41766995290233666,1.0
phrase_function_1_2_3gram_shuffle05,Hymn,136,2108,0.06060606060606061,0.04959319655552827,0.029918268644083933,0.03208111947702174,0.42280808091163635,0.3279532022955199,0.5002638120051695,0.9987437129020691,0.9645177411294353,1.0,2000,1.0,1.0,1.0,1.0,1.0,1.0
phrase_function_1_2_3gram_shuffle05,Lament,1596,4788,0.25,0.352422466842786,0.24879152679824698,0.42582947549915295,0.6583650708198547,0.5902978018081818,0.724955926388841,0.0,0.0004997501249375312,0.11744127936031984,2000,0.0,0.0,0.0005451819544773067,0.0036083742019672915,0.17811516776822856,1.0
phrase_function_1_2_3gram_shuffle05,Praise,630,3780,0.14285714285714285,0.1332780857769949,0.08976833397736428,0.14457429874978064,0.46214181184768677,0.40369787997615675,0.5146210138004655,0.9988450407981873,0.8665667166416792,1.0,2000,1.0,1.0,0.9980009995002499,1.0,1.0,1.0
phrase_function_1_2_3gram_shuffle05,Royal,45,1310,0.033210332103321034,0.04823792584259587,0.011278799729934197,0.06880752218730554,0.5872095227241516,0.43221159616372257,0.6815124293758423,0.023201916366815567,0.09845077461269365,0.4752623688155922,2000,0.10390765105302516,0.6877294531992113,0.2617610113861988,1.0,1.0,1.0
phrase_function_1_2_3gram_shuffle05,Thanksgiving,21,938,0.021897810218978103,0.03420750513232551,0.008000810891576643,0.13044923862529217,0.6417402625083923,0.4227288847309625,0.7247096581127532,0.01308339275419712,0.050474762618690654,0.17391304347826086,2000,0.015655341757158946,0.10361739022281789,0.06039715185142471,0.3997482360213622,0.2075098814229249,1.0
phrase_function_1_2_3gram_shuffle05,Trust,15,810,0.01818181818181818,0.015369081363194231,0.006123151529478785,0.12428691547101343,0.4199177026748657,0.243329997006055,0.4681026050569044,0.8564503788948059,0.8170914542728636,1.0,2000,0.9626190986724343,1.0,0.9485641794487372,1.0,1.0,1.0
phrase_function_1_2_3gram_shuffle05,Wisdom,28,1064,0.02564102564102564,0.05287042322735156,0.006597417493758771,0.10552147785938629,0.6057330965995789,0.3255221694400053,0.7015965175307928,0.02794249728322029,0.08595702148925537,0.34132933533233384,2000,0.031212363986575856,0.2065840368827933,0.09475577172043899,0.627156272058462,0.3818303614150371,1.0
phrase_function_1_2_3gram_shuffle11,Hymn,136,2108,0.06060606060606061,0.04922326484255653,0.0295754198545062,0.0308791397035191,0.4247404932975769,0.3232725998185252,0.5116909661668515,0.998391330242157,0.9585207396301849,1.0,2000,1.0,1.0,1.0,1.0,1.0,1.0
phrase_function_1_2_3gram_shuffle11,Lament,1596,4788,0.25,0.36183847497990557,0.249297095149475,0.43984506881793894,0.6709896922111511,0.6030841103531654,0.7399411953785668,0.0,0.0004997501249375312,0.0944527736131934,2000,0.0,0.0,0.0005451819544773067,0.0036083742019672915,0.16774039758363496,1.0
phrase_function_1_2_3gram_shuffle11,Praise,630,3780,0.14285714285714285,0.13344618244822132,0.08905480046783573,0.1436584653253024,0.4599370062351227,0.39923182753948244,0.5158980560596528,0.9993693828582764,0.8780609695152424,1.0,2000,1.0,1.0,0.9980009995002499,1.0,1.0,1.0
phrase_function_1_2_3gram_shuffle11,Royal,45,1310,0.033210332103321034,0.046165001898814256,0.010787857292728102,0.04670212342405833,0.5762680172920227,0.41137457029560404,0.671757692613712,0.04077222943305969,0.12893553223388307,0.5767116441779111,2000,0.10390765105302516,0.6877294531992113,0.2617610113861988,1.0,1.0,1.0
phrase_function_1_2_3gram_shuffle11,Thanksgiving,21,938,0.021897810218978103,0.035570001986672914,0.007737835256249662,0.130766037692655,0.6497613787651062,0.4060248231202178,0.7284323280227417,0.009397018700838089,0.0399800099950025,0.1469265367316342,2000,0.012207409642912724,0.08079669854546984,0.056296355133691425,0.37260645525943703,0.19344559695074096,1.0
phrase_function_1_2_3gram_shuffle11,Trust,15,810,0.01818181818181818,0.014189188597040457,0.005758594555438336,0.11892134690088639,0.36798354983329773,0.19404186308383942,0.4159333256025843,0.9603271484375,0.952023988005997,1.0,2000,0.9626190986724343,1.0,0.954296121628923,1.0,1.0,1.0
phrase_function_1_2_3gram_shuffle11,Wisdom,28,1064,0.02564102564102564,0.05174890362746132,0.006957040196994871,0.09743566667018022,0.6019737124443054,0.3525958004248989,0.6915104756135616,0.03259588032960892,0.09545227386306847,0.3748125937031484,2000,0.035467020047761,0.2347441603853097,0.10305901034058806,0.682112588538984,0.40468197777717824,1.0
phrase_function_1_2_3gram_shuffle10,Hymn,136,2108,0.06060606060606061,0.05071279194405389,0.03033042695966605,0.03249142034788461,0.4294145405292511,0.3210396833787108,0.5170371556461473,0.9971381425857544,0.9425287356321839,1.0,2000,1.0,1.0,1.0,1.0,1.0,1.0
phrase_function_1_2_3gram_shuffle10,Lament,1596,4788,0.25,0.36834350441690283,0.2575912901968731,0.4461391633358145,0.6720413565635681,0.6010030141533659,0.7380955061884292,0.0,0.0004997501249375312,0.09045477261369315,2000,0.0,0.0,0.0005451819544773067,0.0036083742019672915,0.16774039758363496,1.0
phrase_function_1_2_3gram_shuffle10,Praise,630,3780,0.14285714285714285,0.13153891966571007,0.08869846867908361,0.14096933891259986,0.45721864700317383,0.39871826649529396,0.509805484164443,0.9997128248214722,0.8980509745127436,1.0,2000,1.0,1.0,0.9980009995002499,1.0,1.0,1.0
phrase_function_1_2_3gram_shuffle10,Royal,45,1310,0.033210332103321034,0.04853846097044762,0.009759967176059335,0.0698275260049852,0.593299388885498,0.42584316189956367,0.6843776087400254,0.016552938148379326,0.08695652173913043,0.4197901049475262,2000,0.10390765105302516,0.6877294531992113,0.2617610113861988,1.0,1.0,1.0
phrase_function_1_2_3gram_shuffle10,Thanksgiving,21,938,0.021897810218978103,0.042476536603532324,0.008947109140524207,0.13573112152166583,0.6795105934143066,0.47854812901205124,0.7509646817567629,0.0024282378144562244,0.02498750624687656,0.07846076961519241,2000,0.0050488112973842295,0.03341636729988389,0.05094540108586483,0.33719030770810854,0.18726696131488157,1.0
phrase_function_1_2_3gram_shuffle10,Trust,15,810,0.01818181818181818,0.014952398677530704,0.006084255619477577,0.1279697119319503,0.4001646041870117,0.23594004273889246,0.44688949787130205,0.9077362418174744,0.8760619690154923,1.0,2000,0.9626190986724343,1.0,0.9485641794487372,1.0,1.0,1.0
phrase_function_1_2_3gram_shuffle10,Wisdom,28,1064,0.02564102564102564,0.04948960441883581,0.006783219974973002,0.10024651644993939,0.5974422693252563,0.3286313741962584,0.6809912688290848,0.03903567045927048,0.10644677661169415,0.3938030984507746,2000,0.04140146866892323,0.27402226035109556,0.11176911544227885,0.7397618160808194,0.41766995290233666,1.0
phrase_function_1_2_3gram_shuffle07,Hymn,136,2108,0.06060606060606061,0.04890440351048025,0.029747054108640557,0.03236982009805426,0.41991642117500305,0.3045529979582564,0.49627842026599406,0.9991407990455627,0.9690154922538731,1.0,2000,1.0,1.0,1.0,1.0,1.0,1.0
phrase_function_1_2_3gram_shuffle07,Lament,1596,4788,0.25,0.35900820462296934,0.2567238777333536,0.436663190887866,0.6647751927375793,0.5960738146018418,0.7306395321526895,0.0,0.0004997501249375312,0.10044977511244378,2000,0.0,0.0,0.0005451819544773067,0.0036083742019672915,0.16943335561135098,1.0
phrase_function_1_2_3gram_shuffle07,Praise,630,3780,0.14285714285714285,0.13657493848697466,0.0912217299310518,0.147788134582304,0.466086745262146,0.4062549816585469,0.5223504942375389,0.9968301057815552,0.8340829585207397,1.0,2000,1.0,1.0,0.9980009995002499,1.0,1.0,1.0
phrase_function_1_2_3gram_shuffle07,Royal,45,1310,0.033210332103321034,0.04589663106044701,0.012194897908429375,0.06779501664618584,0.5776081681251526,0.41693432097473027,0.6740890812456745,0.038163840770721436,0.1199400299850075,0.5492253873063468,2000,0.10390765105302516,0.6877294531992113,0.2617610113861988,1.0,1.0,1.0
phrase_function_1_2_3gram_shuffle07,Thanksgiving,21,938,0.021897810218978103,0.03444325873516875,0.007885997513604174,0.1316325813437446,0.644126296043396,0.41876078032373715,0.7172486516334272,0.011874428018927574,0.047976011994003,0.1664167916041979,2000,0.014372506535877754,0.09512673956970874,0.059264485404356644,0.39225150148444443,0.20497082836880678,1.0
phrase_function_1_2_3gram_shuffle07,Trust,15,810,0.01818181818181818,0.014814619674703761,0.005742488156949991,0.12306434976227025,0.3979423940181732,0.18736012100022723,0.4557166564561942,0.9125247001647949,0.8790604697651174,1.0,2000,0.9626190986724343,1.0,0.9485641794487372,1.0,1.0,1.0
phrase_function_1_2_3gram_shuffle07,Wisdom,28,1064,0.02564102564102564,0.056850288058465384,0.006852656029113301,0.10464414951555381,0.593951404094696,0.3318272789128561,0.6812693185345272,0.044673360884189606,0.11244377811094453,0.424287856071964,2000,0.04667366062527272,0.30891710836812186,0.1171870640362201,0.7756213777801902,0.44218585496333723,1.0
phrase_function_1_2_3gram_shuffle08,Hymn,136,2108,0.06060606060606061,0.050451483808322525,0.02961655735672028,0.03290600893423373,0.4314899742603302,0.320965388742318,0.5173168146637239,0.9963403940200806,0.9370314842578711,1.0,2000,1.0,1.0,1.0,1.0,1.0,1.0
phrase_function_1_2_3gram_shuffle08,Lament,1596,4788,0.25,0.35312918470582944,0.24988213161342238,0.4298151942907093,0.6640296578407288,0.5900612541227297,0.7331044860791379,0.0,0.0004997501249375312,0.11344327836081959,2000,0.0,0.0,0.0005451819544773067,0.0036083742019672915,0.17811516776822856,1.0
phrase_function_1_2_3gram_shuffle08,Praise,630,3780,0.14285714285714285,0.1331746064452404,0.08894184956879309,0.14385513390671784,0.4575144946575165,0.3990963872538729,0.5106130899520505,0.9996864795684814,0.8940529735132434,1.0,2000,1.0,1.0,0.9980009995002499,1.0,1.0,1.0
phrase_function_1_2_3gram_shuffle08,Royal,45,1310,0.033210332103321034,0.051610697285134094,0.012250123704117169,0.0528762848300925,0.5909245014190674,0.4200781704314665,0.6901503119939834,0.018921390175819397,0.09345327336331834,0.4452773613193403,2000,0.10390765105302516,0.6877294531992113,0.2617610113861988,1.0,1.0,1.0
phrase_function_1_2_3gram_shuffle08,Thanksgiving,21,938,0.021897810218978103,0.036465593819557246,0.008063399485391146,0.13442380561127687,0.6634683609008789,0.4330583495769227,0.7441979633687058,0.00516362302005291,0.03498250874562719,0.11394302848575712,2000,0.008246089994000845,0.054578069132865656,0.055028665442559625,0.3642160477266611,0.18726696131488157,1.0
phrase_function_1_2_3gram_shuffle08,Trust,15,810,0.01818181818181818,0.015398354641220571,0.006060615435932272,0.12039394690766227,0.41637858748435974,0.24094452384995899,0.4687861383986407,0.8668291568756104,0.8265867066466767,1.0,2000,0.9626190986724343,1.0,0.9485641794487372,1.0,1.0,1.0
phrase_function_1_2_3gram_shuffle08,Wisdom,28,1064,0.02564102564102564,0.051547291024842005,0.006413423002700769,0.1018809521661383,0.595260500907898,0.2911953030370052,0.6723080599204974,0.04248686134815216,0.11494252873563218,0.41529235382308843,2000,0.04449995452923668,0.2945300859526138,0.11919965942954448,0.7889420631708732,0.4338875338450177,1.0
phrase_function_1_2_3gram_shuffle12,Hymn,136,2108,0.06060606060606061,0.0490564315582427,0.02964507267649184,0.030665919775495345,0.4205024242401123,0.32281247478443803,0.49900739861369064,0.9990711212158203,0.9690154922538731,1.0,2000,1.0,1.0,1.0,1.0,1.0,1.0
phrase_function_1_2_3gram_shuffle12,Lament,1596,4788,0.25,0.3585336027685116,0.2544702865322665,0.4340439046562106,0.6657048463821411,0.5955465435017173,0.7320227073564219,0.0,0.0004997501249375312,0.10594702648675662,2000,0.0,0.0,0.0005451819544773067,0.0036083742019672915,0.17328545029810674,1.0
phrase_function_1_2_3gram_shuffle12,Praise,630,3780,0.14285714285714285,0.1350795630315791,0.0899478935024213,0.1464687946144397,0.46749600768089294,0.4072438431815893,0.5219044928752204,0.9955548048019409,0.8290854572713643,1.0,2000,1.0,1.0,0.9980009995002499,1.0,1.0,1.0
phrase_function_1_2_3gram_shuffle12,Royal,45,1310,0.033210332103321034,0.04606960936797688,0.011191871773308857,0.07125611838749597,0.5904664993286133,0.4262412542404285,0.6834143489636307,0.01940988563001156,0.09145427286356822,0.44177911044477763,2000,0.10390765105302516,0.6877294531992113,0.2617610113861988,1.0,1.0,1.0
phrase_function_1_2_3gram_shuffle12,Thanksgiving,21,938,0.021897810218978103,0.03831073557613832,0.007937161820843648,0.13789697314121874,0.6646360158920288,0.42043977082305,0.7519003332181776,0.004897307604551315,0.031484257871064465,0.10694652673663169,2000,0.007972361216711443,0.05276635131976581,0.05392560636677709,0.3569152743250256,0.18726696131488157,1.0
phrase_function_1_2_3gram_shuffle12,Trust,15,810,0.01818181818181818,0.016023524129386933,0.00591985611989081,0.12786852958852007,0.4220575988292694,0.21749844893967132,0.47471022409081826,0.8499166965484619,0.8020989505247377,1.0,2000,0.9626190986724343,1.0,0.9485641794487372,1.0,1.0,1.0
phrase_function_1_2_3gram_shuffle12,Wisdom,28,1064,0.02564102564102564,0.056530602709612354,0.007654424148943466,0.10503601773418478,0.6146280765533447,0.39685428707463216,0.6999274072974626,0.019095351919531822,0.06996501749125437,0.29735132433783107,2000,0.02259168396113624,0.14952668355011645,0.08371882434850951,0.5541064657721853,0.34982508745627183,1.0
phrase_function_1_2_3gram_shuffle09,Hymn,136,2108,0.06060606060606061,0.04998149520827747,0.02975559524263162,0.03420312138831067,0.42158374190330505,0.31968250564257655,0.5094461368703324,0.9989287853240967,0.9635182408795602,1.0,2000,1.0,1.0,1.0,1.0,1.0,1.0
phrase_function_1_2_3gram_shuffle09,Lament,1596,4788,0.25,0.3536027630569888,0.24929990526428691,0.4296260666539883,0.6587428450584412,0.5873621723912541,0.7227225313053459,0.0,0.0004997501249375312,0.11894052973513243,2000,0.0,0.0,0.0005451819544773067,0.0036083742019672915,0.17811516776822856,1.0
phrase_function_1_2_3gram_shuffle09,Praise,630,3780,0.14285714285714285,0.1378559906289246,0.0915073747998734,0.150687573182901,0.4711153209209442,0.4076863699615565,0.52889417235256,0.9899620413780212,0.7916041979010495,1.0,2000,1.0,1.0,0.9980009995002499,1.0,1.0,1.0
phrase_function_1_2_3gram_shuffle09,Royal,45,1310,0.033210332103321034,0.049252312125335825,0.011189090534963411,0.06258996893304244,0.5961662530899048,0.4389275096158052,0.6828604661451443,0.014036081731319427,0.08695652173913043,0.40729635182408797,2000,0.10390765105302516,0.6877294531992113,0.2617610113861988,1.0,1.0,1.0
phrase_function_1_2_3gram_shuffle09,Thanksgiving,21,938,0.021897810218978103,0.03405901209198535,0.00894311222243299,0.13204324716898697,0.6595085859298706,0.47634208699975544,0.7391967179849603,0.006165286526083946,0.03298350824587706,0.11744127936031984,2000,0.009022370525976507,0.059716006333586084,0.054539659304206164,0.3609794821731846,0.18726696131488157,1.0
phrase_function_1_2_3gram_shuffle09,Trust,15,810,0.01818181818181818,0.014537403541785406,0.005631485437385686,0.12763171114770974,0.3817283809185028,0.17150417730550716,0.4274830121788035,0.9420111775398254,0.9240379810094953,1.0,2000,0.9626190986724343,1.0,0.9485641794487372,1.0,1.0,1.0
phrase_function_1_2_3gram_shuffle09,Wisdom,28,1064,0.02564102564102564,0.05055986593769063,0.007859251114274131,0.09851506653562174,0.6195623278617859,0.40181771900791935,0.7051463637259074,0.015307565219700336,0.06696651674162919,0.2683658170914543,2000,0.01879876430489515,0.1244226364969877,0.0815244551637225,0.5395826813898336,0.3334723170958899,1.0
phrase_function_1_2_3gram_shuffle14,Hymn,136,2108,0.06060606060606061,0.05033856589171487,0.02979675011069746,0.0324994508111493,0.42401495575904846,0.3208787419020735,0.5119319140529268,0.9985330104827881,0.9615192403798101,1.0,2000,1.0,1.0,1.0,1.0,1.0,1.0
phrase_function_1_2_3gram_shuffle14,Lament,1596,4788,0.25,0.36842140309659266,0.26191202520014334,0.4481689461933579,0.6730751395225525,0.6031986491358411,0.7397508925408656,0.0,0.0004997501249375312,0.0879560219890055,2000,0.0,0.0,0.0005451819544773067,0.0036083742019672915,0.16774039758363496,1.0
phrase_function_1_2_3gram_shuffle14,Praise,630,3780,0.14285714285714285,0.13195993504594583,0.08986331606079222,0.14146166371988536,0.4592783749103546,0.39930123589975425,0.5135643342239986,0.9994766712188721,0.8835582208895553,1.0,2000,1.0,1.0,0.9980009995002499,1.0,1.0,1.0
phrase_function_1_2_3gram_shuffle14,Royal,45,1310,0.033210332103321034,0.04610712100269665,0.011017506588173132,0.061902195537589425,0.5768617391586304,0.4143684246435093,0.6753013035766036,0.03959929198026657,0.12443778110944528,0.56071964017991,2000,0.10390765105302516,0.6877294531992113,0.2617610113861988,1.0,1.0,1.0
phrase_function_1_2_3gram_shuffle14,Thanksgiving,21,938,0.021897810218978103,0.03330265195977271,0.0075471524648973096,0.13017196448194965,0.6458016037940979,0.40055353548877815,0.739874297553501,0.011084609664976597,0.04597701149425287,0.1539230384807596,2000,0.013733144717670119,0.09089502083507965,0.058516196447230925,0.387298831011156,0.19709657366438732,1.0
phrase_function_1_2_3gram_shuffle14,Trust,15,810,0.01818181818181818,0.014331726929429148,0.005923771067065034,0.11908971474321892,0.3776131570339203,0.2158234365067683,0.4149295381063919,0.9480844736099243,0.9315342328835582,1.0,2000,0.9626190986724343,1.0,0.9485641794487372,1.0,1.0,1.0
phrase_function_1_2_3gram_shuffle14,Wisdom,28,1064,0.02564102564102564,0.046915631735179056,0.007021218354418994,0.09819082183055775,0.6086533069610596,0.35880684326720297,0.6994797394363804,0.024721849709749222,0.08095952023988005,0.3268365817091454,2000,0.02798699967141421,0.18523644587910093,0.09116085388940919,0.6033627318410186,0.3690090438651642,1.0
phrase_function_1_2_3gram_shuffle13,Hymn,136,2108,0.06060606060606061,0.049453739976460354,0.03011143351421873,0.03216769745590398,0.425706684589386,0.33099103257280166,0.4981894741536815,0.9981833100318909,0.9545227386306847,1.0,2000,1.0,1.0,1.0,1.0,1.0,1.0
phrase_function_1_2_3gram_shuffle13,Lament,1596,4788,0.25,0.36308420710616807,0.2551407889716287,0.4394678528717708,0.669234573841095,0.5967125335028506,0.736448245065638,0.0,0.0004997501249375312,0.09545227386306847,2000,0.0,0.0,0.0005451819544773067,0.0036083742019672915,0.16774039758363496,1.0
phrase_function_1_2_3gram_shuffle13,Praise,630,3780,0.14285714285714285,0.13457546254295885,0.08819135141588555,0.14618906300234877,0.4627149999141693,0.4004347111602671,0.5177778890398567,0.9986547827720642,0.8620689655172413,1.0,2000,1.0,1.0,0.9980009995002499,1.0,1.0,1.0
phrase_function_1_2_3gram_shuffle13,Royal,45,1310,0.033210332103321034,0.04607780997727615,0.010195500862301653,0.04714107902005345,0.5815436840057373,0.41650639623774305,0.6698967488412918,0.031280968338251114,0.10994502748625687,0.5102448775612194,2000,0.10390765105302516,0.6877294531992113,0.2617610113861988,1.0,1.0,1.0
phrase_function_1_2_3gram_shuffle13,Thanksgiving,21,938,0.021897810218978103,0.033008837870734824,0.007665664531238787,0.1304960774518757,0.6418925523757935,0.4008476928639329,0.7097776579596942,0.013003160245716572,0.047976011994003,0.17091454272863568,2000,0.015603792294859885,0.10327620183909092,0.059264485404356644,0.39225150148444443,0.20568512305451858,1.0
phrase_function_1_2_3gram_shuffle13,Trust,15,810,0.01818181818181818,0.014712209748869743,0.005937371305770752,0.12786446432057158,0.3960493803024292,0.22555513472260208,0.43556922251871244,0.9164553880691528,0.8830584707646177,1.0,2000,0.9626190986724343,1.0,0.9485641794487372,1.0,1.0,1.0
phrase_function_1_2_3gram_shuffle13,Wisdom,28,1064,0.02564102564102564,0.04558197692968211,0.006069451368196215,0.09641855729508605,0.5861976146697998,0.2765849105306139,0.6828783670113941,0.059542782604694366,0.12993503248375812,0.47226386806596704,2000,0.06055198230985868,0.4007730062422099,0.13150051480283953,0.870357247269701,0.48026834040606814,1.0
phrase_function_1_2_3gram_shuffle19,Hymn,136,2108,0.06060606060606061,0.0492188373253407,0.029854129151778267,0.0321716587109016,0.425706684589386,0.32031722875300506,0.5047744677891907,0.9981833100318909,0.9565217391304348,1.0,2000,1.0,1.0,1.0,1.0,1.0,1.0
phrase_function_1_2_3gram_shuffle19,Lament,1596,4788,0.25,0.3501345768644398,0.2453967136061433,0.4250479806141624,0.6625555157661438,0.5925702944088515,0.7284550410763372,0.0,0.0004997501249375312,0.11144427786106946,2000,0.0,0.0,0.0005451819544773067,0.0036083742019672915,0.17811516776822856,1.0
phrase_function_1_2_3gram_shuffle19,Praise,630,3780,0.14285714285714285,0.13489427504983556,0.09086063188747906,0.14581338716857598,0.46489542722702026,0.4051836655604857,0.5190064740516412,0.997640073299408,0.8445777111444278,1.0,2000,1.0,1.0,0.9980009995002499,1.0,1.0,1.0
phrase_function_1_2_3gram_shuffle19,Royal,45,1310,0.033210332103321034,0.04843008432653152,0.011755253450574639,0.04969019579047806,0.577472448348999,0.42071109650144906,0.6742539278460546,0.0384216234087944,0.12293853073463268,0.5572213893053474,2000,0.10390765105302516,0.6877294531992113,0.2617610113861988,1.0,1.0,1.0
phrase_function_1_2_3gram_shuffle19,Thanksgiving,21,938,0.021897810218978103,0.03816453963839266,0.009043540205119443,0.13369503674947875,0.6800182461738586,0.4895763268720666,0.7518247961997986,0.00236869091168046,0.020989505247376312,0.07396301849075462,2000,0.004974250914528966,0.032922877447965224,0.05066432301090834,0.335329947389719,0.18726696131488157,1.0
phrase_function_1_2_3gram_shuffle19,Trust,15,810,0.01818181818181818,0.015006102066343792,0.0060835483026318886,0.12430846204346731,0.3991769552230835,0.23443011476928416,0.4527131205694599,0.9098878502845764,0.8735632183908046,1.0,2000,0.9626190986724343,1.0,0.9485641794487372,1.0,1.0,1.0
phrase_function_1_2_3gram_shuffle19,Wisdom,28,1064,0.02564102564102564,0.050152469449430165,0.006800889602632804,0.10265777277176309,0.6041219234466553,0.3357316511570902,0.6900084614753723,0.029864240437746048,0.09795102448775612,0.35732133933033483,2000,0.03309493663285842,0.2190441458691373,0.1044147976773035,0.6910860844681518,0.39184063320820006,1.0
phrase_function_1_2_3gram_shuffle17,Hymn,136,2108,0.06060606060606061,0.050472740448945355,0.030783214475601575,0.031742059456178896,0.42566484212875366,0.32729699187340344,0.5100143875417622,0.9981927871704102,0.9560219890054973,1.0,2000,1.0,1.0,1.0,1.0,1.0,1.0
phrase_function_1_2_3gram_shuffle17,Lament,1596,4788,0.25,0.35612682430584786,0.24662457910342192,0.4319863614969745,0.6655213236808777,0.5945187886141081,0.7302377976715044,0.0,0.0004997501249375312,0.10144927536231885,2000,0.0,0.0,0.0005451819544773067,0.0036083742019672915,0.17043478260869566,1.0
phrase_function_1_2_3gram_shuffle17,Praise,630,3780,0.14285714285714285,0.1333381234348086,0.0896179087506951,0.14409072229346037,0.4624779522418976,0.40399722237543817,0.5184870287779125,0.9987367391586304,0.8580709645177411,1.0,2000,1.0,1.0,0.9980009995002499,1.0,1.0,1.0
phrase_function_1_2_3gram_shuffle17,Royal,45,1310,0.033210332103321034,0.04931396818227698,0.010453750585833562,0.05465449057740524,0.5850211977958679,0.4279753595179061,0.6737644794745021,0.02608550898730755,0.10144927536231885,0.4862568715642179,2000,0.10390765105302516,0.6877294531992113,0.2617610113861988,1.0,1.0,1.0
phrase_function_1_2_3gram_shuffle17,Thanksgiving,21,938,0.021897810218978103,0.035343166576601026,0.007455311398388443,0.13079501948718067,0.6460554599761963,0.38230737717720187,0.7200647012782685,0.010969016700983047,0.04547726136931534,0.15692153923038482,2000,0.013687441059382709,0.09059252384275361,0.058516196447230925,0.387298831011156,0.19851520023120972,1.0
phrase_function_1_2_3gram_shuffle17,Trust,15,810,0.01818181818181818,0.015749092741016914,0.006453263546419088,0.1270027729051564,0.4260905385017395,0.272152803199528,0.4757598031110016,0.8370720744132996,0.7881059470264867,1.0,2000,0.9626190986724343,1.0,0.9485641794487372,1.0,1.0,1.0
phrase_function_1_2_3gram_shuffle17,Wisdom,28,1064,0.02564102564102564,0.051052206440947885,0.006818518884989436,0.10019726113042053,0.6017051339149475,0.33601342525475064,0.6851062660181053,0.032951388508081436,0.09745127436281859,0.36931534232883556,2000,0.035761196830475975,0.236691216601769,0.10441207967444847,0.6910680949303428,0.4008073482638525,1.0
phrase_function_1_2_3gram_shuffle20,Hymn,136,2108,0.06060606060606061,0.04982934950928135,0.030592716247819358,0.03500720165965726,0.42883554100990295,0.32103293276078654,0.5117393538684328,0.9973307847976685,0.9450274862568716,1.0,2000,1.0,1.0,1.0,1.0,1.0,1.0
phrase_function_1_2_3gram_shuffle20,Lament,1596,4788,0.25,0.35420782426174235,0.24911104975972923,0.4286945863990649,0.6614783406257629,0.5921158102505041,0.72762131914089,0.0,0.0004997501249375312,0.11694152923538231,2000,0.0,0.0,0.0005451819544773067,0.0036083742019672915,0.17811516776822856,1.0
phrase_function_1_2_3gram_shuffle20,Praise,630,3780,0.14285714285714285,0.132572731244892,0.08981191287745562,0.1420935838646551,0.45845910906791687,0.39935415717952366,0.5094652291397415,0.9995865225791931,0.8875562218890555,1.0,2000,1.0,1.0,0.9980009995002499,1.0,1.0,1.0
phrase_function_1_2_3gram_shuffle20,Royal,45,1310,0.033210332103321034,0.04696665264251621,0.009949272814736778,0.06908601263225425,0.5888379812240601,0.4269279453032855,0.6853996490516135,0.02123440057039261,0.09545227386306847,0.45077461269365315,2000,0.10390765105302516,0.6877294531992113,0.2617610113861988,1.0,1.0,1.0
phrase_function_1_2_3gram_shuffle20,Thanksgiving,21,938,0.021897810218978103,0.044101928174818866,0.009463753446450587,0.14007948255516323,0.6916946172714233,0.477806489561516,0.7910564699081084,0.0013166476273909211,0.017991004497751123,0.05897051474262868,2000,0.0034347329410197944,0.02273333083246606,0.05022028862869178,0.33239103461680297,0.18726696131488157,1.0
phrase_function_1_2_3gram_shuffle20,Trust,15,810,0.01818181818181818,0.014960203546768119,0.006059543786876889,0.12791361781127186,0.40353909134864807,0.23359865649006983,0.44755789624447395,0.9000979661941528,0.862568715642179,1.0,2000,0.9626190986724343,1.0,0.9485641794487372,1.0,1.0,1.0
phrase_function_1_2_3gram_shuffle20,Wisdom,28,1064,0.02564102564102564,0.05198632665472989,0.006672227878918678,0.10384387465052235,0.6171790957450867,0.3149123105185408,0.6872186957339806,0.017047835513949394,0.0704647676161919,0.280359820089955,2000,0.020634267769045374,0.13657121055243537,0.08383910027988838,0.5549025313138652,0.34329773888565923,1.0
phrase_function_1_2_3gram_shuffle18,Hymn,136,2108,0.06060606060606061,0.05070238338074147,0.03025604610163057,0.03278581029806799,0.43188413977622986,0.327681807782081,0.5190197056370612,0.9961680769920349,0.9355322338830585,1.0,2000,1.0,1.0,1.0,1.0,1.0,1.0
phrase_function_1_2_3gram_shuffle18,Lament,1596,4788,0.25,0.3620975152093264,0.2563243329151378,0.43975315679690263,0.6716437339782715,0.6006984720422,0.739096690359646,0.0,0.0004997501249375312,0.09345327336331834,2000,0.0,0.0,0.0005451819544773067,0.0036083742019672915,0.16774039758363496,1.0
phrase_function_1_2_3gram_shuffle18,Praise,630,3780,0.14285714285714285,0.13335387316704428,0.08969268334748191,0.14342617122934315,0.46195536851882935,0.40346768115992204,0.5177950422125681,0.9989014267921448,0.872063968015992,1.0,2000,1.0,1.0,0.9980009995002499,1.0,1.0,1.0
phrase_function_1_2_3gram_shuffle18,Royal,45,1310,0.033210332103321034,0.046764917505220785,0.010110084000396657,0.06981295678647394,0.5826632976531982,0.41051703259276123,0.6785484333185283,0.029522106051445007,0.10744627686156921,0.504247876061969,2000,0.10390765105302516,0.6877294531992113,0.2617610113861988,1.0,1.0,1.0
phrase_function_1_2_3gram_shuffle18,Thanksgiving,21,938,0.021897810218978103,0.03535149736610038,0.008618835741141175,0.1320277151595214,0.6588993668556213,0.4682156041491571,0.7366339622677461,0.006333790719509125,0.03698150924537731,0.11744127936031984,2000,0.009193675271395979,0.060849814264992814,0.055823152253660406,0.36947448610569344,0.18726696131488157,1.0
phrase_function_1_2_3gram_shuffle18,Trust,15,810,0.01818181818181818,0.01443095218024084,0.005820511273743209,0.12384386907058001,0.38106995820999146,0.2023274919344503,0.4387670321481062,0.9430187940597534,0.9240379810094953,1.0,2000,0.9626190986724343,1.0,0.9485641794487372,1.0,1.0,1.0
phrase_function_1_2_3gram_shuffle18,Wisdom,28,1064,0.02564102564102564,0.04933172137853113,0.0070010247038029,0.10068508142960728,0.6149301528930664,0.3587184642380241,0.7116811907856226,0.018842458724975586,0.07296351824087956,0.29035482258870565,2000,0.022418789417817976,0.14838235328634483,0.08512410461435949,0.5634075385905041,0.34982508745627183,1.0
phrase_function_1_2_3gram_shuffle15,Hymn,136,2108,0.06060606060606061,0.049453011291154494,0.02977643556024273,0.031913051659832076,0.417924702167511,0.31373018569273436,0.5081466204389188,0.99934321641922,0.9705147426286856,1.0,2000,1.0,1.0,1.0,1.0,1.0,1.0
phrase_function_1_2_3gram_shuffle15,Lament,1596,4788,0.25,0.3743383531925963,0.2635359787835443,0.4509268436771983,0.6754864454269409,0.6063276406454102,0.7402525337531982,0.0,0.0004997501249375312,0.08395802098950525,2000,0.0,0.0,0.0005451819544773067,0.0036083742019672915,0.16774039758363496,1.0
phrase_function_1_2_3gram_shuffle15,Praise,630,3780,0.14285714285714285,0.13031528648077412,0.08916221435969629,0.14012672122592623,0.45634061098098755,0.4003006861408928,0.5107158321655003,0.9997794032096863,0.9020489755122438,1.0,2000,1.0,1.0,0.9980009995002499,1.0,1.0,1.0
phrase_function_1_2_3gram_shuffle15,Royal,45,1310,0.033210332103321034,0.045663295170623085,0.010552722516742228,0.06952776896207714,0.5804580450057983,0.4204510709890402,0.6800878652778455,0.033068422228097916,0.11494252873563218,0.5227386306846576,2000,0.10390765105302516,0.6877294531992113,0.2617610113861988,1.0,1.0,1.0
phrase_function_1_2_3gram_shuffle15,Thanksgiving,21,938,0.021897810218978103,0.038778485271108144,0.00897567433252646,0.1345418145137188,0.6650421619415283,0.46384498049179007,0.7635049381480474,0.0048075891099870205,0.030984507746126936,0.10294852573713144,2000,0.007910200547485147,0.05235493096116601,0.05392560636677709,0.3569152743250256,0.18726696131488157,1.0
phrase_function_1_2_3gram_shuffle15,Trust,15,810,0.01818181818181818,0.01471909223792256,0.006143708992475374,0.12764863768751783,0.39530864357948303,0.24076403575132765,0.43609945211392975,0.9179567694664001,0.8860569715142429,1.0,2000,0.9626190986724343,1.0,0.9485641794487372,1.0,1.0,1.0
phrase_function_1_2_3gram_shuffle15,Wisdom,28,1064,0.02564102564102564,0.04519079100809094,0.007140466964341183,0.09074148330570707,0.5996240377426147,0.3595119520120102,0.6766183000498538,0.0358162447810173,0.09795102448775612,0.3888055972013993,2000,0.0386704956504557,0.2559468774350288,0.1044147976773035,0.6910860844681518,0.41446281935174545,1.0
phrase_function_1_2_3gram_shuffle16,Hymn,136,2108,0.06060606060606061,0.04946397276604516,0.02974457620661494,0.032422732735883024,0.42410215735435486,0.3348008381189645,0.5054421308998777,0.9985166192054749,0.9555222388805598,1.0,2000,1.0,1.0,1.0,1.0,1.0,1.0
phrase_function_1_2_3gram_shuffle16,Lament,1596,4788,0.25,0.36312710397423775,0.25632706117394655,0.43974923498107793,0.6722958087921143,0.6053275515939154,0.7389129834140528,0.0,0.0004997501249375312,0.08945527236381809,2000,0.0,0.0,0.0005451819544773067,0.0036083742019672915,0.16774039758363496,1.0
phrase_function_1_2_3gram_shuffle16,Praise,630,3780,0.14285714285714285,0.13025989556296425,0.08873160425759526,0.13748275727881984,0.4577494263648987,0.40008720834656014,0.508356949864309,0.9996639490127563,0.887056471764118,1.0,2000,1.0,1.0,0.9980009995002499,1.0,1.0,1.0
phrase_function_1_2_3gram_shuffle16,Royal,45,1310,0.033210332103321034,0.046187349117356516,0.010622780903264338,0.06334906403281622,0.5819677710533142,0.42568087575515634,0.6749163076096729,0.03060479648411274,0.11494252873563218,0.5122438780609695,2000,0.10390765105302516,0.6877294531992113,0.2617610113861988,1.0,1.0,1.0
phrase_function_1_2_3gram_shuffle16,Thanksgiving,21,938,0.021897810218978103,0.041494509558706316,0.009582398495291527,0.13877235653965062,0.6813381910324097,0.4826529582070087,0.7641662947176603,0.002220009220764041,0.02048975512243878,0.0704647676161919,2000,0.004880614505964331,0.03230312986047687,0.05066432301090834,0.335329947389719,0.18726696131488157,1.0
phrase_function_1_2_3gram_shuffle16,Trust,15,810,0.01818181818181818,0.014636889873770872,0.005803694990159409,0.11876582512519886,0.375308632850647,0.20539367531911726,0.42165517654970447,0.9512579441070557,0.9370314842578711,1.0,2000,0.9626190986724343,1.0,0.9485641794487372,1.0,1.0,1.0
phrase_function_1_2_3gram_shuffle16,Wisdom,28,1064,0.02564102564102564,0.054400269705535895,0.0068600996640426236,0.09840871617298287,0.6104658842086792,0.3406456078453375,0.6927547189825729,0.02288399450480938,0.07846076961519241,0.31984007996002,2000,0.026332267649369696,0.17428433660534629,0.09003694873874539,0.595923985349489,0.3670295999541213,1.0
phrase_function_1_2_3gram_shuffle21,Hymn,136,2108,0.06060606060606061,0.048481853987213,0.029362987617599957,0.031484482191459134,0.4152388572692871,0.3101653767810056,0.49573403218314643,0.9995468854904175,0.9760119940029985,1.0,2000,1.0,1.0,1.0,1.0,1.0,1.0
phrase_function_1_2_3gram_shuffle21,Lament,1596,4788,0.25,0.3634331321414978,0.25150792583021414,0.4427098958054096,0.6668203473091125,0.5983825992831099,0.7333210775412352,0.0,0.0004997501249375312,0.09945027486256872,2000,0.0,0.0,0.0005451819544773067,0.0036083742019672915,0.16910573053554195,1.0
phrase_function_1_2_3gram_shuffle21,Praise,630,3780,0.14285714285714285,0.13221848654899795,0.09046632943679217,0.1421041664492364,0.4584231972694397,0.4019262059370561,0.5125478270639844,0.9995908141136169,0.8900549725137431,1.0,2000,1.0,1.0,0.9980009995002499,1.0,1.0,1.0
phrase_function_1_2_3gram_shuffle21,Royal,45,1310,0.033210332103321034,0.04804504361316986,0.011761589436128034,0.07084305088749364,0.5901102423667908,0.4282800339367045,0.6865273952297898,0.0197971910238266,0.09495252373813093,0.45327336331834084,2000,0.10390765105302516,0.6877294531992113,0.2617610113861988,1.0,1.0,1.0
phrase_function_1_2_3gram_shuffle21,Thanksgiving,21,938,0.021897810218978103,0.03405852387154721,0.007660335879443312,0.1320543830399721,0.6444816589355469,0.3999101685860858,0.7234834121639998,0.011702930554747581,0.04597701149425287,0.16241879060469766,2000,0.014205869459520185,0.0940238253545888,0.058516196447230925,0.387298831011156,0.20182216584015683,1.0
phrase_function_1_2_3gram_shuffle21,Trust,15,810,0.01818181818181818,0.015600983094614851,0.0061179588201482095,0.12056928411542409,0.42304527759552,0.24963455134493662,0.47190620633400143,0.8468352556228638,0.7981009495252374,1.0,2000,0.9626190986724343,1.0,0.9485641794487372,1.0,1.0,1.0
phrase_function_1_2_3gram_shuffle21,Wisdom,28,1064,0.02564102564102564,0.05401615024251858,0.00690164399808867,0.0961812541310579,0.6264433264732361,0.342796254016721,0.7193172547443233,0.011112903244793415,0.053973013493253376,0.23588205897051473,2000,0.014186684993353297,0.09389684988845935,0.07171962608037674,0.4746878476036282,0.31684794545402456,1.0
phrase_function_1_2_3gram_shuffle22,Hymn,136,2108,0.06060606060606061,0.0501535179271681,0.03089108785919172,0.0331468168044522,0.42632409930229187,0.32209865375453517,0.5050079525924831,0.9980378746986389,0.9540229885057471,1.0,2000,1.0,1.0,1.0,1.0,1.0,1.0
phrase_function_1_2_3gram_shuffle22,Lament,1596,4788,0.25,0.36007974899797035,0.2560927265101723,0.4349096038069785,0.6697648167610168,0.6002008623651731,0.7367911043327802,0.0,0.0004997501249375312,0.09395302348825588,2000,0.0,0.0,0.0005451819544773067,0.0036083742019672915,0.16774039758363496,1.0
phrase_function_1_2_3gram_shuffle22,Praise,630,3780,0.14285714285714285,0.13396765112214404,0.08873089153958034,0.14611944491981604,0.4591473639011383,0.39865239517538165,0.514493466604786,0.9994958639144897,0.8825587206396801,1.0,2000,1.0,1.0,0.9980009995002499,1.0,1.0,1.0
phrase_function_1_2_3gram_shuffle22,Royal,45,1310,0.033210332103321034,0.048579389757242644,0.012061620959197168,0.056997911768752414,0.5834944844245911,0.4113571383000389,0.6735634853234196,0.028270062059164047,0.1089455272363818,0.4987506246876562,2000,0.10390765105302516,0.6877294531992113,0.2617610113861988,1.0,1.0,1.0
phrase_function_1_2_3gram_shuffle22,Thanksgiving,21,938,0.021897810218978103,0.039878762292293576,0.009286605002022889,0.13591845182177464,0.6606254577636719,0.4672956071951729,0.7756175325412372,0.005866657011210918,0.03698150924537731,0.11894052973513243,2000,0.008768668842379309,0.05803684105203253,0.055823152253660406,0.36947448610569344,0.18726696131488157,1.0
phrase_function_1_2_3gram_shuffle22,Trust,15,810,0.01818181818181818,0.015345808417459347,0.005893329013546402,0.11869045791690505,0.3995884656906128,0.20785209647989883,0.43564906024166067,0.9089959263801575,0.8745627186406797,1.0,2000,0.9626190986724343,1.0,0.9485641794487372,1.0,1.0,1.0
phrase_function_1_2_3gram_shuffle22,Wisdom,28,1064,0.02564102564102564,0.05527695997041098,0.00736459790872491,0.08284485920086695,0.6148294806480408,0.3760381596752928,0.6938324840941406,0.018926434218883514,0.06896551724137931,0.2993503248375812,2000,0.02245509144613298,0.1486226240828655,0.08323424494649227,0.5508991992831098,0.3502148647124906,1.0
phrase_function_1_2_3gram_shuffle23,Hymn,136,2108,0.06060606060606061,0.04991845526836204,0.029441534752888156,0.031897781349394,0.4168992042541504,0.31926428485597774,0.49834483310087674,0.9994292855262756,0.9730134932533733,1.0,2000,1.0,1.0,1.0,1.0,1.0,1.0
phrase_function_1_2_3gram_shuffle23,Lament,1596,4788,0.25,0.35599217847104736,0.2559532318700949,0.4289516638193566,0.6679763197898865,0.5977372566411758,0.7350363136379167,0.0,0.0004997501249375312,0.09545227386306847,2000,0.0,0.0,0.0005451819544773067,0.0036083742019672915,0.16774039758363496,1.0
phrase_function_1_2_3gram_shuffle23,Praise,630,3780,0.14285714285714285,0.13193274128203036,0.08958211445561289,0.14146643676377774,0.45875513553619385,0.40355942972898273,0.5119979463176777,0.9995495676994324,0.887056471764118,1.0,2000,1.0,1.0,0.9980009995002499,1.0,1.0,1.0
phrase_function_1_2_3gram_shuffle23,Royal,45,1310,0.033210332103321034,0.04387577055425443,0.01205630857931885,0.06943270794303551,0.584614098072052,0.42535505104989463,0.6648699127746801,0.026653775945305824,0.10094952523738131,0.49225387306346824,2000,0.10390765105302516,0.6877294531992113,0.2617610113861988,1.0,1.0,1.0
phrase_function_1_2_3gram_shuffle23,Thanksgiving,21,938,0.021897810218978103,0.047892355333669895,0.009025822362688606,0.14618694001746355,0.6967204809188843,0.4520862640573046,0.8181102112548599,0.0010128015419468284,0.015992003998001,0.04847576211894053,2000,0.002935067525711553,0.019426215144929895,0.05022028862869178,0.33239103461680297,0.18726696131488157,1.0
phrase_function_1_2_3gram_shuffle23,Trust,15,810,0.01818181818181818,0.015529519701717436,0.005991923059825939,0.11956350192110006,0.41736626625061035,0.22062438024804595,0.47354502058618825,0.8639861345291138,0.8215892053973014,1.0,2000,0.9626190986724343,1.0,0.9485641794487372,1.0,1.0,1.0
phrase_function_1_2_3gram_shuffle23,Wisdom,28,1064,0.02564102564102564,0.04839365298264014,0.0073525702410293685,0.09728031181495958,0.6145609617233276,0.3754451515764269,0.7021371872050636,0.019151948392391205,0.06946526736631684,0.2943528235882059,2000,0.022594995294394116,0.1495486001403552,0.08359716989642714,0.5533012762701421,0.34982508745627183,1.0
phrase_function_1_2_3gram_shuffle26,Hymn,136,2108,0.06060606060606061,0.05004269071183909,0.030657549210232758,0.03454537383520877,0.4292576014995575,0.317494689289064,0.5119866916046545,0.9971916079521179,0.9460269865067467,1.0,2000,1.0,1.0,1.0,1.0,1.0,1.0
phrase_function_1_2_3gram_shuffle26,Lament,1596,4788,0.25,0.35809326256822366,0.2530122376879873,0.4331989759403386,0.6638362407684326,0.593033479088279,0.7297244754770131,0.0,0.0004997501249375312,0.10444777611194403,2000,0.0,0.0,0.0005451819544773067,0.0036083742019672915,0.17328545029810674,1.0
phrase_function_1_2_3gram_shuffle26,Praise,630,3780,0.14285714285714285,0.1303334874377729,0.08957059278608348,0.1384723189406052,0.4555097818374634,0.3965238532749051,0.5074567141725157,0.9998288750648499,0.9045477261369316,1.0,2000,1.0,1.0,0.9980009995002499,1.0,1.0,1.0
phrase_function_1_2_3gram_shuffle26,Royal,45,1310,0.033210332103321034,0.048765620545974345,0.011572341504448915,0.05398801265928884,0.5894317030906677,0.43784593387409765,0.6837208845706587,0.02055308222770691,0.09395302348825588,0.4587706146926537,2000,0.10390765105302516,0.6877294531992113,0.2617610113861988,1.0,1.0,1.0
phrase_function_1_2_3gram_shuffle26,Thanksgiving,21,938,0.021897810218978103,0.03447788323766783,0.008092712891861007,0.13292062614658415,0.645953893661499,0.4318341354022003,0.7050566501168564,0.011015131138265133,0.046476761619190406,0.15792103948025987,2000,0.013687441059382709,0.09059252384275361,0.05872063968015992,0.3886519713368937,0.199179689434562,1.0
phrase_function_1_2_3gram_shuffle26,Trust,15,810,0.01818181818181818,0.015006552716513945,0.005786751686941583,0.12320652714164622,0.4054321050643921,0.198951609245258,0.4526508866881822,0.8956159353256226,0.862568715642179,1.0,2000,0.9626190986724343,1.0,0.9485641794487372,1.0,1.0,1.0
phrase_function_1_2_3gram_shuffle26,Wisdom,28,1064,0.02564102564102564,0.05437525914054385,0.007466097805287131,0.10334791447534118,0.6129833459854126,0.3776649083881088,0.6982483558328857,0.020523447543382645,0.07146426786606697,0.2993503248375812,2000,0.023877695202827454,0.15803835520367931,0.0843117766959217,0.5580310159812057,0.3502148647124906,1.0
phrase_function_1_2_3gram_shuffle25,Hymn,136,2108,0.06060606060606061,0.05002093914209724,0.030013679311951008,0.03253614862799309,0.4303772747516632,0.3324674972705745,0.5106432375550719,0.9967899918556213,0.9420289855072463,1.0,2000,1.0,1.0,1.0,1.0,1.0,1.0
phrase_function_1_2_3gram_shuffle25,Lament,1596,4788,0.25,0.3614219392772502,0.25026595267437657,0.43632027980971605,0.6665555834770203,0.5964596261332421,0.7322869289441208,0.0,0.0004997501249375312,0.09845077461269365,2000,0.0,0.0,0.0005451819544773067,0.0036083742019672915,0.16877275647890339,1.0
phrase_function_1_2_3gram_shuffle25,Praise,630,3780,0.14285714285714285,0.13032013514399818,0.08893052433013826,0.1399872752541743,0.4524061381816864,0.39769145524941807,0.5033978879263401,0.9999361634254456,0.92103948025987,1.0,2000,1.0,1.0,0.9980009995002499,1.0,1.0,1.0
phrase_function_1_2_3gram_shuffle25,Royal,45,1310,0.033210332103321034,0.04654262651167416,0.010777845886659134,0.07065374391381322,0.5877692699432373,0.4531756416153422,0.6844686673373596,0.02250894345343113,0.09695152423788106,0.4777611194402799,2000,0.10390765105302516,0.6877294531992113,0.2617610113861988,1.0,1.0,1.0
phrase_function_1_2_3gram_shuffle25,Thanksgiving,21,938,0.021897810218978103,0.033371530307163555,0.008498720212883537,0.13035054368437873,0.6553964614868164,0.45854624830163726,0.7055822412185558,0.007384085562080145,0.03798100949525238,0.12993503248375812,2000,0.010257949222727577,0.06789388210009316,0.056296355133691425,0.37260645525943703,0.19042025379063046,1.0
phrase_function_1_2_3gram_shuffle25,Trust,15,810,0.01818181818181818,0.015246597299194172,0.005769916768953359,0.11989351725875351,0.4005761444568634,0.19394171440113087,0.45876334649389605,0.9068285822868347,0.8760619690154923,1.0,2000,0.9626190986724343,1.0,0.9485641794487372,1.0,1.0,1.0
phrase_function_1_2_3gram_shuffle25,Wisdom,28,1064,0.02564102564102564,0.04891075141852132,0.007064699873876089,0.09827588583488563,0.6043233275413513,0.352554338100623,0.6838633165690075,0.02961818501353264,0.09045477261369315,0.35082458770614694,2000,0.03290909445948071,0.2178141196392769,0.09867793376039252,0.6531157305560797,0.3862728321703023,1.0
phrase_function_1_2_3gram_shuffle28,Hymn,136,2108,0.06060606060606061,0.05110536153805488,0.030241400684148965,0.0328157458365979,0.4360768496990204,0.34297585262928554,0.5189466944155119,0.9938323497772217,0.9155422288855573,1.0,2000,1.0,1.0,1.0,1.0,1.0,1.0
phrase_function_1_2_3gram_shuffle28,Lament,1596,4788,0.25,0.36236792842110055,0.26067229884628723,0.44020045416613773,0.6723200678825378,0.6027779700191243,0.7370855265217325,0.0,0.0004997501249375312,0.08545727136431784,2000,0.0,0.0,0.0005451819544773067,0.0036083742019672915,0.16774039758363496,1.0
phrase_function_1_2_3gram_shuffle28,Praise,630,3780,0.14285714285714285,0.1358125812308347,0.09049725881450993,0.1490971724145516,0.4668613076210022,0.40641916642902426,0.5238980601624706,0.9961771368980408,0.8290854572713643,1.0,2000,1.0,1.0,0.9980009995002499,1.0,1.0,1.0
phrase_function_1_2_3gram_shuffle28,Royal,45,1310,0.033210332103321034,0.04463877751332281,0.009629028952780885,0.0670359317734852,0.5577099323272705,0.39768216153281677,0.6532467147448641,0.09376507997512817,0.17641179410294852,0.7221389305347327,2000,0.1393122002219143,0.9220601400536304,0.26420356255438715,1.0,1.0,1.0
phrase_function_1_2_3gram_shuffle28,Thanksgiving,21,938,0.021897810218978103,0.036039098290895556,0.009830727855456205,0.1339585052706329,0.6738755106925964,0.5252770828804121,0.7310179169763137,0.003186179092153907,0.025487256371814093,0.08095952023988005,2000,0.006052060241534098,0.04005653133776383,0.05121840993378908,0.3389972605532429,0.18726696131488157,1.0
phrase_function_1_2_3gram_shuffle28,Trust,15,810,0.01818181818181818,0.014758346025792526,0.00579678726051449,0.12754156799840924,0.38732510805130005,0.1974445941985822,0.4394446466473579,0.9328718185424805,0.9095452273863068,1.0,2000,0.9626190986724343,1.0,0.9485641794487372,1.0,1.0,1.0
phrase_function_1_2_3gram_shuffle28,Wisdom,28,1064,0.02564102564102564,0.05049899665483838,0.006974623792292865,0.10092763054688211,0.614258885383606,0.3501684424924111,0.6912725418432673,0.019408365711569786,0.0734632683658171,0.3028485757121439,2000,0.02276959105826623,0.15070419020520412,0.08523362628078227,0.5641324253048036,0.3523446033216079,1.0
phrase_function_1_2_3gram_shuffle27,Hymn,136,2108,0.06060606060606061,0.05189657863797115,0.03344719086970791,0.034003842684182634,0.43512460589408875,0.3379574114174342,0.5091229183817344,0.9944522976875305,0.928535732133933,1.0,2000,1.0,1.0,1.0,1.0,1.0,1.0
phrase_function_1_2_3gram_shuffle27,Lament,1596,4788,0.25,0.36266598617413465,0.25642129484477216,0.44068828496014434,0.6713258624076843,0.6007493326862223,0.7368276757788039,0.0,0.0004997501249375312,0.08995502248875563,2000,0.0,0.0,0.0005451819544773067,0.0036083742019672915,0.16774039758363496,1.0
phrase_function_1_2_3gram_shuffle27,Praise,630,3780,0.14285714285714285,0.1318509429755861,0.08685732751368856,0.14305430245835718,0.4523036777973175,0.3938392582870288,0.5074971208144365,0.9999382495880127,0.9250374812593704,1.0,2000,1.0,1.0,0.9980009995002499,1.0,1.0,1.0
phrase_function_1_2_3gram_shuffle27,Royal,45,1310,0.033210332103321034,0.04681932278795754,0.011156991328178776,0.051780431449007014,0.5856488347053528,0.4242410668872152,0.6774209884278204,0.025229299440979958,0.10194902548725637,0.4877561219390305,2000,0.10390765105302516,0.6877294531992113,0.2617610113861988,1.0,1.0,1.0
phrase_function_1_2_3gram_shuffle27,Thanksgiving,21,938,0.021897810218978103,0.03508772542425127,0.008155035641115116,0.13193537147356438,0.6560564637184143,0.43539435205814125,0.7250196585656703,0.0071752010844647884,0.04047976011994003,0.12893553223388307,2000,0.010078877777509068,0.06670866902044349,0.056296355133691425,0.37260645525943703,0.19042025379063046,1.0
phrase_function_1_2_3gram_shuffle27,Trust,15,810,0.01818181818181818,0.014365804857819053,0.005821700596248543,0.12700055013682737,0.3813168704509735,0.20052135726048778,0.4167013131367568,0.9426425695419312,0.9250374812593704,1.0,2000,0.9626190986724343,1.0,0.9485641794487372,1.0,1.0,1.0
phrase_function_1_2_3gram_shuffle27,Wisdom,28,1064,0.02564102564102564,0.051646577099591764,0.006384656835482729,0.1036381494272739,0.6093581914901733,0.3078290816000798,0.6969445361231458,0.02399292215704918,0.08345827086456771,0.32233883058470764,2000,0.027309017089324268,0.18074910942472025,0.09372319187999582,0.620321976779377,0.36788670881950325,1.0
phrase_function_1_2_3gram_shuffle24,Hymn,136,2108,0.06060606060606061,0.04757098108826101,0.02954489774467472,0.031203241042896394,0.4068813621997833,0.3139946579606077,0.47865206993958087,0.9998664259910583,0.9855072463768116,1.0,2000,1.0,1.0,1.0,1.0,1.0,1.0
phrase_function_1_2_3gram_shuffle24,Lament,1596,4788,0.25,0.36274339409736966,0.25457550795242,0.4400491001875878,0.6670129299163818,0.5956096599786669,0.7357237433856311,0.0,0.0004997501249375312,0.09645177411294353,2000,0.0,0.0,0.0005451819544773067,0.0036083742019672915,0.1680902287445489,1.0
phrase_function_1_2_3gram_shuffle24,Praise,630,3780,0.14285714285714285,0.13199531780688223,0.0899674687769451,0.14329431961754624,0.461349219083786,0.4015303306380554,0.5174824680629693,0.9990677237510681,0.8685657171414293,1.0,2000,1.0,1.0,0.9980009995002499,1.0,1.0,1.0
phrase_function_1_2_3gram_shuffle24,Royal,45,1310,0.033210332103321034,0.048911708602098806,0.01061326244123223,0.06405391269856256,0.5874554514884949,0.43308424104606974,0.680619197086605,0.022895244881510735,0.09845077461269365,0.4737631184407796,2000,0.10390765105302516,0.6877294531992113,0.2617610113861988,1.0,1.0,1.0
phrase_function_1_2_3gram_shuffle24,Thanksgiving,21,938,0.021897810218978103,0.03424143925399788,0.008624872238788703,0.1302608889761584,0.6502183079719543,0.4606021738413594,0.7250198440351945,0.009217560291290283,0.04097951024487756,0.1454272863568216,2000,0.012098047882318497,0.08007287019354231,0.05637957720169042,0.3731572738636401,0.19344559695074096,1.0
phrase_function_1_2_3gram_shuffle24,Trust,15,810,0.01818181818181818,0.014385151582356197,0.00558117868815055,0.12091738540679345,0.37308642268180847,0.16351557702804065,0.43890810271252184,0.9541693925857544,0.9395302348825587,1.0,2000,0.9626190986724343,1.0,0.9485641794487372,1.0,1.0,1.0
phrase_function_1_2_3gram_shuffle24,Wisdom,28,1064,0.02564102564102564,0.04961322408538173,0.006725817714031582,0.0984656941990849,0.6140239238739014,0.33337236891163957,0.6964622267314995,0.019609825685620308,0.0734632683658171,0.29685157421289354,2000,0.02294185734807947,0.15184436227239348,0.08523362628078227,0.5641324253048036,0.34982508745627183,1.0
phrase_function_1_2_3gram_shuffle29,Hymn,136,2108,0.06060606060606061,0.05114766148626211,0.02971910666320212,0.034057875132639304,0.4330247640609741,0.33159826772436213,0.5253267743364494,0.9956277012825012,0.9330334832583708,1.0,2000,1.0,1.0,1.0,1.0,1.0,1.0
phrase_function_1_2_3gram_shuffle29,Lament,1596,4788,0.25,0.3581770798399013,0.25223412815970264,0.4331573892255332,0.6701411604881287,0.6003063570947977,0.7348978896394569,0.0,0.0004997501249375312,0.09495252373813093,2000,0.0,0.0,0.0005451819544773067,0.0036083742019672915,0.16774039758363496,1.0
phrase_function_1_2_3gram_shuffle29,Praise,630,3780,0.14285714285714285,0.12904549157964898,0.08694638936704288,0.13792112252768185,0.4530230164527893,0.3955854776784949,0.5057519619400404,0.999921977519989,0.9175412293853074,1.0,2000,1.0,1.0,0.9980009995002499,1.0,1.0,1.0
phrase_function_1_2_3gram_shuffle29,Royal,45,1310,0.033210332103321034,0.04803564493948917,0.01102058516058222,0.07113131897036151,0.5934351086616516,0.43052329426597985,0.6898287284986709,0.01642562262713909,0.09095452273863068,0.4272863568215892,2000,0.10390765105302516,0.6877294531992113,0.2617610113861988,1.0,1.0,1.0
phrase_function_1_2_3gram_shuffle29,Thanksgiving,21,938,0.021897810218978103,0.041179641006932485,0.007943956595169504,0.13531279370139213,0.6556503176689148,0.4252811918736221,0.7500116120243921,0.007303118705749512,0.0384807596201899,0.13243378310844578,2000,0.010190398194069087,0.06744678478308576,0.056296355133691425,0.37260645525943703,0.1904869483066686,1.0
phrase_function_1_2_3gram_shuffle29,Trust,15,810,0.01818181818181818,0.014983673700576957,0.005711349666099902,0.12092911949626452,0.4005761444568634,0.18864821623298905,0.4604552565979926,0.9068285822868347,0.8690654672663668,1.0,2000,0.9626190986724343,1.0,0.9485641794487372,1.0,1.0,1.0
phrase_function_1_2_3gram_shuffle29,Wisdom,28,1064,0.02564102564102564,0.05455829133967818,0.006745214330053187,0.09806439991591617,0.5890843272209167,0.3229256978501245,0.6782641938845614,0.05360835790634155,0.12443778110944528,0.45377311344327836,2000,0.05518507431535159,0.3652512649360833,0.12716269602425068,0.8416466979844147,0.46597728030850105,1.0
phrase_function_1_2gram,Hymn,136,2108,0.06060606060606061,0.05001986053735155,0.02968152168521265,0.03223891881306953,0.43174460530281067,0.323319607983666,0.5127099575680663,0.996229887008667,0.9415292353823088,1.0,2000,1.0,1.0,1.0,1.0,1.0,1.0
phrase_function_1_2gram,Lament,1596,4788,0.25,0.39363070517906557,0.2897852528220684,0.47841948739307266,0.6826221346855164,0.6140435420603473,0.7508422893793164,0.0,0.0004997501249375312,0.07196401799100449,2000,0.0,0.0,0.0005451819544773067,0.0036083742019672915,0.16774039758363496,1.0
phrase_function_1_2gram,Praise,630,3780,0.14285714285714285,0.13834431271004582,0.09023673729128454,0.14728013580156307,0.4633883535861969,0.4037135852410315,0.5183876619334562,0.9983949065208435,0.8590704647676162,1.0,2000,1.0,1.0,0.9980009995002499,1.0,1.0,1.0
phrase_function_1_2gram,Royal,45,1310,0.033210332103321034,0.04516508390854665,0.009643589772220363,0.0691592200053354,0.5728923082351685,0.3902131321821173,0.682057506430072,0.0479871891438961,0.12743628185907047,0.5807096451774113,2000,0.10607694442334929,0.7020872692818821,0.2617610113861988,1.0,1.0,1.0
phrase_function_1_2gram,Thanksgiving,21,938,0.021897810218978103,0.039389020816534566,0.00862223850785648,0.12171010853510174,0.645446240901947,0.4594782322819644,0.7241248690649429,0.011248222552239895,0.044977511244377814,0.14492753623188406,2000,0.013813606643101627,0.09142757099302833,0.05830418124271198,0.38589557437705757,0.19344559695074096,1.0
phrase_function_1_2gram,Trust,15,810,0.01818181818181818,0.014718311369642093,0.005775154596213252,0.12748944753405697,0.3915226459503174,0.19492131212573968,0.43902232967399346,0.9253147840499878,0.9000499750124937,1.0,2000,0.9626190986724343,1.0,0.9485641794487372,1.0,1.0,1.0
phrase_function_1_2gram,Wisdom,28,1064,0.02564102564102564,0.03871395549951689,0.006384603704096347,0.096070622194751,0.5825725197792053,0.28826260927768643,0.6727017698343956,0.06771061569452286,0.1359320339830085,0.5122438780609695,2000,0.06803458993229569,0.4502978448516093,0.13658242649010421,0.9039926948086477,0.5146948057071942,1.0
phrase_function_1_2_3gram_shuffle30,Hymn,136,2108,0.06060606060606061,0.050906095594394,0.030376253194203732,0.03556710197812723,0.42965173721313477,0.33224933445630495,0.5119046663541974,0.99705570936203,0.9420289855072463,1.0,2000,1.0,1.0,1.0,1.0,1.0,1.0
phrase_function_1_2_3gram_shuffle30,Lament,1596,4788,0.25,0.3545935990360225,0.2470226419471078,0.4283952839511582,0.6628431677818298,0.5923514397909243,0.7310736917315765,0.0,0.0004997501249375312,0.11494252873563218,2000,0.0,0.0,0.0005451819544773067,0.0036083742019672915,0.17811516776822856,1.0
phrase_function_1_2_3gram_shuffle30,Praise,630,3780,0.14285714285714285,0.13016112634363342,0.08718093906415814,0.1402959342850328,0.45371419191360474,0.39813144603720607,0.5064569882026705,0.9999025464057922,0.9170414792603698,1.0,2000,1.0,1.0,0.9980009995002499,1.0,1.0,1.0
phrase_function_1_2_3gram_shuffle30,Royal,45,1310,0.033210332103321034,0.04881908891846659,0.010185954794757313,0.07083109012779369,0.5903986692428589,0.4305223115510564,0.6935436692521398,0.019483152776956558,0.09695152423788106,0.4472763618190905,2000,0.10390765105302516,0.6877294531992113,0.2617610113861988,1.0,1.0,1.0
phrase_function_1_2_3gram_shuffle30,Thanksgiving,21,938,0.021897810218978103,0.03545565486116285,0.00859368749326803,0.13168048143025293,0.6604223847389221,0.4677624929547187,0.7369801418889725,0.005919980816543102,0.034482758620689655,0.1184407796101949,2000,0.008785750814958622,0.05814990082715478,0.055028665442559625,0.3642160477266611,0.18726696131488157,1.0
phrase_function_1_2_3gram_shuffle30,Trust,15,810,0.01818181818181818,0.014472705916957325,0.006058672091973524,0.1272824686334514,0.38600823283195496,0.23837948082698862,0.42673202547581784,0.9351165890693665,0.9190404797601199,1.0,2000,0.9626190986724343,1.0,0.9485641794487372,1.0,1.0,1.0
phrase_function_1_2_3gram_shuffle30,Wisdom,28,1064,0.02564102564102564,0.055335308038863586,0.006925748809293801,0.10781999527031559,0.6143595576286316,0.34495044452952256,0.6978436307985624,0.019322574138641357,0.07296351824087956,0.3023488255872064,2000,0.02273244016310748,0.1504583010473369,0.08512410461435949,0.5634075385905041,0.3523446033216079,1.0
phrase_function_1_2gram_psalm_shuffle01,Hymn,136,2261,0.05673758865248227,0.04041199577003084,0.019162635715711255,0.019500490197738286,0.355916827917099,0.2839121042001569,0.4124034079316834,1.0,0.9995002498750625,1.0,2000,1.0,1.0,1.0,1.0,1.0,1.0
phrase_function_1_2gram_psalm_shuffle01,Lament,1711,5369,0.24166666666666667,0.36814809972279977,0.26042555279051605,0.4462741180491192,0.6775296926498413,0.6095028041826612,0.7390662830209417,0.0,0.0004997501249375312,0.06896551724137931,2000,0.0,0.0,0.0005451819544773067,0.0036083742019672915,0.16774039758363496,1.0
phrase_function_1_2gram_psalm_shuffle01,Praise,820,4469,0.15503875968992248,0.14350169758343262,0.10737323097492284,0.15796557529721342,0.4594680666923523,0.4031523318028925,0.5078352757096288,0.9998902678489685,0.889055472263868,1.0,2000,1.0,1.0,0.9980009995002499,1.0,1.0,1.0
phrase_function_1_2gram_psalm_shuffle01,Royal,45,1400,0.031141868512110725,0.04571092002147997,0.006835278526241653,0.049986660645096215,0.5751428604125977,0.36135011445683385,0.6651255027744623,0.042899955064058304,0.11394302848575712,0.5442278860569715,2000,0.10390765105302516,0.6877294531992113,0.2617610113861988,1.0,1.0,1.0
phrase_function_1_2gram_psalm_shuffle01,Thanksgiving,28,1136,0.024054982817869417,0.03602468636394078,0.010484809308161428,0.10732483053527352,0.6657758951187134,0.4770066107687556,0.7405928774094632,0.0013482210924848914,0.019490254872563718,0.09045477261369315,2000,0.0034382537176663227,0.022756633657363124,0.05022028862869178,0.33239103461680297,0.18726696131488157,1.0
phrase_function_1_2gram_psalm_shuffle01,Trust,15,864,0.017064846416382253,0.015344164245664618,0.006156784079983987,0.11956227080818915,0.4456790089607239,0.291007096447842,0.4951307324958798,0.7650524377822876,0.7066466766616691,1.0,2000,0.9626190986724343,1.0,0.9485641794487372,1.0,1.0,1.0
phrase_function_1_2gram_psalm_shuffle01,Wisdom,36,1269,0.027586206896551724,0.05046686232557228,0.008394928633009013,0.09823087752180361,0.6103668808937073,0.4336275753843143,0.7192181825573257,0.011880244128406048,0.06996501749125437,0.29535232383808097,2000,0.014829291611113958,0.09815004484933097,0.08371882434850951,0.5541064657721853,0.34982508745627183,1.0
phrase_function_1_2gram_psalm_shuffle04,Hymn,136,2261,0.05673758865248227,0.03999735558587331,0.018260172603897895,0.018605429042531478,0.35298997163772583,0.28745188481142575,0.39399498237711006,1.0,0.9995002498750625,1.0,2000,1.0,1.0,1.0,1.0,1.0,1.0
phrase_function_1_2gram_psalm_shuffle04,Lament,1711,5369,0.24166666666666667,0.36501223919909,0.2581198074839466,0.43850250040642297,0.6757234930992126,0.6099090594188781,0.7390877330903535,0.0,0.0004997501249375312,0.062468765617191405,2000,0.0,0.0,0.0005451819544773067,0.0036083742019672915,0.16774039758363496,1.0
phrase_function_1_2gram_psalm_shuffle04,Praise,820,4469,0.15503875968992248,0.14569570070827503,0.11012460596613546,0.16002189331919883,0.4660641849040985,0.40949179366512906,0.513985164355217,0.9990129470825195,0.8525737131434283,1.0,2000,1.0,1.0,0.9980009995002499,1.0,1.0,1.0
phrase_function_1_2gram_psalm_shuffle04,Royal,45,1400,0.031141868512110725,0.04143094081406716,0.006517398844201324,0.04355568810563631,0.5554285645484924,0.34099102201936526,0.6542329250237441,0.1025402769446373,0.1794102948525737,0.7181409295352323,2000,0.145313463255063,0.9617804619208415,0.26420356255438715,1.0,1.0,1.0
phrase_function_1_2gram_psalm_shuffle04,Thanksgiving,28,1136,0.024054982817869417,0.03584273535287473,0.008156700691870428,0.10936354174383636,0.6506538987159729,0.45293092295794934,0.731124129263142,0.003198946127668023,0.02948525737131434,0.12443778110944528,2000,0.006052060241534098,0.04005653133776383,0.05392560636677709,0.3569152743250256,0.18875454359151358,1.0
phrase_function_1_2gram_psalm_shuffle04,Trust,15,864,0.017064846416382253,0.014542402520492033,0.006169680427271504,0.11600648760767275,0.42592594027519226,0.2902560488443447,0.4661214109770165,0.837748110294342,0.7856071964017991,1.0,2000,0.9626190986724343,1.0,0.9485641794487372,1.0,1.0,1.0
phrase_function_1_2gram_psalm_shuffle04,Wisdom,36,1269,0.027586206896551724,0.05337696764783547,0.008101644209605435,0.09064907699136433,0.6233692169189453,0.43041365332791737,0.7584532668773624,0.005745959933847189,0.053973013493253376,0.23288355822088955,2000,0.009187782686132896,0.06081081324437652,0.07171962608037674,0.4746878476036282,0.31551965952507616,1.0
phrase_function_1_2gram_psalm,Hymn,136,2261,0.05673758865248227,0.0406178331862479,0.01798287876678224,0.018338285325775337,0.360320121049881,0.2684778527962235,0.4142455087362598,1.0,0.9995002498750625,1.0,2000,1.0,1.0,1.0,1.0,1.0,1.0
phrase_function_1_2gram_psalm,Lament,1711,5369,0.24166666666666667,0.37760515119605553,0.2728252043091933,0.45425228348849844,0.687267005443573,0.6164413344961672,0.7493831203362776,0.0,0.0004997501249375312,0.050974512743628186,2000,0.0,0.0,0.0005451819544773067,0.0036083742019672915,0.16774039758363496,1.0
phrase_function_1_2gram_psalm,Praise,820,4469,0.15503875968992248,0.1429897049977818,0.10591285807210896,0.15771611143904465,0.45888957381248474,0.40304819526889996,0.5068092632881065,0.9999109506607056,0.8950524737631185,1.0,2000,1.0,1.0,0.9980009995002499,1.0,1.0,1.0
phrase_function_1_2gram_psalm,Royal,45,1400,0.031141868512110725,0.04185011008005064,0.006636887550905986,0.051012411414146426,0.5588015913963318,0.35750164486674524,0.6541171177203128,0.08942019939422607,0.17091454272863568,0.6881559220389805,2000,0.13509526527185234,0.8941496797747931,0.26420356255438715,1.0,1.0,1.0
phrase_function_1_2gram_psalm,Thanksgiving,28,1136,0.024054982817869417,0.03276614023341008,0.007620093686174041,0.10574273265045701,0.6275779604911804,0.4243223303140294,0.7033570713381587,0.010472663678228855,0.0544727636181909,0.21039480259870064,2000,0.013248550436313612,0.08768765586471086,0.06372858139175538,0.42179783672857213,0.2414366587198204,1.0
phrase_function_1_2gram_psalm,Trust,15,864,0.017064846416382253,0.015217446958549007,0.00597364521763546,0.11733676729748033,0.4462963044643402,0.2789115607738495,0.49711283361330433,0.7625235319137573,0.7066466766616691,1.0,2000,0.9626190986724343,1.0,0.9485641794487372,1.0,1.0,1.0
phrase_function_1_2gram_psalm,Wisdom,36,1269,0.027586206896551724,0.05159490376892932,0.008681481888506268,0.09082521965392802,0.6113080978393555,0.4221545780641406,0.7318778986744976,0.011295999400317669,0.07096451774112944,0.29735132433783107,2000,0.014290119723293436,0.09458144923742585,0.08419519054032307,0.5572593718122933,0.34982508745627183,1.0
phrase_function_1_2gram_psalm_shuffle03,Hymn,136,2261,0.05673758865248227,0.040320210687277744,0.018733335248977755,0.019079313462295435,0.3555818498134613,0.26802545148365076,0.40585185119122696,1.0,1.0,1.0,2000,1.0,1.0,1.0,1.0,1.0,1.0
phrase_function_1_2gram_psalm_shuffle03,Lament,1711,5369,0.24166666666666667,0.35566663414178695,0.25090734931091857,0.43101557573171884,0.6676247715950012,0.6004456829981545,0.7332956155415477,0.0,0.0004997501249375312,0.0879560219890055,2000,0.0,0.0,0.0005451819544773067,0.0036083742019672915,0.16774039758363496,1.0
phrase_function_1_2gram_psalm_shuffle03,Praise,820,4469,0.15503875968992248,0.14453838782576517,0.10827445808096403,0.15975436786213598,0.4692259430885315,0.41012919064505216,0.5178515534379244,0.997490644454956,0.823088455772114,1.0,2000,1.0,1.0,0.9980009995002499,1.0,1.0,1.0
phrase_function_1_2gram_psalm_shuffle03,Royal,45,1400,0.031141868512110725,0.044874138886034476,0.006519381275825189,0.04756880254175554,0.5684762001037598,0.3473088543306253,0.6716853617918532,0.05872739478945732,0.13193403298350825,0.5977011494252874,2000,0.11068773276335456,0.7326045113882497,0.2617610113861988,1.0,1.0,1.0
phrase_function_1_2gram_psalm_shuffle03,Thanksgiving,28,1136,0.024054982817869417,0.03950647413492194,0.009360545793375884,0.10714957018876302,0.6669076681137085,0.48941022292248826,0.746630070245103,0.001260268734768033,0.019490254872563718,0.08895552223888056,2000,0.0033402554254280403,0.02210801624322201,0.05022028862869178,0.33239103461680297,0.18726696131488157,1.0
phrase_function_1_2gram_psalm_shuffle03,Trust,15,864,0.017064846416382253,0.01607870340214969,0.006246732558621565,0.1190711272531622,0.4707561731338501,0.30802032736041535,0.5316110809207409,0.6514643430709839,0.5997001499250375,1.0,2000,0.9626190986724343,1.0,0.9485641794487372,1.0,1.0,1.0
phrase_function_1_2gram_psalm_shuffle03,Wisdom,36,1269,0.027586206896551724,0.05043385962139665,0.00805042619488736,0.09938072116707078,0.6234349012374878,0.4408129689067104,0.7463668417607616,0.0057239830493927,0.050974512743628186,0.22988505747126436,2000,0.009187782686132896,0.06081081324437652,0.07089170646464847,0.46920812884521707,0.31450073009098056,1.0
phrase_function_1_2gram_psalm_shuffle02,Hymn,136,2261,0.05673758865248227,0.04064854053582251,0.018661889634666324,0.019006119448087576,0.36106809973716736,0.2740989933719197,0.42159694113416574,1.0,0.9995002498750625,1.0,2000,1.0,1.0,1.0,1.0,1.0,1.0
phrase_function_1_2gram_psalm_shuffle02,Lament,1711,5369,0.24166666666666667,0.3531555061336733,0.24740679600472373,0.4257789174414171,0.6744996905326843,0.6072020921910031,0.7358507941975788,0.0,0.0004997501249375312,0.07196401799100449,2000,0.0,0.0,0.0005451819544773067,0.0036083742019672915,0.16774039758363496,1.0
phrase_function_1_2gram_psalm_shuffle02,Praise,820,4469,0.15503875968992248,0.1418146918471161,0.10688846698363177,0.15580426841006903,0.46363961696624756,0.4069639435291178,0.5101057218289791,0.9995420575141907,0.8680659670164917,1.0,2000,1.0,1.0,0.9980009995002499,1.0,1.0,1.0
phrase_function_1_2gram_psalm_shuffle02,Royal,45,1400,0.031141868512110725,0.04718657364471462,0.006990874679024871,0.04955780538711548,0.5829206109046936,0.37576643585218616,0.6815375007401069,0.028991717845201492,0.09895052473763119,0.4767616191904048,2000,0.10390765105302516,0.6877294531992113,0.2617610113861988,1.0,1.0,1.0
phrase_function_1_2gram_psalm_shuffle02,Thanksgiving,28,1136,0.024054982817869417,0.03794896154590024,0.009004843624621305,0.10987907467143976,0.6677565574645996,0.4872125771086581,0.7432528902495623,0.0011977843241766095,0.017991004497751123,0.0864567716141929,2000,0.0032500638805616363,0.021511069038607493,0.05022028862869178,0.33239103461680297,0.18726696131488157,1.0
phrase_function_1_2gram_psalm_shuffle02,Trust,15,864,0.017064846416382253,0.014193363456813294,0.005645626860257761,0.11596868012726749,0.406558632850647,0.23582766950130463,0.46612653136253357,0.8930128812789917,0.855072463768116,1.0,2000,0.9626190986724343,1.0,0.9485641794487372,1.0,1.0,1.0
phrase_function_1_2gram_psalm_shuffle02,Wisdom,36,1269,0.027586206896551724,0.05660005306156719,0.008308206097830199,0.09493149768871242,0.630176842212677,0.4399541106040046,0.749806260688937,0.0038283043541014194,0.04397801099450275,0.20089955022488756,2000,0.0070993300208723855,0.04698805433339804,0.0689207634988476,0.4561631267263128,0.3108201996562694,1.0
phrase_function_1_2gram_psalm_shuffle05,Hymn,136,2261,0.05673758865248227,0.039801726516173745,0.01814181826858235,0.018491474180829203,0.3478809595108032,0.2844836907758356,0.3976340108527365,1.0,1.0,1.0,2000,1.0,1.0,1.0,1.0,1.0,1.0
phrase_function_1_2gram_psalm_shuffle05,Lament,1711,5369,0.24166666666666667,0.35584058099545746,0.2553954813002391,0.427436036513057,0.6678478121757507,0.6015295632172505,0.7302123756832635,0.0,0.0004997501249375312,0.08495752123938032,2000,0.0,0.0,0.0005451819544773067,0.0036083742019672915,0.16774039758363496,1.0
phrase_function_1_2gram_psalm_shuffle05,Praise,820,4469,0.15503875968992248,0.14364626944895195,0.10761918179406776,0.15784498593952861,0.46559715270996094,0.4112103266676381,0.5123301044006762,0.9991456270217896,0.8480759620189905,1.0,2000,1.0,1.0,0.9980009995002499,1.0,1.0,1.0
phrase_function_1_2gram_psalm_shuffle05,Royal,45,1400,0.031141868512110725,0.04628721450381015,0.006445653511565935,0.04899209402266904,0.5752063393592834,0.3466097003050867,0.6751219612453598,0.042767707258462906,0.11594202898550725,0.5392303848075962,2000,0.10390765105302516,0.6877294531992113,0.2617610113861988,1.0,1.0,1.0
phrase_function_1_2gram_psalm_shuffle05,Thanksgiving,28,1136,0.024054982817869417,0.03400044582418388,0.00804320085609562,0.10557443670524176,0.6357520222663879,0.4521737975337661,0.7169037558016532,0.007006603293120861,0.04147926036981509,0.17991004497751126,2000,0.00994658408065637,0.0658330619705663,0.05637957720169042,0.3731572738636401,0.21285132081846403,1.0
phrase_function_1_2gram_psalm_shuffle05,Trust,15,864,0.017064846416382253,0.01571483666451183,0.006130018817400431,0.11782824369553387,0.4665895104408264,0.2921184171556241,0.5328798294067383,0.6717201471328735,0.6201899050474763,1.0,2000,0.9626190986724343,1.0,0.9485641794487372,1.0,1.0,1.0
phrase_function_1_2gram_psalm_shuffle05,Wisdom,36,1269,0.027586206896551724,0.05443251972474804,0.00801391252361276,0.10137471850068025,0.6140661835670471,0.42372171065703806,0.7337177182113628,0.009725515730679035,0.06496751624187906,0.2813593203398301,2000,0.012764739396516234,0.08448547490421743,0.0795520607043417,0.5265280723278803,0.3435201004149088,1.0
phrase_function_1_2gram_psalm_shuffle06,Hymn,136,2261,0.05673758865248227,0.04062867935298045,0.01885963823660079,0.019196658570041165,0.355884313583374,0.2763268259542882,0.41425377116150486,1.0,1.0,1.0,2000,1.0,1.0,1.0,1.0,1.0,1.0
phrase_function_1_2gram_psalm_shuffle06,Lament,1711,5369,0.24166666666666667,0.35965068599852246,0.2547946115595922,0.43398136721726555,0.6769545674324036,0.6078532548593493,0.7386370997317575,0.0,0.0004997501249375312,0.06996501749125437,2000,0.0,0.0,0.0005451819544773067,0.0036083742019672915,0.16774039758363496,1.0
phrase_function_1_2gram_psalm_shuffle06,Praise,820,4469,0.15503875968992248,0.14159802803685798,0.10782667344786072,0.15439592541126496,0.46099594235420227,0.40814934528805014,0.5055790450801096,0.9998118877410889,0.8820589705147426,1.0,2000,1.0,1.0,0.9980009995002499,1.0,1.0,1.0
phrase_function_1_2gram_psalm_shuffle06,Royal,45,1400,0.031141868512110725,0.04635664253345635,0.0065941322175219,0.05070033651294414,0.5829047560691833,0.35665601373736616,0.6764633530091254,0.029015734791755676,0.10044977511244378,0.48225887056471767,2000,0.10390765105302516,0.6877294531992113,0.2617610113861988,1.0,1.0,1.0
phrase_function_1_2gram_psalm_shuffle06,Thanksgiving,28,1136,0.024054982817869417,0.03402978410899655,0.009281379196681766,0.10631454112910042,0.6430143117904663,0.44713429166177415,0.7209725958853126,0.00482145557180047,0.035982008995502246,0.15292353823088456,2000,0.007910200547485147,0.05235493096116601,0.055356936916157305,0.36638876512283264,0.1964155536910444,1.0
phrase_function_1_2gram_psalm_shuffle06,Trust,15,864,0.017064846416382253,0.01598237788055595,0.005675293419415457,0.12097272599274374,0.4596450626850128,0.2411186695098877,0.5492683701468114,0.7043615579605103,0.6466766616691654,1.0,2000,0.9626190986724343,1.0,0.9485641794487372,1.0,1.0,1.0
phrase_function_1_2gram_psalm_shuffle06,Wisdom,36,1269,0.027586206896551724,0.061719730394384734,0.008162238680593802,0.09686264861203225,0.6144382953643799,0.4244219173244841,0.7366452287568085,0.009528953582048416,0.06196901549225387,0.27936031984008,2000,0.0125854103913847,0.08329855712297597,0.07746126936531735,0.5126898345295193,0.3430740769965894,1.0
phrase_function_1_2gram_psalm_shuffle07,Hymn,136,2261,0.05673758865248227,0.03888444013395213,0.01766993893814376,0.018019975439033033,0.3327425420284271,0.26155322534496245,0.37983127898677294,1.0,1.0,1.0,2000,1.0,1.0,1.0,1.0,1.0,1.0
phrase_function_1_2gram_psalm_shuffle07,Lament,1711,5369,0.24166666666666667,0.35970744764410334,0.25196357799063085,0.4300744426752522,0.6730287075042725,0.6018257604698307,0.73244331239866,0.0,0.0004997501249375312,0.07496251874062969,2000,0.0,0.0,0.0005451819544773067,0.0036083742019672915,0.16774039758363496,1.0
phrase_function_1_2gram_psalm_shuffle07,Praise,820,4469,0.15503875968992248,0.14733565443790447,0.11096178015032421,0.16131379292090975,0.47370490431785583,0.4163680954350584,0.5252778221017096,0.9917454719543457,0.7851074462768616,1.0,2000,1.0,1.0,0.9980009995002499,1.0,1.0,1.0
phrase_function_1_2gram_psalm_shuffle07,Royal,45,1400,0.031141868512110725,0.043221519673317936,0.006435770234420559,0.044631496465678454,0.554793655872345,0.3389549041209312,0.6470323750009785,0.10515902191400528,0.1854072963518241,0.7236381809095452,2000,0.14771501405980675,0.9776755110826565,0.2686370125517446,1.0,1.0,1.0
phrase_function_1_2gram_psalm_shuffle07,Thanksgiving,28,1136,0.024054982817869417,0.035399407197531034,0.008961565965270429,0.10724065353034902,0.656847357749939,0.4864701840349832,0.7341181203735406,0.0022644237615168095,0.026486756621689155,0.10794602698650675,2000,0.004927761553559897,0.032615180156429655,0.05174157107492765,0.34245988647043063,0.18726696131488157,1.0
phrase_function_1_2gram_psalm_shuffle07,Trust,15,864,0.017064846416382253,0.015466158581690332,0.005782101407528496,0.11741735615332222,0.45586419105529785,0.25495241110120603,0.52523811711189,0.7214817404747009,0.6611694152923538,1.0,2000,0.9626190986724343,1.0,0.9485641794487372,1.0,1.0,1.0
phrase_function_1_2gram_psalm_shuffle07,Wisdom,36,1269,0.027586206896551724,0.06110969249068915,0.007972964861091506,0.09242129673184864,0.6216837167739868,0.42875742191809024,0.7550916246785833,0.00633627874776721,0.053973013493253376,0.24737631184407796,2000,0.009642163311819668,0.06381820428903032,0.07171962608037674,0.4746878476036282,0.31901480452434333,1.0
phrase_function_1_2gram_psalm_shuffle09,Hymn,136,2261,0.05673758865248227,0.04026901186073597,0.01837635374449942,0.01872297980078143,0.3528793752193451,0.2650024398756674,0.4102582585234312,1.0,1.0,1.0,2000,1.0,1.0,1.0,1.0,1.0,1.0
phrase_function_1_2gram_psalm_shuffle09,Lament,1711,5369,0.24166666666666667,0.3540488160870292,0.24648509324901774,0.4286028560186926,0.6667395234107971,0.5981672563931396,0.7279334381853796,0.0,0.0004997501249375312,0.08945527236381809,2000,0.0,0.0,0.0005451819544773067,0.0036083742019672915,0.16774039758363496,1.0
phrase_function_1_2gram_psalm_shuffle09,Praise,820,4469,0.15503875968992248,0.14709162201775047,0.10953030578918148,0.16082374438464142,0.4707775413990021,0.41540166197856976,0.5199074031231887,0.9961432814598083,0.8055972013993004,1.0,2000,1.0,1.0,0.9980009995002499,1.0,1.0,1.0
phrase_function_1_2gram_psalm_shuffle09,Royal,45,1400,0.031141868512110725,0.045149730622125454,0.007272727653580773,0.047134355156755695,0.581682562828064,0.39932759203573753,0.667900913811251,0.03091493807733059,0.10044977511244378,0.48225887056471767,2000,0.10390765105302516,0.6877294531992113,0.2617610113861988,1.0,1.0,1.0
phrase_function_1_2gram_psalm_shuffle09,Thanksgiving,28,1136,0.024054982817869417,0.035222374522108496,0.009777453251529704,0.10605252768008394,0.6536091566085815,0.45094846405044753,0.7209360850062432,0.0027166763320565224,0.02848575712143928,0.11744127936031984,2000,0.005452423822134733,0.036087741526305075,0.05389197293245269,0.3566926660458208,0.18726696131488157,1.0
phrase_function_1_2gram_psalm_shuffle09,Trust,15,864,0.017064846416382253,0.015727171498710443,0.005760913250446167,0.11832997550533923,0.467438280582428,0.2509825825170654,0.528564189807884,0.6676323413848877,0.6196901549225388,1.0,2000,0.9626190986724343,1.0,0.9485641794487372,1.0,1.0,1.0
phrase_function_1_2gram_psalm_shuffle09,Wisdom,36,1269,0.027586206896551724,0.05863396174270142,0.008888148137642694,0.09575355789095882,0.6356492638587952,0.4612533879450306,0.7603936338606383,0.0027266000397503376,0.0384807596201899,0.17541229385307347,2000,0.005559087459685154,0.036793711918142305,0.06678478942347008,0.4420258397409932,0.3108201996562694,1.0
phrase_function_1_2gram_psalm_shuffle11,Hymn,136,2261,0.05673758865248227,0.039156231526452354,0.018425182318416618,0.018756938062862397,0.3391653895378113,0.2586069214420238,0.3842484294391198,1.0,1.0,1.0,2000,1.0,1.0,1.0,1.0,1.0,1.0
phrase_function_1_2gram_psalm_shuffle11,Lament,1711,5369,0.24166666666666667,0.36358559637887045,0.2553703290589876,0.4395510220569784,0.6805011630058289,0.6119870044889351,0.7428324162920732,0.0,0.0004997501249375312,0.06046976511744128,2000,0.0,0.0,0.0005451819544773067,0.0036083742019672915,0.16774039758363496,1.0
phrase_function_1_2gram_psalm_shuffle11,Praise,820,4469,0.15503875968992248,0.14243091973352262,0.10758310684313907,0.15636270316595674,0.46246349811553955,0.4066830207753388,0.5085772187513703,0.9996896386146545,0.8740629685157422,1.0,2000,1.0,1.0,0.9980009995002499,1.0,1.0,1.0
phrase_function_1_2gram_psalm_shuffle11,Royal,45,1400,0.031141868512110725,0.046225071639774865,0.0064545633803304355,0.05145273249029563,0.5674444437026978,0.3527071417993985,0.6609318468082329,0.06154220551252365,0.14142928535732133,0.623688155922039,2000,0.11374675957807179,0.7528511709680493,0.2617610113861988,1.0,1.0,1.0
phrase_function_1_2gram_psalm_shuffle11,Thanksgiving,28,1136,0.024054982817869417,0.03533857458466706,0.009101474463664966,0.10379269843541566,0.6520057916641235,0.45703877918511954,0.7236142618897747,0.0029695068951696157,0.02798600699650175,0.1199400299850075,2000,0.0058008971905639,0.03839416840339789,0.05318607664493545,0.35202057825527067,0.18726696131488157,1.0
phrase_function_1_2gram_psalm_shuffle11,Trust,15,864,0.017064846416382253,0.014397769592237337,0.005581282820337741,0.11654682119423816,0.4165123403072357,0.20574854666041545,0.4789255008941408,0.8665840029716492,0.8250874562718641,1.0,2000,0.9626190986724343,1.0,0.9485641794487372,1.0,1.0,1.0
phrase_function_1_2gram_psalm_shuffle11,Wisdom,36,1269,0.027586206896551724,0.054778198882493134,0.008057851456453661,0.0999388070713499,0.6229314208030701,0.433685266494611,0.7430752934917748,0.005894400645047426,0.051974012993503245,0.24037981009495252,2000,0.009192446453703774,0.06084168113801923,0.07171962608037674,0.4746878476036282,0.31748276804993725,1.0
phrase_function_1_2gram_psalm_shuffle08,Hymn,136,2261,0.05673758865248227,0.04029391711631346,0.018358355988042002,0.01870528024955656,0.355246901512146,0.2678203761906115,0.4062300495051656,1.0,0.9995002498750625,1.0,2000,1.0,1.0,1.0,1.0,1.0,1.0
phrase_function_1_2gram_psalm_shuffle08,Lament,1711,5369,0.24166666666666667,0.3551849681719545,0.24465239325640326,0.4264152260438301,0.6719510555267334,0.6017312482784479,0.7333990625763877,0.0,0.0004997501249375312,0.07596201899050475,2000,0.0,0.0,0.0005451819544773067,0.0036083742019672915,0.16774039758363496,1.0
phrase_function_1_2gram_psalm_shuffle08,Praise,820,4469,0.15503875968992248,0.14307802404226377,0.10849842415597984,0.1578468290620258,0.45976728200912476,0.40244285467545104,0.5083006786904942,0.9998778700828552,0.8900549725137431,1.0,2000,1.0,1.0,0.9980009995002499,1.0,1.0,1.0
phrase_function_1_2gram_psalm_shuffle08,Royal,45,1400,0.031141868512110725,0.04947874816880002,0.00722189363297493,0.03298578192366204,0.5685555338859558,0.3747676581005698,0.6712541007136781,0.05851512402296066,0.13943028485757122,0.6026986506746627,2000,0.11068773276335456,0.7326045113882497,0.2617610113861988,1.0,1.0,1.0
phrase_function_1_2gram_psalm_shuffle08,Thanksgiving,28,1136,0.024054982817869417,0.03764354887632692,0.00948637544974028,0.1097927909361756,0.6718435883522034,0.4931415197310359,0.7506117856164762,0.0009347795858047903,0.015992003998001,0.07596201899050475,2000,0.002784449830056822,0.01842932777017928,0.05022028862869178,0.33239103461680297,0.18726696131488157,1.0
phrase_function_1_2gram_psalm_shuffle08,Trust,15,864,0.017064846416382253,0.015634505510085543,0.005934884344150412,0.11810930891457698,0.4655092656612396,0.2736689475100725,0.5193205515727121,0.6768932342529297,0.6151924037981009,1.0,2000,0.9626190986724343,1.0,0.9485641794487372,1.0,1.0,1.0
phrase_function_1_2gram_psalm_shuffle08,Wisdom,36,1269,0.027586206896551724,0.057246383141598335,0.008604736977219689,0.10131859671121092,0.6115270256996155,0.43388431105444275,0.7296292501676278,0.011163766495883465,0.06746626686656672,0.29035482258870565,2000,0.014208430085669865,0.09404077326943355,0.08189546845074572,0.5420382923330924,0.34982508745627183,1.0
phrase_function_1_2gram_psalm_shuffle10,Hymn,136,2261,0.05673758865248227,0.03998079520948246,0.018840832725522696,0.019178218422049562,0.34956225752830505,0.2598970922476025,0.4019755432069554,1.0,0.9995002498750625,1.0,2000,1.0,1.0,1.0,1.0,1.0,1.0
phrase_function_1_2gram_psalm_shuffle10,Lament,1711,5369,0.24166666666666667,0.37226745153451035,0.257359423238877,0.4485824737904242,0.6813669800758362,0.6111610550593636,0.742523312012954,0.0,0.0004997501249375312,0.06096951524237881,2000,0.0,0.0,0.0005451819544773067,0.0036083742019672915,0.16774039758363496,1.0
phrase_function_1_2gram_psalm_shuffle10,Praise,820,4469,0.15503875968992248,0.1444369874722219,0.10984815622807097,0.1593828077258323,0.46399766206741333,0.4059608636239473,0.5106321720331365,0.9994855523109436,0.8665667166416792,1.0,2000,1.0,1.0,0.9980009995002499,1.0,1.0,1.0
phrase_function_1_2gram_psalm_shuffle10,Royal,45,1400,0.031141868512110725,0.0453778084472902,0.006147023057994036,0.051732900120958776,0.5618253946304321,0.3177564683763018,0.6609489832941803,0.07875815033912659,0.16141929035482258,0.6546726636681659,2000,0.12482423827333271,0.8261692403182073,0.2617610113861988,1.0,1.0,1.0
phrase_function_1_2gram_psalm_shuffle10,Thanksgiving,28,1136,0.024054982817869417,0.04125542292856646,0.009893299372273949,0.10577815343436232,0.6879087090492249,0.530633093396501,0.7681352163369521,0.00033570145023986697,0.010994502748625687,0.050974512743628186,2000,0.001746401459717288,0.011558838148932512,0.05022028862869178,0.33239103461680297,0.18726696131488157,1.0
phrase_function_1_2gram_psalm_shuffle10,Trust,15,864,0.017064846416382253,0.015556899019843307,0.005996015276563485,0.11792113126200297,0.45679011940956116,0.275557202780055,0.5288805768734551,0.7173340320587158,0.6601699150424788,1.0,2000,0.9626190986724343,1.0,0.9485641794487372,1.0,1.0,1.0
phrase_function_1_2gram_psalm_shuffle10,Wisdom,36,1269,0.027586206896551724,0.05708728788287744,0.0077791901886490435,0.10018713295673785,0.6192102432250977,0.428793525686564,0.7488258636485263,0.007299767341464758,0.05547226386806597,0.2463768115942029,2000,0.010463830318823203,0.0692565391538037,0.0721311171039867,0.47741136693830405,0.31901480452434333,1.0
phrase_function_1_2gram_psalm_shuffle12,Hymn,136,2261,0.05673758865248227,0.04009480555656503,0.01873001195772225,0.019068250810729256,0.3534810245037079,0.26768977348620554,0.40626483600102575,1.0,0.9995002498750625,1.0,2000,1.0,1.0,1.0,1.0,1.0,1.0
phrase_function_1_2gram_psalm_shuffle12,Lament,1711,5369,0.24166666666666667,0.35647874782397104,0.24544425724802946,0.42813264810499474,0.6703042984008789,0.599567060905325,0.7318911829618971,0.0,0.0004997501249375312,0.07596201899050475,2000,0.0,0.0,0.0005451819544773067,0.0036083742019672915,0.16774039758363496,1.0
phrase_function_1_2gram_psalm_shuffle12,Praise,820,4469,0.15503875968992248,0.14468152999255274,0.10928430433760296,0.15939877370418978,0.46930834650993347,0.4147862290531452,0.5182928970087318,0.9974315166473389,0.8250874562718641,1.0,2000,1.0,1.0,0.9980009995002499,1.0,1.0,1.0
phrase_function_1_2gram_psalm_shuffle12,Royal,45,1400,0.031141868512110725,0.044865150236155074,0.006922071006819664,0.05031642312844825,0.5805555582046509,0.3574614895016758,0.6665596526391835,0.03275623545050621,0.10844577711144428,0.5027486256871564,2000,0.10390765105302516,0.6877294531992113,0.2617610113861988,1.0,1.0,1.0
phrase_function_1_2gram_psalm_shuffle12,Thanksgiving,28,1136,0.024054982817869417,0.0377836307971298,0.008643069906657815,0.11019867065765644,0.6694542169570923,0.4726530214394968,0.7447507802947166,0.0010812429245561361,0.014492753623188406,0.07796101949025487,2000,0.0030683920831998455,0.02030864511125316,0.05022028862869178,0.33239103461680297,0.18726696131488157,1.0
phrase_function_1_2gram_psalm_shuffle12,Trust,15,864,0.017064846416382253,0.01699781037359907,0.006150020821089901,0.11941790056637808,0.4800925850868225,0.29731814387538824,0.5518773357330866,0.6045567393302917,0.551224387806097,1.0,2000,0.9626190986724343,1.0,0.9485641794487372,1.0,1.0,1.0
phrase_function_1_2gram_psalm_shuffle12,Wisdom,36,1269,0.027586206896551724,0.05790946311937249,0.008645429902181638,0.09899857166391043,0.6273093223571777,0.44805282082218284,0.7432056728703642,0.004552334081381559,0.04897551224387806,0.2158920539730135,2000,0.00803353073184981,0.05317121156607339,0.06972784794043656,0.46150494454313873,0.31159677893012255,1.0
phrase_function_1_2gram_psalm_shuffle13,Hymn,136,2261,0.05673758865248227,0.03970453646735328,0.018720074750120018,0.019060601468525496,0.346869558095932,0.27462969199026227,0.393676078313458,1.0,1.0,1.0,2000,1.0,1.0,1.0,1.0,1.0,1.0
phrase_function_1_2gram_psalm_shuffle13,Lament,1711,5369,0.24166666666666667,0.3596038689647938,0.25187895026842355,0.4316629897928317,0.6771332621574402,0.6092948333621064,0.7388860077766678,0.0,0.0004997501249375312,0.06696651674162919,2000,0.0,0.0,0.0005451819544773067,0.0036083742019672915,0.16774039758363496,1.0
phrase_function_1_2gram_psalm_shuffle13,Praise,820,4469,0.15503875968992248,0.1455200950666816,0.10842110544855688,0.15907127894459033,0.4708029329776764,0.41498407495596784,0.5207235389987385,0.9961166977882385,0.8135932033983009,1.0,2000,1.0,1.0,0.9980009995002499,1.0,1.0,1.0
phrase_function_1_2gram_psalm_shuffle13,Royal,45,1400,0.031141868512110725,0.04757686647314961,0.007054914406351029,0.03506725491395197,0.5670396685600281,0.38407282743637583,0.6550848381336928,0.06267482787370682,0.1374312843578211,0.6106946526736632,2000,0.11374675957807179,0.7528511709680493,0.2617610113861988,1.0,1.0,1.0
phrase_function_1_2gram_psalm_shuffle13,Thanksgiving,28,1136,0.024054982817869417,0.03283842637175259,0.008355508693155678,0.10376360732773776,0.6357834339141846,0.47596434226113377,0.7125137957808633,0.006995516363531351,0.04147926036981509,0.18190904547726136,2000,0.00994658408065637,0.0658330619705663,0.05637957720169042,0.3731572738636401,0.2145985830614105,1.0
phrase_function_1_2gram_psalm_shuffle13,Trust,15,864,0.017064846416382253,0.015456407665402419,0.006363903770726348,0.11704461402787106,0.4596450626850128,0.317507187699754,0.5145819049030431,0.7043615579605103,0.6516741629185407,1.0,2000,0.9626190986724343,1.0,0.9485641794487372,1.0,1.0,1.0
phrase_function_1_2gram_psalm_shuffle13,Wisdom,36,1269,0.027586206896551724,0.05466105056431128,0.007712968762326518,0.10524605154681707,0.6050039529800415,0.41178513576512044,0.7334950909220843,0.015733987092971802,0.07496251874062969,0.32083958020989506,2000,0.01926610664445527,0.12751581672371137,0.08649521393149578,0.5724824455044262,0.3671733615481088,1.0
phrase_function_1_2gram_psalm_shuffle14,Hymn,136,2261,0.05673758865248227,0.0405124430906664,0.020327049667577802,0.0206398786490196,0.3569835126399994,0.2739335562381884,0.413537492136071,1.0,1.0,1.0,2000,1.0,1.0,1.0,1.0,1.0,1.0
phrase_function_1_2gram_psalm_shuffle14,Lament,1711,5369,0.24166666666666667,0.3616771902756338,0.2548463966705475,0.43370625358451625,0.6755906939506531,0.6060241446031298,0.7380416130747686,0.0,0.0004997501249375312,0.06796601699150424,2000,0.0,0.0,0.0005451819544773067,0.0036083742019672915,0.16774039758363496,1.0
phrase_function_1_2gram_psalm_shuffle14,Praise,820,4469,0.15503875968992248,0.1424119190539221,0.10927004858258907,0.15859161779355313,0.4633406698703766,0.40800452866756853,0.5103025324620681,0.9995847344398499,0.8680659670164917,1.0,2000,1.0,1.0,0.9980009995002499,1.0,1.0,1.0
phrase_function_1_2gram_psalm_shuffle14,Royal,45,1400,0.031141868512110725,0.041519992957998596,0.0062075333358354405,0.051567910394603546,0.5604603290557861,0.33074040900807866,0.6524142696052505,0.0834457278251648,0.16141929035482258,0.6686656671664168,2000,0.1274557626849908,0.8435864066805422,0.2617610113861988,1.0,1.0,1.0
phrase_function_1_2gram_psalm_shuffle14,Thanksgiving,28,1136,0.024054982817869417,0.03699413122538392,0.008697763680664739,0.10803445573104528,0.6705859899520874,0.5061047378144538,0.7521904606585754,0.001009425614029169,0.015992003998001,0.07896051974012994,2000,0.002935067525711553,0.019426215144929895,0.05022028862869178,0.33239103461680297,0.18726696131488157,1.0
phrase_function_1_2gram_psalm_shuffle14,Trust,15,864,0.017064846416382253,0.015435369198493754,0.006060283079881312,0.11747589837693254,0.4570215940475464,0.28799419115753255,0.5147233096707651,0.7162924408912659,0.657671164417791,1.0,2000,0.9626190986724343,1.0,0.9485641794487372,1.0,1.0,1.0
phrase_function_1_2gram_psalm_shuffle14,Wisdom,36,1269,0.027586206896551724,0.04835448276715734,0.007982659765409418,0.09800204469758343,0.6166491508483887,0.43253484493687755,0.7331033168685533,0.008431252092123032,0.062468765617191405,0.26036981509245377,2000,0.011497333391823551,0.07609694499563648,0.07778463709321809,0.5148300956983333,0.32839436137786965,1.0
phrase_function_1_2gram_psalm_shuffle15,Hymn,136,2261,0.05673758865248227,0.03965160639408609,0.018250901234004167,0.01859780599200751,0.3471654951572418,0.2617602220593471,0.39423775041026904,1.0,1.0,1.0,2000,1.0,1.0,1.0,1.0,1.0,1.0
phrase_function_1_2gram_psalm_shuffle15,Lament,1711,5369,0.24166666666666667,0.3646924171095556,0.2612549373697,0.4400168479389843,0.6742309927940369,0.6081787821171527,0.7331196793271755,0.0,0.0004997501249375312,0.0704647676161919,2000,0.0,0.0,0.0005451819544773067,0.0036083742019672915,0.16774039758363496,1.0
phrase_function_1_2gram_psalm_shuffle15,Praise,820,4469,0.15503875968992248,0.14246257416604563,0.10912576416939736,0.15620584278715188,0.4618447422981262,0.4078536067731908,0.5089842383954024,0.999748170375824,0.879560219890055,1.0,2000,1.0,1.0,0.9980009995002499,1.0,1.0,1.0
phrase_function_1_2gram_psalm_shuffle15,Royal,45,1400,0.031141868512110725,0.043479524679064276,0.006448150212761927,0.057110024773272566,0.5670158863067627,0.3449303606780347,0.6581126628419474,0.0627419576048851,0.14192903548225888,0.6091954022988506,2000,0.11374675957807179,0.7528511709680493,0.2617610113861988,1.0,1.0,1.0
phrase_function_1_2gram_psalm_shuffle15,Thanksgiving,28,1136,0.024054982817869417,0.03648858141866404,0.009614074636592458,0.1063886833632565,0.6592680811882019,0.46494839050166636,0.7422898525962811,0.00197214656509459,0.022488755622188907,0.10044977511244378,2000,0.00447730571534988,0.029633765947148026,0.05094540108586483,0.33719030770810854,0.18726696131488157,1.0
phrase_function_1_2gram_psalm_shuffle15,Trust,15,864,0.017064846416382253,0.015536832977163994,0.005895610236036342,0.11747124341856777,0.4616512358188629,0.2685335438959831,0.520693398671775,0.6950852274894714,0.6416791604197901,1.0,2000,0.9626190986724343,1.0,0.9485641794487372,1.0,1.0,1.0
phrase_function_1_2gram_psalm_shuffle15,Wisdom,36,1269,0.027586206896551724,0.050454732175444716,0.008975353334497883,0.0987663899681717,0.618794322013855,0.4433437847723224,0.7268013566058176,0.007473872508853674,0.053973013493253376,0.2478760619690155,2000,0.01067696072693382,0.07066717694172983,0.07171962608037674,0.4746878476036282,0.31901480452434333,1.0
phrase_function_1_2gram_psalm_shuffle17,Hymn,136,2261,0.05673758865248227,0.04000563590824611,0.018014234259613165,0.01836889441650493,0.3491915464401245,0.27166039592997987,0.39919131615177683,1.0,1.0,1.0,2000,1.0,1.0,1.0,1.0,1.0,1.0
phrase_function_1_2gram_psalm_shuffle17,Lament,1711,5369,0.24166666666666667,0.35873452892700813,0.2513109024581059,0.43155144268122875,0.6744900345802307,0.6042429303249879,0.7381940094915596,0.0,0.0004997501249375312,0.06946526736631684,2000,0.0,0.0,0.0005451819544773067,0.0036083742019672915,0.16774039758363496,1.0
phrase_function_1_2gram_psalm_shuffle17,Praise,820,4469,0.15503875968992248,0.14840021780002238,0.1098339577564893,0.16385772743359772,0.4726267457008362,0.4108345826830394,0.5221415445730817,0.9937157034873962,0.7891054472763618,1.0,2000,1.0,1.0,0.9980009995002499,1.0,1.0,1.0
phrase_function_1_2gram_psalm_shuffle17,Royal,45,1400,0.031141868512110725,0.04529156745575873,0.007051255617025319,0.04571310698631293,0.5565396547317505,0.3782135441111129,0.648085907681991,0.09807213395833969,0.1794102948525737,0.7141429285357321,2000,0.1420355043534575,0.9400847652116527,0.26420356255438715,1.0,1.0,1.0
phrase_function_1_2gram_psalm_shuffle17,Thanksgiving,28,1136,0.024054982817869417,0.03467990218248238,0.007778296435678378,0.1043505243770461,0.6398390531539917,0.45519213365673045,0.7184993183396369,0.005688471253961325,0.04047976011994003,0.16491754122938532,2000,0.008594093261380418,0.05688138457076694,0.056296355133691425,0.37260645525943703,0.2043226174523358,1.0
phrase_function_1_2gram_psalm_shuffle17,Trust,15,864,0.017064846416382253,0.016945141633715022,0.006188599667759504,0.11915683957699955,0.48310184478759766,0.3033475520994649,0.5388495889934806,0.5890706181526184,0.5487256371814093,1.0,2000,0.9626190986724343,1.0,0.9485641794487372,1.0,1.0,1.0
phrase_function_1_2gram_psalm_shuffle17,Wisdom,36,1269,0.027586206896551724,0.054086038508241424,0.008883170613316326,0.0969484444532844,0.6152920126914978,0.4325652695654952,0.724240173028732,0.009091097861528397,0.06646676661669165,0.2773613193403298,2000,0.012083104752664324,0.07997396669334766,0.08115128482270492,0.5371127936387651,0.3426228062439368,1.0
phrase_function_1_2gram_psalm_shuffle16,Hymn,136,2261,0.05673758865248227,0.04012283120909891,0.018626118128596825,0.018966260649602128,0.35401761531829834,0.2743214772936916,0.4045245198613461,1.0,0.9995002498750625,1.0,2000,1.0,1.0,1.0,1.0,1.0,1.0
phrase_function_1_2gram_psalm_shuffle16,Lament,1711,5369,0.24166666666666667,0.3580204001695618,0.2538589470375616,0.4295666165678997,0.6717631816864014,0.6062631304655023,0.7350060072463465,0.0,0.0004997501249375312,0.07546226886556721,2000,0.0,0.0,0.0005451819544773067,0.0036083742019672915,0.16774039758363496,1.0
phrase_function_1_2gram_psalm_shuffle16,Praise,820,4469,0.15503875968992248,0.14315374849499127,0.10918916529779756,0.1582315157691624,0.46368518471717834,0.40810378745772774,0.5088615098267749,0.9995352029800415,0.8645677161419291,1.0,2000,1.0,1.0,0.9980009995002499,1.0,1.0,1.0
phrase_function_1_2gram_psalm_shuffle16,Royal,45,1400,0.031141868512110725,0.045475122816614505,0.006440422035466332,0.049009837526328294,0.5666190385818481,0.3605440588132817,0.6660750270521607,0.06386902183294296,0.13793103448275862,0.6191904047976012,2000,0.11376214139631104,0.7529529779990012,0.2617610113861988,1.0,1.0,1.0
phrase_function_1_2gram_psalm_shuffle16,Thanksgiving,28,1136,0.024054982817869417,0.034490113978622526,0.009022213580565487,0.10693087737831897,0.6389273405075073,0.42544198416065115,0.7081035159671503,0.005961759481579065,0.041979010494752625,0.1724137931034483,2000,0.008785750814958622,0.05814990082715478,0.056510206435243925,0.3740218643962251,0.206307102858827,1.0
phrase_function_1_2gram_psalm_shuffle16,Trust,15,864,0.017064846416382253,0.014703245021607993,0.005618280298746638,0.11778619461565988,0.4206790030002594,0.20661457329380753,0.4705191727798145,0.8542866110801697,0.8075962018990505,1.0,2000,0.9626190986724343,1.0,0.9485641794487372,1.0,1.0,1.0
phrase_function_1_2gram_psalm_shuffle16,Wisdom,36,1269,0.027586206896551724,0.0566901021663998,0.008521793641614166,0.0992209610701519,0.6233473420143127,0.44309717931271486,0.7479988032041378,0.00575330201536417,0.0544727636181909,0.2368815592203898,2000,0.009187782686132896,0.06081081324437652,0.07171962608037674,0.4746878476036282,0.31684794545402456,1.0
phrase_function_1_2gram_psalm_shuffle19,Hymn,136,2261,0.05673758865248227,0.03985352700365799,0.018336084429997408,0.018680603667825466,0.35012486577033997,0.2686830540151272,0.39809558676668527,1.0,0.9995002498750625,1.0,2000,1.0,1.0,1.0,1.0,1.0,1.0
phrase_function_1_2gram_psalm_shuffle19,Lament,1711,5369,0.24166666666666667,0.3535865309620435,0.25157655072002816,0.4291542795821807,0.670403778553009,0.6013958493961944,0.7319624290192068,0.0,0.0004997501249375312,0.08545727136431784,2000,0.0,0.0,0.0005451819544773067,0.0036083742019672915,0.16774039758363496,1.0
phrase_function_1_2gram_psalm_shuffle19,Praise,820,4469,0.15503875968992248,0.14745727272434106,0.10917344064078671,0.16330868060313963,0.4730405807495117,0.41330887129862864,0.521496637481378,0.9930149912834167,0.7871064467766117,1.0,2000,1.0,1.0,0.9980009995002499,1.0,1.0,1.0
phrase_function_1_2gram_psalm_shuffle19,Royal,45,1400,0.031141868512110725,0.045922625050858285,0.006255919743288183,0.046521580885710054,0.5569999814033508,0.33697545332185364,0.6496659697396804,0.09626345336437225,0.17341329335332334,0.7031484257871065,2000,0.14087334638688623,0.9323928363230545,0.26420356255438715,1.0,1.0,1.0
phrase_function_1_2gram_psalm_shuffle19,Thanksgiving,28,1136,0.024054982817869417,0.035529777177805144,0.009178926043024926,0.10764530312369713,0.6586079001426697,0.48864511216206924,0.7289059800962924,0.00204825634136796,0.02498750624687656,0.111944027986007,2000,0.004600361836227504,0.030448232618912132,0.05094540108586483,0.33719030770810854,0.18726696131488157,1.0
phrase_function_1_2gram_psalm_shuffle19,Trust,15,864,0.017064846416382253,0.01600802396963295,0.00600584843697302,0.11822370887883711,0.46520060300827026,0.2722859519026819,0.5314992910392503,0.6783650517463684,0.631184407796102,1.0,2000,0.9626190986724343,1.0,0.9485641794487372,1.0,1.0,1.0
phrase_function_1_2gram_psalm_shuffle19,Wisdom,36,1269,0.027586206896551724,0.05939644222505382,0.008132453012406164,0.1029758222859489,0.6185535192489624,0.4325294269665526,0.7472518898862727,0.007576338946819305,0.05847076461769116,0.255872063968016,2000,0.010750210667784149,0.07115199342307021,0.07441733678615238,0.49254307856853535,0.32565535414111124,1.0
phrase_function_1_2gram_psalm_shuffle18,Hymn,136,2261,0.05673758865248227,0.04085848970836106,0.01980865247295029,0.020138159278027597,0.36326977610588074,0.2946329094676072,0.4153657865378665,0.9999999403953552,0.999000499750125,1.0,2000,1.0,1.0,1.0,1.0,1.0,1.0
phrase_function_1_2gram_psalm_shuffle18,Lament,1711,5369,0.24166666666666667,0.36048836790866157,0.25006934499156847,0.43699604055803015,0.6749624013900757,0.6067986284207749,0.7370628914043877,0.0,0.0004997501249375312,0.06896551724137931,2000,0.0,0.0,0.0005451819544773067,0.0036083742019672915,0.16774039758363496,1.0
phrase_function_1_2gram_psalm_shuffle18,Praise,820,4469,0.15503875968992248,0.14549428723565616,0.11055144849503125,0.16079487771924092,0.4684004783630371,0.41330331898816874,0.5183933261828082,0.9980185031890869,0.8280859570214892,1.0,2000,1.0,1.0,0.9980009995002499,1.0,1.0,1.0
phrase_function_1_2gram_psalm_shuffle18,Royal,45,1400,0.031141868512110725,0.04417647496948508,0.006610602538307722,0.04620585954640131,0.5624920725822449,0.34759294513400457,0.6558762828339247,0.0765426754951477,0.15542228885557222,0.6516741629185407,2000,0.12342422344218726,0.8169030176239505,0.2617610113861988,1.0,1.0,1.0
phrase_function_1_2gram_psalm_shuffle18,Thanksgiving,28,1136,0.024054982817869417,0.03533368769951478,0.009470592069774422,0.10736241406249632,0.656187117099762,0.4732862646187379,0.730686763209787,0.002350674709305167,0.02348825587206397,0.1089455272363818,2000,0.004974250914528966,0.032922877447965224,0.05094540108586483,0.33719030770810854,0.18726696131488157,1.0
phrase_function_1_2gram_psalm_shuffle18,Trust,15,864,0.017064846416382253,0.015271214136985716,0.005928464968962257,0.11847731301041808,0.44529321789741516,0.27031398640747517,0.524939673308533,0.7666254043579102,0.7131434282858571,1.0,2000,0.9626190986724343,1.0,0.9485641794487372,1.0,1.0,1.0
phrase_function_1_2gram_psalm_shuffle18,Wisdom,36,1269,0.027586206896551724,0.05299543378830203,0.007559009628172122,0.0959242194194634,0.6263242959976196,0.4227868355542989,0.7516248156207898,0.004827904049307108,0.047476261869065464,0.21739130434782608,2000,0.008310326642249939,0.05500322969157327,0.06947745639375434,0.45984768793363656,0.31240193856560095,1.0
phrase_function_1_2gram_psalm_shuffle20,Hymn,136,2261,0.05673758865248227,0.040127645737757525,0.02020626895411159,0.020522443309588138,0.34987446665763855,0.2650976281119984,0.4105711657199191,1.0,1.0,1.0,2000,1.0,1.0,1.0,1.0,1.0,1.0
phrase_function_1_2gram_psalm_shuffle20,Lament,1711,5369,0.24166666666666667,0.3479735208175624,0.23582928066293526,0.4172512853820648,0.6627171039581299,0.5941926114312208,0.7235859779456543,0.0,0.0004997501249375312,0.08895552223888056,2000,0.0,0.0,0.0005451819544773067,0.0036083742019672915,0.16774039758363496,1.0
phrase_function_1_2gram_psalm_shuffle20,Praise,820,4469,0.15503875968992248,0.14662107633007376,0.11010601700673531,0.16215906276081188,0.4681970477104187,0.40964719732141985,0.5161054020240198,0.998132050037384,0.8275862068965517,1.0,2000,1.0,1.0,0.9980009995002499,1.0,1.0,1.0
phrase_function_1_2gram_psalm_shuffle20,Royal,45,1400,0.031141868512110725,0.04909178588283479,0.006556328837497169,0.05152354569888431,0.5810475945472717,0.3474646496140437,0.6828767493946093,0.03194145858287811,0.10644677661169415,0.49025487256371814,2000,0.10390765105302516,0.6877294531992113,0.2617610113861988,1.0,1.0,1.0
phrase_function_1_2gram_psalm_shuffle20,Thanksgiving,28,1136,0.024054982817869417,0.039839365960175524,0.008948377233016181,0.10883828939053533,0.6681337952613831,0.4716930438938078,0.7576981612389311,0.001170934410765767,0.017991004497751123,0.07796101949025487,2000,0.003248574579820821,0.021501211862800414,0.05022028862869178,0.33239103461680297,0.18726696131488157,1.0
phrase_function_1_2gram_psalm_shuffle20,Trust,15,864,0.017064846416382253,0.016240454982498077,0.006104287203264602,0.12014672591825011,0.47870370745658875,0.29487539214044445,0.5478817775965075,0.6116504669189453,0.5772113943028486,1.0,2000,0.9626190986724343,1.0,0.9485641794487372,1.0,1.0,1.0
phrase_function_1_2gram_psalm_shuffle20,Wisdom,36,1269,0.027586206896551724,0.0566496314122987,0.008811954325211854,0.09614883706250665,0.629673421382904,0.4479601437244153,0.7440578802311602,0.003947425168007612,0.04447776111944028,0.2013993003498251,2000,0.007197503000497818,0.047637827944027364,0.06918762840801822,0.45792941492744166,0.3108201996562694,1.0
phrase_function_1_2gram_psalm_shuffle21,Hymn,136,2261,0.05673758865248227,0.03945170995067856,0.01732495158133624,0.017678356328520536,0.34110361337661743,0.2661609928260562,0.38485427491874497,1.0,1.0,1.0,2000,1.0,1.0,1.0,1.0,1.0,1.0
phrase_function_1_2gram_psalm_shuffle21,Lament,1711,5369,0.24166666666666667,0.36152637445710645,0.25330317779807787,0.43435825794183175,0.6749514937400818,0.6058592136185329,0.7360983088503803,0.0,0.0004997501249375312,0.06896551724137931,2000,0.0,0.0,0.0005451819544773067,0.0036083742019672915,0.16774039758363496,1.0
phrase_function_1_2gram_psalm_shuffle21,Praise,820,4469,0.15503875968992248,0.14426660631902055,0.10840528186410779,0.158605408309195,0.46458572149276733,0.4082629355989582,0.5117219597810065,0.9993786811828613,0.8630684657671165,1.0,2000,1.0,1.0,0.9980009995002499,1.0,1.0,1.0
phrase_function_1_2gram_psalm_shuffle21,Royal,45,1400,0.031141868512110725,0.045598799824193806,0.006725617650629828,0.05840955060757934,0.5676190257072449,0.33979905588989395,0.6638866079927533,0.06105857342481613,0.13893053473263367,0.6051974012993503,2000,0.11374675957807179,0.7528511709680493,0.2617610113861988,1.0,1.0,1.0
phrase_function_1_2gram_psalm_shuffle21,Thanksgiving,28,1136,0.024054982817869417,0.03749284912501992,0.008747148381505431,0.1094639448062939,0.6637324094772339,0.4938547223771337,0.7526734709580123,0.0015213557053357363,0.017991004497751123,0.08995502248875563,2000,0.0037149383502384256,0.02458791527271148,0.05022028862869178,0.33239103461680297,0.18726696131488157,1.0
phrase_function_1_2gram_psalm_shuffle21,Trust,15,864,0.017064846416382253,0.016652405388291058,0.005966756292365908,0.11730872583074163,0.4827932119369507,0.26913378852844816,0.5504427763562418,0.5906657576560974,0.5507246376811594,1.0,2000,0.9626190986724343,1.0,0.9485641794487372,1.0,1.0,1.0
phrase_function_1_2gram_psalm_shuffle21,Wisdom,36,1269,0.027586206896551724,0.058193793908159555,0.008313831298069688,0.09760108664251603,0.6322125792503357,0.4319134003589643,0.770144223107933,0.003378826193511486,0.04297851074462768,0.19740129935032483,2000,0.006479940645090521,0.042888526412143385,0.06837490345736222,0.45255026449673114,0.3108201996562694,1.0
phrase_function_1_2gram_psalm_shuffle22,Hymn,136,2261,0.05673758865248227,0.0400523719356282,0.018064305319972346,0.018415419220062342,0.35151350498199463,0.2702532819565284,0.403676637899136,1.0,1.0,1.0,2000,1.0,1.0,1.0,1.0,1.0,1.0
phrase_function_1_2gram_psalm_shuffle22,Lament,1711,5369,0.24166666666666667,0.3586519678863452,0.2502392442491321,0.4335192828161726,0.6721609830856323,0.6072787016833577,0.7351088081553084,0.0,0.0004997501249375312,0.07646176911544228,2000,0.0,0.0,0.0005451819544773067,0.0036083742019672915,0.16774039758363496,1.0
phrase_function_1_2gram_psalm_shuffle22,Praise,820,4469,0.15503875968992248,0.14319193650230233,0.10814561467531235,0.15611361674565752,0.46286067366600037,0.40332674318482065,0.5112100684074029,0.9996456503868103,0.8725637181409296,1.0,2000,1.0,1.0,0.9980009995002499,1.0,1.0,1.0
phrase_function_1_2gram_psalm_shuffle22,Royal,45,1400,0.031141868512110725,0.04659230040379129,0.0067261311217953505,0.04875800585597828,0.5579841136932373,0.35541446487927253,0.650836129958656,0.09247905761003494,0.17091454272863568,0.6986506746626686,2000,0.1382249259651768,0.9148638410084131,0.26420356255438715,1.0,1.0,1.0
phrase_function_1_2gram_psalm_shuffle22,Thanksgiving,28,1136,0.024054982817869417,0.038422248408088944,0.00969230829188431,0.10723618054687495,0.6593309640884399,0.4848625969348255,0.7408818262075779,0.0019650347530841827,0.0239880059970015,0.10294852573713144,2000,0.00447730571534988,0.029633765947148026,0.05094540108586483,0.33719030770810854,0.18726696131488157,1.0
phrase_function_1_2gram_psalm_shuffle22,Trust,15,864,0.017064846416382253,0.017077814827827234,0.006232821861698556,0.12024750711885487,0.49124228954315186,0.30871163561764947,0.5575123464803193,0.5465449690818787,0.5122438780609695,1.0,2000,0.9626190986724343,1.0,0.9485641794487372,1.0,1.0,1.0
phrase_function_1_2gram_psalm_shuffle22,Wisdom,36,1269,0.027586206896551724,0.05639102505229178,0.008923581511806531,0.09449333583396748,0.6300674080848694,0.4544244111841865,0.7430959350378837,0.0038539220113307238,0.044977511244377814,0.20539730134932535,2000,0.0070993300208723855,0.04698805433339804,0.06922854362292538,0.45820021883928524,0.3108201996562694,1.0
phrase_function_1_2gram_psalm_shuffle23,Hymn,136,2261,0.05673758865248227,0.040003209101439445,0.017603578689604406,0.017962590208114002,0.3467784821987152,0.28172827785244026,0.39116561185686965,1.0,1.0,1.0,2000,1.0,1.0,1.0,1.0,1.0,1.0
phrase_function_1_2gram_psalm_shuffle23,Lament,1711,5369,0.24166666666666667,0.35650208008004486,0.2599720181418558,0.43034178449280336,0.6720845103263855,0.6059852237133975,0.7339174483289566,0.0,0.0004997501249375312,0.07146426786606697,2000,0.0,0.0,0.0005451819544773067,0.0036083742019672915,0.16774039758363496,1.0
phrase_function_1_2gram_psalm_shuffle23,Praise,820,4469,0.15503875968992248,0.1415162314009461,0.10946215658318442,0.15404864290610598,0.4631016254425049,0.40831412670203776,0.5088052163659895,0.9996162056922913,0.8675662168915542,1.0,2000,1.0,1.0,0.9980009995002499,1.0,1.0,1.0
phrase_function_1_2gram_psalm_shuffle23,Royal,45,1400,0.031141868512110725,0.04309002674438603,0.006782760470794259,0.05846138929048039,0.5663174390792847,0.37636992820311616,0.6536542454376499,0.06473607569932938,0.14342828585707146,0.6151924037981009,2000,0.11376214139631104,0.7529529779990012,0.2617610113861988,1.0,1.0,1.0
phrase_function_1_2gram_psalm_shuffle23,Thanksgiving,28,1136,0.024054982817869417,0.0395434336222152,0.009300059848041359,0.10895192439620663,0.6620661616325378,0.46521335208408354,0.7527412110860151,0.0016772793605923653,0.017991004497751123,0.09195402298850575,2000,0.004048605353153985,0.026796343845008192,0.05022028862869178,0.33239103461680297,0.18726696131488157,1.0
phrase_function_1_2gram_psalm_shuffle23,Trust,15,864,0.017064846416382253,0.016311385357047917,0.005778299554310808,0.11976273405076474,0.4755401313304901,0.2532123923301697,0.5332512842929082,0.6276665925979614,0.5772113943028486,1.0,2000,0.9626190986724343,1.0,0.9485641794487372,1.0,1.0,1.0
phrase_function_1_2gram_psalm_shuffle23,Wisdom,36,1269,0.027586206896551724,0.053404725501512214,0.009231826897082991,0.09509442653934151,0.6228876709938049,0.4585510994593947,0.7389630397928882,0.0059094298630952835,0.05547226386806597,0.23138430784607697,2000,0.009192446453703774,0.06084168113801923,0.0721311171039867,0.47741136693830405,0.31551965952507616,1.0
phrase_function_1_2gram_psalm_shuffle25,Hymn,136,2261,0.05673758865248227,0.040041618510063465,0.01814993475951398,0.018496420417664423,0.35223546624183655,0.28148743114670477,0.40151905092435614,1.0,1.0,1.0,2000,1.0,1.0,1.0,1.0,1.0,1.0
phrase_function_1_2gram_psalm_shuffle25,Lament,1711,5369,0.24166666666666667,0.3592327846691767,0.25882122992463313,0.4363216762420663,0.6706868410110474,0.6041073404249665,0.7336152399460907,0.0,0.0004997501249375312,0.07746126936531735,2000,0.0,0.0,0.0005451819544773067,0.0036083742019672915,0.16774039758363496,1.0
phrase_function_1_2gram_psalm_shuffle25,Praise,820,4469,0.15503875968992248,0.1434575935410372,0.10907065203586082,0.15760123935298037,0.4623187482357025,0.406803667050874,0.5082713446959178,0.9997043609619141,0.8745627186406797,1.0,2000,1.0,1.0,0.9980009995002499,1.0,1.0,1.0
phrase_function_1_2gram_psalm_shuffle25,Royal,45,1400,0.031141868512110725,0.04219359399787549,0.006303566723134278,0.04249422472491981,0.5614603161811829,0.3476097248317582,0.6544027328491211,0.07999180257320404,0.15742128935532235,0.6616691654172914,2000,0.12489426424069032,0.8266327184139254,0.2617610113861988,1.0,1.0,1.0
phrase_function_1_2gram_psalm_shuffle25,Thanksgiving,28,1136,0.024054982817869417,0.03508340760496044,0.009794412046886252,0.10777118931395094,0.6572874784469604,0.49089515083093016,0.7201913001662943,0.0022085271775722504,0.02498750624687656,0.111944027986007,2000,0.004880614505964331,0.03230312986047687,0.05094540108586483,0.33719030770810854,0.18726696131488157,1.0
phrase_function_1_2gram_psalm_shuffle25,Trust,15,864,0.017064846416382253,0.016890365997933247,0.005659444459146603,0.11726233778309748,0.4773148000240326,0.23673635933884615,0.55069110916284,0.6187071204185486,0.5772113943028486,1.0,2000,0.9626190986724343,1.0,0.9485641794487372,1.0,1.0,1.0
phrase_function_1_2gram_psalm_shuffle25,Wisdom,36,1269,0.027586206896551724,0.05393925135801709,0.008268999344539951,0.09908895574839291,0.6200858354568481,0.4339336147247921,0.7441950299259094,0.006944865919649601,0.05697151424287856,0.2463768115942029,2000,0.010198754147737176,0.0675020900025655,0.07317442196333027,0.4843166474750594,0.31901480452434333,1.0
phrase_function_1_2gram_psalm_shuffle24,Hymn,136,2261,0.05673758865248227,0.03924553880720366,0.017365500969333224,0.017723582822740804,0.3382710814476013,0.2659694577368391,0.3793417085910066,1.0,1.0,1.0,2000,1.0,1.0,1.0,1.0,1.0,1.0
phrase_function_1_2gram_psalm_shuffle24,Lament,1711,5369,0.24166666666666667,0.35843051314187196,0.2559225856133168,0.43109189318120444,0.6698905229568481,0.60299989293519,0.7317265264925438,0.0,0.0004997501249375312,0.07796101949025487,2000,0.0,0.0,0.0005451819544773067,0.0036083742019672915,0.16774039758363496,1.0
phrase_function_1_2gram_psalm_shuffle24,Praise,820,4469,0.15503875968992248,0.147120343727724,0.10768889338817482,0.16170296159181255,0.4675958752632141,0.40960465504383914,0.5192816034219324,0.9984338879585266,0.8395802098950524,1.0,2000,1.0,1.0,0.9980009995002499,1.0,1.0,1.0
phrase_function_1_2gram_psalm_shuffle24,Royal,45,1400,0.031141868512110725,0.04871578421320391,0.006675611644304331,0.050349416555462295,0.5788254141807556,0.360272891159959,0.6752472792907944,0.03575820475816727,0.11444277861069466,0.5187406296851574,2000,0.10390765105302516,0.6877294531992113,0.2617610113861988,1.0,1.0,1.0
phrase_function_1_2gram_psalm_shuffle24,Thanksgiving,28,1136,0.024054982817869417,0.035153408095772706,0.009093613126207835,0.1068987806934189,0.6535462737083435,0.4856021263507042,0.723975864137138,0.0027262119110673666,0.02498750624687656,0.11144427786106946,2000,0.005452423822134733,0.036087741526305075,0.05094540108586483,0.33719030770810854,0.18726696131488157,1.0
phrase_function_1_2gram_psalm_shuffle24,Trust,15,864,0.017064846416382253,0.014975119120638591,0.005622026346736392,0.11869778555834776,0.4289351999759674,0.23280423879623413,0.5123874194463243,0.8277318477630615,0.7741129435282359,1.0,2000,0.9626190986724343,1.0,0.9485641794487372,1.0,1.0,1.0
phrase_function_1_2gram_psalm_shuffle24,Wisdom,36,1269,0.027586206896551724,0.05706720320161708,0.00798284627358017,0.09698930720361999,0.6213772892951965,0.43469244916898997,0.7465613248729236,0.006449195556342602,0.0559720139930035,0.24687656171914044,2000,0.009708466428902841,0.06425704210313647,0.0725563144353749,0.4802256036692272,0.31901480452434333,1.0
phrase_function_1_2gram_psalm_shuffle26,Hymn,136,2261,0.05673758865248227,0.03972377728360702,0.017567824407018696,0.01792158664297155,0.3463248312473297,0.28658349470322814,0.39134048549300593,1.0,1.0,1.0,2000,1.0,1.0,1.0,1.0,1.0,1.0
phrase_function_1_2gram_psalm_shuffle26,Lament,1711,5369,0.24166666666666667,0.35501064277916927,0.24579186267145423,0.4287605999485095,0.6705025434494019,0.6047830604697394,0.7322074116456795,0.0,0.0004997501249375312,0.079960019990005,2000,0.0,0.0,0.0005451819544773067,0.0036083742019672915,0.16774039758363496,1.0
phrase_function_1_2gram_psalm_shuffle26,Praise,820,4469,0.15503875968992248,0.14305031539949176,0.10891247349512923,0.1584199873443776,0.46429699659347534,0.4107063144046346,0.5102625032186876,0.9994335174560547,0.863568215892054,1.0,2000,1.0,1.0,0.9980009995002499,1.0,1.0,1.0
phrase_function_1_2gram_psalm_shuffle26,Royal,45,1400,0.031141868512110725,0.04738036569202285,0.006843560574818413,0.05703043052230348,0.5751904845237732,0.3789762717330588,0.6729820648625394,0.04280073940753937,0.1184407796101949,0.543728135932034,2000,0.10390765105302516,0.6877294531992113,0.2617610113861988,1.0,1.0,1.0
phrase_function_1_2gram_psalm_shuffle26,Thanksgiving,28,1136,0.024054982817869417,0.0351105722348377,0.009505498187868203,0.10567641836226864,0.6562814116477966,0.48064118284735036,0.7239062039684478,0.0023381744977086782,0.0239880059970015,0.11644177911044477,2000,0.004974250914528966,0.032922877447965224,0.05094540108586483,0.33719030770810854,0.18726696131488157,1.0
phrase_function_1_2gram_psalm_shuffle26,Trust,15,864,0.017064846416382253,0.0160336751202447,0.005785110712335876,0.11777796648013314,0.4771604835987091,0.2541573462398391,0.5413505771475721,0.6194888353347778,0.5757121439280359,1.0,2000,0.9626190986724343,1.0,0.9485641794487372,1.0,1.0,1.0
phrase_function_1_2gram_psalm_shuffle26,Wisdom,36,1269,0.027586206896551724,0.06183716158832346,0.008651617520993462,0.09818102870790939,0.6270466446876526,0.45459345399414236,0.7478280300790073,0.0046244109980762005,0.04847576211894053,0.223888055972014,2000,0.00809271924663335,0.0535629602438198,0.06972541126696925,0.46148881702900174,0.31240193856560095,1.0
phrase_function_1_2gram_psalm_shuffle27,Hymn,136,2261,0.05673758865248227,0.040176302646012255,0.01868390588089185,0.019032447712090693,0.35298019647598267,0.2694717401411777,0.3933215618684518,1.0,0.9995002498750625,1.0,2000,1.0,1.0,1.0,1.0,1.0,1.0
phrase_function_1_2gram_psalm_shuffle27,Lament,1711,5369,0.24166666666666667,0.3620173245882392,0.2533152130437351,0.4379245343502776,0.6798818111419678,0.6110563427501354,0.7404956624603194,0.0,0.0004997501249375312,0.059470264867566215,2000,0.0,0.0,0.0005451819544773067,0.0036083742019672915,0.16774039758363496,1.0
phrase_function_1_2gram_psalm_shuffle27,Praise,820,4469,0.15503875968992248,0.14553941157317768,0.10953438855031367,0.1605834397018575,0.465211421251297,0.4094854864916071,0.5132355757946572,0.9992426633834839,0.8650674662668666,1.0,2000,1.0,1.0,0.9980009995002499,1.0,1.0,1.0
phrase_function_1_2gram_psalm_shuffle27,Royal,45,1400,0.031141868512110725,0.044046814078029205,0.0067778434619174864,0.045280586431851316,0.5621587038040161,0.35450563798510293,0.661980181008527,0.07764441519975662,0.15442278860569716,0.6601699150424788,2000,0.12394534254615956,0.8203521279906515,0.2617610113861988,1.0,1.0,1.0
phrase_function_1_2gram_psalm_shuffle27,Thanksgiving,28,1136,0.024054982817869417,0.03431079374263857,0.008568201237615635,0.10610750086761794,0.6514713168144226,0.47695873976507785,0.7205000661200871,0.0030583818443119526,0.026986506746626688,0.12443778110944528,2000,0.00591944873092636,0.039178820786577945,0.05223194854185811,0.3457055283820276,0.18875454359151358,1.0
phrase_function_1_2gram_psalm_shuffle27,Trust,15,864,0.017064846416382253,0.014790890313189394,0.0058556664833262105,0.11604667942596482,0.4358796179294586,0.26459087316764046,0.47819663023340797,0.8031485676765442,0.7481259370314842,1.0,2000,0.9626190986724343,1.0,0.9485641794487372,1.0,1.0,1.0
phrase_function_1_2gram_psalm_shuffle27,Wisdom,36,1269,0.027586206896551724,0.061492733243512676,0.008682491997640025,0.09774029975459177,0.6254706382751465,0.43550565631832455,0.7466055694381096,0.0050786626525223255,0.053973013493253376,0.22338830584707647,2000,0.008635782648013672,0.05715731246234122,0.07171962608037674,0.4746878476036282,0.31240193856560095,1.0
phrase_function_1_2gram_psalm_shuffle28,Hymn,136,2261,0.05673758865248227,0.04037251963441331,0.018641184353881925,0.01898900937284377,0.35556560754776,0.2670459663630169,0.40511967265926013,1.0,0.9995002498750625,1.0,2000,1.0,1.0,1.0,1.0,1.0,1.0
phrase_function_1_2gram_psalm_shuffle28,Lament,1711,5369,0.24166666666666667,0.3601155101245731,0.2520762636183673,0.43242427880138745,0.6765830516815186,0.6089423260530589,0.737736798561504,0.0,0.0004997501249375312,0.06446776611694154,2000,0.0,0.0,0.0005451819544773067,0.0036083742019672915,0.16774039758363496,1.0
phrase_function_1_2gram_psalm_shuffle28,Praise,820,4469,0.15503875968992248,0.14687112455824064,0.10993327752263247,0.16118014844882658,0.472942054271698,0.4120052968897342,0.5210922400758198,0.9931877851486206,0.792103948025987,1.0,2000,1.0,1.0,0.9980009995002499,1.0,1.0,1.0
phrase_function_1_2gram_psalm_shuffle28,Royal,45,1400,0.031141868512110725,0.04515858195185411,0.0066598128858965265,0.04675409146350615,0.5584126710891724,0.36278081612833657,0.6500441481247686,0.09086587280035019,0.16741629185407297,0.6881559220389805,2000,0.13629880920052528,0.9021155282910404,0.26420356255438715,1.0,1.0,1.0
phrase_function_1_2gram_psalm_shuffle28,Thanksgiving,28,1136,0.024054982817869417,0.03686481257721469,0.01022908910163023,0.10910153395279262,0.674075722694397,0.5354455480283347,0.7383684660890018,0.0008146468899212778,0.015992003998001,0.07296351824087956,2000,0.0026243319470350716,0.01736956188170039,0.05022028862869178,0.33239103461680297,0.18726696131488157,1.0
phrase_function_1_2gram_psalm_shuffle28,Trust,15,864,0.017064846416382253,0.016461615354105938,0.005984390164066094,0.12017519169112532,0.48788580298423767,0.28046401260959164,0.5603709791722241,0.5641728639602661,0.5187406296851574,1.0,2000,0.9626190986724343,1.0,0.9485641794487372,1.0,1.0,1.0
phrase_function_1_2gram_psalm_shuffle28,Wisdom,36,1269,0.027586206896551724,0.05701224035794304,0.008684263463477667,0.09874993982245112,0.6349269151687622,0.4494771820602809,0.7530620797340228,0.0028534114826470613,0.038980509745127435,0.17991004497751126,2000,0.005761696263037335,0.03813471077752018,0.0670975987416128,0.44409621838146623,0.3108201996562694,1.0
phrase_function_1_2gram_psalm_shuffle29,Hymn,136,2261,0.05673758865248227,0.04049501766640494,0.019136225430555442,0.019473789760226814,0.35734447836875916,0.275039740132746,0.4230285977623867,1.0,0.9995002498750625,1.0,2000,1.0,1.0,1.0,1.0,1.0,1.0
phrase_function_1_2gram_psalm_shuffle29,Lament,1711,5369,0.24166666666666667,0.3574805723486569,0.2529462844533996,0.43258140926958305,0.673266589641571,0.6095751492962723,0.7354052994320489,0.0,0.0004997501249375312,0.0734632683658171,2000,0.0,0.0,0.0005451819544773067,0.0036083742019672915,0.16774039758363496,1.0
phrase_function_1_2gram_psalm_shuffle29,Praise,820,4469,0.15503875968992248,0.139919766198547,0.10606470021551645,0.1555422616987687,0.45909327268600464,0.4031980739905006,0.5033401437652213,0.9999041557312012,0.8960519740129935,1.0,2000,1.0,1.0,0.9980009995002499,1.0,1.0,1.0
phrase_function_1_2gram_psalm_shuffle29,Royal,45,1400,0.031141868512110725,0.048739963905683525,0.006844622170976244,0.05267208540407829,0.5783650875091553,0.37016616450464934,0.6803908208745758,0.03659380227327347,0.11744127936031984,0.5177411294352824,2000,0.10390765105302516,0.6877294531992113,0.2617610113861988,1.0,1.0,1.0
phrase_function_1_2gram_psalm_shuffle29,Thanksgiving,28,1136,0.024054982817869417,0.0349955392010928,0.008625915250681541,0.10688418771117403,0.6468812823295593,0.4776890027618643,0.7186379096374578,0.00392595399171114,0.031984007996002,0.14142928535732133,2000,0.00702252338065746,0.04647969726688979,0.05392560636677709,0.3569152743250256,0.19344559695074096,1.0
phrase_function_1_2gram_psalm_shuffle29,Trust,15,864,0.017064846416382253,0.016098286158126255,0.005809414362911999,0.11971588040697133,0.46134260296821594,0.25917308968677477,0.5453973182190595,0.6965207457542419,0.6381809095452274,1.0,2000,0.9626190986724343,1.0,0.9485641794487372,1.0,1.0,1.0
phrase_function_1_2gram_psalm_shuffle29,Wisdom,36,1269,0.027586206896551724,0.054001625862342265,0.00822574910885139,0.0934158585399411,0.6092067360877991,0.4245022389251414,0.7242238839875749,0.0126362768933177,0.07396301849075462,0.29735132433783107,2000,0.015655564292606,0.10361886310936443,0.08557704618764997,0.566405405036078,0.34982508745627183,1.0
phrase_function_1_2gram_psalm_shuffle30,Hymn,136,2261,0.05673758865248227,0.04032243182907029,0.019035916765699955,0.019372378863852124,0.3544355034828186,0.2820780600138056,0.4140709103152864,1.0,1.0,1.0,2000,1.0,1.0,1.0,1.0,1.0,1.0
phrase_function_1_2gram_psalm_shuffle30,Lament,1711,5369,0.24166666666666667,0.3565588434119906,0.2504970766039911,0.42998433938623887,0.672541081905365,0.6049750388814227,0.7340266185082166,0.0,0.0004997501249375312,0.07446276861569215,2000,0.0,0.0,0.0005451819544773067,0.0036083742019672915,0.16774039758363496,1.0
phrase_function_1_2gram_psalm_shuffle30,Praise,820,4469,0.15503875968992248,0.13965015466467984,0.10613287704471701,0.15315552685096043,0.45757344365119934,0.39781520114446,0.5022797774129071,0.9999451637268066,0.9015492253873063,1.0,2000,1.0,1.0,0.9980009995002499,1.0,1.0,1.0
phrase_function_1_2gram_psalm_shuffle30,Royal,45,1400,0.031141868512110725,0.04645620728535026,0.006390809728431494,0.048886044416156696,0.5669841170310974,0.3206704830403708,0.6745993820608591,0.06283154338598251,0.13793103448275862,0.6151924037981009,2000,0.11374675957807179,0.7528511709680493,0.2617610113861988,1.0,1.0,1.0
phrase_function_1_2gram_psalm_shuffle30,Thanksgiving,28,1136,0.024054982817869417,0.035456422315458674,0.00948814393367328,0.10669892490265051,0.6456237435340881,0.4763205141054676,0.7199368204816532,0.004199308808892965,0.034482758620689655,0.1454272863568216,2000,0.007318297509274048,0.04843732577338114,0.055028665442559625,0.3642160477266611,0.19344559695074096,1.0
phrase_function_1_2gram_psalm_shuffle30,Trust,15,864,0.017064846416382253,0.015488484577485154,0.006133726199388117,0.11783128832260895,0.4535493850708008,0.2956948844417508,0.5049596880631396,0.7317195534706116,0.6766616691654173,1.0,2000,0.9626190986724343,1.0,0.9485641794487372,1.0,1.0,1.0
phrase_function_1_2gram_psalm_shuffle30,Wisdom,36,1269,0.027586206896551724,0.061355457052066686,0.008943245614255278,0.09540437185924434,0.6226468682289124,0.4428271854281352,0.7404930123781758,0.005992698948830366,0.05347326336831584,0.2368815592203898,2000,0.009253432200399831,0.061245325083418595,0.07171962608037674,0.4746878476036282,0.31684794545402456,1.0
phrase_function_1_2gram_shuffle01,Hymn,136,2108,0.06060606060606061,0.0525050841311062,0.030237151515421855,0.03945125311268934,0.44370535016059875,0.3168529316217218,0.5338506132846645,0.9862300157546997,0.8935532233883059,1.0,2000,1.0,1.0,1.0,1.0,1.0,1.0
phrase_function_1_2gram_shuffle01,Lament,1596,4788,0.25,0.3871586147600873,0.285875792413855,0.46573278797997997,0.6823263764381409,0.6075468970945714,0.7498816322015551,0.0,0.0004997501249375312,0.06946526736631684,2000,0.0,0.0,0.0005451819544773067,0.0036083742019672915,0.16774039758363496,1.0
phrase_function_1_2gram_shuffle01,Praise,630,3780,0.14285714285714285,0.13715099991541557,0.09055480681401701,0.14711037734575336,0.4670807123184204,0.4074964665700085,0.5224444452242208,0.9959714412689209,0.8430784607696152,1.0,2000,1.0,1.0,0.9980009995002499,1.0,1.0,1.0
phrase_function_1_2gram_shuffle01,Royal,45,1310,0.033210332103321034,0.050084602744236456,0.010371261369907821,0.06738119531689865,0.5841051936149597,0.4118262119744758,0.6893948167097719,0.027378622442483902,0.09945027486256872,0.47126436781609193,2000,0.10390765105302516,0.6877294531992113,0.2617610113861988,1.0,1.0,1.0
phrase_function_1_2gram_shuffle01,Thanksgiving,21,938,0.021897810218978103,0.03372143388370143,0.008799041644383119,0.12682690739557378,0.6435171365737915,0.45134213189182726,0.7177233197790409,0.012173508293926716,0.04897551224387806,0.16041979010494753,2000,0.014692165182325346,0.09724245158806259,0.05997001499250375,0.3969211622164021,0.20112331893754617,1.0
phrase_function_1_2gram_shuffle01,Trust,15,810,0.01818181818181818,0.015180273222732035,0.00580927850865729,0.12167708306053165,0.40065842866897583,0.20076090430201599,0.45455396486863164,0.9066462516784668,0.8785607196401799,1.0,2000,0.9626190986724343,1.0,0.9485641794487372,1.0,1.0,1.0
phrase_function_1_2gram_shuffle01,Wisdom,28,1064,0.02564102564102564,0.04131223256824304,0.00679723199272693,0.0955443882809521,0.5839487314224243,0.3296114863415963,0.673030638140644,0.06451346725225449,0.12643678160919541,0.47226386806596704,2000,0.06513378905275694,0.4310984290000573,0.12889186474723804,0.8530914785015148,0.48026834040606814,1.0
phrase_function_1_2gram_shuffle03,Hymn,136,2108,0.06060606060606061,0.050537503038431256,0.030236530262830956,0.03202368928711317,0.4381418228149414,0.3154591856130345,0.5229182408502894,0.9922731518745422,0.9255372313843079,1.0,2000,1.0,1.0,1.0,1.0,1.0,1.0
phrase_function_1_2gram_shuffle03,Lament,1596,4788,0.25,0.37923984565083935,0.2770409502758299,0.456251888785454,0.6744749546051025,0.6045085624843198,0.7394412189115728,0.0,0.0004997501249375312,0.08095952023988005,2000,0.0,0.0,0.0005451819544773067,0.0036083742019672915,0.16774039758363496,1.0
phrase_function_1_2gram_shuffle03,Praise,630,3780,0.14285714285714285,0.14022177471103425,0.0979008825223536,0.15235676177809515,0.4750768542289734,0.41376278819303247,0.5308972928214055,0.9775753021240234,0.7711144427786107,1.0,2000,1.0,1.0,0.9980009995002499,1.0,1.0,1.0
phrase_function_1_2gram_shuffle03,Royal,45,1310,0.033210332103321034,0.04832010489918168,0.011461017601699526,0.0584484220923257,0.5796098113059998,0.4092416642416677,0.6832443258216402,0.034522704780101776,0.11244377811094453,0.5197401299350325,2000,0.10390765105302516,0.6877294531992113,0.2617610113861988,1.0,1.0,1.0
phrase_function_1_2gram_shuffle03,Thanksgiving,21,938,0.021897810218978103,0.04044622644384966,0.008439311560238218,0.13002053044806822,0.6565133333206177,0.460619926854828,0.7380022169460716,0.007033655885607004,0.03648175912043978,0.11944027986006997,2000,0.00994658408065637,0.0658330619705663,0.055717595747580756,0.3687758434410572,0.18726696131488157,1.0
phrase_function_1_2gram_shuffle03,Trust,15,810,0.01818181818181818,0.015213759403542838,0.0060595749701907575,0.12461734760571036,0.41053497791290283,0.2336512867596932,0.4578525943457528,0.8828124403953552,0.8530734632683659,1.0,2000,0.9626190986724343,1.0,0.9485641794487372,1.0,1.0,1.0
phrase_function_1_2gram_shuffle03,Wisdom,28,1064,0.02564102564102564,0.041375351791463094,0.007106565879653767,0.09569687354339929,0.5932800769805908,0.3431857677496048,0.7092818476979595,0.04582931101322174,0.10744627686156921,0.40729635182408797,2000,0.04776255738350653,0.31612414619970924,0.11225730418372902,0.7429929715617974,0.4265946827085211,1.0
phrase_function_1_2gram_shuffle02,Hymn,136,2108,0.06060606060606061,0.0525240246369085,0.030217470297235455,0.03580593909034512,0.4469562768936157,0.3225014849459053,0.545399378523527,0.9810768961906433,0.881559220389805,1.0,2000,1.0,1.0,1.0,1.0,1.0,1.0
phrase_function_1_2gram_shuffle02,Lament,1596,4788,0.25,0.37676089068650753,0.2687453359043763,0.45020221105706376,0.6780334115028381,0.6091513460753352,0.744625231182403,0.0,0.0004997501249375312,0.07096451774112944,2000,0.0,0.0,0.0005451819544773067,0.0036083742019672915,0.16774039758363496,1.0
phrase_function_1_2gram_shuffle02,Praise,630,3780,0.14285714285714285,0.13562261967269482,0.09049080855375125,0.14476363954745605,0.4646930396556854,0.4030463230801698,0.5194804668515238,0.9977573752403259,0.8545727136431784,1.0,2000,1.0,1.0,0.9980009995002499,1.0,1.0,1.0
phrase_function_1_2gram_shuffle02,Royal,45,1310,0.033210332103321034,0.04806083134095236,0.010444184846735111,0.06761798300263289,0.581933856010437,0.43071683675821393,0.6903117751247086,0.030658436939120293,0.10944527736131934,0.4987506246876562,2000,0.10390765105302516,0.6877294531992113,0.2617610113861988,1.0,1.0,1.0
phrase_function_1_2gram_shuffle02,Thanksgiving,21,938,0.021897810218978103,0.03928595226021136,0.008053640431162709,0.13320625399231828,0.6630114912986755,0.4355175002320834,0.7483625199610888,0.005271292757242918,0.031984007996002,0.10594702648675662,2000,0.008291921191168635,0.054881410261726174,0.05392560636677709,0.3569152743250256,0.18726696131488157,1.0
phrase_function_1_2gram_shuffle02,Trust,15,810,0.01818181818181818,0.01533521305769511,0.006003302219398343,0.11995211934700424,0.4046913683414459,0.2246593082979418,0.45346063834524253,0.8973868489265442,0.8615692153923038,1.0,2000,0.9626190986724343,1.0,0.9485641794487372,1.0,1.0,1.0
phrase_function_1_2gram_shuffle02,Wisdom,28,1064,0.02564102564102564,0.045874925076622115,0.006859454824620428,0.1007080949224427,0.6094589233398438,0.33608710312582296,0.7041999247810711,0.023890281096100807,0.07596201899050475,0.31384307846076964,2000,0.027266081685767225,0.18046493457029972,0.08740835061921094,0.5785261871208929,0.36113450124252944,1.0
phrase_function_1_2gram_shuffle04,Hymn,136,2108,0.06060606060606061,0.051581751194653865,0.03041381754702535,0.03286102480522686,0.44404369592666626,0.32199000966850333,0.5322026085697994,0.9857571721076965,0.8985507246376812,1.0,2000,1.0,1.0,1.0,1.0,1.0,1.0
phrase_function_1_2gram_shuffle04,Lament,1596,4788,0.25,0.3758445775047421,0.270715010358984,0.4515475329997178,0.6729405522346497,0.6044863856515341,0.7393812583785249,0.0,0.0004997501249375312,0.08045977011494253,2000,0.0,0.0,0.0005451819544773067,0.0036083742019672915,0.16774039758363496,1.0
phrase_function_1_2gram_shuffle04,Praise,630,3780,0.14285714285714285,0.14168622670493308,0.09448891532643613,0.15671344231441658,0.4759691655635834,0.41573850821121927,0.5347171213219157,0.9734582901000977,0.7546226886556722,1.0,2000,1.0,1.0,0.9980009995002499,1.0,1.0,1.0
phrase_function_1_2gram_shuffle04,Royal,45,1310,0.033210332103321034,0.04466738535599128,0.01041885417239793,0.06676523717539097,0.5639864206314087,0.40485330671899306,0.6699521541595459,0.07196952402591705,0.15092453773113443,0.6506746626686657,2000,0.11715969027474869,0.7754402001496888,0.2617610113861988,1.0,1.0,1.0
phrase_function_1_2gram_shuffle04,Thanksgiving,21,938,0.021897810218978103,0.03423411966012226,0.0077287664199649974,0.13240457810172376,0.6339222192764282,0.40659957776869665,0.7131610134132337,0.017818283289670944,0.05697151424287856,0.18240879560219891,2000,0.020730412691583922,0.13720756114197546,0.06573636258793679,0.4350866585833638,0.2145985830614105,1.0
phrase_function_1_2gram_shuffle04,Trust,15,810,0.01818181818181818,0.014155635780604657,0.006296018875595366,0.12661711606035697,0.3718518614768982,0.2657418657945823,0.4152732623322291,0.9557254314422607,0.9470264867566217,1.0,2000,0.9626190986724343,1.0,0.9515577139659834,1.0,1.0,1.0
phrase_function_1_2gram_shuffle04,Wisdom,28,1064,0.02564102564102564,0.046009925013387465,0.006645747976146685,0.10013242706497318,0.6039205193519592,0.33013150932554136,0.7118214348652181,0.03011198900640011,0.08595702148925537,0.3473263368315842,2000,0.033281672059705385,0.22028008424034398,0.09475577172043899,0.627156272058462,0.38388700386648783,1.0
phrase_function_1_2gram_shuffle05,Hymn,136,2108,0.06060606060606061,0.051020212177943496,0.030163838034152804,0.0326775830966023,0.43578386306762695,0.32085563220431096,0.5273265007919209,0.9940293431282043,0.9315342328835582,1.0,2000,1.0,1.0,1.0,1.0,1.0,1.0
phrase_function_1_2gram_shuffle05,Lament,1596,4788,0.25,0.37273572450995585,0.2685375722673812,0.4484106794576617,0.6711463928222656,0.6020030089507552,0.7381539159696352,0.0,0.0004997501249375312,0.0879560219890055,2000,0.0,0.0,0.0005451819544773067,0.0036083742019672915,0.16774039758363496,1.0
phrase_function_1_2gram_shuffle05,Praise,630,3780,0.14285714285714285,0.1385258031229181,0.09442110351659667,0.1493541053156721,0.47464853525161743,0.41418634139762134,0.5329972724814404,0.9793516993522644,0.7716141929035483,1.0,2000,1.0,1.0,0.9980009995002499,1.0,1.0,1.0
phrase_function_1_2gram_shuffle05,Royal,45,1310,0.033210332103321034,0.048066956288226166,0.010460985866214058,0.05742121217223641,0.5787277221679688,0.413939306157453,0.6843632920667151,0.036090489476919174,0.11294352823588207,0.5272363818090955,2000,0.10390765105302516,0.6877294531992113,0.2617610113861988,1.0,1.0,1.0
phrase_function_1_2gram_shuffle05,Thanksgiving,21,938,0.021897810218978103,0.03282503332226831,0.008226553437429056,0.13162976628276496,0.6261549592018127,0.44129526365442145,0.7080456276127595,0.023898476734757423,0.06346826586706647,0.2223888055972014,2000,0.02683786157379176,0.1776306910812663,0.07185086701932053,0.475556486806444,0.2538133107359364,1.0
phrase_function_1_2gram_shuffle05,Trust,15,810,0.01818181818181818,0.015457882741874297,0.006144620070413026,0.12408166392400324,0.4216460883617401,0.24917160912943048,0.4726053822021929,0.8511883616447449,0.8205897051474262,1.0,2000,0.9626190986724343,1.0,0.9485641794487372,1.0,1.0,1.0
phrase_function_1_2gram_shuffle05,Wisdom,28,1064,0.02564102564102564,0.04325519316804058,0.0068200653200100525,0.09655071485582871,0.5972744226455688,0.33704441957842496,0.6904297212133038,0.03929277881979942,0.10044977511244378,0.38580709645177413,2000,0.04146474146813004,0.27444104152033477,0.10680735581576299,0.7069216142259211,0.4123129275057128,1.0
phrase_function_1_2gram_shuffle06,Hymn,136,2108,0.06060606060606061,0.05229130727730001,0.03039936682642904,0.03624690740771366,0.4435553550720215,0.3267525088794051,0.5409135219654155,0.9864352345466614,0.8990504747626187,1.0,2000,1.0,1.0,1.0,1.0,1.0,1.0
phrase_function_1_2gram_shuffle06,Lament,1596,4788,0.25,0.3750741571287658,0.27524715279789835,0.4477761823521062,0.6809245347976685,0.6123600160062774,0.747297728434003,0.0,0.0004997501249375312,0.07396301849075462,2000,0.0,0.0,0.0005451819544773067,0.0036083742019672915,0.16774039758363496,1.0
phrase_function_1_2gram_shuffle06,Praise,630,3780,0.14285714285714285,0.1343639829415335,0.08815943386202518,0.14550818915881564,0.4625430405139923,0.4029304370508483,0.5166799729181609,0.9987146854400635,0.8730634682658671,1.0,2000,1.0,1.0,0.9980009995002499,1.0,1.0,1.0
phrase_function_1_2gram_shuffle06,Royal,45,1310,0.033210332103321034,0.05072394056329141,0.011437817813940277,0.06912853280498253,0.5851569175720215,0.4314025512066004,0.6901707657460799,0.025898348540067673,0.10044977511244378,0.4687656171914043,2000,0.10390765105302516,0.6877294531992113,0.2617610113861988,1.0,1.0,1.0
phrase_function_1_2gram_shuffle06,Thanksgiving,21,938,0.021897810218978103,0.03673070597244049,0.00850956265221143,0.13273771141323049,0.646461546421051,0.4580510127170242,0.7268754343663579,0.010786253027617931,0.04847576211894053,0.15292353823088456,2000,0.013523063497312034,0.08950456458532224,0.059706217272595376,0.3951751746993211,0.1964155536910444,1.0
phrase_function_1_2gram_shuffle06,Trust,15,810,0.01818181818181818,0.015445603897091261,0.005700044323965113,0.12882644533129278,0.4176131784915924,0.1885974449882708,0.4876571187934286,0.8632689118385315,0.8295852073963018,1.0,2000,0.9626190986724343,1.0,0.9485641794487372,1.0,1.0,1.0
phrase_function_1_2gram_shuffle06,Wisdom,28,1064,0.02564102564102564,0.04425862972121219,0.007233056347570621,0.09436036171392716,0.5881780385971069,0.3562934418790429,0.6827627198866939,0.05541878938674927,0.11644177911044477,0.447776111944028,2000,0.05677046717666998,0.37574444185396033,0.1201610496962821,0.7953051788390071,0.4619748949054884,1.0
phrase_function_1_2gram_shuffle07,Hymn,136,2108,0.06060606060606061,0.050668572367276385,0.029835260989472635,0.03531725671301005,0.43046098947525024,0.2978127487864975,0.5168410807874557,0.996757984161377,0.9475262368815592,1.0,2000,1.0,1.0,1.0,1.0,1.0,1.0
phrase_function_1_2gram_shuffle07,Lament,1596,4788,0.25,0.3771217867404909,0.2756557172968231,0.45406069126806836,0.6732553839683533,0.60435802423476,0.7397239245762869,0.0,0.0004997501249375312,0.08095952023988005,2000,0.0,0.0,0.0005451819544773067,0.0036083742019672915,0.16774039758363496,1.0
phrase_function_1_2gram_shuffle07,Praise,630,3780,0.14285714285714285,0.14494925062927486,0.09513039304462237,0.1612827153288756,0.4815824627876282,0.413531778876237,0.543578243419669,0.9308872222900391,0.6931534232883558,1.0,2000,1.0,1.0,0.9980009995002499,1.0,1.0,1.0
phrase_function_1_2gram_shuffle07,Royal,45,1310,0.033210332103321034,0.04655861622174888,0.011964023978160116,0.06612798875271417,0.5696183443069458,0.40291959864099725,0.6724478826919099,0.05592723563313484,0.13543228385807096,0.592703648175912,2000,0.11068773276335456,0.7326045113882497,0.2617610113861988,1.0,1.0,1.0
phrase_function_1_2gram_shuffle07,Thanksgiving,21,938,0.021897810218978103,0.03483789050382444,0.007812667564934053,0.1316252275048067,0.6385419964790344,0.41019869061267883,0.7079240478353747,0.014869799837470055,0.050974512743628186,0.17491254372813594,2000,0.017480183413574817,0.11569539739383544,0.0606495619046001,0.4014188524398174,0.20811124182951019,1.0
phrase_function_1_2gram_shuffle07,Trust,15,810,0.01818181818181818,0.015203557975633174,0.005795858859237916,0.12847998486000684,0.41012346744537354,0.19655255727665416,0.4708483535167106,0.8838844299316406,0.8570714642678661,1.0,2000,0.9626190986724343,1.0,0.9485641794487372,1.0,1.0,1.0
phrase_function_1_2gram_shuffle07,Wisdom,28,1064,0.02564102564102564,0.0490796582858045,0.006850681487514699,0.09266527851411774,0.5849221348762512,0.33923437178532095,0.6919251677345326,0.06232377886772156,0.12893553223388307,0.47876061969015493,2000,0.06322702203971753,0.41847818571704154,0.1308041631358234,0.8657483320807031,0.48452881992738567,1.0
phrase_function_1_2gram_shuffle08,Hymn,136,2108,0.06060606060606061,0.05285284667593866,0.030312168847720783,0.04013415289316488,0.4511245787143707,0.3199023993193074,0.5443817594315008,0.972148060798645,0.8580709645177411,1.0,2000,1.0,1.0,1.0,1.0,1.0,1.0
phrase_function_1_2gram_shuffle08,Lament,1596,4788,0.25,0.37166466183974034,0.2631024486808182,0.44745927358173515,0.675366997718811,0.6039960655688914,0.7432820999113391,0.0,0.0004997501249375312,0.08345827086456771,2000,0.0,0.0,0.0005451819544773067,0.0036083742019672915,0.16774039758363496,1.0
phrase_function_1_2gram_shuffle08,Praise,630,3780,0.14285714285714285,0.13845771828958406,0.09140700098918896,0.14877020878535252,0.46633827686309814,0.4062559620854683,0.523528554221111,0.9966300129890442,0.8430784607696152,1.0,2000,1.0,1.0,0.9980009995002499,1.0,1.0,1.0
phrase_function_1_2gram_shuffle08,Royal,45,1310,0.033210332103321034,0.05169791557454015,0.011387361740170169,0.05472739931052624,0.5817642211914062,0.41717225682670533,0.6857027165289904,0.030927829444408417,0.11244377811094453,0.49975012493753124,2000,0.10390765105302516,0.6877294531992113,0.2617610113861988,1.0,1.0,1.0
phrase_function_1_2gram_shuffle08,Thanksgiving,21,938,0.021897810218978103,0.0370639654265101,0.0082360726914384,0.1357606993418535,0.6556503176689148,0.4457272977193648,0.7305612932523246,0.007303118705749512,0.037481259370314844,0.12393803098450774,2000,0.010190398194069087,0.06744678478308576,0.055823152253660406,0.36947448610569344,0.18875454359151358,1.0
phrase_function_1_2gram_shuffle08,Trust,15,810,0.01818181818181818,0.015913411578075815,0.006021916779959039,0.11990295327208149,0.4260082244873047,0.23292843804323063,0.4847652350357328,0.8373411893844604,0.7961019490254873,1.0,2000,0.9626190986724343,1.0,0.9485641794487372,1.0,1.0,1.0
phrase_function_1_2gram_shuffle08,Wisdom,28,1064,0.02564102564102564,0.04420352297379086,0.006826322868470032,0.09628309735964033,0.5879766345024109,0.33182059837422456,0.683561688397671,0.055827587842941284,0.11944027986006997,0.45577211394302847,2000,0.05704742557938816,0.3775775354609278,0.12265261012525523,0.8117959711345241,0.4668885069660292,1.0
phrase_function_1_2gram_shuffle09,Hymn,136,2108,0.06060606060606061,0.05193541503161457,0.030082810641356546,0.03887099430701554,0.4350408911705017,0.31424110750683487,0.529933771201738,0.9945040345191956,0.9315342328835582,1.0,2000,1.0,1.0,1.0,1.0,1.0,1.0
phrase_function_1_2gram_shuffle09,Lament,1596,4788,0.25,0.37204793150218696,0.2655475917360951,0.44645222743059465,0.6694534420967102,0.6007689433152135,0.7368795968128443,0.0,0.0004997501249375312,0.08945527236381809,2000,0.0,0.0,0.0005451819544773067,0.0036083742019672915,0.16774039758363496,1.0
phrase_function_1_2gram_shuffle09,Praise,630,3780,0.14285714285714285,0.1451792864670896,0.09634415278706705,0.16038105029575084,0.4821315109729767,0.4158513438696106,0.5418004117587584,0.9248168468475342,0.6896551724137931,1.0,2000,1.0,1.0,0.9980009995002499,1.0,1.0,1.0
phrase_function_1_2gram_shuffle09,Royal,45,1310,0.033210332103321034,0.046872457677896495,0.01050522866519569,0.0668860530504947,0.5840882062911987,0.4224329338121117,0.6677523916321627,0.02740306407213211,0.10594702648675662,0.4777611194402799,2000,0.10390765105302516,0.6877294531992113,0.2617610113861988,1.0,1.0,1.0
phrase_function_1_2gram_shuffle09,Thanksgiving,21,938,0.021897810218978103,0.032319415822730936,0.008502413868081477,0.13067541219379722,0.6448878049850464,0.4591425518702928,0.703525018818317,0.011509562842547894,0.04697651174412794,0.1519240379810095,2000,0.014011641721362654,0.09273829791935656,0.05872063968015992,0.3886519713368937,0.1964155536910444,1.0
phrase_function_1_2gram_shuffle09,Trust,15,810,0.01818181818181818,0.014616957725668721,0.0055981606935707594,0.1275721930812195,0.3869958817958832,0.16509175346748803,0.4333941638469696,0.9334385991096497,0.9165417291354323,1.0,2000,0.9626190986724343,1.0,0.9485641794487372,1.0,1.0,1.0
phrase_function_1_2gram_shuffle09,Wisdom,28,1064,0.02564102564102564,0.04480194716414458,0.0076321705353308384,0.09551149994354122,0.6155679225921631,0.3715649635015091,0.7144161184601031,0.018317900598049164,0.0704647676161919,0.27936031984008,2000,0.021856585940854115,0.1446613194078892,0.08383910027988838,0.5549025313138652,0.3430740769965894,1.0
phrase_function_1_2gram_shuffle11,Hymn,136,2108,0.06060606060606061,0.0505076837029024,0.030006461322816997,0.03271452486146429,0.43762555718421936,0.31795002191529403,0.5252655786801731,0.9926924109458923,0.9240379810094953,1.0,2000,1.0,1.0,1.0,1.0,1.0,1.0
phrase_function_1_2gram_shuffle11,Lament,1596,4788,0.25,0.38142918848437496,0.2640068381715478,0.456531482763321,0.6802842617034912,0.612449383975572,0.7488335331019936,0.0,0.0004997501249375312,0.07096451774112944,2000,0.0,0.0,0.0005451819544773067,0.0036083742019672915,0.16774039758363496,1.0
phrase_function_1_2gram_shuffle11,Praise,630,3780,0.14285714285714285,0.13897104751068742,0.09183398109943827,0.149714245103922,0.4713248610496521,0.4077363713038512,0.5283935266827234,0.9895021319389343,0.8030984507746127,1.0,2000,1.0,1.0,0.9980009995002499,1.0,1.0,1.0
phrase_function_1_2gram_shuffle11,Royal,45,1310,0.033210332103321034,0.04512196431659573,0.010691475775261979,0.04761573943292452,0.5650551319122314,0.3942030642236209,0.6713264934674045,0.06868083775043488,0.15292353823088456,0.63968015992004,2000,0.11645610648322391,0.7707834179847428,0.2617610113861988,1.0,1.0,1.0
phrase_function_1_2gram_shuffle11,Thanksgiving,21,938,0.021897810218978103,0.03474486406853114,0.007788709119522993,0.13159580378662222,0.6394050121307373,0.4129656152418925,0.7134424150973636,0.014368214644491673,0.05297351324337831,0.16891554222888555,2000,0.016999014508976062,0.11251070382889965,0.06232178028632743,0.4124866979895943,0.2056608583316411,1.0
phrase_function_1_2gram_shuffle11,Trust,15,810,0.01818181818181818,0.014553589111430813,0.0058590251867840165,0.118445520909709,0.38065844774246216,0.2053532116999924,0.42634213765978346,0.9436415433883667,0.9340329835082459,1.0,2000,0.9626190986724343,1.0,0.9485641794487372,1.0,1.0,1.0
phrase_function_1_2gram_shuffle11,Wisdom,28,1064,0.02564102564102564,0.04357206567228611,0.007187570840479792,0.09525743120132617,0.5974422693252563,0.35352735801409735,0.7024113180181334,0.03903567045927048,0.10394802598700649,0.4002998500749625,2000,0.04140146866892323,0.27402226035109556,0.10969389677020784,0.7260266484762329,0.4213682632368026,1.0
phrase_function_1_2gram_shuffle10,Hymn,136,2108,0.06060606060606061,0.052559043927364754,0.031003700150948024,0.03504765328474521,0.4430775046348572,0.3200271082752879,0.5399169261555536,0.9870716333389282,0.8960519740129935,1.0,2000,1.0,1.0,1.0,1.0,1.0,1.0
phrase_function_1_2gram_shuffle10,Lament,1596,4788,0.25,0.3892330945062187,0.27932845465284345,0.4677677962249317,0.683579683303833,0.6140580731722646,0.7511144637379567,0.0,0.0004997501249375312,0.07296351824087956,2000,0.0,0.0,0.0005451819544773067,0.0036083742019672915,0.16774039758363496,1.0
phrase_function_1_2gram_shuffle10,Praise,630,3780,0.14285714285714285,0.13702123821532813,0.09040927197474963,0.1471863722750392,0.46704962849617004,0.4069228168278734,0.5217243701518083,0.9960011839866638,0.8465767116441779,1.0,2000,1.0,1.0,0.9980009995002499,1.0,1.0,1.0
phrase_function_1_2gram_shuffle10,Royal,45,1310,0.033210332103321034,0.0502682352159365,0.008697982762278006,0.06500464999558299,0.5817811489105225,0.4160715077115925,0.6896834530171982,0.030900804325938225,0.10044977511244378,0.49225387306346824,2000,0.10390765105302516,0.6877294531992113,0.2617610113861988,1.0,1.0,1.0
phrase_function_1_2gram_shuffle10,Thanksgiving,21,938,0.021897810218978103,0.041083208499708486,0.008559143996414852,0.13270825061941066,0.6597116589546204,0.4667226615237754,0.7289584473489196,0.00611001206561923,0.038980509745127435,0.11594202898550725,2000,0.008972744991468799,0.05938755177450565,0.056296355133691425,0.37260645525943703,0.18726696131488157,1.0
phrase_function_1_2gram_shuffle10,Trust,15,810,0.01818181818181818,0.01511239532600794,0.005785923562303326,0.12362004018980256,0.4036214053630829,0.20305727222011824,0.4561034409463382,0.8999060988426208,0.8725637181409296,1.0,2000,0.9626190986724343,1.0,0.9485641794487372,1.0,1.0,1.0
phrase_function_1_2gram_shuffle10,Wisdom,28,1064,0.02564102564102564,0.044142776356760935,0.007321372614106306,0.09726401608037946,0.5912996530532837,0.35593628005452327,0.6904199895395082,0.04937988519668579,0.11444277861069466,0.4287856071964018,2000,0.051335524214376316,0.339772400202093,0.11897516588240534,0.787456216624867,0.4446665556110833,1.0
phrase_function_1_2gram_shuffle12,Hymn,136,2108,0.06060606060606061,0.050804505487455624,0.029894909017132452,0.03213990423079156,0.4366035461425781,0.3175211140855362,0.5269274024187571,0.9934636950492859,0.9300349825087456,1.0,2000,1.0,1.0,1.0,1.0,1.0,1.0
phrase_function_1_2gram_shuffle12,Lament,1596,4788,0.25,0.3759199469164781,0.26613364495449976,0.4525698954493275,0.6742714643478394,0.6017716952423804,0.7411109835124119,0.0,0.0004997501249375312,0.08545727136431784,2000,0.0,0.0,0.0005451819544773067,0.0036083742019672915,0.16774039758363496,1.0
phrase_function_1_2gram_shuffle12,Praise,630,3780,0.14285714285714285,0.14195349510559452,0.09333715766399782,0.15709615964011991,0.4805763363838196,0.417753106362474,0.540189946516725,0.9410223960876465,0.7051474262868566,1.0,2000,1.0,1.0,0.9980009995002499,1.0,1.0,1.0
phrase_function_1_2gram_shuffle12,Royal,45,1310,0.033210332103321034,0.047623758933107954,0.010913534950337296,0.06883134607603585,0.5893808603286743,0.419806078619179,0.6876018211793579,0.020610742270946503,0.0879560219890055,0.4337831084457771,2000,0.10390765105302516,0.6877294531992113,0.2617610113861988,1.0,1.0,1.0
phrase_function_1_2gram_shuffle12,Thanksgiving,21,938,0.021897810218978103,0.036324840429516544,0.0076370206955615905,0.1315407359813652,0.6485937833786011,0.40830750699603985,0.7318269224962448,0.009869582951068878,0.046476761619190406,0.14192903548225888,2000,0.012676528561005899,0.08390163734214215,0.05872063968015992,0.3886519713368937,0.19344559695074096,1.0
phrase_function_1_2gram_shuffle12,Trust,15,810,0.01818181818181818,0.016184265865176045,0.005909798707490781,0.12490861402087405,0.4237860143184662,0.2142684398392329,0.4878202392395634,0.8444969058036804,0.8070964517741129,1.0,2000,0.9626190986724343,1.0,0.9485641794487372,1.0,1.0,1.0
phrase_function_1_2gram_shuffle12,Wisdom,28,1064,0.02564102564102564,0.05204023522597041,0.008174497412416326,0.09299971705893753,0.6095595955848694,0.39215081920608696,0.713858753751638,0.023788006976246834,0.07246376811594203,0.3053473263368316,2000,0.02722333223439692,0.18018199047025013,0.08501335924216663,0.5626745525833075,0.3542703786228433,1.0
phrase_function_1_2gram_shuffle13,Hymn,136,2108,0.06060606060606061,0.050475164131134384,0.030479658736189633,0.03266561402639412,0.43682679533958435,0.32613413802506463,0.5149732325112019,0.9933016300201416,0.9260369815092454,1.0,2000,1.0,1.0,1.0,1.0,1.0,1.0
phrase_function_1_2gram_shuffle13,Lament,1596,4788,0.25,0.37871092549546664,0.2688826757126909,0.45486254400504955,0.6778225898742676,0.6088490923086134,0.7466545176618438,0.0,0.0004997501249375312,0.07446276861569215,2000,0.0,0.0,0.0005451819544773067,0.0036083742019672915,0.16774039758363496,1.0
phrase_function_1_2gram_shuffle13,Praise,630,3780,0.14285714285714285,0.1435516065162583,0.09196582849796839,0.15742890492662687,0.4780280590057373,0.41453481821796645,0.540006415446903,0.961513340473175,0.7361319340329835,1.0,2000,1.0,1.0,0.9980009995002499,1.0,1.0,1.0
phrase_function_1_2gram_shuffle13,Royal,45,1310,0.033210332103321034,0.0460926877814541,0.009898571775107083,0.04810119013032211,0.5692451000213623,0.40944264214701964,0.6688528390278325,0.05689457803964615,0.1344327836081959,0.5942028985507246,2000,0.11068773276335456,0.7326045113882497,0.2617610113861988,1.0,1.0,1.0
phrase_function_1_2gram_shuffle13,Thanksgiving,21,938,0.021897810218978103,0.030942393009311127,0.007452728419250333,0.12889724145561315,0.6186922788619995,0.3838836017189565,0.6863015943827389,0.0312967486679554,0.06996501749125437,0.25087456271864067,2000,0.034591143264582284,0.22894702942275924,0.07857034049820011,0.5200303996952862,0.2802322243133752,1.0
phrase_function_1_2gram_shuffle13,Trust,15,810,0.01818181818181818,0.015120289543419464,0.005725691445897544,0.12857088985611909,0.40798354148864746,0.19490584850369191,0.4555501135745641,0.8893468379974365,0.8575712143928036,1.0,2000,0.9626190986724343,1.0,0.9485641794487372,1.0,1.0,1.0
phrase_function_1_2gram_shuffle13,Wisdom,28,1064,0.02564102564102564,0.04569469396851964,0.006062501712072805,0.09514301538101913,0.584250807762146,0.2838039328918584,0.6866657032970855,0.06382759660482407,0.12743628185907047,0.4737631184407796,2000,0.064596603792834,0.42754298220350767,0.12959621883973269,0.8577533590269706,0.48062925059209527,1.0
phrase_function_1_2gram_shuffle14,Hymn,136,2108,0.06060606060606061,0.052173659090705454,0.030157082853645656,0.03514781700837417,0.43768835067749023,0.31913417820871876,0.5300549085824141,0.9926425218582153,0.9240379810094953,1.0,2000,1.0,1.0,1.0,1.0,1.0,1.0
phrase_function_1_2gram_shuffle14,Lament,1596,4788,0.25,0.382532228544651,0.27675010935317534,0.4582562160603908,0.6792270541191101,0.6085797217416248,0.7461514748018788,0.0,0.0004997501249375312,0.07146426786606697,2000,0.0,0.0,0.0005451819544773067,0.0036083742019672915,0.16774039758363496,1.0
phrase_function_1_2gram_shuffle14,Praise,630,3780,0.14285714285714285,0.13780553918909022,0.09279123176019047,0.14640835034080327,0.47425463795661926,0.41193704831911004,0.5309269690272007,0.9808786511421204,0.7651174412793603,1.0,2000,1.0,1.0,0.9980009995002499,1.0,1.0,1.0
phrase_function_1_2gram_shuffle14,Royal,45,1310,0.033210332103321034,0.04663084168919912,0.010143779624514647,0.06484724267203086,0.5745377540588379,0.402343454920985,0.6763930516091285,0.04435199871659279,0.12393803098450774,0.5657171414292853,2000,0.10390765105302516,0.6877294531992113,0.2617610113861988,1.0,1.0,1.0
phrase_function_1_2gram_shuffle14,Thanksgiving,21,938,0.021897810218978103,0.03196021315025524,0.007958197470229507,0.12966762857559444,0.6384912133216858,0.43324859577880587,0.7274934794188274,0.014899775385856628,0.05297351324337831,0.16691654172913542,2000,0.017480183413574817,0.11569539739383544,0.06232178028632743,0.4124866979895943,0.20498522668490315,1.0
phrase_function_1_2gram_shuffle14,Trust,15,810,0.01818181818181818,0.014799412129033162,0.005703851662279815,0.1277443151822311,0.39711934328079224,0.18963782421110673,0.4526488028983591,0.9142503142356873,0.887056471764118,1.0,2000,0.9626190986724343,1.0,0.9485641794487372,1.0,1.0,1.0
phrase_function_1_2gram_shuffle14,Wisdom,28,1064,0.02564102564102564,0.0414915771627809,0.007207280795683078,0.0984256555314819,0.603047788143158,0.36475358261134627,0.7036423741881401,0.031205344945192337,0.08595702148925537,0.34182908545727136,2000,0.03413084603380412,0.22590047837840319,0.09475577172043899,0.627156272058462,0.3818303614150371,1.0
phrase_function_1_2gram_shuffle16,Hymn,136,2108,0.06060606060606061,0.05106343454872507,0.030182755636302298,0.03344482946833991,0.43754884600639343,0.32316878937881377,0.5223359632711981,0.9927529692649841,0.9195402298850575,1.0,2000,1.0,1.0,1.0,1.0,1.0,1.0
phrase_function_1_2gram_shuffle16,Lament,1596,4788,0.25,0.380319068691527,0.27194770364364973,0.4548704323898822,0.6814674139022827,0.6130452084324041,0.7491907248876607,0.0,0.0004997501249375312,0.07096451774112944,2000,0.0,0.0,0.0005451819544773067,0.0036083742019672915,0.16774039758363496,1.0
phrase_function_1_2gram_shuffle16,Praise,630,3780,0.14285714285714285,0.1350479130799878,0.09210939361811817,0.141845640286696,0.46893802285194397,0.4103207748247701,0.521942895998277,0.9937933683395386,0.8205897051474262,1.0,2000,1.0,1.0,0.9980009995002499,1.0,1.0,1.0
phrase_function_1_2gram_shuffle16,Royal,45,1310,0.033210332103321034,0.04634687892216865,0.010463152633242427,0.05015555850967741,0.5763528347015381,0.42752519064070293,0.6775308847427368,0.04060295969247818,0.12143928035982009,0.5462268865567217,2000,0.10390765105302516,0.6877294531992113,0.2617610113861988,1.0,1.0,1.0
phrase_function_1_2gram_shuffle16,Thanksgiving,21,938,0.021897810218978103,0.04354793807882576,0.009143527674572764,0.12454684080470702,0.6650421619415283,0.4877823691772388,0.7401190244325065,0.0048075891099870205,0.03498250874562719,0.10494752623688156,2000,0.007910200547485147,0.05235493096116601,0.055028665442559625,0.3642160477266611,0.18726696131488157,1.0
phrase_function_1_2gram_shuffle16,Trust,15,810,0.01818181818181818,0.014868212862476152,0.005831403766123967,0.11942261385957471,0.3818106949329376,0.20138999551675166,0.43998619268027117,0.9418842792510986,0.9255372313843079,1.0,2000,0.9626190986724343,1.0,0.9485641794487372,1.0,1.0,1.0
phrase_function_1_2gram_shuffle16,Wisdom,28,1064,0.02564102564102564,0.04523477498375078,0.0070606529977538515,0.1010061715745258,0.6008995771408081,0.3487921182631885,0.6933818346501414,0.03403712809085846,0.09545227386306847,0.3663168415792104,2000,0.03684431391278493,0.2438600007213035,0.10305901034058806,0.682112588538984,0.3985830918737523,1.0
phrase_function_1_2gram_shuffle15,Hymn,136,2108,0.06060606060606061,0.05219156040230365,0.030253276814826358,0.03432962757017569,0.4334677457809448,0.3105896917009161,0.5267599972477638,0.9954001307487488,0.9375312343828086,1.0,2000,1.0,1.0,1.0,1.0,1.0,1.0
phrase_function_1_2gram_shuffle15,Lament,1596,4788,0.25,0.39057351539276447,0.2778102019757533,0.4673281728609596,0.6824054718017578,0.612401375361511,0.7467603095726593,0.0,0.0004997501249375312,0.06546726636681659,2000,0.0,0.0,0.0005451819544773067,0.0036083742019672915,0.16774039758363496,1.0
phrase_function_1_2gram_shuffle15,Praise,630,3780,0.14285714285714285,0.13786899362558092,0.09251414350973058,0.149018483851281,0.4700694978237152,0.4086221721882523,0.5262295598168565,0.9920040965080261,0.8190904547726137,1.0,2000,1.0,1.0,0.9980009995002499,1.0,1.0,1.0
phrase_function_1_2gram_shuffle15,Royal,45,1310,0.033210332103321034,0.04613117497823528,0.010002670654098515,0.06889346759285381,0.5739440321922302,0.4036436843533319,0.6809188815547949,0.04563720151782036,0.12893553223388307,0.559720139930035,2000,0.10417187302980734,0.6894782487284538,0.2617610113861988,1.0,1.0,1.0
phrase_function_1_2gram_shuffle15,Thanksgiving,21,938,0.021897810218978103,0.03738029567954679,0.00854452833868458,0.13325282442096,0.6521981954574585,0.4574875924872207,0.733208842884385,0.008474127389490604,0.04397801099450275,0.13893053473263367,2000,0.011298836519320805,0.07478316161005688,0.05772113943028486,0.382036618633287,0.19344559695074096,1.0
phrase_function_1_2gram_shuffle15,Trust,15,810,0.01818181818181818,0.014979206168174719,0.005987653249762942,0.12807158695321383,0.40395063161849976,0.2302737534046173,0.44942988605926476,0.8991357684135437,0.8690654672663668,1.0,2000,0.9626190986724343,1.0,0.9485641794487372,1.0,1.0,1.0
phrase_function_1_2gram_shuffle15,Wisdom,28,1064,0.02564102564102564,0.03870488945730495,0.0068959904673098985,0.09337952260484775,0.5888829231262207,0.33652465653755437,0.6807484251600948,0.05400656908750534,0.11794102948525736,0.44877561219390305,2000,0.055459068500616736,0.3670647393944367,0.12140988329364727,0.8035707842910492,0.4619748949054884,1.0
phrase_function_1_2gram_shuffle17,Hymn,136,2108,0.06060606060606061,0.052286390992112186,0.031206146943659006,0.03329854074224657,0.437343031167984,0.31526095186805986,0.5259104132342421,0.9929132461547852,0.9245377311344328,1.0,2000,1.0,1.0,1.0,1.0,1.0,1.0
phrase_function_1_2gram_shuffle17,Lament,1596,4788,0.25,0.37419513700836105,0.2597514001743099,0.44971462517984023,0.6770951747894287,0.6093072327363543,0.7462767772017235,0.0,0.0004997501249375312,0.07446276861569215,2000,0.0,0.0,0.0005451819544773067,0.0036083742019672915,0.16774039758363496,1.0
phrase_function_1_2gram_shuffle17,Praise,630,3780,0.14285714285714285,0.13979326593171157,0.09411558436074033,0.15563659546281822,0.47377172112464905,0.4104361597797606,0.5331671251896136,0.9826186895370483,0.7781109445277361,1.0,2000,1.0,1.0,0.9980009995002499,1.0,1.0,1.0
phrase_function_1_2gram_shuffle17,Royal,45,1310,0.033210332103321034,0.05155778366400847,0.00983512768850825,0.05777790455449292,0.583036482334137,0.4161297245823637,0.6821085080250247,0.028954382985830307,0.1024487756121939,0.48875562218890556,2000,0.10390765105302516,0.6877294531992113,0.2617610113861988,1.0,1.0,1.0
phrase_function_1_2gram_shuffle17,Thanksgiving,21,938,0.021897810218978103,0.03647084300206258,0.007662360196176654,0.13622926098609056,0.6454970240592957,0.40079343184886573,0.7156568938235569,0.011224723421037197,0.044977511244377814,0.15142428785607195,2000,0.013813606643101627,0.09142757099302833,0.05830418124271198,0.38589557437705757,0.1964155536910444,1.0
phrase_function_1_2gram_shuffle17,Trust,15,810,0.01818181818181818,0.015885225783277744,0.006073037486017066,0.12717899612077038,0.42370370030403137,0.240800566072802,0.474664450719127,0.8447579145431519,0.8045977011494253,1.0,2000,0.9626190986724343,1.0,0.9485641794487372,1.0,1.0,1.0
phrase_function_1_2gram_shuffle17,Wisdom,28,1064,0.02564102564102564,0.04385891277917742,0.006835661610069651,0.09406648128507583,0.5905947685241699,0.33631588273765184,0.6773121937596236,0.05069541558623314,0.11594202898550725,0.4387806096951524,2000,0.052573023570908435,0.34796298816339627,0.11994002998500751,0.7938423244328042,0.45391097554670945,1.0
phrase_function_1_2gram_shuffle19,Hymn,136,2108,0.06060606060606061,0.051399257270354104,0.030783703494660114,0.033249092738186124,0.44456690549850464,0.31960725469834605,0.5330420857880473,0.9849985241889954,0.8975512243878061,1.0,2000,1.0,1.0,1.0,1.0,1.0,1.0
phrase_function_1_2gram_shuffle19,Lament,1596,4788,0.25,0.3625366414085429,0.2535842526344092,0.4316906474804469,0.6694934964179993,0.6009870635345912,0.7369887002544998,0.0,0.0004997501249375312,0.09295352323838081,2000,0.0,0.0,0.0005451819544773067,0.0036083742019672915,0.16774039758363496,1.0
phrase_function_1_2gram_shuffle19,Praise,630,3780,0.14285714285714285,0.14183123804409833,0.09468771725298257,0.1530754025054429,0.4765801727771759,0.4164412051986201,0.5323129093864103,0.970289409160614,0.7471264367816092,1.0,2000,1.0,1.0,0.9980009995002499,1.0,1.0,1.0
phrase_function_1_2gram_shuffle19,Royal,45,1310,0.033210332103321034,0.04709229235383638,0.01116516020087173,0.06363305823178302,0.5711450576782227,0.4035850232393957,0.6705966157313548,0.052104346454143524,0.13093453273363317,0.5942028985507246,2000,0.1095177222043276,0.7248606088570848,0.2617610113861988,1.0,1.0,1.0
phrase_function_1_2gram_shuffle19,Thanksgiving,21,938,0.021897810218978103,0.03888838933739546,0.008594573913164979,0.13328716747193162,0.6681896448135376,0.47365076417584384,0.7368348721774656,0.004160498268902302,0.02948525737131434,0.09545227386306847,2000,0.007280871970579028,0.048189618843221815,0.05392560636677709,0.3569152743250256,0.18726696131488157,1.0
phrase_function_1_2gram_shuffle19,Trust,15,810,0.01818181818181818,0.015916015664801712,0.0059857449408167885,0.1273344206420671,0.4175308644771576,0.22714745891115445,0.47702064798781757,0.8635082244873047,0.8285857071464268,1.0,2000,0.9626190986724343,1.0,0.9485641794487372,1.0,1.0,1.0
phrase_function_1_2gram_shuffle19,Wisdom,28,1064,0.02564102564102564,0.04485148440319393,0.006956202743054693,0.10132515716433549,0.5977779030799866,0.3411778304138263,0.6954731105848662,0.03852555900812149,0.1024487756121939,0.3818090954522739,2000,0.04106785478023103,0.2718141833238046,0.10865779231596322,0.7191690249754255,0.4090811736988649,1.0
phrase_function_1_2gram_shuffle18,Hymn,136,2108,0.06060606060606061,0.05307645988586565,0.031016168355619305,0.03597520421342833,0.4504234492778778,0.3270833602245906,0.5435516216239809,0.9738581776618958,0.8645677161419291,1.0,2000,1.0,1.0,1.0,1.0,1.0,1.0
phrase_function_1_2gram_shuffle18,Lament,1596,4788,0.25,0.377150457322067,0.267787728223887,0.4535898370086048,0.680915892124176,0.6098158794424108,0.7478511696225768,0.0,0.0004997501249375312,0.07396301849075462,2000,0.0,0.0,0.0005451819544773067,0.0036083742019672915,0.16774039758363496,1.0
phrase_function_1_2gram_shuffle18,Praise,630,3780,0.14285714285714285,0.13860628766355182,0.09331725536464253,0.14941961814477336,0.4711955189704895,0.41170040980723654,0.5307600935781921,0.9897881150245667,0.8055972013993004,1.0,2000,1.0,1.0,0.9980009995002499,1.0,1.0,1.0
phrase_function_1_2gram_shuffle18,Royal,45,1310,0.033210332103321034,0.044697482526985355,0.009502101572323788,0.06786146625246627,0.5728923082351685,0.40473313564555424,0.6663809797686759,0.0479871891438961,0.12993503248375812,0.5782108945527237,2000,0.10607694442334929,0.7020872692818821,0.2617610113861988,1.0,1.0,1.0
phrase_function_1_2gram_shuffle18,Thanksgiving,21,938,0.021897810218978103,0.03499947407930781,0.00853779585581941,0.1326416584462303,0.6485937833786011,0.4609471853151986,0.7216625020654243,0.009869582951068878,0.04247876061969016,0.13543228385807096,2000,0.012676528561005899,0.08390163734214215,0.0568187243957639,0.3760638399980243,0.1921674297986142,1.0
phrase_function_1_2gram_shuffle18,Trust,15,810,0.01818181818181818,0.014673480552723259,0.005664294151225616,0.12814406038653234,0.38600823283195496,0.1850245963498203,0.45173953323199956,0.9351165890693665,0.9175412293853074,1.0,2000,0.9626190986724343,1.0,0.9485641794487372,1.0,1.0,1.0
phrase_function_1_2gram_shuffle18,Wisdom,28,1064,0.02564102564102564,0.046034977737494855,0.0072642425743745485,0.09606469026827341,0.6105666160583496,0.36429255504390295,0.7170900710796645,0.022785361856222153,0.07246376811594203,0.2938530734632684,2000,0.02629080214179479,0.17400989049322538,0.08501335924216663,0.5626745525833075,0.34982508745627183,1.0
phrase_function_1_2gram_shuffle20,Hymn,136,2108,0.06060606060606061,0.0511732890126643,0.031016439926041525,0.035724776523045204,0.44284379482269287,0.31396625750250645,0.5340909843893767,0.9873732924461365,0.896551724137931,1.0,2000,1.0,1.0,1.0,1.0,1.0,1.0
phrase_function_1_2gram_shuffle20,Lament,1596,4788,0.25,0.37231307942412883,0.26296541542016344,0.4478558684005884,0.6712538599967957,0.6017893189842284,0.7399020849465825,0.0,0.0004997501249375312,0.08995502248875563,2000,0.0,0.0,0.0005451819544773067,0.0036083742019672915,0.16774039758363496,1.0
phrase_function_1_2gram_shuffle20,Praise,630,3780,0.14285714285714285,0.1403839545106583,0.0963726047640211,0.15245154959067025,0.47293880581855774,0.4077901569509738,0.5277248796259376,0.9853026866912842,0.792103948025987,1.0,2000,1.0,1.0,0.9980009995002499,1.0,1.0,1.0
phrase_function_1_2gram_shuffle20,Royal,45,1310,0.033210332103321034,0.046088031484870534,0.009049714504704856,0.0664740053735445,0.57945716381073,0.42140012588714076,0.6806763214604477,0.034789979457855225,0.11594202898550725,0.5102448775612194,2000,0.10390765105302516,0.6877294531992113,0.2617610113861988,1.0,1.0,1.0
phrase_function_1_2gram_shuffle20,Thanksgiving,21,938,0.021897810218978103,0.04204673763014427,0.008921690554746417,0.13542442044377975,0.6780891418457031,0.47805898289272203,0.7667492603538816,0.0026022361125797033,0.02448775612193903,0.07846076961519241,2000,0.005305529938269298,0.035115500797106694,0.05094540108586483,0.33719030770810854,0.18726696131488157,1.0
phrase_function_1_2gram_shuffle20,Trust,15,810,0.01818181818181818,0.014925398643501299,0.0058331044205515905,0.1276909061670107,0.40213993191719055,0.20979147755012773,0.4552899511030352,0.9033192992210388,0.8745627186406797,1.0,2000,0.9626190986724343,1.0,0.9485641794487372,1.0,1.0,1.0
phrase_function_1_2gram_shuffle20,Wisdom,28,1064,0.02564102564102564,0.04525098203887201,0.0068254212756175036,0.09606695529011296,0.603114902973175,0.33025229382521626,0.6832478568537919,0.031120087951421738,0.08945527236381809,0.3458270864567716,2000,0.03413084603380412,0.22590047837840319,0.09809716551645847,0.6492718227900154,0.38379227272907085,1.0
phrase_function_1_2gram_shuffle22,Hymn,136,2108,0.06060606060606061,0.052881985179655075,0.03195637444128953,0.03612846618768754,0.44374021887779236,0.318239970090378,0.5335229634977442,0.986181914806366,0.9000499750124937,1.0,2000,1.0,1.0,1.0,1.0,1.0,1.0
phrase_function_1_2gram_shuffle22,Lament,1596,4788,0.25,0.3841403825091644,0.2786749150997464,0.46138241790676543,0.6816490292549133,0.6127816116967268,0.748153248294857,0.0,0.0004997501249375312,0.06446776611694154,2000,0.0,0.0,0.0005451819544773067,0.0036083742019672915,0.16774039758363496,1.0
phrase_function_1_2gram_shuffle22,Praise,630,3780,0.14285714285714285,0.14060237870672954,0.09203165662253102,0.15469537942373876,0.4692542254924774,0.40921021832805454,0.5300734217698052,0.9933330416679382,0.8335832083958021,1.0,2000,1.0,1.0,0.9980009995002499,1.0,1.0,1.0
phrase_function_1_2gram_shuffle22,Royal,45,1310,0.033210332103321034,0.045593666432083665,0.010805304868800018,0.046552607989133556,0.5647836923599243,0.40853359411123563,0.6604932260858924,0.06950487196445465,0.1504247876061969,0.6416791604197901,2000,0.11645610648322391,0.7707834179847428,0.2617610113861988,1.0,1.0,1.0
phrase_function_1_2gram_shuffle22,Thanksgiving,21,938,0.021897810218978103,0.04322970864192871,0.00858292422591075,0.13634194785768447,0.6472230553627014,0.45922574698485946,0.7432003025427059,0.010450693778693676,0.04447776111944028,0.14792603698150925,2000,0.013248550436313612,0.08768765586471086,0.05801447102535689,0.38397808083978024,0.193548085770199,1.0
phrase_function_1_2gram_shuffle22,Trust,15,810,0.01818181818181818,0.015895802818829106,0.005851366238527855,0.12105826648842771,0.4194238781929016,0.2095157986468932,0.47277494350425187,0.8579304814338684,0.8205897051474262,1.0,2000,0.9626190986724343,1.0,0.9485641794487372,1.0,1.0,1.0
phrase_function_1_2gram_shuffle22,Wisdom,28,1064,0.02564102564102564,0.04731524959304215,0.007527170578814324,0.08034254069890528,0.6073442697525024,0.3810464485092369,0.697220316102319,0.026124881580471992,0.079960019990005,0.32533733133433285,2000,0.029416756739405463,0.19469952233798024,0.09076542809676243,0.600745542814014,0.3683064128313202,1.0
phrase_function_1_2gram_shuffle21,Hymn,136,2108,0.06060606060606061,0.050480674558808336,0.029783894241184276,0.034063349196137835,0.4295436143875122,0.3018862823143507,0.5210770283795528,0.9970935583114624,0.9495252373813093,1.0,2000,1.0,1.0,1.0,1.0,1.0,1.0
phrase_function_1_2gram_shuffle21,Lament,1596,4788,0.25,0.3789778375966663,0.26921655926536364,0.4554767998232077,0.6746195554733276,0.6070573807545634,0.7415673473678394,0.0,0.0004997501249375312,0.08045977011494253,2000,0.0,0.0,0.0005451819544773067,0.0036083742019672915,0.16774039758363496,1.0
phrase_function_1_2gram_shuffle21,Praise,630,3780,0.14285714285714285,0.13971385422217497,0.0942055178643543,0.1516965839457435,0.4721857011318207,0.41154177016068866,0.5307250620974072,0.9874145984649658,0.7956021989005497,1.0,2000,1.0,1.0,0.9980009995002499,1.0,1.0,1.0
phrase_function_1_2gram_shuffle21,Royal,45,1310,0.033210332103321034,0.047294659515649644,0.0115343857537679,0.06537688326200053,0.5770313739776611,0.41784726263225735,0.6792166278820636,0.039269253611564636,0.11944027986006997,0.5442278860569715,2000,0.10390765105302516,0.6877294531992113,0.2617610113861988,1.0,1.0,1.0
phrase_function_1_2gram_shuffle21,Thanksgiving,21,938,0.021897810218978103,0.03404138943501166,0.007662725406144431,0.13186637214664915,0.6403695940971375,0.40424986128943663,0.7219606659131917,0.01382492110133171,0.04997501249375312,0.16991504247876063,2000,0.016448914624813932,0.108869779520576,0.06031467025108135,0.39920231832109404,0.2056608583316411,1.0
phrase_function_1_2gram_shuffle21,Trust,15,810,0.01818181818181818,0.015879044103093556,0.006035723921724108,0.12675560127240748,0.4292181134223938,0.23993559181690216,0.478864969617087,0.8266329765319824,0.7776111944027986,1.0,2000,0.9626190986724343,1.0,0.9485641794487372,1.0,1.0,1.0
phrase_function_1_2gram_shuffle21,Wisdom,28,1064,0.02564102564102564,0.05012667790535067,0.006724482350649933,0.09377566095564781,0.6160378456115723,0.33542783050721536,0.7213281898395971,0.017939390614628792,0.06296851574212893,0.263368315842079,2000,0.021465937487590007,0.142075749967778,0.07778463709321809,0.5148300956983333,0.3292103948025987,1.0
phrase_function_1_2gram_shuffle23,Hymn,136,2108,0.06060606060606061,0.05146111219773916,0.02965548527819295,0.035260924223630453,0.4312458038330078,0.3070045789899497,0.5217213098864403,0.9964436292648315,0.9440279860069966,1.0,2000,1.0,1.0,1.0,1.0,1.0,1.0
phrase_function_1_2gram_shuffle23,Lament,1596,4788,0.25,0.37313254886292074,0.27463125692888835,0.4449321765487796,0.6762986183166504,0.6069332716370129,0.743014238495439,0.0,0.0004997501249375312,0.08195902048975512,2000,0.0,0.0,0.0005451819544773067,0.0036083742019672915,0.16774039758363496,1.0
phrase_function_1_2gram_shuffle23,Praise,630,3780,0.14285714285714285,0.13810483901438247,0.09606124870467654,0.14939472737027742,0.47065046429634094,0.4106752865960541,0.52627374118723,0.9909200668334961,0.809095452273863,1.0,2000,1.0,1.0,0.9980009995002499,1.0,1.0,1.0
phrase_function_1_2gram_shuffle23,Royal,45,1310,0.033210332103321034,0.04683221843947139,0.011243431593734218,0.06241262845928413,0.5807803273200989,0.41938369550053306,0.676069884224931,0.03252919018268585,0.10444777611194403,0.5092453773113443,2000,0.10390765105302516,0.6877294531992113,0.2617610113861988,1.0,1.0,1.0
phrase_function_1_2gram_shuffle23,Thanksgiving,21,938,0.021897810218978103,0.045826516358934616,0.008217985267830064,0.1411447141291069,0.6743831634521484,0.4371824990440494,0.7843330328030336,0.003110066754743457,0.02448775612193903,0.08595702148925537,2000,0.005964511584439506,0.03947707650973328,0.05094540108586483,0.33719030770810854,0.18726696131488157,1.0
phrase_function_1_2gram_shuffle23,Trust,15,810,0.01818181818181818,0.015587902549573405,0.005707250874205991,0.11952164800756371,0.419259250164032,0.19270194217885248,0.48676469922065735,0.8584215641021729,0.8205897051474262,1.0,2000,0.9626190986724343,1.0,0.9485641794487372,1.0,1.0,1.0
phrase_function_1_2gram_shuffle23,Wisdom,28,1064,0.02564102564102564,0.04292453245090473,0.007708961676251581,0.0988091674304188,0.6030813455581665,0.3768461895485577,0.7041470538272138,0.031162695959210396,0.08545727136431784,0.35132433783108447,2000,0.03413084603380412,0.22590047837840319,0.09475577172043899,0.627156272058462,0.3862728321703023,1.0
phrase_function_1_2gram_shuffle24,Hymn,136,2108,0.06060606060606061,0.049330320382795834,0.03048583576365323,0.03243485272699156,0.42257437109947205,0.30850869752071985,0.5024198708501663,0.998781144618988,0.9665167416291854,1.0,2000,1.0,1.0,1.0,1.0,1.0,1.0
phrase_function_1_2gram_shuffle24,Lament,1596,4788,0.25,0.37795892471842446,0.274717893213519,0.4573016562905838,0.6737717986106873,0.6026587791427074,0.7419278168763116,0.0,0.0004997501249375312,0.07846076961519241,2000,0.0,0.0,0.0005451819544773067,0.0036083742019672915,0.16774039758363496,1.0
phrase_function_1_2gram_shuffle24,Praise,630,3780,0.14285714285714285,0.1414236884719942,0.09567596412675705,0.15560274405972846,0.4745011329650879,0.41120585857481645,0.534798005967146,0.9799347519874573,0.7746126936531734,1.0,2000,1.0,1.0,0.9980009995002499,1.0,1.0,1.0
phrase_function_1_2gram_shuffle24,Royal,45,1310,0.033210332103321034,0.048209453853026184,0.010187897690473402,0.06025551301456987,0.5805937051773071,0.4249666983437911,0.6805638743210941,0.032840482890605927,0.10944527736131934,0.5147426286856571,2000,0.10390765105302516,0.6877294531992113,0.2617610113861988,1.0,1.0,1.0
phrase_function_1_2gram_shuffle24,Thanksgiving,21,938,0.021897810218978103,0.03445406300282214,0.008037396553759025,0.1316763563452536,0.6497106552124023,0.4340740425995403,0.7169254424103245,0.00941714458167553,0.03948025987006497,0.13343328335832083,2000,0.012207409642912724,0.08079669854546984,0.056296355133691425,0.37260645525943703,0.19126955293684214,1.0
phrase_function_1_2gram_shuffle24,Trust,15,810,0.01818181818181818,0.014515373990145693,0.0055204211919867695,0.12169452266374088,0.37514403462409973,0.15059246723349257,0.4440872820858272,0.9514786005020142,0.9395302348825587,1.0,2000,0.9626190986724343,1.0,0.9485641794487372,1.0,1.0,1.0
phrase_function_1_2gram_shuffle24,Wisdom,28,1064,0.02564102564102564,0.044944568232672955,0.00693879325180876,0.09724185257603211,0.6083512306213379,0.3504379035398094,0.7015895230020851,0.025039883330464363,0.07946026986506746,0.30884557721139433,2000,0.02827083601826622,0.18711506226240246,0.09068835147643568,0.6002353988408362,0.35693691615730594,1.0
phrase_function_1_2gram_shuffle25,Hymn,136,2108,0.06060606060606061,0.052060641083625625,0.03064187296037104,0.036233597562380954,0.44619935750961304,0.32939533203819243,0.5328169600783211,0.9824042320251465,0.8860569715142429,1.0,2000,1.0,1.0,1.0,1.0,1.0,1.0
phrase_function_1_2gram_shuffle25,Lament,1596,4788,0.25,0.37458910757050157,0.2663803136097576,0.45058185036075515,0.6732959151268005,0.6028919924661575,0.7400855563338747,0.0,0.0004997501249375312,0.08495752123938032,2000,0.0,0.0,0.0005451819544773067,0.0036083742019672915,0.16774039758363496,1.0
phrase_function_1_2gram_shuffle25,Praise,630,3780,0.14285714285714285,0.1354448904892283,0.09162772269101484,0.14513007739370584,0.4647396504878998,0.4064870350657078,0.5154208787043218,0.9977308511734009,0.8580709645177411,1.0,2000,1.0,1.0,0.9980009995002499,1.0,1.0,1.0
phrase_function_1_2gram_shuffle25,Royal,45,1310,0.033210332103321034,0.045660672359768964,0.009827047796092862,0.06621041390545498,0.5787786245346069,0.4271208366871677,0.6844363867349477,0.03599848598241806,0.11494252873563218,0.5247376311844077,2000,0.10390765105302516,0.6877294531992113,0.2617610113861988,1.0,1.0,1.0
phrase_function_1_2gram_shuffle25,Thanksgiving,21,938,0.021897810218978103,0.03406908995577733,0.008278722509363226,0.1302323137425433,0.6452939510345459,0.44138689933615705,0.7091135569584057,0.011318976990878582,0.04697651174412794,0.14842578710644677,2000,0.013859971825565611,0.09173444638921226,0.05872063968015992,0.3886519713368937,0.19359885274753927,1.0
phrase_function_1_2gram_shuffle25,Trust,15,810,0.01818181818181818,0.01572062727819152,0.00573323336332497,0.12063704274491495,0.41547325253486633,0.1861364349959012,0.4795129523846834,0.8693990707397461,0.8360819590204898,1.0,2000,0.9626190986724343,1.0,0.9485641794487372,1.0,1.0,1.0
phrase_function_1_2gram_shuffle25,Wisdom,28,1064,0.02564102564102564,0.044031081877713485,0.007297064570822726,0.09390574879800326,0.5990534424781799,0.3573384214149566,0.6850875335073833,0.03663647919893265,0.095952023988006,0.37681159420289856,2000,0.03945466990654285,0.2611370605147763,0.1033329489101603,0.6839256948959543,0.4047592572000445,1.0
phrase_function_1_2gram_shuffle26,Hymn,136,2108,0.06060606060606061,0.05218997553304542,0.03137702673173114,0.0362786887649947,0.4446750581264496,0.3105182848860174,0.5372501128679226,0.9848374724388123,0.8910544727636182,1.0,2000,1.0,1.0,1.0,1.0,1.0,1.0
phrase_function_1_2gram_shuffle26,Lament,1596,4788,0.25,0.3784131806136794,0.2710549662144271,0.4547520940267348,0.6754282712936401,0.6021339418273943,0.7427386255827612,0.0,0.0004997501249375312,0.08245877061469266,2000,0.0,0.0,0.0005451819544773067,0.0036083742019672915,0.16774039758363496,1.0
phrase_function_1_2gram_shuffle26,Praise,630,3780,0.14285714285714285,0.13491779111242552,0.09214897510110896,0.1441943240999393,0.4660264849662781,0.4049043063537491,0.521366589234957,0.9968764185905457,0.8465767116441779,1.0,2000,1.0,1.0,0.9980009995002499,1.0,1.0,1.0
phrase_function_1_2gram_shuffle26,Royal,45,1310,0.033210332103321034,0.04851627272673413,0.012426768904009768,0.06950039007609048,0.5858863592147827,0.4179714850088212,0.6791000941753597,0.02491152659058571,0.09545227386306847,0.4572713643178411,2000,0.10390765105302516,0.6877294531992113,0.2617610113861988,1.0,1.0,1.0
phrase_function_1_2gram_shuffle26,Thanksgiving,21,938,0.021897810218978103,0.03392115972102463,0.008052550413185198,0.13022884723684588,0.6319931149482727,0.4307142160764596,0.6968343869722684,0.01918972283601761,0.05847076461769116,0.20189905047476261,2000,0.021960990711518788,0.14535233912696613,0.06728142777926105,0.44531292034963466,0.2329604428554953,1.0
phrase_function_1_2gram_shuffle26,Trust,15,810,0.01818181818181818,0.015612494321742219,0.005868927149656629,0.1291888114705241,0.42403292655944824,0.2087249540678332,0.4799616881554557,0.8437122106552124,0.8075962018990505,1.0,2000,0.9626190986724343,1.0,0.9485641794487372,1.0,1.0,1.0
phrase_function_1_2gram_shuffle26,Wisdom,28,1064,0.02564102564102564,0.047998266082798016,0.007264766947987806,0.09704202061280844,0.6032156348228455,0.36568480766395245,0.6975402188838908,0.030992569401860237,0.079960019990005,0.33883058470764615,2000,0.03413084603380412,0.22590047837840319,0.09076542809676243,0.600745542814014,0.38050493469842617,1.0
phrase_function_1_2gram_shuffle27,Hymn,136,2108,0.06060606060606061,0.053852398283704014,0.034111930944648594,0.03663514051702382,0.44499945640563965,0.320531068163478,0.5309266159415788,0.9843453764915466,0.8930534732633684,1.0,2000,1.0,1.0,1.0,1.0,1.0,1.0
phrase_function_1_2gram_shuffle27,Lament,1596,4788,0.25,0.3768819600882062,0.26888208783138373,0.4547967644781015,0.6792899370193481,0.6088162621613216,0.7452966949067146,0.0,0.0004997501249375312,0.07596201899050475,2000,0.0,0.0,0.0005451819544773067,0.0036083742019672915,0.16774039758363496,1.0
phrase_function_1_2gram_shuffle27,Praise,630,3780,0.14285714285714285,0.13902882057950278,0.09278142019090879,0.1524904326593117,0.4640069007873535,0.4033843041608711,0.5217507514892176,0.9981167316436768,0.8645677161419291,1.0,2000,1.0,1.0,0.9980009995002499,1.0,1.0,1.0
phrase_function_1_2gram_shuffle27,Royal,45,1310,0.033210332103321034,0.04644439229923093,0.011279895567320519,0.06728460345231449,0.5787447094917297,0.4127467493202014,0.6847156056988087,0.036059800535440445,0.11244377811094453,0.5292353823088456,2000,0.10390765105302516,0.6877294531992113,0.2617610113861988,1.0,1.0,1.0
phrase_function_1_2gram_shuffle27,Thanksgiving,21,938,0.021897810218978103,0.0325453782298344,0.007808934758748246,0.13130667538292767,0.6337191462516785,0.403644420483652,0.6987582512402866,0.017958594486117363,0.05647176411794103,0.1904047976011994,2000,0.02083593835405882,0.13790599966326691,0.06533923121084086,0.4324581808721406,0.22213893053473266,1.0
phrase_function_1_2gram_shuffle27,Trust,15,810,0.01818181818181818,0.01462977438171827,0.005801296599936495,0.12753341485492548,0.39094650745391846,0.1997425971847734,0.43764027208774325,0.9263888597488403,0.9075462268865567,1.0,2000,0.9626190986724343,1.0,0.9485641794487372,1.0,1.0,1.0
phrase_function_1_2gram_shuffle27,Wisdom,28,1064,0.02564102564102564,0.04426563073692846,0.006532085967872955,0.09542326806328645,0.598919153213501,0.3237180586563843,0.6967996972969767,0.03683168813586235,0.09645177411294353,0.37681159420289856,2000,0.039563450171514546,0.2618570401446658,0.10360548625942784,0.6857295270516103,0.4047592572000445,1.0
phrase_function_1_2gram_shuffle28,Hymn,136,2108,0.06060606060606061,0.052380263745873595,0.03047274274590639,0.03478671053505116,0.4433914124965668,0.33380731795452634,0.5324791153512497,0.9866565465927124,0.8995502248875562,1.0,2000,1.0,1.0,1.0,1.0,1.0,1.0
phrase_function_1_2gram_shuffle28,Lament,1596,4788,0.25,0.3787947606084519,0.2718233773323366,0.457060869205084,0.6818917989730835,0.6116591397760955,0.7500528529116115,0.0,0.0004997501249375312,0.0734632683658171,2000,0.0,0.0,0.0005451819544773067,0.0036083742019672915,0.16774039758363496,1.0
phrase_function_1_2gram_shuffle28,Praise,630,3780,0.14285714285714285,0.14510085692692043,0.09808376278411848,0.16162957250558488,0.4798320233821869,0.4159623885479198,0.5413696695128021,0.9477397799491882,0.7241379310344828,1.0,2000,1.0,1.0,0.9980009995002499,1.0,1.0,1.0
phrase_function_1_2gram_shuffle28,Royal,45,1310,0.033210332103321034,0.043509294812508245,0.008449041555501557,0.06480006220789038,0.5508057475090027,0.3806627690668527,0.6519805687049501,0.1229780912399292,0.1984007996001999,0.7646176911544228,2000,0.16586954203935772,1.0,0.27714298190710474,1.0,1.0,1.0
phrase_function_1_2gram_shuffle28,Thanksgiving,21,938,0.021897810218978103,0.035642434575946305,0.009534153093877406,0.13494760386485224,0.6539750099182129,0.5202864714555684,0.7156465624004759,0.007852287963032722,0.0384807596201899,0.12893553223388307,2000,0.010638583691850785,0.07041317238012547,0.056296355133691425,0.37260645525943703,0.19042025379063046,1.0
phrase_function_1_2gram_shuffle28,Trust,15,810,0.01818181818181818,0.015734672229839174,0.005731682178420305,0.12755946946045793,0.4078189432621002,0.1925522165803575,0.4689643968605669,0.8897593021392822,0.8585707146426786,1.0,2000,0.9626190986724343,1.0,0.9485641794487372,1.0,1.0,1.0
phrase_function_1_2gram_shuffle28,Wisdom,28,1064,0.02564102564102564,0.04509822061974057,0.007228152169538502,0.09764553945516286,0.6065050959587097,0.36069782059884,0.7019368743256856,0.02705881930887699,0.07946026986506746,0.3233383308345827,2000,0.030386909384300366,0.2011206332112581,0.09068835147643568,0.6002353988408362,0.3680273684296063,1.0
phrase_function_1gram,Hymn,136,2108,0.06060606060606061,0.06126073420334799,0.03449160887204811,0.04514600909033157,0.5086714625358582,0.35826060924100395,0.6173021433108076,0.36716020107269287,0.4007996001999001,0.9965017491254373,2000,1.0,1.0,1.0,1.0,1.0,1.0
phrase_function_1gram,Lament,1596,4788,0.25,0.3936254854892093,0.29435958331625994,0.4759758656671975,0.6855292320251465,0.6148445930539795,0.7527995269400184,0.0,0.0004997501249375312,0.06546726636681659,2000,0.0,0.0,0.0005451819544773067,0.0036083742019672915,0.16774039758363496,1.0
phrase_function_1gram,Praise,630,3780,0.14285714285714285,0.14918199438345217,0.09861283284758454,0.16949832389970185,0.47939616441726685,0.4194496379318875,0.541150517599404,0.9513822793960571,0.7406296851574213,1.0,2000,1.0,1.0,0.9980009995002499,1.0,1.0,1.0
phrase_function_1gram,Royal,45,1310,0.033210332103321034,0.05463265483073517,0.011174678044170196,0.051712994343218764,0.5736386775970459,0.39522255387067573,0.691683628577642,0.04630972072482109,0.11894052973513243,0.5407296351824088,2000,0.10449762610509435,0.6916342977015054,0.2617610113861988,1.0,1.0,1.0
phrase_function_1gram,Thanksgiving,21,938,0.021897810218978103,0.03622867131701923,0.007890669830713501,0.12945416790059464,0.621636688709259,0.4208818460664595,0.7046606679581812,0.028178086504340172,0.06596701649175413,0.22938530734632684,2000,0.03122637554570679,0.20667677463407463,0.07427921428025934,0.49162889261120046,0.25968148001470964,1.0
phrase_function_1gram,Trust,15,810,0.01818181818181818,0.01706992633727333,0.0061083558823193254,0.11994358242849708,0.4687242805957794,0.24901353986248798,0.5304879310828992,0.6613208651542664,0.5962018990504747,1.0,2000,0.9626190986724343,1.0,0.9485641794487372,1.0,1.0,1.0
phrase_function_1gram,Wisdom,28,1064,0.02564102564102564,0.0338859298151421,0.006643579276362665,0.09238333634244271,0.5676020383834839,0.30246950579659454,0.661848446371176,0.11079470068216324,0.16891554222888555,0.592703648175912,2000,0.11105912717543809,0.735062644868845,0.16931868194780889,1.0,0.5941182153553295,1.0
phrase_function_1_2gram_shuffle29,Hymn,136,2108,0.06060606060606061,0.05309648335495058,0.030022056379784324,0.0389762052189845,0.44355884194374084,0.32642773045950724,0.5414925192078917,0.9864304661750793,0.8960519740129935,1.0,2000,1.0,1.0,1.0,1.0,1.0,1.0
phrase_function_1_2gram_shuffle29,Lament,1596,4788,0.25,0.3757792713157605,0.2683791244195535,0.44843479416075976,0.6794483065605164,0.6103207277447207,0.7459945818389377,0.0,0.0004997501249375312,0.07946026986506746,2000,0.0,0.0,0.0005451819544773067,0.0036083742019672915,0.16774039758363496,1.0
phrase_function_1_2gram_shuffle29,Praise,630,3780,0.14285714285714285,0.13412318568848386,0.09008108718588967,0.1448198020733859,0.464550256729126,0.4035366803034711,0.5191777148017362,0.9978368878364563,0.8585707146426786,1.0,2000,1.0,1.0,0.9980009995002499,1.0,1.0,1.0
phrase_function_1_2gram_shuffle29,Royal,45,1310,0.033210332103321034,0.05192058911981593,0.0106803082888045,0.06444156892009292,0.5909923911094666,0.4230930985703549,0.6985485249903758,0.018849922344088554,0.08495752123938032,0.4237881059470265,2000,0.10390765105302516,0.6877294531992113,0.2617610113861988,1.0,1.0,1.0
phrase_function_1_2gram_shuffle29,Thanksgiving,21,938,0.021897810218978103,0.040013291886224156,0.00788936973585255,0.1289227827701023,0.6518936157226562,0.4320390953286551,0.7369170380667309,0.00858495943248272,0.04297851074462768,0.13193403298350825,2000,0.011410389119122602,0.07552149038264638,0.05712333706564439,0.3780799678073956,0.19042025379063046,1.0
phrase_function_1_2gram_shuffle29,Trust,15,810,0.01818181818181818,0.015550226757982632,0.005705004070640034,0.12935798620386552,0.4116872549057007,0.18950880039180729,0.4835507494153978,0.8797734975814819,0.8510744627686156,1.0,2000,0.9626190986724343,1.0,0.9485641794487372,1.0,1.0,1.0
phrase_function_1_2gram_shuffle29,Wisdom,28,1064,0.02564102564102564,0.04664733442252177,0.006967335096553484,0.0867864314574073,0.582740306854248,0.3439642797625392,0.6800118067580407,0.06731428951025009,0.13493253373313344,0.4912543728135932,2000,0.0677985649743526,0.44873567581379004,0.13590327138588978,0.8994975978285371,0.4952919223841316,1.0
phrase_function_1_2gram_shuffle30,Hymn,136,2108,0.06060606060606061,0.05346048998902757,0.031078792685701725,0.04103176935669275,0.4442215859889984,0.32488682207953906,0.5305547719084073,0.9855030179023743,0.8920539730134932,1.0,2000,1.0,1.0,1.0,1.0,1.0,1.0
phrase_function_1_2gram_shuffle30,Lament,1596,4788,0.25,0.3717022983187655,0.26520300214542447,0.44478244141289003,0.6732392907142639,0.6023943306881492,0.7418388846046197,0.0,0.0004997501249375312,0.0864567716141929,2000,0.0,0.0,0.0005451819544773067,0.0036083742019672915,0.16774039758363496,1.0
phrase_function_1_2gram_shuffle30,Praise,630,3780,0.14285714285714285,0.13506002679445575,0.09020071071794865,0.14462932302793058,0.46443435549736023,0.40658641820600094,0.5196049146470008,0.99789959192276,0.8610694652673663,1.0,2000,1.0,1.0,0.9980009995002499,1.0,1.0,1.0
phrase_function_1_2gram_shuffle30,Royal,45,1310,0.033210332103321034,0.049525563863081795,0.009423588006218897,0.06439892750942623,0.5755046606063843,0.41718916908637643,0.6853338403046199,0.04232153296470642,0.12493753123438281,0.5452273863068465,2000,0.10390765105302516,0.6877294531992113,0.2617610113861988,1.0,1.0,1.0
phrase_function_1_2gram_shuffle30,Thanksgiving,21,938,0.021897810218978103,0.03571682490586632,0.008428882976110275,0.1326245718082516,0.646766185760498,0.4600369889314726,0.7143820692940386,0.010650916956365108,0.04597701149425287,0.15292353823088456,2000,0.013393368627764506,0.08864615829076415,0.058516196447230925,0.387298831011156,0.1964155536910444,1.0
phrase_function_1_2gram_shuffle30,Trust,15,810,0.01818181818181818,0.014731041139223008,0.006037265606795821,0.12756959181976874,0.396131694316864,0.23839536780867054,0.44265524956401703,0.9162872433662415,0.8915542228885557,1.0,2000,0.9626190986724343,1.0,0.9485641794487372,1.0,1.0,1.0
phrase_function_1_2gram_shuffle30,Wisdom,28,1064,0.02564102564102564,0.05206010377334759,0.007131731978512805,0.09316047887929892,0.606135904788971,0.3636636021440313,0.7066672639227084,0.027478491887450218,0.08095952023988005,0.3248375812093953,2000,0.030775910913944247,0.2036953022232553,0.09116085388940919,0.6033627318410186,0.3683064128313202,1.0
phrase_marginal_typ_function,Hymn,136,2108,0.06060606060606061,0.05446774535273802,0.03440219319841605,0.037376162186352924,0.4644840359687805,0.3620273081486286,0.5520499712021296,0.917792558670044,0.7806096951524237,1.0,2000,1.0,1.0,1.0,1.0,1.0,1.0
phrase_marginal_typ_function,Lament,1596,4788,0.25,0.39751220519492514,0.28784476441450274,0.4721891883822042,0.6902208924293518,0.6209565466754425,0.7564571407639994,0.0,0.0004997501249375312,0.05347326336831584,2000,0.0,0.0,0.0005451819544773067,0.0036083742019672915,0.16774039758363496,1.0
phrase_marginal_typ_function,Praise,630,3780,0.14285714285714285,0.14338198096277546,0.09860869899117995,0.1605371785243594,0.4844740629196167,0.415113321142179,0.5486604050231217,0.8942936062812805,0.6786606696651675,1.0,2000,1.0,1.0,0.9980009995002499,1.0,1.0,1.0
phrase_marginal_typ_function,Royal,45,1310,0.033210332103321034,0.04617112090722343,0.008490070410561573,0.06565452944867611,0.5473791360855103,0.4094010322253136,0.6418785317165797,0.13963468372821808,0.20739630184907545,0.809095452273863,2000,0.18327052239328623,1.0,0.28008503786691863,1.0,1.0,1.0
phrase_marginal_typ_function,Thanksgiving,21,938,0.021897810218978103,0.030591468323231417,0.00847176064309403,0.12608828760361906,0.645953893661499,0.46870568147075425,0.7252623921238148,0.011015131138265133,0.04047976011994003,0.14342828585707146,2000,0.013687441059382709,0.09059252384275361,0.056296355133691425,0.37260645525943703,0.19344559695074096,1.0
phrase_marginal_typ_function,Trust,15,810,0.01818181818181818,0.020037477399322025,0.005887964324884337,0.12703083799711726,0.5065843462944031,0.22089348014443919,0.5910691827659237,0.4653627872467041,0.44877561219390305,0.999000499750125,2000,0.9626190986724343,1.0,0.9485641794487372,1.0,1.0,1.0
phrase_marginal_typ_function,Wisdom,28,1064,0.02564102564102564,0.03674376821354402,0.007313768995038874,0.09185160071636224,0.589755654335022,0.3631286543880137,0.6654454786159673,0.052297744899988174,0.10744627686156921,0.4267866066966517,2000,0.05396818884028264,0.3571971132552974,0.11225730418372902,0.7429929715617974,0.44368904656582603,1.0
phrase_function_1gram_psalm,Hymn,136,2261,0.05673758865248227,0.04815299972531838,0.028421828630192603,0.04509497696227172,0.43276986479759216,0.32479525839070406,0.525870317265501,0.9958215951919556,0.9510244877561219,1.0,2000,1.0,1.0,1.0,1.0,1.0,1.0
phrase_function_1gram_psalm,Lament,1711,5369,0.24166666666666667,0.38003920154719345,0.2789311598126347,0.45470486825339823,0.6757342219352722,0.6076644391692537,0.7384609712717937,0.0,0.0004997501249375312,0.05647176411794103,2000,0.0,0.0,0.0005451819544773067,0.0036083742019672915,0.16774039758363496,1.0
phrase_function_1gram_psalm,Praise,820,4469,0.15503875968992248,0.1567784893791507,0.11205057715717558,0.17513283156175743,0.47901833057403564,0.41951737802537886,0.5310104189663614,0.9721267223358154,0.7496251874062968,1.0,2000,1.0,1.0,0.9980009995002499,1.0,1.0,1.0
phrase_function_1gram_psalm,Royal,45,1400,0.031141868512110725,0.04598352301213454,0.006487562286835781,0.052706698056086305,0.557619035243988,0.35766711516120014,0.6725417801991689,0.0938698872923851,0.15242378810594703,0.6646676661669165,2000,0.1393122002219143,0.9220601400536304,0.2617610113861988,1.0,1.0,1.0
phrase_function_1gram_psalm,Thanksgiving,28,1136,0.024054982817869417,0.03186363152745485,0.00769828090684784,0.10209781066575947,0.6066712737083435,0.4273418556068179,0.691972241167451,0.026769837364554405,0.07196401799100449,0.28535732133933034,2000,0.029744263738393784,0.19686717993634337,0.07996001999000499,0.529228216288536,0.31374365173434227,1.0
phrase_function_1gram_psalm,Trust,15,864,0.017064846416382253,0.01889596144155902,0.006117203904673543,0.12286711564435235,0.5277006030082703,0.2865536833546566,0.6156702121881819,0.3565351068973541,0.33833083458270863,0.9405297351324338,2000,0.9626190986724343,1.0,0.9485641794487372,1.0,1.0,1.0
phrase_function_1gram_psalm,Wisdom,36,1269,0.027586206896551724,0.038823051719177964,0.007211323349100933,0.09180474428853197,0.5775982737541199,0.37591725878213816,0.7095738103395244,0.05596080794930458,0.13093453273363317,0.4917541229385307,2000,0.05704742557938816,0.3775775354609278,0.1321935186253027,0.8749440042125978,0.4952919223841316,1.0
phrase_rela_1gram,Hymn,136,2108,0.06060606060606061,0.05732908408580499,0.02718995081636651,0.07295441031277158,0.4592466354370117,0.4086180807753037,0.5180749640560425,0.9446908831596375,0.8185907046476761,1.0,2000,1.0,1.0,1.0,1.0,1.0,1.0
phrase_rela_1gram,Lament,1596,4788,0.25,0.2926430597668826,0.2150784369636664,0.363697659419902,0.5903819799423218,0.5236636240622603,0.6483797924965374,1.221365066902109e-27,0.0029985007496251873,0.38980509745127434,2000,1.3220962064404272e-27,8.750505780060695e-27,0.003164247022217534,0.020943076398352873,0.4219539714678743,1.0
phrase_rela_1gram,Praise,630,3780,0.14285714285714285,0.13583449620383958,0.08647650931785063,0.17530273376028901,0.45952969789505005,0.4184981424459503,0.49896058585270375,0.9994379878044128,0.9115442278860569,1.0,2000,1.0,1.0,0.9980009995002499,1.0,1.0,1.0
phrase_rela_1gram,Royal,45,1310,0.033210332103321034,0.037071716918599305,0.007505740210884463,0.06218489336130517,0.5115097761154175,0.32252830993476217,0.6447455290065075,0.39639219641685486,0.3843078460769615,0.9960019990004998,2000,0.4247059247323445,1.0,0.41707828256414425,1.0,1.0,1.0
phrase_rela_1gram,Thanksgiving,21,938,0.021897810218978103,0.03751229844328846,0.008631836202023246,0.09709520562153659,0.5862523913383484,0.45055567538575375,0.7245354715859768,0.08801606297492981,0.11594202898550725,0.4217891054472764,2000,0.09478652935761671,0.6273598464130314,0.12486064659977703,0.8264102146659448,0.454234421250913,1.0
phrase_rela_1gram,Trust,15,810,0.01818181818181818,0.01917273094103445,0.006870568375024673,0.038422800822011736,0.4779835343360901,0.3279498897559371,0.5245757280512554,0.615263819694519,0.5487256371814093,1.0,2000,0.9626190986724343,1.0,0.9485641794487372,1.0,1.0,1.0
phrase_rela_1gram,Wisdom,28,1064,0.02564102564102564,0.03679986388746663,0.007485449334465797,0.07402496452335383,0.5967877507209778,0.4044911717153751,0.6698664642147114,0.04004262015223503,0.08095952023988005,0.3458270864567716,2000,0.04215012647603687,0.27897737211718526,0.09116085388940919,0.6033627318410186,0.38379227272907085,1.0
phrase_marginal_typ_function_psalm,Hymn,136,2261,0.05673758865248227,0.04635134230475811,0.02304817259010591,0.03739604274426545,0.41369643807411194,0.2975265829177405,0.48330629028181893,0.9996447563171387,0.9865067466266867,1.0,2000,1.0,1.0,1.0,1.0,1.0,1.0
phrase_marginal_typ_function_psalm,Lament,1711,5369,0.24166666666666667,0.38037887741823734,0.2753611696120542,0.4544367700397811,0.6751955151557922,0.6079694142871006,0.7373338286669823,0.0,0.0004997501249375312,0.06046976511744128,2000,0.0,0.0,0.0005451819544773067,0.0036083742019672915,0.16774039758363496,1.0
phrase_marginal_typ_function_psalm,Praise,820,4469,0.15503875968992248,0.1516178833033115,0.11516171090954716,0.16815742126471786,0.48723483085632324,0.42186689905411906,0.5423844451618419,0.8777626156806946,0.6541729135432284,1.0,2000,1.0,1.0,0.9980009995002499,1.0,1.0,1.0
phrase_marginal_typ_function_psalm,Royal,45,1400,0.031141868512110725,0.03868067488825224,0.006083645568252917,0.05753862451726132,0.5300793647766113,0.30718941049498505,0.630918882059344,0.24585486948490143,0.2943528235882059,0.9260369815092454,2000,0.2916922180329339,1.0,0.3512164372359275,1.0,1.0,1.0
phrase_marginal_typ_function_psalm,Thanksgiving,28,1136,0.024054982817869417,0.03301665632862311,0.008441653399881937,0.10459378263662207,0.6458438038825989,0.4804393823334084,0.7160994343495781,0.0041502779349684715,0.031484257871064465,0.12993503248375812,2000,0.007280871970579028,0.048189618843221815,0.05392560636677709,0.3569152743250256,0.19042025379063046,1.0
phrase_marginal_typ_function_psalm,Trust,15,864,0.017064846416382253,0.024335098271425645,0.00594990435042599,0.11867603657209069,0.573688268661499,0.2612369035100112,0.7163290494481467,0.16376769542694092,0.18140929535232383,0.5247376311844077,2000,0.9626190986724343,1.0,0.9485641794487372,1.0,1.0,1.0
phrase_marginal_typ_function_psalm,Wisdom,36,1269,0.027586206896551724,0.04256255990693281,0.008493735124726828,0.09551544933906447,0.5971784591674805,0.40256944507230963,0.7103014101506112,0.023252828046679497,0.08595702148925537,0.34632683658170915,2000,0.02668357316832073,0.17660950852488827,0.09475577172043899,0.627156272058462,0.38379227272907085,1.0
phrase_rela_1gram_psalm,Hymn,136,2261,0.05673758865248227,0.05312320732083932,0.022526110837404936,0.07586687323693644,0.42889338731765747,0.39515210683598434,0.44317556658627916,0.9973596930503845,0.9650174912543729,1.0,2000,1.0,1.0,1.0,1.0,1.0,1.0
phrase_rela_1gram_psalm,Lament,1711,5369,0.24166666666666667,0.26773527623359983,0.18576889761258827,0.3259417479101025,0.5696036219596863,0.5174421275637736,0.6194015328509335,1.901059157403564e-18,0.0079960019990005,0.5627186406796602,2000,1.9474264539256023e-18,1.2889354313480469e-17,0.008151264173738373,0.053950449233297365,0.5750409466799448,1.0
phrase_rela_1gram_psalm,Praise,820,4469,0.15503875968992248,0.14333798726515112,0.09568980248746176,0.17652751060748675,0.45464611053466797,0.41761857201402147,0.4826108892571774,0.9999822378158569,0.9440279860069966,1.0,2000,1.0,1.0,0.9980009995002499,1.0,1.0,1.0
phrase_rela_1gram_psalm,Royal,45,1400,0.031141868512110725,0.03553051155667062,0.007132243126397624,0.062203361671527166,0.5175793766975403,0.3160686360973462,0.6499307402133442,0.3439224660396576,0.3488255872063968,0.9805097451274363,2000,0.37813464852527795,1.0,0.38964560273054955,1.0,1.0,1.0
phrase_rela_1gram_psalm,Thanksgiving,28,1136,0.024054982817869417,0.028907856410594172,0.006838450946171745,0.0467523355960975,0.5389682054519653,0.3694865231158462,0.6010545573109886,0.24037910997867584,0.2588705647176412,0.8425787106446777,2000,0.24445333218170423,1.0,0.2638971776247799,1.0,0.8594489163185398,1.0
phrase_rela_1gram_psalm,Trust,15,864,0.017064846416382253,0.018463722291152992,0.006327688964506696,0.04759235704690349,0.4918595552444458,0.30133526143748846,0.5474943246237106,0.5432935357093811,0.49525237381309345,1.0,2000,0.9626190986724343,1.0,0.9485641794487372,1.0,1.0,1.0
phrase_rela_1gram_psalm,Wisdom,36,1269,0.027586206896551724,0.04449050578946985,0.009227779662205154,0.08410123301451015,0.6460248827934265,0.5066716516655027,0.7700113827820844,0.0013876185985282063,0.0239880059970015,0.13343328335832083,2000,0.003184698422851621,0.021078437273444363,0.0627403689459618,0.4152571941666163,0.3108201996562694,1.0
phrase_signature_1_2_3gram,Hymn,136,2108,0.06060606060606061,0.04374204257790359,0.027821849202437014,0.02810118606466056,0.36415895819664,0.3125629055322558,0.3995389126623909,0.9999999403953552,0.9995002498750625,1.0,2000,1.0,1.0,1.0,1.0,1.0,1.0
phrase_signature_1_2_3gram,Lament,1596,4788,0.25,0.3918465918725764,0.27702960631945317,0.4727465720547215,0.7053771018981934,0.6410168438876407,0.7649076995514636,0.0,0.0004997501249375312,0.04097951024487756,2000,0.0,0.0,0.0005451819544773067,0.0036083742019672915,0.16774039758363496,1.0
phrase_signature_1_2_3gram,Praise,630,3780,0.14285714285714285,0.12275811792085767,0.08514500033282661,0.13229973080691168,0.4275951087474823,0.3687102361560223,0.47738666959321574,1.0,0.9790104947526237,1.0,2000,1.0,1.0,0.9980009995002499,1.0,1.0,1.0
phrase_signature_1_2_3gram,Royal,45,1310,0.033210332103321034,0.043260055120269786,0.011786108452873935,0.06458512414993438,0.5829007625579834,0.4107792013092657,0.6691988055016308,0.02915976569056511,0.12343828085957022,0.544727636181909,2000,0.10390765105302516,0.6877294531992113,0.2617610113861988,1.0,1.0,1.0
phrase_signature_1_2_3gram,Thanksgiving,21,938,0.021897810218978103,0.031097144383557315,0.008065350925826517,0.12735082424900673,0.6448878049850464,0.42618298006373906,0.7278631393812072,0.011509562842547894,0.05347326336831584,0.175912043978011,2000,0.014011641721362654,0.09273829791935656,0.0627339961304264,0.4152150146649234,0.20870920471967405,1.0
phrase_signature_1_2_3gram,Trust,15,810,0.01818181818181818,0.015149750159896709,0.006098102578673003,0.12887788345569542,0.4078189432621002,0.2303966052111259,0.44019916499151407,0.8897593021392822,0.8470764617691154,1.0,2000,0.9626190986724343,1.0,0.9485641794487372,1.0,1.0,1.0
phrase_signature_1_2_3gram,Wisdom,28,1064,0.02564102564102564,0.049556182776648666,0.008165282054804802,0.10329049041680402,0.626577615737915,0.4397063038946847,0.690837575579032,0.011042147874832153,0.05747126436781609,0.2518740629685157,2000,0.014139335693382635,0.09358346095272475,0.07359125315391085,0.48707551156128603,0.32252166599627013,1.0
phrase_signature_1_2_3gram_psalm_shuffle02,Hymn,136,2261,0.05673758865248227,0.03575009988703622,0.01571755881281322,0.016072058646753925,0.2710409164428711,0.17822848679749684,0.29651804647417024,1.0,1.0,1.0,2000,1.0,1.0,1.0,1.0,1.0,1.0
phrase_signature_1_2_3gram_psalm_shuffle02,Lament,1711,5369,0.24166666666666667,0.3488250488047686,0.23673518749145017,0.4220407347052415,0.6904728412628174,0.6211766470826461,0.7501052394924946,0.0,0.0004997501249375312,0.06096951524237881,2000,0.0,0.0,0.0005451819544773067,0.0036083742019672915,0.16774039758363496,1.0
phrase_signature_1_2_3gram_psalm_shuffle02,Praise,820,4469,0.15503875968992248,0.1276966740118878,0.09824516442460549,0.13800052397569468,0.4186437427997589,0.3604738430393222,0.45874709741764697,1.0,0.9920039980009995,1.0,2000,1.0,1.0,0.9980009995002499,1.0,1.0,1.0
phrase_signature_1_2_3gram_psalm_shuffle02,Royal,45,1400,0.031141868512110725,0.04131666576092254,0.006275007275533406,0.06235222785306693,0.5787460207939148,0.3383367787666425,0.6510615521971158,0.03590114787220955,0.12693653173413294,0.5517241379310345,2000,0.10390765105302516,0.6877294531992113,0.2617610113861988,1.0,1.0,1.0
phrase_signature_1_2_3gram_psalm_shuffle02,Thanksgiving,28,1136,0.024054982817869417,0.041489324319343025,0.009818499196871425,0.11530800653903805,0.7106388211250305,0.5254348271226305,0.7737688816726007,6.880363071104512e-05,0.0079960019990005,0.03548225887056472,2000,0.001536285492655789,0.010168151922545903,0.05022028862869178,0.33239103461680297,0.18726696131488157,1.0
phrase_signature_1_2_3gram_psalm_shuffle02,Trust,15,864,0.017064846416382253,0.014129736225622642,0.005944747287187633,0.11464284146700592,0.40817901492118835,0.2736215240028605,0.4462405048194167,0.8889892101287842,0.8375812093953023,1.0,2000,0.9626190986724343,1.0,0.9485641794487372,1.0,1.0,1.0
phrase_signature_1_2_3gram_psalm_shuffle02,Wisdom,36,1269,0.027586206896551724,0.08336582276772088,0.011945347425883376,0.11697704566480514,0.6944444179534912,0.5659055320197997,0.7606906008100404,3.394415762159042e-05,0.011494252873563218,0.053973013493253376,2000,0.00043201655154751444,0.0028593708332138347,0.06224473969911595,0.411976792507369,0.3108201996562694,1.0
phrase_signature_1_2_3gram_psalm_shuffle03,Hymn,136,2261,0.05673758865248227,0.03578151199801972,0.015951063426722964,0.016302074570915943,0.27257591485977173,0.1962559086407553,0.29416574913028687,1.0,1.0,1.0,2000,1.0,1.0,1.0,1.0,1.0,1.0
phrase_signature_1_2_3gram_psalm_shuffle03,Lament,1711,5369,0.24166666666666667,0.3547751067482613,0.2331282270431723,0.42550399183748944,0.6873786449432373,0.6169732955156956,0.7488562941945289,0.0,0.0004997501249375312,0.062468765617191405,2000,0.0,0.0,0.0005451819544773067,0.0036083742019672915,0.16774039758363496,1.0
phrase_signature_1_2_3gram_psalm_shuffle03,Praise,820,4469,0.15503875968992248,0.12792261351333414,0.09883766063199856,0.1385976132485958,0.4216271638870239,0.35699610243353247,0.46406918061754143,1.0,0.9890054972513743,1.0,2000,1.0,1.0,0.9980009995002499,1.0,1.0,1.0
phrase_signature_1_2_3gram_psalm_shuffle03,Royal,45,1400,0.031141868512110725,0.04147360286242988,0.006166350789317146,0.059223560437129695,0.5760158896446228,0.3409528103989942,0.6606923734202924,0.041110362857580185,0.12643678160919541,0.5762118940529735,2000,0.10390765105302516,0.6877294531992113,0.2617610113861988,1.0,1.0,1.0
phrase_signature_1_2_3gram_psalm_shuffle03,Thanksgiving,28,1136,0.024054982817869417,0.04033966987491828,0.00992179526188441,0.11459195766229054,0.7048541307449341,0.5358643373763069,0.7568833349825371,0.0001045657554641366,0.0079960019990005,0.038980509745127435,2000,0.001536285492655789,0.010168151922545903,0.05022028862869178,0.33239103461680297,0.18726696131488157,1.0
phrase_signature_1_2_3gram_psalm_shuffle03,Trust,15,864,0.017064846416382253,0.015299783997387125,0.006141802612813346,0.11785762482686023,0.44560185074806213,0.2941310455747041,0.4915302940640934,0.7653675079345703,0.7051474262868566,1.0,2000,0.9626190986724343,1.0,0.9485641794487372,1.0,1.0,1.0
phrase_signature_1_2_3gram_psalm_shuffle03,Wisdom,36,1269,0.027586206896551724,0.06934780490785114,0.010932170850584589,0.11254829410570512,0.6830400228500366,0.5596308926000898,0.7542682280867131,8.844806143315509e-05,0.012993503248375811,0.06746626686656672,2000,0.0005859892743711289,0.0038784639933608237,0.06224473969911595,0.411976792507369,0.3108201996562694,1.0
phrase_signature_1_2_3gram_psalm_shuffle01,Hymn,136,2261,0.05673758865248227,0.03578650163003503,0.01566922375628658,0.01602344947585705,0.271762877702713,0.17702307916908025,0.2937492587140742,1.0,1.0,1.0,2000,1.0,1.0,1.0,1.0,1.0,1.0
phrase_signature_1_2_3gram_psalm_shuffle01,Lament,1711,5369,0.24166666666666667,0.35942261418359045,0.24173537533034659,0.43300986605988945,0.6907133460044861,0.6204252864962867,0.752791376763129,0.0,0.0004997501249375312,0.06146926536731634,2000,0.0,0.0,0.0005451819544773067,0.0036083742019672915,0.16774039758363496,1.0
phrase_signature_1_2_3gram_psalm_shuffle01,Praise,820,4469,0.15503875968992248,0.12764331081606417,0.09924589355584158,0.13997599070633002,0.4180353581905365,0.35670070549948424,0.4608291988446955,1.0,0.9930034982508745,1.0,2000,1.0,1.0,0.9980009995002499,1.0,1.0,1.0
phrase_signature_1_2_3gram_psalm_shuffle01,Royal,45,1400,0.031141868512110725,0.04044476868633581,0.006910149182912852,0.06261646883872496,0.5748730301856995,0.3840958096250828,0.642891034796068,0.04346565902233124,0.13943028485757122,0.5897051474262869,2000,0.10390765105302516,0.6877294531992113,0.2617610113861988,1.0,1.0,1.0
phrase_signature_1_2_3gram_psalm_shuffle01,Thanksgiving,28,1136,0.024054982817869417,0.0399283079133571,0.01015838858706108,0.11408532656985283,0.7084381580352783,0.5418125953349725,0.7667485611800491,8.077899838099256e-05,0.00849575212393803,0.03948025987006497,2000,0.001536285492655789,0.010168151922545903,0.05022028862869178,0.33239103461680297,0.18726696131488157,1.0
phrase_signature_1_2_3gram_psalm_shuffle01,Trust,15,864,0.017064846416382253,0.013789699377192105,0.00608835653935541,0.11479253590966873,0.3919753134250641,0.28498037307298907,0.42427960609372495,0.9245813488960266,0.8855572213893054,1.0,2000,0.9626190986724343,1.0,0.9485641794487372,1.0,1.0,1.0
phrase_signature_1_2_3gram_psalm_shuffle01,Wisdom,36,1269,0.027586206896551724,0.07603340521994556,0.010988425332108072,0.1114983976591112,0.6749846935272217,0.5415272847745483,0.735347473141613,0.00016862008487805724,0.014492753623188406,0.0864567716141929,2000,0.0008182350951568063,0.005415620205805931,0.06224473969911595,0.411976792507369,0.3108201996562694,1.0
phrase_signature_1_2_3gram_psalm,Hymn,136,2261,0.05673758865248227,0.03707122049763928,0.016080163828630565,0.01643972233547879,0.29985105991363525,0.21044116759967338,0.325292154041755,1.0,1.0,1.0,2000,1.0,1.0,1.0,1.0,1.0,1.0
phrase_signature_1_2_3gram_psalm,Lament,1711,5369,0.24166666666666667,0.3794185959042725,0.26894451666147584,0.4584938354856476,0.7125388979911804,0.6420748594685686,0.7697152773521008,0.0,0.0004997501249375312,0.02848575712143928,2000,0.0,0.0,0.0005451819544773067,0.0036083742019672915,0.16774039758363496,1.0
phrase_signature_1_2_3gram_psalm,Praise,820,4469,0.15503875968992248,0.12592690610040969,0.09907113595920922,0.1365369676568275,0.40908753871917725,0.35378239705041514,0.4511848055290798,1.0,0.9980009995002499,1.0,2000,1.0,1.0,0.9980009995002499,1.0,1.0,1.0
phrase_signature_1_2_3gram_psalm,Royal,45,1400,0.031141868512110725,0.0383344108452648,0.006604199665459305,0.06095769542029878,0.5554603338241577,0.35104811336665476,0.6382117167353167,0.10241059958934784,0.20089955022488756,0.7651174412793603,2000,0.145313463255063,0.9617804619208415,0.27714298190710474,1.0,1.0,1.0
phrase_signature_1_2_3gram_psalm,Thanksgiving,28,1136,0.024054982817869417,0.03570829491972272,0.009002277307154536,0.10834289877592058,0.6659645438194275,0.5025298114596088,0.7384025828249515,0.0013331833761185408,0.027486256871564217,0.10394802598700649,2000,0.0034351964292624972,0.02273639850373462,0.05247376311844078,0.3473060169393518,0.18726696131488157,1.0
phrase_signature_1_2_3gram_psalm,Trust,15,864,0.017064846416382253,0.014640125274650133,0.005746693205740846,0.11545593781207361,0.4293209910392761,0.24642364960081228,0.4689546005336344,0.8264197707176208,0.7786106946526736,1.0,2000,0.9626190986724343,1.0,0.9485641794487372,1.0,1.0,1.0
phrase_signature_1_2_3gram_psalm,Wisdom,36,1269,0.027586206896551724,0.06636878603202313,0.01006866171999924,0.11053037785622492,0.6593774557113647,0.5258631320919774,0.7440792937180478,0.0005471023032441735,0.027486256871564217,0.12193903048475763,2000,0.001678325757181839,0.011108268193723295,0.0627403689459618,0.4152571941666163,0.3108201996562694,1.0
phrase_signature_1_2_3gram_psalm_shuffle04,Hymn,136,2261,0.05673758865248227,0.0359992357657418,0.015676210814829065,0.016033817449961803,0.2770344913005829,0.18541199789235804,0.30163195999967357,1.0,1.0,1.0,2000,1.0,1.0,1.0,1.0,1.0,1.0
phrase_signature_1_2_3gram_psalm_shuffle04,Lament,1711,5369,0.24166666666666667,0.3553959339612818,0.24446947977130432,0.42913938954188086,0.6893415451049805,0.6197332556856482,0.7513779939369071,0.0,0.0004997501249375312,0.05997001499250375,2000,0.0,0.0,0.0005451819544773067,0.0036083742019672915,0.16774039758363496,1.0
phrase_signature_1_2_3gram_psalm_shuffle04,Praise,820,4469,0.15503875968992248,0.12760802256935289,0.09954888637419618,0.13887973754087515,0.41898661851882935,0.35511317405627546,0.46076677029036694,1.0,0.992503748125937,1.0,2000,1.0,1.0,0.9980009995002499,1.0,1.0,1.0
phrase_signature_1_2_3gram_psalm_shuffle04,Royal,45,1400,0.031141868512110725,0.04115577375670134,0.0067584123868766255,0.05840514730485136,0.5743016004562378,0.37254139949044707,0.6508278150264786,0.04468351975083351,0.14142928535732133,0.5937031484257871,2000,0.10390765105302516,0.6877294531992113,0.2617610113861988,1.0,1.0,1.0
phrase_signature_1_2_3gram_psalm_shuffle04,Thanksgiving,28,1136,0.024054982817869417,0.04016720578565752,0.009902567082616923,0.11471640401963129,0.7046969532966614,0.5453575348659992,0.7596819666685249,0.0001057466070051305,0.008995502248875561,0.04047976011994003,2000,0.001536285492655789,0.010168151922545903,0.05022028862869178,0.33239103461680297,0.18726696131488157,1.0
phrase_signature_1_2_3gram_psalm_shuffle04,Trust,15,864,0.017064846416382253,0.01386796313990658,0.005942825369606079,0.11439080535819689,0.39645060896873474,0.26984297166606486,0.43169524602665466,0.9157571792602539,0.8670664667666167,1.0,2000,0.9626190986724343,1.0,0.9485641794487372,1.0,1.0,1.0
phrase_signature_1_2_3gram_psalm_shuffle04,Wisdom,36,1269,0.027586206896551724,0.07772962811381944,0.011445389319578374,0.11963589174880909,0.6897600889205933,0.5802744058482348,0.7589776858236922,5.062134732725099e-05,0.01249375312343828,0.059470264867566215,2000,0.00044585090038778546,0.0029509356897654613,0.06224473969911595,0.411976792507369,0.3108201996562694,1.0
phrase_signature_1_2_3gram_psalm_shuffle05,Hymn,136,2261,0.05673758865248227,0.03571073582046076,0.01575398147122621,0.01610937044556623,0.270741730928421,0.1692322228538346,0.2918228603775718,1.0,1.0,1.0,2000,1.0,1.0,1.0,1.0,1.0,1.0
phrase_signature_1_2_3gram_psalm_shuffle05,Lament,1711,5369,0.24166666666666667,0.34539074984672746,0.23907105867208905,0.4191741894384775,0.6789112687110901,0.6105938662177497,0.7407732947020051,0.0,0.0004997501249375312,0.07796101949025487,2000,0.0,0.0,0.0005451819544773067,0.0036083742019672915,0.16774039758363496,1.0
phrase_signature_1_2_3gram_psalm_shuffle05,Praise,820,4469,0.15503875968992248,0.12945193501046423,0.09910083231919574,0.14071357893588662,0.4220826029777527,0.35990798516775624,0.46502529513706387,1.0,0.991504247876062,1.0,2000,1.0,1.0,0.9980009995002499,1.0,1.0,1.0
phrase_signature_1_2_3gram_psalm_shuffle05,Royal,45,1400,0.031141868512110725,0.04164146128797933,0.006537918379413589,0.06317832635768172,0.5832381248474121,0.3622153711111967,0.664265653450807,0.028514930978417397,0.11244377811094453,0.511744127936032,2000,0.10390765105302516,0.6877294531992113,0.2617610113861988,1.0,1.0,1.0
phrase_signature_1_2_3gram_psalm_shuffle05,Thanksgiving,28,1136,0.024054982817869417,0.036803858525603396,0.00870399514346831,0.11076013114125297,0.678822934627533,0.4665178388262012,0.7370525063979041,0.000604942673817277,0.01999000499750125,0.07846076961519241,2000,0.0022484594956040382,0.01488178977949593,0.05057712107801521,0.33475278741142345,0.18726696131488157,1.0
phrase_signature_1_2_3gram_psalm_shuffle05,Trust,15,864,0.017064846416382253,0.015127025188208097,0.006181666762046379,0.1164815098882769,0.44228395819664,0.30311292455875927,0.4847201008500895,0.7786920070648193,0.7211394302848576,1.0,2000,0.9626190986724343,1.0,0.9485641794487372,1.0,1.0,1.0
phrase_signature_1_2_3gram_psalm_shuffle05,Wisdom,36,1269,0.027586206896551724,0.07249443527536531,0.011667916708736946,0.1130555569917232,0.6751378774642944,0.5708774080342655,0.738260239873566,0.00016660327673889697,0.01649175412293853,0.08695652173913043,2000,0.0008182350951568063,0.005415620205805931,0.06224473969911595,0.411976792507369,0.3108201996562694,1.0
phrase_signature_1_2_3gram_psalm_shuffle06,Hymn,136,2261,0.05673758865248227,0.03590573958054023,0.015662158865585158,0.016018461471448538,0.2750604748725891,0.18012914786843096,0.2948656144039228,1.0,1.0,1.0,2000,1.0,1.0,1.0,1.0,1.0,1.0
phrase_signature_1_2_3gram_psalm_shuffle06,Lament,1711,5369,0.24166666666666667,0.35272295935685927,0.23405495553118127,0.4238406679458054,0.6901651620864868,0.6221770812165905,0.7506517984096854,0.0,0.0004997501249375312,0.0559720139930035,2000,0.0,0.0,0.0005451819544773067,0.0036083742019672915,0.16774039758363496,1.0
phrase_signature_1_2_3gram_psalm_shuffle06,Praise,820,4469,0.15503875968992248,0.1282567873068166,0.09889177633440793,0.13926581801023982,0.4195854663848877,0.35860590516937724,0.463126580638654,1.0,0.9920039980009995,1.0,2000,1.0,1.0,0.9980009995002499,1.0,1.0,1.0
phrase_signature_1_2_3gram_psalm_shuffle06,Royal,45,1400,0.031141868512110725,0.04196999879369764,0.006185141187577585,0.06366435722134615,0.5810635089874268,0.3480307469690048,0.664715506858284,0.03191545978188515,0.11794102948525736,0.5327336331834083,2000,0.10390765105302516,0.6877294531992113,0.2617610113861988,1.0,1.0,1.0
phrase_signature_1_2_3gram_psalm_shuffle06,Thanksgiving,28,1136,0.024054982817869417,0.03659211257411168,0.009834212244566435,0.1094479116995985,0.6774711012840271,0.5190983452461829,0.7370472550392151,0.0006589118856936693,0.01899050474762619,0.079960019990005,2000,0.0023137327650042828,0.01531381138154569,0.05022028862869178,0.33239103461680297,0.18726696131488157,1.0
phrase_signature_1_2_3gram_psalm_shuffle06,Trust,15,864,0.017064846416382253,0.014320572552328957,0.005741153295099388,0.11544201347621777,0.41658949851989746,0.2317465178507438,0.467051487854817,0.866362988948822,0.8140929535232384,1.0,2000,0.9626190986724343,1.0,0.9485641794487372,1.0,1.0,1.0
phrase_signature_1_2_3gram_psalm_shuffle06,Wisdom,36,1269,0.027586206896551724,0.08371880520319336,0.011470223501633162,0.11584018252930539,0.6728395223617554,0.5600714762642761,0.7424320766772275,0.00019936414901167154,0.01899050474762619,0.09245377311344327,2000,0.000940819579605641,0.006226965276225072,0.06224473969911595,0.411976792507369,0.3108201996562694,1.0
phrase_signature_1_2_3gram_psalm_shuffle07,Hymn,136,2261,0.05673758865248227,0.035544362815117456,0.01535318326899868,0.015712359977325858,0.26680347323417664,0.16668685988891682,0.2931828331565832,1.0,1.0,1.0,2000,1.0,1.0,1.0,1.0,1.0,1.0
phrase_signature_1_2_3gram_psalm_shuffle07,Lament,1711,5369,0.24166666666666667,0.34858882124755985,0.2350026399463147,0.4196326946781143,0.6840276718139648,0.6140041256199399,0.7447993190860565,0.0,0.0004997501249375312,0.06896551724137931,2000,0.0,0.0,0.0005451819544773067,0.0036083742019672915,0.16774039758363496,1.0
phrase_signature_1_2_3gram_psalm_shuffle07,Praise,820,4469,0.15503875968992248,0.12898135012107767,0.09980701851847422,0.13990872099507848,0.42296892404556274,0.35798114848965307,0.465395822137305,1.0,0.9900049975012494,1.0,2000,1.0,1.0,0.9980009995002499,1.0,1.0,1.0
phrase_signature_1_2_3gram_psalm_shuffle07,Royal,45,1400,0.031141868512110725,0.039491788325380556,0.006494487422116614,0.06132363308602089,0.5707777738571167,0.3544421565279752,0.6470500150554975,0.05281264707446098,0.15142428785607195,0.6286856571714143,2000,0.11035478493170951,0.7304008427663476,0.2617610113861988,1.0,1.0,1.0
phrase_signature_1_2_3gram_psalm_shuffle07,Thanksgiving,28,1136,0.024054982817869417,0.04168073187832651,0.010290183362690226,0.11591464535276239,0.7179640531539917,0.5481797492243174,0.7674935809390189,3.989642937085591e-05,0.004997501249375313,0.026986506746626688,2000,0.001536285492655789,0.010168151922545903,0.05022028862869178,0.33239103461680297,0.18726696131488157,1.0
phrase_signature_1_2_3gram_psalm_shuffle07,Trust,15,864,0.017064846416382253,0.014464895374619199,0.005906857544588948,0.11606107816266541,0.41485339403152466,0.2615369103914015,0.44801558150575294,0.8712756037712097,0.8255872063968016,1.0,2000,0.9626190986724343,1.0,0.9485641794487372,1.0,1.0,1.0
phrase_signature_1_2_3gram_psalm_shuffle07,Wisdom,36,1269,0.027586206896551724,0.07857304479492494,0.011006479921542715,0.11984924543361775,0.6827335357666016,0.554721015670927,0.7476483582266702,9.068881627172232e-05,0.014492753623188406,0.0704647676161919,2000,0.0005859892743711289,0.0038784639933608237,0.06224473969911595,0.411976792507369,0.3108201996562694,1.0
phrase_signature_1_2_3gram_psalm_shuffle11,Hymn,136,2261,0.05673758865248227,0.03551627562079326,0.015879228377335464,0.016223814535383418,0.2661888301372528,0.18319146096280672,0.2929804419606346,1.0,1.0,1.0,2000,1.0,1.0,1.0,1.0,1.0,1.0
phrase_signature_1_2_3gram_psalm_shuffle11,Lament,1711,5369,0.24166666666666667,0.3513008435930941,0.23800946037812093,0.4252626233383186,0.6900821924209595,0.6207404064014215,0.7546898482645124,0.0,0.0004997501249375312,0.06296851574212893,2000,0.0,0.0,0.0005451819544773067,0.0036083742019672915,0.16774039758363496,1.0
phrase_signature_1_2_3gram_psalm_shuffle11,Praise,820,4469,0.15503875968992248,0.1288154497708226,0.09971563357316397,0.1396752924155669,0.42082175612449646,0.36196480772897777,0.4631876869542146,1.0,0.991504247876062,1.0,2000,1.0,1.0,0.9980009995002499,1.0,1.0,1.0
phrase_signature_1_2_3gram_psalm_shuffle11,Royal,45,1400,0.031141868512110725,0.04266150532630883,0.006295163698455794,0.06308440946821678,0.5836825370788574,0.3431648336031084,0.6651257040072461,0.027858395129442215,0.11444277861069466,0.5122438780609695,2000,0.10390765105302516,0.6877294531992113,0.2617610113861988,1.0,1.0,1.0
phrase_signature_1_2_3gram_psalm_shuffle11,Thanksgiving,28,1136,0.024054982817869417,0.03958179346783175,0.009383182642983481,0.11386012095850181,0.6953282356262207,0.5328759050973348,0.7473207873886772,0.00020365859381854534,0.012993503248375811,0.054972513743128434,2000,0.001536285492655789,0.010168151922545903,0.05022028862869178,0.33239103461680297,0.18726696131488157,1.0
phrase_signature_1_2_3gram_psalm_shuffle11,Trust,15,864,0.017064846416382253,0.013723299189523272,0.005771249950841799,0.11401947952792546,0.3923611044883728,0.24414940034454458,0.42608954358871,0.9238495826721191,0.8840579710144928,1.0,2000,0.9626190986724343,1.0,0.9485641794487372,1.0,1.0,1.0
phrase_signature_1_2_3gram_psalm_shuffle11,Wisdom,36,1269,0.027586206896551724,0.07986834152842892,0.011410443216884723,0.11421490210308807,0.6800630688667297,0.5587051697742064,0.7492986749197635,0.00011260378960287198,0.013993003498250875,0.07546226886556721,2000,0.0006063280978616184,0.004013079758572297,0.06224473969911595,0.411976792507369,0.3108201996562694,1.0
phrase_signature_1_2_3gram_psalm_shuffle09,Hymn,136,2261,0.05673758865248227,0.03570425871700293,0.015309659766631385,0.01566985088273693,0.26990270614624023,0.18486856386599312,0.2924585789416596,1.0,1.0,1.0,2000,1.0,1.0,1.0,1.0,1.0,1.0
phrase_signature_1_2_3gram_psalm_shuffle09,Lament,1711,5369,0.24166666666666667,0.3457533490003114,0.2345976761646939,0.41929558254520255,0.6795779466629028,0.6073519538418815,0.7403874427697665,0.0,0.0004997501249375312,0.07946026986506746,2000,0.0,0.0,0.0005451819544773067,0.0036083742019672915,0.16774039758363496,1.0
phrase_signature_1_2_3gram_psalm_shuffle09,Praise,820,4469,0.15503875968992248,0.13027290768668098,0.0992592877076371,0.14143806419292898,0.425607293844223,0.36511228591533934,0.4687662790897255,1.0,0.9900049975012494,1.0,2000,1.0,1.0,0.9980009995002499,1.0,1.0,1.0
phrase_signature_1_2_3gram_psalm_shuffle09,Royal,45,1400,0.031141868512110725,0.04191408230163017,0.0064499689474555874,0.05350859181269102,0.5893492102622986,0.36048519252629,0.6645827620842648,0.020535415038466454,0.10044977511244378,0.46676661669165415,2000,0.10390765105302516,0.6877294531992113,0.2617610113861988,1.0,1.0,1.0
phrase_signature_1_2_3gram_psalm_shuffle09,Thanksgiving,28,1136,0.024054982817869417,0.039070693197706646,0.00929222478768252,0.11373283559750677,0.6919642686843872,0.5125192082935199,0.7516583727996501,0.00025599170476198196,0.013993003498250875,0.0559720139930035,2000,0.0015582103768120642,0.010313265284646222,0.05022028862869178,0.33239103461680297,0.18726696131488157,1.0
phrase_signature_1_2_3gram_psalm_shuffle09,Trust,15,864,0.017064846416382253,0.014820872857457566,0.005793310530707097,0.11692413344017745,0.421219140291214,0.24868692567938327,0.46914257508561147,0.8526384234428406,0.8025987006496752,1.0,2000,0.9626190986724343,1.0,0.9485641794487372,1.0,1.0,1.0
phrase_signature_1_2_3gram_psalm_shuffle09,Wisdom,36,1269,0.027586206896551724,0.08067772448507254,0.011700108531012512,0.11834937264758948,0.6862359046936035,0.5813667977378603,0.7485013530674752,6.798397953389212e-05,0.010994502748625687,0.06646676661669165,2000,0.0005009345860392051,0.0033155158975686017,0.06224473969911595,0.411976792507369,0.3108201996562694,1.0
phrase_signature_1_2_3gram_psalm_shuffle10,Hymn,136,2261,0.05673758865248227,0.035721416710946974,0.015886540912312924,0.016238907311414964,0.2697628438472748,0.17811946804273543,0.29122248319207455,1.0,1.0,1.0,2000,1.0,1.0,1.0,1.0,1.0,1.0
phrase_signature_1_2_3gram_psalm_shuffle10,Lament,1711,5369,0.24166666666666667,0.3549474493028679,0.23938545093321617,0.4292209972253516,0.6869053244590759,0.6174560358955192,0.750063405648182,0.0,0.0004997501249375312,0.06446776611694154,2000,0.0,0.0,0.0005451819544773067,0.0036083742019672915,0.16774039758363496,1.0
phrase_signature_1_2_3gram_psalm_shuffle10,Praise,820,4469,0.15503875968992248,0.12807579412942843,0.09869212959939755,0.13822200075380014,0.42061546444892883,0.3593288904821532,0.4633959425768273,1.0,0.991504247876062,1.0,2000,1.0,1.0,0.9980009995002499,1.0,1.0,1.0
phrase_signature_1_2_3gram_psalm_shuffle10,Royal,45,1400,0.031141868512110725,0.04131670053160266,0.006237658734276573,0.05948630844536842,0.574388861656189,0.32747326471921506,0.6539015108426971,0.04449569806456566,0.13993003498250875,0.5937031484257871,2000,0.10390765105302516,0.6877294531992113,0.2617610113861988,1.0,1.0,1.0
phrase_signature_1_2_3gram_psalm_shuffle10,Thanksgiving,28,1136,0.024054982817869417,0.04091326113397846,0.010935678041303945,0.11568664262291048,0.7173666954040527,0.5703536996338762,0.7636522904303357,4.17355440731626e-05,0.005997001499250375,0.02948525737131434,2000,0.001536285492655789,0.010168151922545903,0.05022028862869178,0.33239103461680297,0.18726696131488157,1.0
phrase_signature_1_2_3gram_psalm_shuffle10,Trust,15,864,0.017064846416382253,0.015200434230755962,0.005986646168035236,0.11742923083192204,0.4412037134170532,0.2668629319298051,0.4907566325349338,0.7829349637031555,0.7216391804097951,1.0,2000,0.9626190986724343,1.0,0.9485641794487372,1.0,1.0,1.0
phrase_signature_1_2_3gram_psalm_shuffle10,Wisdom,36,1269,0.027586206896551724,0.0716713377798522,0.010864565968060463,0.10988245627309065,0.6770641803741455,0.5598918486304248,0.7439859299027767,0.00014310071128420532,0.01649175412293853,0.08395802098950525,2000,0.0007241240811971836,0.004792731366393654,0.06224473969911595,0.411976792507369,0.3108201996562694,1.0
phrase_signature_1_2_3gram_psalm_shuffle12,Hymn,136,2261,0.05673758865248227,0.035997168312592344,0.015974362004405794,0.016326360158564316,0.27737921476364136,0.18292191038741984,0.29822072840867314,1.0,1.0,1.0,2000,1.0,1.0,1.0,1.0,1.0,1.0
phrase_signature_1_2_3gram_psalm_shuffle12,Lament,1711,5369,0.24166666666666667,0.351742608998356,0.23745584562175787,0.42487550638558946,0.685551106929779,0.6157199394666241,0.7473802577749968,0.0,0.0004997501249375312,0.06496751624187906,2000,0.0,0.0,0.0005451819544773067,0.0036083742019672915,0.16774039758363496,1.0
phrase_signature_1_2_3gram_psalm_shuffle12,Praise,820,4469,0.15503875968992248,0.12749645891760297,0.0974838170718664,0.13835120980410276,0.4186865985393524,0.35341917812870816,0.4605435281895625,1.0,0.991504247876062,1.0,2000,1.0,1.0,0.9980009995002499,1.0,1.0,1.0
phrase_signature_1_2_3gram_psalm_shuffle12,Royal,45,1400,0.031141868512110725,0.04023797254241991,0.006771114434927317,0.0624429552957339,0.5796349048614502,0.3785421225461674,0.6532582571396865,0.034326668828725815,0.12093953023488256,0.544727636181909,2000,0.10390765105302516,0.6877294531992113,0.2617610113861988,1.0,1.0,1.0
phrase_signature_1_2_3gram_psalm_shuffle12,Thanksgiving,28,1136,0.024054982817869417,0.043235025815334616,0.010680261811971892,0.11593372853996911,0.7252263426780701,0.5798009005905631,0.7753689903778523,2.2861817342345603e-05,0.004497751124437781,0.022488755622188907,2000,0.001536285492655789,0.010168151922545903,0.05022028862869178,0.33239103461680297,0.18726696131488157,1.0
phrase_signature_1_2_3gram_psalm_shuffle12,Trust,15,864,0.017064846416382253,0.015553026470574846,0.006041254454378134,0.11885840653882278,0.44236111640930176,0.28195399168931706,0.4814535359694146,0.7783871293067932,0.719640179910045,1.0,2000,0.9626190986724343,1.0,0.9485641794487372,1.0,1.0,1.0
phrase_signature_1_2_3gram_psalm_shuffle12,Wisdom,36,1269,0.027586206896551724,0.07991111846593663,0.011292413328804804,0.11903218423599579,0.6849443912506104,0.5639242713461975,0.7482401810714199,7.564878615085036e-05,0.01199400299850075,0.06596701649175413,2000,0.0005208604948091336,0.003447398720478795,0.06224473969911595,0.411976792507369,0.3108201996562694,1.0
phrase_signature_1_2_3gram_psalm_shuffle13,Hymn,136,2261,0.05673758865248227,0.036067822272535396,0.016153211440995248,0.016500267852968188,0.2772979140281677,0.1994453490618425,0.3017649762277467,1.0,1.0,1.0,2000,1.0,1.0,1.0,1.0,1.0,1.0
phrase_signature_1_2_3gram_psalm_shuffle13,Lament,1711,5369,0.24166666666666667,0.35345429138039564,0.2369792602267602,0.42760631855742853,0.6913809180259705,0.6209501249751157,0.7538105506118634,0.0,0.0004997501249375312,0.05697151424287856,2000,0.0,0.0,0.0005451819544773067,0.0036083742019672915,0.16774039758363496,1.0
phrase_signature_1_2_3gram_psalm_shuffle13,Praise,820,4469,0.15503875968992248,0.12843798644048326,0.09927662273636895,0.13983110405846189,0.4204191267490387,0.35510835506287214,0.460735246063433,1.0,0.991504247876062,1.0,2000,1.0,1.0,0.9980009995002499,1.0,1.0,1.0
phrase_signature_1_2_3gram_psalm_shuffle13,Royal,45,1400,0.031141868512110725,0.04257607203106449,0.0067257607954347215,0.06319683101504794,0.5886190533638,0.3779991676203599,0.6596127651536277,0.021376296877861023,0.10144927536231885,0.4687656171914043,2000,0.10390765105302516,0.6877294531992113,0.2617610113861988,1.0,1.0,1.0
phrase_signature_1_2_3gram_psalm_shuffle13,Thanksgiving,28,1136,0.024054982817869417,0.03718462365704746,0.008814665303280452,0.11054867356590073,0.686839759349823,0.497175345655507,0.7392085127097633,0.00036025914596393704,0.014492753623188406,0.06296851574212893,2000,0.001746401459717288,0.011558838148932512,0.05022028862869178,0.33239103461680297,0.18726696131488157,1.0
phrase_signature_1_2_3gram_psalm_shuffle13,Trust,15,864,0.017064846416382253,0.0148031719823765,0.00614151817106667,0.11522164488020695,0.43688270449638367,0.2947936349388786,0.4657555936884933,0.7994298934936523,0.7381309345327336,1.0,2000,0.9626190986724343,1.0,0.9485641794487372,1.0,1.0,1.0
phrase_signature_1_2_3gram_psalm_shuffle13,Wisdom,36,1269,0.027586206896551724,0.07231502505425169,0.010598398685546608,0.11148206640856435,0.6644558310508728,0.5573371923538215,0.7388814522423851,0.0003769899485632777,0.021989005497251374,0.10944527736131934,2000,0.0014521941272038464,0.009611579733732518,0.0627403689459618,0.4152571941666163,0.3108201996562694,1.0
phrase_signature_1_2_3gram_psalm_shuffle08,Hymn,136,2261,0.05673758865248227,0.03575294662086661,0.015347361216336857,0.015704006124479336,0.27018237113952637,0.18729283809548897,0.29079620853741645,1.0,1.0,1.0,2000,1.0,1.0,1.0,1.0,1.0,1.0
phrase_signature_1_2_3gram_psalm_shuffle08,Lament,1711,5369,0.24166666666666667,0.347385522384843,0.231739963687321,0.41793953295150116,0.6836448907852173,0.6138602498855443,0.7448760616289462,0.0,0.0004997501249375312,0.06596701649175413,2000,0.0,0.0,0.0005451819544773067,0.0036083742019672915,0.16774039758363496,1.0
phrase_signature_1_2_3gram_psalm_shuffle08,Praise,820,4469,0.15503875968992248,0.12773436786834322,0.09786314536939326,0.13900225257718296,0.42009371519088745,0.3579812472178275,0.4621158447582558,1.0,0.9910044977511244,1.0,2000,1.0,1.0,0.9980009995002499,1.0,1.0,1.0
phrase_signature_1_2_3gram_psalm_shuffle08,Royal,45,1400,0.031141868512110725,0.04305794524259767,0.0069385129639038656,0.06051541598469544,0.5801746249198914,0.3745069262568843,0.6641781323907204,0.03339873626828194,0.11944027986006997,0.5497251374312844,2000,0.10390765105302516,0.6877294531992113,0.2617610113861988,1.0,1.0,1.0
phrase_signature_1_2_3gram_psalm_shuffle08,Thanksgiving,28,1136,0.024054982817869417,0.04020201680394887,0.009916380296780684,0.11453706860109404,0.7082495093345642,0.530797545691863,0.7675049785229837,8.189195796148852e-05,0.006496751624187906,0.03698150924537731,2000,0.001536285492655789,0.010168151922545903,0.05022028862869178,0.33239103461680297,0.18726696131488157,1.0
phrase_signature_1_2_3gram_psalm_shuffle08,Trust,15,864,0.017064846416382253,0.014443415283166672,0.006251994971151083,0.11487626902656752,0.42098766565322876,0.3099299312988217,0.45490030074512633,0.8533462882041931,0.8030984507746127,1.0,2000,0.9626190986724343,1.0,0.9485641794487372,1.0,1.0,1.0
phrase_signature_1_2_3gram_psalm_shuffle08,Wisdom,36,1269,0.027586206896551724,0.08210276325491911,0.011716959999445494,0.11872485055911793,0.677129864692688,0.5704969261715603,0.7385040855930725,0.00014235710841603577,0.017491254372813594,0.08245877061469266,2000,0.0007241240811971836,0.004792731366393654,0.06224473969911595,0.411976792507369,0.3108201996562694,1.0
phrase_signature_1_2_3gram_psalm_shuffle14,Hymn,136,2261,0.05673758865248227,0.036165424351922805,0.016308095557019148,0.01665847100086872,0.2804930806159973,0.18121972265880404,0.30226955110694737,1.0,1.0,1.0,2000,1.0,1.0,1.0,1.0,1.0,1.0
phrase_signature_1_2_3gram_psalm_shuffle14,Lament,1711,5369,0.24166666666666667,0.356836556093408,0.24457069676513146,0.43325988084143213,0.6911831498146057,0.6228204739717902,0.7531142586903073,0.0,0.0004997501249375312,0.057971014492753624,2000,0.0,0.0,0.0005451819544773067,0.0036083742019672915,0.16774039758363496,1.0
phrase_signature_1_2_3gram_psalm_shuffle14,Praise,820,4469,0.15503875968992248,0.12754016411582544,0.09898704144094779,0.13821471230620283,0.41573742032051086,0.3530418832222335,0.4604063814695355,1.0,0.9940029985007496,1.0,2000,1.0,1.0,0.9980009995002499,1.0,1.0,1.0
phrase_signature_1_2_3gram_psalm_shuffle14,Royal,45,1400,0.031141868512110725,0.04119149804196308,0.006161258785994338,0.0629657993234766,0.5751428604125977,0.32809744019531434,0.6592667396796069,0.042899955064058304,0.13843078460769614,0.584207896051974,2000,0.10390765105302516,0.6877294531992113,0.2617610113861988,1.0,1.0,1.0
phrase_signature_1_2_3gram_psalm_shuffle14,Thanksgiving,28,1136,0.024054982817869417,0.040355213148053785,0.009248340237595425,0.11339193899108455,0.7032507658004761,0.480444760389057,0.7638821379053611,0.00011721270129783079,0.0079960019990005,0.04047976011994003,2000,0.001536285492655789,0.010168151922545903,0.05022028862869178,0.33239103461680297,0.18726696131488157,1.0
phrase_signature_1_2_3gram_psalm_shuffle14,Trust,15,864,0.017064846416382253,0.014400578819626125,0.006200378675414058,0.11489575837048965,0.4217592477798462,0.3015878517498182,0.44848027520204437,0.8509777784347534,0.7986006996501749,1.0,2000,0.9626190986724343,1.0,0.9485641794487372,1.0,1.0,1.0
phrase_signature_1_2_3gram_psalm_shuffle14,Wisdom,36,1269,0.027586206896551724,0.07202916391785329,0.011847205471871552,0.11631305855675313,0.6817923188209534,0.5618079908864557,0.7465577122049235,9.790965123102069e-05,0.012993503248375811,0.06846576711644178,2000,0.0006012347002979368,0.00397936828991818,0.06224473969911595,0.411976792507369,0.3108201996562694,1.0
phrase_signature_1_2_3gram_psalm_shuffle15,Hymn,136,2261,0.05673758865248227,0.035757912310180655,0.01566109746941806,0.016016740056829445,0.2711092233657837,0.19423333663625822,0.2927140831350108,1.0,1.0,1.0,2000,1.0,1.0,1.0,1.0,1.0,1.0
phrase_signature_1_2_3gram_psalm_shuffle15,Lament,1711,5369,0.24166666666666667,0.36027605850113936,0.24899286042310637,0.4356574390682192,0.6925472021102905,0.6245236336955338,0.7536231928188022,0.0,0.0004997501249375312,0.05347326336831584,2000,0.0,0.0,0.0005451819544773067,0.0036083742019672915,0.16774039758363496,1.0
phrase_signature_1_2_3gram_psalm_shuffle15,Praise,820,4469,0.15503875968992248,0.12669327060451513,0.09727756564896524,0.13692842125793547,0.41470783948898315,0.3550695624402391,0.4555398894856992,1.0,0.9940029985007496,1.0,2000,1.0,1.0,0.9980009995002499,1.0,1.0,1.0
phrase_signature_1_2_3gram_psalm_shuffle15,Royal,45,1400,0.031141868512110725,0.040005183967391056,0.006352965983614214,0.062026299699728074,0.5724762082099915,0.3461801214039256,0.6516004700784143,0.04875894635915756,0.14292853573213393,0.6081959020489756,2000,0.10610755166241542,0.7022898482024291,0.2617610113861988,1.0,1.0,1.0
phrase_signature_1_2_3gram_psalm_shuffle15,Thanksgiving,28,1136,0.024054982817869417,0.039571192677802076,0.0101413478993428,0.11298159537913897,0.7002012133598328,0.5254237111777966,0.7608381710356965,0.0001453208678867668,0.011494252873563218,0.04247876061969016,2000,0.001536285492655789,0.010168151922545903,0.05022028862869178,0.33239103461680297,0.18726696131488157,1.0
phrase_signature_1_2_3gram_psalm_shuffle15,Trust,15,864,0.017064846416382253,0.014482927854843342,0.005912773829332093,0.11542970491561434,0.422839492559433,0.2683708243151292,0.46358973536001014,0.8476190567016602,0.7941029485257372,1.0,2000,0.9626190986724343,1.0,0.9485641794487372,1.0,1.0,1.0
phrase_signature_1_2_3gram_psalm_shuffle15,Wisdom,36,1269,0.027586206896551724,0.07574864996771108,0.011634986504092776,0.11589191172860701,0.6772830486297607,0.5682256551352362,0.7368831420141102,0.00014063606795389205,0.015492253873063468,0.08245877061469266,2000,0.0007241240811971836,0.004792731366393654,0.06224473969911595,0.411976792507369,0.3108201996562694,1.0
phrase_signature_1_2_3gram_psalm_shuffle16,Hymn,136,2261,0.05673758865248227,0.03581124665605961,0.015475823361072493,0.015834625573074735,0.27199703454971313,0.18220993212834447,0.2969192547791983,1.0,1.0,1.0,2000,1.0,1.0,1.0,1.0,1.0,1.0
phrase_signature_1_2_3gram_psalm_shuffle16,Lament,1711,5369,0.24166666666666667,0.3546796687721765,0.24096057563753448,0.4272153213819085,0.6881521940231323,0.6174217767531315,0.7508129924927024,0.0,0.0004997501249375312,0.05847076461769116,2000,0.0,0.0,0.0005451819544773067,0.0036083742019672915,0.16774039758363496,1.0
phrase_signature_1_2_3gram_psalm_shuffle16,Praise,820,4469,0.15503875968992248,0.12813694995148095,0.09955744554964913,0.13875653932102092,0.42011934518814087,0.3571989091019596,0.46141355874003664,1.0,0.991504247876062,1.0,2000,1.0,1.0,0.9980009995002499,1.0,1.0,1.0
phrase_signature_1_2_3gram_psalm_shuffle16,Royal,45,1400,0.031141868512110725,0.04055919654500334,0.006257104485367309,0.06215608277288285,0.5716031789779663,0.34554732415656264,0.6518530933508112,0.05081041902303696,0.1409295352323838,0.6151924037981009,2000,0.1088794693350792,0.7206362298789956,0.2617610113861988,1.0,1.0,1.0
phrase_signature_1_2_3gram_psalm_shuffle16,Thanksgiving,28,1136,0.024054982817869417,0.038483302838967684,0.009425231094533026,0.11156666168731737,0.6935676336288452,0.5172083953079573,0.7496750833464966,0.00022965417883824557,0.012993503248375811,0.05147426286856572,2000,0.0015582103768120642,0.010313265284646222,0.05022028862869178,0.33239103461680297,0.18726696131488157,1.0
phrase_signature_1_2_3gram_psalm_shuffle16,Trust,15,864,0.017064846416382253,0.013737857607059322,0.005559950379344724,0.11513629572661595,0.38094136118888855,0.2131620949409261,0.41885753472045534,0.9433193802833557,0.9065467266366817,1.0,2000,0.9626190986724343,1.0,0.9485641794487372,1.0,1.0,1.0
phrase_signature_1_2_3gram_psalm_shuffle16,Wisdom,36,1269,0.027586206896551724,0.08108117700681489,0.012551553800753002,0.11995747454984161,0.6893441677093506,0.58402624767485,0.7533438966207041,5.242756014922634e-05,0.011494252873563218,0.057971014492753624,2000,0.00044585090038778546,0.0029509356897654613,0.06224473969911595,0.411976792507369,0.3108201996562694,1.0
phrase_signature_1_2_3gram_psalm_shuffle17,Hymn,136,2261,0.05673758865248227,0.03579599632986378,0.015448119021209064,0.015807547268524624,0.2724165618419647,0.18812141269593624,0.29814832102243155,1.0,1.0,1.0,2000,1.0,1.0,1.0,1.0,1.0,1.0
phrase_signature_1_2_3gram_psalm_shuffle17,Lament,1711,5369,0.24166666666666667,0.3500679104422293,0.23172121240101134,0.4204866022108987,0.686907947063446,0.6161611934958247,0.7483563840418436,0.0,0.0004997501249375312,0.06496751624187906,2000,0.0,0.0,0.0005451819544773067,0.0036083742019672915,0.16774039758363496,1.0
phrase_signature_1_2_3gram_psalm_shuffle17,Praise,820,4469,0.15503875968992248,0.1294017740893723,0.0993925527945729,0.14118488134854454,0.4243263900279999,0.3603211709175704,0.46478912659854477,1.0,0.9895052473763118,1.0,2000,1.0,1.0,0.9980009995002499,1.0,1.0,1.0
phrase_signature_1_2_3gram_psalm_shuffle17,Royal,45,1400,0.031141868512110725,0.04004860283625153,0.006591412940070593,0.06220846766965831,0.5657936334609985,0.3596924545251188,0.6488271292901271,0.06626369804143906,0.16941529235382308,0.6686656671664168,2000,0.11548030364068218,0.764324910372161,0.26420356255438715,1.0,1.0,1.0
phrase_signature_1_2_3gram_psalm_shuffle17,Thanksgiving,28,1136,0.024054982817869417,0.03805461226661599,0.008473848280432357,0.11194000630749557,0.6871541738510132,0.4789158631703225,0.7480514912760688,0.00035286834463477135,0.014992503748125937,0.063968015992004,2000,0.001746401459717288,0.011558838148932512,0.05022028862869178,0.33239103461680297,0.18726696131488157,1.0
phrase_signature_1_2_3gram_psalm_shuffle17,Trust,15,864,0.017064846416382253,0.0159841275819455,0.006284945857936107,0.12020761119914156,0.45478394627571106,0.31444277721878094,0.4929283102379395,0.7262830138206482,0.664167916041979,1.0,2000,0.9626190986724343,1.0,0.9485641794487372,1.0,1.0,1.0
phrase_signature_1_2_3gram_psalm_shuffle17,Wisdom,36,1269,0.027586206896551724,0.07271697332704127,0.011956297099214572,0.11568359633094656,0.6809605360031128,0.5721060226666601,0.7473618411824581,0.00010473713336978108,0.014492753623188406,0.07646176911544228,2000,0.0006012347002979368,0.00397936828991818,0.06224473969911595,0.411976792507369,0.3108201996562694,1.0
phrase_signature_1_2_3gram_psalm_shuffle20,Hymn,136,2261,0.05673758865248227,0.0358995172759894,0.015919772456536783,0.016272051530128295,0.2748165726661682,0.18691232548031878,0.29977160001931896,1.0,1.0,1.0,2000,1.0,1.0,1.0,1.0,1.0,1.0
phrase_signature_1_2_3gram_psalm_shuffle20,Lament,1711,5369,0.24166666666666667,0.34546010406778727,0.22943053037581412,0.4179280313578396,0.6805071234703064,0.6116690753592373,0.7415345643229311,0.0,0.0004997501249375312,0.07396301849075462,2000,0.0,0.0,0.0005451819544773067,0.0036083742019672915,0.16774039758363496,1.0
phrase_signature_1_2_3gram_psalm_shuffle20,Praise,820,4469,0.15503875968992248,0.12802569008926462,0.0981042005144635,0.13893271555023365,0.41824930906295776,0.3546364856370801,0.45952435108547535,1.0,0.9920039980009995,1.0,2000,1.0,1.0,0.9980009995002499,1.0,1.0,1.0
phrase_signature_1_2_3gram_psalm_shuffle20,Royal,45,1400,0.031141868512110725,0.042674367111903595,0.0061806502536725086,0.06072790639859229,0.5771904587745667,0.33838229123909325,0.6577325181552115,0.03879857435822487,0.13093453273363317,0.5687156421789106,2000,0.10390765105302516,0.6877294531992113,0.2617610113861988,1.0,1.0,1.0
phrase_signature_1_2_3gram_psalm_shuffle20,Thanksgiving,28,1136,0.024054982817869417,0.041147886529766385,0.009986577267878383,0.11510784825989852,0.7081866264343262,0.5340522257760655,0.7756516996791875,8.226616773754358e-05,0.0079960019990005,0.037481259370314844,2000,0.001536285492655789,0.010168151922545903,0.05022028862869178,0.33239103461680297,0.18726696131488157,1.0
phrase_signature_1_2_3gram_psalm_shuffle20,Trust,15,864,0.017064846416382253,0.015332929452066851,0.006058441913245728,0.11662876966554389,0.44382715225219727,0.28651149402373854,0.4952721020495409,0.7725490927696228,0.7151424287856072,1.0,2000,0.9626190986724343,1.0,0.9485641794487372,1.0,1.0,1.0
phrase_signature_1_2_3gram_psalm_shuffle20,Wisdom,36,1269,0.027586206896551724,0.08189287817527036,0.012501123073388598,0.12274089921854986,0.6889720559120178,0.5802146175053439,0.7439254511208075,5.409509685705416e-05,0.011494252873563218,0.062468765617191405,2000,0.00044585090038778546,0.0029509356897654613,0.06224473969911595,0.411976792507369,0.3108201996562694,1.0
phrase_signature_1_2_3gram_psalm_shuffle23,Hymn,136,2261,0.05673758865248227,0.03602559839609333,0.01571448955771388,0.016070067987278884,0.27838411927223206,0.18979541218473206,0.2984594363950572,1.0,1.0,1.0,2000,1.0,1.0,1.0,1.0,1.0,1.0
phrase_signature_1_2_3gram_psalm_shuffle23,Lament,1711,5369,0.24166666666666667,0.3538444229722525,0.24683727130170657,0.4298741893009503,0.6894897222518921,0.6208458231268192,0.7507801535793023,0.0,0.0004997501249375312,0.06146926536731634,2000,0.0,0.0,0.0005451819544773067,0.0036083742019672915,0.16774039758363496,1.0
phrase_signature_1_2_3gram_psalm_shuffle23,Praise,820,4469,0.15503875968992248,0.12680761974666535,0.09793220803594495,0.1369948666750888,0.4141235947608948,0.35767845257260167,0.45396464373428597,1.0,0.9960019990004998,1.0,2000,1.0,1.0,0.9980009995002499,1.0,1.0,1.0
phrase_signature_1_2_3gram_psalm_shuffle23,Royal,45,1400,0.031141868512110725,0.0398875614472866,0.0065815693664447355,0.06170150139470255,0.5710793733596802,0.37388591037753,0.6587178638015743,0.052073925733566284,0.1504247876061969,0.6216891554222889,2000,0.1095177222043276,0.7248606088570848,0.2617610113861988,1.0,1.0,1.0
phrase_signature_1_2_3gram_psalm_shuffle23,Thanksgiving,28,1136,0.024054982817869417,0.040284527797399064,0.010173538680270591,0.11564722389587978,0.703125,0.5404588036274782,0.7665679812857462,0.00011826301488326862,0.009995002498750625,0.04447776111944028,2000,0.001536285492655789,0.010168151922545903,0.05022028862869178,0.33239103461680297,0.18726696131488157,1.0
phrase_signature_1_2_3gram_psalm_shuffle23,Trust,15,864,0.017064846416382253,0.015501653131016889,0.005918290913227009,0.12007615327261803,0.43140432238578796,0.258512085300367,0.48309859976343855,0.819225013256073,0.7606196901549226,1.0,2000,0.9626190986724343,1.0,0.9485641794487372,1.0,1.0,1.0
phrase_signature_1_2_3gram_psalm_shuffle23,Wisdom,36,1269,0.027586206896551724,0.07894230384787904,0.012077440613758672,0.11629905389010824,0.6888844966888428,0.5722956334544211,0.7522407090436317,5.4494652431458235e-05,0.011494252873563218,0.06196901549225387,2000,0.00044585090038778546,0.0029509356897654613,0.06224473969911595,0.411976792507369,0.3108201996562694,1.0
phrase_signature_1_2_3gram_psalm_shuffle22,Hymn,136,2261,0.05673758865248227,0.03579794728839942,0.015505573519513859,0.015865982173029425,0.2731254994869232,0.1912430889227751,0.29835127513471177,1.0,1.0,1.0,2000,1.0,1.0,1.0,1.0,1.0,1.0
phrase_signature_1_2_3gram_psalm_shuffle22,Lament,1711,5369,0.24166666666666667,0.3524388596675556,0.23514954989810125,0.42684207478903136,0.6879650354385376,0.619691447431208,0.7501529284065447,0.0,0.0004997501249375312,0.06596701649175413,2000,0.0,0.0,0.0005451819544773067,0.0036083742019672915,0.16774039758363496,1.0
phrase_signature_1_2_3gram_psalm_shuffle22,Praise,820,4469,0.15503875968992248,0.12735957177004006,0.09848729600318143,0.13793360396592635,0.417548269033432,0.3557697321594165,0.45881178801190015,1.0,0.9920039980009995,1.0,2000,1.0,1.0,0.9980009995002499,1.0,1.0,1.0
phrase_signature_1_2_3gram_psalm_shuffle22,Royal,45,1400,0.031141868512110725,0.04248882059169512,0.006358594887782447,0.06036203049368988,0.5747619271278381,0.33928272919838054,0.6558471056982043,0.04370034113526344,0.13943028485757122,0.5972013993003499,2000,0.10390765105302516,0.6877294531992113,0.2617610113861988,1.0,1.0,1.0
phrase_signature_1_2_3gram_psalm_shuffle22,Thanksgiving,28,1136,0.024054982817869417,0.03879042158711573,0.010048135773674728,0.112238772769526,0.6984091997146606,0.5357009323322786,0.7472699485589573,0.00016466478700749576,0.009995002498750625,0.04997501249375312,2000,0.001536285492655789,0.010168151922545903,0.05022028862869178,0.33239103461680297,0.18726696131488157,1.0
phrase_signature_1_2_3gram_psalm_shuffle22,Trust,15,864,0.017064846416382253,0.01523796303131409,0.006064465893741387,0.11766976484704268,0.43503087759017944,0.27970600297740417,0.48084052855886245,0.8062623143196106,0.7501249375312344,1.0,2000,0.9626190986724343,1.0,0.9485641794487372,1.0,1.0,1.0
phrase_signature_1_2_3gram_psalm_shuffle22,Wisdom,36,1269,0.027586206896551724,0.08100978270591869,0.01074272134397463,0.11893308798880997,0.6815296411514282,0.5397097910675539,0.7469826865441817,0.00010001913324231282,0.013993003498250875,0.0734632683658171,2000,0.0006012347002979368,0.00397936828991818,0.06224473969911595,0.411976792507369,0.3108201996562694,1.0
phrase_signature_1_2_3gram_psalm_shuffle21,Hymn,136,2261,0.05673758865248227,0.03547964900704916,0.015201716551753435,0.015560769121502513,0.26502132415771484,0.18049307889159819,0.2867680654872667,1.0,1.0,1.0,2000,1.0,1.0,1.0,1.0,1.0,1.0
phrase_signature_1_2_3gram_psalm_shuffle21,Lament,1711,5369,0.24166666666666667,0.3583703203421062,0.2461831499904013,0.43231894164255086,0.6924992203712463,0.620938096440137,0.7533879789682942,0.0,0.0004997501249375312,0.05897051474262868,2000,0.0,0.0,0.0005451819544773067,0.0036083742019672915,0.16774039758363496,1.0
phrase_signature_1_2_3gram_psalm_shuffle21,Praise,820,4469,0.15503875968992248,0.1267343304967678,0.09861470227879393,0.13761022541687146,0.41478872299194336,0.35493666242915883,0.45647187040934484,1.0,0.9950024987506247,1.0,2000,1.0,1.0,0.9980009995002499,1.0,1.0,1.0
phrase_signature_1_2_3gram_psalm_shuffle21,Royal,45,1400,0.031141868512110725,0.04124831425697042,0.0065367273175464076,0.061761767708903674,0.5746190547943115,0.3650785452390776,0.6565237251424121,0.04400358721613884,0.1409295352323838,0.5897051474262869,2000,0.10390765105302516,0.6877294531992113,0.2617610113861988,1.0,1.0,1.0
phrase_signature_1_2_3gram_psalm_shuffle21,Thanksgiving,28,1136,0.024054982817869417,0.038575841584628796,0.009091282662727846,0.11262918394350582,0.6933161616325378,0.5136635114195849,0.7550209019522273,0.000233611193834804,0.013493253373313344,0.05647176411794103,2000,0.0015582103768120642,0.010313265284646222,0.05022028862869178,0.33239103461680297,0.18726696131488157,1.0
phrase_signature_1_2_3gram_psalm_shuffle21,Trust,15,864,0.017064846416382253,0.015192517906517319,0.006570222048916192,0.11648021838697473,0.4483024775981903,0.33333712033542756,0.48762652760992287,0.7542023658752441,0.6911544227886057,1.0,2000,0.9626190986724343,1.0,0.9485641794487372,1.0,1.0,1.0
phrase_signature_1_2_3gram_psalm_shuffle21,Wisdom,36,1269,0.027586206896551724,0.08416220501635273,0.011220695659707432,0.1165263348495287,0.690263569355011,0.5585680001951135,0.7620564073310896,4.851339690503664e-05,0.012993503248375811,0.06196901549225387,2000,0.00044585090038778546,0.0029509356897654613,0.06224473969911595,0.411976792507369,0.3108201996562694,1.0
phrase_signature_1_2_3gram_psalm_shuffle18,Hymn,136,2261,0.05673758865248227,0.03610209487013602,0.01613087668613887,0.01647891602751189,0.27987030148506165,0.19566187343419766,0.2992413803251181,1.0,1.0,1.0,2000,1.0,1.0,1.0,1.0,1.0,1.0
phrase_signature_1_2_3gram_psalm_shuffle18,Lament,1711,5369,0.24166666666666667,0.3542698037786787,0.24066803241732798,0.4290974978831966,0.6891708970069885,0.6212639878072403,0.752449216049062,0.0,0.0004997501249375312,0.06146926536731634,2000,0.0,0.0,0.0005451819544773067,0.0036083742019672915,0.16774039758363496,1.0
phrase_signature_1_2_3gram_psalm_shuffle18,Praise,820,4469,0.15503875968992248,0.1277373772014453,0.09847167045697088,0.13811740792717533,0.4191626310348511,0.3629810719478955,0.4636869413696241,1.0,0.9910044977511244,1.0,2000,1.0,1.0,0.9980009995002499,1.0,1.0,1.0
phrase_signature_1_2_3gram_psalm_shuffle18,Royal,45,1400,0.031141868512110725,0.04043512068695217,0.00612641157928281,0.06205904814104659,0.5689365267753601,0.33117950503602034,0.6489520764457627,0.05750460922718048,0.15742128935532235,0.6451774112943528,2000,0.11068773276335456,0.7326045113882497,0.2617610113861988,1.0,1.0,1.0
phrase_signature_1_2_3gram_psalm_shuffle18,Thanksgiving,28,1136,0.024054982817869417,0.03918564453764509,0.009762739904434357,0.11389394174493865,0.7006099224090576,0.5365337417177424,0.7609533071517944,0.00014121775166131556,0.009495252373813094,0.04447776111944028,2000,0.001536285492655789,0.010168151922545903,0.05022028862869178,0.33239103461680297,0.18726696131488157,1.0
phrase_signature_1_2_3gram_psalm_shuffle18,Trust,15,864,0.017064846416382253,0.01417331068912412,0.00617502237817031,0.11470362270023446,0.4124228358268738,0.299320882293912,0.44192302791910476,0.8779405951499939,0.8305847076461769,1.0,2000,0.9626190986724343,1.0,0.9485641794487372,1.0,1.0,1.0
phrase_signature_1_2_3gram_psalm_shuffle18,Wisdom,36,1269,0.027586206896551724,0.07637485058875407,0.01100997468961892,0.11272436861615381,0.6923649311065674,0.5565538851592264,0.7628034031657013,4.057764817844145e-05,0.010994502748625687,0.0559720139930035,2000,0.00044585090038778546,0.0029509356897654613,0.06224473969911595,0.411976792507369,0.3108201996562694,1.0
phrase_signature_1_2_3gram_psalm_shuffle19,Hymn,136,2261,0.05673758865248227,0.036164927648855406,0.015827673509645996,0.01618545270781684,0.28036463260650635,0.19800388292835416,0.3000848628399948,1.0,1.0,1.0,2000,1.0,1.0,1.0,1.0,1.0,1.0
phrase_signature_1_2_3gram_psalm_shuffle19,Lament,1711,5369,0.24166666666666667,0.3487672231752672,0.24043362458061113,0.4243858002665004,0.6849051713943481,0.6137937822136194,0.7470009413427466,0.0,0.0004997501249375312,0.06546726636681659,2000,0.0,0.0,0.0005451819544773067,0.0036083742019672915,0.16774039758363496,1.0
phrase_signature_1_2_3gram_psalm_shuffle19,Praise,820,4469,0.15503875968992248,0.12948578443025016,0.09980338373351458,0.1403600064093013,0.4247613549232483,0.3637423501293985,0.4647904495200502,1.0,0.9890054972513743,1.0,2000,1.0,1.0,0.9980009995002499,1.0,1.0,1.0
phrase_signature_1_2_3gram_psalm_shuffle19,Royal,45,1400,0.031141868512110725,0.039911198324325256,0.0065969012015464285,0.061584990121708406,0.5693174600601196,0.3581208181873035,0.6400323253499174,0.05650786682963371,0.15642178910544727,0.6481759120439781,2000,0.11068773276335456,0.7326045113882497,0.2617610113861988,1.0,1.0,1.0
phrase_signature_1_2_3gram_psalm_shuffle19,Thanksgiving,28,1136,0.024054982817869417,0.04021295890674122,0.010133364595870236,0.11317892194370925,0.712399423122406,0.5608465549604129,0.7604303297422756,6.044915789971128e-05,0.0069965017491254375,0.03398300849575212,2000,0.001536285492655789,0.010168151922545903,0.05022028862869178,0.33239103461680297,0.18726696131488157,1.0
phrase_signature_1_2_3gram_psalm_shuffle19,Trust,15,864,0.017064846416382253,0.01430545495510343,0.006023579988968846,0.1149563521860901,0.4172067940235138,0.27590388133839605,0.44960743128796427,0.8645856380462646,0.8125937031484258,1.0,2000,0.9626190986724343,1.0,0.9485641794487372,1.0,1.0,1.0
phrase_signature_1_2_3gram_psalm_shuffle19,Wisdom,36,1269,0.027586206896551724,0.07694713633186658,0.011818195295967072,0.11561523512082653,0.6793844699859619,0.5685980830964824,0.7550069198497773,0.00011891640315297991,0.013493253373313344,0.07596201899050475,2000,0.000630924127108301,0.004175872522851615,0.06224473969911595,0.411976792507369,0.3108201996562694,1.0
phrase_signature_1_2_3gram_psalm_shuffle24,Hymn,136,2261,0.05673758865248227,0.0353215314451124,0.015247465912765847,0.01560510437709835,0.26112210750579834,0.1904718222888805,0.28498357794944607,1.0,1.0,1.0,2000,1.0,1.0,1.0,1.0,1.0,1.0
phrase_signature_1_2_3gram_psalm_shuffle24,Lament,1711,5369,0.24166666666666667,0.3535754253824446,0.2412161961714758,0.4273488984910649,0.6874518990516663,0.6175085344488507,0.748037470584551,0.0,0.0004997501249375312,0.06146926536731634,2000,0.0,0.0,0.0005451819544773067,0.0036083742019672915,0.16774039758363496,1.0
phrase_signature_1_2_3gram_psalm_shuffle24,Praise,820,4469,0.15503875968992248,0.12861007636722244,0.09703087551262327,0.13968016663100044,0.42299553751945496,0.3614168700279933,0.46623603325034796,1.0,0.9910044977511244,1.0,2000,1.0,1.0,0.9980009995002499,1.0,1.0,1.0
phrase_signature_1_2_3gram_psalm_shuffle24,Royal,45,1400,0.031141868512110725,0.04267730665990006,0.00647191676770864,0.06296335498055526,0.5827460289001465,0.3465617293135188,0.6643948937150926,0.02925676479935646,0.11444277861069466,0.5222388805597201,2000,0.10390765105302516,0.6877294531992113,0.2617610113861988,1.0,1.0,1.0
phrase_signature_1_2_3gram_psalm_shuffle24,Thanksgiving,28,1136,0.024054982817869417,0.0380667305303845,0.00981100893566237,0.1117614213184014,0.6911311745643616,0.5219691130051561,0.7429475808235887,0.0002707635285332799,0.012993503248375811,0.0559720139930035,2000,0.0015666987979784607,0.010369447261508652,0.05022028862869178,0.33239103461680297,0.18726696131488157,1.0
phrase_signature_1_2_3gram_psalm_shuffle24,Trust,15,864,0.017064846416382253,0.014723309646209982,0.00588798866930134,0.11646194089416183,0.4055555462837219,0.257014513349498,0.4527402569526651,0.8954504132270813,0.848575712143928,1.0,2000,0.9626190986724343,1.0,0.9485641794487372,1.0,1.0,1.0
phrase_signature_1_2_3gram_psalm_shuffle24,Wisdom,36,1269,0.027586206896551724,0.08044972890417731,0.010677137832286689,0.1191032119647238,0.6749190092086792,0.5490820803437905,0.7405418917932699,0.00016949155542533845,0.014492753623188406,0.08495752123938032,2000,0.0008182350951568063,0.005415620205805931,0.06224473969911595,0.411976792507369,0.3108201996562694,1.0
phrase_signature_1_2_3gram_shuffle01,Hymn,136,2108,0.06060606060606061,0.04182941084060915,0.02724110235342498,0.02733387907363662,0.33666911721229553,0.28240385112789745,0.369951947177039,1.0,0.9995002498750625,1.0,2000,1.0,1.0,1.0,1.0,1.0,1.0
phrase_signature_1_2_3gram_shuffle01,Lament,1596,4788,0.25,0.37475084825980604,0.2665325497853533,0.45325099555733,0.6896269917488098,0.6234001134733801,0.7512516501346794,0.0,0.0004997501249375312,0.06946526736631684,2000,0.0,0.0,0.0005451819544773067,0.0036083742019672915,0.16774039758363496,1.0
phrase_signature_1_2_3gram_shuffle01,Praise,630,3780,0.14285714285714285,0.12311582209823946,0.0886628201751982,0.1334262845525064,0.43532711267471313,0.3770937773324194,0.48531327873591945,0.9999998807907104,0.968015992003998,1.0,2000,1.0,1.0,0.9980009995002499,1.0,1.0,1.0
phrase_signature_1_2_3gram_shuffle01,Royal,45,1310,0.033210332103321034,0.04522013599660121,0.011782892377325679,0.0691159105370413,0.5947752594947815,0.44844651702975347,0.6784531864670328,0.015212797559797764,0.09895052473763119,0.45527236381809094,2000,0.10390765105302516,0.6877294531992113,0.2617610113861988,1.0,1.0,1.0
phrase_signature_1_2_3gram_shuffle01,Thanksgiving,21,938,0.021897810218978103,0.03336975213726767,0.008383321014091498,0.12931493440257497,0.6603208184242249,0.45060139575026664,0.7469352385703588,0.005946801509708166,0.03498250874562719,0.12093953023488256,2000,0.008785750814958622,0.05814990082715478,0.055028665442559625,0.3642160477266611,0.18743395829760398,1.0
phrase_signature_1_2_3gram_shuffle01,Trust,15,810,0.01818181818181818,0.015044027242340753,0.0060355423443343974,0.11906526389814219,0.40123456716537476,0.22157273573028022,0.42941176891326904,0.9053626656532288,0.8650674662668666,1.0,2000,0.9626190986724343,1.0,0.9485641794487372,1.0,1.0,1.0
phrase_signature_1_2_3gram_shuffle01,Wisdom,28,1064,0.02564102564102564,0.05939621685750842,0.00939744130962772,0.10744267192972486,0.6375536918640137,0.4684379952669988,0.6980456825384876,0.006433611735701561,0.04897551224387806,0.21239380309845077,2000,0.009708466428902841,0.06425704210313647,0.06972784794043656,0.46150494454313873,0.3108201996562694,1.0
phrase_signature_1_2_3gram_psalm_shuffle25,Hymn,136,2261,0.05673758865248227,0.03603259317458447,0.016053398349397886,0.01640690758997555,0.27820199728012085,0.17879803660366558,0.30360081586041776,1.0,1.0,1.0,2000,1.0,1.0,1.0,1.0,1.0,1.0
phrase_signature_1_2_3gram_psalm_shuffle25,Lament,1711,5369,0.24166666666666667,0.35530251367076315,0.2471888869019059,0.4309622235739534,0.687047004699707,0.6167354134036727,0.7495037804181497,0.0,0.0004997501249375312,0.06296851574212893,2000,0.0,0.0,0.0005451819544773067,0.0036083742019672915,0.16774039758363496,1.0
phrase_signature_1_2_3gram_psalm_shuffle25,Praise,820,4469,0.15503875968992248,0.12759841537343264,0.09883873076787107,0.1372246089031143,0.41780123114585876,0.3584001927461898,0.46011236105140385,1.0,0.9920039980009995,1.0,2000,1.0,1.0,0.9980009995002499,1.0,1.0,1.0
phrase_signature_1_2_3gram_psalm_shuffle25,Royal,45,1400,0.031141868512110725,0.040369861508844807,0.00624964632883068,0.0586280994405896,0.5705714225769043,0.33787189003139534,0.6538986581824346,0.05332285165786743,0.15142428785607195,0.6276861569215393,2000,0.11068773276335456,0.7326045113882497,0.2617610113861988,1.0,1.0,1.0
phrase_signature_1_2_3gram_psalm_shuffle25,Thanksgiving,28,1136,0.024054982817869417,0.038183792968429144,0.011060949079834138,0.11145744121777515,0.6992266178131104,0.5667249253951843,0.7502147553503258,0.00015556013386230916,0.009495252373813094,0.04597701149425287,2000,0.001536285492655789,0.010168151922545903,0.05022028862869178,0.33239103461680297,0.18726696131488157,1.0
phrase_signature_1_2_3gram_psalm_shuffle25,Trust,15,864,0.017064846416382253,0.014585735876627932,0.006008494809045892,0.11476801966477236,0.4137345552444458,0.27062500935047423,0.44879706341064135,0.8743743300437927,0.8260869565217391,1.0,2000,0.9626190986724343,1.0,0.9485641794487372,1.0,1.0,1.0
phrase_signature_1_2_3gram_psalm_shuffle25,Wisdom,36,1269,0.027586206896551724,0.07373435146451357,0.010731350813257651,0.11157241773712509,0.6813545227050781,0.5442511585012652,0.7528858419609149,0.00010144909902010113,0.012993503248375811,0.07296351824087956,2000,0.0006012347002979368,0.00397936828991818,0.06224473969911595,0.411976792507369,0.3108201996562694,1.0
phrase_signature_1_2_3gram_psalm_shuffle28,Hymn,136,2261,0.05673758865248227,0.03598728878685204,0.016217551500806632,0.016562717593937123,0.27711254358291626,0.19895831611677534,0.3064947461640813,1.0,1.0,1.0,2000,1.0,1.0,1.0,1.0,1.0,1.0
phrase_signature_1_2_3gram_psalm_shuffle28,Lament,1711,5369,0.24166666666666667,0.3541117860383754,0.2384770643109658,0.4276693765629094,0.6924231648445129,0.6236438558976368,0.7544554876048563,0.0,0.0004997501249375312,0.053973013493253376,2000,0.0,0.0,0.0005451819544773067,0.0036083742019672915,0.16774039758363496,1.0
phrase_signature_1_2_3gram_psalm_shuffle28,Praise,820,4469,0.15503875968992248,0.12838649172662583,0.0984754947869406,0.13976153900070212,0.42167314887046814,0.36084978448360605,0.46464982934861027,1.0,0.9895052473763118,1.0,2000,1.0,1.0,0.9980009995002499,1.0,1.0,1.0
phrase_signature_1_2_3gram_psalm_shuffle28,Royal,45,1400,0.031141868512110725,0.04064849051004002,0.006251173324272364,0.05853187472149187,0.5644603371620178,0.3417570902386922,0.6414883718636377,0.07027815282344818,0.16991504247876063,0.6846576711644178,2000,0.11691092502458293,0.7737937074445064,0.26420356255438715,1.0,1.0,1.0
phrase_signature_1_2_3gram_psalm_shuffle28,Thanksgiving,28,1136,0.024054982817869417,0.04072822795562594,0.010637519102053489,0.11538440330721772,0.7134997248649597,0.5797422178698964,0.7577600155478503,5.572359077632427e-05,0.004997501249375313,0.029985007496251874,2000,0.001536285492655789,0.010168151922545903,0.05022028862869178,0.33239103461680297,0.18726696131488157,1.0
phrase_signature_1_2_3gram_psalm_shuffle28,Trust,15,864,0.017064846416382253,0.015023112892980852,0.006225378532928944,0.11607795025586391,0.44197529554367065,0.29479450055355527,0.4751774953551092,0.779909074306488,0.719640179910045,1.0,2000,0.9626190986724343,1.0,0.9485641794487372,1.0,1.0,1.0
phrase_signature_1_2_3gram_psalm_shuffle28,Wisdom,36,1269,0.027586206896551724,0.0803271594050649,0.011837719089509114,0.12024171187667407,0.6900884509086609,0.5754183382728792,0.7525722103517208,4.92369981657248e-05,0.010494752623688156,0.05547226386806597,2000,0.00044585090038778546,0.0029509356897654613,0.06224473969911595,0.411976792507369,0.3108201996562694,1.0
phrase_signature_1_2_3gram_psalm_shuffle30,Hymn,136,2261,0.05673758865248227,0.0359073248814221,0.015733480712181173,0.016086341698122848,0.27492713928222656,0.17036608541318343,0.30007385348385235,1.0,1.0,1.0,2000,1.0,1.0,1.0,1.0,1.0,1.0
phrase_signature_1_2_3gram_psalm_shuffle30,Lament,1711,5369,0.24166666666666667,0.35284366134209694,0.23472008353745633,0.42492140669399964,0.6870312690734863,0.6167708181489728,0.7472156623686544,0.0,0.0004997501249375312,0.063968015992004,2000,0.0,0.0,0.0005451819544773067,0.0036083742019672915,0.16774039758363496,1.0
phrase_signature_1_2_3gram_psalm_shuffle30,Praise,820,4469,0.15503875968992248,0.12685303125176955,0.09742560601808717,0.137218124695958,0.41594889760017395,0.3496264337293742,0.45783348870743557,1.0,0.9945027486256871,1.0,2000,1.0,1.0,0.9980009995002499,1.0,1.0,1.0
phrase_signature_1_2_3gram_psalm_shuffle30,Royal,45,1400,0.031141868512110725,0.0404091915715824,0.006510268897761804,0.061590028954054604,0.56977778673172,0.3500293060004873,0.6526262519267038,0.05532170832157135,0.1519240379810095,0.6416791604197901,2000,0.11068773276335456,0.7326045113882497,0.2617610113861988,1.0,1.0,1.0
phrase_signature_1_2_3gram_psalm_shuffle30,Thanksgiving,28,1136,0.024054982817869417,0.039351140876998814,0.009725867726842466,0.11401944890769056,0.6954540014266968,0.5305810085152001,0.7532466403954087,0.00020191119983792305,0.01199400299850075,0.05297351324337831,2000,0.001536285492655789,0.010168151922545903,0.05022028862869178,0.33239103461680297,0.18726696131488157,1.0
phrase_signature_1_2_3gram_psalm_shuffle30,Trust,15,864,0.017064846416382253,0.014442775371738301,0.006123778311387573,0.11558751956474936,0.42206791043281555,0.2955410147304441,0.4542332598170635,0.8500232100486755,0.7956021989005497,1.0,2000,0.9626190986724343,1.0,0.9485641794487372,1.0,1.0,1.0
phrase_signature_1_2_3gram_psalm_shuffle30,Wisdom,36,1269,0.027586206896551724,0.07985355690143824,0.012106995560784992,0.11269994853888433,0.6812669634819031,0.5818273795395118,0.7475663808551452,0.00010217125964118168,0.013993003498250875,0.07646176911544228,2000,0.0006012347002979368,0.00397936828991818,0.06224473969911595,0.411976792507369,0.3108201996562694,1.0
phrase_signature_1_2_3gram_psalm_shuffle29,Hymn,136,2261,0.05673758865248227,0.035936261412441904,0.016123849085043485,0.016466431936648263,0.27585723996162415,0.1762096084981827,0.30130828783958963,1.0,1.0,1.0,2000,1.0,1.0,1.0,1.0,1.0,1.0
phrase_signature_1_2_3gram_psalm_shuffle29,Lament,1711,5369,0.24166666666666667,0.3548499453304008,0.23807970241642742,0.42741971812781565,0.6911765933036804,0.6229868440785367,0.7541842282791165,0.0,0.0004997501249375312,0.05547226386806597,2000,0.0,0.0,0.0005451819544773067,0.0036083742019672915,0.16774039758363496,1.0
phrase_signature_1_2_3gram_psalm_shuffle29,Praise,820,4469,0.15503875968992248,0.1266314709902527,0.09727634905942696,0.13824998695559176,0.41569048166275024,0.35762111869334384,0.45840771497929006,1.0,0.9960019990004998,1.0,2000,1.0,1.0,0.9980009995002499,1.0,1.0,1.0
phrase_signature_1_2_3gram_psalm_shuffle29,Royal,45,1400,0.031141868512110725,0.04012846885506163,0.0064299816312483205,0.06231241503566833,0.5751270055770874,0.34605122432240104,0.6506129061462527,0.042933061718940735,0.136431784107946,0.5902048975512244,2000,0.10390765105302516,0.6877294531992113,0.2617610113861988,1.0,1.0,1.0
phrase_signature_1_2_3gram_psalm_shuffle29,Thanksgiving,28,1136,0.024054982817869417,0.04054858771799849,0.009648942257966957,0.11517727757308908,0.6993523836135864,0.5246124019355067,0.7549508250661845,0.0001542020181659609,0.0079960019990005,0.043478260869565216,2000,0.001536285492655789,0.010168151922545903,0.05022028862869178,0.33239103461680297,0.18726696131488157,1.0
phrase_signature_1_2_3gram_psalm_shuffle29,Trust,15,864,0.017064846416382253,0.014429823875362208,0.006084765881279052,0.11595261050047796,0.41836419701576233,0.28196755583357025,0.4584953289642902,0.861209511756897,0.8105947026486756,1.0,2000,0.9626190986724343,1.0,0.9485641794487372,1.0,1.0,1.0
phrase_signature_1_2_3gram_psalm_shuffle29,Wisdom,36,1269,0.027586206896551724,0.08186357748252107,0.010857884661010005,0.11618926489141211,0.670606791973114,0.5418154097654477,0.7439517065107929,0.00023687117209192365,0.01899050474762619,0.09945027486256872,2000,0.0010697407771893327,0.007080250898809055,0.06224473969911595,0.411976792507369,0.3108201996562694,1.0
phrase_signature_1_2_3gram_psalm_shuffle26,Hymn,136,2261,0.05673758865248227,0.03580588978680418,0.01540256363434959,0.015760043475771302,0.27241331338882446,0.1767740930195151,0.29344235998375395,1.0,1.0,1.0,2000,1.0,1.0,1.0,1.0,1.0,1.0
phrase_signature_1_2_3gram_psalm_shuffle26,Lament,1711,5369,0.24166666666666667,0.34840325514505166,0.23425780157053103,0.420666331030357,0.6845961213111877,0.6150467014260582,0.7474849612544986,0.0,0.0004997501249375312,0.06646676661669165,2000,0.0,0.0,0.0005451819544773067,0.0036083742019672915,0.16774039758363496,1.0
phrase_signature_1_2_3gram_psalm_shuffle26,Praise,820,4469,0.15503875968992248,0.1280999020414168,0.0988078433926404,0.1388452832485978,0.42075079679489136,0.3562923348097578,0.4627388736374467,1.0,0.992503748125937,1.0,2000,1.0,1.0,0.9980009995002499,1.0,1.0,1.0
phrase_signature_1_2_3gram_psalm_shuffle26,Royal,45,1400,0.031141868512110725,0.04176314547200931,0.00656842787346077,0.06015631880263381,0.5806348919868469,0.36653549321235396,0.6599448908944467,0.03262367099523544,0.11944027986006997,0.5417291354322838,2000,0.10390765105302516,0.6877294531992113,0.2617610113861988,1.0,1.0,1.0
phrase_signature_1_2_3gram_psalm_shuffle26,Thanksgiving,28,1136,0.024054982817869417,0.03835557901792375,0.009949854151992149,0.11094269508465404,0.6965857744216919,0.5237343032605976,0.7517243726511424,0.0001868025428848341,0.008995502248875561,0.04697651174412794,2000,0.001536285492655789,0.010168151922545903,0.05022028862869178,0.33239103461680297,0.18726696131488157,1.0
phrase_signature_1_2_3gram_psalm_shuffle26,Trust,15,864,0.017064846416382253,0.014877681266902998,0.006117591116181167,0.11750161979072209,0.4325617253780365,0.28875276530685773,0.4678528669648079,0.8151483535766602,0.7611194402798601,1.0,2000,0.9626190986724343,1.0,0.9485641794487372,1.0,1.0,1.0
phrase_signature_1_2_3gram_psalm_shuffle26,Wisdom,36,1269,0.027586206896551724,0.08237748553192692,0.01192756238183926,0.11595220498882385,0.68873131275177,0.5763581842195667,0.7526858413523527,5.520058766705915e-05,0.013493253373313344,0.06096951524237881,2000,0.00044585090038778546,0.0029509356897654613,0.06224473969911595,0.411976792507369,0.3108201996562694,1.0
phrase_signature_1_2_3gram_psalm_shuffle27,Hymn,136,2261,0.05673758865248227,0.036231565500296554,0.0157917673189288,0.016151527511108738,0.28238415718078613,0.18127028747214605,0.3096025745991872,1.0,1.0,1.0,2000,1.0,1.0,1.0,1.0,1.0,1.0
phrase_signature_1_2_3gram_psalm_shuffle27,Lament,1711,5369,0.24166666666666667,0.35399051845364027,0.24275144653776276,0.4285622284596957,0.6898281574249268,0.6207321664601779,0.7511566455949384,0.0,0.0004997501249375312,0.05997001499250375,2000,0.0,0.0,0.0005451819544773067,0.0036083742019672915,0.16774039758363496,1.0
phrase_signature_1_2_3gram_psalm_shuffle27,Praise,820,4469,0.15503875968992248,0.12603089561433733,0.09755039370724518,0.13715166534579498,0.4139101803302765,0.35482037246693837,0.4558417448350824,1.0,0.9945027486256871,1.0,2000,1.0,1.0,0.9980009995002499,1.0,1.0,1.0
phrase_signature_1_2_3gram_psalm_shuffle27,Royal,45,1400,0.031141868512110725,0.039795489632645925,0.006600970597683678,0.062270799888843965,0.5690793395042419,0.35477263262817244,0.6519886959676515,0.05712922662496567,0.15642178910544727,0.6431784107946027,2000,0.11068773276335456,0.7326045113882497,0.2617610113861988,1.0,1.0,1.0
phrase_signature_1_2_3gram_psalm_shuffle27,Thanksgiving,28,1136,0.024054982817869417,0.040074606551133714,0.010159667126414485,0.114444418677193,0.7080923318862915,0.5473727623669072,0.758270271399094,8.283041825052351e-05,0.006496751624187906,0.03498250874562719,2000,0.001536285492655789,0.010168151922545903,0.05022028862869178,0.33239103461680297,0.18726696131488157,1.0
phrase_signature_1_2_3gram_psalm_shuffle27,Trust,15,864,0.017064846416382253,0.014310008839901772,0.006319716555411244,0.11487102726925401,0.4179784059524536,0.3136815799911182,0.45022251665919916,0.8623412251472473,0.8130934532733634,1.0,2000,0.9626190986724343,1.0,0.9485641794487372,1.0,1.0,1.0
phrase_signature_1_2_3gram_psalm_shuffle27,Wisdom,36,1269,0.027586206896551724,0.08804238752013664,0.011523536771809263,0.12086855163604254,0.682799220085144,0.5639641401685861,0.7535304144905022,9.020420839078724e-05,0.013993003498250875,0.07146426786606697,2000,0.0005859892743711289,0.0038784639933608237,0.06224473969911595,0.411976792507369,0.3108201996562694,1.0
phrase_signature_1_2_3gram_shuffle02,Hymn,136,2108,0.06060606060606061,0.04162010092683104,0.02736423333787292,0.027448940952421872,0.3345274329185486,0.27677998952759203,0.3670448074453703,1.0,0.9995002498750625,1.0,2000,1.0,1.0,1.0,1.0,1.0,1.0
phrase_signature_1_2_3gram_shuffle02,Lament,1596,4788,0.25,0.36282655861768964,0.25790640418672145,0.4363661050695447,0.6883547306060791,0.6189179175167441,0.7496631699471216,0.0,0.0004997501249375312,0.06446776611694154,2000,0.0,0.0,0.0005451819544773067,0.0036083742019672915,0.16774039758363496,1.0
phrase_signature_1_2_3gram_shuffle02,Praise,630,3780,0.14285714285714285,0.12399926398236015,0.08772470385526422,0.1334517668224886,0.43337321281433105,0.37356473695527337,0.4831836875891078,0.9999999403953552,0.9665167416291854,1.0,2000,1.0,1.0,0.9980009995002499,1.0,1.0,1.0
phrase_signature_1_2_3gram_shuffle02,Royal,45,1310,0.033210332103321034,0.04621031254271317,0.01168645376922809,0.0704415115904541,0.6022052764892578,0.4674063433821031,0.6827547088570205,0.009792372584342957,0.07796101949025487,0.39480259870064965,2000,0.10390765105302516,0.6877294531992113,0.2617610113861988,1.0,1.0,1.0
phrase_signature_1_2_3gram_shuffle02,Thanksgiving,21,938,0.021897810218978103,0.036842754910097406,0.008232104734808293,0.13489654054419903,0.6813889741897583,0.4501519080646539,0.7605683538465652,0.002214463660493493,0.02498750624687656,0.07896051974012994,2000,0.004880614505964331,0.03230312986047687,0.05094540108586483,0.33719030770810854,0.18726696131488157,1.0
phrase_signature_1_2_3gram_shuffle02,Trust,15,810,0.01818181818181818,0.015684164750875623,0.0064647626002555525,0.11907530931816188,0.4233744740486145,0.2705360556433091,0.4556713899896998,0.845798909664154,0.7961019490254873,1.0,2000,0.9626190986724343,1.0,0.9485641794487372,1.0,1.0,1.0
phrase_signature_1_2_3gram_shuffle02,Wisdom,28,1064,0.02564102564102564,0.07161641662956678,0.008827633139782251,0.1125240838554187,0.6565185189247131,0.4718443835725747,0.7104677269132221,0.0023244107142090797,0.028985507246376812,0.13993003498250875,2000,0.00490579145712469,0.03246976754961009,0.06373776462554064,0.4218586174341865,0.3108201996562694,1.0
phrase_signature_1_2_3gram_shuffle03,Hymn,136,2108,0.06060606060606061,0.04156547981567156,0.027155719205467197,0.027224272737185504,0.3324519991874695,0.28696344417963926,0.36082209940984633,1.0,1.0,1.0,2000,1.0,1.0,1.0,1.0,1.0,1.0
phrase_signature_1_2_3gram_shuffle03,Lament,1596,4788,0.25,0.3714433703352178,0.26494488900032687,0.44641353408852774,0.6908964514732361,0.6229176849211997,0.7502921732966208,0.0,0.0004997501249375312,0.057971014492753624,2000,0.0,0.0,0.0005451819544773067,0.0036083742019672915,0.16774039758363496,1.0
phrase_signature_1_2_3gram_shuffle03,Praise,630,3780,0.14285714285714285,0.12362445143839582,0.08836011921868957,0.13222355916570164,0.43673112988471985,0.3759482436925808,0.4874691113031696,0.9999998211860657,0.9615192403798101,1.0,2000,1.0,1.0,0.9980009995002499,1.0,1.0,1.0
phrase_signature_1_2_3gram_shuffle03,Royal,45,1310,0.033210332103321034,0.046579837805044176,0.011692125856962983,0.0665416951978205,0.5999152064323425,0.445787160377532,0.6819850214264215,0.011247518472373486,0.08445777111444278,0.41529235382308843,2000,0.10390765105302516,0.6877294531992113,0.2617610113861988,1.0,1.0,1.0
phrase_signature_1_2_3gram_shuffle03,Thanksgiving,21,938,0.021897810218978103,0.033916412849558444,0.008189562904572349,0.1310081781720211,0.6686973571777344,0.4377900543155577,0.7384324657552541,0.004063763190060854,0.03248375812093953,0.10094952523738131,2000,0.007232120931464231,0.0478669522721509,0.05392560636677709,0.3569152743250256,0.18726696131488157,1.0
phrase_signature_1_2_3gram_shuffle03,Trust,15,810,0.01818181818181818,0.01636986892125089,0.006368765997364335,0.120480573502311,0.41999998688697815,0.25372119052651415,0.4518365566326861,0.8562027215957642,0.8110944527736131,1.0,2000,0.9626190986724343,1.0,0.9485641794487372,1.0,1.0,1.0
phrase_signature_1_2_3gram_shuffle03,Wisdom,28,1064,0.02564102564102564,0.05545068756867019,0.00922320384510661,0.1022922584379586,0.6406081914901733,0.45313600131891907,0.7089875925557616,0.0055005247704684734,0.04297851074462768,0.1924037981009495,2000,0.009130709677760702,0.06043306638509845,0.06837490345736222,0.45255026449673114,0.3108201996562694,1.0
phrase_signature_1_2_3gram_shuffle07,Hymn,136,2108,0.06060606060606061,0.04209280798539952,0.027589003624420714,0.027703114678351803,0.34097346663475037,0.28128174780802256,0.3693104042296345,1.0,0.9995002498750625,1.0,2000,1.0,1.0,1.0,1.0,1.0,1.0
phrase_signature_1_2_3gram_shuffle07,Lament,1596,4788,0.25,0.3648844387610777,0.2565142317926452,0.4398108170680655,0.6828094124794006,0.6187244286004482,0.7439828458059727,0.0,0.0004997501249375312,0.07796101949025487,2000,0.0,0.0,0.0005451819544773067,0.0036083742019672915,0.16774039758363496,1.0
phrase_signature_1_2_3gram_shuffle07,Praise,630,3780,0.14285714285714285,0.12493992493535441,0.08998200833068262,0.13406931284754375,0.44000545144081116,0.3818299037433331,0.4920405341861389,0.9999992847442627,0.9555222388805598,1.0,2000,1.0,1.0,0.9980009995002499,1.0,1.0,1.0
phrase_signature_1_2_3gram_shuffle07,Royal,45,1310,0.033210332103321034,0.04570494351013138,0.011226033811872344,0.04792015977953167,0.5923154950141907,0.46349628558984896,0.6754604600706396,0.017501452937722206,0.09745127436281859,0.46776611694152925,2000,0.10390765105302516,0.6877294531992113,0.2617610113861988,1.0,1.0,1.0
phrase_signature_1_2_3gram_shuffle07,Thanksgiving,21,938,0.021897810218978103,0.03354566779916475,0.00791792894867522,0.12973072340551814,0.6650421619415283,0.4244628069622758,0.7335444458292554,0.0048075891099870205,0.035982008995502246,0.11894052973513243,2000,0.007910200547485147,0.05235493096116601,0.055356936916157305,0.36638876512283264,0.18726696131488157,1.0
phrase_signature_1_2_3gram_shuffle07,Trust,15,810,0.01818181818181818,0.016007003310444048,0.006041213722456465,0.12130329557236906,0.4202468991279602,0.22964761683882576,0.46848796252984587,0.8554579019546509,0.8035982008995503,1.0,2000,0.9626190986724343,1.0,0.9485641794487372,1.0,1.0,1.0
phrase_signature_1_2_3gram_shuffle07,Wisdom,28,1064,0.02564102564102564,0.06521627825675268,0.00906829403458054,0.10914760040366225,0.6328209042549133,0.4612005319995637,0.6974800887365282,0.00815669260919094,0.05297351324337831,0.23588205897051473,2000,0.011269114789013799,0.07458644357125008,0.07171962608037674,0.4746878476036282,0.31684794545402456,1.0
phrase_signature_1_2_3gram_shuffle09,Hymn,136,2108,0.06060606060606061,0.04195352254832294,0.027372426621890524,0.027486062584677666,0.3388003706932068,0.28437256708299025,0.36732285847761,1.0,0.9995002498750625,1.0,2000,1.0,1.0,1.0,1.0,1.0,1.0
phrase_signature_1_2_3gram_shuffle09,Lament,1596,4788,0.25,0.35843726068918424,0.25272615384418207,0.43250639847436945,0.6794906854629517,0.6136106905782551,0.7399416704912375,0.0,0.0004997501249375312,0.08495752123938032,2000,0.0,0.0,0.0005451819544773067,0.0036083742019672915,0.16774039758363496,1.0
phrase_signature_1_2_3gram_shuffle09,Praise,630,3780,0.14285714285714285,0.12688432649215609,0.09059279692269916,0.13660385995657975,0.44325608015060425,0.38219175981335485,0.4947059311773358,0.9999975562095642,0.9455272363818091,1.0,2000,1.0,1.0,0.9980009995002499,1.0,1.0,1.0
phrase_signature_1_2_3gram_shuffle09,Royal,45,1310,0.033210332103321034,0.04683848958192499,0.010918154120846936,0.06959321178448094,0.6091094017028809,0.4693460720042869,0.6850259783609454,0.006353035569190979,0.07246376811594203,0.3503248375812094,2000,0.10390765105302516,0.6877294531992113,0.2617610113861988,1.0,1.0,1.0
phrase_signature_1_2_3gram_shuffle09,Thanksgiving,21,938,0.021897810218978103,0.033227147082763,0.007741446199999123,0.12991773226377024,0.6643821597099304,0.41520998737065035,0.7354502550985713,0.004954137839376926,0.03398300849575212,0.11744127936031984,2000,0.008002838048224267,0.0529680671170064,0.055028665442559625,0.3642160477266611,0.18726696131488157,1.0
phrase_signature_1_2_3gram_shuffle09,Trust,15,810,0.01818181818181818,0.01583617429577631,0.0058618104098410164,0.13125996804136134,0.41366255283355713,0.21177040043046272,0.464601073297176,0.8744354844093323,0.8290854572713643,1.0,2000,0.9626190986724343,1.0,0.9485641794487372,1.0,1.0,1.0
phrase_signature_1_2_3gram_shuffle09,Wisdom,28,1064,0.02564102564102564,0.057550248642866494,0.009765900376617847,0.10443887537043164,0.6532290577888489,0.5066631921656586,0.711837905417166,0.0027949116192758083,0.030484757621189407,0.14492753623188406,2000,0.005670835169545118,0.03753333205794354,0.06401799100449776,0.42371334066600924,0.3108201996562694,1.0
phrase_signature_1_2_3gram_shuffle05,Hymn,136,2108,0.06060606060606061,0.04171211933069115,0.027483702409828455,0.027522427859533315,0.33560875058174133,0.2916035709858386,0.36000599958508667,1.0,0.9995002498750625,1.0,2000,1.0,1.0,1.0,1.0,1.0,1.0
phrase_signature_1_2_3gram_shuffle05,Lament,1596,4788,0.25,0.3570080249398226,0.25697684023992823,0.4310356329652246,0.6751313209533691,0.6104691652287694,0.7391345990917146,0.0,0.0004997501249375312,0.09545227386306847,2000,0.0,0.0,0.0005451819544773067,0.0036083742019672915,0.16774039758363496,1.0
phrase_signature_1_2_3gram_shuffle05,Praise,630,3780,0.14285714285714285,0.12512742359975532,0.08946703719024228,0.13438515231118583,0.4375474452972412,0.3787553266613992,0.48781865001431657,0.9999997615814209,0.9615192403798101,1.0,2000,1.0,1.0,0.9980009995002499,1.0,1.0,1.0
phrase_signature_1_2_3gram_shuffle05,Royal,45,1310,0.033210332103321034,0.04486940073436575,0.011055658496783185,0.06554605569584039,0.5932315587997437,0.46192117330873367,0.6781817458757041,0.016616906970739365,0.10044977511244378,0.4587706146926537,2000,0.10390765105302516,0.6877294531992113,0.2617610113861988,1.0,1.0,1.0
phrase_signature_1_2_3gram_shuffle05,Thanksgiving,21,938,0.021897810218978103,0.030758692947491804,0.00762870893987567,0.12772214329745252,0.6401665210723877,0.40727877747582036,0.7188334383229538,0.013937803916633129,0.054972513743128434,0.20039980009995004,2000,0.016536377528208798,0.10944866677399172,0.06413459936698318,0.42448513181476333,0.2325080553645829,1.0
phrase_signature_1_2_3gram_shuffle05,Trust,15,810,0.01818181818181818,0.016459998573912664,0.0063268195381445255,0.12864166600796792,0.4465843737125397,0.27061833638468874,0.4855938739840529,0.7612155079841614,0.7091454272863568,1.0,2000,0.9626190986724343,1.0,0.9485641794487372,1.0,1.0,1.0
phrase_signature_1_2_3gram_shuffle05,Wisdom,28,1064,0.02564102564102564,0.05465781936562,0.00879668248591413,0.10748555186524855,0.6372851729393005,0.47690796969297633,0.6985329171679384,0.006521984003484249,0.04997501249375312,0.2108945527236382,2000,0.009782976005226374,0.06475019568387652,0.0704345813670346,0.46618257307295546,0.3108201996562694,1.0
phrase_signature_1_2_3gram_shuffle06,Hymn,136,2108,0.06060606060606061,0.04215278287245885,0.027414124063142552,0.027525172956693177,0.34161877632141113,0.28835403277327387,0.37304308461938684,1.0,0.9995002498750625,1.0,2000,1.0,1.0,1.0,1.0,1.0,1.0
phrase_signature_1_2_3gram_shuffle06,Lament,1596,4788,0.25,0.3603935097472133,0.2570545564960493,0.43109933739355666,0.6856663823127747,0.6157308981867508,0.7467354366143769,0.0,0.0004997501249375312,0.07196401799100449,2000,0.0,0.0,0.0005451819544773067,0.0036083742019672915,0.16774039758363496,1.0
phrase_signature_1_2_3gram_shuffle06,Praise,630,3780,0.14285714285714285,0.12292148100841503,0.08793690311239014,0.13223258989073028,0.43286973237991333,0.3753571371323304,0.4826253896156377,0.9999999403953552,0.9705147426286856,1.0,2000,1.0,1.0,0.9980009995002499,1.0,1.0,1.0
phrase_signature_1_2_3gram_shuffle06,Royal,45,1310,0.033210332103321034,0.04651597502806116,0.012425702742029946,0.06741075735524063,0.6033927202224731,0.47192765996166025,0.685250678776876,0.009104723110795021,0.08095952023988005,0.39080459770114945,2000,0.10390765105302516,0.6877294531992113,0.2617610113861988,1.0,1.0,1.0
phrase_signature_1_2_3gram_shuffle06,Thanksgiving,21,938,0.021897810218978103,0.03275403634687919,0.00860373618732931,0.13001071660563104,0.6606254577636719,0.45732423920122306,0.7271844153949509,0.005866657011210918,0.0399800099950025,0.13193403298350825,2000,0.008768668842379309,0.05803684105203253,0.056296355133691425,0.37260645525943703,0.19042025379063046,1.0
phrase_signature_1_2_3gram_shuffle06,Trust,15,810,0.01818181818181818,0.015788780071733646,0.0059849685773317035,0.12801324752876367,0.4252674877643585,0.22400294738302115,0.47911843808633,0.839749813079834,0.791104447776112,1.0,2000,0.9626190986724343,1.0,0.9485641794487372,1.0,1.0,1.0
phrase_signature_1_2_3gram_shuffle06,Wisdom,28,1064,0.02564102564102564,0.06326983296597785,0.008790447828464092,0.10483928179001713,0.6319817304611206,0.45940800092677686,0.698284856783284,0.008501305244863033,0.0544727636181909,0.2383808095952024,2000,0.011555172177483735,0.07647976027471043,0.07171962608037674,0.4746878476036282,0.31748276804993725,1.0
phrase_signature_1_2_3gram_shuffle08,Hymn,136,2108,0.06060606060606061,0.04215177627067471,0.02732527025775009,0.02748466477842954,0.34183502197265625,0.2944312243821563,0.37022204951725735,1.0,0.9995002498750625,1.0,2000,1.0,1.0,1.0,1.0,1.0,1.0
phrase_signature_1_2_3gram_shuffle08,Lament,1596,4788,0.25,0.3607727603064534,0.2564772501987917,0.43489998251137146,0.683936595916748,0.6182253186099809,0.749633132528901,0.0,0.0004997501249375312,0.07646176911544228,2000,0.0,0.0,0.0005451819544773067,0.0036083742019672915,0.16774039758363496,1.0
phrase_signature_1_2_3gram_shuffle08,Praise,630,3780,0.14285714285714285,0.12375814980428015,0.08852645366122044,0.1323344434286348,0.4362631142139435,0.3748275798484462,0.48647471207893217,0.9999998807907104,0.9635182408795602,1.0,2000,1.0,1.0,0.9980009995002499,1.0,1.0,1.0
phrase_signature_1_2_3gram_shuffle08,Royal,45,1310,0.033210332103321034,0.04878224808471807,0.012156405568271387,0.05772242921416629,0.6035792827606201,0.45366816896126316,0.6867912559376547,0.009000600315630436,0.08595702148925537,0.3893053473263368,2000,0.10390765105302516,0.6877294531992113,0.2617610113861988,1.0,1.0,1.0
phrase_signature_1_2_3gram_shuffle08,Thanksgiving,21,938,0.021897810218978103,0.03410742680080546,0.007975654284403291,0.1315364706019337,0.6670220494270325,0.4286497475864604,0.7407299313377752,0.004390849731862545,0.035982008995502246,0.11694152923538231,2000,0.0075580200302552,0.050023967725182875,0.055356936916157305,0.36638876512283264,0.18726696131488157,1.0
phrase_signature_1_2_3gram_shuffle08,Trust,15,810,0.01818181818181818,0.01571454405900027,0.006275026945840921,0.1195805792022043,0.4228806495666504,0.2528331539283276,0.4564782005979213,0.8473517298698425,0.7976011994002998,1.0,2000,0.9626190986724343,1.0,0.9485641794487372,1.0,1.0,1.0
phrase_signature_1_2_3gram_shuffle08,Wisdom,28,1064,0.02564102564102564,0.06343561422259994,0.008725315803463269,0.10889950500888142,0.6377215385437012,0.4739209588546877,0.6919117569923401,0.006378919817507267,0.04697651174412794,0.20689655172413793,2000,0.009672008387556144,0.0640157387093442,0.06922854362292538,0.45820021883928524,0.3108201996562694,1.0
phrase_signature_1_2_3gram_shuffle04,Hymn,136,2108,0.06060606060606061,0.042471967390321344,0.027388227597339367,0.027505416599165184,0.34602075815200806,0.2949307933461155,0.37447939718372125,1.0,0.9995002498750625,1.0,2000,1.0,1.0,1.0,1.0,1.0,1.0
phrase_signature_1_2_3gram_shuffle04,Lament,1596,4788,0.25,0.36540671887200005,0.25821715121541233,0.440102298015097,0.6873008012771606,0.621849313839594,0.7484352634563336,0.0,0.0004997501249375312,0.06846576711644178,2000,0.0,0.0,0.0005451819544773067,0.0036083742019672915,0.16774039758363496,1.0
phrase_signature_1_2_3gram_shuffle04,Praise,630,3780,0.14285714285714285,0.12403859020842514,0.08860673678009051,0.13308856323964646,0.43741747736930847,0.3787504550115017,0.48787876839529937,0.9999997615814209,0.9620189905047476,1.0,2000,1.0,1.0,0.9980009995002499,1.0,1.0,1.0
phrase_signature_1_2_3gram_shuffle04,Royal,45,1310,0.033210332103321034,0.045950135906831564,0.011191149153303827,0.06794385891973165,0.5927735567092896,0.4554499528505939,0.6713054255627579,0.017054283991456032,0.10094952523738131,0.4577711144427786,2000,0.10390765105302516,0.6877294531992113,0.2617610113861988,1.0,1.0,1.0
phrase_signature_1_2_3gram_shuffle04,Thanksgiving,21,938,0.021897810218978103,0.03400937903659891,0.007953754879534876,0.13039022578599208,0.6701188087463379,0.42620721730562383,0.7414891108790975,0.0038035251200199127,0.031984007996002,0.1024487756121939,2000,0.006902044687163213,0.04568228971163025,0.05392560636677709,0.3569152743250256,0.18726696131488157,1.0
phrase_signature_1_2_3gram_shuffle04,Trust,15,810,0.01818181818181818,0.014192278327222014,0.006174919540141733,0.12682719932503592,0.3715226352214813,0.2399432960247533,0.40378820475889354,0.9561331272125244,0.9375312343828086,1.0,2000,0.9626190986724343,1.0,0.9485641794487372,1.0,1.0,1.0
phrase_signature_1_2_3gram_shuffle04,Wisdom,28,1064,0.02564102564102564,0.05984490204221841,0.008646448029102378,0.10784209761359172,0.6469857692718506,0.4598946694880059,0.7141191000932904,0.003930217120796442,0.037481259370314844,0.17341329335332334,2000,0.007197503000497818,0.047637827944027364,0.0661433988887909,0.4377806936210317,0.3108201996562694,1.0
phrase_signature_1_2_3gram_shuffle10,Hymn,136,2108,0.06060606060606061,0.041690537133850035,0.027102179335570943,0.02718956370704773,0.3350227475166321,0.28397625339795746,0.365097651203149,1.0,0.9995002498750625,1.0,2000,1.0,1.0,1.0,1.0,1.0,1.0
phrase_signature_1_2_3gram_shuffle10,Lament,1596,4788,0.25,0.37039531188890734,0.25819838916853755,0.44868357164402367,0.6874257326126099,0.6189564158344234,0.7498201600275277,0.0,0.0004997501249375312,0.07246376811594203,2000,0.0,0.0,0.0005451819544773067,0.0036083742019672915,0.16774039758363496,1.0
phrase_signature_1_2_3gram_shuffle10,Praise,630,3780,0.14285714285714285,0.12365954235635428,0.0881057762457869,0.1330635275294507,0.43645167350769043,0.37954157665869204,0.4862700765974227,0.9999998211860657,0.9645177411294353,1.0,2000,1.0,1.0,0.9980009995002499,1.0,1.0,1.0
phrase_signature_1_2_3gram_shuffle10,Royal,45,1310,0.033210332103321034,0.04708740050976098,0.010228603906707942,0.060654743967163985,0.6026462912559509,0.4619338668325315,0.6829882289138033,0.009531841613352299,0.07946026986506746,0.3963018490754623,2000,0.10390765105302516,0.6877294531992113,0.2617610113861988,1.0,1.0,1.0
phrase_signature_1_2_3gram_shuffle10,Thanksgiving,21,938,0.021897810218978103,0.03296555092116927,0.008428648979911522,0.13055541175057622,0.6674281358718872,0.4584340465563517,0.7336810347474382,0.004309468436986208,0.03498250874562719,0.11644177911044477,2000,0.0074484639651613465,0.04929885333776203,0.055028665442559625,0.3642160477266611,0.18726696131488157,1.0
phrase_signature_1_2_3gram_shuffle10,Trust,15,810,0.01818181818181818,0.016041848761146962,0.005868704790525319,0.128833412279917,0.42757201194763184,0.2106242041153948,0.4771659042156831,0.8321792483329773,0.784607696151924,1.0,2000,0.9626190986724343,1.0,0.9485641794487372,1.0,1.0,1.0
phrase_signature_1_2_3gram_shuffle10,Wisdom,28,1064,0.02564102564102564,0.057423045753947355,0.009021051151961928,0.1046703327128517,0.6326530575752258,0.47807456652094377,0.6912920783843337,0.008224616758525372,0.053973013493253376,0.223888055972014,2000,0.011325701765838216,0.07496097355277948,0.07171962608037674,0.4746878476036282,0.31240193856560095,1.0
phrase_signature_1_2_3gram_shuffle11,Hymn,136,2108,0.06060606060606061,0.04182333595822481,0.027469951382215474,0.027551965021928235,0.33715397119522095,0.28133801795935026,0.3648394957452322,1.0,0.9995002498750625,1.0,2000,1.0,1.0,1.0,1.0,1.0,1.0
phrase_signature_1_2_3gram_shuffle11,Lament,1596,4788,0.25,0.36579957798971036,0.25477041378759524,0.4384751612375872,0.686741292476654,0.6222570677590211,0.7506263818702396,0.0,0.0004997501249375312,0.0734632683658171,2000,0.0,0.0,0.0005451819544773067,0.0036083742019672915,0.16774039758363496,1.0
phrase_signature_1_2_3gram_shuffle11,Praise,630,3780,0.14285714285714285,0.12575859883434418,0.08848797765855085,0.13515716185454954,0.4406135082244873,0.3792640964826056,0.49102488589490556,0.9999991059303284,0.9540229885057471,1.0,2000,1.0,1.0,0.9980009995002499,1.0,1.0,1.0
phrase_signature_1_2_3gram_shuffle11,Royal,45,1310,0.033210332103321034,0.04621054485576599,0.011785574686781873,0.05960695721476122,0.5937065482139587,0.45735643531832354,0.6749561270790886,0.01617351546883583,0.10444777611194403,0.4622688655672164,2000,0.10390765105302516,0.6877294531992113,0.2617610113861988,1.0,1.0,1.0
phrase_signature_1_2_3gram_shuffle11,Thanksgiving,21,938,0.021897810218978103,0.032754537229403594,0.007809736628516425,0.13028965913391735,0.6560564637184143,0.41101625848043827,0.7239646621906042,0.0071752010844647884,0.04147926036981509,0.13993003498250875,2000,0.010078877777509068,0.06670866902044349,0.05637957720169042,0.3731572738636401,0.19344559695074096,1.0
phrase_signature_1_2_3gram_shuffle11,Trust,15,810,0.01818181818181818,0.014878656396093714,0.006114270769706114,0.11804443887338424,0.3956378698348999,0.2351176383164497,0.42520710097084957,0.9172919988632202,0.8820589705147426,1.0,2000,0.9626190986724343,1.0,0.9485641794487372,1.0,1.0,1.0
phrase_signature_1_2_3gram_shuffle11,Wisdom,28,1064,0.02564102564102564,0.05777402974604865,0.009128341807925149,0.10467470816363826,0.6363117694854736,0.46955268280160944,0.7061204368846122,0.006851389072835445,0.04997501249375312,0.21539230384807595,2000,0.010132335952784814,0.06706249052712596,0.0704345813670346,0.46618257307295546,0.31159677893012255,1.0
phrase_signature_1_2_3gram_shuffle15,Hymn,136,2108,0.06060606060606061,0.04171360104849933,0.027280166569959463,0.027363817500539536,0.335252970457077,0.28101168399194415,0.36667933887750714,1.0,0.9995002498750625,1.0,2000,1.0,1.0,1.0,1.0,1.0,1.0
phrase_signature_1_2_3gram_shuffle15,Lament,1596,4788,0.25,0.37780342268702194,0.2690732531502277,0.4544609756923663,0.6939910650253296,0.627023930452924,0.7545469167027288,0.0,0.0004997501249375312,0.05697151424287856,2000,0.0,0.0,0.0005451819544773067,0.0036083742019672915,0.16774039758363496,1.0
phrase_signature_1_2_3gram_shuffle15,Praise,630,3780,0.14285714285714285,0.12227928611115674,0.08852833590041545,0.13084111172345608,0.4318539500236511,0.37332375400526624,0.48160615365808007,1.0,0.9725137431284357,1.0,2000,1.0,1.0,0.9980009995002499,1.0,1.0,1.0
phrase_signature_1_2_3gram_shuffle15,Royal,45,1310,0.033210332103321034,0.04462421910123539,0.011859118344467139,0.06846362245776438,0.5934011936187744,0.44551763937071476,0.679582384271639,0.016457371413707733,0.10044977511244378,0.45827086456771615,2000,0.10390765105302516,0.6877294531992113,0.2617610113861988,1.0,1.0,1.0
phrase_signature_1_2_3gram_shuffle15,Thanksgiving,21,938,0.021897810218978103,0.03228279150886069,0.008817537976248018,0.12872008629332962,0.6613361835479736,0.4752204124876559,0.7329819524086385,0.005683365743607283,0.037481259370314844,0.12493753123438281,2000,0.008594093261380418,0.05688138457076694,0.055823152253660406,0.36947448610569344,0.18875454359151358,1.0
phrase_signature_1_2_3gram_shuffle15,Trust,15,810,0.01818181818181818,0.01516570257921708,0.0060878926598322836,0.12867376698968702,0.41012346744537354,0.23608039579017823,0.44627381749813505,0.8838844299316406,0.8425787106446777,1.0,2000,0.9626190986724343,1.0,0.9485641794487372,1.0,1.0,1.0
phrase_signature_1_2_3gram_shuffle15,Wisdom,28,1064,0.02564102564102564,0.057771906523540445,0.009559802158498366,0.10196723194165348,0.6403061151504517,0.4975679284300776,0.6922111188793428,0.005587124731391668,0.043478260869565216,0.1984007996001999,2000,0.009130709677760702,0.06043306638509845,0.06864988558352403,0.454370277800355,0.3108201996562694,1.0
phrase_signature_1_2_3gram_shuffle17,Hymn,136,2108,0.06060606060606061,0.04224958358301828,0.027738002088218333,0.02780505591634031,0.34338027238845825,0.2985557425381633,0.3738654737673035,1.0,0.9995002498750625,1.0,2000,1.0,1.0,1.0,1.0,1.0,1.0
phrase_signature_1_2_3gram_shuffle17,Lament,1596,4788,0.25,0.36239597906175214,0.25484187574014494,0.4369029490713355,0.684672474861145,0.6192830725433366,0.7452064247307482,0.0,0.0004997501249375312,0.07396301849075462,2000,0.0,0.0,0.0005451819544773067,0.0036083742019672915,0.16774039758363496,1.0
phrase_signature_1_2_3gram_shuffle17,Praise,630,3780,0.14285714285714285,0.12378511653659298,0.08791728749364418,0.13227931079319716,0.43762534856796265,0.3780356115247484,0.4861609350211471,0.9999997615814209,0.9600199900049975,1.0,2000,1.0,1.0,0.9980009995002499,1.0,1.0,1.0
phrase_signature_1_2_3gram_shuffle17,Royal,45,1310,0.033210332103321034,0.0478954750254786,0.010913587053197822,0.05953732462521979,0.5917896628379822,0.4457953498415941,0.6717673370486724,0.018027184531092644,0.10144927536231885,0.46526736631684157,2000,0.10390765105302516,0.6877294531992113,0.2617610113861988,1.0,1.0,1.0
phrase_signature_1_2_3gram_shuffle17,Thanksgiving,21,938,0.021897810218978103,0.03380338035610496,0.007723743784432646,0.1312055721652974,0.6621991991996765,0.40960432698681704,0.7314296664273,0.005467643495649099,0.037481259370314844,0.12343828085957022,2000,0.008411759224075537,0.05567457750213925,0.055823152253660406,0.36947448610569344,0.18875454359151358,1.0
phrase_signature_1_2_3gram_shuffle17,Trust,15,810,0.01818181818181818,0.016743967337902465,0.006255760745897927,0.12062812144145313,0.4381069839000702,0.24992207682943837,0.48813867568969727,0.794702410697937,0.7451274362818591,1.0,2000,0.9626190986724343,1.0,0.9485641794487372,1.0,1.0,1.0
phrase_signature_1_2_3gram_shuffle17,Wisdom,28,1064,0.02564102564102564,0.05606771230785327,0.00933659179920729,0.10544225457075022,0.6393998265266418,0.4850675257769957,0.6983106838469718,0.005854230839759111,0.047476261869065464,0.2013993003498251,2000,0.009192446453703774,0.06084168113801923,0.06947745639375434,0.45984768793363656,0.3108201996562694,1.0
phrase_signature_1_2_3gram_shuffle14,Hymn,136,2108,0.06060606060606061,0.04277493174638203,0.02773227161110343,0.027848742525505857,0.3510296940803528,0.29644418731623795,0.37808048761509183,1.0,0.9995002498750625,1.0,2000,1.0,1.0,1.0,1.0,1.0,1.0
phrase_signature_1_2_3gram_shuffle14,Lament,1596,4788,0.25,0.371268809624676,0.26396779619111505,0.4476571680493661,0.6885239481925964,0.6240557668993343,0.7501827535430171,0.0,0.0004997501249375312,0.06646676661669165,2000,0.0,0.0,0.0005451819544773067,0.0036083742019672915,0.16774039758363496,1.0
phrase_signature_1_2_3gram_shuffle14,Praise,630,3780,0.14285714285714285,0.12307769366829317,0.08865852230954101,0.13234205688014214,0.4305883049964905,0.37274316400972074,0.4782115620328294,1.0,0.9760119940029985,1.0,2000,1.0,1.0,0.9980009995002499,1.0,1.0,1.0
phrase_signature_1_2_3gram_shuffle14,Royal,45,1310,0.033210332103321034,0.047032358755840206,0.012278345533868,0.054689496176241637,0.5978286862373352,0.42915977516727577,0.6821909090461202,0.01273342128843069,0.08895552223888056,0.4302848575712144,2000,0.10390765105302516,0.6877294531992113,0.2617610113861988,1.0,1.0,1.0
phrase_signature_1_2_3gram_shuffle14,Thanksgiving,21,938,0.021897810218978103,0.03247285546868196,0.007350951512484573,0.12909878607389366,0.6532642841339111,0.3935410435939227,0.7409344365325128,0.008096035569906235,0.041979010494752625,0.14592703648175911,2000,0.010898509421027625,0.07213353250556004,0.056510206435243925,0.3740218643962251,0.19344559695074096,1.0
phrase_signature_1_2_3gram_shuffle14,Trust,15,810,0.01818181818181818,0.01515519074478127,0.006206598396981848,0.12169631965515094,0.4108642041683197,0.2480558292167251,0.4444076121650608,0.881949782371521,0.8295852073963018,1.0,2000,0.9626190986724343,1.0,0.9485641794487372,1.0,1.0,1.0
phrase_signature_1_2_3gram_shuffle14,Wisdom,28,1064,0.02564102564102564,0.05682181396043569,0.009314507569887906,0.10344792040973105,0.6412795186042786,0.48023702411108005,0.7019884788214654,0.005312338937073946,0.041979010494752625,0.19640179910044978,2000,0.00892472941428423,0.0590697529761733,0.06807407107257182,0.4505591571105105,0.3108201996562694,1.0
phrase_signature_1_2_3gram_shuffle12,Hymn,136,2108,0.06060606060606061,0.0416429765647964,0.02734266023575502,0.027398010703352058,0.3341960608959198,0.2878293222343995,0.35956596432063204,1.0,0.9995002498750625,1.0,2000,1.0,1.0,1.0,1.0,1.0,1.0
phrase_signature_1_2_3gram_shuffle12,Lament,1596,4788,0.25,0.36638981808564647,0.2560346455976874,0.43885089438508673,0.68546462059021,0.6194161773326773,0.7472478979491224,0.0,0.0004997501249375312,0.06846576711644178,2000,0.0,0.0,0.0005451819544773067,0.0036083742019672915,0.16774039758363496,1.0
phrase_signature_1_2_3gram_shuffle12,Praise,630,3780,0.14285714285714285,0.12294936106408201,0.0878508054265437,0.1312965990932602,0.43439993262290955,0.37604136348927475,0.4844913445038207,0.9999999403953552,0.9665167416291854,1.0,2000,1.0,1.0,0.9980009995002499,1.0,1.0,1.0
phrase_signature_1_2_3gram_shuffle12,Royal,45,1310,0.033210332103321034,0.045367993251313875,0.011043899639092244,0.06792024167199999,0.5996437668800354,0.4441238337212266,0.6812771783773448,0.011431854218244553,0.08595702148925537,0.41529235382308843,2000,0.10390765105302516,0.6877294531992113,0.2617610113861988,1.0,1.0,1.0
phrase_signature_1_2_3gram_shuffle12,Thanksgiving,21,938,0.021897810218978103,0.03599818286790521,0.007752040636753297,0.13247740273773015,0.6773276329040527,0.41121820286229355,0.74776758999937,0.0027000154368579388,0.028985507246376812,0.08895552223888056,2000,0.005452423822134733,0.036087741526305075,0.05392560636677709,0.3569152743250256,0.18726696131488157,1.0
phrase_signature_1_2_3gram_shuffle12,Trust,15,810,0.01818181818181818,0.016437249121250705,0.006326185171968925,0.1290474240279023,0.4327571988105774,0.2592608658320441,0.4728944308143368,0.8143185377120972,0.7576211894052973,1.0,2000,0.9626190986724343,1.0,0.9485641794487372,1.0,1.0,1.0
phrase_signature_1_2_3gram_shuffle12,Wisdom,28,1064,0.02564102564102564,0.0681798561814529,0.009470568953600907,0.1106591584870017,0.6484290957450867,0.4912103526090474,0.709836836712892,0.0036361569073051214,0.037481259370314844,0.16741629185407297,2000,0.006879215770577257,0.0455311928659054,0.0661433988887909,0.4377806936210317,0.3108201996562694,1.0
phrase_signature_1_2_3gram_shuffle16,Hymn,136,2108,0.06060606060606061,0.042184178609738145,0.027724867760552396,0.027824206697740928,0.34210360050201416,0.28306529787969564,0.37143286464031955,1.0,0.9995002498750625,1.0,2000,1.0,1.0,1.0,1.0,1.0,1.0
phrase_signature_1_2_3gram_shuffle16,Lament,1596,4788,0.25,0.3725910200352771,0.26580579563763135,0.44934601206206265,0.6932901740074158,0.6276749634753525,0.754548665742063,0.0,0.0004997501249375312,0.05647176411794103,2000,0.0,0.0,0.0005451819544773067,0.0036083742019672915,0.16774039758363496,1.0
phrase_signature_1_2_3gram_shuffle16,Praise,630,3780,0.14285714285714285,0.12273044031153615,0.08807899856979308,0.13084115557241802,0.4336182475090027,0.3727946542731428,0.48176136544740333,0.9999999403953552,0.9695152423788106,1.0,2000,1.0,1.0,0.9980009995002499,1.0,1.0,1.0
phrase_signature_1_2_3gram_shuffle16,Royal,45,1310,0.033210332103321034,0.04375143358542487,0.01025905223400785,0.0654642222647731,0.5864630937576294,0.4386622549445312,0.6626906846698188,0.02415374293923378,0.1199400299850075,0.5242378810594702,2000,0.10390765105302516,0.6877294531992113,0.2617610113861988,1.0,1.0,1.0
phrase_signature_1_2_3gram_shuffle16,Thanksgiving,21,938,0.021897810218978103,0.03695773505367506,0.008631266399465081,0.13438940949276268,0.690933108329773,0.46184254890972465,0.7529363857986254,0.0013693508226424456,0.01899050474762619,0.05997001499250375,2000,0.0034438763204181263,0.022793847755428736,0.05022028862869178,0.33239103461680297,0.18726696131488157,1.0
phrase_signature_1_2_3gram_shuffle16,Trust,15,810,0.01818181818181818,0.015338342844784048,0.006052941420667478,0.12093229538806193,0.38781893253326416,0.23996738875438411,0.43529412150382996,0.9320147037506104,0.8995502248875562,1.0,2000,0.9626190986724343,1.0,0.9485641794487372,1.0,1.0,1.0
phrase_signature_1_2_3gram_shuffle16,Wisdom,28,1064,0.02564102564102564,0.062101581831668196,0.008772808379349744,0.10550580748761867,0.650745153427124,0.4729621529560246,0.7114623331912425,0.003205376910045743,0.03398300849575212,0.15942028985507245,2000,0.0063078860903895174,0.04174975574775245,0.06517289300555201,0.4313572447831218,0.3108201996562694,1.0
phrase_signature_1_2_3gram_shuffle13,Hymn,136,2108,0.06060606060606061,0.04242832017875357,0.027609811516903362,0.027723506188960096,0.3463451564311981,0.298170900274072,0.3741843100863587,1.0,0.9995002498750625,1.0,2000,1.0,1.0,1.0,1.0,1.0,1.0
phrase_signature_1_2_3gram_shuffle13,Lament,1596,4788,0.25,0.36766341942801317,0.257374231177882,0.4445177893985217,0.6898277997970581,0.6205916680627066,0.752098962016353,0.0,0.0004997501249375312,0.06446776611694154,2000,0.0,0.0,0.0005451819544773067,0.0036083742019672915,0.16774039758363496,1.0
phrase_signature_1_2_3gram_shuffle13,Praise,630,3780,0.14285714285714285,0.12348621670100812,0.08638704478908986,0.132643743747279,0.4337066411972046,0.37644326995223226,0.48247536394932045,0.9999999403953552,0.9690154922538731,1.0,2000,1.0,1.0,0.9980009995002499,1.0,1.0,1.0
phrase_signature_1_2_3gram_shuffle13,Royal,45,1310,0.033210332103321034,0.04703920753200554,0.010832754224480075,0.054613294113257084,0.6026293635368347,0.45168193229085996,0.6805346897998384,0.009541748091578484,0.0814592703648176,0.39280359820089955,2000,0.10390765105302516,0.6877294531992113,0.2617610113861988,1.0,1.0,1.0
phrase_signature_1_2_3gram_shuffle13,Thanksgiving,21,938,0.021897810218978103,0.032497804940352266,0.0075598515337681185,0.12966661220582262,0.6565641164779663,0.3947621839721583,0.7232519400379858,0.0070180827751755714,0.038980509745127435,0.1344327836081959,2000,0.00994658408065637,0.0658330619705663,0.056296355133691425,0.37260645525943703,0.19204683372599415,1.0
phrase_signature_1_2_3gram_shuffle13,Trust,15,810,0.01818181818181818,0.0157360081945653,0.0062513701932963624,0.1295526771967648,0.42724278569221497,0.2642202624391152,0.46042891613677717,0.8332746624946594,0.7791104447776112,1.0,2000,0.9626190986724343,1.0,0.9485641794487372,1.0,1.0,1.0
phrase_signature_1_2_3gram_shuffle13,Wisdom,28,1064,0.02564102564102564,0.05201234895016821,0.008146439102505888,0.101937283634685,0.6254363656044006,0.4358462476496714,0.6941013375354995,0.011656232178211212,0.06196901549225387,0.25787106446776614,2000,0.014657537469606912,0.09701326251784452,0.07746126936531735,0.5126898345295193,0.32622243095319814,1.0
phrase_signature_1_2_3gram_shuffle18,Hymn,136,2108,0.06060606060606061,0.04246670353672255,0.027751337297803276,0.027857204376888028,0.3452115058898926,0.2913640742086306,0.3785911808784326,1.0,0.9995002498750625,1.0,2000,1.0,1.0,1.0,1.0,1.0,1.0
phrase_signature_1_2_3gram_shuffle18,Lament,1596,4788,0.25,0.36540751530334126,0.2614198865253409,0.4421061211009659,0.6881278157234192,0.6210963368388461,0.7493796090389893,0.0,0.0004997501249375312,0.06746626686656672,2000,0.0,0.0,0.0005451819544773067,0.0036083742019672915,0.16774039758363496,1.0
phrase_signature_1_2_3gram_shuffle18,Praise,630,3780,0.14285714285714285,0.12361629182409772,0.0874334779521646,0.13388430242164653,0.43479087948799133,0.3756082654498806,0.4849562198247073,0.9999999403953552,0.9675162418790605,1.0,2000,1.0,1.0,0.9980009995002499,1.0,1.0,1.0
phrase_signature_1_2_3gram_shuffle18,Royal,45,1310,0.033210332103321034,0.04575630605328271,0.011794145936428066,0.06585967243052243,0.595080554485321,0.43681866853003976,0.6749715079489561,0.014947474002838135,0.09345327336331834,0.45077461269365315,2000,0.10390765105302516,0.6877294531992113,0.2617610113861988,1.0,1.0,1.0
phrase_signature_1_2_3gram_shuffle18,Thanksgiving,21,938,0.021897810218978103,0.034670485870253814,0.008674595774906913,0.13131726393619755,0.6772769093513489,0.47277594731090555,0.7484766149370382,0.0027066499460488558,0.030484757621189407,0.0879560219890055,2000,0.005452423822134733,0.036087741526305075,0.05392560636677709,0.3569152743250256,0.18726696131488157,1.0
phrase_signature_1_2_3gram_shuffle18,Trust,15,810,0.01818181818181818,0.01494502429814114,0.0061002303601788025,0.1285617342581719,0.3986831307411194,0.23193071630496578,0.4311092156736412,0.9109495878219604,0.8685657171414293,1.0,2000,0.9626190986724343,1.0,0.9485641794487372,1.0,1.0,1.0
phrase_signature_1_2_3gram_shuffle18,Wisdom,28,1064,0.02564102564102564,0.05487212157938213,0.009083772651761858,0.10183265033944451,0.6468514800071716,0.47874336340402024,0.7130676558125505,0.0039586266502738,0.033483258370814596,0.1664167916041979,2000,0.007197503000497818,0.047637827944027364,0.06510633572102838,0.43091672472104764,0.3108201996562694,1.0
phrase_signature_1_2_3gram_shuffle20,Hymn,136,2108,0.06060606060606061,0.04255226864657351,0.02766268718644135,0.02779353951457257,0.3472520709037781,0.2878073008747728,0.3768353375522735,1.0,0.9995002498750625,1.0,2000,1.0,1.0,1.0,1.0,1.0,1.0
phrase_signature_1_2_3gram_shuffle20,Lament,1596,4788,0.25,0.35914729802666345,0.25342875699677175,0.4335337105639639,0.6799566745758057,0.6087447957807212,0.740986140445694,0.0,0.0004997501249375312,0.08495752123938032,2000,0.0,0.0,0.0005451819544773067,0.0036083742019672915,0.16774039758363496,1.0
phrase_signature_1_2_3gram_shuffle20,Praise,630,3780,0.14285714285714285,0.1230232641166854,0.08828052172666426,0.13089840907996791,0.4333299696445465,0.37397487905229193,0.48334874409863243,0.9999999403953552,0.9695152423788106,1.0,2000,1.0,1.0,0.9980009995002499,1.0,1.0,1.0
phrase_signature_1_2_3gram_shuffle20,Royal,45,1310,0.033210332103321034,0.045552555475126905,0.011096077527480677,0.05392237500298227,0.5892281532287598,0.4465242262670255,0.6779207430829876,0.020784560590982437,0.10844577711144428,0.4867566216891554,2000,0.10390765105302516,0.6877294531992113,0.2617610113861988,1.0,1.0,1.0
phrase_signature_1_2_3gram_shuffle20,Thanksgiving,21,938,0.021897810218978103,0.03682748686770854,0.008657394021400448,0.13298151162055719,0.6859071850776672,0.4704228357089006,0.7644982449219205,0.001768352696672082,0.02148925537231384,0.0734632683658171,2000,0.004170448116063239,0.02760277971246035,0.05094540108586483,0.33719030770810854,0.18726696131488157,1.0
phrase_signature_1_2_3gram_shuffle20,Trust,15,810,0.01818181818181818,0.01605849542822064,0.006101311718851643,0.1287728539083186,0.43069958686828613,0.23598518970235632,0.47266841822765243,0.8215427398681641,0.7716141929035483,1.0,2000,0.9626190986724343,1.0,0.9485641794487372,1.0,1.0,1.0
phrase_signature_1_2_3gram_shuffle20,Wisdom,28,1064,0.02564102564102564,0.06327078793365522,0.008491557939745922,0.10853840593710992,0.6500067114830017,0.45952437241069943,0.7025264278104064,0.003337459173053503,0.03398300849575212,0.1619190404797601,2000,0.006459598399458393,0.04275388799693863,0.06517289300555201,0.4313572447831218,0.3108201996562694,1.0
phrase_signature_1_2_3gram_shuffle19,Hymn,136,2108,0.06060606060606061,0.04242411244610325,0.027702504721885887,0.02781593882813436,0.34599635004997253,0.2910129086412801,0.37486822610040377,1.0,0.9995002498750625,1.0,2000,1.0,1.0,1.0,1.0,1.0,1.0
phrase_signature_1_2_3gram_shuffle19,Lament,1596,4788,0.25,0.3570719135401474,0.251606703937202,0.4306044387454426,0.681756854057312,0.613032779715719,0.744004395657657,0.0,0.0004997501249375312,0.07796101949025487,2000,0.0,0.0,0.0005451819544773067,0.0036083742019672915,0.16774039758363496,1.0
phrase_signature_1_2_3gram_shuffle19,Praise,630,3780,0.14285714285714285,0.12560257800010083,0.09006095079462899,0.13540244801485465,0.4386245608329773,0.377867767430423,0.4858455212140148,0.9999995827674866,0.9575212393803099,1.0,2000,1.0,1.0,0.9980009995002499,1.0,1.0,1.0
phrase_signature_1_2_3gram_shuffle19,Royal,45,1310,0.033210332103321034,0.04538286904182743,0.011372235493729045,0.05260041507333894,0.5888379812240601,0.46326785939301723,0.6731262583891423,0.02123440057039261,0.10644677661169415,0.5047476261869065,2000,0.10390765105302516,0.6877294531992113,0.2617610113861988,1.0,1.0,1.0
phrase_signature_1_2_3gram_shuffle19,Thanksgiving,21,938,0.021897810218978103,0.03654888325131472,0.009145309065438756,0.13433184177630536,0.7010864019393921,0.5059982234903204,0.7638028390697292,0.0008025988354347646,0.01699150424787606,0.050974512743628186,2000,0.002613112487462024,0.017295304089139714,0.05022028862869178,0.33239103461680297,0.18726696131488157,1.0
phrase_signature_1_2_3gram_shuffle19,Trust,15,810,0.01818181818181818,0.01582026750835563,0.006105381621788364,0.1295230830661874,0.4130041301250458,0.23365927849234253,0.45339475504215854,0.876232922077179,0.8320839580209896,1.0,2000,0.9626190986724343,1.0,0.9485641794487372,1.0,1.0,1.0
phrase_signature_1_2_3gram_shuffle19,Wisdom,28,1064,0.02564102564102564,0.06027995678895508,0.009182766172035502,0.09942082871947047,0.6385607123374939,0.47804305758593196,0.7000588895802892,0.006111590191721916,0.050474762618690654,0.20739630184907545,2000,0.009368130950814615,0.062004477158419696,0.07066466766616691,0.4677054361449938,0.3108201996562694,1.0
phrase_signature_1_2_3gram_shuffle25,Hymn,136,2108,0.06060606060606061,0.04293511280670301,0.028073943018099127,0.028174095544942414,0.3510890007019043,0.30345096900467383,0.38378425508247527,1.0,0.9995002498750625,1.0,2000,1.0,1.0,1.0,1.0,1.0,1.0
phrase_signature_1_2_3gram_shuffle25,Lament,1596,4788,0.25,0.368624923695957,0.25872487593610427,0.4434191654581641,0.6866849064826965,0.6220692638486757,0.7488136703402791,0.0,0.0004997501249375312,0.07296351824087956,2000,0.0,0.0,0.0005451819544773067,0.0036083742019672915,0.16774039758363496,1.0
phrase_signature_1_2_3gram_shuffle25,Praise,630,3780,0.14285714285714285,0.1220093662845047,0.08818896293699306,0.13039934781210913,0.4298225939273834,0.37373577594983787,0.47837270207464483,1.0,0.9770114942528736,1.0,2000,1.0,1.0,0.9980009995002499,1.0,1.0,1.0
phrase_signature_1_2_3gram_shuffle25,Royal,45,1310,0.033210332103321034,0.045512159955217964,0.010838349968834824,0.06899923827726406,0.5975063443183899,0.4626036258924034,0.6817500876626892,0.012977469712495804,0.09095452273863068,0.43278360819590206,2000,0.10390765105302516,0.6877294531992113,0.2617610113861988,1.0,1.0,1.0
phrase_signature_1_2_3gram_shuffle25,Thanksgiving,21,938,0.021897810218978103,0.03192899797158304,0.008444069770741882,0.12912782949273807,0.6668697595596313,0.4601521460287224,0.7206651648419382,0.0044217221438884735,0.035982008995502246,0.11394302848575712,2000,0.007580095103808812,0.05017007513989683,0.055356936916157305,0.36638876512283264,0.18726696131488157,1.0
phrase_signature_1_2_3gram_shuffle25,Trust,15,810,0.01818181818181818,0.015691624002819034,0.006124329153936005,0.11969912638360128,0.4241975247859955,0.23998432394975416,0.47271959323944196,0.843187689781189,0.8000999500249875,1.0,2000,0.9626190986724343,1.0,0.9485641794487372,1.0,1.0,1.0
phrase_signature_1_2_3gram_shuffle25,Wisdom,28,1064,0.02564102564102564,0.06320945259303917,0.00922951910254248,0.10283740751561471,0.6401382684707642,0.47894686348733784,0.6943704153022937,0.005635756999254227,0.04597701149425287,0.20189905047476261,2000,0.009174488138320834,0.06072282114750337,0.06922854362292538,0.45820021883928524,0.3108201996562694,1.0
phrase_signature_1_2_3gram_shuffle23,Hymn,136,2108,0.06060606060606061,0.04192902930421323,0.027373231491189115,0.027482306655242986,0.3377155661582947,0.28973120866334834,0.37080153515628017,1.0,0.9995002498750625,1.0,2000,1.0,1.0,1.0,1.0,1.0,1.0
phrase_signature_1_2_3gram_shuffle23,Lament,1596,4788,0.25,0.3660200488620801,0.2593071427670935,0.44079959793999546,0.6892763376235962,0.6219716308207391,0.7488354105180189,0.0,0.0004997501249375312,0.06496751624187906,2000,0.0,0.0,0.0005451819544773067,0.0036083742019672915,0.16774039758363496,1.0
phrase_signature_1_2_3gram_shuffle23,Praise,630,3780,0.14285714285714285,0.12217810851389711,0.08789910338916682,0.1316096203612269,0.4303036034107208,0.37394167332263706,0.47843663229057376,1.0,0.9740129935032483,1.0,2000,1.0,1.0,0.9980009995002499,1.0,1.0,1.0
phrase_signature_1_2_3gram_shuffle23,Royal,45,1310,0.033210332103321034,0.044274160024269496,0.011659251525977046,0.06827024017795343,0.5947073698043823,0.4609532543415666,0.6710689344933677,0.015272300690412521,0.09195402298850575,0.4482758620689655,2000,0.10390765105302516,0.6877294531992113,0.2617610113861988,1.0,1.0,1.0
phrase_signature_1_2_3gram_shuffle23,Thanksgiving,21,938,0.021897810218978103,0.03597945693512151,0.008380681717055744,0.13222440433474208,0.6858056783676147,0.4500229837251937,0.7704365436651202,0.0017774052685126662,0.02348825587206397,0.07246376811594203,2000,0.004170448116063239,0.02760277971246035,0.05094540108586483,0.33719030770810854,0.18726696131488157,1.0
phrase_signature_1_2_3gram_shuffle23,Trust,15,810,0.01818181818181818,0.016162194729275377,0.005970600597092131,0.12144628931336174,0.42806583642959595,0.2222595179532293,0.4776884196398967,0.8305274844169617,0.7791104447776112,1.0,2000,0.9626190986724343,1.0,0.9485641794487372,1.0,1.0,1.0
phrase_signature_1_2_3gram_shuffle23,Wisdom,28,1064,0.02564102564102564,0.055617293355468764,0.009398298118785876,0.10671990646697664,0.6507787108421326,0.48252107297098906,0.7105765773509629,0.003199486993253231,0.029985007496251874,0.15742128935532235,2000,0.0063078860903895174,0.04174975574775245,0.06401799100449776,0.42371334066600924,0.3108201996562694,1.0
phrase_signature_1_2_3gram_shuffle22,Hymn,136,2108,0.06060606060606061,0.04221094422155011,0.027945704656207635,0.028025144611210393,0.34296518564224243,0.29622107734692665,0.3717131427817748,1.0,0.9995002498750625,1.0,2000,1.0,1.0,1.0,1.0,1.0,1.0
phrase_signature_1_2_3gram_shuffle22,Lament,1596,4788,0.25,0.37148513681465606,0.26336974782680506,0.4488352373228842,0.6923944354057312,0.6298459940965286,0.7553262451097452,0.0,0.0004997501249375312,0.062468765617191405,2000,0.0,0.0,0.0005451819544773067,0.0036083742019672915,0.16774039758363496,1.0
phrase_signature_1_2_3gram_shuffle22,Praise,630,3780,0.14285714285714285,0.12306241070596938,0.08737532082828806,0.13255042905470152,0.4333471953868866,0.37715059962314185,0.4816166250558849,0.9999999403953552,0.9725137431284357,1.0,2000,1.0,1.0,0.9980009995002499,1.0,1.0,1.0
phrase_signature_1_2_3gram_shuffle22,Royal,45,1310,0.033210332103321034,0.047935205196255735,0.011198900576174703,0.05849429287257516,0.5946734547615051,0.44271462981741827,0.6739792907763557,0.015302126295864582,0.09695152423788106,0.44377811094452774,2000,0.10390765105302516,0.6877294531992113,0.2617610113861988,1.0,1.0,1.0
phrase_signature_1_2_3gram_shuffle22,Thanksgiving,21,938,0.021897810218978103,0.03302491604734123,0.008362881921117542,0.12941754540295747,0.6604731678962708,0.443948112961681,0.724970552368962,0.005906606558710337,0.038980509745127435,0.12893553223388307,2000,0.008785750814958622,0.05814990082715478,0.056296355133691425,0.37260645525943703,0.19042025379063046,1.0
phrase_signature_1_2_3gram_shuffle22,Trust,15,810,0.01818181818181818,0.01689260038629707,0.005994410792050067,0.1196177392630664,0.41999998688697815,0.22145914026339822,0.4651582708304621,0.8562027215957642,0.8065967016491754,1.0,2000,0.9626190986724343,1.0,0.9485641794487372,1.0,1.0,1.0
phrase_signature_1_2_3gram_shuffle22,Wisdom,28,1064,0.02564102564102564,0.05901193921120723,0.009366652772400268,0.10542849539254819,0.6424543261528015,0.47529672990426514,0.6955007917089048,0.004996757488697767,0.04147926036981509,0.18640679660169915,2000,0.008531049370947407,0.05646411847095953,0.06807407107257182,0.4505591571105105,0.3108201996562694,1.0
phrase_signature_1_2_3gram_shuffle21,Hymn,136,2108,0.06060606060606061,0.04127692884084629,0.027150865550593,0.027212724005330285,0.3292882740497589,0.2794272153658425,0.35236399586746964,1.0,1.0,1.0,2000,1.0,1.0,1.0,1.0,1.0,1.0
phrase_signature_1_2_3gram_shuffle21,Lament,1596,4788,0.25,0.3726828709274075,0.2614150192162458,0.45073126965296045,0.6897693276405334,0.6248890422101658,0.7499357185228669,0.0,0.0004997501249375312,0.06746626686656672,2000,0.0,0.0,0.0005451819544773067,0.0036083742019672915,0.16774039758363496,1.0
phrase_signature_1_2_3gram_shuffle21,Praise,630,3780,0.14285714285714285,0.12262799780373188,0.08839804912586,0.1320934495109454,0.43308934569358826,0.3717431778984552,0.4806441589463615,0.9999999403953552,0.9695152423788106,1.0,2000,1.0,1.0,0.9980009995002499,1.0,1.0,1.0
phrase_signature_1_2_3gram_shuffle21,Royal,45,1310,0.033210332103321034,0.04632843355585564,0.011394916945816623,0.05961686599693883,0.5935708284378052,0.45571154870222047,0.6721507461550577,0.01629914715886116,0.10044977511244378,0.4617691154422789,2000,0.10390765105302516,0.6877294531992113,0.2617610113861988,1.0,1.0,1.0
phrase_signature_1_2_3gram_shuffle21,Thanksgiving,21,938,0.021897810218978103,0.032038618589376816,0.007383279096075278,0.12886713804436445,0.6481876373291016,0.374860792158762,0.7261343765469961,0.01003874558955431,0.04397801099450275,0.16941529235382308,2000,0.012815419901558694,0.08482091195497825,0.05772113943028486,0.382036618633287,0.2056608583316411,1.0
phrase_signature_1_2_3gram_shuffle21,Trust,15,810,0.01818181818181818,0.015958585409411023,0.006138054898861557,0.12635112283270283,0.43802469968795776,0.24822623978092315,0.48557056083320493,0.7950132489204407,0.7386306846576711,1.0,2000,0.9626190986724343,1.0,0.9485641794487372,1.0,1.0,1.0
phrase_signature_1_2_3gram_shuffle21,Wisdom,28,1064,0.02564102564102564,0.0627027350014627,0.009512627865880066,0.1102188974256705,0.6613184809684753,0.48233062409590266,0.723362623300585,0.001765829510986805,0.02348825587206397,0.12143928035982009,2000,0.003946500810536932,0.026120548554174918,0.0627403689459618,0.4152571941666163,0.3108201996562694,1.0
phrase_signature_1_2_3gram_shuffle24,Hymn,136,2108,0.06060606060606061,0.04110700878949459,0.027113408760829124,0.02717423706678923,0.32490023970603943,0.2653207958475385,0.35501307977361446,1.0,1.0,1.0,2000,1.0,1.0,1.0,1.0,1.0,1.0
phrase_signature_1_2_3gram_shuffle24,Lament,1596,4788,0.25,0.36882360123037616,0.2596446908017406,0.4469643547384493,0.6862383484840393,0.6219982711427927,0.7507441361103491,0.0,0.0004997501249375312,0.06796601699150424,2000,0.0,0.0,0.0005451819544773067,0.0036083742019672915,0.16774039758363496,1.0
phrase_signature_1_2_3gram_shuffle24,Praise,630,3780,0.14285714285714285,0.12278304226368805,0.087169937323313,0.13190583943471038,0.4361358880996704,0.37758043209267395,0.48630637298216167,0.9999998807907104,0.9650174912543729,1.0,2000,1.0,1.0,0.9980009995002499,1.0,1.0,1.0
phrase_signature_1_2_3gram_shuffle24,Royal,45,1310,0.033210332103321034,0.046864170570778685,0.011668615384986225,0.05439340863782482,0.5966072678565979,0.4467109904797627,0.682760695193399,0.013679740019142628,0.09195402298850575,0.4312843578210895,2000,0.10390765105302516,0.6877294531992113,0.2617610113861988,1.0,1.0,1.0
phrase_signature_1_2_3gram_shuffle24,Thanksgiving,21,938,0.021897810218978103,0.03133427095002537,0.00863414178702665,0.12879877290186253,0.6553457379341125,0.46300295158743576,0.7194170961977313,0.007400377653539181,0.0399800099950025,0.14442778610694654,2000,0.010257949222727577,0.06789388210009316,0.056296355133691425,0.37260645525943703,0.19344559695074096,1.0
phrase_signature_1_2_3gram_shuffle24,Trust,15,810,0.01818181818181818,0.01499755343697215,0.005914594607429755,0.11931752443805288,0.3875720202922821,0.21256264567181563,0.42351627553991883,0.9324443340301514,0.9010494752623688,1.0,2000,0.9626190986724343,1.0,0.9485641794487372,1.0,1.0,1.0
phrase_signature_1_2_3gram_shuffle24,Wisdom,28,1064,0.02564102564102564,0.05367177023459889,0.009021880155713912,0.10138387794619708,0.6393327116966248,0.47280015703702943,0.7004972922967354,0.005874458234757185,0.04547726136931534,0.2028985507246377,2000,0.009192446453703774,0.06084168113801923,0.06922854362292538,0.45820021883928524,0.3108201996562694,1.0
phrase_signature_1_2_3gram_shuffle26,Hymn,136,2108,0.06060606060606061,0.04199827483914405,0.027611692914688638,0.027655738804069276,0.33924683928489685,0.2869830416383782,0.3678861550220523,1.0,0.9995002498750625,1.0,2000,1.0,1.0,1.0,1.0,1.0,1.0
phrase_signature_1_2_3gram_shuffle26,Lament,1596,4788,0.25,0.3613081858783686,0.255857772104809,0.43651674344819946,0.6814042329788208,0.6175108235130677,0.7429171401656915,0.0,0.0004997501249375312,0.08095952023988005,2000,0.0,0.0,0.0005451819544773067,0.0036083742019672915,0.16774039758363496,1.0
phrase_signature_1_2_3gram_shuffle26,Praise,630,3780,0.14285714285714285,0.12246849026530598,0.08677103342310316,0.13129455204747384,0.4338424801826477,0.3727342896640295,0.48352214452584047,0.9999999403953552,0.9695152423788106,1.0,2000,1.0,1.0,0.9980009995002499,1.0,1.0,1.0
phrase_signature_1_2_3gram_shuffle26,Royal,45,1310,0.033210332103321034,0.04708079789635361,0.011877538845762325,0.06066671952939024,0.6038337349891663,0.47175671732332747,0.6827659822655155,0.008860297501087189,0.079960019990005,0.39030484757621187,2000,0.10390765105302516,0.6877294531992113,0.2617610113861988,1.0,1.0,1.0
phrase_signature_1_2_3gram_shuffle26,Thanksgiving,21,938,0.021897810218978103,0.033183402418027565,0.008449133912561503,0.12996216752480133,0.6630622148513794,0.4554352273840473,0.7310674084737981,0.005259232595562935,0.0399800099950025,0.12043978010994502,2000,0.008291921191168635,0.054881410261726174,0.056296355133691425,0.37260645525943703,0.1873507690599145,1.0
phrase_signature_1_2_3gram_shuffle26,Trust,15,810,0.01818181818181818,0.015947434012722604,0.006234090552749129,0.12734361929631904,0.4313580393791199,0.2540682473363718,0.47800611858003417,0.8192505240440369,0.7671164417791104,1.0,2000,0.9626190986724343,1.0,0.9485641794487372,1.0,1.0,1.0
phrase_signature_1_2_3gram_shuffle26,Wisdom,28,1064,0.02564102564102564,0.05941649675637063,0.00883993032932317,0.10781247875193715,0.6433941721916199,0.4792202449926776,0.70617308034802,0.004756430629640818,0.0384807596201899,0.18640679660169915,2000,0.008289215205183168,0.054863500259495435,0.06678478942347008,0.4420258397409932,0.3108201996562694,1.0
phrase_signature_1_2_3gram_shuffle27,Hymn,136,2108,0.06060606060606061,0.043273265626863885,0.028884049095244585,0.028925946957590428,0.35773733258247375,0.29599128923082013,0.38637031539980404,1.0,0.9995002498750625,1.0,2000,1.0,1.0,1.0,1.0,1.0,1.0
phrase_signature_1_2_3gram_shuffle27,Lament,1596,4788,0.25,0.37055610186044097,0.2650301706405322,0.4488481747133774,0.6916856169700623,0.62303761810701,0.7495239049580064,0.0,0.0004997501249375312,0.057971014492753624,2000,0.0,0.0,0.0005451819544773067,0.0036083742019672915,0.16774039758363496,1.0
phrase_signature_1_2_3gram_shuffle27,Praise,630,3780,0.14285714285714285,0.12083353391832295,0.08652385204532956,0.12961524594179794,0.42613399028778076,0.3665014078315158,0.4731783479401936,1.0,0.9825087456271864,1.0,2000,1.0,1.0,0.9980009995002499,1.0,1.0,1.0
phrase_signature_1_2_3gram_shuffle27,Royal,45,1310,0.033210332103321034,0.04620192866046882,0.01212208388249446,0.0574096098979982,0.5940627455711365,0.45415602524379345,0.6728991604170148,0.01584765687584877,0.09795102448775612,0.4497751124437781,2000,0.10390765105302516,0.6877294531992113,0.2617610113861988,1.0,1.0,1.0
phrase_signature_1_2_3gram_shuffle27,Thanksgiving,21,938,0.021897810218978103,0.03334553300730217,0.008297760294905436,0.12978350203604722,0.6713879704475403,0.44654481887667447,0.7305449903681673,0.0035839031916111708,0.031984007996002,0.09895052473763119,2000,0.006631010310470007,0.04388840522100418,0.05392560636677709,0.3569152743250256,0.18726696131488157,1.0
phrase_signature_1_2_3gram_shuffle27,Trust,15,810,0.01818181818181818,0.015424028619471303,0.006346939977597968,0.12819560680306566,0.40485596656799316,0.2512683671614725,0.43603394118604977,0.8969951868057251,0.8525737131434283,1.0,2000,0.9626190986724343,1.0,0.9485641794487372,1.0,1.0,1.0
phrase_signature_1_2_3gram_shuffle27,Wisdom,28,1064,0.02564102564102564,0.06422087512905945,0.008440158718412336,0.10803628963354342,0.639869749546051,0.45296391578747486,0.6966774690794085,0.005714348051697016,0.04997501249375312,0.19640179910044978,2000,0.009187782686132896,0.06081081324437652,0.0704345813670346,0.46618257307295546,0.3108201996562694,1.0
phrase_signature_1_2_3gram_shuffle28,Hymn,136,2108,0.06060606060606061,0.042229715931346806,0.02762922464897111,0.027751131381056938,0.3433070182800293,0.2848498861486018,0.37315479852334,1.0,0.9995002498750625,1.0,2000,1.0,1.0,1.0,1.0,1.0,1.0
phrase_signature_1_2_3gram_shuffle28,Lament,1596,4788,0.25,0.36825746438861706,0.2627499817524408,0.44722618296144434,0.692143976688385,0.6265191467033215,0.7519850347519065,0.0,0.0004997501249375312,0.06296851574212893,2000,0.0,0.0,0.0005451819544773067,0.0036083742019672915,0.16774039758363496,1.0
phrase_signature_1_2_3gram_shuffle28,Praise,630,3780,0.14285714285714285,0.1239552031514878,0.08961555355602324,0.1343187733829453,0.43728163838386536,0.37670161102842936,0.4882099807335846,0.9999997615814209,0.9600199900049975,1.0,2000,1.0,1.0,0.9980009995002499,1.0,1.0,1.0
phrase_signature_1_2_3gram_shuffle28,Royal,45,1310,0.033210332103321034,0.04484392724445226,0.011136760513004874,0.05873796859926552,0.5823409557342529,0.4386388144821344,0.6661375964631874,0.03001982346177101,0.12193903048475763,0.5462268865567217,2000,0.10390765105302516,0.6877294531992113,0.2617610113861988,1.0,1.0,1.0
phrase_signature_1_2_3gram_shuffle28,Thanksgiving,21,938,0.021897810218978103,0.03390559794528271,0.009290094590847661,0.13136211144592852,0.6764138340950012,0.5076077053846979,0.7347234909536339,0.002821718342602253,0.029985007496251874,0.08995502248875563,2000,0.005590196716476162,0.03699961352351489,0.05392560636677709,0.3569152743250256,0.18726696131488157,1.0
phrase_signature_1_2_3gram_shuffle28,Trust,15,810,0.01818181818181818,0.015498642643162015,0.006179505735232312,0.12482039549395481,0.41588476300239563,0.24404027701399345,0.4495243734084181,0.868235170841217,0.8180909545227386,1.0,2000,0.9626190986724343,1.0,0.9485641794487372,1.0,1.0,1.0
phrase_signature_1_2_3gram_shuffle28,Wisdom,28,1064,0.02564102564102564,0.0606675210899837,0.008993670529937655,0.10600123118596796,0.6431928277015686,0.48159168852691236,0.7028241782660443,0.004807043354958296,0.041979010494752625,0.1874062968515742,2000,0.008310326642249939,0.05500322969157327,0.06807407107257182,0.4505591571105105,0.3108201996562694,1.0
phrase_signature_1_2_3gram_shuffle29,Hymn,136,2108,0.06060606060606061,0.04237461530463684,0.027349591388418262,0.02746579805891043,0.34507548809051514,0.2871781634898602,0.3816756486077671,1.0,0.9995002498750625,1.0,2000,1.0,1.0,1.0,1.0,1.0,1.0
phrase_signature_1_2_3gram_shuffle29,Lament,1596,4788,0.25,0.37061903367094023,0.2642466268725605,0.44635757889990185,0.6963472366333008,0.627175373412533,0.7571016760644785,0.0,0.0004997501249375312,0.053973013493253376,2000,0.0,0.0,0.0005451819544773067,0.0036083742019672915,0.16774039758363496,1.0
phrase_signature_1_2_3gram_shuffle29,Praise,630,3780,0.14285714285714285,0.12029808020078989,0.08638831972429414,0.12900831258669604,0.42583563923835754,0.3659292365682527,0.4732697903375545,1.0,0.984007996001999,1.0,2000,1.0,1.0,0.9980009995002499,1.0,1.0,1.0
phrase_signature_1_2_3gram_shuffle29,Royal,45,1310,0.033210332103321034,0.04550211051848575,0.011242570524358722,0.06950589860263048,0.598863422870636,0.4655363205810858,0.6772023815320884,0.01197652705013752,0.08895552223888056,0.4192903548225887,2000,0.10390765105302516,0.6877294531992113,0.2617610113861988,1.0,1.0,1.0
phrase_signature_1_2_3gram_shuffle29,Thanksgiving,21,938,0.021897810218978103,0.03613837374366238,0.007858765704229328,0.13466236043965515,0.6719464063644409,0.4243791342101861,0.7515115736389271,0.0034909287933260202,0.030484757621189407,0.09845077461269365,2000,0.006487566784057206,0.04293900123597424,0.05392560636677709,0.3569152743250256,0.18726696131488157,1.0
phrase_signature_1_2_3gram_shuffle29,Trust,15,810,0.01818181818181818,0.015452661002414256,0.006002214925804596,0.11960543990367922,0.4170370399951935,0.22468157980408063,0.46867412827009886,0.8649383783340454,0.8160919540229885,1.0,2000,0.9626190986724343,1.0,0.9485641794487372,1.0,1.0,1.0
phrase_signature_1_2_3gram_shuffle29,Wisdom,28,1064,0.02564102564102564,0.06576312699082452,0.00878825720394599,0.10159262092476272,0.6285579800605774,0.4638990805760778,0.7036831557985179,0.01004316471517086,0.05847076461769116,0.248375812093953,2000,0.012978859016528498,0.08590265994976436,0.07441733678615238,0.49254307856853535,0.31901480452434333,1.0
phrase_signature_1_2gram,Hymn,136,2108,0.06060606060606061,0.04355583380488093,0.02759877085182269,0.027850657600907852,0.35963836312294006,0.310281200221201,0.39580373059109347,1.0,0.9995002498750625,1.0,2000,1.0,1.0,1.0,1.0,1.0,1.0
phrase_signature_1_2gram,Lament,1596,4788,0.25,0.4021388397068897,0.2860068349190272,0.483002858549938,0.705697774887085,0.6439685768206954,0.7658369482061265,0.0,0.0004997501249375312,0.04047976011994003,2000,0.0,0.0,0.0005451819544773067,0.0036083742019672915,0.16774039758363496,1.0
phrase_signature_1_2gram,Praise,630,3780,0.14285714285714285,0.1258839519987376,0.08780717107823084,0.1348360441190853,0.4392714500427246,0.3813236349470334,0.48985767179775824,0.999999463558197,0.960519740129935,1.0,2000,1.0,1.0,0.9980009995002499,1.0,1.0,1.0
phrase_signature_1_2gram,Royal,45,1310,0.033210332103321034,0.04388886855449898,0.011345474830431385,0.06848293490178654,0.5875318050384521,0.41687713565163,0.6734250240133701,0.022800767794251442,0.11044477761119441,0.4962518740629685,2000,0.10390765105302516,0.6877294531992113,0.2617610113861988,1.0,1.0,1.0
phrase_signature_1_2gram,Thanksgiving,21,938,0.021897810218978103,0.033366725989256885,0.008117323772467416,0.1257266915087555,0.6498121619224548,0.4316481164770324,0.7303798572633342,0.009376930072903633,0.047476261869065464,0.14792603698150925,2000,0.012207409642912724,0.08079669854546984,0.05916922844215874,0.3916210280028299,0.193548085770199,1.0
phrase_signature_1_2gram,Trust,15,810,0.01818181818181818,0.015327281313053161,0.005948414741699727,0.12903222445746398,0.413168728351593,0.21910001586203903,0.4474848138186398,0.875785231590271,0.8360819590204898,1.0,2000,0.9626190986724343,1.0,0.9485641794487372,1.0,1.0,1.0
phrase_signature_1_2gram,Wisdom,28,1064,0.02564102564102564,0.04547329996596039,0.00796465257058615,0.09751362917638459,0.6239930391311646,0.423285778893344,0.695720493085881,0.012475152499973774,0.063968015992004,0.26186906546726635,2000,0.01550166878694966,0.10260028102342313,0.0785572126217593,0.5199435107396144,0.3292103948025987,1.0
phrase_signature_1_2_3gram_shuffle30,Hymn,136,2108,0.06060606060606061,0.04191263199599367,0.02754673156750218,0.02765705620439457,0.33667612075805664,0.2773507795610796,0.36689024994401326,1.0,0.9995002498750625,1.0,2000,1.0,1.0,1.0,1.0,1.0,1.0
phrase_signature_1_2_3gram_shuffle30,Lament,1596,4788,0.25,0.3656474504912049,0.2532182605494107,0.44056939312936133,0.6853805780410767,0.619566011636731,0.7492155725510289,0.0,0.0004997501249375312,0.07546226886556721,2000,0.0,0.0,0.0005451819544773067,0.0036083742019672915,0.16774039758363496,1.0
phrase_signature_1_2_3gram_shuffle30,Praise,630,3780,0.14285714285714285,0.1226299563246011,0.08726999911413097,0.13179328773688584,0.43386369943618774,0.37507865761445297,0.48364367547698095,0.9999999403953552,0.9685157421289355,1.0,2000,1.0,1.0,0.9980009995002499,1.0,1.0,1.0
phrase_signature_1_2_3gram_shuffle30,Royal,45,1310,0.033210332103321034,0.04652675882951718,0.011657525538620869,0.05982892396453574,0.5989482402801514,0.451808594992154,0.6828884594327006,0.011916249990463257,0.08695652173913043,0.41529235382308843,2000,0.10390765105302516,0.6877294531992113,0.2617610113861988,1.0,1.0,1.0
phrase_signature_1_2_3gram_shuffle30,Thanksgiving,21,938,0.021897810218978103,0.034136824247493334,0.008500893616291723,0.1313418314844821,0.6722509860992432,0.4633369135290041,0.7419598680258541,0.003441134002059698,0.034482758620689655,0.10044977511244378,2000,0.006452126253861934,0.04270443240292607,0.055028665442559625,0.3642160477266611,0.18726696131488157,1.0
phrase_signature_1_2_3gram_shuffle30,Trust,15,810,0.01818181818181818,0.015225132655126417,0.006168830065640553,0.12915660893960162,0.4068312644958496,0.24166627295978949,0.4386438094024425,0.8922107219696045,0.8465767116441779,1.0,2000,0.9626190986724343,1.0,0.9485641794487372,1.0,1.0,1.0
phrase_signature_1_2_3gram_shuffle30,Wisdom,28,1064,0.02564102564102564,0.06576335352093979,0.009009703841010084,0.11021401800909277,0.6517521739006042,0.49010197551024726,0.7153807946016156,0.0030328447464853525,0.034482758620689655,0.16041979010494753,2000,0.0060369421494021235,0.039956469820349366,0.0654218345372768,0.4330049042360749,0.3108201996562694,1.0
phrase_signature_1_2gram_psalm_shuffle01,Hymn,136,2261,0.05673758865248227,0.037759773023863935,0.01693696458955575,0.017286963346075133,0.31388700008392334,0.25042699717348704,0.3333697520983872,1.0,1.0,1.0,2000,1.0,1.0,1.0,1.0,1.0,1.0
phrase_signature_1_2gram_psalm_shuffle01,Lament,1711,5369,0.24166666666666667,0.3744536031505848,0.2567408318031912,0.45048420935131417,0.6940446496009827,0.6288740983534125,0.7522636450360259,0.0,0.0004997501249375312,0.044977511244377814,2000,0.0,0.0,0.0005451819544773067,0.0036083742019672915,0.16774039758363496,1.0
phrase_signature_1_2gram_psalm_shuffle01,Praise,820,4469,0.15503875968992248,0.1332428746561738,0.10284479939664204,0.14363094125122539,0.4290909171104431,0.37118110119133657,0.4714708183896405,1.0,0.9865067466266867,1.0,2000,1.0,1.0,0.9980009995002499,1.0,1.0,1.0
phrase_signature_1_2gram_psalm_shuffle01,Royal,45,1400,0.031141868512110725,0.04234592563052173,0.006956654707332179,0.04536566678415128,0.5741428732872009,0.3788504687498332,0.6522604372717203,0.04502664878964424,0.13143428285857073,0.5787106446776612,2000,0.10390765105302516,0.6877294531992113,0.2617610113861988,1.0,1.0,1.0
phrase_signature_1_2gram_psalm_shuffle01,Thanksgiving,28,1136,0.024054982817869417,0.03866597461280819,0.010113975766710031,0.10904127015026525,0.6926873922348022,0.5311644606175071,0.7543760143414306,0.00024378341913688928,0.011494252873563218,0.04597701149425287,2000,0.0015582103768120642,0.010313265284646222,0.05022028862869178,0.33239103461680297,0.18726696131488157,1.0
phrase_signature_1_2gram_psalm_shuffle01,Trust,15,864,0.017064846416382253,0.014792181578474183,0.0062818130570741785,0.1139070659623349,0.41952160000801086,0.3083926067832399,0.46015432230608166,0.8577765226364136,0.809095452273863,1.0,2000,0.9626190986724343,1.0,0.9485641794487372,1.0,1.0,1.0
phrase_signature_1_2gram_psalm_shuffle01,Wisdom,36,1269,0.027586206896551724,0.05277833273580436,0.009859451693180804,0.09945871364573955,0.6464407444000244,0.4816005851819111,0.7215694217307124,0.0013496106257662177,0.03298350824587706,0.1584207896051974,2000,0.003131693164761389,0.02072761347179307,0.06510633572102838,0.43091672472104764,0.3108201996562694,1.0
phrase_signature_1_2gram_psalm,Hymn,136,2261,0.05673758865248227,0.03894943833119719,0.01693919395267396,0.01729694367570971,0.3313669264316559,0.23057687914671895,0.3576277750692836,1.0,1.0,1.0,2000,1.0,1.0,1.0,1.0,1.0,1.0
phrase_signature_1_2gram_psalm,Lament,1711,5369,0.24166666666666667,0.38989510861597737,0.27662206370654574,0.47132003467059796,0.7089880704879761,0.6448993297010552,0.7655072593396993,0.0,0.0004997501249375312,0.030984507746126936,2000,0.0,0.0,0.0005451819544773067,0.0036083742019672915,0.16774039758363496,1.0
phrase_signature_1_2gram_psalm,Praise,820,4469,0.15503875968992248,0.13156334502392766,0.10245170517841862,0.1431322967974904,0.4238530695438385,0.3708287815131667,0.4650121189207521,1.0,0.992503748125937,1.0,2000,1.0,1.0,0.9980009995002499,1.0,1.0,1.0
phrase_signature_1_2gram_psalm,Royal,45,1400,0.031141868512110725,0.040135241135115345,0.00634002430496775,0.05843875570632027,0.5646825432777405,0.344953008772288,0.6517274203837846,0.06959638744592667,0.15942028985507245,0.6611694152923538,2000,0.11645610648322391,0.7707834179847428,0.2617610113861988,1.0,1.0,1.0
phrase_signature_1_2gram_psalm,Thanksgiving,28,1136,0.024054982817869417,0.035464458189634215,0.009212781910426364,0.10317659876398852,0.6550238728523254,0.4841709919950885,0.7290059952711463,0.0025099078193306923,0.034482758620689655,0.13193403298350825,2000,0.005167457275092601,0.034201644731783734,0.055028665442559625,0.3642160477266611,0.19042025379063046,1.0
phrase_signature_1_2gram_psalm,Trust,15,864,0.017064846416382253,0.015948593247992603,0.006037731877989373,0.11818751710747148,0.4696759283542633,0.28193582586063376,0.5173906956115684,0.6567603349685669,0.600199900049975,1.0,2000,0.9626190986724343,1.0,0.9485641794487372,1.0,1.0,1.0
phrase_signature_1_2gram_psalm,Wisdom,36,1269,0.027586206896551724,0.053703220123098416,0.009567734642134316,0.1038745489558064,0.6420190930366516,0.4954470862939922,0.7277280266054799,0.0018101922469213605,0.03948025987006497,0.16941529235382308,2000,0.004022649437603024,0.02662455045512549,0.06768044549153994,0.44795388307279665,0.3108201996562694,1.0
phrase_signature_1_2gram_psalm_shuffle02,Hymn,136,2261,0.05673758865248227,0.037658848143233975,0.016682549068739293,0.017035444768339136,0.31167885661125183,0.25434225713801906,0.331067824139078,1.0,1.0,1.0,2000,1.0,1.0,1.0,1.0,1.0,1.0
phrase_signature_1_2gram_psalm_shuffle02,Lament,1711,5369,0.24166666666666667,0.3622963468268774,0.24909628755501684,0.4353851499649446,0.6932218670845032,0.6266836442705027,0.7499902283059023,0.0,0.0004997501249375312,0.049475262368815595,2000,0.0,0.0,0.0005451819544773067,0.0036083742019672915,0.16774039758363496,1.0
phrase_signature_1_2gram_psalm_shuffle02,Praise,820,4469,0.15503875968992248,0.13211241282643693,0.10352732886160078,0.1435773754682569,0.4296339452266693,0.3711166029421738,0.4679448976373838,1.0,0.984007996001999,1.0,2000,1.0,1.0,0.9980009995002499,1.0,1.0,1.0
phrase_signature_1_2gram_psalm_shuffle02,Royal,45,1400,0.031141868512110725,0.04284683223122158,0.006547987073647219,0.05520133057230828,0.578761875629425,0.3624589034966725,0.6601121167776612,0.035872526466846466,0.1199400299850075,0.5237381309345327,2000,0.10390765105302516,0.6877294531992113,0.2617610113861988,1.0,1.0,1.0
phrase_signature_1_2gram_psalm_shuffle02,Thanksgiving,28,1136,0.024054982817869417,0.03950730086280722,0.009288295684650437,0.10908091030995988,0.6908010840415955,0.5123135463932628,0.7586108578047912,0.00027683304506354034,0.011494252873563218,0.05297351324337831,2000,0.0015666987979784607,0.010369447261508652,0.05022028862869178,0.33239103461680297,0.18726696131488157,1.0
phrase_signature_1_2gram_psalm_shuffle02,Trust,15,864,0.017064846416382253,0.01465954125560093,0.005966987523194045,0.11649135660620608,0.4249228537082672,0.27589215792786315,0.4662786272579385,0.8410008549690247,0.784607696151924,1.0,2000,0.9626190986724343,1.0,0.9485641794487372,1.0,1.0,1.0
phrase_signature_1_2gram_psalm_shuffle02,Wisdom,36,1269,0.027586206896551724,0.06133263216696573,0.010111406838733678,0.1065902228351647,0.6702565550804138,0.49961113706507004,0.7445765946429252,0.00024332021712325513,0.01649175412293853,0.0864567716141929,2000,0.001075731486229128,0.007119901367378607,0.06224473969911595,0.411976792507369,0.3108201996562694,1.0
phrase_signature_1_2gram_psalm_shuffle04,Hymn,136,2261,0.05673758865248227,0.037683437574750345,0.016521940601569498,0.0168775525204857,0.31256017088890076,0.23776298934880968,0.3313223144034016,1.0,1.0,1.0,2000,1.0,1.0,1.0,1.0,1.0,1.0
phrase_signature_1_2gram_psalm_shuffle04,Lament,1711,5369,0.24166666666666667,0.37490133213589694,0.259856918971515,0.44983405259506876,0.6952879428863525,0.6303389042491657,0.7545886062370243,0.0,0.0004997501249375312,0.04247876061969016,2000,0.0,0.0,0.0005451819544773067,0.0036083742019672915,0.16774039758363496,1.0
phrase_signature_1_2gram_psalm_shuffle04,Praise,820,4469,0.15503875968992248,0.13178109639051405,0.10334575783169082,0.14302081017582696,0.42944812774658203,0.37140063569407233,0.4688409905384751,1.0,0.9855072463768116,1.0,2000,1.0,1.0,0.9980009995002499,1.0,1.0,1.0
phrase_signature_1_2gram_psalm_shuffle04,Royal,45,1400,0.031141868512110725,0.0400872309881001,0.006522617037790675,0.04958136824571724,0.5713333487510681,0.35943957087322687,0.6516519898195544,0.05145823583006859,0.14442778610694654,0.6031984007996002,2000,0.1095177222043276,0.7248606088570848,0.2617610113861988,1.0,1.0,1.0
phrase_signature_1_2gram_psalm_shuffle04,Thanksgiving,28,1136,0.024054982817869417,0.03826873846716376,0.009240533408007835,0.11190272187050337,0.6852049827575684,0.5225429970690697,0.745973929688715,0.0004010647826362401,0.013493253373313344,0.05547226386806597,2000,0.001773128512707588,0.011735735435632461,0.05022028862869178,0.33239103461680297,0.18726696131488157,1.0
phrase_signature_1_2gram_psalm_shuffle04,Trust,15,864,0.017064846416382253,0.014533850699707883,0.006257744018099924,0.11666046550435932,0.4202932119369507,0.30612348835032666,0.460577293701931,0.8554562330245972,0.8060969515242379,1.0,2000,0.9626190986724343,1.0,0.9485641794487372,1.0,1.0,1.0
phrase_signature_1_2gram_psalm_shuffle04,Wisdom,36,1269,0.027586206896551724,0.05717854237515423,0.010019475181097179,0.10738201916817457,0.6612380743026733,0.508217964879086,0.7380736169889528,0.0004778844304382801,0.022988505747126436,0.11044477761119441,2000,0.0016082616755738854,0.010644537832726553,0.0627403689459618,0.4152571941666163,0.3108201996562694,1.0
phrase_signature_1_2gram_psalm_shuffle03,Hymn,136,2261,0.05673758865248227,0.0375269524601308,0.016904278868088114,0.017252922748861893,0.3086674213409424,0.22818150376229362,0.3321903404755278,1.0,1.0,1.0,2000,1.0,1.0,1.0,1.0,1.0,1.0
phrase_signature_1_2gram_psalm_shuffle03,Lament,1711,5369,0.24166666666666667,0.3647849404610866,0.24970551456997375,0.4388506404434982,0.6862738132476807,0.6195037885403136,0.7450119792843075,0.0,0.0004997501249375312,0.05347326336831584,2000,0.0,0.0,0.0005451819544773067,0.0036083742019672915,0.16774039758363496,1.0
phrase_signature_1_2gram_psalm_shuffle03,Praise,820,4469,0.15503875968992248,0.1326662116977491,0.10299418267741074,0.1459111420024909,0.43331828713417053,0.3739065150170918,0.47515068725220766,1.0,0.9780109945027486,1.0,2000,1.0,1.0,0.9980009995002499,1.0,1.0,1.0
phrase_signature_1_2gram_psalm_shuffle03,Royal,45,1400,0.031141868512110725,0.04292545192084245,0.006237781179947248,0.05344385164253827,0.575682520866394,0.3648664277004694,0.6675532395904213,0.04178638011217117,0.1294352823588206,0.5637181409295352,2000,0.10390765105302516,0.6877294531992113,0.2617610113861988,1.0,1.0,1.0
phrase_signature_1_2gram_psalm_shuffle03,Thanksgiving,28,1136,0.024054982817869417,0.03967275377729245,0.010097012718975566,0.11211913221325669,0.6958626508712769,0.5384677568484781,0.7579431887184928,0.00019632832845672965,0.00849575212393803,0.04147926036981509,2000,0.001536285492655789,0.010168151922545903,0.05022028862869178,0.33239103461680297,0.18726696131488157,1.0
phrase_signature_1_2gram_psalm_shuffle03,Trust,15,864,0.017064846416382253,0.016539419822709966,0.006321373506788269,0.12093246612089283,0.4727623462677002,0.3174856999932961,0.5283342173983315,0.6415507793426514,0.5812093953023488,1.0,2000,0.9626190986724343,1.0,0.9485641794487372,1.0,1.0,1.0
phrase_signature_1_2gram_psalm_shuffle03,Wisdom,36,1269,0.027586206896551724,0.05368965752311814,0.009651103066908731,0.1053966297691241,0.6579108834266663,0.4900691955425812,0.7407721058121244,0.000608075235504657,0.025987006496751622,0.11594202898550725,2000,0.0018112879355457869,0.011988299695693734,0.0627403689459618,0.4152571941666163,0.3108201996562694,1.0
phrase_signature_1_2gram_psalm_shuffle06,Hymn,136,2261,0.05673758865248227,0.03786360720304282,0.01681758942984806,0.017169427496890672,0.3160008490085602,0.2536400046547697,0.3354565277336221,1.0,1.0,1.0,2000,1.0,1.0,1.0,1.0,1.0,1.0
phrase_signature_1_2gram_psalm_shuffle06,Lament,1711,5369,0.24166666666666667,0.36990164569812184,0.25566601878943035,0.44324724832817414,0.6958429217338562,0.6301145255925017,0.7535776045261718,0.0,0.0004997501249375312,0.041979010494752625,2000,0.0,0.0,0.0005451819544773067,0.0036083742019672915,0.16774039758363496,1.0
phrase_signature_1_2gram_psalm_shuffle06,Praise,820,4469,0.15503875968992248,0.13208408264222918,0.10283021457653467,0.14384920761753534,0.4290527105331421,0.36730229721081115,0.4702013920906754,1.0,0.9855072463768116,1.0,2000,1.0,1.0,0.9980009995002499,1.0,1.0,1.0
phrase_signature_1_2gram_psalm_shuffle06,Royal,45,1400,0.031141868512110725,0.04382804083431444,0.006196163280503416,0.0561915604045938,0.5826031565666199,0.3559583263385363,0.6670946102156781,0.02947511337697506,0.111944027986007,0.5007496251874063,2000,0.10390765105302516,0.6877294531992113,0.2617610113861988,1.0,1.0,1.0
phrase_signature_1_2gram_psalm_shuffle06,Thanksgiving,28,1136,0.024054982817869417,0.03556062341444477,0.010335146771463043,0.10174634139810385,0.6622233390808105,0.49653576475981603,0.7261547643103131,0.0016619712114334106,0.026486756621689155,0.10294852573713144,2000,0.004034843403479957,0.026705258173949715,0.05174157107492765,0.34245988647043063,0.18726696131488157,1.0
phrase_signature_1_2gram_psalm_shuffle06,Trust,15,864,0.017064846416382253,0.016216766735509366,0.0057068823173295445,0.12001029798156632,0.45077160000801086,0.23937220712784144,0.5166051731218815,0.7437497973442078,0.6816591704147926,1.0,2000,0.9626190986724343,1.0,0.9485641794487372,1.0,1.0,1.0
phrase_signature_1_2gram_psalm_shuffle06,Wisdom,36,1269,0.027586206896551724,0.0621389990237894,0.010227011859501653,0.10392376377544278,0.6481481194496155,0.5018489227478586,0.729620140412721,0.0012024955358356237,0.033483258370814596,0.15092453773113443,2000,0.0029193533239939996,0.019322208180619253,0.06510633572102838,0.43091672472104764,0.3108201996562694,1.0
phrase_signature_1_2gram_psalm_shuffle05,Hymn,136,2261,0.05673758865248227,0.03743638534368138,0.0163885818908327,0.016745152873237752,0.30794546008110046,0.2286179756731097,0.3219392362646343,1.0,1.0,1.0,2000,1.0,1.0,1.0,1.0,1.0,1.0
phrase_signature_1_2gram_psalm_shuffle05,Lament,1711,5369,0.24166666666666667,0.3595493736095752,0.252206055883154,0.43104121294227016,0.6816768050193787,0.615235725882696,0.7407165090441462,0.0,0.0004997501249375312,0.06296851574212893,2000,0.0,0.0,0.0005451819544773067,0.0036083742019672915,0.16774039758363496,1.0
phrase_signature_1_2gram_psalm_shuffle05,Praise,820,4469,0.15503875968992248,0.13433549250297458,0.1032135331962204,0.14550150114842347,0.43319398164749146,0.37298204709052984,0.4727138175045368,1.0,0.9770114942528736,1.0,2000,1.0,1.0,0.9980009995002499,1.0,1.0,1.0
phrase_signature_1_2gram_psalm_shuffle05,Royal,45,1400,0.031141868512110725,0.041449309291344785,0.006101280495931131,0.058382602874378506,0.5771428346633911,0.3387003051122142,0.6645054479980569,0.03889019414782524,0.12143928035982009,0.5497251374312844,2000,0.10390765105302516,0.6877294531992113,0.2617610113861988,1.0,1.0,1.0
phrase_signature_1_2gram_psalm_shuffle05,Thanksgiving,28,1136,0.024054982817869417,0.03563387493050445,0.00823138352992941,0.10816405959056485,0.6592995524406433,0.4508029062160318,0.7305229598999595,0.00196858705021441,0.027486256871564217,0.11594202898550725,2000,0.00447730571534988,0.029633765947148026,0.05247376311844078,0.3473060169393518,0.18726696131488157,1.0
phrase_signature_1_2gram_psalm_shuffle05,Trust,15,864,0.017064846416382253,0.01645335989261744,0.006397482769613057,0.11898930204761088,0.4760802388191223,0.32436638375424554,0.5257315622277009,0.6249468922615051,0.5687156421789106,1.0,2000,0.9626190986724343,1.0,0.9485641794487372,1.0,1.0,1.0
phrase_signature_1_2gram_psalm_shuffle05,Wisdom,36,1269,0.027586206896551724,0.05503489715874468,0.009640040398229355,0.105062354456332,0.648432731628418,0.49434801137596035,0.7309173773439642,0.0011794550810009241,0.033483258370814596,0.14792603698150925,2000,0.002880064732676675,0.01906217033788289,0.06510633572102838,0.43091672472104764,0.3108201996562694,1.0
phrase_signature_1_2gram_psalm_shuffle07,Hymn,136,2261,0.05673758865248227,0.037185258424524664,0.01624894891381942,0.016603485552803176,0.30296003818511963,0.2320305787933708,0.3278262226890206,1.0,1.0,1.0,2000,1.0,1.0,1.0,1.0,1.0,1.0
phrase_signature_1_2gram_psalm_shuffle07,Lament,1711,5369,0.24166666666666667,0.3646829246657445,0.25117504946192376,0.4386549371214925,0.6876320838928223,0.6212765306009889,0.7459739995711075,0.0,0.0004997501249375312,0.051974012993503245,2000,0.0,0.0,0.0005451819544773067,0.0036083742019672915,0.16774039758363496,1.0
phrase_signature_1_2gram_psalm_shuffle07,Praise,820,4469,0.15503875968992248,0.13447154518541132,0.10408089770776846,0.14539929745253694,0.4376382827758789,0.37516506585908155,0.4790342399079072,1.0,0.9710144927536232,1.0,2000,1.0,1.0,0.9980009995002499,1.0,1.0,1.0
phrase_signature_1_2gram_psalm_shuffle07,Royal,45,1400,0.031141868512110725,0.03979095122448423,0.006383317829238241,0.05870439784342265,0.5653492212295532,0.344247618535496,0.6404408123343203,0.06758163124322891,0.15942028985507245,0.6506746626686657,2000,0.11632903738588583,0.7699423907846742,0.2617610113861988,1.0,1.0,1.0
phrase_signature_1_2gram_psalm_shuffle07,Thanksgiving,28,1136,0.024054982817869417,0.03991623294266635,0.00942585081095333,0.11475549775645465,0.6966171860694885,0.5290768973891922,0.7588243673812229,0.00018639831978362054,0.00849575212393803,0.04247876061969016,2000,0.001536285492655789,0.010168151922545903,0.05022028862869178,0.33239103461680297,0.18726696131488157,1.0
phrase_signature_1_2gram_psalm_shuffle07,Trust,15,864,0.017064846416382253,0.01593334140689579,0.0059126060699534405,0.11902742803701989,0.45570987462997437,0.2707105195426494,0.5106305553367194,0.7221701741218567,0.6611694152923538,1.0,2000,0.9626190986724343,1.0,0.9485641794487372,1.0,1.0,1.0
phrase_signature_1_2gram_psalm_shuffle07,Wisdom,36,1269,0.027586206896551724,0.059619485233839295,0.009590547109535118,0.10293373917159847,0.6559845805168152,0.48617678297560524,0.734785311782234,0.0006977037410251796,0.026986506746626688,0.12343828085957022,2000,0.0019535704748705027,0.01293001950148212,0.0627403689459618,0.4152571941666163,0.3108201996562694,1.0
phrase_signature_1_2gram_psalm_shuffle08,Hymn,136,2261,0.05673758865248227,0.03780458661891708,0.016431111701924725,0.016790884007520327,0.3148496150970459,0.24725540757384118,0.3349718796703815,1.0,1.0,1.0,2000,1.0,1.0,1.0,1.0,1.0,1.0
phrase_signature_1_2gram_psalm_shuffle08,Lament,1711,5369,0.24166666666666667,0.3616651431693481,0.24163730370776748,0.43393674719225667,0.6874199509620667,0.6192772664871659,0.7478126058405768,0.0,0.0004997501249375312,0.05247376311844078,2000,0.0,0.0,0.0005451819544773067,0.0036083742019672915,0.16774039758363496,1.0
phrase_signature_1_2gram_psalm_shuffle08,Praise,820,4469,0.15503875968992248,0.13187782477890614,0.10238615484590732,0.14459115992665986,0.4298301637172699,0.3711805107759587,0.469722548321417,1.0,0.9870064967516242,1.0,2000,1.0,1.0,0.9980009995002499,1.0,1.0,1.0
phrase_signature_1_2gram_psalm_shuffle08,Royal,45,1400,0.031141868512110725,0.04393901031312386,0.006487882611534808,0.057940963959763926,0.5754285454750061,0.35618095150906015,0.6634398230866936,0.04230745881795883,0.12493753123438281,0.5652173913043478,2000,0.10390765105302516,0.6877294531992113,0.2617610113861988,1.0,1.0,1.0
phrase_signature_1_2gram_psalm_shuffle08,Thanksgiving,28,1136,0.024054982817869417,0.04059246608782211,0.010143767546214011,0.11344189366813373,0.7022446990013123,0.5368916543811739,0.768665750193196,0.0001258664415217936,0.006496751624187906,0.035982008995502246,2000,0.001536285492655789,0.010168151922545903,0.05022028862869178,0.33239103461680297,0.18726696131488157,1.0
phrase_signature_1_2gram_psalm_shuffle08,Trust,15,864,0.017064846416382253,0.015151804019626649,0.006297870023598362,0.11761278038652302,0.44560185074806213,0.31595425732709814,0.4866394645170382,0.7653675079345703,0.7031484257871065,1.0,2000,0.9626190986724343,1.0,0.9485641794487372,1.0,1.0,1.0
phrase_signature_1_2gram_psalm_shuffle08,Wisdom,36,1269,0.027586206896551724,0.06253420895655525,0.010362416945393072,0.10239263950921429,0.6509718894958496,0.497438344406357,0.7251350453242581,0.000991058419458568,0.029985007496251874,0.1424287856071964,2000,0.0024851446505635977,0.016448328437151105,0.06401799100449776,0.42371334066600924,0.3108201996562694,1.0
phrase_signature_1_2gram_psalm_shuffle09,Hymn,136,2261,0.05673758865248227,0.037547336607211844,0.016233437904841996,0.016589701390336265,0.3101211190223694,0.24530950597169454,0.33158732760846976,1.0,1.0,1.0,2000,1.0,1.0,1.0,1.0,1.0,1.0
phrase_signature_1_2gram_psalm_shuffle09,Lament,1711,5369,0.24166666666666667,0.35892075024081393,0.24522057571959743,0.43415133346020734,0.6822243332862854,0.6152206553779604,0.7412502542182219,0.0,0.0004997501249375312,0.06096951524237881,2000,0.0,0.0,0.0005451819544773067,0.0036083742019672915,0.16774039758363496,1.0
phrase_signature_1_2gram_psalm_shuffle09,Praise,820,4469,0.15503875968992248,0.1361499094394426,0.10431366341611627,0.14775053857728535,0.4376032054424286,0.3766209419287254,0.4785973651887637,1.0,0.968015992003998,1.0,2000,1.0,1.0,0.9980009995002499,1.0,1.0,1.0
phrase_signature_1_2gram_psalm_shuffle09,Royal,45,1400,0.031141868512110725,0.04085790296289051,0.006416183187723783,0.058727344877433696,0.5833650827407837,0.3525498505424488,0.6599988936385486,0.028326045721769333,0.1089455272363818,0.495752123938031,2000,0.10390765105302516,0.6877294531992113,0.2617610113861988,1.0,1.0,1.0
phrase_signature_1_2gram_psalm_shuffle09,Thanksgiving,28,1136,0.024054982817869417,0.0378493613453037,0.008956832091860304,0.11047185214378917,0.6743586659431458,0.49147636323761024,0.7423009307619517,0.000800477690063417,0.019490254872563718,0.08045977011494253,2000,0.002613112487462024,0.017295304089139714,0.05022028862869178,0.33239103461680297,0.18726696131488157,1.0
phrase_signature_1_2gram_psalm_shuffle09,Trust,15,864,0.017064846416382253,0.015898933941829233,0.006000602742515377,0.11956522334420995,0.4610339403152466,0.27664502739664715,0.5153101472545056,0.6979532837867737,0.6356821589205397,1.0,2000,0.9626190986724343,1.0,0.9485641794487372,1.0,1.0,1.0
phrase_signature_1_2gram_psalm_shuffle09,Wisdom,36,1269,0.027586206896551724,0.05879896581891625,0.009982703125441627,0.1023720735330782,0.6635364890098572,0.5054223762426421,0.7423139907243714,0.0004035872989334166,0.01899050474762619,0.10744627686156921,2000,0.001473971004800304,0.0097557134906794,0.06224473969911595,0.411976792507369,0.3108201996562694,1.0
phrase_signature_1_2gram_psalm_shuffle10,Hymn,136,2261,0.05673758865248227,0.03754177419463411,0.016954017201982398,0.017302472424967137,0.3100072741508484,0.25717021501991527,0.327000692766491,1.0,1.0,1.0,2000,1.0,1.0,1.0,1.0,1.0,1.0
phrase_signature_1_2gram_psalm_shuffle10,Lament,1711,5369,0.24166666666666667,0.370356815363734,0.2500936362315452,0.44428685629412235,0.6922202110290527,0.6236666162508495,0.7524192784997857,0.0,0.0004997501249375312,0.047976011994003,2000,0.0,0.0,0.0005451819544773067,0.0036083742019672915,0.16774039758363496,1.0
phrase_signature_1_2gram_psalm_shuffle10,Praise,820,4469,0.15503875968992248,0.13311617895690164,0.1038877420392165,0.14402547254675038,0.43370890617370605,0.3729592011759222,0.47374426110821877,1.0,0.9770114942528736,1.0,2000,1.0,1.0,0.9980009995002499,1.0,1.0,1.0
phrase_signature_1_2gram_psalm_shuffle10,Royal,45,1400,0.031141868512110725,0.04183834281394738,0.006041896285077196,0.06058808620866879,0.5686825513839722,0.33620162018166405,0.6537540218359876,0.05817674472928047,0.14792603698150925,0.6201899050474763,2000,0.11068773276335456,0.7326045113882497,0.2617610113861988,1.0,1.0,1.0
phrase_signature_1_2gram_psalm_shuffle10,Thanksgiving,28,1136,0.024054982817869417,0.0395724349522184,0.011065685993518277,0.11250143319490508,0.7051370739936829,0.5694953003134288,0.7600384797587066,0.00010247155296383426,0.0079960019990005,0.033483258370814596,2000,0.001536285492655789,0.010168151922545903,0.05022028862869178,0.33239103461680297,0.18726696131488157,1.0
phrase_signature_1_2gram_psalm_shuffle10,Trust,15,864,0.017064846416382253,0.016227519415619354,0.00596878147790598,0.11912962453655122,0.4660493731498718,0.27366228717338087,0.5285516977310181,0.6743108630180359,0.6086956521739131,1.0,2000,0.9626190986724343,1.0,0.9485641794487372,1.0,1.0,1.0
phrase_signature_1_2gram_psalm_shuffle10,Wisdom,36,1269,0.027586206896551724,0.0574710316461992,0.009295803672163632,0.10054989673108133,0.6505779027938843,0.48940313793205686,0.7352949886926052,0.0010183556005358696,0.02948525737131434,0.13893053473263367,2000,0.002530824569379084,0.016750668305974888,0.06401799100449776,0.42371334066600924,0.3108201996562694,1.0
phrase_signature_1_2gram_psalm_shuffle11,Hymn,136,2261,0.05673758865248227,0.037289757585113235,0.017042733458842864,0.01737725596662996,0.30528852343559265,0.21542041957753832,0.3277757055505467,1.0,1.0,1.0,2000,1.0,1.0,1.0,1.0,1.0,1.0
phrase_signature_1_2gram_psalm_shuffle11,Lament,1711,5369,0.24166666666666667,0.3688726490063811,0.25390079664547244,0.44321972618732774,0.6941574811935425,0.6292557441696286,0.7568813079668696,0.0,0.0004997501249375312,0.04297851074462768,2000,0.0,0.0,0.0005451819544773067,0.0036083742019672915,0.16774039758363496,1.0
phrase_signature_1_2gram_psalm_shuffle11,Praise,820,4469,0.15503875968992248,0.13395432351500455,0.103074048705788,0.14632213859030185,0.43164852261543274,0.37367003852569797,0.47171959722305806,1.0,0.9815092453773113,1.0,2000,1.0,1.0,0.9980009995002499,1.0,1.0,1.0
phrase_signature_1_2gram_psalm_shuffle11,Royal,45,1400,0.031141868512110725,0.04410352184222921,0.006079707118813752,0.05833854789002246,0.5769206285476685,0.3351728861887053,0.6639608765703913,0.039320074021816254,0.12493753123438281,0.5537231384307846,2000,0.10390765105302516,0.6877294531992113,0.2617610113861988,1.0,1.0,1.0
phrase_signature_1_2gram_psalm_shuffle11,Thanksgiving,28,1136,0.024054982817869417,0.03913880412538808,0.009622152898416005,0.10903969176245304,0.6854250431060791,0.507454295087402,0.7484250403924051,0.0003953322593588382,0.014492753623188406,0.06096951524237881,2000,0.001773128512707588,0.011735735435632461,0.05022028862869178,0.33239103461680297,0.18726696131488157,1.0
phrase_signature_1_2gram_psalm_shuffle11,Trust,15,864,0.017064846416382253,0.014582103306830976,0.005842110073173417,0.117042110679264,0.4236111044883728,0.2608019636539884,0.46620263891859337,0.8451895117759705,0.7966016991504248,1.0,2000,0.9626190986724343,1.0,0.9485641794487372,1.0,1.0,1.0
phrase_signature_1_2gram_psalm_shuffle11,Wisdom,36,1269,0.027586206896551724,0.057222170612575965,0.009941248474618847,0.10147570193941911,0.6524165868759155,0.47790110458568247,0.7347872417789459,0.0008966164896264672,0.02798600699650175,0.13393303348325838,2000,0.002324561269401952,0.015385481574576747,0.06285627239856008,0.41602431975622894,0.3108201996562694,1.0
phrase_signature_1_2gram_psalm_shuffle12,Hymn,136,2261,0.05673758865248227,0.03789657373014931,0.017064419993785416,0.017414014799121948,0.3163098096847534,0.2348293302400737,0.33650812076709596,1.0,1.0,1.0,2000,1.0,1.0,1.0,1.0,1.0,1.0
phrase_signature_1_2gram_psalm_shuffle12,Lament,1711,5369,0.24166666666666667,0.3675532165647845,0.24819088649050297,0.4422695530990023,0.6884875893592834,0.6203197986018177,0.7469935391055597,0.0,0.0004997501249375312,0.04997501249375312,2000,0.0,0.0,0.0005451819544773067,0.0036083742019672915,0.16774039758363496,1.0
phrase_signature_1_2gram_psalm_shuffle12,Praise,820,4469,0.15503875968992248,0.13207533285589804,0.10198194967169666,0.14398019646379134,0.4302809536457062,0.36913599994411667,0.47000069178055426,1.0,0.9860069965017492,1.0,2000,1.0,1.0,0.9980009995002499,1.0,1.0,1.0
phrase_signature_1_2gram_psalm_shuffle12,Royal,45,1400,0.031141868512110725,0.0413959583016409,0.006495758700974335,0.0624741741299114,0.5818253755569458,0.35897959153947717,0.6611844260039039,0.03068777360022068,0.11394302848575712,0.5067466266866567,2000,0.10390765105302516,0.6877294531992113,0.2617610113861988,1.0,1.0,1.0
phrase_signature_1_2gram_psalm_shuffle12,Thanksgiving,28,1136,0.024054982817869417,0.041623850850713635,0.009512874893494009,0.11402920629256115,0.7040367126464844,0.539290149213149,0.7641901511183244,0.00011084388825111091,0.009495252373813094,0.03498250874562719,2000,0.001536285492655789,0.010168151922545903,0.05022028862869178,0.33239103461680297,0.18726696131488157,1.0
phrase_signature_1_2gram_psalm_shuffle12,Trust,15,864,0.017064846416382253,0.017595407919793013,0.006288797879592761,0.11966618109742827,0.4699845612049103,0.313681036233902,0.5183244427410529,0.6552503108978271,0.5942028985507246,1.0,2000,0.9626190986724343,1.0,0.9485641794487372,1.0,1.0,1.0
phrase_signature_1_2gram_psalm_shuffle12,Wisdom,36,1269,0.027586206896551724,0.06635449851203155,0.009674595946286748,0.10570460713055636,0.6617196202278137,0.49960556964621033,0.7396325527628927,0.00046134094009175897,0.022988505747126436,0.10844577711144428,2000,0.0015803701073930758,0.010459933015473318,0.0627403689459618,0.4152571941666163,0.3108201996562694,1.0
phrase_signature_1_2gram_psalm_shuffle13,Hymn,136,2261,0.05673758865248227,0.03781187277526346,0.017098364856445447,0.017445350988399628,0.31477484107017517,0.2598887167587029,0.3358087926381049,1.0,1.0,1.0,2000,1.0,1.0,1.0,1.0,1.0,1.0
phrase_signature_1_2gram_psalm_shuffle13,Lament,1711,5369,0.24166666666666667,0.36814501536183364,0.2475690491885717,0.4404303220161992,0.6942855715751648,0.6271413172555704,0.752688472916135,0.0,0.0004997501249375312,0.04397801099450275,2000,0.0,0.0,0.0005451819544773067,0.0036083742019672915,0.16774039758363496,1.0
phrase_signature_1_2gram_psalm_shuffle13,Praise,820,4469,0.15503875968992248,0.13440597014989092,0.10346148979299986,0.1467419381971693,0.4356834888458252,0.37471657519388557,0.4766165297762766,1.0,0.9725137431284357,1.0,2000,1.0,1.0,0.9980009995002499,1.0,1.0,1.0
phrase_signature_1_2gram_psalm_shuffle13,Royal,45,1400,0.031141868512110725,0.042991596319801595,0.0066488496505199704,0.059077834325369526,0.5848888754844666,0.3728208373035649,0.6635527106815841,0.026139581575989723,0.10844577711144428,0.4777611194402799,2000,0.10390765105302516,0.6877294531992113,0.2617610113861988,1.0,1.0,1.0
phrase_signature_1_2gram_psalm_shuffle13,Thanksgiving,28,1136,0.024054982817869417,0.03531306330963884,0.008258375121477212,0.10805809287332842,0.6643611788749695,0.4761740290027534,0.7298797779810633,0.001466037705540657,0.022988505747126436,0.10044977511244378,2000,0.0036343322298897987,0.02405441073757785,0.05094540108586483,0.33719030770810854,0.18726696131488157,1.0
phrase_signature_1_2gram_psalm_shuffle13,Trust,15,864,0.017064846416382253,0.01597568965188443,0.006603582263118563,0.11755864779166758,0.4720678925514221,0.3348491493563912,0.5150344967842102,0.6449936032295227,0.5902048975512244,1.0,2000,0.9626190986724343,1.0,0.9485641794487372,1.0,1.0,1.0
phrase_signature_1_2gram_psalm_shuffle13,Wisdom,36,1269,0.027586206896551724,0.05509826366694882,0.009325253878719297,0.0999036011043782,0.6423912048339844,0.4930310434422845,0.7283935794500476,0.0017665289342403412,0.041979010494752625,0.17341329335332334,2000,0.003946500810536932,0.026120548554174918,0.06807407107257182,0.4505591571105105,0.3108201996562694,1.0
phrase_signature_1_2gram_psalm_shuffle14,Hymn,136,2261,0.05673758865248227,0.038283518881608074,0.017451898492789254,0.017797195811025384,0.3231716752052307,0.2589335003941442,0.34522309763741277,1.0,1.0,1.0,2000,1.0,1.0,1.0,1.0,1.0,1.0
phrase_signature_1_2gram_psalm_shuffle14,Lament,1711,5369,0.24166666666666667,0.3699252164988329,0.25581959562717915,0.4444329506901902,0.6912352442741394,0.6235047822354428,0.7507937903243108,0.0,0.0004997501249375312,0.049475262368815595,2000,0.0,0.0,0.0005451819544773067,0.0036083742019672915,0.16774039758363496,1.0
phrase_signature_1_2gram_psalm_shuffle14,Praise,820,4469,0.15503875968992248,0.13271712867528293,0.10343123369969313,0.14509652618300128,0.42838045954704285,0.3690382826115038,0.4683343813874362,1.0,0.9890054972513743,1.0,2000,1.0,1.0,0.9980009995002499,1.0,1.0,1.0
phrase_signature_1_2gram_psalm_shuffle14,Royal,45,1400,0.031141868512110725,0.04070302585845857,0.00615704347862213,0.06355148138054395,0.5724762082099915,0.34111914713163005,0.6626550211160528,0.04875894635915756,0.1359320339830085,0.5887056471764118,2000,0.10610755166241542,0.7022898482024291,0.2617610113861988,1.0,1.0,1.0
phrase_signature_1_2gram_psalm_shuffle14,Thanksgiving,28,1136,0.024054982817869417,0.039608397925182004,0.00912365667834582,0.1118581836712189,0.6953282356262207,0.49178465936053295,0.7610829398095483,0.00020365859381854534,0.010494752623688156,0.04297851074462768,2000,0.001536285492655789,0.010168151922545903,0.05022028862869178,0.33239103461680297,0.18726696131488157,1.0
phrase_signature_1_2gram_psalm_shuffle14,Trust,15,864,0.017064846416382253,0.016311259553219097,0.006479382224817953,0.11943983464301106,0.47615739703178406,0.3295771458942743,0.5253612487251135,0.6245577931404114,0.5717141429285357,1.0,2000,0.9626190986724343,1.0,0.9485641794487372,1.0,1.0,1.0
phrase_signature_1_2gram_psalm_shuffle14,Wisdom,36,1269,0.027586206896551724,0.0541190516804648,0.009861436577470553,0.10269178794415369,0.6530951857566833,0.48529694996216394,0.7330074907817106,0.0008551760111004114,0.027486256871564217,0.12843578210894552,2000,0.00224483702913858,0.014857813904223274,0.0627403689459618,0.4152571941666163,0.3108201996562694,1.0
phrase_signature_1_2gram_psalm_shuffle15,Hymn,136,2261,0.05673758865248227,0.037588912765280987,0.016868249111365433,0.017217982376928297,0.3111390173435211,0.24369022713215716,0.32801228198258103,1.0,1.0,1.0,2000,1.0,1.0,1.0,1.0,1.0,1.0
phrase_signature_1_2gram_psalm_shuffle15,Lament,1711,5369,0.24166666666666667,0.37556015067299114,0.2646340714005406,0.45236200575641977,0.6945343613624573,0.6294227677372192,0.7539094990602376,0.0,0.0004997501249375312,0.04397801099450275,2000,0.0,0.0,0.0005451819544773067,0.0036083742019672915,0.16774039758363496,1.0
phrase_signature_1_2gram_psalm_shuffle15,Praise,820,4469,0.15503875968992248,0.13197950705579942,0.10274357704033393,0.14244862018374854,0.42736178636550903,0.36984714843664274,0.4663805980879989,1.0,0.9875062468765617,1.0,2000,1.0,1.0,0.9980009995002499,1.0,1.0,1.0
phrase_signature_1_2gram_psalm_shuffle15,Royal,45,1400,0.031141868512110725,0.04044239665464983,0.006299963715324957,0.05835485313091462,0.5700079202651978,0.35418762081803146,0.6583329028710004,0.054736047983169556,0.14292853573213393,0.6156921539230384,2000,0.11068773276335456,0.7326045113882497,0.2617610113861988,1.0,1.0,1.0
phrase_signature_1_2gram_psalm_shuffle15,Thanksgiving,28,1136,0.024054982817869417,0.037841891199471546,0.01036878958512307,0.10998942222451243,0.6835073232650757,0.5274432319752005,0.751982574105597,0.00044794834684580564,0.014992503748125937,0.057971014492753624,2000,0.001868943358064056,0.012369901356405168,0.05022028862869178,0.33239103461680297,0.18726696131488157,1.0
phrase_signature_1_2gram_psalm_shuffle15,Trust,15,864,0.017064846416382253,0.015235494487001032,0.005839728260700002,0.11821570514977395,0.44490739703178406,0.2570013383269458,0.4971394927727477,0.7681925296783447,0.7116441779110445,1.0,2000,0.9626190986724343,1.0,0.9485641794487372,1.0,1.0,1.0
phrase_signature_1_2gram_psalm_shuffle15,Wisdom,36,1269,0.027586206896551724,0.0525068808455742,0.010594557822467762,0.1000937574597854,0.651759922504425,0.4933051787018188,0.7234973810539354,0.000938469369430095,0.030984507746126936,0.1344327836081959,2000,0.002388831122185696,0.01581086190282228,0.06442323392759067,0.4263955059453428,0.3108201996562694,1.0
phrase_signature_1_2gram_psalm_shuffle16,Hymn,136,2261,0.05673758865248227,0.03781155185272604,0.016715340014234366,0.01706737296904618,0.315083771944046,0.259166686041328,0.33279666585079726,1.0,1.0,1.0,2000,1.0,1.0,1.0,1.0,1.0,1.0
phrase_signature_1_2gram_psalm_shuffle16,Lament,1711,5369,0.24166666666666667,0.36897501000906957,0.25635341222680286,0.4433201405591061,0.6913389563560486,0.6247312451980488,0.7507042835706947,0.0,0.0004997501249375312,0.04447776111944028,2000,0.0,0.0,0.0005451819544773067,0.0036083742019672915,0.16774039758363496,1.0
phrase_signature_1_2gram_psalm_shuffle16,Praise,820,4469,0.15503875968992248,0.13292492276174933,0.1039177750672296,0.14428625746843862,0.43049463629722595,0.3738825123110068,0.47047496564984687,1.0,0.984007996001999,1.0,2000,1.0,1.0,0.9980009995002499,1.0,1.0,1.0
phrase_signature_1_2gram_psalm_shuffle16,Royal,45,1400,0.031141868512110725,0.040414250341472155,0.006026310979453628,0.06264080612922479,0.5692380666732788,0.32980799010253636,0.6537812910456342,0.05671439319849014,0.1454272863568216,0.6166916541729135,2000,0.11068773276335456,0.7326045113882497,0.2617610113861988,1.0,1.0,1.0
phrase_signature_1_2gram_psalm_shuffle16,Thanksgiving,28,1136,0.024054982817869417,0.037402153478022886,0.009216317334539533,0.10680894320290028,0.6763707399368286,0.5091233135139737,0.7395652271786379,0.0007060837815515697,0.01649175412293853,0.07196401799100449,2000,0.002362904488109052,0.015639262317073514,0.05022028862869178,0.33239103461680297,0.18726696131488157,1.0
phrase_signature_1_2gram_psalm_shuffle16,Trust,15,864,0.017064846416382253,0.0157898600445606,0.005556929380970828,0.1155743098487599,0.4241512417793274,0.21395610553448174,0.4739331224735145,0.8434736728668213,0.792103948025987,1.0,2000,0.9626190986724343,1.0,0.9485641794487372,1.0,1.0,1.0
phrase_signature_1_2gram_psalm_shuffle16,Wisdom,36,1269,0.027586206896551724,0.05794640858354487,0.010613006877864492,0.09906880480207887,0.6592680215835571,0.5129023111452506,0.741023575733442,0.0005514498916454613,0.025487256371814093,0.11494252873563218,2000,0.001678325757181839,0.011108268193723295,0.0627403689459618,0.4152571941666163,0.3108201996562694,1.0
phrase_signature_1_2gram_psalm_shuffle17,Hymn,136,2261,0.05673758865248227,0.03757276141716752,0.016501223433266172,0.01685741175760065,0.3099357485771179,0.24911586118269638,0.3272169328829714,1.0,1.0,1.0,2000,1.0,1.0,1.0,1.0,1.0,1.0
phrase_signature_1_2gram_psalm_shuffle17,Lament,1711,5369,0.24166666666666667,0.3666892130121648,0.24988570506307328,0.4396916601814808,0.6915624141693115,0.6242727515032773,0.752492100352851,0.0,0.0004997501249375312,0.04697651174412794,2000,0.0,0.0,0.0005451819544773067,0.0036083742019672915,0.16774039758363496,1.0
phrase_signature_1_2gram_psalm_shuffle17,Praise,820,4469,0.15503875968992248,0.13514025730600865,0.10360021994808837,0.14807048422812644,0.4359852969646454,0.37548166985212406,0.4752966863283083,1.0,0.9740129935032483,1.0,2000,1.0,1.0,0.9980009995002499,1.0,1.0,1.0
phrase_signature_1_2gram_psalm_shuffle17,Royal,45,1400,0.031141868512110725,0.03919642613060083,0.006428048975559344,0.0614421590915269,0.5602856874465942,0.3475002882259484,0.6394377745286519,0.08406011015176773,0.175912043978011,0.7056471764117941,2000,0.1274557626849908,0.8435864066805422,0.26420356255438715,1.0,1.0,1.0
phrase_signature_1_2gram_psalm_shuffle17,Thanksgiving,28,1136,0.024054982817869417,0.036810891053582165,0.008018113278084823,0.10865994004835831,0.6705231666564941,0.466252521763766,0.7408058616116587,0.0010132971219718456,0.020989505247376312,0.08495752123938032,2000,0.002935067525711553,0.019426215144929895,0.05066432301090834,0.335329947389719,0.18726696131488157,1.0
phrase_signature_1_2gram_psalm_shuffle17,Trust,15,864,0.017064846416382253,0.017001380628909726,0.0064763704057165476,0.1182309619391622,0.47669753432273865,0.33121518058011806,0.5290032503471829,0.6218309998512268,0.5657171414292853,1.0,2000,0.9626190986724343,1.0,0.9485641794487372,1.0,1.0,1.0
phrase_signature_1_2gram_psalm_shuffle17,Wisdom,36,1269,0.027586206896551724,0.055092112480572865,0.010643730050424688,0.10608533368434062,0.6536205410957336,0.4911267286670946,0.7312071903830909,0.0008243120391853154,0.02798600699650175,0.13143428285857073,2000,0.0022051659646995696,0.014595244601790017,0.06285627239856008,0.41602431975622894,0.3108201996562694,1.0
phrase_signature_1_2gram_psalm_shuffle18,Hymn,136,2261,0.05673758865248227,0.03825996657421036,0.017141791110024746,0.01749074769240651,0.3228692412376404,0.2689676362247087,0.3473500727559263,1.0,1.0,1.0,2000,1.0,1.0,1.0,1.0,1.0,1.0
phrase_signature_1_2gram_psalm_shuffle18,Lament,1711,5369,0.24166666666666667,0.36805884263089905,0.2500063545148439,0.44405775584270346,0.6926233768463135,0.6265839257136915,0.7512337541805375,0.0,0.0004997501249375312,0.044977511244377814,2000,0.0,0.0,0.0005451819544773067,0.0036083742019672915,0.16774039758363496,1.0
phrase_signature_1_2gram_psalm_shuffle18,Praise,820,4469,0.15503875968992248,0.13209778087825513,0.1024225084986812,0.14320480012372094,0.4297802150249481,0.37638646877713416,0.4707853251709585,1.0,0.9850074962518741,1.0,2000,1.0,1.0,0.9980009995002499,1.0,1.0,1.0
phrase_signature_1_2gram_psalm_shuffle18,Royal,45,1400,0.031141868512110725,0.04079544073667288,0.006052370799336407,0.06231496462228208,0.5700158476829529,0.3316544455896839,0.6491155382945529,0.05471593141555786,0.14342828585707146,0.6096951524237881,2000,0.11068773276335456,0.7326045113882497,0.2617610113861988,1.0,1.0,1.0
phrase_signature_1_2gram_psalm_shuffle18,Thanksgiving,28,1136,0.024054982817869417,0.03892577134024869,0.009917469885019466,0.1105647591117237,0.690643846988678,0.527969329333681,0.7565537599437989,0.0002797676424961537,0.010494752623688156,0.047476261869065464,2000,0.0015666987979784607,0.010369447261508652,0.05022028862869178,0.33239103461680297,0.18726696131488157,1.0
phrase_signature_1_2gram_psalm_shuffle18,Trust,15,864,0.017064846416382253,0.01553670057815091,0.006284244034183113,0.11812222051703483,0.4483024775981903,0.3129361201338711,0.48941754374070223,0.7542023658752441,0.6996501749125438,1.0,2000,0.9626190986724343,1.0,0.9485641794487372,1.0,1.0,1.0
phrase_signature_1_2gram_psalm_shuffle18,Wisdom,36,1269,0.027586206896551724,0.05679662903011474,0.009353437278813315,0.10558051847746815,0.6617415547370911,0.4797226174953858,0.7476331924970793,0.00046060170279815793,0.0239880059970015,0.1089455272363818,2000,0.0015803701073930758,0.010459933015473318,0.0627403689459618,0.4152571941666163,0.3108201996562694,1.0
phrase_signature_1_2gram_psalm_shuffle19,Hymn,136,2261,0.05673758865248227,0.03843033581830013,0.01713611788809734,0.017489762238414322,0.32596197724342346,0.2757010126317607,0.3477215061749413,1.0,1.0,1.0,2000,1.0,1.0,1.0,1.0,1.0,1.0
phrase_signature_1_2gram_psalm_shuffle19,Lament,1711,5369,0.24166666666666667,0.36220888412943975,0.25278415295030976,0.43872724526800067,0.6864577531814575,0.6217220031619938,0.7489983889964599,0.0,0.0004997501249375312,0.054972513743128434,2000,0.0,0.0,0.0005451819544773067,0.0036083742019672915,0.16774039758363496,1.0
phrase_signature_1_2gram_psalm_shuffle19,Praise,820,4469,0.15503875968992248,0.135292827683616,0.10468927064163705,0.14734913176189146,0.43654197454452515,0.3802950979654637,0.475569308137644,1.0,0.9705147426286856,1.0,2000,1.0,1.0,0.9980009995002499,1.0,1.0,1.0
phrase_signature_1_2gram_psalm_shuffle19,Royal,45,1400,0.031141868512110725,0.03997117014553298,0.006313035353441358,0.06169671917480106,0.5603016018867493,0.3463804898181581,0.642005175483611,0.08400413393974304,0.175912043978011,0.696151924037981,2000,0.1274557626849908,0.8435864066805422,0.26420356255438715,1.0,1.0,1.0
phrase_signature_1_2gram_psalm_shuffle19,Thanksgiving,28,1136,0.024054982817869417,0.03914846199298709,0.009489044917576987,0.1111842061342179,0.6994466781616211,0.5440675828386204,0.7588185013233045,0.00015319061640184373,0.0074962518740629685,0.0384807596201899,2000,0.001536285492655789,0.010168151922545903,0.05022028862869178,0.33239103461680297,0.18726696131488157,1.0
phrase_signature_1_2gram_psalm_shuffle19,Trust,15,864,0.017064846416382253,0.0159160230444516,0.006132052321922876,0.11905593935514959,0.4584876596927643,0.29333519185352636,0.5188944917009036,0.7096536159515381,0.6501749125437282,1.0,2000,0.9626190986724343,1.0,0.9485641794487372,1.0,1.0,1.0
phrase_signature_1_2gram_psalm_shuffle19,Wisdom,36,1269,0.027586206896551724,0.06100848747497241,0.010169941297989071,0.10391847053563731,0.653204619884491,0.4986230401299585,0.7368293506145854,0.0008486597216688097,0.026486756621689155,0.13343328335832083,2000,0.0022417426610119497,0.014837333332502542,0.0627403689459618,0.4152571941666163,0.3108201996562694,1.0
phrase_signature_1_2gram_psalm_shuffle20,Hymn,136,2261,0.05673758865248227,0.038081596939938914,0.017207669463937068,0.01755795842180872,0.31949684023857117,0.24987852802298507,0.3451544311848285,1.0,1.0,1.0,2000,1.0,1.0,1.0,1.0,1.0,1.0
phrase_signature_1_2gram_psalm_shuffle20,Lament,1711,5369,0.24166666666666667,0.3581227288263565,0.24049182089282423,0.43031908930916896,0.6813930869102478,0.6153612317541042,0.7410019059594539,0.0,0.0004997501249375312,0.06496751624187906,2000,0.0,0.0,0.0005451819544773067,0.0036083742019672915,0.16774039758363496,1.0
phrase_signature_1_2gram_psalm_shuffle20,Praise,820,4469,0.15503875968992248,0.13361597935199515,0.10335522094407777,0.14580892114244232,0.4301570653915405,0.37098095291136485,0.469307889739239,1.0,0.9845077461269365,1.0,2000,1.0,1.0,0.9980009995002499,1.0,1.0,1.0
phrase_signature_1_2gram_psalm_shuffle20,Royal,45,1400,0.031141868512110725,0.04478275758145134,0.006421241334527268,0.0581656875050904,0.5781269669532776,0.3598908420465543,0.6652470873101513,0.03703223168849945,0.12393803098450774,0.5402298850574713,2000,0.10390765105302516,0.6877294531992113,0.2617610113861988,1.0,1.0,1.0
phrase_signature_1_2gram_psalm_shuffle20,Thanksgiving,28,1136,0.024054982817869417,0.04056669980261023,0.009552674930053226,0.11025227320750086,0.6947308778762817,0.5250781164531683,0.7718109636138601,0.00021215371089056134,0.010994502748625687,0.04397801099450275,2000,0.001536285492655789,0.010168151922545903,0.05022028862869178,0.33239103461680297,0.18726696131488157,1.0
phrase_signature_1_2gram_psalm_shuffle20,Trust,15,864,0.017064846416382253,0.016260342386698618,0.0061272876166717696,0.11815353896894937,0.46851852536201477,0.29488558032100576,0.5226559934149865,0.6624006628990173,0.6041979010494752,1.0,2000,0.9626190986724343,1.0,0.9485641794487372,1.0,1.0,1.0
phrase_signature_1_2gram_psalm_shuffle20,Wisdom,36,1269,0.027586206896551724,0.062051275974343914,0.011054146965783492,0.10719736211783508,0.6618509888648987,0.5072004305091474,0.7336316636653956,0.00045692166895605624,0.021989005497251374,0.10494752623688156,2000,0.0015803701073930758,0.010459933015473318,0.0627403689459618,0.4152571941666163,0.3108201996562694,1.0
phrase_signature_1_2gram_psalm_shuffle21,Hymn,136,2261,0.05673758865248227,0.03696088527010835,0.015762424234082667,0.016125952736541653,0.29821527004241943,0.23922004449542242,0.3167790656079591,1.0,1.0,1.0,2000,1.0,1.0,1.0,1.0,1.0,1.0
phrase_signature_1_2gram_psalm_shuffle21,Lament,1711,5369,0.24166666666666667,0.3724408232898518,0.25902318283920006,0.45011681013204524,0.6946169137954712,0.6268471337086327,0.7529725250700684,0.0,0.0004997501249375312,0.04397801099450275,2000,0.0,0.0,0.0005451819544773067,0.0036083742019672915,0.16774039758363496,1.0
phrase_signature_1_2gram_psalm_shuffle21,Praise,820,4469,0.15503875968992248,0.13251166960162808,0.10309833322763715,0.14377782526581945,0.4283440411090851,0.3707135009241926,0.46824466975681595,1.0,0.9870064967516242,1.0,2000,1.0,1.0,0.9980009995002499,1.0,1.0,1.0
phrase_signature_1_2gram_psalm_shuffle21,Royal,45,1400,0.031141868512110725,0.04122214929136209,0.006575061705125458,0.061932612647021996,0.5665714144706726,0.3537306818142433,0.6533136569941882,0.06400532275438309,0.15892053973013492,0.6446776611694153,2000,0.11376214139631104,0.7529529779990012,0.2617610113861988,1.0,1.0,1.0
phrase_signature_1_2gram_psalm_shuffle21,Thanksgiving,28,1136,0.024054982817869417,0.03823499599321251,0.00891299910942969,0.1104621776541214,0.6832557916641235,0.5111284015217891,0.7534231158440922,0.00045531135401688516,0.013993003498250875,0.06196901549225387,2000,0.001868943358064056,0.012369901356405168,0.05022028862869178,0.33239103461680297,0.18726696131488157,1.0
phrase_signature_1_2gram_psalm_shuffle21,Trust,15,864,0.017064846416382253,0.016317996193457626,0.006339189608152102,0.11689832796777329,0.4733024835586548,0.31747149413999143,0.5290335022428034,0.638865053653717,0.5827086456771614,1.0,2000,0.9626190986724343,1.0,0.9485641794487372,1.0,1.0,1.0
phrase_signature_1_2gram_psalm_shuffle21,Wisdom,36,1269,0.027586206896551724,0.061431092813048704,0.00977594694912695,0.10544787797504206,0.6659443378448486,0.4915066719594724,0.7569200579311227,0.00033735480974428356,0.019490254872563718,0.0944527736131934,2000,0.0013623944239672988,0.00901722599578875,0.06224473969911595,0.411976792507369,0.3108201996562694,1.0
phrase_signature_1_2gram_psalm_shuffle22,Hymn,136,2261,0.05673758865248227,0.03770821553758904,0.01633910699065551,0.016701248892174204,0.31224796175956726,0.2525556580814782,0.33666978454553476,1.0,1.0,1.0,2000,1.0,1.0,1.0,1.0,1.0,1.0
phrase_signature_1_2gram_psalm_shuffle22,Lament,1711,5369,0.24166666666666667,0.3679023300521069,0.2466280127356367,0.4416848450628343,0.6911997199058533,0.6252978109427677,0.7511336542491623,0.0,0.0004997501249375312,0.04847576211894053,2000,0.0,0.0,0.0005451819544773067,0.0036083742019672915,0.16774039758363496,1.0
phrase_signature_1_2gram_psalm_shuffle22,Praise,820,4469,0.15503875968992248,0.1321793143140913,0.10343328370712938,0.1429348925228457,0.42902106046676636,0.37186457742197376,0.4662438981750076,1.0,0.9845077461269365,1.0,2000,1.0,1.0,0.9980009995002499,1.0,1.0,1.0
phrase_signature_1_2gram_psalm_shuffle22,Royal,45,1400,0.031141868512110725,0.0417657587646488,0.006358070687664666,0.05788141225782987,0.5665873289108276,0.34365327133583917,0.646759241678874,0.06395987421274185,0.1539230384807596,0.6431784107946027,2000,0.11376214139631104,0.7529529779990012,0.2617610113861988,1.0,1.0,1.0
phrase_signature_1_2gram_psalm_shuffle22,Thanksgiving,28,1136,0.024054982817869417,0.03864241546950906,0.009729610690273487,0.1124022375182128,0.6830042600631714,0.5227379431297754,0.7431071002326213,0.00046278597437776625,0.014992503748125937,0.06146926536731634,2000,0.001868943358064056,0.012369901356405168,0.05022028862869178,0.33239103461680297,0.18726696131488157,1.0
phrase_signature_1_2gram_psalm_shuffle22,Trust,15,864,0.017064846416382253,0.017523562414856444,0.00628423801982058,0.11929347024667389,0.4800925850868225,0.3115276404064366,0.5325579387470636,0.6045567393302917,0.5567216391804098,1.0,2000,0.9626190986724343,1.0,0.9485641794487372,1.0,1.0,1.0
phrase_signature_1_2gram_psalm_shuffle22,Wisdom,36,1269,0.027586206896551724,0.05813612966991207,0.009416818578635916,0.10801280111493042,0.6592680215835571,0.48461094143548084,0.7400855742352542,0.0005514498916454613,0.022488755622188907,0.11744127936031984,2000,0.001678325757181839,0.011108268193723295,0.0627403689459618,0.4152571941666163,0.3108201996562694,1.0
phrase_signature_1_2gram_psalm_shuffle23,Hymn,136,2261,0.05673758865248227,0.03811462069958729,0.01683442808372781,0.01719022416517758,0.31937649846076965,0.24417240114680502,0.33954005581623137,1.0,1.0,1.0,2000,1.0,1.0,1.0,1.0,1.0,1.0
phrase_signature_1_2gram_psalm_shuffle23,Lament,1711,5369,0.24166666666666667,0.3658023129595672,0.25351428192300546,0.43943308780979395,0.6900387406349182,0.6231692068897223,0.7481947127014925,0.0,0.0004997501249375312,0.049475262368815595,2000,0.0,0.0,0.0005451819544773067,0.0036083742019672915,0.16774039758363496,1.0
phrase_signature_1_2gram_psalm_shuffle23,Praise,820,4469,0.15503875968992248,0.1308134849136909,0.10190602456118081,0.14342875866468802,0.42557236552238464,0.3674962196285114,0.4648625434357664,1.0,0.992503748125937,1.0,2000,1.0,1.0,0.9980009995002499,1.0,1.0,1.0
phrase_signature_1_2gram_psalm_shuffle23,Royal,45,1400,0.031141868512110725,0.04094147443303363,0.006827157474551383,0.062030192657472054,0.5758571624755859,0.37494543255550733,0.6575976182515817,0.041431162506341934,0.12493753123438281,0.5612193903048476,2000,0.10390765105302516,0.6877294531992113,0.2617610113861988,1.0,1.0,1.0
phrase_signature_1_2gram_psalm_shuffle23,Thanksgiving,28,1136,0.024054982817869417,0.039181849957722094,0.00938147586957343,0.1105209235050863,0.6834444403648376,0.5136352796949146,0.7538588047685076,0.000449778774054721,0.01249375312343828,0.05897051474262868,2000,0.001868943358064056,0.012369901356405168,0.05022028862869178,0.33239103461680297,0.18726696131488157,1.0
phrase_signature_1_2gram_psalm_shuffle23,Trust,15,864,0.017064846416382253,0.016851029323961833,0.005984248546981867,0.11927175693885499,0.467438280582428,0.2751402152046369,0.5323954240702158,0.6676323413848877,0.607696151924038,1.0,2000,0.9626190986724343,1.0,0.9485641794487372,1.0,1.0,1.0
phrase_signature_1_2gram_psalm_shuffle23,Wisdom,36,1269,0.027586206896551724,0.06089729850080905,0.010222412335838116,0.10928471547878955,0.660537600517273,0.49850362079166,0.7412383567521265,0.000502931303344667,0.0239880059970015,0.10794602698650675,2000,0.0016331265748030584,0.010809110156106342,0.0627403689459618,0.4152571941666163,0.3108201996562694,1.0
phrase_signature_1_2gram_psalm_shuffle24,Hymn,136,2261,0.05673758865248227,0.037101882674816074,0.0162897351366315,0.016642939994108416,0.3014478385448456,0.24424910104412095,0.3194036284908441,1.0,1.0,1.0,2000,1.0,1.0,1.0,1.0,1.0,1.0
phrase_signature_1_2gram_psalm_shuffle24,Lament,1711,5369,0.24166666666666667,0.3667704330070262,0.2530846264226633,0.440714525161019,0.6870377659797668,0.6204863489684458,0.7463476611588981,0.0,0.0004997501249375312,0.0544727636181909,2000,0.0,0.0,0.0005451819544773067,0.0036083742019672915,0.16774039758363496,1.0
phrase_signature_1_2gram_psalm_shuffle24,Praise,820,4469,0.15503875968992248,0.13443174041413564,0.10277496607548806,0.14569353058062817,0.4369458556175232,0.3733969752631932,0.48065885321849544,1.0,0.9705147426286856,1.0,2000,1.0,1.0,0.9980009995002499,1.0,1.0,1.0
phrase_signature_1_2gram_psalm_shuffle24,Royal,45,1400,0.031141868512110725,0.04409965724484121,0.006534832567228569,0.05535340659039364,0.5858253836631775,0.3641718404267985,0.6700375218157261,0.024867191910743713,0.10644677661169415,0.4757621189405297,2000,0.10390765105302516,0.6877294531992113,0.2617610113861988,1.0,1.0,1.0
phrase_signature_1_2gram_psalm_shuffle24,Thanksgiving,28,1136,0.024054982817869417,0.037653039484253824,0.009569702549398098,0.11188175367200491,0.6808035969734192,0.5116675512660537,0.7445766581427542,0.0005332115688361228,0.01649175412293853,0.06596701649175413,2000,0.0020736005454738107,0.013724457774187853,0.05022028862869178,0.33239103461680297,0.18726696131488157,1.0
phrase_signature_1_2gram_psalm_shuffle24,Trust,15,864,0.017064846416382253,0.015373102404035981,0.0058806427222336454,0.1147249024174756,0.4248456656932831,0.26762060524538267,0.4863432691823268,0.8412492871284485,0.7961019490254873,1.0,2000,0.9626190986724343,1.0,0.9485641794487372,1.0,1.0,1.0
phrase_signature_1_2gram_psalm_shuffle24,Wisdom,36,1269,0.027586206896551724,0.05862339762402391,0.009469205482357298,0.10709774277137477,0.6521758437156677,0.4783273120603161,0.7378694472935284,0.0009117589215748012,0.029985007496251874,0.1374312843578211,2000,0.002349317466634457,0.015549334436357967,0.06401799100449776,0.42371334066600924,0.3108201996562694,1.0
phrase_signature_1_2gram_psalm_shuffle25,Hymn,136,2261,0.05673758865248227,0.03821286125544989,0.01704441527039635,0.01739636209495303,0.32132449746131897,0.2395336254555315,0.3470127489577096,1.0,1.0,1.0,2000,1.0,1.0,1.0,1.0,1.0,1.0
phrase_signature_1_2gram_psalm_shuffle25,Lament,1711,5369,0.24166666666666667,0.371058478551105,0.2620220948420847,0.4484253609270678,0.6911596059799194,0.6267230401513665,0.7520087618535949,0.0,0.0004997501249375312,0.047976011994003,2000,0.0,0.0,0.0005451819544773067,0.0036083742019672915,0.16774039758363496,1.0
phrase_signature_1_2gram_psalm_shuffle25,Praise,820,4469,0.15503875968992248,0.13164270538610018,0.10297462232956345,0.14293987306410386,0.4261787235736847,0.36465990511576657,0.4674696366863899,1.0,0.9890054972513743,1.0,2000,1.0,1.0,0.9980009995002499,1.0,1.0,1.0
phrase_signature_1_2gram_psalm_shuffle25,Royal,45,1400,0.031141868512110725,0.03947579981271919,0.0061769892520515055,0.05818808011153675,0.5648888945579529,0.34803284531419776,0.6555420168388175,0.06896789371967316,0.16141929035482258,0.6591704147926037,2000,0.11645610648322391,0.7707834179847428,0.2617610113861988,1.0,1.0,1.0
phrase_signature_1_2gram_psalm_shuffle25,Thanksgiving,28,1136,0.024054982817869417,0.03767024948531228,0.010435801875197763,0.1123256942703068,0.6916813254356384,0.5576931878845112,0.7464813923410837,0.0002609220682643354,0.011494252873563218,0.04697651174412794,2000,0.0015655324095860124,0.01036172733286791,0.05022028862869178,0.33239103461680297,0.18726696131488157,1.0
phrase_signature_1_2gram_psalm_shuffle25,Trust,15,864,0.017064846416382253,0.016560095963432067,0.0061299969105351165,0.11274955389541694,0.4634259343147278,0.2948312620690285,0.5158668793461927,0.6867731213569641,0.6281859070464768,1.0,2000,0.9626190986724343,1.0,0.9485641794487372,1.0,1.0,1.0
phrase_signature_1_2gram_psalm_shuffle25,Wisdom,36,1269,0.027586206896551724,0.06028350979633632,0.010289782761049325,0.1060067862977339,0.6567069292068481,0.48807602833488267,0.7415271567120203,0.000662754406221211,0.025487256371814093,0.12193903048475763,2000,0.0018681667826369705,0.012364761467393869,0.0627403689459618,0.4152571941666163,0.3108201996562694,1.0
phrase_signature_1_2gram_psalm_shuffle26,Hymn,136,2261,0.05673758865248227,0.03752763802712341,0.01631949410471113,0.016672980862463497,0.3098267912864685,0.24005459664282536,0.3261150964730831,1.0,1.0,1.0,2000,1.0,1.0,1.0,1.0,1.0,1.0
phrase_signature_1_2gram_psalm_shuffle26,Lament,1711,5369,0.24166666666666667,0.3642054197287265,0.2490360651567552,0.4392128345530423,0.6878605484962463,0.6226216888915742,0.7475782171379561,0.0,0.0004997501249375312,0.05147426286856572,2000,0.0,0.0,0.0005451819544773067,0.0036083742019672915,0.16774039758363496,1.0
phrase_signature_1_2gram_psalm_shuffle26,Praise,820,4469,0.15503875968992248,0.13300915971045174,0.10380465033328343,0.14360636243822122,0.4341164529323578,0.37784249867381087,0.47437119368153535,1.0,0.975512243878061,1.0,2000,1.0,1.0,0.9980009995002499,1.0,1.0,1.0
phrase_signature_1_2gram_psalm_shuffle26,Royal,45,1400,0.031141868512110725,0.04399037601366827,0.006463346795871387,0.06037275920461652,0.5835555791854858,0.3763303701969231,0.6744443119064057,0.028044674545526505,0.10644677661169415,0.4942528735632184,2000,0.10390765105302516,0.6877294531992113,0.2617610113861988,1.0,1.0,1.0
phrase_signature_1_2gram_psalm_shuffle26,Thanksgiving,28,1136,0.024054982817869417,0.03788103115491931,0.009736375652918253,0.10815245866381272,0.6879401206970215,0.5322671581237814,0.7504197915295892,0.00033500324934720993,0.011494252873563218,0.05147426286856572,2000,0.001746401459717288,0.011558838148932512,0.05022028862869178,0.33239103461680297,0.18726696131488157,1.0
phrase_signature_1_2gram_psalm_shuffle26,Trust,15,864,0.017064846416382253,0.016158672969339115,0.006167390993465597,0.11873502041755461,0.4777006208896637,0.29931971430778503,0.5329785382291002,0.6167507767677307,0.5572213893053474,1.0,2000,0.9626190986724343,1.0,0.9485641794487372,1.0,1.0,1.0
phrase_signature_1_2gram_psalm_shuffle26,Wisdom,36,1269,0.027586206896551724,0.06207080610527081,0.010501426342422996,0.10883724290864105,0.6589834690093994,0.5082429442676879,0.7360948424188923,0.000562902307137847,0.02448775612193903,0.11744127936031984,2000,0.0017008558920711921,0.011257387504870578,0.0627403689459618,0.4152571941666163,0.3108201996562694,1.0
phrase_signature_1_2gram_psalm_shuffle27,Hymn,136,2261,0.05673758865248227,0.03808264852906802,0.01658901369641912,0.016952231498138685,0.3195228576660156,0.2541918425109784,0.33997430045779325,1.0,1.0,1.0,2000,1.0,1.0,1.0,1.0,1.0,1.0
phrase_signature_1_2gram_psalm_shuffle27,Lament,1711,5369,0.24166666666666667,0.36957185156908656,0.25602432011061815,0.4454137479392115,0.695947527885437,0.6294917233132677,0.7538719871588507,0.0,0.0004997501249375312,0.03798100949525238,2000,0.0,0.0,0.0005451819544773067,0.0036083742019672915,0.16774039758363496,1.0
phrase_signature_1_2gram_psalm_shuffle27,Praise,820,4469,0.15503875968992248,0.1308087274140493,0.10222154901959282,0.14250334221699493,0.4239952564239502,0.3654969794693872,0.46448430387037604,1.0,0.9905047476261869,1.0,2000,1.0,1.0,0.9980009995002499,1.0,1.0,1.0
phrase_signature_1_2gram_psalm_shuffle27,Royal,45,1400,0.031141868512110725,0.04007545139995978,0.0063110935690142474,0.056349027473213395,0.5670952200889587,0.3358592317000273,0.6488642920668093,0.0625184178352356,0.15792103948025987,0.6411794102948526,2000,0.11374675957807179,0.7528511709680493,0.2617610113861988,1.0,1.0,1.0
phrase_signature_1_2gram_psalm_shuffle27,Thanksgiving,28,1136,0.024054982817869417,0.038119794535116394,0.009714205753920103,0.11218088862047182,0.6923729777336121,0.5441096563881922,0.7468435056405307,0.00024902302538976073,0.009495252373813094,0.041979010494752625,2000,0.0015582103768120642,0.010313265284646222,0.05022028862869178,0.33239103461680297,0.18726696131488157,1.0
phrase_signature_1_2gram_psalm_shuffle27,Trust,15,864,0.017064846416382253,0.015330875123540309,0.006631944392978696,0.11718877752337233,0.4479166567325592,0.3371201307241663,0.48233565287109875,0.7558146715164185,0.6946526736631684,1.0,2000,0.9626190986724343,1.0,0.9485641794487372,1.0,1.0,1.0
phrase_signature_1_2gram_psalm_shuffle27,Wisdom,36,1269,0.027586206896551724,0.06400318304727208,0.010452583836569112,0.10299657221545996,0.6576482057571411,0.4970226838012324,0.7415903241855809,0.0006196368485689163,0.02448775612193903,0.12043978010994502,2000,0.0018327287070348229,0.01213020888046396,0.0627403689459618,0.4152571941666163,0.3108201996562694,1.0
phrase_signature_1_2gram_psalm_shuffle28,Hymn,136,2261,0.05673758865248227,0.03783601318065121,0.01737261573294293,0.01771631050754259,0.3149634599685669,0.23770126672718533,0.3397071974376718,1.0,1.0,1.0,2000,1.0,1.0,1.0,1.0,1.0,1.0
phrase_signature_1_2gram_psalm_shuffle28,Lament,1711,5369,0.24166666666666667,0.36784317837213887,0.25288086496421036,0.4416691079545094,0.69474196434021,0.6277140662395014,0.7519078980797599,0.0,0.0004997501249375312,0.03948025987006497,2000,0.0,0.0,0.0005451819544773067,0.0036083742019672915,0.16774039758363496,1.0
phrase_signature_1_2gram_psalm_shuffle28,Praise,820,4469,0.15503875968992248,0.13414941629735763,0.10291288903188105,0.14630984327668317,0.4348689317703247,0.37751710900612834,0.47629294094949315,1.0,0.9770114942528736,1.0,2000,1.0,1.0,0.9980009995002499,1.0,1.0,1.0
phrase_signature_1_2gram_psalm_shuffle28,Royal,45,1400,0.031141868512110725,0.0410454584423712,0.00630483352639857,0.05865608419388514,0.5658254027366638,0.35214258346411714,0.6469133755169445,0.06617032736539841,0.15942028985507245,0.6416791604197901,2000,0.11548030364068218,0.764324910372161,0.2617610113861988,1.0,1.0,1.0
phrase_signature_1_2gram_psalm_shuffle28,Thanksgiving,28,1136,0.024054982817869417,0.04010340685425101,0.012276233327832196,0.11371278434060836,0.7045711874961853,0.5740595397224004,0.7578326092592529,0.000106700201286003,0.0069965017491254375,0.033483258370814596,2000,0.001536285492655789,0.010168151922545903,0.05022028862869178,0.33239103461680297,0.18726696131488157,1.0
phrase_signature_1_2gram_psalm_shuffle28,Trust,15,864,0.017064846416382253,0.016857059640779038,0.006128943452633245,0.11973956244240264,0.48912036418914795,0.29647255115811366,0.5540453828359243,0.5577019453048706,0.5152423788105946,1.0,2000,0.9626190986724343,1.0,0.9485641794487372,1.0,1.0,1.0
phrase_signature_1_2gram_psalm_shuffle28,Wisdom,36,1269,0.027586206896551724,0.06057414286119496,0.011092172444178507,0.10463350611556359,0.6644995808601379,0.4928892183646514,0.7416451131115255,0.00037576499744318426,0.01999000499750125,0.10194902548725637,2000,0.0014521941272038464,0.009611579733732518,0.06224473969911595,0.411976792507369,0.3108201996562694,1.0
phrase_signature_1_2gram_shuffle01,Hymn,136,2108,0.06060606060606061,0.04222561848224844,0.027204086750963596,0.02730885624841413,0.3415350615978241,0.28670411061774753,0.37808504701127427,1.0,0.9995002498750625,1.0,2000,1.0,1.0,1.0,1.0,1.0,1.0
phrase_signature_1_2gram_shuffle01,Lament,1596,4788,0.25,0.39100430176602824,0.285015976291454,0.4697344563260314,0.6983212828636169,0.636063985392537,0.7596477715376103,0.0,0.0004997501249375312,0.050974512743628186,2000,0.0,0.0,0.0005451819544773067,0.0036083742019672915,0.16774039758363496,1.0
phrase_signature_1_2gram_shuffle01,Praise,630,3780,0.14285714285714285,0.1266295769280842,0.09065733015499812,0.1363198637536793,0.4448626935482025,0.38791846251604234,0.49559996349856944,0.9999954700469971,0.9405297351324338,1.0,2000,1.0,1.0,0.9980009995002499,1.0,1.0,1.0
phrase_signature_1_2gram_shuffle01,Royal,45,1310,0.033210332103321034,0.04632948570945317,0.010899701171985642,0.052707876504034905,0.5880916118621826,0.4320380783645476,0.6747685262750335,0.02211793139576912,0.10394802598700649,0.48575712143928035,2000,0.10390765105302516,0.6877294531992113,0.2617610113861988,1.0,1.0,1.0
phrase_signature_1_2gram_shuffle01,Thanksgiving,21,938,0.021897810218978103,0.03191659238594945,0.0080882717022619,0.1284681157251002,0.6499136686325073,0.43178950344432165,0.7321101849230371,0.009336859919130802,0.04997501249375312,0.15642178910544727,2000,0.012207409642912724,0.08079669854546984,0.06031467025108135,0.39920231832109404,0.19848082001295425,1.0
phrase_signature_1_2gram_shuffle01,Trust,15,810,0.01818181818181818,0.015116764571964736,0.005959653823193879,0.11778763334690524,0.39950618147850037,0.2262891161048468,0.43708133695766543,0.9091748595237732,0.8755622188905547,1.0,2000,0.9626190986724343,1.0,0.9485641794487372,1.0,1.0,1.0
phrase_signature_1_2gram_shuffle01,Wisdom,28,1064,0.02564102564102564,0.054331255833776626,0.008845292237635829,0.09801456959291595,0.6288936734199524,0.4412421138876161,0.6981676080028957,0.009881902486085892,0.05547226386806597,0.2283858070964518,2000,0.01284953264444605,0.0850466926147785,0.0721311171039867,0.47741136693830405,0.3141566471666128,1.0
phrase_signature_1_2gram_shuffle02,Hymn,136,2108,0.06060606060606061,0.042311039085129704,0.027609516538814643,0.02770036414776799,0.3445034325122833,0.2940688149912446,0.37755067008577026,1.0,0.9995002498750625,1.0,2000,1.0,1.0,1.0,1.0,1.0,1.0
phrase_signature_1_2gram_shuffle02,Lament,1596,4788,0.25,0.37891456789419675,0.2762380350881657,0.4545851592059276,0.6956827640533447,0.6286931214698525,0.7556652405563734,0.0,0.0004997501249375312,0.051974012993503245,2000,0.0,0.0,0.0005451819544773067,0.0036083742019672915,0.16774039758363496,1.0
phrase_signature_1_2gram_shuffle02,Praise,630,3780,0.14285714285714285,0.12680275373418223,0.08980424230155434,0.13581369238049054,0.4419505298137665,0.3857871065875531,0.4927790144445545,0.9999985098838806,0.9515242378810594,1.0,2000,1.0,1.0,0.9980009995002499,1.0,1.0,1.0
phrase_signature_1_2gram_shuffle02,Royal,45,1310,0.033210332103321034,0.045302084405245635,0.011333001942994733,0.06027701402842256,0.5898218750953674,0.4621292966344022,0.6746431616547263,0.020115504041314125,0.09945027486256872,0.4777611194402799,2000,0.10390765105302516,0.6877294531992113,0.2617610113861988,1.0,1.0,1.0
phrase_signature_1_2gram_shuffle02,Thanksgiving,21,938,0.021897810218978103,0.03528515516395901,0.00804641741489371,0.13299577035432408,0.6685957908630371,0.43872620969371906,0.7498012950363871,0.00408294890075922,0.031484257871064465,0.09995002498750624,2000,0.007235605646915074,0.04789001642024082,0.05392560636677709,0.3569152743250256,0.18726696131488157,1.0
phrase_signature_1_2gram_shuffle02,Trust,15,810,0.01818181818181818,0.016004870896575242,0.006383788784375973,0.12064543041788878,0.42814815044403076,0.27616893591205355,0.46238687159593334,0.8302512168884277,0.7831084457771115,1.0,2000,0.9626190986724343,1.0,0.9485641794487372,1.0,1.0,1.0
phrase_signature_1_2gram_shuffle02,Wisdom,28,1064,0.02564102564102564,0.057055237578515494,0.008652716601869488,0.09958277433853044,0.6488319039344788,0.45359796577097433,0.7158331835792139,0.003557696705684066,0.033483258370814596,0.15642178910544727,2000,0.006761233558313609,0.04475030867205615,0.06510633572102838,0.43091672472104764,0.3108201996562694,1.0
phrase_signature_1_2gram_psalm_shuffle29,Hymn,136,2261,0.05673758865248227,0.038024695446304255,0.017483212361119698,0.017817850108222746,0.3188561797142029,0.25414112594679356,0.34214713381221423,1.0,1.0,1.0,2000,1.0,1.0,1.0,1.0,1.0,1.0
phrase_signature_1_2gram_psalm_shuffle29,Lament,1711,5369,0.24166666666666667,0.3682760646331247,0.25273298068836814,0.4422175143365516,0.6927543878555298,0.6271578150347243,0.7535898928737741,0.0,0.0004997501249375312,0.04547726136931534,2000,0.0,0.0,0.0005451819544773067,0.0036083742019672915,0.16774039758363496,1.0
phrase_signature_1_2gram_psalm_shuffle29,Praise,820,4469,0.15503875968992248,0.12997694834224122,0.10115772667820797,0.14130503915716217,0.4247692823410034,0.369154920681399,0.4628581525569943,1.0,0.9910044977511244,1.0,2000,1.0,1.0,0.9980009995002499,1.0,1.0,1.0
phrase_signature_1_2gram_psalm_shuffle29,Royal,45,1400,0.031141868512110725,0.042830974755063284,0.006404215798275565,0.060551673102683584,0.5798095464706421,0.3488804996341827,0.660624315683748,0.03402416408061981,0.12193903048475763,0.5237381309345327,2000,0.10390765105302516,0.6877294531992113,0.2617610113861988,1.0,1.0,1.0
phrase_signature_1_2gram_psalm_shuffle29,Thanksgiving,28,1136,0.024054982817869417,0.03863816772823707,0.009751138185333533,0.11178730618580317,0.6826270222663879,0.5263795509780906,0.746302904614478,0.0004742117307614535,0.01249375312343828,0.06146926536731634,2000,0.001896846923045814,0.012554585576409528,0.05022028862869178,0.33239103461680297,0.18726696131488157,1.0
phrase_signature_1_2gram_psalm_shuffle29,Trust,15,864,0.017064846416382253,0.015580799711482346,0.006002258552239036,0.11545889375344039,0.44945988059043884,0.2790474009401206,0.5055412482076844,0.7493314146995544,0.6896551724137931,1.0,2000,0.9626190986724343,1.0,0.9485641794487372,1.0,1.0,1.0
phrase_signature_1_2gram_psalm_shuffle29,Wisdom,36,1269,0.027586206896551724,0.05950567927502752,0.00962263798578555,0.09875067807201872,0.6460467576980591,0.48276128387804024,0.720987510981533,0.0013858166057616472,0.03698150924537731,0.1584207896051974,2000,0.003184698422851621,0.021078437273444363,0.06581455035194267,0.435604156839187,0.3108201996562694,1.0
phrase_signature_1_2gram_psalm_shuffle30,Hymn,136,2261,0.05673758865248227,0.03779392611630307,0.016665053445199512,0.017015276658700847,0.3147260546684265,0.2408890258718232,0.33465922642974727,1.0,1.0,1.0,2000,1.0,1.0,1.0,1.0,1.0,1.0
phrase_signature_1_2gram_psalm_shuffle30,Lament,1711,5369,0.24166666666666667,0.36777586007920715,0.2527394720329926,0.44315494587075194,0.689640998840332,0.6244687515465763,0.746875277759866,0.0,0.0004997501249375312,0.05147426286856572,2000,0.0,0.0,0.0005451819544773067,0.0036083742019672915,0.16774039758363496,1.0
phrase_signature_1_2gram_psalm_shuffle30,Praise,820,4469,0.15503875968992248,0.13084005974722795,0.1010069378903335,0.14102346171610478,0.42785489559173584,0.36615985056247635,0.465521802748794,1.0,0.9905047476261869,1.0,2000,1.0,1.0,0.9980009995002499,1.0,1.0,1.0
phrase_signature_1_2gram_psalm_shuffle30,Royal,45,1400,0.031141868512110725,0.042422457196206076,0.00622815719019671,0.04699170197931528,0.5656031966209412,0.33826358896434067,0.6588633869329628,0.06682606786489487,0.15742128935532235,0.6591704147926037,2000,0.11550184569241087,0.7644674898964408,0.2617610113861988,1.0,1.0,1.0
phrase_signature_1_2gram_psalm_shuffle30,Thanksgiving,28,1136,0.024054982817869417,0.03831582345960908,0.009052196630913884,0.11242302311232164,0.6764965057373047,0.5022221365320096,0.7391166723016414,0.0007005395018495619,0.018490754622688656,0.0769615192403798,2000,0.002362904488109052,0.015639262317073514,0.05022028862869178,0.33239103461680297,0.18726696131488157,1.0
phrase_signature_1_2gram_psalm_shuffle30,Trust,15,864,0.017064846416382253,0.015593512220781987,0.006332220864757729,0.11821416267379696,0.45532408356666565,0.3190073206384549,0.5029591073920588,0.7238875031471252,0.6596701649175413,1.0,2000,0.9626190986724343,1.0,0.9485641794487372,1.0,1.0,1.0
phrase_signature_1_2gram_psalm_shuffle30,Wisdom,36,1269,0.027586206896551724,0.05994970743313809,0.010561698781390242,0.10199995683129677,0.6573636531829834,0.5063609683168939,0.7395853216127202,0.0006323913112282753,0.026486756621689155,0.12243878060969515,2000,0.0018432613638839845,0.012199920959047204,0.0627403689459618,0.4152571941666163,0.3108201996562694,1.0
phrase_signature_1_2gram_shuffle04,Hymn,136,2108,0.06060606060606061,0.04281105439047205,0.0273325480840014,0.027469676862797804,0.34989604353904724,0.29541339999607574,0.3811335434729886,1.0,0.9995002498750625,1.0,2000,1.0,1.0,1.0,1.0,1.0,1.0
phrase_signature_1_2gram_shuffle04,Lament,1596,4788,0.25,0.3829083380448024,0.2729874584300022,0.4564851899020319,0.6949817538261414,0.6301484501034645,0.7542331323971128,0.0,0.0004997501249375312,0.0559720139930035,2000,0.0,0.0,0.0005451819544773067,0.0036083742019672915,0.16774039758363496,1.0
phrase_signature_1_2gram_shuffle04,Praise,630,3780,0.14285714285714285,0.1267393155898162,0.09145220928442646,0.13762199826014318,0.4461837708950043,0.3911163242910816,0.4950068409037543,0.9999926090240479,0.9385307346326837,1.0,2000,1.0,1.0,0.9980009995002499,1.0,1.0,1.0
phrase_signature_1_2gram_shuffle04,Royal,45,1310,0.033210332103321034,0.04446258488294676,0.010982765609655139,0.05631408247810673,0.5814927816390991,0.44142629018548074,0.6647533641808833,0.031362928450107574,0.11944027986006997,0.5357321339330335,2000,0.10390765105302516,0.6877294531992113,0.2617610113861988,1.0,1.0,1.0
phrase_signature_1_2gram_shuffle04,Thanksgiving,21,938,0.021897810218978103,0.03278208963845481,0.008026727035322197,0.13131976513392113,0.6544826626777649,0.4296647431796245,0.7305335353709566,0.007682157680392265,0.043478260869565216,0.1374312843578211,2000,0.01047566956417127,0.06933489909791757,0.05742411812961443,0.38007073551853593,0.19344559695074096,1.0
phrase_signature_1_2gram_shuffle04,Trust,15,810,0.01818181818181818,0.014371046853623034,0.006182379706826343,0.11738556136591709,0.3807407319545746,0.245587293940993,0.41276959296187626,0.9435174465179443,0.9165417291354323,1.0,2000,0.9626190986724343,1.0,0.9485641794487372,1.0,1.0,1.0
phrase_signature_1_2gram_shuffle04,Wisdom,28,1064,0.02564102564102564,0.051697287524276034,0.008751867374920334,0.10841234293509168,0.6482612490653992,0.4451621967890691,0.7269128333720125,0.003669304773211479,0.03298350824587706,0.1629185407296352,2000,0.00691079822757319,0.04574022642272613,0.06510633572102838,0.43091672472104764,0.3108201996562694,1.0
phrase_signature_1_2gram_shuffle03,Hymn,136,2108,0.06060606060606061,0.04178843886243198,0.02699979156489919,0.02708105329783089,0.33514830470085144,0.2898923328257718,0.3648419919406044,1.0,1.0,1.0,2000,1.0,1.0,1.0,1.0,1.0,1.0
phrase_signature_1_2gram_shuffle03,Lament,1596,4788,0.25,0.3850520308386457,0.2830236627668292,0.46042188268807177,0.6949315667152405,0.62823844375597,0.7536440943674878,0.0,0.0004997501249375312,0.049475262368815595,2000,0.0,0.0,0.0005451819544773067,0.0036083742019672915,0.16774039758363496,1.0
phrase_signature_1_2gram_shuffle03,Praise,630,3780,0.14285714285714285,0.12688483697103348,0.09042458234254261,0.1361923695652533,0.4471193552017212,0.38812066043235427,0.49859787911020187,0.9999896287918091,0.9365317341329336,1.0,2000,1.0,1.0,0.9980009995002499,1.0,1.0,1.0
phrase_signature_1_2gram_shuffle03,Royal,45,1310,0.033210332103321034,0.0465967659131793,0.011417989621576159,0.050846720522087795,0.589957594871521,0.42811345291675446,0.6739569332082591,0.01996517740190029,0.09745127436281859,0.4662668665667166,2000,0.10390765105302516,0.6877294531992113,0.2617610113861988,1.0,1.0,1.0
phrase_signature_1_2gram_shuffle03,Thanksgiving,21,938,0.021897810218978103,0.03475560478540786,0.008696548353524305,0.1337611932966105,0.6660066843032837,0.47070851149606335,0.7500937114421946,0.004600349813699722,0.033483258370814596,0.10594702648675662,2000,0.00774060387119829,0.051232428159253544,0.054719721851136695,0.3621712550184681,0.18726696131488157,1.0
phrase_signature_1_2gram_shuffle03,Trust,15,810,0.01818181818181818,0.01623759469299171,0.0062936801552696655,0.11918948217332184,0.41514402627944946,0.2553134058980729,0.4549524965716036,0.8703250288963318,0.8305847076461769,1.0,2000,0.9626190986724343,1.0,0.9485641794487372,1.0,1.0,1.0
phrase_signature_1_2gram_shuffle03,Wisdom,28,1064,0.02564102564102564,0.04737493784489443,0.008720739437164924,0.09606061997829973,0.6395676732063293,0.42247610021502013,0.7230175275365575,0.00580392824485898,0.0399800099950025,0.1904047976011994,2000,0.009192446453703774,0.06084168113801923,0.0677080814431494,0.4481367960507766,0.3108201996562694,1.0
phrase_signature_1_2gram_shuffle05,Hymn,136,2108,0.06060606060606061,0.04202410917688793,0.02754525794742511,0.027598952838343585,0.339773565530777,0.2935503814530846,0.3690322232200574,1.0,1.0,1.0,2000,1.0,1.0,1.0,1.0,1.0,1.0
phrase_signature_1_2gram_shuffle05,Lament,1596,4788,0.25,0.3736919474460372,0.2720445220143319,0.4503291266066898,0.6838778853416443,0.6179783567007664,0.7451738885413031,0.0,0.0004997501249375312,0.06946526736631684,2000,0.0,0.0,0.0005451819544773067,0.0036083742019672915,0.16774039758363496,1.0
phrase_signature_1_2gram_shuffle05,Praise,630,3780,0.14285714285714285,0.12765794212983178,0.09440088785134262,0.13696500353247984,0.44868648052215576,0.3911635267812388,0.49800226771548634,0.9999818801879883,0.928535732133933,1.0,2000,1.0,1.0,0.9980009995002499,1.0,1.0,1.0
phrase_signature_1_2gram_shuffle05,Royal,45,1310,0.033210332103321034,0.04433119435709927,0.01062739533252738,0.04876139203922956,0.5808651447296143,0.43722165909386257,0.6717126889331557,0.03238850086927414,0.12243878060969515,0.5412293853073463,2000,0.10390765105302516,0.6877294531992113,0.2617610113861988,1.0,1.0,1.0
phrase_signature_1_2gram_shuffle05,Thanksgiving,21,938,0.021897810218978103,0.03057803023501663,0.007712430279114856,0.1283161143482044,0.6282363533973694,0.4119456733641662,0.7175600879460396,0.02211892604827881,0.07146426786606697,0.24037981009495252,2000,0.025040293639560916,0.16573319941468878,0.07982710772273437,0.5283485151311416,0.27106767471879034,1.0
phrase_signature_1_2gram_shuffle05,Trust,15,810,0.01818181818181818,0.016359432380735152,0.006403203057397162,0.12139774459562948,0.44559669494628906,0.2834510021859589,0.4846401954799982,0.7652643918991089,0.712143928035982,1.0,2000,0.9626190986724343,1.0,0.9485641794487372,1.0,1.0,1.0
phrase_signature_1_2gram_shuffle05,Wisdom,28,1064,0.02564102564102564,0.05180669549233616,0.008624597620823694,0.09961085595471758,0.6351705193519592,0.45205348413986124,0.705811610988349,0.007256236393004656,0.04847576211894053,0.20789605197401298,2000,0.010437052346102586,0.06907930484670216,0.06972541126696925,0.46148881702900174,0.3108201996562694,1.0
phrase_signature_1_2gram_shuffle06,Hymn,136,2108,0.06060606060606061,0.042590503210935084,0.027342551415149168,0.02747098780975526,0.34608355164527893,0.2911774126503841,0.3798828044573068,1.0,0.9995002498750625,1.0,2000,1.0,1.0,1.0,1.0,1.0,1.0
phrase_signature_1_2gram_shuffle06,Lament,1596,4788,0.25,0.3798994806028554,0.27528774580384135,0.4519625882427562,0.6964312791824341,0.6282453168067801,0.7570479537774145,0.0,0.0004997501249375312,0.05347326336831584,2000,0.0,0.0,0.0005451819544773067,0.0036083742019672915,0.16774039758363496,1.0
phrase_signature_1_2gram_shuffle06,Praise,630,3780,0.14285714285714285,0.1247066197216582,0.0887788417868879,0.1340686492739089,0.4403623938560486,0.38573789796589975,0.4899755808212671,0.9999992251396179,0.9555222388805598,1.0,2000,1.0,1.0,0.9980009995002499,1.0,1.0,1.0
phrase_signature_1_2gram_shuffle06,Royal,45,1310,0.033210332103321034,0.046743465895161124,0.011319762439302165,0.05445740068468887,0.595979630947113,0.460040077337427,0.6802739845591248,0.01418923120945692,0.09045477261369315,0.42628685657171417,2000,0.10390765105302516,0.6877294531992113,0.2617610113861988,1.0,1.0,1.0
phrase_signature_1_2gram_shuffle06,Thanksgiving,21,938,0.021897810218978103,0.03262480066510177,0.008337111129682427,0.13073239565421338,0.6492029428482056,0.45073802723370937,0.7249293559435479,0.009620497934520245,0.050974512743628186,0.16141929035482258,2000,0.012432643484610779,0.08228744484974258,0.0606495619046001,0.4014188524398174,0.2011753767033397,1.0
phrase_signature_1_2gram_shuffle06,Trust,15,810,0.01818181818181818,0.016496375904288194,0.005930303955967029,0.12310821423678915,0.4288065731525421,0.21182091901074834,0.4902792643624841,0.8280303478240967,0.7811094452773614,1.0,2000,0.9626190986724343,1.0,0.9485641794487372,1.0,1.0,1.0
phrase_signature_1_2gram_shuffle06,Wisdom,28,1064,0.02564102564102564,0.060576578685206425,0.008620349778241892,0.09574119725128058,0.625,0.43144780749185857,0.6980132699495049,0.011898741126060486,0.059470264867566215,0.255872063968016,2000,0.014829291611113958,0.09815004484933097,0.07546075904645864,0.49944913614239106,0.32565535414111124,1.0
phrase_signature_1_2gram_shuffle07,Hymn,136,2108,0.06060606060606061,0.04237239623010783,0.027463587197962512,0.027601435075609197,0.34382325410842896,0.27835004034438476,0.37518698691597674,1.0,0.9995002498750625,1.0,2000,1.0,1.0,1.0,1.0,1.0,1.0
phrase_signature_1_2gram_shuffle07,Lament,1596,4788,0.25,0.3808374004591911,0.27729283745762984,0.4576525462926067,0.6900293827056885,0.6254556412024982,0.7515297089768191,0.0,0.0004997501249375312,0.06146926536731634,2000,0.0,0.0,0.0005451819544773067,0.0036083742019672915,0.16774039758363496,1.0
phrase_signature_1_2gram_shuffle07,Praise,630,3780,0.14285714285714285,0.12900332667796788,0.09135099509326466,0.13794195721195826,0.4530752897262573,0.3935324102476713,0.5057295289620475,0.9999206066131592,0.9065467266366817,1.0,2000,1.0,1.0,0.9980009995002499,1.0,1.0,1.0
phrase_signature_1_2gram_shuffle07,Royal,45,1310,0.033210332103321034,0.04428588042754298,0.01081378709278929,0.04614803326833322,0.57835453748703,0.4473951684612332,0.6670949480149285,0.03677110746502876,0.12393803098450774,0.5637181409295352,2000,0.10390765105302516,0.6877294531992113,0.2617610113861988,1.0,1.0,1.0
phrase_signature_1_2gram_shuffle07,Thanksgiving,21,938,0.021897810218978103,0.03278450413706208,0.007902181136688856,0.13012459802628062,0.6540257930755615,0.42313523292796423,0.7249722060848512,0.007835127413272858,0.04547726136931534,0.14192903548225888,2000,0.010638583691850785,0.07041317238012547,0.058516196447230925,0.387298831011156,0.19344559695074096,1.0
phrase_signature_1_2gram_shuffle07,Trust,15,810,0.01818181818181818,0.01628024224337929,0.005978089605811387,0.1190621194828599,0.42543208599090576,0.22707383856563076,0.4746210195973233,0.8392165899276733,0.7956021989005497,1.0,2000,0.9626190986724343,1.0,0.9485641794487372,1.0,1.0,1.0
phrase_signature_1_2gram_shuffle07,Wisdom,28,1064,0.02564102564102564,0.056744447909317194,0.008869720340124877,0.09704034961477889,0.6286251544952393,0.4267474912217626,0.7114741512258395,0.01001073233783245,0.05697151424287856,0.24037981009495252,2000,0.01297687525274577,0.08588953009101243,0.07317442196333027,0.4843166474750594,0.31748276804993725,1.0
phrase_signature_1_2gram_shuffle08,Hymn,136,2108,0.06060606060606061,0.043029598180401446,0.027433242086558902,0.027632529528343996,0.35244935750961304,0.3023201313735602,0.38517330630817764,1.0,0.9995002498750625,1.0,2000,1.0,1.0,1.0,1.0,1.0,1.0
phrase_signature_1_2gram_shuffle08,Lament,1596,4788,0.25,0.3764252691727171,0.27200973153663527,0.45177260302695826,0.6921999454498291,0.6266498837444006,0.7563876676440857,0.0,0.0004997501249375312,0.059470264867566215,2000,0.0,0.0,0.0005451819544773067,0.0036083742019672915,0.16774039758363496,1.0
phrase_signature_1_2gram_shuffle08,Praise,630,3780,0.14285714285714285,0.12555893190090417,0.08938464210281953,0.13536537546697872,0.44453662633895874,0.38639839989145536,0.49418598352001475,0.9999960064888,0.9455272363818091,1.0,2000,1.0,1.0,0.9980009995002499,1.0,1.0,1.0
phrase_signature_1_2gram_shuffle08,Royal,45,1310,0.033210332103321034,0.0478611940390057,0.01154638061128315,0.06503329204179156,0.5921458601951599,0.43935376026194267,0.6824665973694312,0.017669595777988434,0.09745127436281859,0.45077461269365315,2000,0.10390765105302516,0.6877294531992113,0.2617610113861988,1.0,1.0,1.0
phrase_signature_1_2gram_shuffle08,Thanksgiving,21,938,0.021897810218978103,0.034317366055509044,0.008340630682500242,0.13172111699718303,0.6623007655143738,0.4466851273995964,0.7505155711253579,0.0054427506402134895,0.0399800099950025,0.12593703148425786,2000,0.00840424731209436,0.055624858707931685,0.056296355133691425,0.37260645525943703,0.1895826280408183,1.0
phrase_signature_1_2gram_shuffle08,Trust,15,810,0.01818181818181818,0.015902132415016,0.006197127909552319,0.11905060334571473,0.4252674877643585,0.24236150705631584,0.4596164474730564,0.839749813079834,0.7951024487756122,1.0,2000,0.9626190986724343,1.0,0.9485641794487372,1.0,1.0,1.0
phrase_signature_1_2gram_shuffle08,Wisdom,28,1064,0.02564102564102564,0.05445297528479735,0.008547804234407557,0.10620420015546178,0.6318475008010864,0.4459401419594291,0.7053541592604297,0.008557608351111412,0.0544727636181909,0.22788605697151423,2000,0.011594179056344493,0.076737933558372,0.07171962608037674,0.4746878476036282,0.3141566471666128,1.0
phrase_signature_1_2gram_shuffle09,Hymn,136,2108,0.06060606060606061,0.042444389660164915,0.02727143458631031,0.027403878257133422,0.34465691447257996,0.2843592344227369,0.3764666001165628,1.0,0.9995002498750625,1.0,2000,1.0,1.0,1.0,1.0,1.0,1.0
phrase_signature_1_2gram_shuffle09,Lament,1596,4788,0.25,0.37377934789547507,0.2666301463127532,0.44766283263485696,0.6866626739501953,0.620155160852078,0.7465719318616112,0.0,0.0004997501249375312,0.06596701649175413,2000,0.0,0.0,0.0005451819544773067,0.0036083742019672915,0.16774039758363496,1.0
phrase_signature_1_2gram_shuffle09,Praise,630,3780,0.14285714285714285,0.13036670240850282,0.09234248376419033,0.1404688992030989,0.4526866674423218,0.39720516678924855,0.5035604351621524,0.9999300241470337,0.912543728135932,1.0,2000,1.0,1.0,0.9980009995002499,1.0,1.0,1.0
phrase_signature_1_2gram_shuffle09,Royal,45,1310,0.033210332103321034,0.04492402337226588,0.010604870075493978,0.06648141711828262,0.5931128263473511,0.44197466662863505,0.6712010565354214,0.01672937162220478,0.09545227386306847,0.4427786106946527,2000,0.10390765105302516,0.6877294531992113,0.2617610113861988,1.0,1.0,1.0
phrase_signature_1_2gram_shuffle09,Thanksgiving,21,938,0.021897810218978103,0.031513192528162925,0.0077421576319314745,0.12956409758746937,0.6508274674415588,0.41609068230097146,0.7262945961374958,0.008982950821518898,0.04297851074462768,0.14642678660669664,2000,0.011901701403905165,0.07877331953612363,0.05712333706564439,0.3780799678073956,0.19344559695074096,1.0
phrase_signature_1_2gram_shuffle09,Trust,15,810,0.01818181818181818,0.015447290634105715,0.005723955900364773,0.12059184847668337,0.4078189432621002,0.1828153969430405,0.4506978714245009,0.8897593021392822,0.8495752123938031,1.0,2000,0.9626190986724343,1.0,0.9485641794487372,1.0,1.0,1.0
phrase_signature_1_2gram_shuffle09,Wisdom,28,1064,0.02564102564102564,0.059638041742234076,0.009281962002493191,0.09599903263282417,0.651919960975647,0.4623273400521901,0.7284304130950343,0.003004919271916151,0.02848575712143928,0.14492753623188406,2000,0.006009838543832302,0.039777080260010374,0.06363839356917285,0.4212009141604905,0.3108201996562694,1.0
phrase_signature_1_2gram_shuffle11,Hymn,136,2108,0.06060606060606061,0.04228793576287222,0.027453128843829576,0.02756315096482337,0.3437604606151581,0.2855616608856303,0.37424193299038133,1.0,0.9995002498750625,1.0,2000,1.0,1.0,1.0,1.0,1.0,1.0
phrase_signature_1_2gram_shuffle11,Lament,1596,4788,0.25,0.3834347722671402,0.2743222249563992,0.45666471934683717,0.693367600440979,0.6271082261442772,0.7554615902842235,0.0,0.0004997501249375312,0.05547226386806597,2000,0.0,0.0,0.0005451819544773067,0.0036083742019672915,0.16774039758363496,1.0
phrase_signature_1_2gram_shuffle11,Praise,630,3780,0.14285714285714285,0.1297633689574445,0.09017066250527511,0.14127524663090188,0.45072540640830994,0.3916922256428944,0.5028733646806268,0.9999634623527527,0.9215392303848076,1.0,2000,1.0,1.0,0.9980009995002499,1.0,1.0,1.0
phrase_signature_1_2gram_shuffle11,Royal,45,1310,0.033210332103321034,0.04548145781732506,0.011744236787197507,0.05103256824694183,0.5825784802436829,0.4354226754567039,0.6677715385295566,0.029652414843440056,0.11894052973513243,0.5387306346826587,2000,0.10390765105302516,0.6877294531992113,0.2617610113861988,1.0,1.0,1.0
phrase_signature_1_2gram_shuffle11,Thanksgiving,21,938,0.021897810218978103,0.031703335172499694,0.007796807600440947,0.12977221124561145,0.645446240901947,0.41160838406808237,0.7184811868182898,0.011248222552239895,0.04897551224387806,0.1679160419790105,2000,0.013813606643101627,0.09142757099302833,0.05997001499250375,0.3969211622164021,0.20561147997429857,1.0
phrase_signature_1_2gram_shuffle11,Trust,15,810,0.01818181818181818,0.01541828024017212,0.0061685671516217575,0.11777087427477856,0.4090535044670105,0.25284841682451825,0.44903051424159096,0.8866391181945801,0.8490754622688655,1.0,2000,0.9626190986724343,1.0,0.9485641794487372,1.0,1.0,1.0
phrase_signature_1_2gram_shuffle11,Wisdom,28,1064,0.02564102564102564,0.04920940790767686,0.008925728414474695,0.10025579292346175,0.6330894231796265,0.43406974671133464,0.720299311427906,0.00804903730750084,0.051974012993503245,0.22088955522238882,2000,0.011268652230501174,0.07458338205354915,0.07171962608037674,0.4746878476036282,0.31240193856560095,1.0
phrase_signature_1_2gram_shuffle12,Hymn,136,2108,0.06060606060606061,0.04222449155439294,0.027235494223080522,0.027312986639054106,0.3414931893348694,0.2941748569157554,0.3672795697501297,1.0,0.9995002498750625,1.0,2000,1.0,1.0,1.0,1.0,1.0,1.0
phrase_signature_1_2gram_shuffle12,Lament,1596,4788,0.25,0.3829454635768123,0.2725716526690686,0.46043238007812304,0.6923189759254456,0.6272580033546309,0.7523415603892406,0.0,0.0004997501249375312,0.05647176411794103,2000,0.0,0.0,0.0005451819544773067,0.0036083742019672915,0.16774039758363496,1.0
phrase_signature_1_2gram_shuffle12,Praise,630,3780,0.14285714285714285,0.12584769115794214,0.08801784026891915,0.13584590627860044,0.4459399878978729,0.3884438199603218,0.4946697113454774,0.9999932050704956,0.9395302348825587,1.0,2000,1.0,1.0,0.9980009995002499,1.0,1.0,1.0
phrase_signature_1_2gram_shuffle12,Royal,45,1310,0.033210332103321034,0.0459665757321778,0.011536716292217968,0.06799803866594677,0.5975063443183899,0.4438479669538521,0.6817830892328243,0.012977469712495804,0.08845577211394302,0.4197901049475262,2000,0.10390765105302516,0.6877294531992113,0.2617610113861988,1.0,1.0,1.0
phrase_signature_1_2gram_shuffle12,Thanksgiving,21,938,0.021897810218978103,0.03456641115462236,0.007746943913531927,0.13339392967193062,0.6659051775932312,0.4190462397497764,0.7397692207222415,0.004621781408786774,0.03398300849575212,0.11044477761119441,2000,0.00774060387119829,0.051232428159253544,0.055028665442559625,0.3642160477266611,0.18726696131488157,1.0
phrase_signature_1_2gram_shuffle12,Trust,15,810,0.01818181818181818,0.01684536526320974,0.0061385298694185565,0.12209043759209968,0.431028813123703,0.24799026608729083,0.4749794801020902,0.8203989267349243,0.776111944027986,1.0,2000,0.9626190986724343,1.0,0.9485641794487372,1.0,1.0,1.0
phrase_signature_1_2gram_shuffle12,Wisdom,28,1064,0.02564102564102564,0.07171839178050847,0.009672667106205218,0.1032371808925787,0.64654940366745,0.457359094875754,0.7214699733568879,0.00402322132140398,0.03498250874562719,0.16591704147926037,2000,0.00728341790943824,0.048206469547879084,0.0654218345372768,0.4330049042360749,0.3108201996562694,1.0
phrase_signature_1_2gram_shuffle10,Hymn,136,2108,0.06060606060606061,0.04231214723881275,0.02707607516066112,0.027198969419794317,0.341562956571579,0.28591094133269285,0.37645607440049805,1.0,0.9995002498750625,1.0,2000,1.0,1.0,1.0,1.0,1.0,1.0
phrase_signature_1_2gram_shuffle10,Lament,1596,4788,0.25,0.3865333189313099,0.2743506340403521,0.4675603602945523,0.6961842775344849,0.6313137015067296,0.7559327624696204,0.0,0.0004997501249375312,0.0544727636181909,2000,0.0,0.0,0.0005451819544773067,0.0036083742019672915,0.16774039758363496,1.0
phrase_signature_1_2gram_shuffle10,Praise,630,3780,0.14285714285714285,0.12683029362989498,0.08976000535035063,0.13750594394805155,0.44725456833839417,0.3905683087722187,0.499331215369597,0.9999890923500061,0.935032483758121,1.0,2000,1.0,1.0,0.9980009995002499,1.0,1.0,1.0
phrase_signature_1_2gram_shuffle10,Royal,45,1310,0.033210332103321034,0.046156138239418235,0.009125493499249543,0.05339027107357908,0.5887362360954285,0.4460803001422952,0.6743723972357252,0.021353090181946754,0.1024487756121939,0.4777611194402799,2000,0.10390765105302516,0.6877294531992113,0.2617610113861988,1.0,1.0,1.0
phrase_signature_1_2gram_shuffle10,Thanksgiving,21,938,0.021897810218978103,0.03190136779471123,0.008374311691847243,0.13055802245094658,0.6524012684822083,0.4572865231579051,0.7186019763896967,0.008400937542319298,0.04597701149425287,0.1469265367316342,2000,0.011236922827306067,0.07437337590974197,0.058516196447230925,0.387298831011156,0.19344559695074096,1.0
phrase_signature_1_2gram_shuffle10,Trust,15,810,0.01818181818181818,0.01605315282077157,0.00579460892810664,0.12010615966688933,0.4228806495666504,0.1998195023488205,0.4693232841948112,0.8473517298698425,0.8025987006496752,1.0,2000,0.9626190986724343,1.0,0.9485641794487372,1.0,1.0,1.0
phrase_signature_1_2gram_shuffle10,Wisdom,28,1064,0.02564102564102564,0.056950711749155274,0.008634112702753055,0.1013675983909523,0.6293971538543701,0.4400169835630631,0.7051325576275845,0.009644248522818089,0.05347326336831584,0.2288855572213893,2000,0.01269775667581065,0.08404213902454155,0.07171962608037674,0.4746878476036282,0.3141566471666128,1.0
phrase_signature_1_2gram_shuffle13,Hymn,136,2108,0.06060606060606061,0.04270610755191034,0.027568975877412704,0.02770885113862433,0.34929609298706055,0.30131359236280253,0.383674885372126,1.0,0.9995002498750625,1.0,2000,1.0,1.0,1.0,1.0,1.0,1.0
phrase_signature_1_2gram_shuffle13,Lament,1596,4788,0.25,0.3811995334526737,0.26963261055916127,0.4583868491669103,0.6951820850372314,0.6300021912788026,0.75711369895785,0.0,0.0004997501249375312,0.053973013493253376,2000,0.0,0.0,0.0005451819544773067,0.0036083742019672915,0.16774039758363496,1.0
phrase_signature_1_2gram_shuffle13,Praise,630,3780,0.14285714285714285,0.12776879081089298,0.08941662962290729,0.13829950748286704,0.44783949851989746,0.39188950742493756,0.49985597980780927,0.9999865293502808,0.9295352323838081,1.0,2000,1.0,1.0,0.9980009995002499,1.0,1.0,1.0
phrase_signature_1_2gram_shuffle13,Royal,45,1310,0.033210332103321034,0.046118318555785576,0.010644303240265825,0.04615892848508831,0.5931636691093445,0.4435183938769404,0.6792435686811013,0.016681097447872162,0.09545227386306847,0.4472763618190905,2000,0.10390765105302516,0.6877294531992113,0.2617610113861988,1.0,1.0,1.0
phrase_signature_1_2gram_shuffle13,Thanksgiving,21,938,0.021897810218978103,0.030295701219368434,0.007570159261586279,0.127768012120338,0.630622386932373,0.3975510964266822,0.7030270292273498,0.020217830315232277,0.06596701649175413,0.22488755622188905,2000,0.02299418914559725,0.15219072866723643,0.07427921428025934,0.49162889261120046,0.255969576187516,1.0
phrase_signature_1_2gram_shuffle13,Trust,15,810,0.01818181818181818,0.016031711608332142,0.006074618225858328,0.1204017962411481,0.4313580393791199,0.24511289472072417,0.4727531056377862,0.8192505240440369,0.7746126936531734,1.0,2000,0.9626190986724343,1.0,0.9485641794487372,1.0,1.0,1.0
phrase_signature_1_2gram_shuffle13,Wisdom,28,1064,0.02564102564102564,0.05445291602526527,0.00807356224741182,0.09419689334805295,0.630504846572876,0.4183108473959405,0.7059992114388471,0.009138926863670349,0.050974512743628186,0.22488755622188905,2000,0.012108357358806141,0.08014110511710922,0.07089170646464847,0.46920812884521707,0.312757528520508,1.0
phrase_signature_1_2gram_shuffle14,Hymn,136,2108,0.06060606060606061,0.043159372971044316,0.027600011569975123,0.0277464161416713,0.35563400387763977,0.2943778208154411,0.3879022895570745,1.0,0.9995002498750625,1.0,2000,1.0,1.0,1.0,1.0,1.0,1.0
phrase_signature_1_2gram_shuffle14,Lament,1596,4788,0.25,0.3850543933702571,0.2764516698234485,0.4615729295635313,0.6933916807174683,0.6293253241614014,0.7551992454961225,0.0,0.0004997501249375312,0.0544727636181909,2000,0.0,0.0,0.0005451819544773067,0.0036083742019672915,0.16774039758363496,1.0
phrase_signature_1_2gram_shuffle14,Praise,630,3780,0.14285714285714285,0.12631722790065303,0.08961219962102776,0.1365788016357701,0.44248509407043457,0.3874322869927988,0.4919065308446377,0.999998152256012,0.9500249875062469,1.0,2000,1.0,1.0,0.9980009995002499,1.0,1.0,1.0
phrase_signature_1_2gram_shuffle14,Royal,45,1310,0.033210332103321034,0.04618365565246505,0.01151211937400285,0.05435536255679566,0.5902798771858215,0.41550694069272737,0.6770798085889737,0.01961194910109043,0.10144927536231885,0.47726136931534235,2000,0.10390765105302516,0.6877294531992113,0.2617610113861988,1.0,1.0,1.0
phrase_signature_1_2gram_shuffle14,Thanksgiving,21,938,0.021897810218978103,0.031929300364435226,0.007516741206083303,0.12968432875589964,0.6470707654953003,0.4076106000484354,0.7367924290279553,0.010517069138586521,0.05247376311844078,0.16091954022988506,2000,0.013264771886505522,0.08779502013440153,0.062081635238718666,0.410897259477543,0.20114942528735633,1.0
phrase_signature_1_2gram_shuffle14,Trust,15,810,0.01818181818181818,0.015739139245211167,0.006059992113290264,0.12057727798343239,0.42674896121025085,0.233494371175766,0.46640657539015284,0.8349090218544006,0.7856071964017991,1.0,2000,0.9626190986724343,1.0,0.9485641794487372,1.0,1.0,1.0
phrase_signature_1_2gram_shuffle14,Wisdom,28,1064,0.02564102564102564,0.049049012374878076,0.009204680991771182,0.09584110478910114,0.6379229426383972,0.4479441244154523,0.7162709617580579,0.006313833873718977,0.046476761619190406,0.19740129935032483,2000,0.009642163311819668,0.06381820428903032,0.06922854362292538,0.45820021883928524,0.3108201996562694,1.0
phrase_signature_1_2gram_shuffle15,Hymn,136,2108,0.06060606060606061,0.042013914613171076,0.027143108334403237,0.02725435362549103,0.33878293633461,0.28877899995013934,0.37165837465023716,1.0,1.0,1.0,2000,1.0,1.0,1.0,1.0,1.0,1.0
phrase_signature_1_2gram_shuffle15,Lament,1596,4788,0.25,0.39454556227745013,0.2871981845349495,0.4724618393363199,0.7002237439155579,0.6345019037068661,0.7590675799116099,0.0,0.0004997501249375312,0.04547726136931534,2000,0.0,0.0,0.0005451819544773067,0.0036083742019672915,0.16774039758363496,1.0
phrase_signature_1_2gram_shuffle15,Praise,630,3780,0.14285714285714285,0.1261432417859928,0.08947951081471398,0.13527494646886848,0.4434349536895752,0.38514167689832607,0.4920009191576049,0.9999973773956299,0.9480259870064968,1.0,2000,1.0,1.0,0.9980009995002499,1.0,1.0,1.0
phrase_signature_1_2gram_shuffle15,Royal,45,1310,0.033210332103321034,0.043856664439997924,0.011548077037040732,0.06850102429382127,0.5826972126960754,0.42677043756963995,0.6680735632246221,0.029470117762684822,0.11594202898550725,0.5252373813093453,2000,0.10390765105302516,0.6877294531992113,0.2617610113861988,1.0,1.0,1.0
phrase_signature_1_2gram_shuffle15,Thanksgiving,21,938,0.021897810218978103,0.03150855368385163,0.008566530396408829,0.12894658552675958,0.6527058482170105,0.45444257174500213,0.7232926712612211,0.00829219538718462,0.04247876061969016,0.14492753623188406,2000,0.011126907548298853,0.07364522214138683,0.0568187243957639,0.3760638399980243,0.19344559695074096,1.0
phrase_signature_1_2gram_shuffle15,Trust,15,810,0.01818181818181818,0.015273948997693635,0.005962387067836574,0.12854820203069336,0.41209876537323,0.2230854978757768,0.45516354157688177,0.8786748051643372,0.8345827086456772,1.0,2000,0.9626190986724343,1.0,0.9485641794487372,1.0,1.0,1.0
phrase_signature_1_2gram_shuffle15,Wisdom,28,1064,0.02564102564102564,0.04631194726190505,0.009160623007813853,0.09814821059538621,0.6354725956916809,0.45000624963758734,0.7101492836373255,0.007147067692130804,0.046476761619190406,0.2098950524737631,2000,0.010350184399903435,0.06850435541290546,0.06922854362292538,0.45820021883928524,0.3108201996562694,1.0
phrase_signature_1_2gram_shuffle16,Hymn,136,2108,0.06060606060606061,0.042593640832246926,0.02776554943439696,0.027879248413880082,0.347398579120636,0.29832511338306456,0.37893428664261614,1.0,0.9995002498750625,1.0,2000,1.0,1.0,1.0,1.0,1.0,1.0
phrase_signature_1_2gram_shuffle16,Lament,1596,4788,0.25,0.38775441439325997,0.28110773910682757,0.4653928953805588,0.7004660367965698,0.6382786083509165,0.7598240243235629,0.0,0.0004997501249375312,0.047976011994003,2000,0.0,0.0,0.0005451819544773067,0.0036083742019672915,0.16774039758363496,1.0
phrase_signature_1_2gram_shuffle16,Praise,630,3780,0.14285714285714285,0.12594437811182177,0.0906774398972514,0.13472474882381685,0.44377949833869934,0.38531390061778065,0.49060695621012196,0.9999969601631165,0.9465267366316842,1.0,2000,1.0,1.0,0.9980009995002499,1.0,1.0,1.0
phrase_signature_1_2gram_shuffle16,Royal,45,1310,0.033210332103321034,0.042754599425756844,0.010520888823611234,0.06705808403998585,0.5822731256484985,0.44324441991479374,0.6643822711085703,0.030125482007861137,0.12393803098450774,0.5442278860569715,2000,0.10390765105302516,0.6877294531992113,0.2617610113861988,1.0,1.0,1.0
phrase_signature_1_2gram_shuffle16,Thanksgiving,21,938,0.021897810218978103,0.03717865136041336,0.008557874496796052,0.13038282674035784,0.6802213191986084,0.46523872636225705,0.7426801923442042,0.002345246495679021,0.0239880059970015,0.0769615192403798,2000,0.004974250914528966,0.032922877447965224,0.05094540108586483,0.33719030770810854,0.18726696131488157,1.0
phrase_signature_1_2gram_shuffle16,Trust,15,810,0.01818181818181818,0.016423921493269936,0.005982005754065722,0.11656987414101852,0.4004938304424286,0.2319495056296115,0.45196171989464007,0.9070106148719788,0.8770614692653673,1.0,2000,0.9626190986724343,1.0,0.9485641794487372,1.0,1.0,1.0
phrase_signature_1_2gram_shuffle16,Wisdom,28,1064,0.02564102564102564,0.05588322894008722,0.008529656768707471,0.09687318705813557,0.643998384475708,0.45535660565315134,0.7127271935418923,0.004607428330928087,0.03548225887056472,0.17391304347826086,2000,0.00809271924663335,0.0535629602438198,0.0654218345372768,0.4330049042360749,0.3108201996562694,1.0
phrase_signature_1_2gram_shuffle17,Hymn,136,2108,0.06060606060606061,0.04272794624148983,0.027803250556059696,0.02789770908983773,0.34905192255973816,0.3012636609075751,0.3800205629479148,1.0,0.9995002498750625,1.0,2000,1.0,1.0,1.0,1.0,1.0,1.0
phrase_signature_1_2gram_shuffle17,Lament,1596,4788,0.25,0.3786548563174803,0.2662291729478105,0.4560625576694101,0.6933388113975525,0.628053356651956,0.7546084588496809,0.0,0.0004997501249375312,0.05847076461769116,2000,0.0,0.0,0.0005451819544773067,0.0036083742019672915,0.16774039758363496,1.0
phrase_signature_1_2gram_shuffle17,Praise,630,3780,0.14285714285714285,0.1269819538112413,0.09063927967441535,0.13513842734655,0.4472213685512543,0.3902226120242743,0.4969500555387898,0.9999892115592957,0.9320339830084957,1.0,2000,1.0,1.0,0.9980009995002499,1.0,1.0,1.0
phrase_signature_1_2gram_shuffle17,Royal,45,1310,0.033210332103321034,0.045159024784448616,0.011361328750618212,0.0584505748486723,0.5854113698005676,0.44201458406751176,0.6720595228185997,0.02555045485496521,0.10794602698650675,0.5037481259370314,2000,0.10390765105302516,0.6877294531992113,0.2617610113861988,1.0,1.0,1.0
phrase_signature_1_2gram_shuffle17,Thanksgiving,21,938,0.021897810218978103,0.03346193065443153,0.00755585475657687,0.13160324968109588,0.6549903750419617,0.401526072564606,0.7294134733985717,0.007515281438827515,0.04697651174412794,0.14142928535732133,2000,0.010348912145270676,0.0684959347915744,0.05872063968015992,0.3886519713368937,0.19344559695074096,1.0
phrase_signature_1_2gram_shuffle17,Trust,15,810,0.01818181818181818,0.01656733842498092,0.0061917316438951705,0.12140508004723803,0.4340740740299225,0.24180519755532703,0.48429434806703253,0.8096011281013489,0.7656171914042978,1.0,2000,0.9626190986724343,1.0,0.9485641794487372,1.0,1.0,1.0
phrase_signature_1_2gram_shuffle17,Wisdom,28,1064,0.02564102564102564,0.05354405657966606,0.008907681279290805,0.09493728983830846,0.6354054808616638,0.45731215601878483,0.7027709359699491,0.007171199191361666,0.046476761619190406,0.20389805097451275,2000,0.010350184399903435,0.06850435541290546,0.06922854362292538,0.45820021883928524,0.3108201996562694,1.0
phrase_signature_1_2gram_shuffle18,Hymn,136,2108,0.06060606060606061,0.04294712264884918,0.02777329996322292,0.02788459863090755,0.3506739139556885,0.2982086446535804,0.38558733540459444,1.0,0.9995002498750625,1.0,2000,1.0,1.0,1.0,1.0,1.0,1.0
phrase_signature_1_2gram_shuffle18,Lament,1596,4788,0.25,0.3784441944627132,0.2727017957295901,0.4542025802219661,0.6957854628562927,0.6282830827104933,0.7546491579394139,0.0,0.0004997501249375312,0.05297351324337831,2000,0.0,0.0,0.0005451819544773067,0.0036083742019672915,0.16774039758363496,1.0
phrase_signature_1_2gram_shuffle18,Praise,630,3780,0.14285714285714285,0.12640972203821382,0.08938378137531658,0.13595835351830032,0.44392794370651245,0.3860359521145734,0.49306371455230247,0.9999967813491821,0.9490254872563718,1.0,2000,1.0,1.0,0.9980009995002499,1.0,1.0,1.0
phrase_signature_1_2gram_shuffle18,Royal,45,1310,0.033210332103321034,0.044133328492222054,0.010881268681085089,0.06421681960781361,0.5853095650672913,0.42388778469725485,0.6626352624743131,0.02568913996219635,0.11044477761119441,0.5052473763118441,2000,0.10390765105302516,0.6877294531992113,0.2617610113861988,1.0,1.0,1.0
phrase_signature_1_2gram_shuffle18,Thanksgiving,21,938,0.021897810218978103,0.0346572363327634,0.008722921654553814,0.13280514429399243,0.6719464063644409,0.479606147844417,0.7424760961941241,0.0034909287933260202,0.031984007996002,0.095952023988006,2000,0.006487566784057206,0.04293900123597424,0.05392560636677709,0.3569152743250256,0.18726696131488157,1.0
phrase_signature_1_2gram_shuffle18,Trust,15,810,0.01818181818181818,0.015355871462944932,0.0059735029781820175,0.11917871673485353,0.3988477289676666,0.2190059883723856,0.4384590466537278,0.9105967283248901,0.8770614692653673,1.0,2000,0.9626190986724343,1.0,0.9485641794487372,1.0,1.0,1.0
phrase_signature_1_2gram_shuffle18,Wisdom,28,1064,0.02564102564102564,0.05781823954510124,0.008593351161784932,0.09379509186030019,0.6449046730995178,0.4457551853429751,0.7274936771653293,0.004391734022647142,0.03298350824587706,0.16141929035482258,2000,0.007782819786969619,0.051511840968372906,0.06510633572102838,0.43091672472104764,0.3108201996562694,1.0
phrase_signature_1_2gram_shuffle19,Hymn,136,2108,0.06060606060606061,0.04319877528247237,0.027996643248299802,0.028144361322432955,0.356656014919281,0.30652068314127817,0.39057527847447115,1.0,0.9995002498750625,1.0,2000,1.0,1.0,1.0,1.0,1.0,1.0
phrase_signature_1_2gram_shuffle19,Lament,1596,4788,0.25,0.3703891330012713,0.26301151986448185,0.44177219389511513,0.6879864931106567,0.622592630879376,0.7483480173440724,0.0,0.0004997501249375312,0.06846576711644178,2000,0.0,0.0,0.0005451819544773067,0.0036083742019672915,0.16774039758363496,1.0
phrase_signature_1_2gram_shuffle19,Praise,630,3780,0.14285714285714285,0.12952497050572107,0.0933607002502584,0.13865608426687445,0.44901737570762634,0.3893720993796085,0.49577874583633363,0.9999796748161316,0.9280359820089955,1.0,2000,1.0,1.0,0.9980009995002499,1.0,1.0,1.0
phrase_signature_1_2gram_shuffle19,Royal,45,1310,0.033210332103321034,0.043770646823490994,0.010954510385991538,0.04926111648145961,0.5765394568443298,0.43959021683504806,0.6608547530037278,0.0402325801551342,0.1329335332333833,0.592703648175912,2000,0.10390765105302516,0.6877294531992113,0.2617610113861988,1.0,1.0,1.0
phrase_signature_1_2gram_shuffle19,Thanksgiving,21,938,0.021897810218978103,0.03638779370773368,0.008907938151695534,0.13474820358926065,0.6923545598983765,0.49314006950536443,0.7586530592869767,0.0012724782573059201,0.01999000499750125,0.059470264867566215,2000,0.0033402554254280403,0.02210801624322201,0.05057712107801521,0.33475278741142345,0.18726696131488157,1.0
phrase_signature_1_2gram_shuffle19,Trust,15,810,0.01818181818181818,0.0164450093531505,0.006007804676224563,0.1192561346174928,0.42098766565322876,0.22708678342656208,0.4746214746756154,0.8532079458236694,0.8130934532733634,1.0,2000,0.9626190986724343,1.0,0.9485641794487372,1.0,1.0,1.0
phrase_signature_1_2gram_shuffle19,Wisdom,28,1064,0.02564102564102564,0.059041488606775785,0.008938637771487996,0.10249423438258562,0.6361103653907776,0.4525976187210589,0.7119117379188538,0.006921348161995411,0.04847576211894053,0.2048975512243878,2000,0.010198754147737176,0.0675020900025655,0.06972541126696925,0.46148881702900174,0.3108201996562694,1.0
phrase_signature_1_2gram_shuffle20,Hymn,136,2108,0.06060606060606061,0.04296796515214186,0.02764340700390186,0.02780219893998598,0.3515250086784363,0.2970811193718328,0.38303090562637165,1.0,0.9995002498750625,1.0,2000,1.0,1.0,1.0,1.0,1.0,1.0
phrase_signature_1_2gram_shuffle20,Lament,1596,4788,0.25,0.37458902307164404,0.266225858003202,0.44762634346501357,0.6876859664916992,0.6204283086328248,0.7486514836968395,0.0,0.0004997501249375312,0.06646676661669165,2000,0.0,0.0,0.0005451819544773067,0.0036083742019672915,0.16774039758363496,1.0
phrase_signature_1_2gram_shuffle20,Praise,630,3780,0.14285714285714285,0.126693310678063,0.09072867169524874,0.1365603901548592,0.445083349943161,0.39007578002148857,0.49352392971107706,0.9999950528144836,0.9425287356321839,1.0,2000,1.0,1.0,0.9980009995002499,1.0,1.0,1.0
phrase_signature_1_2gram_shuffle20,Royal,45,1310,0.033210332103321034,0.04447382957440876,0.010211067560623075,0.05774639987842522,0.5766412019729614,0.4174700144056159,0.6673841816245752,0.04003170505166054,0.13393303348325838,0.5747126436781609,2000,0.10390765105302516,0.6877294531992113,0.2617610113861988,1.0,1.0,1.0
phrase_signature_1_2gram_shuffle20,Thanksgiving,21,938,0.021897810218978103,0.036289593206111165,0.008647455487878921,0.13553067226298565,0.6798659563064575,0.47135049479530505,0.7560880083065438,0.0023864146787673235,0.025987006496751622,0.0814592703648176,2000,0.00498653813473769,0.03300420238554054,0.05124198464148207,0.33915329353701956,0.18726696131488157,1.0
phrase_signature_1_2gram_shuffle20,Trust,15,810,0.01818181818181818,0.015867841092137326,0.006008198261448161,0.12948387599370986,0.4265020489692688,0.22384407107041498,0.4711279264426182,0.8357223868370056,0.7871064467766117,1.0,2000,0.9626190986724343,1.0,0.9485641794487372,1.0,1.0,1.0
phrase_signature_1_2gram_shuffle20,Wisdom,28,1064,0.02564102564102564,0.055379072384428345,0.00832208106321894,0.10763855341945963,0.6462808847427368,0.44493355752497754,0.7057014187695141,0.004081427585333586,0.03648175912043978,0.16741629185407297,2000,0.007325639255726949,0.04848591829974866,0.06576111086087857,0.4352504589969559,0.3108201996562694,1.0
phrase_signature_1_2gram_shuffle21,Hymn,136,2108,0.06060606060606061,0.04161737298897865,0.027090816365599887,0.027173905900447673,0.33341822028160095,0.28134605857067374,0.36064866891775416,1.0,1.0,1.0,2000,1.0,1.0,1.0,1.0,1.0,1.0
phrase_signature_1_2gram_shuffle21,Lament,1596,4788,0.25,0.38805294788274475,0.27501642910377533,0.46710853437071576,0.6952254772186279,0.63025347069338,0.756401448423774,0.0,0.0004997501249375312,0.054972513743128434,2000,0.0,0.0,0.0005451819544773067,0.0036083742019672915,0.16774039758363496,1.0
phrase_signature_1_2gram_shuffle21,Praise,630,3780,0.14285714285714285,0.12598517799562287,0.09003185425433109,0.13517471657755686,0.4441685676574707,0.38565800770918945,0.49223478191827613,0.9999964833259583,0.9440279860069966,1.0,2000,1.0,1.0,0.9980009995002499,1.0,1.0,1.0
phrase_signature_1_2gram_shuffle21,Royal,45,1310,0.033210332103321034,0.04399937356059784,0.011365251701231307,0.06585027732937813,0.5784732699394226,0.43862253683033003,0.6632682075192525,0.03655342012643814,0.12693653173413294,0.5592203898050975,2000,0.10390765105302516,0.6877294531992113,0.2617610113861988,1.0,1.0,1.0
phrase_signature_1_2gram_shuffle21,Thanksgiving,21,938,0.021897810218978103,0.032293185276289924,0.007516795838102601,0.13051096603624238,0.6484922170639038,0.39496723889375024,0.7284907694714088,0.00991163682192564,0.049475262368815595,0.15892053973013492,2000,0.012691730076856002,0.08400225101281453,0.0600566768638802,0.3974947477109345,0.1998401996606487,1.0
phrase_signature_1_2gram_shuffle21,Trust,15,810,0.01818181818181818,0.01627979163540678,0.006079094139344689,0.11927478865685633,0.44238683581352234,0.24168250411907455,0.49140594197291204,0.7781575918197632,0.719640179910045,1.0,2000,0.9626190986724343,1.0,0.9485641794487372,1.0,1.0,1.0
phrase_signature_1_2gram_shuffle21,Wisdom,28,1064,0.02564102564102564,0.06040467381231941,0.009052119976399774,0.10648520979643947,0.6590359807014465,0.4516060624893562,0.7469792025792567,0.002014127792790532,0.02498750624687656,0.12593703148425786,2000,0.004405904546729289,0.029161185861316177,0.0627403689459618,0.4152571941666163,0.3108201996562694,1.0
phrase_signature_1_2gram_shuffle22,Hymn,136,2108,0.06060606060606061,0.042608910331307544,0.02781201360545958,0.027907433696626207,0.3471997380256653,0.2955241688794281,0.378533265442658,1.0,0.9995002498750625,1.0,2000,1.0,1.0,1.0,1.0,1.0,1.0
phrase_signature_1_2gram_shuffle22,Lament,1596,4788,0.25,0.39219976815499835,0.28056550745693426,0.4683915255207982,0.7007636427879333,0.6380923671010086,0.7623375056013748,0.0,0.0004997501249375312,0.04547726136931534,2000,0.0,0.0,0.0005451819544773067,0.0036083742019672915,0.16774039758363496,1.0
phrase_signature_1_2gram_shuffle22,Praise,630,3780,0.14285714285714285,0.12548505772590163,0.08929997446741898,0.13558653167316034,0.4421609044075012,0.386800965935158,0.49040103090536086,0.9999983906745911,0.9505247376311844,1.0,2000,1.0,1.0,0.9980009995002499,1.0,1.0,1.0
phrase_signature_1_2gram_shuffle22,Royal,45,1310,0.033210332103321034,0.045011486880442174,0.011094003247051403,0.05239153334836248,0.5810686945915222,0.427283622383343,0.666052417429149,0.032052893191576004,0.1199400299850075,0.5327336331834083,2000,0.10390765105302516,0.6877294531992113,0.2617610113861988,1.0,1.0,1.0
phrase_signature_1_2gram_shuffle22,Thanksgiving,21,938,0.021897810218978103,0.03306320235545171,0.008080309425933,0.13016912975801462,0.6480353474617004,0.4305257779840259,0.7209872856009824,0.010102834552526474,0.047976011994003,0.15642178910544727,2000,0.012858153066851875,0.08510374826301445,0.059264485404356644,0.39225150148444443,0.19848082001295425,1.0
phrase_signature_1_2gram_shuffle22,Trust,15,810,0.01818181818181818,0.017543485351951535,0.005863443011479978,0.11968898899098658,0.4332510232925415,0.2071258300074279,0.48843322893581675,0.8125580549240112,0.7666166916541729,1.0,2000,0.9626190986724343,1.0,0.9485641794487372,1.0,1.0,1.0
phrase_signature_1_2gram_shuffle22,Wisdom,28,1064,0.02564102564102564,0.05062198023342109,0.009330492284126897,0.1016726714842043,0.6406081914901733,0.4570637381875141,0.7042923795223303,0.0055005247704684734,0.04297851074462768,0.18590704647676162,2000,0.009130709677760702,0.06043306638509845,0.06837490345736222,0.45255026449673114,0.3108201996562694,1.0
phrase_signature_1_2gram_shuffle23,Hymn,136,2108,0.06060606060606061,0.042393684581462025,0.02733229145951096,0.02745663711530845,0.34347793459892273,0.2901960872380546,0.3755632198267252,1.0,1.0,1.0,2000,1.0,1.0,1.0,1.0,1.0,1.0
phrase_signature_1_2gram_shuffle23,Lament,1596,4788,0.25,0.3790364334517959,0.27668331169448196,0.45513925686408063,0.6951056718826294,0.6309216877492018,0.7539417040961589,0.0,0.0004997501249375312,0.05347326336831584,2000,0.0,0.0,0.0005451819544773067,0.0036083742019672915,0.16774039758363496,1.0
phrase_signature_1_2gram_shuffle23,Praise,630,3780,0.14285714285714285,0.12574485738581007,0.09027540155277738,0.13515810310183765,0.44082996249198914,0.3861345764618404,0.48825778087805133,0.9999990463256836,0.9535232383808095,1.0,2000,1.0,1.0,0.9980009995002499,1.0,1.0,1.0
phrase_signature_1_2gram_shuffle23,Royal,45,1310,0.033210332103321034,0.04489401770264584,0.011338783532380409,0.06806917474156006,0.5922476649284363,0.4655952142612669,0.674715991497865,0.017568552866578102,0.09245377311344327,0.4527736131934033,2000,0.10390765105302516,0.6877294531992113,0.2617610113861988,1.0,1.0,1.0
phrase_signature_1_2gram_shuffle23,Thanksgiving,21,938,0.021897810218978103,0.03407193492876761,0.0078766349986952,0.1322478371669719,0.6624022722244263,0.41713679199663983,0.7455101094117718,0.005417955107986927,0.037481259370314844,0.11794102948525736,2000,0.008396830794666087,0.05557577129787191,0.055823152253660406,0.36947448610569344,0.18726696131488157,1.0
phrase_signature_1_2gram_shuffle23,Trust,15,810,0.01818181818181818,0.016464926824297652,0.005943833313689985,0.11996938578850726,0.4282304644584656,0.21659012148300394,0.4790945679228659,0.8299745917320251,0.7866066966516742,1.0,2000,0.9626190986724343,1.0,0.9485641794487372,1.0,1.0,1.0
phrase_signature_1_2gram_shuffle23,Wisdom,28,1064,0.02564102564102564,0.05410163668261671,0.009351607278581395,0.10011828016483607,0.6450053453445435,0.4514699976088768,0.7225349896902065,0.004368332214653492,0.03798100949525238,0.17841079460269865,2000,0.0077741505515019765,0.05145446224305869,0.06646676661669165,0.43992095478984566,0.3108201996562694,1.0
phrase_signature_1_2gram_shuffle25,Hymn,136,2108,0.06060606060606061,0.04342680916546307,0.028009058700015643,0.028163744412148615,0.3553793728351593,0.30472864567832814,0.387720597863137,1.0,0.9995002498750625,1.0,2000,1.0,1.0,1.0,1.0,1.0,1.0
phrase_signature_1_2gram_shuffle25,Lament,1596,4788,0.25,0.3834951702022884,0.27325796678172287,0.46067872023590084,0.6940098404884338,0.6285674648897509,0.7547803141146715,0.0,0.0004997501249375312,0.057971014492753624,2000,0.0,0.0,0.0005451819544773067,0.0036083742019672915,0.16774039758363496,1.0
phrase_signature_1_2gram_shuffle25,Praise,630,3780,0.14285714285714285,0.1242640749884984,0.08919228117829943,0.13354981917423053,0.4391181766986847,0.38471821741615503,0.4881595892776327,0.9999995231628418,0.9600199900049975,1.0,2000,1.0,1.0,0.9980009995002499,1.0,1.0,1.0
phrase_signature_1_2gram_shuffle25,Royal,45,1310,0.033210332103321034,0.04318268925853272,0.009272735244199828,0.06681244268881781,0.5849702954292297,0.4344736753957737,0.6730434661667247,0.026155980303883553,0.111944027986007,0.5172413793103449,2000,0.10390765105302516,0.6877294531992113,0.2617610113861988,1.0,1.0,1.0
phrase_signature_1_2gram_shuffle25,Thanksgiving,21,938,0.021897810218978103,0.031658694239068766,0.008345274403659956,0.12923247741624636,0.6568179726600647,0.45875134821114333,0.716234889586169,0.006940668448805809,0.04047976011994003,0.13493253373313344,2000,0.00994658408065637,0.0658330619705663,0.056296355133691425,0.37260645525943703,0.19210733616242726,1.0
phrase_signature_1_2gram_shuffle25,Trust,15,810,0.01818181818181818,0.016274265152211618,0.006057949280820492,0.12077481726979161,0.43300411105155945,0.23439820371143594,0.48391525989473133,0.8134395480155945,0.7666166916541729,1.0,2000,0.9626190986724343,1.0,0.9485641794487372,1.0,1.0,1.0
phrase_signature_1_2gram_shuffle25,Wisdom,28,1064,0.02564102564102564,0.055227643529202224,0.008758694626517195,0.09208293993756436,0.6404404044151306,0.4513675703274212,0.7135752839286363,0.005548486951738596,0.04047976011994003,0.1904047976011994,2000,0.009130709677760702,0.06043306638509845,0.06773505677440164,0.44831533660697204,0.3108201996562694,1.0
phrase_signature_1_2gram_shuffle24,Hymn,136,2108,0.06060606060606061,0.04137628293073774,0.026991491793320818,0.02709540309458241,0.32873716950416565,0.2731918974385584,0.3583778697207968,1.0,1.0,1.0,2000,1.0,1.0,1.0,1.0,1.0,1.0
phrase_signature_1_2gram_shuffle24,Lament,1596,4788,0.25,0.3848124399667693,0.27225161193332975,0.4599576681739562,0.6925321221351624,0.627715587830045,0.7558186650931961,0.0,0.0004997501249375312,0.05697151424287856,2000,0.0,0.0,0.0005451819544773067,0.0036083742019672915,0.16774039758363496,1.0
phrase_signature_1_2gram_shuffle24,Praise,630,3780,0.14285714285714285,0.1266243743182639,0.09031142748925519,0.1371112156522849,0.4482325613498688,0.390212559142958,0.4997067954766875,0.9999845623970032,0.9280359820089955,1.0,2000,1.0,1.0,0.9980009995002499,1.0,1.0,1.0
phrase_signature_1_2gram_shuffle24,Royal,45,1310,0.033210332103321034,0.0455680751483498,0.011059744031738372,0.04645342786513767,0.5901272296905518,0.4373726180633113,0.6787322201931385,0.019778601825237274,0.10194902548725637,0.47426286856571714,2000,0.10390765105302516,0.6877294531992113,0.2617610113861988,1.0,1.0,1.0
phrase_signature_1_2gram_shuffle24,Thanksgiving,21,938,0.021897810218978103,0.03200284166041131,0.00823764242152332,0.12607047082508815,0.6549903750419617,0.4418749855869139,0.7275070633623857,0.007515281438827515,0.04447776111944028,0.1374312843578211,2000,0.010348912145270676,0.0684959347915744,0.05801447102535689,0.38397808083978024,0.19344559695074096,1.0
phrase_signature_1_2gram_shuffle24,Trust,15,810,0.01818181818181818,0.01508299356189747,0.005786165671751635,0.11972162376196288,0.38427984714508057,0.19726417140283473,0.42306165901210846,0.9379739165306091,0.9130434782608695,1.0,2000,0.9626190986724343,1.0,0.9485641794487372,1.0,1.0,1.0
phrase_signature_1_2gram_shuffle24,Wisdom,28,1064,0.02564102564102564,0.05070136057351071,0.00863367740996226,0.1012354556609216,0.6371845006942749,0.43938691869565977,0.715963260378033,0.006555396132171154,0.041979010494752625,0.19990004997501248,2000,0.009798100980469342,0.06485030275826499,0.06807407107257182,0.4505591571105105,0.3108201996562694,1.0
phrase_signature_1_2gram_shuffle26,Hymn,136,2108,0.06060606060606061,0.042371401617625794,0.027590922394856898,0.027668386070582352,0.34339770674705505,0.29753175151126643,0.3725185694787707,1.0,0.9995002498750625,1.0,2000,1.0,1.0,1.0,1.0,1.0,1.0
phrase_signature_1_2gram_shuffle26,Lament,1596,4788,0.25,0.3792628098515122,0.2737538442340507,0.45500124095613786,0.690995991230011,0.6272986385555209,0.7526372866709324,0.0,0.0004997501249375312,0.05647176411794103,2000,0.0,0.0,0.0005451819544773067,0.0036083742019672915,0.16774039758363496,1.0
phrase_signature_1_2gram_shuffle26,Praise,630,3780,0.14285714285714285,0.12494646845017114,0.08801743142626887,0.13535087182321096,0.44395291805267334,0.3893527364585921,0.4934697539170576,0.9999967813491821,0.9470264867566217,1.0,2000,1.0,1.0,0.9980009995002499,1.0,1.0,1.0
phrase_signature_1_2gram_shuffle26,Royal,45,1310,0.033210332103321034,0.04623893129693736,0.011454412955474105,0.06735252415033739,0.5972179770469666,0.4678178499184506,0.6809033393484999,0.013199254870414734,0.0879560219890055,0.4107946026986507,2000,0.10390765105302516,0.6877294531992113,0.2617610113861988,1.0,1.0,1.0
phrase_signature_1_2gram_shuffle26,Thanksgiving,21,938,0.021897810218978103,0.0326373060631114,0.008068645243016806,0.13130995573922175,0.6505736708641052,0.43336926238493567,0.7233649008515715,0.009080059826374054,0.04697651174412794,0.1549225387306347,2000,0.01199253184615441,0.07937449538553282,0.05872063968015992,0.3886519713368937,0.1977734536986826,1.0
phrase_signature_1_2gram_shuffle26,Trust,15,810,0.01818181818181818,0.016103141015297077,0.006150061942220862,0.13023432057998188,0.438189297914505,0.24933626958087662,0.48618610025498143,0.7943913340568542,0.7471264367816092,1.0,2000,0.9626190986724343,1.0,0.9485641794487372,1.0,1.0,1.0
phrase_signature_1_2gram_shuffle26,Wisdom,28,1064,0.02564102564102564,0.06050068297380806,0.008731944386208215,0.10078425878970315,0.6408095955848694,0.46785749911402136,0.7160000268664616,0.005443457048386335,0.04147926036981509,0.18990504747626186,2000,0.00910857354710064,0.06028655485413311,0.06807407107257182,0.4505591571105105,0.3108201996562694,1.0
phrase_signature_1_2gram_shuffle27,Hymn,136,2108,0.06060606060606061,0.04355387164958545,0.028824004849306212,0.028890849291490234,0.3605906069278717,0.2989586799681408,0.38924704701100005,1.0,0.9995002498750625,1.0,2000,1.0,1.0,1.0,1.0,1.0,1.0
phrase_signature_1_2gram_shuffle27,Lament,1596,4788,0.25,0.3853636663148544,0.27963662508435866,0.4653896375658999,0.6994234323501587,0.6348935696613716,0.7585144440288508,0.0,0.0004997501249375312,0.04597701149425287,2000,0.0,0.0,0.0005451819544773067,0.0036083742019672915,0.16774039758363496,1.0
phrase_signature_1_2gram_shuffle27,Praise,630,3780,0.14285714285714285,0.1236280840126088,0.08921413202030393,0.1333433218865738,0.4353676438331604,0.3810570670716264,0.48343887668835417,0.9999998807907104,0.9695152423788106,1.0,2000,1.0,1.0,0.9980009995002499,1.0,1.0,1.0
phrase_signature_1_2gram_shuffle27,Royal,45,1310,0.033210332103321034,0.04458263399316841,0.010758541170844512,0.049711097592837775,0.5859881043434143,0.4475868025607103,0.6680400600132761,0.02477637119591236,0.11294352823588207,0.5052473763118441,2000,0.10390765105302516,0.6877294531992113,0.2617610113861988,1.0,1.0,1.0
phrase_signature_1_2gram_shuffle27,Thanksgiving,21,938,0.021897810218978103,0.03204503617865211,0.008216932685229009,0.12926871267967635,0.6574779152870178,0.4439988855125892,0.7218152089151033,0.0067429072223603725,0.04097951024487756,0.13093453273363317,2000,0.009698702169148482,0.06419241578396066,0.05637957720169042,0.3731572738636401,0.19042025379063046,1.0
phrase_signature_1_2gram_shuffle27,Trust,15,810,0.01818181818181818,0.01595017734896946,0.0062037524931721315,0.11919608180813646,0.4125925898551941,0.25206196470508435,0.4482910470850095,0.8773471117019653,0.8375812093953023,1.0,2000,0.9626190986724343,1.0,0.9485641794487372,1.0,1.0,1.0
phrase_signature_1_2gram_shuffle27,Wisdom,28,1064,0.02564102564102564,0.055809028326876425,0.008370324189209499,0.09850055141667781,0.6386613845825195,0.43816363786288964,0.7085964622659489,0.006080185063183308,0.044977511244377814,0.19490254872563717,2000,0.00935413086643586,0.06191181535462593,0.06922854362292538,0.45820021883928524,0.3108201996562694,1.0
phrase_signature_1_2gram_shuffle28,Hymn,136,2108,0.06060606060606061,0.04220783859913346,0.02734772473435151,0.027466734074827043,0.34194663166999817,0.28560137138857555,0.37412438410965887,1.0,0.9995002498750625,1.0,2000,1.0,1.0,1.0,1.0,1.0,1.0
phrase_signature_1_2gram_shuffle28,Lament,1596,4788,0.25,0.3821866111539109,0.2760951256497649,0.4612530420811686,0.6999890804290771,0.6376115474794615,0.7599191187073809,0.0,0.0004997501249375312,0.05147426286856572,2000,0.0,0.0,0.0005451819544773067,0.0036083742019672915,0.16774039758363496,1.0
phrase_signature_1_2gram_shuffle28,Praise,630,3780,0.14285714285714285,0.12788240654144012,0.09242264311764173,0.13777209554568293,0.44866296648979187,0.3923133642648487,0.4984659696417489,0.9999819993972778,0.928535732133933,1.0,2000,1.0,1.0,0.9980009995002499,1.0,1.0,1.0
phrase_signature_1_2gram_shuffle28,Royal,45,1310,0.033210332103321034,0.042799151072068845,0.01003696291297302,0.04419857048028224,0.5758100152015686,0.41907053641754494,0.6572804765931568,0.04169619455933571,0.13543228385807096,0.5877061469265368,2000,0.10390765105302516,0.6877294531992113,0.2617610113861988,1.0,1.0,1.0
phrase_signature_1_2gram_shuffle28,Thanksgiving,21,938,0.021897810218978103,0.03330801108136397,0.008803469634424481,0.13195707946581461,0.6616407632827759,0.47790153217158127,0.7268822283766684,0.00560638215392828,0.04097951024487756,0.1199400299850075,2000,0.008531451103803905,0.05646677740430016,0.05637957720169042,0.3731572738636401,0.18726696131488157,1.0
phrase_signature_1_2gram_shuffle28,Trust,15,810,0.01818181818181818,0.016269363613998698,0.006048754259803544,0.11888477436140756,0.4251028895378113,0.233494371175766,0.465481926247624,0.8402819037437439,0.7976011994002998,1.0,2000,0.9626190986724343,1.0,0.9485641794487372,1.0,1.0,1.0
phrase_signature_1_2gram_shuffle28,Wisdom,28,1064,0.02564102564102564,0.0651409984198039,0.008949910987786963,0.09933976291607287,0.6403396725654602,0.4425917291125229,0.7156715768729038,0.005577444098889828,0.043478260869565216,0.1904047976011994,2000,0.009130709677760702,0.06043306638509845,0.06864988558352403,0.454370277800355,0.3108201996562694,1.0
phrase_signature_1_2gram_shuffle29,Hymn,136,2108,0.06060606060606061,0.042653784923235016,0.02723126806474226,0.027376986820871068,0.3480124771595001,0.2870366666113545,0.38704472674881424,1.0,0.9995002498750625,1.0,2000,1.0,1.0,1.0,1.0,1.0,1.0
phrase_signature_1_2gram_shuffle29,Lament,1596,4788,0.25,0.38499922457960356,0.2801308188917798,0.46110468667004845,0.7030920386314392,0.63643700058012,0.7620223044625872,0.0,0.0004997501249375312,0.04397801099450275,2000,0.0,0.0,0.0005451819544773067,0.0036083742019672915,0.16774039758363496,1.0
phrase_signature_1_2gram_shuffle29,Praise,630,3780,0.14285714285714285,0.12260873179714793,0.08885543986784594,0.1313633266331892,0.43458637595176697,0.37814663654724884,0.48144425277896885,0.9999999403953552,0.9725137431284357,1.0,2000,1.0,1.0,0.9980009995002499,1.0,1.0,1.0
phrase_signature_1_2gram_shuffle29,Royal,45,1310,0.033210332103321034,0.04619418003759268,0.010218180877089042,0.05914137204291663,0.5925191044807434,0.4550143074983222,0.6740704364002836,0.017301488667726517,0.09495252373813093,0.45527236381809094,2000,0.10390765105302516,0.6877294531992113,0.2617610113861988,1.0,1.0,1.0
phrase_signature_1_2gram_shuffle29,Thanksgiving,21,938,0.021897810218978103,0.035808916454492315,0.008007243281783627,0.13409850721730202,0.6662097573280334,0.4477154408388109,0.750922978679449,0.004557749722152948,0.037481259370314844,0.10994502748625687,2000,0.00774060387119829,0.051232428159253544,0.055823152253660406,0.36947448610569344,0.18726696131488157,1.0
phrase_signature_1_2gram_shuffle29,Trust,15,810,0.01818181818181818,0.015996770870860332,0.006107329417940962,0.11922220927949308,0.4274074137210846,0.2343504565770546,0.48680190326825074,0.8327274918556213,0.7841079460269865,1.0,2000,0.9626190986724343,1.0,0.9485641794487372,1.0,1.0,1.0
phrase_signature_1_2gram_shuffle29,Wisdom,28,1064,0.02564102564102564,0.067875393010733,0.008759033728880145,0.10134823204259608,0.625,0.4356331486529307,0.7098409249043057,0.011898741126060486,0.06196901549225387,0.25737131434282856,2000,0.014829291611113958,0.09815004484933097,0.07746126936531735,0.5126898345295193,0.32622243095319814,1.0
phrase_signature_1_2gram_shuffle30,Hymn,136,2108,0.06060606060606061,0.04244840721923349,0.02768361741744571,0.027797899551679734,0.34222570061683655,0.28531958185785344,0.3740556005114589,1.0,0.9995002498750625,1.0,2000,1.0,1.0,1.0,1.0,1.0,1.0
phrase_signature_1_2gram_shuffle30,Lament,1596,4788,0.25,0.38305248758333077,0.2726844516672774,0.4591970367217232,0.6928847432136536,0.6269844679228415,0.7540086000764388,0.0,0.0004997501249375312,0.06146926536731634,2000,0.0,0.0,0.0005451819544773067,0.0036083742019672915,0.16774039758363496,1.0
phrase_signature_1_2gram_shuffle30,Praise,630,3780,0.14285714285714285,0.12511493521719785,0.08950316683696005,0.1351261064134872,0.4430311918258667,0.38543686863791515,0.492763430456049,0.9999977350234985,0.9490254872563718,1.0,2000,1.0,1.0,0.9980009995002499,1.0,1.0,1.0
phrase_signature_1_2gram_shuffle30,Royal,45,1310,0.033210332103321034,0.04675622554745609,0.01072625196030322,0.05289641525021318,0.5865309834480286,0.4299289359812415,0.673929207371023,0.024065883830189705,0.10744627686156921,0.49775112443778113,2000,0.10390765105302516,0.6877294531992113,0.2617610113861988,1.0,1.0,1.0
phrase_signature_1_2gram_shuffle30,Thanksgiving,21,938,0.021897810218978103,0.03365897789566503,0.008148171544274127,0.1261007424968341,0.6580363512039185,0.449317439698684,0.7352015753323834,0.006579479202628136,0.04147926036981509,0.12993503248375812,2000,0.009496155550184938,0.0628518285019321,0.05637957720169042,0.3731572738636401,0.19042025379063046,1.0
phrase_signature_1_2gram_shuffle30,Trust,15,810,0.01818181818181818,0.01550241418582585,0.006080054804975485,0.12928214236549077,0.4134156405925751,0.23673232089743917,0.452233022844147,0.8751116394996643,0.8340829585207397,1.0,2000,0.9626190986724343,1.0,0.9485641794487372,1.0,1.0,1.0
phrase_signature_1_2gram_shuffle30,Wisdom,28,1064,0.02564102564102564,0.06469012965490234,0.008665959364497284,0.10628040870316256,0.6504095196723938,0.45557285447751367,0.7340217443638092,0.003264820436015725,0.031984007996002,0.15292353823088456,2000,0.0063482619589194655,0.04201698990909803,0.06510633572102838,0.43091672472104764,0.3108201996562694,1.0
phrase_signature_inventory,Hymn,136,2108,0.06060606060606061,0.04776897096272624,0.030447412230439973,0.031241282254599285,0.40234678983688354,0.3242367455192887,0.46425651883737495,0.9999340176582336,0.9920039980009995,1.0,2000,1.0,1.0,1.0,1.0,1.0,1.0
phrase_signature_inventory,Lament,1596,4788,0.25,0.4004543761742944,0.29997867753449425,0.4764734286014596,0.7018934488296509,0.6378137733088669,0.7619746104329244,0.0,0.0004997501249375312,0.047976011994003,2000,0.0,0.0,0.0005451819544773067,0.0036083742019672915,0.16774039758363496,1.0
phrase_signature_inventory,Praise,630,3780,0.14285714285714285,0.13139943935969225,0.0920165873981157,0.14414404017350188,0.45516565442085266,0.3928265436154347,0.5053066279804663,0.9998461604118347,0.9175412293853074,1.0,2000,1.0,1.0,0.9980009995002499,1.0,1.0,1.0
phrase_signature_inventory,Royal,45,1310,0.033210332103321034,0.04437135590789569,0.010575232580280427,0.06812622976748638,0.5803053379058838,0.4379141992014021,0.6720103538250934,0.033326394855976105,0.10994502748625687,0.5137431284357821,2000,0.10390765105302516,0.6877294531992113,0.2617610113861988,1.0,1.0,1.0
phrase_signature_inventory,Thanksgiving,21,938,0.021897810218978103,0.035512171861510684,0.007619287221292803,0.1281960470605379,0.6332114934921265,0.3944296378751392,0.7136666408041298,0.018313497304916382,0.062468765617191405,0.20189905047476261,2000,0.021073065391958575,0.13947546299403096,0.07129587380222932,0.4718831751893367,0.2329604428554953,1.0
phrase_signature_inventory,Trust,15,810,0.01818181818181818,0.018469129231932804,0.006342663412083173,0.12285915111560482,0.4819753170013428,0.27325540761022377,0.5466710953190459,0.5948425531387329,0.5472263868065967,1.0,2000,0.9626190986724343,1.0,0.9485641794487372,1.0,1.0,1.0
phrase_signature_inventory,Wisdom,28,1064,0.02564102564102564,0.07108329274730467,0.00790248855888976,0.10039316964059895,0.6120770573616028,0.39588008420393955,0.6891153375729271,0.021348319947719574,0.07146426786606697,0.30934532733633185,2000,0.02470053547670033,0.16348445552339597,0.0843117766959217,0.5580310159812057,0.35693691615730594,1.0
phrase_signature_posmean,Hymn,136,2261,0.05673758865248227,0.0629965982786082,0.02199170803527424,0.056102249129388077,0.49367472529411316,0.3946000696691235,0.5732271699934005,0.5980048179626465,0.5537231384307846,1.0,2000,1.0,1.0,1.0,1.0,1.0,1.0
phrase_signature_posmean,Lament,1711,5369,0.24166666666666667,0.2886028311068112,0.1834288434863668,0.3361466648682343,0.5891117453575134,0.5399629000865878,0.63474373581497,5.093438914519761e-29,0.0009995002498750624,0.3893053473263368,2000,5.542083793000778e-29,3.668117042314439e-28,0.001084728953352781,0.007179452546549908,0.4219539714678743,1.0
phrase_signature_posmean,Praise,820,4469,0.15503875968992248,0.1461214929111227,0.10454981194276121,0.15889415326411008,0.46884241700172424,0.416013487049246,0.5116259655220913,0.9977499842643738,0.855072463768116,1.0,2000,1.0,1.0,0.9980009995002499,1.0,1.0,1.0
phrase_signature_posmean,Royal,45,1400,0.031141868512110725,0.030942470745012086,0.008674560579822802,0.05615834043495729,0.5101270079612732,0.3936249867952312,0.5511696150512468,0.408511757850647,0.4197901049475262,0.9985007496251874,2000,0.43546938654129885,1.0,0.4474919900455864,1.0,1.0,1.0
phrase_signature_posmean,Thanksgiving,28,1136,0.024054982817869417,0.030022030437660805,0.0059608600130112805,0.09080819083523513,0.5329476594924927,0.33024739884898113,0.6383400330995288,0.2755568027496338,0.2958520739630185,0.8985507246376812,2000,0.2782063873914572,1.0,0.29869680544343213,1.0,0.907190635451505,1.0
phrase_signature_posmean,Trust,15,864,0.017064846416382253,0.015453386584003533,0.005290479790393625,0.11967710184725497,0.42384257912635803,0.182930080319896,0.5379129828769781,0.8444556593894958,0.8115942028985508,1.0,2000,0.9626190986724343,1.0,0.9485641794487372,1.0,1.0,1.0
phrase_signature_posmean,Wisdom,36,1269,0.027586206896551724,0.06662827817245068,0.011227164203461164,0.1028472743131892,0.713028609752655,0.5024566359482976,0.8018383399658415,6.375890279741725e-06,0.0009995002498750624,0.012993503248375811,2000,0.00019404194517846918,0.0012842977346028141,0.037040303377722905,0.24515718842777773,0.3108201996562694,1.0
phrase_signature_inventory_psalm,Hymn,136,2261,0.05673758865248227,0.043337978038728776,0.019858287564539213,0.029888033938696205,0.3851822316646576,0.2960672023784514,0.4313126279834915,0.9999966621398926,0.9985007496251874,1.0,2000,1.0,1.0,1.0,1.0,1.0,1.0
phrase_signature_inventory_psalm,Lament,1711,5369,0.24166666666666667,0.3899694687200275,0.2789837058134453,0.4707264581527244,0.6914798021316528,0.6303032192605929,0.7492404685031301,0.0,0.0004997501249375312,0.043478260869565216,2000,0.0,0.0,0.0005451819544773067,0.0036083742019672915,0.16774039758363496,1.0
phrase_signature_inventory_psalm,Praise,820,4469,0.15503875968992248,0.1419211672750686,0.10364053811306292,0.1542318797575424,0.4439198970794678,0.39120252300345854,0.48649534218012624,0.9999998211860657,0.9640179910044977,1.0,2000,1.0,1.0,0.9980009995002499,1.0,1.0,1.0
phrase_signature_inventory_psalm,Royal,45,1400,0.031141868512110725,0.040161225113905026,0.00641662749407547,0.04332038030757046,0.5564444661140442,0.34684304517074416,0.642886115308207,0.09844944626092911,0.17341329335332334,0.7081459270364817,2000,0.14209198429412448,0.9404585867572078,0.26420356255438715,1.0,1.0,1.0
phrase_signature_inventory_psalm,Thanksgiving,28,1136,0.024054982817869417,0.03539863097785941,0.00818841987117578,0.10198243413455611,0.6468655467033386,0.46849765759406653,0.7207574355717219,0.0039292690344154835,0.031984007996002,0.13093453273363317,2000,0.00702252338065746,0.04647969726688979,0.05392560636677709,0.3569152743250256,0.19042025379063046,1.0
phrase_signature_inventory_psalm,Trust,15,864,0.017064846416382253,0.019342166044171254,0.0065264422200841925,0.12285217012731771,0.519444465637207,0.3106786327038381,0.5878882648176281,0.39821144938468933,0.3713143428285857,0.9855072463768116,2000,0.9626190986724343,1.0,0.9485641794487372,1.0,1.0,1.0
phrase_signature_inventory_psalm,Wisdom,36,1269,0.027586206896551724,0.04321262194999584,0.00874508141801576,0.09701615002368724,0.6182908415794373,0.43708468510945797,0.7062610514385879,0.007689523510634899,0.054972513743128434,0.2478760619690155,2000,0.010874073651402888,0.071971800445291,0.0721311171039867,0.47741136693830405,0.31901480452434333,1.0
phrase_signature_posmean_shuffle03,Hymn,136,2261,0.05673758865248227,0.05313138900633277,0.017828850224413287,0.04810502364006119,0.46274423599243164,0.35089270582234455,0.5399087934781421,0.9280605912208557,0.8215892053973014,1.0,2000,1.0,1.0,1.0,1.0,1.0,1.0
phrase_signature_posmean_shuffle03,Lament,1711,5369,0.24166666666666667,0.2817157597187132,0.17376107881546332,0.3293541739952511,0.5728867650032043,0.516419542113025,0.6160412535600784,4.7653070526787246e-20,0.0034982508745627187,0.5122438780609695,2000,5.016112687030236e-20,3.3199946303054217e-19,0.003682369341644967,0.024372352065919426,0.5351801711084755,1.0
phrase_signature_posmean_shuffle03,Praise,820,4469,0.15503875968992248,0.14888094039008914,0.11061643731565539,0.1677066093960494,0.4805070459842682,0.4189122328388535,0.5237342919306194,0.9622388482093811,0.7466266866566716,1.0,2000,1.0,1.0,0.9980009995002499,1.0,1.0,1.0
phrase_signature_posmean_shuffle03,Royal,45,1400,0.031141868512110725,0.028694007211496588,0.0070756105493735965,0.054573968330311626,0.4777936637401581,0.2770012053386231,0.5124910562292471,0.6942509412765503,0.6326836581709145,1.0,2000,0.704312549121138,1.0,0.6392717102986968,1.0,1.0,1.0
phrase_signature_posmean_shuffle03,Thanksgiving,28,1136,0.024054982817869417,0.033991073460417354,0.006759012387541696,0.09946949434117867,0.5878709554672241,0.3859332197485008,0.704542018767316,0.05588998273015022,0.10444777611194403,0.39580209895052476,2000,0.060499465841915186,0.40042541757653694,0.11277137780724034,0.7463954502861134,0.42734416853270024,1.0
phrase_signature_posmean_shuffle03,Trust,15,864,0.017064846416382253,0.015312215224433972,0.005628972291939482,0.11920844784419382,0.4329475164413452,0.22607063728877294,0.5438377735399373,0.8137768507003784,0.7901049475262368,1.0,2000,0.9626190986724343,1.0,0.9485641794487372,1.0,1.0,1.0
phrase_signature_posmean_shuffle03,Wisdom,36,1269,0.027586206896551724,0.09563578662002056,0.008031460382820812,0.13408354937076622,0.7150424718856812,0.4901985115604384,0.8051617572215563,5.275024250295246e-06,0.0014992503748125937,0.010494752623688156,2000,0.00019404194517846918,0.0012842977346028141,0.037040303377722905,0.24515718842777773,0.3108201996562694,1.0
phrase_signature_posmean_shuffle02,Hymn,136,2261,0.05673758865248227,0.047666295167929404,0.0176596457339715,0.03759093159766806,0.43152105808258057,0.3480156572899228,0.48605831704658287,0.9963874816894531,0.9585207396301849,1.0,2000,1.0,1.0,1.0,1.0,1.0,1.0
phrase_signature_posmean_shuffle02,Lament,1711,5369,0.24166666666666667,0.27444600581829315,0.17060634336752403,0.32088728891674684,0.5764926671981812,0.5199482161446147,0.6223132948512586,6.865495080768385e-22,0.001999000499750125,0.4782608695652174,2000,7.24499480885106e-22,4.795216009434755e-21,0.0021255195187216518,0.014068091825391465,0.5057521490511026,1.0
phrase_signature_posmean_shuffle02,Praise,820,4469,0.15503875968992248,0.15752073436583863,0.11890218606530148,0.17741020395934542,0.49203482270240784,0.4345217154566481,0.5371097996347876,0.7661527395248413,0.6006996501749126,1.0,2000,1.0,1.0,0.9980009995002499,1.0,1.0,1.0
phrase_signature_posmean_shuffle02,Royal,45,1400,0.031141868512110725,0.03144964912438144,0.007046364878180414,0.05630947358026791,0.5267936587333679,0.3873819117698573,0.5697627756281476,0.2701156735420227,0.31784107946026985,0.9370314842578711,2000,0.31689548292639536,1.0,0.3728861826070205,1.0,1.0,1.0
phrase_signature_posmean_shuffle02,Thanksgiving,28,1136,0.024054982817869417,0.04648687888297889,0.00617868537851859,0.0942389748326273,0.5429766178131104,0.31110716542371947,0.6724929862553,0.2183956354856491,0.248375812093953,0.8060969515242379,2000,0.22481903652934465,1.0,0.25505584616004956,1.0,0.8277768206361368,1.0
phrase_signature_posmean_shuffle02,Trust,15,864,0.017064846416382253,0.0145672955552591,0.005533384336837152,0.1177885089444947,0.4054783880710602,0.21622778450465477,0.5065804698511066,0.8956362009048462,0.8685657171414293,1.0,2000,0.9626190986724343,1.0,0.9485641794487372,1.0,1.0,1.0
phrase_signature_posmean_shuffle02,Wisdom,36,1269,0.027586206896551724,0.11488991835519018,0.013624150093533578,0.16504151940839476,0.7452061772346497,0.5900313639524357,0.8128565141059426,2.5358784228046716e-07,0.0004997501249375312,0.004997501249375313,2000,2.662672343944905e-05,0.00017623323947679387,0.02623688155922039,0.1736530084696759,0.3108201996562694,1.0
phrase_signature_posmean_shuffle01,Hymn,136,2261,0.05673758865248227,0.05809677141279737,0.02124578733370345,0.05110864769970582,0.4463309943675995,0.344688051345517,0.5293339122579223,0.9823691844940186,0.9100449775112444,1.0,2000,1.0,1.0,1.0,1.0,1.0,1.0
phrase_signature_posmean_shuffle01,Lament,1711,5369,0.24166666666666667,0.2786969735996891,0.1696695246398643,0.32783489041670955,0.5794847011566162,0.5213999810355533,0.6258975527182443,1.7485666788631865e-23,0.0024987506246876563,0.45027486256871563,2000,1.8686972140522605e-23,1.2368272212786533e-22,0.0026501900564869082,0.01754070792622989,0.4812097767909938,1.0
phrase_signature_posmean_shuffle01,Praise,820,4469,0.15503875968992248,0.1539492910882704,0.11156528187726984,0.1728723767903901,0.4877868592739105,0.4286874191130727,0.5347704601967578,0.8672622442245483,0.6511744127936032,1.0,2000,1.0,1.0,0.9980009995002499,1.0,1.0,1.0
phrase_signature_posmean_shuffle01,Royal,45,1400,0.031141868512110725,0.03156632578934164,0.007818807547703794,0.05600009759808701,0.5201904773712158,0.3437757533516997,0.5893612279327003,0.32222723960876465,0.36081959020489757,0.9795102448775612,2000,0.3580302662319607,1.0,0.3977538789660288,1.0,1.0,1.0
phrase_signature_posmean_shuffle01,Thanksgiving,28,1136,0.024054982817869417,0.05500202200325961,0.007097365450218143,0.10460490938293174,0.5954633951187134,0.3780925268467165,0.6960612151208817,0.04202353581786156,0.08545727136431784,0.3248375812093953,2000,0.04584385725584897,0.3034249216837608,0.09322611421561945,0.6170319885364068,0.35436827041024943,1.0
phrase_signature_posmean_shuffle01,Trust,15,864,0.017064846416382253,0.01484280877684745,0.005674048566979416,0.11920234421750281,0.41566357016563416,0.22077121467852523,0.5027478827497617,0.8689988851547241,0.8395802098950524,1.0,2000,0.9626190986724343,1.0,0.9485641794487372,1.0,1.0,1.0
phrase_signature_posmean_shuffle01,Wisdom,36,1269,0.027586206896551724,0.0801259569013611,0.008525078749572788,0.11379152931498028,0.7091760635375977,0.4459939592009253,0.7865706795790394,9.120929462369531e-06,0.0014992503748125937,0.013493253373313344,2000,0.00021282168745528907,0.0014085944707562337,0.037040303377722905,0.24515718842777773,0.3108201996562694,1.0
phrase_signature_posmean_shuffle04,Hymn,136,2261,0.05673758865248227,0.04868060691864661,0.020393828758328608,0.03921404078705494,0.43946588039398193,0.32977515129395546,0.49083114952806056,0.9912169575691223,0.9250374812593704,1.0,2000,1.0,1.0,1.0,1.0,1.0,1.0
phrase_signature_posmean_shuffle04,Lament,1711,5369,0.24166666666666667,0.26674978449953385,0.16569287805296543,0.3106935439683193,0.5623640418052673,0.5057277560560448,0.6048548453967806,3.590801362306738e-15,0.013493253373313344,0.6126936531734133,2000,3.6428419617604586e-15,2.4110733762754262e-14,0.013622996194210587,0.0901659851669471,0.6200755044164664,1.0
phrase_signature_posmean_shuffle04,Praise,820,4469,0.15503875968992248,0.15901260318346405,0.12013965413164444,0.17707060012305992,0.5045703649520874,0.44530131666061856,0.5502917394814792,0.33845239877700806,0.41829085457271364,0.9995002498750625,2000,1.0,1.0,0.9980009995002499,1.0,1.0,1.0
phrase_signature_posmean_shuffle04,Royal,45,1400,0.031141868512110725,0.035370296438939394,0.007575614865071484,0.05863591215360534,0.5512698292732239,0.42828175726695894,0.6192209162207253,0.12057475745677948,0.19940029985007496,0.7396301849075462,2000,0.1638880198441663,1.0,0.27714298190710474,1.0,1.0,1.0
phrase_signature_posmean_shuffle04,Thanksgiving,28,1136,0.024054982817869417,0.042840843726095895,0.00603612250832292,0.09313111834622705,0.5394240617752075,0.3111007517996145,0.676298496224956,0.23782417178153992,0.2658670664667666,0.8430784607696152,2000,0.24244211686467662,1.0,0.2697202123575893,1.0,0.8594489163185398,1.0
phrase_signature_posmean_shuffle04,Trust,15,864,0.017064846416382253,0.015052413391941587,0.005266406143016002,0.12145230068466155,0.416126549243927,0.17252091163881478,0.5459233624456783,0.8676854372024536,0.841079460269865,1.0,2000,0.9626190986724343,1.0,0.9485641794487372,1.0,1.0,1.0
phrase_signature_posmean_shuffle04,Wisdom,36,1269,0.027586206896551724,0.0654494289631603,0.010222030918479232,0.10365786075449364,0.7131161689758301,0.5153296764916716,0.8006505127930026,6.3237789618142415e-06,0.0014992503748125937,0.012993503248375811,2000,0.00019404194517846918,0.0012842977346028141,0.037040303377722905,0.24515718842777773,0.3108201996562694,1.0
phrase_signature_posmean_shuffle05,Hymn,136,2261,0.05673758865248227,0.049078188641511214,0.02170702764340972,0.047999019918538555,0.44940420985221863,0.35780304787717376,0.5133441098534185,0.9764159321784973,0.8940529735132434,1.0,2000,1.0,1.0,1.0,1.0,1.0,1.0
phrase_signature_posmean_shuffle05,Lament,1711,5369,0.24166666666666667,0.2789343321934452,0.16859264021670717,0.32819543075928137,0.5767197608947754,0.5240375250279481,0.6231911100818857,5.221549848837123e-22,0.0029985007496251873,0.48375812093953025,2000,5.524057774588392e-22,3.656186232926994e-21,0.003164247022217534,0.020943076398352873,0.5092190746731897,1.0
phrase_signature_posmean_shuffle05,Praise,820,4469,0.15503875968992248,0.15126320621943573,0.11469134893743943,0.16776297983602279,0.4948212206363678,0.4399840932009339,0.5351639348533983,0.6816027760505676,0.5557221389305347,1.0,2000,1.0,1.0,0.9980009995002499,1.0,1.0,1.0
phrase_signature_posmean_shuffle05,Royal,45,1400,0.031141868512110725,0.032041945066033806,0.008426520671357626,0.056772899115333016,0.5080952644348145,0.3401545719700611,0.5683081235946295,0.42664647102355957,0.4357821089455272,0.999000499750125,2000,0.45364941222758226,1.0,0.46102893137813966,1.0,1.0,1.0
phrase_signature_posmean_shuffle05,Thanksgiving,28,1136,0.024054982817869417,0.05043211063616641,0.006090901574216143,0.10379727478935132,0.5997547507286072,0.29527634333028846,0.7190060518988478,0.03551006317138672,0.07296351824087956,0.30334832583708143,2000,0.03894053924799588,0.25773420429492944,0.08085666929068448,0.5351628334896608,0.3317872313843078,1.0
phrase_signature_posmean_shuffle05,Trust,15,864,0.017064846416382253,0.015615828321192966,0.005892093229621696,0.11867974606754446,0.4396604895591736,0.2683349244769447,0.5114990013290158,0.7889140844345093,0.7551224387806097,1.0,2000,0.9626190986724343,1.0,0.9485641794487372,1.0,1.0,1.0
phrase_signature_posmean_shuffle05,Wisdom,36,1269,0.027586206896551724,0.07565778221523692,0.011028616634967802,0.10882132936697461,0.7266876697540283,0.5477602438572658,0.7893107735929071,1.7072371747417492e-06,0.0004997501249375312,0.010994502748625687,2000,8.962995167394183e-05,0.0005932302100019142,0.02623688155922039,0.1736530084696759,0.3108201996562694,1.0
phrase_signature_posmean_shuffle06,Hymn,136,2261,0.05673758865248227,0.05186289195862479,0.01858378291184069,0.04617321389803936,0.43458452820777893,0.3511059640249313,0.48917268793170127,0.9948578476905823,0.9475262368815592,1.0,2000,1.0,1.0,1.0,1.0,1.0,1.0
phrase_signature_posmean_shuffle06,Lament,1711,5369,0.24166666666666667,0.2821656379114936,0.181266449048071,0.33554331198836196,0.5791302919387817,0.5216920388335928,0.6248523619192887,2.7204196482683164e-23,0.001999000499750125,0.4577711144427786,2000,2.8925981070194755e-23,1.9145124486072774e-22,0.0021255195187216518,0.014068091825391465,0.48551481834840154,1.0
phrase_signature_posmean_shuffle06,Praise,820,4469,0.15503875968992248,0.14849138774451634,0.11290697787885583,0.16435304871543602,0.4831857979297638,0.4207546490884802,0.5293197545363647,0.9373675584793091,0.7041479260369815,1.0,2000,1.0,1.0,0.9980009995002499,1.0,1.0,1.0
phrase_signature_posmean_shuffle06,Royal,45,1400,0.031141868512110725,0.03322024881184836,0.008916341833803207,0.0576880601231955,0.5171428322792053,0.36709853296128514,0.586637713320602,0.3476048409938812,0.3733133433283358,0.9860069965017492,2000,0.3801927948370576,1.0,0.4083114692653673,1.0,1.0,1.0
phrase_signature_posmean_shuffle06,Thanksgiving,28,1136,0.024054982817869417,0.035628132141395714,0.006444853396830145,0.08979107361167957,0.5668385028839111,0.3375975981067262,0.6848275661468506,0.11322753876447678,0.1549225387306347,0.568215892053973,2000,0.11948634743990011,0.7908395537464232,0.16348609614790593,1.0,0.5996248107102228,1.0
phrase_signature_posmean_shuffle06,Trust,15,864,0.017064846416382253,0.01565979288434989,0.005121549743384228,0.12200580731771651,0.4283179044723511,0.15409205130096812,0.5775195643726592,0.8298180103302002,0.8120939530234883,1.0,2000,0.9626190986724343,1.0,0.9485641794487372,1.0,1.0,1.0
phrase_signature_posmean_shuffle06,Wisdom,36,1269,0.027586206896551724,0.06951595902864179,0.012302870327550479,0.10872235931675313,0.6876806020736694,0.48289896354120054,0.7525863638434901,6.027884955983609e-05,0.00399800099950025,0.030984507746126936,2000,0.0004629617069440428,0.003064186307188496,0.06224473969911595,0.411976792507369,0.3108201996562694,1.0
phrase_signature_posmean_shuffle07,Hymn,136,2261,0.05673758865248227,0.0547954794783783,0.019035185349747893,0.04824030471794146,0.45827263593673706,0.3526593873339562,0.5335088349667234,0.9491749405860901,0.8465767116441779,1.0,2000,1.0,1.0,1.0,1.0,1.0,1.0
phrase_signature_posmean_shuffle07,Lament,1711,5369,0.24166666666666667,0.28046880204154717,0.17221150103352917,0.3282594163370651,0.5788899660110474,0.5257012122245478,0.6268278060099403,3.666882656122365e-23,0.0014992503748125937,0.456271864067966,2000,3.8891179686146295e-23,2.5740751011854352e-22,0.0016145773267212547,0.010686338982749287,0.48514983014821694,1.0
phrase_signature_posmean_shuffle07,Praise,820,4469,0.15503875968992248,0.14902896099973542,0.10818249744820814,0.16479063462209345,0.4829142689704895,0.42202843865762857,0.5280892206096885,0.9403596520423889,0.7126436781609196,1.0,2000,1.0,1.0,0.9980009995002499,1.0,1.0,1.0
phrase_signature_posmean_shuffle07,Royal,45,1400,0.031141868512110725,0.030715319351029686,0.007319884102904285,0.05293547181276156,0.4766031801700592,0.34306322436893844,0.5467970454475368,0.7037292718887329,0.6306846576711644,1.0,2000,0.7113820772904615,1.0,0.6392717102986968,1.0,1.0,1.0
phrase_signature_posmean_shuffle07,Thanksgiving,28,1136,0.024054982817869417,0.03926044476781642,0.00594923108527214,0.09535452623236898,0.5596076250076294,0.2865419586660037,0.6879623272232782,0.14037038385868073,0.18490754622688654,0.6581709145427287,2000,0.1455692869645578,0.9634736721711287,0.1912836685105723,1.0,0.6808664633200642,1.0
phrase_signature_posmean_shuffle07,Trust,15,864,0.017064846416382253,0.017175832020299577,0.0056619768012700624,0.12104235041515107,0.4670524597167969,0.23342625137648315,0.6141658227399223,0.6694929599761963,0.6476761619190404,1.0,2000,0.9626190986724343,1.0,0.9485641794487372,1.0,1.0,1.0
phrase_signature_posmean_shuffle07,Wisdom,36,1269,0.027586206896551724,0.07217943416504675,0.010836004573037506,0.10369639859373496,0.7111242413520813,0.5316553726416683,0.7922622564605715,7.616064976900816e-06,0.0009995002498750624,0.01649175412293853,2000,0.00020073677205800777,0.0013286085200210974,0.037040303377722905,0.24515718842777773,0.3108201996562694,1.0
phrase_signature_posmean_shuffle09,Hymn,136,2261,0.05673758865248227,0.059355013600108766,0.018953020685524197,0.05355226680566352,0.4523245692253113,0.350025802719702,0.5064609163667934,0.96927410364151,0.8865567216391804,1.0,2000,1.0,1.0,1.0,1.0,1.0,1.0
phrase_signature_posmean_shuffle09,Lament,1711,5369,0.24166666666666667,0.2707717447928923,0.17099414431180787,0.31895163553105893,0.5638531446456909,0.5132444770477769,0.6089661493299169,8.125999462176698e-16,0.005497251374312844,0.5787106446776612,2000,8.26372826662037e-16,5.469481086902342e-15,0.005658935238263221,0.03745457045424382,0.5899477445743148,1.0
phrase_signature_posmean_shuffle09,Praise,820,4469,0.15503875968992248,0.15215838805610463,0.11351880598799144,0.17038723475424702,0.49264007806777954,0.42969199104248307,0.5339476833189989,0.7489060759544373,0.5867066466766616,1.0,2000,1.0,1.0,0.9980009995002499,1.0,1.0,1.0
phrase_signature_posmean_shuffle09,Royal,45,1400,0.031141868512110725,0.030364251136293676,0.006864128462565865,0.05679630095316708,0.5032380819320679,0.37339380383491516,0.5637833730929279,0.4705614745616913,0.46526736631684157,0.9985007496251874,2000,0.4904114623223582,1.0,0.484894029412093,1.0,1.0,1.0
phrase_signature_posmean_shuffle09,Thanksgiving,28,1136,0.024054982817869417,0.034636370530018265,0.006968174099550911,0.09004705590914076,0.5715543031692505,0.38870624219790084,0.6774122072961134,0.0976773127913475,0.13393303348325838,0.5132433783108445,2000,0.10412302378773085,0.689154932185331,0.1431345396004288,0.9473589062569597,0.545727136431784,1.0
phrase_signature_posmean_shuffle09,Trust,15,864,0.017064846416382253,0.01661820771621336,0.005176802947289164,0.12028149252256644,0.452469140291214,0.1558725783562398,0.6004849743510879,0.7364315390586853,0.7061469265367316,1.0,2000,0.9626190986724343,1.0,0.9485641794487372,1.0,1.0,1.0
phrase_signature_posmean_shuffle09,Wisdom,36,1269,0.027586206896551724,0.07725678074062567,0.010925032854583738,0.10807825883533778,0.6722047328948975,0.4844453386868906,0.7535838373406306,0.00020942067203577608,0.0069965017491254375,0.049475262368815595,2000,0.0009772964695002884,0.006468393422154883,0.06224473969911595,0.411976792507369,0.3108201996562694,1.0
phrase_signature_posmean_shuffle08,Hymn,136,2261,0.05673758865248227,0.05160373518402246,0.022784506730563966,0.03287537256238837,0.4589718282222748,0.36704153712086496,0.5303206602819811,0.9462441205978394,0.8360819590204898,1.0,2000,1.0,1.0,1.0,1.0,1.0,1.0
phrase_signature_posmean_shuffle08,Lament,1711,5369,0.24166666666666667,0.2689469339902843,0.16899928707234976,0.3157911355250771,0.5615140199661255,0.5086870191460865,0.604468708102613,8.259021857257368e-15,0.01199400299850075,0.6116941529235382,2000,8.358528144694202e-15,5.532225906605559e-14,0.012167829128913805,0.0805347285656468,0.6200755044164664,1.0
phrase_signature_posmean_shuffle08,Praise,820,4469,0.15503875968992248,0.15210809985583118,0.1149362015550336,0.17000936379495613,0.4961842894554138,0.441932125816376,0.5390619528371042,0.6360459923744202,0.5462268865567217,1.0,2000,1.0,1.0,0.9980009995002499,1.0,1.0,1.0
phrase_signature_posmean_shuffle08,Royal,45,1400,0.031141868512110725,0.032359123922869534,0.007189486243601896,0.056536459516776695,0.5025396943092346,0.3586004106154081,0.5592582896279736,0.476918488740921,0.4682658670664668,1.0,2000,0.49580634968115556,1.0,0.48681104992058427,1.0,1.0,1.0
phrase_signature_posmean_shuffle08,Thanksgiving,28,1136,0.024054982817869417,0.06598049899872459,0.0076096624730353606,0.1008824951847364,0.5941901206970215,0.41386733219994293,0.6799818920508137,0.04413221403956413,0.08745627186406797,0.33833083458270863,2000,0.04801950750418896,0.3178248117830955,0.09515967404898588,0.6298295643977884,0.3681319961780768,1.0
phrase_signature_posmean_shuffle08,Trust,15,864,0.017064846416382253,0.017593195451192124,0.005751682469397383,0.12189535576449016,0.47268518805503845,0.24575546902347897,0.6604875641425586,0.6419338583946228,0.6141929035482259,1.0,2000,0.9626190986724343,1.0,0.9485641794487372,1.0,1.0,1.0
phrase_signature_posmean_shuffle08,Wisdom,36,1269,0.027586206896551724,0.11774499400143171,0.016749511227796728,0.1647779602090734,0.790079653263092,0.5921546912691826,0.867149533242262,1.3996952485939573e-09,0.0004997501249375312,0.0009995002498750624,2000,5.878720044094621e-07,3.890925144071698e-06,0.02623688155922039,0.1736530084696759,0.3108201996562694,1.0
phrase_signature_posmean_shuffle10,Hymn,136,2261,0.05673758865248227,0.05175736575389537,0.02114021294909538,0.043926586472045295,0.4589458107948303,0.35648910126467054,0.5257185276297622,0.9463555216789246,0.8390804597701149,1.0,2000,1.0,1.0,1.0,1.0,1.0,1.0
phrase_signature_posmean_shuffle10,Lament,1711,5369,0.24166666666666667,0.2818098558524036,0.16799328137563843,0.33045628081634193,0.5804673433303833,0.5202840827615439,0.6232736590788857,5.082825266552116e-24,0.0014992503748125937,0.43428285857071464,2000,5.4458842141629814e-24,3.604445808212198e-23,0.0016145773267212547,0.010686338982749287,0.4670299121538975,1.0
phrase_signature_posmean_shuffle10,Praise,820,4469,0.15503875968992248,0.14798339128805765,0.11521691448257627,0.16329324017886324,0.4799022078514099,0.42525590709815403,0.5244049122323269,0.9665560126304626,0.7556221889055472,1.0,2000,1.0,1.0,0.9980009995002499,1.0,1.0,1.0
phrase_signature_posmean_shuffle10,Royal,45,1400,0.031141868512110725,0.03215640350691161,0.008487366700247957,0.05512713281799287,0.5049365162849426,0.3777168655399723,0.5545136920201064,0.45513689517974854,0.44377811094452774,1.0,2000,0.47670198497629523,1.0,0.4676609063889108,1.0,1.0,1.0
phrase_signature_posmean_shuffle10,Thanksgiving,28,1136,0.024054982817869417,0.0652656313863138,0.00707403655564629,0.09942624172349775,0.5632230639457703,0.37853240465706467,0.709962312493341,0.12629131972789764,0.17041479260369816,0.5877061469265368,2000,0.13260588571429252,0.8776733219264934,0.17848930896147938,1.0,0.6170914542728636,1.0
phrase_signature_posmean_shuffle10,Trust,15,864,0.017064846416382253,0.01850823793957971,0.00577772764866904,0.11958869569989254,0.48456791043281555,0.25147001432745714,0.6659013350424109,0.5814738273620605,0.568215892053973,1.0,2000,0.9626190986724343,1.0,0.9485641794487372,1.0,1.0,1.0
phrase_signature_posmean_shuffle10,Wisdom,36,1269,0.027586206896551724,0.08225931498286584,0.009707631743835628,0.12209085986861898,0.6806540489196777,0.44348711925894396,0.794843913269472,0.00010736333933891729,0.004497751124437781,0.037481259370314844,2000,0.0006012347002979368,0.00397936828991818,0.06224473969911595,0.411976792507369,0.3108201996562694,1.0
phrase_signature_posmean_shuffle11,Hymn,136,2261,0.05673758865248227,0.05434242962749862,0.02024670315930765,0.046879438747664565,0.4808875620365143,0.3778368314703244,0.5395389254199299,0.773309051990509,0.6736631684157921,1.0,2000,1.0,1.0,1.0,1.0,1.0,1.0
phrase_signature_posmean_shuffle11,Lament,1711,5369,0.24166666666666667,0.27716051386081364,0.1723232591523085,0.3249832813202825,0.5697292685508728,0.5183072101412319,0.6118032439536932,1.6563584526950646e-18,0.0069965017491254375,0.5572213893053474,2000,1.7009059905426092e-18,1.1257719089638442e-17,0.007149709816624535,0.0473215010914932,0.5708121548981607,1.0
phrase_signature_posmean_shuffle11,Praise,820,4469,0.15503875968992248,0.15252311578301803,0.11020276380574416,0.16959333155245745,0.4877520799636841,0.4339307077331252,0.532192776648162,0.8679418563842773,0.6496751624187906,1.0,2000,1.0,1.0,0.9980009995002499,1.0,1.0,1.0
phrase_signature_posmean_shuffle11,Royal,45,1400,0.031141868512110725,0.029097178785961443,0.006730092697971639,0.05497514164145258,0.4819682538509369,0.3151260919106239,0.5308981155512791,0.660007119178772,0.6121939030484758,1.0,2000,0.671193680520785,1.0,0.622570070896755,1.0,1.0,1.0
phrase_signature_posmean_shuffle11,Thanksgiving,28,1136,0.024054982817869417,0.02572540666617322,0.005908051119369402,0.09514226797198085,0.5142416954040527,0.270664872675032,0.6146429952301107,0.39839622378349304,0.391304347826087,0.9885057471264368,2000,0.4003024258111652,1.0,0.3931766174329103,1.0,0.9932354396964197,1.0
phrase_signature_posmean_shuffle11,Trust,15,864,0.017064846416382253,0.017336470377857766,0.005506832726492667,0.11932575301192776,0.457253098487854,0.21663978808967924,0.6063004248018367,0.7152490615844727,0.6911544227886057,1.0,2000,0.9626190986724343,1.0,0.9485641794487372,1.0,1.0,1.0
phrase_signature_posmean_shuffle11,Wisdom,36,1269,0.027586206896551724,0.0923076339696134,0.011028664519838735,0.1349467742532107,0.6907232403755188,0.47485840965023196,0.7995373846509973,4.6661374653922394e-05,0.0024987506246876563,0.02948525737131434,2000,0.00044585090038778546,0.0029509356897654613,0.04997501249375313,0.3307676351803351,0.3108201996562694,1.0
phrase_signature_posmean_shuffle12,Hymn,136,2261,0.05673758865248227,0.05171091140462438,0.0182016660315338,0.04687643152576146,0.46652963757514954,0.35349975664583244,0.5327702873576569,0.9054098129272461,0.7791104447776112,1.0,2000,1.0,1.0,1.0,1.0,1.0,1.0
phrase_signature_posmean_shuffle12,Lament,1711,5369,0.24166666666666667,0.28490137894215556,0.17529954099231707,0.3343502465768997,0.583298921585083,0.53052623924417,0.6316892978812668,1.3296848366154892e-25,0.001999000499750125,0.4397801099450275,2000,1.4356494379910166e-25,9.502076054740836e-25,0.0021255195187216518,0.014068091825391465,0.47119297494110085,1.0
phrase_signature_posmean_shuffle12,Praise,820,4469,0.15503875968992248,0.14743716236913051,0.11010950564647673,0.16544464499206085,0.4729805290699005,0.4096371015141698,0.5162352370891194,0.9931207299232483,0.815592203898051,1.0,2000,1.0,1.0,0.9980009995002499,1.0,1.0,1.0
phrase_signature_posmean_shuffle12,Royal,45,1400,0.031141868512110725,0.03215175897466164,0.007059591452310996,0.055588049167762305,0.5229047536849976,0.3830306182791718,0.5906296916300156,0.3002983331680298,0.3458270864567716,0.9695152423788106,2000,0.3408791890015473,1.0,0.3889231854660905,1.0,1.0,1.0
phrase_signature_posmean_shuffle12,Thanksgiving,28,1136,0.024054982817869417,0.04670460821411801,0.0073786333329605895,0.09815945969293716,0.571051299571991,0.3309298896606577,0.7096835222113259,0.09925725311040878,0.14742628685657172,0.5427286356821589,2000,0.10553935773764983,0.69852916558445,0.15636121333272757,1.0,0.5741713526108482,1.0
phrase_signature_posmean_shuffle12,Trust,15,864,0.017064846416382253,0.01853420401307248,0.006258458141849487,0.12307691507033325,0.4965277910232544,0.2919258879983613,0.6861968376909767,0.5186127424240112,0.5027486256871564,1.0,2000,0.9626190986724343,1.0,0.9485641794487372,1.0,1.0,1.0
phrase_signature_posmean_shuffle12,Wisdom,36,1269,0.027586206896551724,0.09073584020403458,0.01107481724070945,0.11511861707499431,0.7481175065040588,0.6017375534318754,0.7991968818236822,1.8553960501321853e-07,0.0004997501249375312,0.004497751124437781,2000,2.5975544701850595e-05,0.00017192330856597958,0.02623688155922039,0.1736530084696759,0.3108201996562694,1.0
phrase_signature_posmean_shuffle13,Hymn,136,2261,0.05673758865248227,0.0484628284997245,0.019206134777216326,0.0304122835121472,0.4394073486328125,0.33910774727674575,0.4866774028299556,0.991271436214447,0.936031984007996,1.0,2000,1.0,1.0,1.0,1.0,1.0,1.0
phrase_signature_posmean_shuffle13,Lament,1711,5369,0.24166666666666667,0.2730255721452357,0.17025339596965355,0.31715970967909046,0.5655086636543274,0.5120262083167395,0.6111245416016179,1.4966145735697428e-16,0.011494252873563218,0.5817091454272864,2000,1.5256750507264367e-16,1.0097925010934248e-15,0.011689070718877849,0.0773659892455699,0.5915686224684268,1.0
phrase_signature_posmean_shuffle13,Praise,820,4469,0.15503875968992248,0.15448210946540497,0.11337462515722184,0.17530739116159894,0.491950660943985,0.4319202056212752,0.5385079168341202,0.768498420715332,0.6011994002998501,1.0,2000,1.0,1.0,0.9980009995002499,1.0,1.0,1.0
phrase_signature_posmean_shuffle13,Royal,45,1400,0.031141868512110725,0.03240353927983481,0.008324861902352196,0.056379507122231214,0.5200793743133545,0.40702331657778046,0.5690452045991586,0.323138952255249,0.3553223388305847,0.9785107446276862,2000,0.3580959365361599,1.0,0.3948025987006497,1.0,1.0,1.0
phrase_signature_posmean_shuffle13,Thanksgiving,28,1136,0.024054982817869417,0.06841984762592158,0.006193607352784866,0.10545450609566946,0.5599534511566162,0.3145492782170949,0.6670010112946629,0.13897933065891266,0.17791104447776113,0.6291854072963519,2000,0.14448346256619635,0.9562869692461013,0.18495702643727643,1.0,0.65248857052955,1.0
phrase_signature_posmean_shuffle13,Trust,15,864,0.017064846416382253,0.01548327734308557,0.0054474528705934664,0.12097694775529183,0.4287036955356598,0.20446067710040983,0.545688212787179,0.8285160660743713,0.8085957021489255,1.0,2000,0.9626190986724343,1.0,0.9485641794487372,1.0,1.0,1.0
phrase_signature_posmean_shuffle13,Wisdom,36,1269,0.027586206896551724,0.08369388685660736,0.008443920728493313,0.11702644589745817,0.7023465633392334,0.440590749274358,0.7948876437406366,1.6956106264842674e-05,0.0014992503748125937,0.02148925537231384,2000,0.0002837202737282496,0.0018778481347161472,0.037040303377722905,0.24515718842777773,0.3108201996562694,1.0
phrase_signature_posmean_shuffle14,Hymn,136,2261,0.05673758865248227,0.050158703457038364,0.019759063484145436,0.04392985703575207,0.45037007331848145,0.35545126937855664,0.5087754435437178,0.9742265939712524,0.8885557221389305,1.0,2000,1.0,1.0,1.0,1.0,1.0,1.0
phrase_signature_posmean_shuffle14,Lament,1711,5369,0.24166666666666667,0.2811128050304585,0.1754210177420802,0.329220561240279,0.571907103061676,0.5173840543062528,0.6135971027104145,1.4566470933769528e-19,0.004997501249375313,0.5097451274362819,2000,1.5256652848337162e-19,1.0097860373807024e-18,0.005182593888241065,0.03430182883351623,0.5349444978259,1.0
phrase_signature_posmean_shuffle14,Praise,820,4469,0.15503875968992248,0.14847761962063327,0.10904802002171923,0.16598157362512048,0.4824967682361603,0.4201486606084368,0.5261998572705037,0.9447407126426697,0.7161419290354822,1.0,2000,1.0,1.0,0.9980009995002499,1.0,1.0,1.0
phrase_signature_posmean_shuffle14,Royal,45,1400,0.031141868512110725,0.03357788798921874,0.007371303104494931,0.05959763563556864,0.5416507720947266,0.4138296649256798,0.5903734400273555,0.17050383985042572,0.24437781109445278,0.8195902048975512,2000,0.21569762872644216,1.0,0.3110263050293035,1.0,1.0,1.0
phrase_signature_posmean_shuffle14,Thanksgiving,28,1136,0.024054982817869417,0.06160967395865553,0.006369818588727944,0.09478289433871337,0.5401157140731812,0.3255208839019329,0.6563992305977856,0.23396891355514526,0.2518740629685157,0.8335832083958021,2000,0.23967547242234394,1.0,0.2580173327970161,1.0,0.8539145061615534,1.0
phrase_signature_posmean_shuffle14,Trust,15,864,0.017064846416382253,0.0165113881228275,0.005603649794852501,0.11734239765490201,0.45516976714134216,0.21200570533913174,0.6012232662489484,0.7245729565620422,0.6901549225387307,1.0,2000,0.9626190986724343,1.0,0.9485641794487372,1.0,1.0,1.0
phrase_signature_posmean_shuffle14,Wisdom,36,1269,0.027586206896551724,0.0681331717973334,0.009723472848013639,0.1025807523347638,0.6554592251777649,0.4460042983656256,0.7674455093688224,0.0007241805433295667,0.011494252873563218,0.07546226886556721,2000,0.0020010251855159078,0.013244106114673257,0.06224473969911595,0.411976792507369,0.3108201996562694,1.0
phrase_signature_posmean_shuffle15,Hymn,136,2261,0.05673758865248227,0.05073721650166321,0.0221618475443977,0.03198530081019872,0.44465944170951843,0.35164766887589016,0.49630606953763273,0.9850310683250427,0.9100449775112444,1.0,2000,1.0,1.0,1.0,1.0,1.0,1.0
phrase_signature_posmean_shuffle15,Lament,1711,5369,0.24166666666666667,0.27656336169441514,0.17272273274967584,0.3230989455769501,0.5728326439857483,0.5176586049395395,0.6188092738152727,5.0705606094003734e-20,0.004497751124437781,0.5107446276861569,2000,5.324088639870392e-20,3.5238334540097325e-19,0.004675879881841257,0.030948060915387782,0.5349444978259,1.0
phrase_signature_posmean_shuffle15,Praise,820,4469,0.15503875968992248,0.15213409506261566,0.10914276089628601,0.1699564209908314,0.4958374500274658,0.43690417708011964,0.5444735829793497,0.647853672504425,0.5327336331834083,1.0,2000,1.0,1.0,0.9980009995002499,1.0,1.0,1.0
phrase_signature_posmean_shuffle15,Royal,45,1400,0.031141868512110725,0.027171790491743876,0.0059053202783001515,0.05347853521464752,0.44839683175086975,0.2579793971539385,0.4961921877916278,0.8810204267501831,0.809095452273863,1.0,2000,0.8810204267501831,1.0,0.809095452273863,1.0,1.0,1.0
phrase_signature_posmean_shuffle15,Thanksgiving,28,1136,0.024054982817869417,0.040742353077724724,0.0065285475159154805,0.08977500539379914,0.539927065372467,0.34071871982490565,0.6647656319823192,0.23501691222190857,0.25837081459270367,0.8495752123938031,2000,0.24016326796399418,1.0,0.2638971776247799,1.0,0.8618878966313944,1.0
phrase_signature_posmean_shuffle15,Trust,15,864,0.017064846416382253,0.016602671466518497,0.005259741726356681,0.1226552211106558,0.4492284059524536,0.1598788612018073,0.6083363694012031,0.7503096461296082,0.7241379310344828,1.0,2000,0.9626190986724343,1.0,0.9485641794487372,1.0,1.0,1.0
phrase_signature_posmean_shuffle15,Wisdom,36,1269,0.027586206896551724,0.07396186127418392,0.012030583256808102,0.11632235898526622,0.7407188415527344,0.54188657286328,0.8106781626266198,4.0770817122393055e-07,0.0004997501249375312,0.004997501249375313,2000,3.0293488748611708e-05,0.00020050231375115505,0.02623688155922039,0.1736530084696759,0.3108201996562694,1.0
phrase_signature_posmean_shuffle17,Hymn,136,2261,0.05673758865248227,0.05470213578686941,0.018261240312270496,0.049710940679187195,0.47561919689178467,0.35805029053002757,0.5446011802477434,0.8305777907371521,0.7181409295352323,1.0,2000,1.0,1.0,1.0,1.0,1.0,1.0
phrase_signature_posmean_shuffle17,Lament,1711,5369,0.24166666666666667,0.2689028622407509,0.16846373304007803,0.31661292736966345,0.5706208944320679,0.5210985398399285,0.6161412081909332,6.176185402657809e-19,0.006496751624187906,0.5337331334332833,2000,6.373459137877837e-19,4.218376147915653e-18,0.006655208980875416,0.04404856800206413,0.5509745127436281,1.0
phrase_signature_posmean_shuffle17,Praise,820,4469,0.15503875968992248,0.14926153659497382,0.11439960610937872,0.16433005651903693,0.48089057207107544,0.4191387260712793,0.5278742833595189,0.9592729210853577,0.736631684157921,1.0,2000,1.0,1.0,0.9980009995002499,1.0,1.0,1.0
phrase_signature_posmean_shuffle17,Royal,45,1400,0.031141868512110725,0.03160776772634697,0.007257354465463057,0.05581246959038025,0.5002539753913879,0.3751485377864847,0.562934474600186,0.4977557361125946,0.4827586206896552,1.0,2000,0.5149197270130289,1.0,0.5006385696040868,1.0,1.0,1.0
phrase_signature_posmean_shuffle17,Thanksgiving,28,1136,0.024054982817869417,0.03651238342203493,0.006995520577669578,0.09206658607631854,0.573377788066864,0.3852058752719845,0.6778815046101117,0.09210459887981415,0.13993003498250875,0.5082458770614693,2000,0.0984323957494197,0.6514905978510801,0.14878636631051562,0.9847664277774026,0.5431635327374481,1.0
phrase_signature_posmean_shuffle17,Trust,15,864,0.017064846416382253,0.015815208431624105,0.00560490917140964,0.12055753062228802,0.436188280582428,0.21391097910031553,0.5322512328733614,0.8020088076591492,0.7566216891554223,1.0,2000,0.9626190986724343,1.0,0.9485641794487372,1.0,1.0,1.0
phrase_signature_posmean_shuffle17,Wisdom,36,1269,0.027586206896551724,0.08614791152205192,0.010941479131303505,0.12049853334793596,0.6984721422195435,0.5313358780594414,0.7750116915820134,2.39045712078223e-05,0.0009995002498750624,0.022988505747126436,2000,0.00037184888545501355,0.0024611414854928265,0.037040303377722905,0.24515718842777773,0.3108201996562694,1.0
phrase_signature_posmean_shuffle16,Hymn,136,2261,0.05673758865248227,0.05605781692710812,0.020438192723185592,0.03262379836084408,0.4617881178855896,0.35648358110941264,0.528650888809125,0.9330636262893677,0.8310844577711144,1.0,2000,1.0,1.0,1.0,1.0,1.0,1.0
phrase_signature_posmean_shuffle16,Lament,1711,5369,0.24166666666666667,0.26678403857107785,0.16591579368375908,0.31234971923788385,0.5569735765457153,0.5067502110836211,0.6010438064688967,5.858356334764725e-13,0.01249375312343828,0.6491754122938531,2000,5.886386747849723e-13,3.895999474910576e-12,0.0126442802695038,0.08368819685285586,0.6522815147450198,1.0
phrase_signature_posmean_shuffle16,Praise,820,4469,0.15503875968992248,0.15234735333117902,0.11424701835197593,0.1714174922177391,0.4934392273426056,0.4362935788172759,0.5401616552023517,0.7251434922218323,0.5757121439280359,1.0,2000,1.0,1.0,0.9980009995002499,1.0,1.0,1.0
phrase_signature_posmean_shuffle16,Royal,45,1400,0.031141868512110725,0.03324261861130906,0.00771749936857988,0.05636692699244478,0.516269862651825,0.33475338863338056,0.5764598939254569,0.3550085127353668,0.37231384307846077,0.9860069965017492,2000,0.3862786926136116,1.0,0.40828149893721544,1.0,1.0,1.0
phrase_signature_posmean_shuffle16,Thanksgiving,28,1136,0.024054982817869417,0.04329514447499607,0.0064232947132696555,0.09638528793716611,0.5459946990013123,0.34183776439448144,0.6380760490075827,0.2026330828666687,0.2368815592203898,0.7591204397801099,2000,0.20910539263882275,1.0,0.24444780066968974,1.0,0.7833675299942167,1.0
phrase_signature_posmean_shuffle16,Trust,15,864,0.017064846416382253,0.018726123665139434,0.005557785550535637,0.12221920568944306,0.4886574149131775,0.21445755406932773,0.6725705572328673,0.5601304769515991,0.5497251374312844,1.0,2000,0.9626190986724343,1.0,0.9485641794487372,1.0,1.0,1.0
phrase_signature_posmean_shuffle16,Wisdom,36,1269,0.027586206896551724,0.06939532103197124,0.010021944058999819,0.09940815453605255,0.6854916214942932,0.46113471948051127,0.7739840387901958,7.230665505630895e-05,0.004997501249375313,0.031984007996002,2000,0.0005194028914448316,0.0034377513388417946,0.06224473969911595,0.411976792507369,0.3108201996562694,1.0
phrase_signature_posmean_shuffle19,Hymn,136,2261,0.05673758865248227,0.05001915080704032,0.019576108389667838,0.045005798255573416,0.4545294940471649,0.35295775098434684,0.5226156359784263,0.9627668857574463,0.8695652173913043,1.0,2000,1.0,1.0,1.0,1.0,1.0,1.0
phrase_signature_posmean_shuffle19,Lament,1711,5369,0.24166666666666667,0.29184637262370183,0.17382665876554637,0.34333034356018227,0.5827966928482056,0.5275793427992637,0.628530667079413,2.560634856257385e-25,0.0014992503748125937,0.43478260869565216,2000,2.757606768277184e-25,1.825166266070161e-24,0.0016145773267212547,0.010686338982749287,0.4670299121538975,1.0
phrase_signature_posmean_shuffle19,Praise,820,4469,0.15503875968992248,0.14558028398301026,0.10965010090215827,0.16266614495785123,0.47480010986328125,0.41789551726905183,0.5141392247446819,0.989207923412323,0.7956021989005497,1.0,2000,1.0,1.0,0.9980009995002499,1.0,1.0,1.0
phrase_signature_posmean_shuffle19,Royal,45,1400,0.031141868512110725,0.03009496812320035,0.007064852206931519,0.056462606543844246,0.506079375743866,0.37453609652798986,0.5321510048786805,0.4447942078113556,0.44877561219390305,0.9995002498750625,2000,0.4705631417651621,1.0,0.4712143928035982,1.0,1.0,1.0
phrase_signature_posmean_shuffle19,Thanksgiving,28,1136,0.024054982817869417,0.06226710756784422,0.006107851191148584,0.09638676530988881,0.5401785969734192,0.2934165586503788,0.6557000663300745,0.23362016677856445,0.25987006496751625,0.8470764617691154,2000,0.23967547242234394,1.0,0.26427464233984704,1.0,0.8614336899346936,1.0
phrase_signature_posmean_shuffle19,Trust,15,864,0.017064846416382253,0.018794336887442187,0.006064735094418657,0.12303886127269427,0.5045524835586548,0.27394083827560994,0.6915728308355775,0.4760749936103821,0.46276861569215394,0.9995002498750625,2000,0.9626190986724343,1.0,0.9485641794487372,1.0,1.0,1.0
phrase_signature_posmean_shuffle19,Wisdom,36,1269,0.027586206896551724,0.07030867880208683,0.010329490888786734,0.11678923029969109,0.7068120241165161,0.5097899923181758,0.8082361943205536,1.1328567779855803e-05,0.0014992503748125937,0.017491254372813594,2000,0.00025042097197575987,0.0016574513655266607,0.037040303377722905,0.24515718842777773,0.3108201996562694,1.0
phrase_signature_posmean_shuffle18,Hymn,136,2261,0.05673758865248227,0.0553704451265217,0.021375514045433062,0.04849107227336217,0.47573140263557434,0.3686018336593119,0.5485119951176023,0.8294641971588135,0.7166416791604198,1.0,2000,1.0,1.0,1.0,1.0,1.0,1.0
phrase_signature_posmean_shuffle18,Lament,1711,5369,0.24166666666666667,0.27658673761407115,0.166007917707783,0.3223634802919057,0.5706670880317688,0.5145108304552862,0.6161789408973007,5.86679141922942e-19,0.004497751124437781,0.5327336331834083,2000,6.069094571616642e-19,4.01692757833803e-18,0.004675879881841257,0.030948060915387782,0.5509745127436281,1.0
phrase_signature_posmean_shuffle18,Praise,820,4469,0.15503875968992248,0.14766766965894862,0.11043844473053475,0.16604802216972087,0.47944799065589905,0.422936760903426,0.5228068208344205,0.9695236682891846,0.7586206896551724,1.0,2000,1.0,1.0,0.9980009995002499,1.0,1.0,1.0
phrase_signature_posmean_shuffle18,Royal,45,1400,0.031141868512110725,0.031148744557549846,0.007079838007525478,0.0568153833019977,0.5051904916763306,0.37346318566757963,0.574428707819617,0.45283564925193787,0.45327336331834084,0.9985007496251874,2000,0.47547743171453477,1.0,0.47409131255267883,1.0,1.0,1.0
phrase_signature_posmean_shuffle18,Thanksgiving,28,1136,0.024054982817869417,0.06724313514323944,0.007229475063820477,0.10020299665492534,0.5739122033119202,0.3985523453998904,0.654321014881134,0.09051671624183655,0.1329335332333833,0.5072463768115942,2000,0.0969821959733963,0.6418922180504893,0.1424287856071964,0.9426877602639548,0.5431635327374481,1.0
phrase_signature_posmean_shuffle18,Trust,15,864,0.017064846416382253,0.016566665648505965,0.005366949012151063,0.12005230937661743,0.4581790268421173,0.19437728762093778,0.6055394562126302,0.7110573053359985,0.6796601699150425,1.0,2000,0.9626190986724343,1.0,0.9485641794487372,1.0,1.0,1.0
phrase_signature_posmean_shuffle18,Wisdom,36,1269,0.027586206896551724,0.07642182897099234,0.0085782824941554,0.10892452557344003,0.7023246884346008,0.43884166628267507,0.7856030116328309,1.6989342839224264e-05,0.0024987506246876563,0.021989005497251374,2000,0.0002837202737282496,0.0018778481347161472,0.04997501249375313,0.3307676351803351,0.3108201996562694,1.0
phrase_signature_posmean_shuffle20,Hymn,136,2261,0.05673758865248227,0.05134100429205615,0.019378270731588123,0.037027099077198374,0.44452935457229614,0.334564964772473,0.5134520082475895,0.9852228760719299,0.9175412293853074,1.0,2000,1.0,1.0,1.0,1.0,1.0,1.0
phrase_signature_posmean_shuffle20,Lament,1711,5369,0.24166666666666667,0.26513280423769026,0.1617562366371881,0.3092226655530386,0.5593653321266174,0.50535229607835,0.6051058882711206,6.454963652350112e-14,0.014492753623188406,0.6451774112943528,2000,6.517030610545786e-14,4.313401229699618e-13,0.01456209694195964,0.09638157407886318,0.649818975404384,1.0
phrase_signature_posmean_shuffle20,Praise,820,4469,0.15503875968992248,0.15300408150789363,0.11595610249541044,0.17135283808417015,0.4907252788543701,0.42940432345604707,0.536112343904239,0.8011216521263123,0.6056971514242878,1.0,2000,1.0,1.0,0.9980009995002499,1.0,1.0,1.0
phrase_signature_posmean_shuffle20,Royal,45,1400,0.031141868512110725,0.02940202535027662,0.006380899923076185,0.05491961369927593,0.48346030712127686,0.3132844055558231,0.5462235114146274,0.6474207043647766,0.5897051474262869,1.0,2000,0.6599919801776849,1.0,0.6026183988297823,1.0,1.0,1.0
phrase_signature_posmean_shuffle20,Thanksgiving,28,1136,0.024054982817869417,0.05061600151685098,0.007842814729577333,0.09663447395540628,0.6133676767349243,0.43473756727893403,0.7200636342140893,0.020096857100725174,0.0559720139930035,0.20839580209895053,2000,0.02293663038669721,0.15180976679018512,0.06493990573773886,0.4298151811846122,0.2397979092645458,1.0
phrase_signature_posmean_shuffle20,Trust,15,864,0.017064846416382253,0.01785932510451193,0.005685732816111642,0.12093958225198918,0.4780864119529724,0.237748369066458,0.6621004343032837,0.6147914528846741,0.591704147926037,1.0,2000,0.9626190986724343,1.0,0.9485641794487372,1.0,1.0,1.0
phrase_signature_posmean_shuffle20,Wisdom,36,1269,0.027586206896551724,0.07218080306285607,0.008416437537291085,0.10932882765353698,0.6543647646903992,0.42268178564186204,0.751856835821764,0.0007823390187695622,0.008995502248875561,0.06996501749125437,2000,0.0021336518693715334,0.014121917092433767,0.06224473969911595,0.411976792507369,0.3108201996562694,1.0
phrase_signature_posmean_shuffle22,Hymn,136,2261,0.05673758865248227,0.049680752894206634,0.0192165689453913,0.04509966243610479,0.4458366930484772,0.32613455403084557,0.5047634720672431,0.9831954836845398,0.9130434782608695,1.0,2000,1.0,1.0,1.0,1.0,1.0,1.0
phrase_signature_posmean_shuffle22,Lament,1711,5369,0.24166666666666667,0.2691328861755561,0.16859891805888833,0.3149884299066933,0.5590738654136658,0.5049029267367122,0.6041120601591841,8.485119345428421e-14,0.013993003498250875,0.6416791604197901,2000,8.546163369496251e-14,5.656415289433751e-13,0.014093672588166349,0.09328123236740385,0.6478491523469034,1.0
phrase_signature_posmean_shuffle22,Praise,820,4469,0.15503875968992248,0.15647641503088905,0.12078726747456384,0.17229219189158418,0.5073865056037903,0.4433464130787895,0.5561323705436504,0.25032979249954224,0.3743128435782109,0.999000499750125,2000,1.0,1.0,0.9980009995002499,1.0,1.0,1.0
phrase_signature_posmean_shuffle22,Royal,45,1400,0.031141868512110725,0.030247544364114684,0.006881696951433283,0.05524212517281843,0.49793651700019836,0.37511915574595806,0.5375544880151939,0.5188883543014526,0.49825087456271866,1.0,2000,0.5354621838000249,1.0,0.5141655216617737,1.0,1.0,1.0
phrase_signature_posmean_shuffle22,Thanksgiving,28,1136,0.024054982817869417,0.032083661907505896,0.006432891790027376,0.09390954818181539,0.5332934856414795,0.3324646203509023,0.6347327763598737,0.2734699249267578,0.2868565717141429,0.8935532233883059,2000,0.27676474329936934,1.0,0.2903126749878073,1.0,0.904318924874912,1.0
phrase_signature_posmean_shuffle22,Trust,15,864,0.017064846416382253,0.016578655413802327,0.005714848755156288,0.12002060147673403,0.45254629850387573,0.2329093430952009,0.6203274979768032,0.7360963821411133,0.7101449275362319,1.0,2000,0.9626190986724343,1.0,0.9485641794487372,1.0,1.0,1.0
phrase_signature_posmean_shuffle22,Wisdom,36,1269,0.027586206896551724,0.09214691379544629,0.010369081162680675,0.1297900148400312,0.660756528377533,0.4293841940307485,0.7729495732316616,0.0004949764115735888,0.00849575212393803,0.05847076461769116,2000,0.0016331265748030584,0.010809110156106342,0.06224473969911595,0.411976792507369,0.3108201996562694,1.0
phrase_signature_posmean_shuffle21,Hymn,136,2261,0.05673758865248227,0.05168930040070508,0.018247327635185794,0.030263418147865404,0.44248706102371216,0.3407372197574394,0.5154355577915368,0.9879686832427979,0.9145427286356822,1.0,2000,1.0,1.0,1.0,1.0,1.0,1.0
phrase_signature_posmean_shuffle21,Lament,1711,5369,0.24166666666666667,0.27673502752278756,0.17778199856153618,0.3273712451748041,0.5718634724617004,0.5084655898241395,0.6163119151477647,1.5304787791609926e-19,0.004497751124437781,0.5352323838080959,2000,1.595039918728578e-19,1.0557027514541072e-18,0.004675879881841257,0.030948060915387782,0.5509745127436281,1.0
phrase_signature_posmean_shuffle21,Praise,820,4469,0.15503875968992248,0.15203441208349705,0.11652115542323178,0.17246420717219446,0.4870468080043793,0.42338168253351555,0.5368656498357393,0.8812020421028137,0.6596701649175413,1.0,2000,1.0,1.0,0.9980009995002499,1.0,1.0,1.0
phrase_signature_posmean_shuffle21,Royal,45,1400,0.031141868512110725,0.031976868997899636,0.008444132310396415,0.057681092616492714,0.5226666927337646,0.3891193768270953,0.5686679463029849,0.3021947741508484,0.33933033483258374,0.9695152423788106,2000,0.34210729149152647,1.0,0.3857530694112403,1.0,1.0,1.0
phrase_signature_posmean_shuffle21,Thanksgiving,28,1136,0.024054982817869417,0.039860271181697216,0.0069669572941772895,0.09223394909051753,0.5653609037399292,0.2789288004864771,0.7125431890507078,0.11844519525766373,0.1619190404797601,0.5992003998001,2000,0.12467915290280392,0.8252089695245767,0.17044109524185275,1.0,0.6275914411871372,1.0
phrase_signature_posmean_shuffle21,Trust,15,864,0.017064846416382253,0.013450253070576354,0.005434955518208008,0.11451086023798113,0.3691357970237732,0.20181623431123913,0.42510891530450245,0.9590885639190674,0.9470264867566217,1.0,2000,0.9626190986724343,1.0,0.9515577139659834,1.0,1.0,1.0
phrase_signature_posmean_shuffle21,Wisdom,36,1269,0.027586206896551724,0.06396617866405128,0.009279078421908367,0.1059688613437253,0.691883385181427,0.47919590534780154,0.779093541882384,4.2279691115254536e-05,0.0034982508745627187,0.028985507246376812,2000,0.00044585090038778546,0.0029509356897654613,0.06224473969911595,0.411976792507369,0.3108201996562694,1.0
phrase_signature_posmean_shuffle23,Hymn,136,2261,0.05673758865248227,0.05043493663170928,0.01675903809275925,0.046983536968825165,0.43389183282852173,0.33422542775203123,0.4918951732847198,0.995246946811676,0.9465267366316842,1.0,2000,1.0,1.0,1.0,1.0,1.0,1.0
phrase_signature_posmean_shuffle23,Lament,1711,5369,0.24166666666666667,0.28110094417161247,0.17304779402122822,0.3300058840244867,0.5792285799980164,0.5255111083017426,0.6262588511897451,2.4070380272376656e-23,0.001999000499750125,0.4542728635682159,2000,2.565878100101065e-23,1.6982675720942119e-22,0.0021255195187216518,0.014068091825391465,0.4842502606564738,1.0
phrase_signature_posmean_shuffle23,Praise,820,4469,0.15503875968992248,0.151883446669009,0.11284612882317453,0.1673761377306025,0.4871846139431,0.4239599814772709,0.5317269223977362,0.8786879181861877,0.6611694152923538,1.0,2000,1.0,1.0,0.9980009995002499,1.0,1.0,1.0
phrase_signature_posmean_shuffle23,Royal,45,1400,0.031141868512110725,0.03357335180421125,0.007805114315659085,0.058064725088585796,0.5342222452163696,0.42063104157144193,0.5921544571932479,0.21701335906982422,0.27636181909045476,0.8730634682658671,2000,0.2626674663092973,1.0,0.3364404754144667,1.0,1.0,1.0
phrase_signature_posmean_shuffle23,Thanksgiving,28,1136,0.024054982817869417,0.03640307366594327,0.006409934381674413,0.09613358164214789,0.5891284942626953,0.34193586529855036,0.6823941781684265,0.0533716157078743,0.09895052473763119,0.38630684657671166,2000,0.0579226837139721,0.3833705717985349,0.10711139275722963,0.7089339314844502,0.4181672050572652,1.0
phrase_signature_posmean_shuffle23,Trust,15,864,0.017064846416382253,0.020987565336275514,0.005054396364131084,0.1247519186589128,0.5043981671333313,0.17649362812559521,0.7643095652700055,0.47689199447631836,0.4777611194402799,0.999000499750125,2000,0.9626190986724343,1.0,0.9485641794487372,1.0,1.0,1.0
phrase_signature_posmean_shuffle23,Wisdom,36,1269,0.027586206896551724,0.04926364597277471,0.008453258853710916,0.0972022668495232,0.6807197332382202,0.47593187766297096,0.75341074487796,0.00010679542901925743,0.005497251374312844,0.03698150924537731,2000,0.0006012347002979368,0.00397936828991818,0.06224473969911595,0.411976792507369,0.3108201996562694,1.0
phrase_signature_posmean_shuffle24,Hymn,136,2261,0.05673758865248227,0.049271503803779135,0.023013903382671008,0.037857875904967614,0.4318690299987793,0.35116078725814837,0.4925647193469875,0.9962371587753296,0.9590204897551224,1.0,2000,1.0,1.0,1.0,1.0,1.0,1.0
phrase_signature_posmean_shuffle24,Lament,1711,5369,0.24166666666666667,0.2871930255865195,0.18199422383269198,0.33622219224929234,0.5884495377540588,0.5358721019352513,0.6284184645617504,1.281468164529709e-28,0.0004997501249375312,0.37831084457771114,2000,1.3907406436756531e-28,9.204839997094033e-28,0.0005451819544773067,0.0036083742019672915,0.4116335614576132,1.0
phrase_signature_posmean_shuffle24,Praise,820,4469,0.15503875968992248,0.1457707222936907,0.11438009184273655,0.16121803358796402,0.4806670844554901,0.4284458585169675,0.5252045832745557,0.9610233306884766,0.7481259370314842,1.0,2000,1.0,1.0,0.9980009995002499,1.0,1.0,1.0
phrase_signature_posmean_shuffle24,Royal,45,1400,0.031141868512110725,0.030319234207542897,0.006685458898865247,0.054732796063190654,0.5011904835700989,0.33612862426418577,0.5463219213597993,0.4892142713069916,0.4867566216891554,1.0,2000,0.5073333183924357,1.0,0.503541332781885,1.0,1.0,1.0
phrase_signature_posmean_shuffle24,Thanksgiving,28,1136,0.024054982817869417,0.035689039540288736,0.006736540994444907,0.09443402463669522,0.5708941221237183,0.3557894983743622,0.7097631405842773,0.09975481033325195,0.13993003498250875,0.5312343828085957,2000,0.1058005564140551,0.7002579509152711,0.14878636631051562,0.9847664277774026,0.5634304060091166,1.0
phrase_signature_posmean_shuffle24,Trust,15,864,0.017064846416382253,0.014339640485263594,0.005475441283868607,0.11793872564266092,0.4018518626689911,0.20862347892489994,0.4848821412262858,0.9041017293930054,0.879560219890055,1.0,2000,0.9626190986724343,1.0,0.9485641794487372,1.0,1.0,1.0
phrase_signature_posmean_shuffle24,Wisdom,36,1269,0.027586206896551724,0.06230000037738448,0.00810067857442569,0.113051843138837,0.6922992467880249,0.5115415133086608,0.7965841708378284,4.0805869502946734e-05,0.0024987506246876563,0.025487256371814093,2000,0.00044585090038778546,0.0029509356897654613,0.04997501249375313,0.3307676351803351,0.3108201996562694,1.0
phrase_signature_posmean_shuffle25,Hymn,136,2261,0.05673758865248227,0.05436276998753434,0.018230478978194683,0.038347588457496556,0.43296822905540466,0.34251520625704923,0.5011244080165974,0.9957247376441956,0.9505247376311844,1.0,2000,1.0,1.0,1.0,1.0,1.0,1.0
phrase_signature_posmean_shuffle25,Lament,1711,5369,0.24166666666666667,0.285625685338537,0.16578504149069756,0.33680615901171085,0.5823954343795776,0.5300493302750979,0.6291421066667859,4.310125951911593e-25,0.001999000499750125,0.4267866066966517,2000,4.629802812795062e-25,3.0643092444067117e-24,0.0021255195187216518,0.014068091825391465,0.46079787869561367,1.0
phrase_signature_posmean_shuffle25,Praise,820,4469,0.15503875968992248,0.14678292244909238,0.1117257950049177,0.16045928067638215,0.4801690876483917,0.4219278674478396,0.5240449113530525,0.9647039771080017,0.7466266866566716,1.0,2000,1.0,1.0,0.9980009995002499,1.0,1.0,1.0
phrase_signature_posmean_shuffle25,Royal,45,1400,0.031141868512110725,0.028487424411906076,0.006866037137949706,0.05406777243996042,0.4750635027885437,0.35089314638228897,0.5379828582460157,0.7157838940620422,0.6451774112943528,1.0,2000,0.7209334184797548,1.0,0.649818975404384,1.0,1.0,1.0
phrase_signature_posmean_shuffle25,Thanksgiving,28,1136,0.024054982817869417,0.06827881339562368,0.006747543938626586,0.10372037691032225,0.5743837952613831,0.35154328889920866,0.7229992397078133,0.08913258463144302,0.1329335332333833,0.49225387306346824,2000,0.09574344129208714,0.6336933215208203,0.1424287856071964,0.9426877602639548,0.528763751116769,1.0
phrase_signature_posmean_shuffle25,Trust,15,864,0.017064846416382253,0.013956236419701966,0.005144565808485191,0.11829466652794447,0.39174383878707886,0.16037221516318703,0.493848925138367,0.9250178337097168,0.9060469765117442,1.0,2000,0.9626190986724343,1.0,0.9485641794487372,1.0,1.0,1.0
phrase_signature_posmean_shuffle25,Wisdom,36,1269,0.027586206896551724,0.1021057484532105,0.010286610642669882,0.1514438188227391,0.6811137199401855,0.4581925751811594,0.7957713976515107,0.0001034467713907361,0.00399800099950025,0.04047976011994003,2000,0.0006012347002979368,0.00397936828991818,0.06224473969911595,0.411976792507369,0.3108201996562694,1.0
phrase_signature_posmean_shuffle26,Hymn,136,2261,0.05673758865248227,0.05385101826974378,0.019995255147068614,0.0482532368526281,0.46329057216644287,0.35716271489672813,0.5259513310010401,0.9250757098197937,0.8100949525237381,1.0,2000,1.0,1.0,1.0,1.0,1.0,1.0
phrase_signature_posmean_shuffle26,Lament,1711,5369,0.24166666666666667,0.2759312618663968,0.17092460783009922,0.32359573478585796,0.5704289674758911,0.5171725314021284,0.6153570774457335,7.645114964908438e-19,0.006496751624187906,0.5347326336831584,2000,7.8699712874057435e-19,5.208866715136343e-18,0.006655208980875416,0.04404856800206413,0.5509745127436281,1.0
phrase_signature_posmean_shuffle26,Praise,820,4469,0.15503875968992248,0.15118616358709913,0.11215197399201732,0.1666539734679941,0.4921815097332001,0.43229592336064215,0.5343885731039135,0.7620344758033752,0.5942028985507246,1.0,2000,1.0,1.0,0.9980009995002499,1.0,1.0,1.0
phrase_signature_posmean_shuffle26,Royal,45,1400,0.031141868512110725,0.02987850043270275,0.006313623198045947,0.05528755087896753,0.4835079312324524,0.31336592706303706,0.5435100482471039,0.6470162272453308,0.6111944027986007,1.0,2000,0.6599919801776849,1.0,0.622570070896755,1.0,1.0,1.0
phrase_signature_posmean_shuffle26,Thanksgiving,28,1136,0.024054982817869417,0.03518949938668941,0.007505849089313706,0.09977941849122589,0.6094064116477966,0.41775941558041485,0.6993779065707191,0.023848917335271835,0.06296851574212893,0.248375812093953,2000,0.02683786157379176,0.1776306910812663,0.07167148133250448,0.4743691938683829,0.2781809095452274,1.0
phrase_signature_posmean_shuffle26,Trust,15,864,0.017064846416382253,0.018746720475892736,0.005698229175927897,0.12356136642429069,0.4839506149291992,0.2279223360113551,0.6642780276029167,0.5846763253211975,0.5642178910544727,1.0,2000,0.9626190986724343,1.0,0.9485641794487372,1.0,1.0,1.0
phrase_signature_posmean_shuffle26,Wisdom,36,1269,0.027586206896551724,0.10120253607273359,0.010092901046346173,0.14520997483486853,0.740149736404419,0.5596728752111149,0.8002664937976989,4.3276412498016725e-07,0.0004997501249375312,0.004997501249375313,2000,3.0293488748611708e-05,0.00020050231375115505,0.02623688155922039,0.1736530084696759,0.3108201996562694,1.0
phrase_signature_posmean_shuffle27,Hymn,136,2261,0.05673758865248227,0.06171390267158255,0.02540432391854525,0.05033014527812366,0.49529099464416504,0.3851664437559061,0.5575904990946269,0.573300838470459,0.543728135932034,0.9995002498750625,2000,1.0,1.0,1.0,1.0,1.0,1.0
phrase_signature_posmean_shuffle27,Lament,1711,5369,0.24166666666666667,0.2728610422080161,0.16752400182979255,0.3187299425595425,0.5680487155914307,0.5120880164026229,0.6125530924926471,1.0285094253312892e-17,0.005497251374312844,0.5467266366816592,2000,1.0510315295356241e-17,6.956420742624621e-17,0.005658935238263221,0.03745457045424382,0.5614307760545156,1.0
phrase_signature_posmean_shuffle27,Praise,820,4469,0.15503875968992248,0.15196465970424847,0.11095298284499011,0.17113601283048815,0.4857129454612732,0.42572057397552476,0.5322741190867175,0.9036495685577393,0.6806596701649176,1.0,2000,1.0,1.0,0.9980009995002499,1.0,1.0,1.0
phrase_signature_posmean_shuffle27,Royal,45,1400,0.031141868512110725,0.03164619052090063,0.006866286640498478,0.05665729031363993,0.5161587595939636,0.3055580961377791,0.5676209106142934,0.3559548258781433,0.3983008495752124,0.991504247876062,2000,0.3863075629685276,1.0,0.42784234481224864,1.0,1.0,1.0
phrase_signature_posmean_shuffle27,Thanksgiving,28,1136,0.024054982817869417,0.04259386974556632,0.006590270396758187,0.0946191266166594,0.560833752155304,0.33271301885599397,0.6622688653068205,0.13548092544078827,0.1774112943528236,0.6186906546726637,2000,0.14154723553515192,0.9368530797291647,0.18489514547936953,1.0,0.6431932548577197,1.0
phrase_signature_posmean_shuffle27,Trust,15,864,0.017064846416382253,0.019116381630827236,0.005658413458186743,0.12499343936493011,0.4972222149372101,0.23202261798008386,0.7150366125084907,0.5149330496788025,0.5067466266866567,0.9995002498750625,2000,0.9626190986724343,1.0,0.9485641794487372,1.0,1.0,1.0
phrase_signature_posmean_shuffle27,Wisdom,36,1269,0.027586206896551724,0.0753360461890439,0.007630986092024508,0.10367488892135306,0.679253101348877,0.41417374131744183,0.7845399211018749,0.00012017602421110496,0.004997501249375313,0.02848575712143928,2000,0.000630924127108301,0.004175872522851615,0.06224473969911595,0.411976792507369,0.3108201996562694,1.0
phrase_signature_posmean_shuffle28,Hymn,136,2261,0.05673758865248227,0.051501016431759174,0.01930531423562649,0.045890439612778534,0.45203840732574463,0.36719652638092354,0.5242468365812951,0.9700450897216797,0.8690654672663668,1.0,2000,1.0,1.0,1.0,1.0,1.0,1.0
phrase_signature_posmean_shuffle28,Lament,1711,5369,0.24166666666666667,0.28041472900789294,0.17386346724353824,0.3283428370803025,0.5718680024147034,0.5140458172871194,0.6186090562240959,1.5225776533474626e-19,0.004497751124437781,0.5167416291854073,2000,1.5907527721540652e-19,1.0528652347365272e-18,0.004675879881841257,0.030948060915387782,0.538539663170896,1.0
phrase_signature_posmean_shuffle28,Praise,820,4469,0.15503875968992248,0.15311192688348307,0.11409629961791047,0.17087090379869935,0.4989278316497803,0.4399386410135848,0.5435370686720254,0.538940966129303,0.49325337331334335,1.0,2000,1.0,1.0,0.9980009995002499,1.0,1.0,1.0
phrase_signature_posmean_shuffle28,Royal,45,1400,0.031141868512110725,0.033524537417479135,0.008591608193826473,0.058492660060290205,0.5260000228881836,0.38478128008176793,0.5802161425221783,0.27615034580230713,0.3258370814592704,0.9450274862568716,2000,0.32128295079492797,1.0,0.38014326170248214,1.0,1.0,1.0
phrase_signature_posmean_shuffle28,Thanksgiving,28,1136,0.024054982817869417,0.042712794949670084,0.006985589346111694,0.0956099816001332,0.5871164202690125,0.3739665269474017,0.7004779618246019,0.05744542181491852,0.09295352323838081,0.37381309345327335,2000,0.06202333460736704,0.41051138739868936,0.10087979266180863,0.6676890868291415,0.40568862855394006,1.0
phrase_signature_posmean_shuffle28,Trust,15,864,0.017064846416382253,0.017926242981803016,0.005563950507728541,0.12270979697029646,0.47214505076408386,0.22425934867173858,0.6833150848421932,0.644611656665802,0.6231884057971014,1.0,2000,0.9626190986724343,1.0,0.9485641794487372,1.0,1.0,1.0
phrase_signature_posmean_shuffle28,Wisdom,36,1269,0.027586206896551724,0.0936635998615295,0.012587851359773108,0.12544608853165937,0.72944575548172,0.5201615086530325,0.8255133210718144,1.2965024325239938e-06,0.0004997501249375312,0.008995502248875561,2000,7.779014595143963e-05,0.0005148665569599829,0.02623688155922039,0.1736530084696759,0.3108201996562694,1.0
phrase_signature_posmean_shuffle29,Hymn,136,2261,0.05673758865248227,0.0562605687696342,0.01854741416583967,0.04936883043157533,0.4663052558898926,0.35869299500492624,0.5389372592225757,0.9068842530250549,0.7791104447776112,1.0,2000,1.0,1.0,1.0,1.0,1.0,1.0
phrase_signature_posmean_shuffle29,Lament,1711,5369,0.24166666666666667,0.29139586479897006,0.1803182861963781,0.3413820886677182,0.5921874642372131,0.5334816609857985,0.6355051222752758,6.418608227523776e-31,0.0009995002498750624,0.3503248375812094,2000,7.002118066389573e-31,4.6344641421804326e-30,0.001084728953352781,0.007179452546549908,0.3821725500885921,1.0
phrase_signature_posmean_shuffle29,Praise,820,4469,0.15503875968992248,0.1459747192460931,0.11100669016498334,0.1617627646080432,0.47346121072769165,0.41554138000726865,0.518431485363335,0.9922329187393188,0.8105947026486756,1.0,2000,1.0,1.0,0.9980009995002499,1.0,1.0,1.0
phrase_signature_posmean_shuffle29,Royal,45,1400,0.031141868512110725,0.02970459700973407,0.007603607688342504,0.054971910199390336,0.4764920771121979,0.3600667212212567,0.5342736845744698,0.7046070098876953,0.6331834082958521,1.0,2000,0.7113820772904615,1.0,0.6392717102986968,1.0,1.0,1.0
phrase_signature_posmean_shuffle29,Thanksgiving,28,1136,0.024054982817869417,0.031659924902245506,0.005981723506858982,0.09291534516404455,0.5630030035972595,0.2784803991284824,0.6484507768591348,0.12711912393569946,0.1679160419790105,0.6121939030484758,2000,0.1331422245710568,0.8812231666679913,0.17631184407796102,1.0,0.6396055703491538,1.0
phrase_signature_posmean_shuffle29,Trust,15,864,0.017064846416382253,0.015012449761991313,0.00566654941318623,0.12014758862190325,0.4197530746459961,0.23582766950130463,0.5063687285233085,0.8570831418037415,0.8270864567716142,1.0,2000,0.9626190986724343,1.0,0.9485641794487372,1.0,1.0,1.0
phrase_signature_posmean_shuffle29,Wisdom,36,1269,0.027586206896551724,0.0824543212717145,0.008243475455416377,0.1170925780299517,0.6618728637695312,0.45973108999482126,0.7642237392436111,0.0004561890382319689,0.0069965017491254375,0.063968015992004,2000,0.0015803701073930758,0.010459933015473318,0.06224473969911595,0.411976792507369,0.3108201996562694,1.0
phrase_signature_posmean_shuffle30,Hymn,136,2261,0.05673758865248227,0.05207220730620453,0.018198761272122926,0.03931653658715526,0.4530692994594574,0.36462356823109476,0.5276821896921192,0.9671904444694519,0.8750624687656172,1.0,2000,1.0,1.0,1.0,1.0,1.0,1.0
phrase_signature_posmean_shuffle30,Lament,1711,5369,0.24166666666666667,0.2756471414755565,0.16466074048243948,0.3250133965452632,0.5712418556213379,0.5161524525572297,0.6195692136856639,3.0848679894096547e-19,0.005497251374312844,0.5272363818090955,2000,3.19912235938779e-19,2.117390441071934e-18,0.005658935238263221,0.03745457045424382,0.5481170305936142,1.0
phrase_signature_posmean_shuffle30,Praise,820,4469,0.15503875968992248,0.1529099774605253,0.11543902520101701,0.17107262302196094,0.48642846941947937,0.4230699963259361,0.5343782957608132,0.8920298218727112,0.672663668165917,1.0,2000,1.0,1.0,0.9980009995002499,1.0,1.0,1.0
phrase_signature_posmean_shuffle30,Royal,45,1400,0.031141868512110725,0.030004334884248578,0.00674003173746837,0.05475903466955205,0.49071428179740906,0.35928989623653457,0.5484426704894828,0.5841423273086548,0.5482258870564718,1.0,2000,0.5998527566494744,1.0,0.562970348566548,1.0,1.0,1.0
phrase_signature_posmean_shuffle30,Thanksgiving,28,1136,0.024054982817869417,0.06586103649106487,0.006802085354444694,0.09910399081516494,0.5604879260063171,0.3553454272046714,0.6798962958313167,0.13684803247451782,0.1744127936031984,0.6146926536731634,2000,0.14262077826128408,0.9439584944368082,0.18222232167498337,1.0,0.6406226167313366,1.0
phrase_signature_posmean_shuffle30,Trust,15,864,0.017064846416382253,0.015076880162649886,0.005580574675771845,0.12017623778514354,0.4236111044883728,0.22154549785723412,0.573873701886688,0.8451895117759705,0.8300849575212393,1.0,2000,0.9626190986724343,1.0,0.9485641794487372,1.0,1.0,1.0
phrase_signature_posmean_shuffle30,Wisdom,36,1269,0.027586206896551724,0.06444180878391996,0.009826820020178586,0.10492242388625407,0.6877243518829346,0.47410812102913763,0.7788734300427276,6.005874456604943e-05,0.0014992503748125937,0.03648175912043978,2000,0.0004629617069440428,0.003064186307188496,0.037040303377722905,0.24515718842777773,0.3108201996562694,1.0
phrase_typ_1_2_3gram,Hymn,136,2108,0.06060606060606061,0.052003101135089436,0.03592206552382509,0.04235315394717208,0.4330979883670807,0.32853350951072025,0.5085824204725726,0.9955907464027405,0.9265367316341829,1.0,2000,1.0,1.0,1.0,1.0,1.0,1.0
phrase_typ_1_2_3gram,Lament,1596,4788,0.25,0.36901971526112887,0.2593322496645655,0.43899782283223726,0.6753808856010437,0.6007163288377405,0.7267445070434522,0.0,0.0004997501249375312,0.0814592703648176,2000,0.0,0.0,0.0005451819544773067,0.0036083742019672915,0.16774039758363496,1.0
phrase_typ_1_2_3gram,Praise,630,3780,0.14285714285714285,0.12530434948648447,0.09685749285868797,0.13506515182455137,0.43371230363845825,0.3712134925078795,0.48581054081471686,0.9999999403953552,0.9725137431284357,1.0,2000,1.0,1.0,0.9980009995002499,1.0,1.0,1.0
phrase_typ_1_2_3gram,Royal,45,1310,0.033210332103321034,0.043255761232837336,0.01024508360106892,0.06131492817144795,0.5795419812202454,0.3849560364979082,0.65782636438406,0.03464128449559212,0.1089455272363818,0.5332333833083458,2000,0.10390765105302516,0.6877294531992113,0.2617610113861988,1.0,1.0,1.0
phrase_typ_1_2_3gram,Thanksgiving,21,938,0.021897810218978103,0.028151614872900684,0.007386400127302578,0.12383421770898247,0.6146817207336426,0.3801252194153969,0.6804042073173834,0.03599858283996582,0.07496251874062969,0.2843578210894553,2000,0.039373449981212616,0.2605994934129299,0.08199025487256373,0.5426656514677373,0.3134653145868011,1.0
phrase_typ_1_2_3gram,Trust,15,810,0.01818181818181818,0.019332350881808784,0.0060032024821078285,0.1260878975856275,0.4856790006160736,0.23455260992858187,0.5517187971109191,0.5756639242172241,0.5237381309345327,1.0,2000,0.9626190986724343,1.0,0.9485641794487372,1.0,1.0,1.0
phrase_typ_1_2_3gram,Wisdom,28,1064,0.02564102564102564,0.049882084145768654,0.00945762736134991,0.09894761795914236,0.6474556922912598,0.447453444838395,0.7514331584793845,0.0038322194013744593,0.025487256371814093,0.15292353823088456,2000,0.0070993300208723855,0.04698805433339804,0.0627403689459618,0.4152571941666163,0.3108201996562694,1.0
phrase_subphrase_rela_1gram_psalm,Hymn,136,2244,0.05714285714285714,0.0729929762128232,0.02452034629291994,0.10419223529810283,0.5109360218048096,0.42336161735458333,0.5981512158305573,0.3340180516242981,0.3663168415792104,0.9865067466266867,2000,1.0,1.0,1.0,1.0,1.0,1.0
phrase_subphrase_rela_1gram_psalm,Lament,1653,5278,0.2384937238493724,0.2331346529689548,0.17618988925655155,0.2832022135801593,0.4997139573097229,0.458970774089089,0.5378919425863269,0.51402348279953,0.49225387306346824,0.999000499750125,2000,0.51402348279953,1.0,0.49225387306346824,1.0,0.999000499750125,1.0
phrase_subphrase_rela_1gram_psalm,Praise,820,4428,0.15625,0.15862661357853922,0.09610020835517497,0.1920550684202553,0.503138542175293,0.45530989060766514,0.5437894546830514,0.3874618709087372,0.42328835582208896,0.9980009995002499,2000,1.0,1.0,0.9980009995002499,1.0,1.0,1.0
phrase_subphrase_rela_1gram_psalm,Royal,45,1390,0.0313588850174216,0.032850819881808616,0.009010952999036502,0.0634943674836158,0.5363469123840332,0.4082014248863591,0.5893562695461974,0.20303954184055328,0.2368815592203898,0.8160919540229885,2000,0.24717857267545618,1.0,0.3051848308974347,1.0,1.0,1.0
phrase_subphrase_rela_1gram_psalm,Thanksgiving,28,1128,0.02422145328719723,0.02929246334725867,0.006171404040215798,0.06615966066352587,0.47476571798324585,0.2977520051220753,0.5447476624707762,0.6761704683303833,0.6051974012993503,1.0,2000,0.6761704683303833,1.0,0.6051974012993503,1.0,1.0,1.0
phrase_subphrase_rela_1gram_psalm,Trust,15,858,0.01718213058419244,0.023608224641621593,0.008749050922463879,0.060476349487985054,0.5493783950805664,0.43835653955915466,0.5892700082516554,0.2559475004673004,0.2478760619690155,0.6846576711644178,2000,0.9626190986724343,1.0,0.9485641794487372,1.0,1.0,1.0
phrase_subphrase_rela_1gram_psalm,Wisdom,36,1260,0.027777777777777776,0.0328319752428932,0.005944654466423005,0.059425894505242806,0.5217151641845703,0.2768329518847129,0.6494504814726229,0.32829123735427856,0.31784107946026985,0.9405297351324338,2000,0.32829123735427856,1.0,0.31784107946026985,1.0,0.9405297351324338,1.0
phrase_typ_1_2_3gram_psalm,Hymn,136,2261,0.05673758865248227,0.037295782872717356,0.016125107327927275,0.01647959585069917,0.30419906973838806,0.22397551747288236,0.36176470993425175,1.0,1.0,1.0,2000,1.0,1.0,1.0,1.0,1.0,1.0
phrase_typ_1_2_3gram_psalm,Lament,1711,5369,0.24166666666666667,0.3530140922397572,0.237518690177193,0.42383528602118276,0.6784582734107971,0.6133130409740032,0.7348919158550398,0.0,0.0004997501249375312,0.06596701649175413,2000,0.0,0.0,0.0005451819544773067,0.0036083742019672915,0.16774039758363496,1.0
phrase_typ_1_2_3gram_psalm,Praise,820,4469,0.15503875968992248,0.13418305263392594,0.10313501899013347,0.14610459149497393,0.4390915334224701,0.377543149119538,0.4858016726559703,1.0,0.9650174912543729,1.0,2000,1.0,1.0,0.9980009995002499,1.0,1.0,1.0
phrase_typ_1_2_3gram_psalm,Royal,45,1400,0.031141868512110725,0.03987058244398176,0.008197912007949983,0.060384267562527794,0.5571428537368774,0.39699228869352976,0.6710082706503844,0.09570714086294174,0.19290354822588707,0.7331334332833583,2000,0.14054894812040397,0.930245754369361,0.2737144941042992,1.0,1.0,1.0
phrase_typ_1_2_3gram_psalm,Thanksgiving,28,1136,0.024054982817869417,0.030826582489694332,0.008267808542223991,0.10384237449912682,0.6156941652297974,0.4489854001717323,0.6979810064467789,0.018136093392968178,0.07446276861569215,0.27786106946526734,2000,0.02092626160727097,0.1385038186006912,0.08187005973453063,0.541870120669774,0.30710960309319024,1.0
phrase_typ_1_2_3gram_psalm,Trust,15,864,0.017064846416382253,0.017484696284896125,0.006565773774179069,0.12125468762919445,0.5067129731178284,0.32504155965078846,0.5766963218275343,0.46464887261390686,0.4432783608195902,0.9995002498750625,2000,0.9626190986724343,1.0,0.9485641794487372,1.0,1.0,1.0
phrase_typ_1_2_3gram_psalm,Wisdom,36,1269,0.027586206896551724,0.07273084402313962,0.00849930158888345,0.1141210604692913,0.6900008916854858,0.4997120696078626,0.7921164968536446,4.96026077598799e-05,0.009995002498750625,0.05147426286856572,2000,0.00044585090038778546,0.0029509356897654613,0.06224473969911595,0.411976792507369,0.3108201996562694,1.0
phrase_typ_1_2_3gram_psalm_shuffle01,Hymn,136,2261,0.05673758865248227,0.03522417343777582,0.015941559997184513,0.016279856999494774,0.25860172510147095,0.19653686221259273,0.29608859759902645,1.0,1.0,1.0,2000,1.0,1.0,1.0,1.0,1.0,1.0
phrase_typ_1_2_3gram_psalm_shuffle01,Lament,1711,5369,0.24166666666666667,0.34021851719961277,0.2182626123257695,0.40425950454013565,0.6513491868972778,0.580389269504708,0.710679602872332,0.0,0.0004997501249375312,0.1374312843578211,2000,0.0,0.0,0.0005451819544773067,0.0036083742019672915,0.18268643456049752,1.0
phrase_typ_1_2_3gram_psalm_shuffle01,Praise,820,4469,0.15503875968992248,0.13971040477367122,0.1089579711981895,0.1513200253860603,0.46169084310531616,0.4013997621269162,0.5114248225550636,0.9997610449790955,0.8525737131434283,1.0,2000,1.0,1.0,0.9980009995002499,1.0,1.0,1.0
phrase_typ_1_2_3gram_psalm_shuffle01,Royal,45,1400,0.031141868512110725,0.04239601320804756,0.008177089706148097,0.057441177088464086,0.5531269907951355,0.42011309776310596,0.6314930542934709,0.11226267367601395,0.2063968015992004,0.7671164417791104,2000,0.1550997465260719,1.0,0.279634376360207,1.0,1.0,1.0
phrase_typ_1_2_3gram_psalm_shuffle01,Thanksgiving,28,1136,0.024054982817869417,0.03951948411634476,0.009017782781914027,0.1102369788406884,0.6781312823295593,0.49698167128601417,0.7641239330627906,0.000632022856734693,0.01899050474762619,0.0734632683658171,2000,0.002281067525904815,0.01509761125771617,0.05022028862869178,0.33239103461680297,0.18726696131488157,1.0
phrase_typ_1_2_3gram_psalm_shuffle01,Trust,15,864,0.017064846416382253,0.014700101976964674,0.005659745457795342,0.11481057108439381,0.41836419701576233,0.22525639913657994,0.4546780877094721,0.861209511756897,0.8245877061469266,1.0,2000,0.9626190986724343,1.0,0.9485641794487372,1.0,1.0,1.0
phrase_typ_1_2_3gram_psalm_shuffle01,Wisdom,36,1269,0.027586206896551724,0.059409896793985034,0.009006903973829214,0.11099650916324842,0.6853821873664856,0.5252376491872035,0.7818625215487451,7.296373951248825e-05,0.01249375312343828,0.06096951524237881,2000,0.0005194028914448316,0.0034377513388417946,0.06224473969911595,0.411976792507369,0.3108201996562694,1.0
phrase_typ_1_2_3gram_psalm_shuffle02,Hymn,136,2261,0.05673758865248227,0.03440510743570643,0.015257670077362933,0.015605621182561362,0.23872505128383636,0.1525842798794104,0.29417159231991785,1.0,1.0,1.0,2000,1.0,1.0,1.0,1.0,1.0,1.0
phrase_typ_1_2_3gram_psalm_shuffle02,Lament,1711,5369,0.24166666666666667,0.3201149054094893,0.20526506521848958,0.38182219576103793,0.6489941477775574,0.5807116587640487,0.7063695951236356,0.0,0.0004997501249375312,0.1469265367316342,2000,0.0,0.0,0.0005451819544773067,0.0036083742019672915,0.18531274903088998,1.0
phrase_typ_1_2_3gram_psalm_shuffle02,Praise,820,4469,0.15503875968992248,0.14028697842736515,0.10500574318170376,0.15222722296162008,0.46479105949401855,0.40542487476094874,0.5161020286164338,0.9993367195129395,0.8315842078960519,1.0,2000,1.0,1.0,0.9980009995002499,1.0,1.0,1.0
phrase_typ_1_2_3gram_psalm_shuffle02,Royal,45,1400,0.031141868512110725,0.04529227987670492,0.009253824192820927,0.05953716292208794,0.5693809390068054,0.42499403194374785,0.6541421752828174,0.05634308233857155,0.15592203898050974,0.6296851574212894,2000,0.11068773276335456,0.7326045113882497,0.2617610113861988,1.0,1.0,1.0
phrase_typ_1_2_3gram_psalm_shuffle02,Thanksgiving,28,1136,0.024054982817869417,0.0416073315798318,0.00898433904796045,0.11558752249060547,0.6965543031692505,0.507302104036325,0.7796015487653478,0.0001872075954452157,0.01249375312343828,0.04847576211894053,2000,0.001536285492655789,0.010168151922545903,0.05022028862869178,0.33239103461680297,0.18726696131488157,1.0
phrase_typ_1_2_3gram_psalm_shuffle02,Trust,15,864,0.017064846416382253,0.015584256872345183,0.005769376962234319,0.11770577279173626,0.4506944417953491,0.2449315184820892,0.5231764268680548,0.7440799474716187,0.6861569215392304,1.0,2000,0.9626190986724343,1.0,0.9485641794487372,1.0,1.0,1.0
phrase_typ_1_2_3gram_psalm_shuffle02,Wisdom,36,1269,0.027586206896551724,0.0767598073444541,0.009143102893818304,0.12463103704401889,0.7187855839729309,0.5294780982133587,0.8114690623268976,3.692656946441275e-06,0.0034982508745627187,0.02798600699650175,2000,0.00017232399083392616,0.0011405539706488396,0.06224473969911595,0.411976792507369,0.3108201996562694,1.0
phrase_typ_1_2_3gram_psalm_shuffle03,Hymn,136,2261,0.05673758865248227,0.03466699754908442,0.014612921708594588,0.014973569226044625,0.24383406341075897,0.170011765710971,0.2826615547981238,1.0,1.0,1.0,2000,1.0,1.0,1.0,1.0,1.0,1.0
phrase_typ_1_2_3gram_psalm_shuffle03,Lament,1711,5369,0.24166666666666667,0.3335063415326422,0.2133364566585241,0.40194079959869405,0.6425490379333496,0.5687696547138856,0.7011305856898585,0.0,0.0004997501249375312,0.1679160419790105,2000,0.0,0.0,0.0005451819544773067,0.0036083742019672915,0.19758277285938036,1.0
phrase_typ_1_2_3gram_psalm_shuffle03,Praise,820,4469,0.15503875968992248,0.13954226159227454,0.10603363497121765,0.15156061255805625,0.4618852734565735,0.40356809930778237,0.5142697575691291,0.999744713306427,0.8500749625187406,1.0,2000,1.0,1.0,0.9980009995002499,1.0,1.0,1.0
phrase_typ_1_2_3gram_psalm_shuffle03,Royal,45,1400,0.031141868512110725,0.04804480955232591,0.00824975259537916,0.06007480783458174,0.5677618980407715,0.4282232950259232,0.6697139373853207,0.06066509708762169,0.15792103948025987,0.6351824087956022,2000,0.11374675957807179,0.7528511709680493,0.2617610113861988,1.0,1.0,1.0
phrase_typ_1_2_3gram_psalm_shuffle03,Thanksgiving,28,1136,0.024054982817869417,0.03468034372174286,0.008387867625250352,0.10576928329630225,0.6682280898094177,0.48640525489623787,0.7414618707055035,0.0011643090983852744,0.0239880059970015,0.09645177411294353,2000,0.003248574579820821,0.021501211862800414,0.05094540108586483,0.33719030770810854,0.18726696131488157,1.0
phrase_typ_1_2_3gram_psalm_shuffle03,Trust,15,864,0.017064846416382253,0.018062625278271217,0.006553234790913673,0.1209155712461709,0.5259259343147278,0.3334193483761583,0.5742486284009698,0.3653692603111267,0.36681659170414793,0.9710144927536232,2000,0.9626190986724343,1.0,0.9485641794487372,1.0,1.0,1.0
phrase_typ_1_2_3gram_psalm_shuffle03,Wisdom,36,1269,0.027586206896551724,0.05853237618543633,0.00890153385187055,0.11040228466675799,0.6980343461036682,0.5220493532301165,0.7844399346524994,2.4841048798407428e-05,0.00849575212393803,0.046476761619190406,2000,0.0003726157319761114,0.002466216982179526,0.06224473969911595,0.411976792507369,0.3108201996562694,1.0
phrase_typ_1_2_3gram_psalm_shuffle04,Hymn,136,2261,0.05673758865248227,0.0357740146908938,0.015600935452634256,0.01595686142085091,0.27215638756752014,0.20239119348193682,0.3271111045724454,1.0,1.0,1.0,2000,1.0,1.0,1.0,1.0,1.0,1.0
phrase_typ_1_2_3gram_psalm_shuffle04,Lament,1711,5369,0.24166666666666667,0.32948516890759416,0.21365928777301635,0.39678470853917325,0.6513897180557251,0.5848155122800667,0.7102167753312505,0.0,0.0004997501249375312,0.13043478260869565,2000,0.0,0.0,0.0005451819544773067,0.0036083742019672915,0.18268643456049752,1.0
phrase_typ_1_2_3gram_psalm_shuffle04,Praise,820,4469,0.15503875968992248,0.1406227576192557,0.10798007931800349,0.153370947100943,0.4646054804325104,0.40669650338747193,0.515752072524929,0.9993747472763062,0.8320839580209896,1.0,2000,1.0,1.0,0.9980009995002499,1.0,1.0,1.0
phrase_typ_1_2_3gram_psalm_shuffle04,Royal,45,1400,0.031141868512110725,0.03700955215139505,0.007307996490413894,0.060027630700309496,0.5463333129882812,0.37820919136354914,0.6417424036926083,0.1447443813085556,0.239880059970015,0.8360819590204898,2000,0.18705427738336416,1.0,0.3071634914250192,1.0,1.0,1.0
phrase_typ_1_2_3gram_psalm_shuffle04,Thanksgiving,28,1136,0.024054982817869417,0.03959642252103315,0.008809518884644126,0.11171093302590467,0.6948251724243164,0.5140950493091758,0.7586375253821424,0.00021079083671793342,0.01199400299850075,0.04597701149425287,2000,0.001536285492655789,0.010168151922545903,0.05022028862869178,0.33239103461680297,0.18726696131488157,1.0
phrase_typ_1_2_3gram_psalm_shuffle04,Trust,15,864,0.017064846416382253,0.01637126277512971,0.005782738082394721,0.11965228746548029,0.4835648238658905,0.24953778309687857,0.5552724917820621,0.5866751074790955,0.545727136431784,1.0,2000,0.9626190986724343,1.0,0.9485641794487372,1.0,1.0,1.0
phrase_typ_1_2_3gram_psalm_shuffle04,Wisdom,36,1269,0.027586206896551724,0.06785100966761133,0.009534762762916595,0.11809321721554447,0.6945976614952087,0.5293413404347804,0.8011179681540147,3.349834150867537e-05,0.0069965017491254375,0.04597701149425287,2000,0.00043201655154751444,0.0028593708332138347,0.06224473969911595,0.411976792507369,0.3108201996562694,1.0
phrase_typ_1_2_3gram_psalm_shuffle05,Hymn,136,2261,0.05673758865248227,0.03596854413162874,0.015930602451471404,0.0162793001505598,0.2773467004299164,0.2255242813034297,0.30913504859566837,1.0,1.0,1.0,2000,1.0,1.0,1.0,1.0,1.0,1.0
phrase_typ_1_2_3gram_psalm_shuffle05,Lament,1711,5369,0.24166666666666667,0.3184222045949304,0.19856336629770846,0.3821202209564387,0.6407133936882019,0.5733539131491793,0.6990053560379162,0.0,0.0004997501249375312,0.17391304347826086,2000,0.0,0.0,0.0005451819544773067,0.0036083742019672915,0.20122170319798777,1.0
phrase_typ_1_2_3gram_psalm_shuffle05,Praise,820,4469,0.15503875968992248,0.13938153665430983,0.1074111565623072,0.15204112855460505,0.4545555114746094,0.38773445284318914,0.5023584561351768,0.9999828934669495,0.9000499750124937,1.0,2000,1.0,1.0,0.9980009995002499,1.0,1.0,1.0
phrase_typ_1_2_3gram_psalm_shuffle05,Royal,45,1400,0.031141868512110725,0.039264480169472094,0.007524275011944242,0.05753758370486068,0.5421745777130127,0.4068756725279324,0.6301975742291226,0.1674845665693283,0.25787106446776614,0.8665667166416792,2000,0.21316217563369058,1.0,0.31854660904841703,1.0,1.0,1.0
phrase_typ_1_2_3gram_psalm_shuffle05,Thanksgiving,28,1136,0.024054982817869417,0.04260363210874568,0.008991759463525685,0.11415312460560731,0.6898579001426697,0.4884996205147442,0.7779960203413785,0.0002948805340565741,0.014492753623188406,0.05997001499250375,2000,0.001629602951365278,0.01078578848926481,0.05022028862869178,0.33239103461680297,0.18726696131488157,1.0
phrase_typ_1_2_3gram_psalm_shuffle05,Trust,15,864,0.017064846416382253,0.019030822633921404,0.006975629104022294,0.12272205394673547,0.5354938507080078,0.3582772851498045,0.5938976321147398,0.31869974732398987,0.3248375812093953,0.9120439780109945,2000,0.9626190986724343,1.0,0.9485641794487372,1.0,1.0,1.0
phrase_typ_1_2_3gram_psalm_shuffle05,Wisdom,36,1269,0.027586206896551724,0.07718384334661064,0.010720303996616845,0.12749613742542487,0.7035942673683167,0.5116143048859831,0.8125173451986154,1.516132579126861e-05,0.005997001499250375,0.037481259370314844,2000,0.00027685899271012244,0.0018324356458857076,0.06224473969911595,0.411976792507369,0.3108201996562694,1.0
phrase_typ_1_2_3gram_psalm_shuffle06,Hymn,136,2261,0.05673758865248227,0.03488944261106493,0.015011952570784743,0.015373232465167681,0.2511642575263977,0.17447275105755763,0.29289264135017606,1.0,1.0,1.0,2000,1.0,1.0,1.0,1.0,1.0,1.0
phrase_typ_1_2_3gram_psalm_shuffle06,Lament,1711,5369,0.24166666666666667,0.3205423854024203,0.20105314676293462,0.38603245461606256,0.6429443359375,0.5715409506871513,0.7044581675251228,0.0,0.0004997501249375312,0.1679160419790105,2000,0.0,0.0,0.0005451819544773067,0.0036083742019672915,0.19758277285938036,1.0
phrase_typ_1_2_3gram_psalm_shuffle06,Praise,820,4469,0.15503875968992248,0.13938050594692336,0.10622754705995781,0.15413856405897866,0.45720982551574707,0.3998299298549118,0.5063870263478893,0.9999521970748901,0.8775612193903048,1.0,2000,1.0,1.0,0.9980009995002499,1.0,1.0,1.0
phrase_typ_1_2_3gram_psalm_shuffle06,Royal,45,1400,0.031141868512110725,0.04650174316589464,0.008318557963185227,0.06334841060521826,0.584079384803772,0.4462979396289843,0.6857675725383056,0.02728288620710373,0.11544227886056972,0.49825087456271866,2000,0.10390765105302516,0.6877294531992113,0.2617610113861988,1.0,1.0,1.0
phrase_typ_1_2_3gram_psalm_shuffle06,Thanksgiving,28,1136,0.024054982817869417,0.03863056024848926,0.007802594461458658,0.1120024120529223,0.6822183132171631,0.4495734687381,0.7671114977935269,0.0004868842370342463,0.021989005497251374,0.07246376811594203,2000,0.001911134388358724,0.012649149457006115,0.05094540108586483,0.33719030770810854,0.18726696131488157,1.0
phrase_typ_1_2_3gram_psalm_shuffle06,Trust,15,864,0.017064846416382253,0.01670165727990298,0.006022360668924592,0.11988766423635418,0.4712963104248047,0.2843083198727961,0.5299662366066141,0.6488050818443298,0.5952023988005997,1.0,2000,0.9626190986724343,1.0,0.9485641794487372,1.0,1.0,1.0
phrase_typ_1_2_3gram_psalm_shuffle06,Wisdom,36,1269,0.027586206896551724,0.07526856084366045,0.00967467845285237,0.12570057229238177,0.6927808523178101,0.4622422086001443,0.8055160991750805,3.9159982406999916e-05,0.008995502248875561,0.05647176411794103,2000,0.00044585090038778546,0.0029509356897654613,0.06224473969911595,0.411976792507369,0.3108201996562694,1.0
phrase_typ_1_2_3gram_psalm_shuffle07,Hymn,136,2261,0.05673758865248227,0.03595680850335238,0.015967382637913845,0.016315430034279783,0.2764165997505188,0.22148148300380915,0.3185136981016891,1.0,1.0,1.0,2000,1.0,1.0,1.0,1.0,1.0,1.0
phrase_typ_1_2_3gram_psalm_shuffle07,Lament,1711,5369,0.24166666666666667,0.31949600209531415,0.19967794418416693,0.3806745237933,0.6403409242630005,0.5702318185879443,0.6987278443505405,0.0,0.0004997501249375312,0.1794102948525737,2000,0.0,0.0,0.0005451819544773067,0.0036083742019672915,0.2058806662242649,1.0
phrase_typ_1_2_3gram_psalm_shuffle07,Praise,820,4469,0.15503875968992248,0.13733207527529157,0.10517741308765712,0.14863472229047303,0.46285712718963623,0.4019209766901045,0.5098723897324827,0.9996460676193237,0.8545727136431784,1.0,2000,1.0,1.0,0.9980009995002499,1.0,1.0,1.0
phrase_typ_1_2_3gram_psalm_shuffle07,Royal,45,1400,0.031141868512110725,0.04553944749018606,0.008395002070746678,0.04706011817864296,0.5644127130508423,0.4211176264020516,0.6635429714435533,0.07042491436004639,0.1774112943528236,0.6776611694152923,2000,0.11691092502458293,0.7737937074445064,0.26420356255438715,1.0,1.0,1.0
phrase_typ_1_2_3gram_psalm_shuffle07,Thanksgiving,28,1136,0.024054982817869417,0.03819213424908326,0.009254729317186225,0.11110317300638836,0.6913983821868896,0.5217946375335547,0.7588968983449893,0.0002659410529304296,0.01199400299850075,0.05347326336831584,2000,0.0015666987979784607,0.010369447261508652,0.05022028862869178,0.33239103461680297,0.18726696131488157,1.0
phrase_typ_1_2_3gram_psalm_shuffle07,Trust,15,864,0.017064846416382253,0.016450728323896015,0.0057064218887290935,0.11687042509318353,0.4753086566925049,0.23885200682330474,0.5278586592087395,0.6288302540779114,0.5812093953023488,1.0,2000,0.9626190986724343,1.0,0.9485641794487372,1.0,1.0,1.0
phrase_typ_1_2_3gram_psalm_shuffle07,Wisdom,36,1269,0.027586206896551724,0.0767204054600844,0.01035944507358725,0.1276210111607845,0.7110804915428162,0.521210541964895,0.8253376273993237,7.647115126019344e-06,0.005497251374312844,0.03398300849575212,2000,0.00020073677205800777,0.0013286085200210974,0.06224473969911595,0.411976792507369,0.3108201996562694,1.0
phrase_typ_1_2_3gram_psalm_shuffle08,Hymn,136,2261,0.05673758865248227,0.034608313709181465,0.015441651937432212,0.015786231331250886,0.2459869384765625,0.18115221849571297,0.2867241656859159,1.0,1.0,1.0,2000,1.0,1.0,1.0,1.0,1.0,1.0
phrase_typ_1_2_3gram_psalm_shuffle08,Lament,1711,5369,0.24166666666666667,0.33271704603938435,0.21128982760730913,0.39966018270497683,0.6491538286209106,0.5804894361053787,0.7083388409298034,0.0,0.0004997501249375312,0.14992503748125938,2000,0.0,0.0,0.0005451819544773067,0.0036083742019672915,0.18796571863322073,1.0
phrase_typ_1_2_3gram_psalm_shuffle08,Praise,820,4469,0.15503875968992248,0.13899018905648394,0.10410831156971505,0.15258917061025382,0.46107369661331177,0.3969634609014232,0.5072617413030424,0.9998067021369934,0.856071964017991,1.0,2000,1.0,1.0,0.9980009995002499,1.0,1.0,1.0
phrase_typ_1_2_3gram_psalm_shuffle08,Royal,45,1400,0.031141868512110725,0.04198229792109055,0.009477282010019059,0.058631449129988404,0.5722857117652893,0.43214655060514195,0.6783102836950963,0.04920080304145813,0.14592703648175911,0.6031984007996002,2000,0.10651720246088872,0.7050011877119028,0.2617610113861988,1.0,1.0,1.0
phrase_typ_1_2_3gram_psalm_shuffle08,Thanksgiving,28,1136,0.024054982817869417,0.04352482681268068,0.011160112814021952,0.11737658432434148,0.7212336659431458,0.5524885696968704,0.7792388228001015,3.1113351724343374e-05,0.004997501249375313,0.02348825587206397,2000,0.001536285492655789,0.010168151922545903,0.05022028862869178,0.33239103461680297,0.18726696131488157,1.0
phrase_typ_1_2_3gram_psalm_shuffle08,Trust,15,864,0.017064846416382253,0.016998906510081024,0.006534879585878834,0.12109843977855979,0.4771604835987091,0.3408920908998539,0.5125736727594629,0.6194888353347778,0.5602198900549725,1.0,2000,0.9626190986724343,1.0,0.9485641794487372,1.0,1.0,1.0
phrase_typ_1_2_3gram_psalm_shuffle08,Wisdom,36,1269,0.027586206896551724,0.06625988999144972,0.008766303691426324,0.11964813002669046,0.7055643200874329,0.5276290677006814,0.7984899686934924,1.2690071343968157e-05,0.0069965017491254375,0.04147926036981509,2000,0.0002664914982233313,0.001763816720886545,0.06224473969911595,0.411976792507369,0.3108201996562694,1.0
phrase_typ_1_2_3gram_psalm_shuffle09,Hymn,136,2261,0.05673758865248227,0.035092800866509496,0.015260985501881657,0.0156153608125782,0.2577659487724304,0.16336865366459724,0.3025085783755004,1.0,1.0,1.0,2000,1.0,1.0,1.0,1.0,1.0,1.0
phrase_typ_1_2_3gram_psalm_shuffle09,Lament,1711,5369,0.24166666666666667,0.3280362609264501,0.2119422215422485,0.3954785354997332,0.64430171251297,0.5738062086646052,0.7031335663462125,0.0,0.0004997501249375312,0.16041979010494753,2000,0.0,0.0,0.0005451819544773067,0.0036083742019672915,0.19643239604687454,1.0
phrase_typ_1_2_3gram_psalm_shuffle09,Praise,820,4469,0.15503875968992248,0.1458628101695711,0.1117092640495263,0.15965157495564988,0.47460418939590454,0.413241204298078,0.5263777293250526,0.9897063970565796,0.7501249375312344,1.0,2000,1.0,1.0,0.9980009995002499,1.0,1.0,1.0
phrase_typ_1_2_3gram_psalm_shuffle09,Royal,45,1400,0.031141868512110725,0.03922548245121943,0.007113838328935412,0.049621439526059755,0.5350000262260437,0.3729739789470763,0.6380735532671165,0.21182534098625183,0.2983508245877061,0.920039980009995,2000,0.2571290266307103,1.0,0.35497831820633585,1.0,1.0,1.0
phrase_typ_1_2_3gram_psalm_shuffle09,Thanksgiving,28,1136,0.024054982817869417,0.04137983126314017,0.00915126472410256,0.11571704183333878,0.6987864971160889,0.5320769189569106,0.7646777848559442,0.0001604023273102939,0.010494752623688156,0.044977511244377814,2000,0.001536285492655789,0.010168151922545903,0.05022028862869178,0.33239103461680297,0.18726696131488157,1.0
phrase_typ_1_2_3gram_psalm_shuffle09,Trust,15,864,0.017064846416382253,0.016619891492969,0.005758429440385938,0.11946276320641672,0.4766203761100769,0.2509803186362268,0.5438835925140758,0.6222208738327026,0.5787106446776612,1.0,2000,0.9626190986724343,1.0,0.9485641794487372,1.0,1.0,1.0
phrase_typ_1_2_3gram_psalm_shuffle09,Wisdom,36,1269,0.027586206896551724,0.062406738176611104,0.00761204391514763,0.11149591649031364,0.6827554702758789,0.4886692402682948,0.782452019428745,9.05270135262981e-05,0.010494752623688156,0.06846576711644178,2000,0.0005859892743711289,0.0038784639933608237,0.06224473969911595,0.411976792507369,0.3108201996562694,1.0
phrase_typ_1_2_3gram_psalm_shuffle10,Hymn,136,2261,0.05673758865248227,0.03521281896420431,0.015935204213790195,0.016274071854179745,0.2592245042324066,0.21034544487347498,0.2985802768683633,1.0,1.0,1.0,2000,1.0,1.0,1.0,1.0,1.0,1.0
phrase_typ_1_2_3gram_psalm_shuffle10,Lament,1711,5369,0.24166666666666667,0.3348976933968542,0.21416205854753442,0.40465738612375285,0.6555374264717102,0.585134540189771,0.7166518733458285,0.0,0.0004997501249375312,0.12493753123438281,2000,0.0,0.0,0.0005451819544773067,0.0036083742019672915,0.18094401075324407,1.0
phrase_typ_1_2_3gram_psalm_shuffle10,Praise,820,4469,0.15503875968992248,0.13824962609308433,0.10290022530873348,0.151679153339736,0.4561019241809845,0.3927854473956038,0.5091781353951136,0.9999686479568481,0.8835582208895553,1.0,2000,1.0,1.0,0.9980009995002499,1.0,1.0,1.0
phrase_typ_1_2_3gram_psalm_shuffle10,Royal,45,1400,0.031141868512110725,0.04143977111949055,0.007676061558519337,0.06124876875929051,0.5556825399398804,0.41666165980494974,0.6579055319386816,0.10150616616010666,0.20239880059970014,0.7496251874062968,2000,0.1452849805355072,0.9615919444734041,0.27714298190710474,1.0,1.0,1.0
phrase_typ_1_2_3gram_psalm_shuffle10,Thanksgiving,28,1136,0.024054982817869417,0.042084100525908656,0.008339438102396575,0.1182206784761918,0.6995724439620972,0.5090290736564372,0.7705480287900259,0.00015185188385657966,0.009995002498750625,0.043478260869565216,2000,0.001536285492655789,0.010168151922545903,0.05022028862869178,0.33239103461680297,0.18726696131488157,1.0
phrase_typ_1_2_3gram_psalm_shuffle10,Trust,15,864,0.017064846416382253,0.02044151291983711,0.006787149990500046,0.12627386085093903,0.5512345433235168,0.3386283350920106,0.6489997023337087,0.24806441366672516,0.26436781609195403,0.7966016991504248,2000,0.9626190986724343,1.0,0.9485641794487372,1.0,1.0,1.0
phrase_typ_1_2_3gram_psalm_shuffle10,Wisdom,36,1269,0.027586206896551724,0.06886837965195501,0.008083920021232352,0.1187625369015508,0.6603624820709229,0.44518904250428626,0.7763279539534638,0.0005093799554742873,0.02148925537231384,0.10994502748625687,2000,0.0016331265748030584,0.010809110156106342,0.06224473969911595,0.411976792507369,0.3108201996562694,1.0
phrase_typ_1_2_3gram_psalm_shuffle11,Hymn,136,2261,0.05673758865248227,0.03464096424114219,0.015525654954616051,0.015866216703501836,0.2464292198419571,0.1638846134948218,0.28999133615424955,1.0,1.0,1.0,2000,1.0,1.0,1.0,1.0,1.0,1.0
phrase_typ_1_2_3gram_psalm_shuffle11,Lament,1711,5369,0.24166666666666667,0.3320200323347161,0.21219994615316162,0.39699578241507155,0.6553463339805603,0.586905051060004,0.7119352469032313,0.0,0.0004997501249375312,0.11944027986006997,2000,0.0,0.0,0.0005451819544773067,0.0036083742019672915,0.17811516776822856,1.0
phrase_typ_1_2_3gram_psalm_shuffle11,Praise,820,4469,0.15503875968992248,0.14366004264565413,0.10978859095933656,0.15737480650351593,0.4680863916873932,0.40422645361228654,0.5184589293101911,0.9981912970542908,0.8020989505247377,1.0,2000,1.0,1.0,0.9980009995002499,1.0,1.0,1.0
phrase_typ_1_2_3gram_psalm_shuffle11,Royal,45,1400,0.031141868512110725,0.04203484188527513,0.008471517940905062,0.06320461323370224,0.5808571577072144,0.42171711038812154,0.6796615287953005,0.03225484862923622,0.12593703148425786,0.5217391304347826,2000,0.10390765105302516,0.6877294531992113,0.2617610113861988,1.0,1.0,1.0
phrase_typ_1_2_3gram_psalm_shuffle11,Thanksgiving,28,1136,0.024054982817869417,0.03940703948385881,0.008566472179754914,0.11311652588523394,0.6830357313156128,0.4853793138653664,0.7629920219516141,0.0004618453676812351,0.014992503748125937,0.06046976511744128,2000,0.001868943358064056,0.012369901356405168,0.05022028862869178,0.33239103461680297,0.18726696131488157,1.0
phrase_typ_1_2_3gram_psalm_shuffle11,Trust,15,864,0.017064846416382253,0.01662884266695235,0.005589999603833659,0.11169855510194587,0.4418981373310089,0.22170903799571304,0.5102528462536677,0.7802127599716187,0.7331334332833583,1.0,2000,0.9626190986724343,1.0,0.9485641794487372,1.0,1.0,1.0
phrase_typ_1_2_3gram_psalm_shuffle11,Wisdom,36,1269,0.027586206896551724,0.06784895309491865,0.008764852831953603,0.11832912318894706,0.6873960494995117,0.4667707466672645,0.7941609508672335,6.172822759253904e-05,0.011494252873563218,0.05747126436781609,2000,0.0004629617069440428,0.003064186307188496,0.06224473969911595,0.411976792507369,0.3108201996562694,1.0
phrase_typ_1_2_3gram_psalm_shuffle12,Hymn,136,2261,0.05673758865248227,0.03438403613400964,0.01504166974166392,0.01539583933507759,0.23986002802848816,0.16614603162376076,0.27995723043730136,1.0,1.0,1.0,2000,1.0,1.0,1.0,1.0,1.0,1.0
phrase_typ_1_2_3gram_psalm_shuffle12,Lament,1711,5369,0.24166666666666667,0.3339902950526712,0.2073380608083023,0.4011450087841428,0.6582121253013611,0.5900697698600842,0.7150185451614969,0.0,0.0004997501249375312,0.11744127936031984,2000,0.0,0.0,0.0005451819544773067,0.0036083742019672915,0.17811516776822856,1.0
phrase_typ_1_2_3gram_psalm_shuffle12,Praise,820,4469,0.15503875968992248,0.1403742600357838,0.10821043393524034,0.15449020304168745,0.4659191370010376,0.4038217406350135,0.5196320353897614,0.9990560412406921,0.8245877061469266,1.0,2000,1.0,1.0,0.9980009995002499,1.0,1.0,1.0
phrase_typ_1_2_3gram_psalm_shuffle12,Royal,45,1400,0.031141868512110725,0.03743325150091112,0.006431648547149211,0.05884910425280753,0.5493809580802917,0.3486956781346417,0.63968522883557,0.1294640153646469,0.2283858070964518,0.8120939530234883,2000,0.17316842819475065,1.0,0.2978945309953719,1.0,1.0,1.0
phrase_typ_1_2_3gram_psalm_shuffle12,Thanksgiving,28,1136,0.024054982817869417,0.04241940596954843,0.010604807486245774,0.1176055099903733,0.7092555165290833,0.5524618638906962,0.7787534277447132,7.611866021761671e-05,0.006496751624187906,0.02948525737131434,2000,0.001536285492655789,0.010168151922545903,0.05022028862869178,0.33239103461680297,0.18726696131488157,1.0
phrase_typ_1_2_3gram_psalm_shuffle12,Trust,15,864,0.017064846416382253,0.015730516003045442,0.005767349021133806,0.1180002598893271,0.46280863881111145,0.2517511555266464,0.5095569845905914,0.6896753907203674,0.6351824087956022,1.0,2000,0.9626190986724343,1.0,0.9485641794487372,1.0,1.0,1.0
phrase_typ_1_2_3gram_psalm_shuffle12,Wisdom,36,1269,0.027586206896551724,0.06751215667573092,0.008655027400100185,0.12218957571049163,0.6957359313964844,0.4992330238290259,0.8097777006565391,3.0355849958141334e-05,0.0069965017491254375,0.04547726136931534,2000,0.0004249818994139787,0.002812810859850811,0.06224473969911595,0.411976792507369,0.3108201996562694,1.0
phrase_typ_1_2_3gram_psalm_shuffle13,Hymn,136,2261,0.05673758865248227,0.03489240665639919,0.01536978888678497,0.015716408660744786,0.25202280282974243,0.18791435154245728,0.2898723159540045,1.0,1.0,1.0,2000,1.0,1.0,1.0,1.0,1.0,1.0
phrase_typ_1_2_3gram_psalm_shuffle13,Lament,1711,5369,0.24166666666666667,0.32728567815359866,0.21028687182806424,0.3928299678652987,0.6538024544715881,0.5816935191698206,0.711849061066078,0.0,0.0004997501249375312,0.13693153423288357,2000,0.0,0.0,0.0005451819544773067,0.0036083742019672915,0.18268643456049752,1.0
phrase_typ_1_2_3gram_psalm_shuffle13,Praise,820,4469,0.15503875968992248,0.14293321487155525,0.11018743404298201,0.15598079009438853,0.4695753753185272,0.4061903325484899,0.5189460913593338,0.9972311854362488,0.7886056971514243,1.0,2000,1.0,1.0,0.9980009995002499,1.0,1.0,1.0
phrase_typ_1_2_3gram_psalm_shuffle13,Royal,45,1400,0.031141868512110725,0.04878541474012841,0.009198218835273721,0.062054554342761144,0.5752857327461243,0.43924019260415587,0.6729257913815225,0.04260288178920746,0.14192903548225888,0.5647176411794103,2000,0.10390765105302516,0.6877294531992113,0.2617610113861988,1.0,1.0,1.0
phrase_typ_1_2_3gram_psalm_shuffle13,Thanksgiving,28,1136,0.024054982817869417,0.034681673231913054,0.009453117569894422,0.10685321744722466,0.6655872464179993,0.5335299818029732,0.7269249836096547,0.0013634136412292719,0.025487256371814093,0.1024487756121939,2000,0.0034438763204181263,0.022793847755428736,0.05121840993378908,0.3389972605532429,0.18726696131488157,1.0
phrase_typ_1_2_3gram_psalm_shuffle13,Trust,15,864,0.017064846416382253,0.019937823504611003,0.006946158822363582,0.12338700245261054,0.5647376775741577,0.37720878605976993,0.6293694103084084,0.19486646354198456,0.22338830584707647,0.6711644177911045,2000,0.9626190986724343,1.0,0.9485641794487372,1.0,1.0,1.0
phrase_typ_1_2_3gram_psalm_shuffle13,Wisdom,36,1269,0.027586206896551724,0.06689534313624493,0.007680696190006194,0.11590171651707631,0.6685272455215454,0.4517637417081267,0.7829859368335482,0.00027763182879425585,0.01899050474762619,0.09495252373813093,2000,0.0011660536809358745,0.007717713298915048,0.06224473969911595,0.411976792507369,0.3108201996562694,1.0
phrase_typ_1_2_3gram_psalm_shuffle14,Hymn,136,2261,0.05673758865248227,0.035601637320036385,0.01631177476887142,0.016656090190903992,0.26952221989631653,0.20838453020107864,0.31029348135112556,1.0,1.0,1.0,2000,1.0,1.0,1.0,1.0,1.0,1.0
phrase_typ_1_2_3gram_psalm_shuffle14,Lament,1711,5369,0.24166666666666667,0.3317819601614448,0.2127548344353603,0.39706215979505327,0.6495991945266724,0.5740383939200139,0.7084272557643242,0.0,0.0004997501249375312,0.1469265367316342,2000,0.0,0.0,0.0005451819544773067,0.0036083742019672915,0.18531274903088998,1.0
phrase_typ_1_2_3gram_psalm_shuffle14,Praise,820,4469,0.15503875968992248,0.1399718829901223,0.1076920568817894,0.15407388456104476,0.4612254202365875,0.3992314492392037,0.509690348354599,0.9997963309288025,0.8570714642678661,1.0,2000,1.0,1.0,0.9980009995002499,1.0,1.0,1.0
phrase_typ_1_2_3gram_psalm_shuffle14,Royal,45,1400,0.031141868512110725,0.04112730206893156,0.007120038019448978,0.060993412269202775,0.5453650951385498,0.38600199870636037,0.6421200768684818,0.14984360337257385,0.24737631184407796,0.84007996001999,2000,0.19245967405651687,1.0,0.312636474555515,1.0,1.0,1.0
phrase_typ_1_2_3gram_psalm_shuffle14,Thanksgiving,28,1136,0.024054982817869417,0.04035770954268282,0.008076857398821212,0.11311998464874339,0.6875314116477966,0.47672716099878343,0.7727596721501934,0.00034418527502566576,0.015492253873063468,0.06096951524237881,2000,0.001746401459717288,0.011558838148932512,0.05022028862869178,0.33239103461680297,0.18726696131488157,1.0
phrase_typ_1_2_3gram_psalm_shuffle14,Trust,15,864,0.017064846416382253,0.01771650946722686,0.006620334681522322,0.12047297421467032,0.5172839760780334,0.34544515459618247,0.5762192397408822,0.4093342423439026,0.3953023488255872,0.9880059970014993,2000,0.9626190986724343,1.0,0.9485641794487372,1.0,1.0,1.0
phrase_typ_1_2_3gram_psalm_shuffle14,Wisdom,36,1269,0.027586206896551724,0.05670999907036734,0.007571563761908702,0.1090213530227717,0.6656597256660461,0.41953428656590286,0.7645589666168459,0.0003446188347879797,0.02048975512243878,0.1024487756121939,2000,0.0013784753391519189,0.00912366011199467,0.06224473969911595,0.411976792507369,0.3108201996562694,1.0
phrase_typ_1_2_3gram_psalm_shuffle15,Hymn,136,2261,0.05673758865248227,0.034527073329248884,0.015574450113120296,0.015914480519376595,0.24368934333324432,0.1651853189231515,0.2876641263957111,1.0,1.0,1.0,2000,1.0,1.0,1.0,1.0,1.0,1.0
phrase_typ_1_2_3gram_psalm_shuffle15,Lament,1711,5369,0.24166666666666667,0.35066523132556005,0.2338518801159747,0.4199678111349547,0.6732116937637329,0.6014025580823658,0.735680599026424,0.0,0.0004997501249375312,0.08195902048975512,2000,0.0,0.0,0.0005451819544773067,0.0036083742019672915,0.16774039758363496,1.0
phrase_typ_1_2_3gram_psalm_shuffle15,Praise,820,4469,0.15503875968992248,0.1334899659637938,0.10355517506800395,0.14452228124478936,0.4459554851055145,0.387287144248865,0.4890882866031892,0.9999995827674866,0.9430284857571214,1.0,2000,1.0,1.0,0.9980009995002499,1.0,1.0,1.0
phrase_typ_1_2_3gram_psalm_shuffle15,Royal,45,1400,0.031141868512110725,0.044695897503503224,0.007917806264216402,0.05987781613458863,0.5603809356689453,0.4138670186987182,0.6662836421492733,0.08372458070516586,0.1874062968515742,0.7061469265367316,2000,0.1274557626849908,0.8435864066805422,0.2686370125517446,1.0,1.0,1.0
phrase_typ_1_2_3gram_psalm_shuffle15,Thanksgiving,28,1136,0.024054982817869417,0.03969980201377954,0.009053042757990374,0.11375917378875584,0.6987550258636475,0.5295455809300201,0.7651087927728641,0.000160753566888161,0.008995502248875561,0.044977511244377814,2000,0.001536285492655789,0.010168151922545903,0.05022028862869178,0.33239103461680297,0.18726696131488157,1.0
phrase_typ_1_2_3gram_psalm_shuffle15,Trust,15,864,0.017064846416382253,0.01616001658140872,0.005977660429724295,0.11931812609429446,0.4628857970237732,0.27901885211652533,0.5292242632498231,0.6893132328987122,0.6441779110444777,1.0,2000,0.9626190986724343,1.0,0.9485641794487372,1.0,1.0,1.0
phrase_typ_1_2_3gram_psalm_shuffle15,Wisdom,36,1269,0.027586206896551724,0.058429636397940105,0.008198926846954602,0.1103447877133275,0.6632956862449646,0.46995970413362115,0.7744053010439722,0.00041083531687036157,0.020989505247376312,0.10044977511244378,2000,0.0014875071817719988,0.009845304848898062,0.06224473969911595,0.411976792507369,0.3108201996562694,1.0
phrase_typ_1_2_3gram_psalm_shuffle16,Hymn,136,2261,0.05673758865248227,0.03566367511360014,0.01607532264970756,0.016421485253989596,0.2706604301929474,0.1908146057765087,0.3132849101761758,1.0,1.0,1.0,2000,1.0,1.0,1.0,1.0,1.0,1.0
phrase_typ_1_2_3gram_psalm_shuffle16,Lament,1711,5369,0.24166666666666667,0.33453339986596675,0.21718533659169892,0.40032470281310273,0.6534526944160461,0.5847397234166899,0.7111246205631371,0.0,0.0004997501249375312,0.1344327836081959,2000,0.0,0.0,0.0005451819544773067,0.0036083742019672915,0.18268643456049752,1.0
phrase_typ_1_2_3gram_psalm_shuffle16,Praise,820,4469,0.15503875968992248,0.1410432824233263,0.10804597172189744,0.15396073662845877,0.4609982669353485,0.3996681104552727,0.5098817447056567,0.9998117089271545,0.8595702148925537,1.0,2000,1.0,1.0,0.9980009995002499,1.0,1.0,1.0
phrase_typ_1_2_3gram_psalm_shuffle16,Royal,45,1400,0.031141868512110725,0.042012334292163736,0.008071834207657273,0.06375868259596808,0.5734603404998779,0.4338445476629645,0.6642970964561048,0.04652632400393486,0.14342828585707146,0.5847076461769115,2000,0.10449762610509435,0.6916342977015054,0.2617610113861988,1.0,1.0,1.0
phrase_typ_1_2_3gram_psalm_shuffle16,Thanksgiving,28,1136,0.024054982817869417,0.036625384297582844,0.009114890372492886,0.11019863954955716,0.6764965057373047,0.5124740099372573,0.736664177864794,0.0007005395018495619,0.017491254372813594,0.07546226886556721,2000,0.002362904488109052,0.015639262317073514,0.05022028862869178,0.33239103461680297,0.18726696131488157,1.0
phrase_typ_1_2_3gram_psalm_shuffle16,Trust,15,864,0.017064846416382253,0.016966070946691475,0.005513693021453033,0.11847856115885794,0.4683642089366913,0.20034301989642941,0.5389731210901539,0.6631500124931335,0.6086956521739131,1.0,2000,0.9626190986724343,1.0,0.9485641794487372,1.0,1.0,1.0
phrase_typ_1_2_3gram_psalm_shuffle16,Wisdom,36,1269,0.027586206896551724,0.06417552017651454,0.01060627085469984,0.11600706938645555,0.7128754258155823,0.5571599112474962,0.8098071542127998,6.468064839282306e-06,0.004997501249375313,0.02848575712143928,2000,0.00019404194517846918,0.0012842977346028141,0.06224473969911595,0.411976792507369,0.3108201996562694,1.0
phrase_typ_1_2_3gram_psalm_shuffle17,Hymn,136,2261,0.05673758865248227,0.034925029531754484,0.015361789343705436,0.01571231527305401,0.25431549549102783,0.18788543287606105,0.29271398060699094,1.0,1.0,1.0,2000,1.0,1.0,1.0,1.0,1.0,1.0
phrase_typ_1_2_3gram_psalm_shuffle17,Lament,1711,5369,0.24166666666666667,0.33477666723774024,0.21576428740828069,0.40130941199074993,0.6537678837776184,0.5835583755653931,0.7120645744432976,0.0,0.0004997501249375312,0.13093453273363317,2000,0.0,0.0,0.0005451819544773067,0.0036083742019672915,0.18268643456049752,1.0
phrase_typ_1_2_3gram_psalm_shuffle17,Praise,820,4469,0.15503875968992248,0.14050498216391472,0.10796389807872342,0.1542531593929948,0.46548500657081604,0.41072623096225863,0.5139239279747073,0.999174952507019,0.8275862068965517,1.0,2000,1.0,1.0,0.9980009995002499,1.0,1.0,1.0
phrase_typ_1_2_3gram_psalm_shuffle17,Royal,45,1400,0.031141868512110725,0.037468643121859595,0.007206329793702349,0.0565311588022097,0.5151746273040771,0.36161295750410405,0.6110270682370454,0.36437442898750305,0.3968015992003998,0.992503748125937,2000,0.39442592828544143,1.0,0.42784234481224864,1.0,1.0,1.0
phrase_typ_1_2_3gram_psalm_shuffle17,Thanksgiving,28,1136,0.024054982817869417,0.03806119466250618,0.007745230319179693,0.11397541032949816,0.6779112219810486,0.4559345163984479,0.7553059390401538,0.0006408713525161147,0.020989505247376312,0.07196401799100449,2000,0.002281067525904815,0.01509761125771617,0.05066432301090834,0.335329947389719,0.18726696131488157,1.0
phrase_typ_1_2_3gram_psalm_shuffle17,Trust,15,864,0.017064846416382253,0.019391043902388515,0.007089703073024671,0.1226125715581984,0.5466821193695068,0.39154106377163916,0.6092578113872725,0.2676047384738922,0.2863568215892054,0.8435782108945528,2000,0.9626190986724343,1.0,0.9485641794487372,1.0,1.0,1.0
phrase_typ_1_2_3gram_psalm_shuffle17,Wisdom,36,1269,0.027586206896551724,0.06478954916044885,0.010183969298880675,0.11824945366697376,0.6873960494995117,0.49475598426240874,0.7909960808064177,6.172822759253904e-05,0.012993503248375811,0.06346826586706647,2000,0.0004629617069440428,0.003064186307188496,0.06224473969911595,0.411976792507369,0.3108201996562694,1.0
phrase_typ_1_2_3gram_psalm_shuffle19,Hymn,136,2261,0.05673758865248227,0.034732265764080714,0.015569380906293999,0.01591971356713,0.24783086776733398,0.15420063370806153,0.2897906604780325,1.0,1.0,1.0,2000,1.0,1.0,1.0,1.0,1.0,1.0
phrase_typ_1_2_3gram_psalm_shuffle19,Lament,1711,5369,0.24166666666666667,0.32164514845474046,0.2049883785356001,0.3874904078910201,0.6426518559455872,0.5717476308193582,0.7045515759635654,0.0,0.0004997501249375312,0.16841579210394803,2000,0.0,0.0,0.0005451819544773067,0.0036083742019672915,0.19758277285938036,1.0
phrase_typ_1_2_3gram_psalm_shuffle19,Praise,820,4469,0.15503875968992248,0.14156608655832426,0.10726912118729841,0.1543596705744325,0.4694821834564209,0.41050327965557837,0.519551045960535,0.9973026514053345,0.7841079460269865,1.0,2000,1.0,1.0,0.9980009995002499,1.0,1.0,1.0
phrase_typ_1_2_3gram_psalm_shuffle19,Royal,45,1400,0.031141868512110725,0.04124411310530622,0.00948955015724477,0.060186069124103604,0.5716984272003174,0.4266513352700453,0.6558883954842125,0.05058334022760391,0.15442278860569716,0.6141929035482259,2000,0.1088794693350792,0.7206362298789956,0.2617610113861988,1.0,1.0,1.0
phrase_typ_1_2_3gram_psalm_shuffle19,Thanksgiving,28,1136,0.024054982817869417,0.03646540285784997,0.009939668804634798,0.10991486402766004,0.6724094748497009,0.5185965365185661,0.7293295072917474,0.000902872474398464,0.022988505747126436,0.0864567716141929,2000,0.0027356927166692913,0.018106620995560086,0.05094540108586483,0.33719030770810854,0.18726696131488157,1.0
phrase_typ_1_2_3gram_psalm_shuffle19,Trust,15,864,0.017064846416382253,0.014412427641967526,0.0053346034481699545,0.1144770198255066,0.3951388895511627,0.18146456227829202,0.44553596602484163,0.9184203147888184,0.8830584707646177,1.0,2000,0.9626190986724343,1.0,0.9485641794487372,1.0,1.0,1.0
phrase_typ_1_2_3gram_psalm_shuffle19,Wisdom,36,1269,0.027586206896551724,0.07426995657376562,0.008567065794811465,0.12507086775362142,0.7047325372695923,0.49327730289648025,0.819773233484639,1.3682743883691728e-05,0.0069965017491254375,0.037481259370314844,2000,0.00027365487767383456,0.0018112286966421999,0.06224473969911595,0.411976792507369,0.3108201996562694,1.0
phrase_typ_1_2_3gram_psalm_shuffle18,Hymn,136,2261,0.05673758865248227,0.03484243279819266,0.014674736562430988,0.015034287659868957,0.2502764165401459,0.19233774045026666,0.2793279569630992,1.0,1.0,1.0,2000,1.0,1.0,1.0,1.0,1.0,1.0
phrase_typ_1_2_3gram_psalm_shuffle18,Lament,1711,5369,0.24166666666666667,0.3290522023077445,0.21090411458469333,0.3964402352452101,0.6527506709098816,0.5797019020945079,0.7122648620562704,0.0,0.0004997501249375312,0.1329335332333833,2000,0.0,0.0,0.0005451819544773067,0.0036083742019672915,0.18268643456049752,1.0
phrase_typ_1_2_3gram_psalm_shuffle18,Praise,820,4469,0.15503875968992248,0.1383353119064273,0.10421615156722375,0.14978550022992376,0.4554758071899414,0.39485646611601277,0.5077935006423401,0.9999753832817078,0.895552223888056,1.0,2000,1.0,1.0,0.9980009995002499,1.0,1.0,1.0
phrase_typ_1_2_3gram_psalm_shuffle18,Royal,45,1400,0.031141868512110725,0.03875531839219719,0.007265824088395238,0.059677559067232516,0.5522063374519348,0.39722713131695553,0.641334840712163,0.11633054912090302,0.21139430284857572,0.7821089455272364,2000,0.15966938114633747,1.0,0.2818590704647676,1.0,1.0,1.0
phrase_typ_1_2_3gram_psalm_shuffle18,Thanksgiving,28,1136,0.024054982817869417,0.03961243023852622,0.008410728776542066,0.11502426557774924,0.699918270111084,0.4975452908862857,0.7661603942052662,0.0001482265506638214,0.009995002498750625,0.041979010494752625,2000,0.001536285492655789,0.010168151922545903,0.05022028862869178,0.33239103461680297,0.18726696131488157,1.0
phrase_typ_1_2_3gram_psalm_shuffle18,Trust,15,864,0.017064846416382253,0.019623630918036938,0.006875932952052488,0.12045940929899036,0.5603780746459961,0.37241559416620196,0.6309255923236455,0.2112341821193695,0.23338330834582707,0.7031484257871065,2000,0.9626190986724343,1.0,0.9485641794487372,1.0,1.0,1.0
phrase_typ_1_2_3gram_psalm_shuffle18,Wisdom,36,1269,0.027586206896551724,0.07014349833413301,0.00807279616512756,0.11870998669660142,0.6823833584785461,0.47166369257252366,0.7911776284131445,9.331510227639228e-05,0.011494252873563218,0.06496751624187906,2000,0.0005938233781224963,0.0039303152654724845,0.06224473969911595,0.411976792507369,0.3108201996562694,1.0
phrase_typ_1_2_3gram_psalm_shuffle20,Hymn,136,2261,0.05673758865248227,0.034697410763467204,0.015306974971072895,0.01566401454067637,0.2462373524904251,0.1630069391722907,0.29954584589346805,1.0,1.0,1.0,2000,1.0,1.0,1.0,1.0,1.0,1.0
phrase_typ_1_2_3gram_psalm_shuffle20,Lament,1711,5369,0.24166666666666667,0.32223844930890877,0.20025146756487266,0.3856589084430504,0.642785906791687,0.5698007527973218,0.701603547642208,0.0,0.0004997501249375312,0.16241879060469766,2000,0.0,0.0,0.0005451819544773067,0.0036083742019672915,0.1966258250185252,1.0
phrase_typ_1_2_3gram_psalm_shuffle20,Praise,820,4469,0.15503875968992248,0.14021870446333956,0.10454766601763048,0.1550988875421235,0.4568639397621155,0.39747004881095016,0.505451729009411,0.9999580383300781,0.8790604697651174,1.0,2000,1.0,1.0,0.9980009995002499,1.0,1.0,1.0
phrase_typ_1_2_3gram_psalm_shuffle20,Royal,45,1400,0.031141868512110725,0.040291529614094414,0.0067910175843511195,0.05867984398619118,0.5394285917282104,0.3743301816163083,0.6491914047156553,0.18369729816913605,0.27886056971514245,0.8935532233883059,2000,0.22783009088144893,1.0,0.3385012695964157,1.0,1.0,1.0
phrase_typ_1_2_3gram_psalm_shuffle20,Thanksgiving,28,1136,0.024054982817869417,0.04451540335676779,0.010037398750451905,0.11617390391600656,0.7196303009986877,0.5620040166354622,0.7993122395269477,3.516278957249597e-05,0.006496751624187906,0.0239880059970015,2000,0.001536285492655789,0.010168151922545903,0.05022028862869178,0.33239103461680297,0.18726696131488157,1.0
phrase_typ_1_2_3gram_psalm_shuffle20,Trust,15,864,0.017064846416382253,0.01728860597262925,0.006267858975700338,0.11994438626704608,0.501003086566925,0.3129463961344376,0.5574654237579634,0.4948848783969879,0.45827086456771615,1.0,2000,0.9626190986724343,1.0,0.9485641794487372,1.0,1.0,1.0
phrase_typ_1_2_3gram_psalm_shuffle20,Wisdom,36,1269,0.027586206896551724,0.08113368547589297,0.010136932626604884,0.12226931754220978,0.709197998046875,0.5428720905523616,0.8032729173238321,9.102536751015577e-06,0.006496751624187906,0.030984507746126936,2000,0.00021282168745528907,0.0014085944707562337,0.06224473969911595,0.411976792507369,0.3108201996562694,1.0
phrase_typ_1_2_3gram_psalm_shuffle21,Hymn,136,2261,0.05673758865248227,0.034710317690073045,0.014843526220524175,0.015202264717533963,0.24771054089069366,0.15476051923785009,0.29331728810310836,1.0,1.0,1.0,2000,1.0,1.0,1.0,1.0,1.0,1.0
phrase_typ_1_2_3gram_psalm_shuffle21,Lament,1711,5369,0.24166666666666667,0.33722328370695487,0.21774488186626997,0.4026061801175767,0.657802164554596,0.5879429427888485,0.7141384121346949,0.0,0.0004997501249375312,0.11894052973513243,2000,0.0,0.0,0.0005451819544773067,0.0036083742019672915,0.17811516776822856,1.0
phrase_typ_1_2_3gram_psalm_shuffle21,Praise,820,4469,0.15503875968992248,0.1392965056239579,0.1071700266881767,0.15180359820379744,0.45954978466033936,0.40038071472299097,0.508536035004715,0.9998869895935059,0.8705647176411794,1.0,2000,1.0,1.0,0.9980009995002499,1.0,1.0,1.0
phrase_typ_1_2_3gram_psalm_shuffle21,Royal,45,1400,0.031141868512110725,0.04419024806804305,0.009688201956134892,0.06296084859508401,0.5788730382919312,0.4392922783407991,0.6690917363806171,0.03567266836762428,0.12593703148425786,0.5357321339330335,2000,0.10390765105302516,0.6877294531992113,0.2617610113861988,1.0,1.0,1.0
phrase_typ_1_2_3gram_psalm_shuffle21,Thanksgiving,28,1136,0.024054982817869417,0.0325721859549625,0.00824058525822361,0.10498964039659128,0.6476672291755676,0.476950733712645,0.7148778214015109,0.003763307351619005,0.038980509745127435,0.14592703648175911,2000,0.006872126468173835,0.04548427118096634,0.056296355133691425,0.37260645525943703,0.19344559695074096,1.0
phrase_typ_1_2_3gram_psalm_shuffle21,Trust,15,864,0.017064846416382253,0.016686436084989032,0.006142786964262688,0.11888617085622577,0.49645060300827026,0.2973666796491701,0.555448422723946,0.5190215110778809,0.4987506246876562,1.0,2000,0.9626190986724343,1.0,0.9485641794487372,1.0,1.0,1.0
phrase_typ_1_2_3gram_psalm_shuffle21,Wisdom,36,1269,0.027586206896551724,0.06787793462597164,0.008851897946811986,0.12361029575914889,0.6930216550827026,0.5117157697677612,0.7938580854158735,3.83607875846792e-05,0.010494752623688156,0.050474762618690654,2000,0.00044585090038778546,0.0029509356897654613,0.06224473969911595,0.411976792507369,0.3108201996562694,1.0
phrase_typ_1_2_3gram_psalm_shuffle22,Hymn,136,2261,0.05673758865248227,0.035231825360079266,0.015409953947042651,0.015768400337397705,0.25649601221084595,0.1810058001673029,0.32252035002930995,1.0,1.0,1.0,2000,1.0,1.0,1.0,1.0,1.0,1.0
phrase_typ_1_2_3gram_psalm_shuffle22,Lament,1711,5369,0.24166666666666667,0.32868891818439117,0.20845872214168779,0.396364460366196,0.6536427736282349,0.5834533547680211,0.7125772276666431,0.0,0.0004997501249375312,0.13143428285857073,2000,0.0,0.0,0.0005451819544773067,0.0036083742019672915,0.18268643456049752,1.0
phrase_typ_1_2_3gram_psalm_shuffle22,Praise,820,4469,0.15503875968992248,0.1379796857854083,0.10563259022008868,0.15073889230213472,0.45877084136009216,0.4048688718766575,0.5071722820982498,0.9999147057533264,0.8790604697651174,1.0,2000,1.0,1.0,0.9980009995002499,1.0,1.0,1.0
phrase_typ_1_2_3gram_psalm_shuffle22,Royal,45,1400,0.031141868512110725,0.04810772496621385,0.007228069850545065,0.06153920350955993,0.5670793652534485,0.39360482564122157,0.6653857194328386,0.06256307661533356,0.16841579210394803,0.6461769115442278,2000,0.11374675957807179,0.7528511709680493,0.26420356255438715,1.0,1.0,1.0
phrase_typ_1_2_3gram_psalm_shuffle22,Thanksgiving,28,1136,0.024054982817869417,0.04037657258895735,0.011864981100586989,0.11165338008042537,0.714820146560669,0.5577694400104763,0.7692237664044201,5.051284460932948e-05,0.0074962518740629685,0.02848575712143928,2000,0.001536285492655789,0.010168151922545903,0.05022028862869178,0.33239103461680297,0.18726696131488157,1.0
phrase_typ_1_2_3gram_psalm_shuffle22,Trust,15,864,0.017064846416382253,0.02139381844883035,0.006247615487336172,0.12000394150431176,0.5271604657173157,0.3099224085231887,0.5756167764121463,0.3592158854007721,0.36031984007996004,0.9640179910044977,2000,0.9626190986724343,1.0,0.9485641794487372,1.0,1.0,1.0
phrase_typ_1_2_3gram_psalm_shuffle22,Wisdom,36,1269,0.027586206896551724,0.06817640475625583,0.008658031541464491,0.11754474021429419,0.6952762603759766,0.5236191092010684,0.8004034601711413,3.158972322125919e-05,0.0069965017491254375,0.046476761619190406,2000,0.00042798979848157614,0.002832719122236433,0.06224473969911595,0.411976792507369,0.3108201996562694,1.0
phrase_typ_1_2_3gram_psalm_shuffle23,Hymn,136,2261,0.05673758865248227,0.03594052365880264,0.015274248969822933,0.01563358501420967,0.2775125503540039,0.21745078562896322,0.30903283159160233,1.0,1.0,1.0,2000,1.0,1.0,1.0,1.0,1.0,1.0
phrase_typ_1_2_3gram_psalm_shuffle23,Lament,1711,5369,0.24166666666666667,0.3308747578395196,0.2126019033156625,0.3965967057027031,0.652572751045227,0.578257667031919,0.7110239044586568,0.0,0.0004997501249375312,0.13243378310844578,2000,0.0,0.0,0.0005451819544773067,0.0036083742019672915,0.18268643456049752,1.0
phrase_typ_1_2_3gram_psalm_shuffle23,Praise,820,4469,0.15503875968992248,0.13582792354361417,0.10654606953847551,0.1474570469251557,0.45115020871162415,0.38433518546197304,0.49802524047452384,0.999995768070221,0.9180409795102449,1.0,2000,1.0,1.0,0.9980009995002499,1.0,1.0,1.0
phrase_typ_1_2_3gram_psalm_shuffle23,Royal,45,1400,0.031141868512110725,0.0401522426722421,0.007418779008247585,0.059753962804221745,0.5641904473304749,0.4130814911905337,0.6385532663028671,0.07111290097236633,0.1744127936031984,0.6741629185407296,2000,0.11712713101330925,0.775224701455999,0.26420356255438715,1.0,1.0,1.0
phrase_typ_1_2_3gram_psalm_shuffle23,Thanksgiving,28,1136,0.024054982817869417,0.0409413133048202,0.010911389078111912,0.11425151553804418,0.7186557054519653,0.5714627847026437,0.7784668563864876,3.7862686440348625e-05,0.005997001499250375,0.025487256371814093,2000,0.001536285492655789,0.010168151922545903,0.05022028862869178,0.33239103461680297,0.18726696131488157,1.0
phrase_typ_1_2_3gram_psalm_shuffle23,Trust,15,864,0.017064846416382253,0.018265221758045784,0.00627706613101404,0.12235378344984775,0.4983024597167969,0.3076445922554822,0.584965050925596,0.5092066526412964,0.47276361819090457,1.0,2000,0.9626190986724343,1.0,0.9485641794487372,1.0,1.0,1.0
phrase_typ_1_2_3gram_psalm_shuffle23,Wisdom,36,1269,0.027586206896551724,0.06795820625305687,0.00796071104495132,0.11379350765413813,0.6899133324623108,0.4495207261324635,0.7997887972571455,4.99708294228185e-05,0.009995002498750625,0.054972513743128434,2000,0.00044585090038778546,0.0029509356897654613,0.06224473969911595,0.411976792507369,0.3108201996562694,1.0
phrase_typ_1_2_3gram_psalm_shuffle24,Hymn,136,2261,0.05673758865248227,0.03472753603761587,0.014901148937266108,0.015252355334894207,0.24785037338733673,0.18999731671429398,0.28697388367937,1.0,1.0,1.0,2000,1.0,1.0,1.0,1.0,1.0,1.0
phrase_typ_1_2_3gram_psalm_shuffle24,Lament,1711,5369,0.24166666666666667,0.323807075694386,0.20735928639989204,0.38453878186981527,0.6443751454353333,0.5752543890475269,0.7005629859097214,0.0,0.0004997501249375312,0.15992003998001,2000,0.0,0.0,0.0005451819544773067,0.0036083742019672915,0.19639303155439825,1.0
phrase_typ_1_2_3gram_psalm_shuffle24,Praise,820,4469,0.15503875968992248,0.1401146373652769,0.10727433110536742,0.15154575547668817,0.46675702929496765,0.4083563853728352,0.516546081260259,0.9987810254096985,0.8100949525237381,1.0,2000,1.0,1.0,0.9980009995002499,1.0,1.0,1.0
phrase_typ_1_2_3gram_psalm_shuffle24,Royal,45,1400,0.031141868512110725,0.04743368738905632,0.008762046963051011,0.061712948326630435,0.56849205493927,0.42414945163518725,0.6842607783578549,0.05868488922715187,0.16091954022988506,0.6251874062968515,2000,0.11068773276335456,0.7326045113882497,0.2617610113861988,1.0,1.0,1.0
phrase_typ_1_2_3gram_psalm_shuffle24,Thanksgiving,28,1136,0.024054982817869417,0.03819811358082158,0.01003572142650571,0.10906887744644941,0.6794202923774719,0.5323927580960254,0.7311892351288974,0.0005824223626405001,0.017991004497751123,0.0769615192403798,2000,0.0021840838599018753,0.014455709310039382,0.05022028862869178,0.33239103461680297,0.18726696131488157,1.0
phrase_typ_1_2_3gram_psalm_shuffle24,Trust,15,864,0.017064846416382253,0.018395546381324044,0.00628850502894288,0.12014858489936621,0.5100308656692505,0.29997492408018045,0.5775404769136072,0.4471614360809326,0.431784107946027,0.9985007496251874,2000,0.9626190986724343,1.0,0.9485641794487372,1.0,1.0,1.0
phrase_typ_1_2_3gram_psalm_shuffle24,Wisdom,36,1269,0.027586206896551724,0.06252195184799011,0.00843752972667956,0.1132454107273661,0.6888626217842102,0.4944246293670146,0.7892171555852591,5.45949769730214e-05,0.01199400299850075,0.062468765617191405,2000,0.00044585090038778546,0.0029509356897654613,0.06224473969911595,0.411976792507369,0.3108201996562694,1.0
phrase_typ_1_2_3gram_psalm_shuffle26,Hymn,136,2261,0.05673758865248227,0.035525655914919525,0.016404615889755926,0.016744078515133314,0.2682360112667084,0.20117225136506262,0.31527097014427785,1.0,1.0,1.0,2000,1.0,1.0,1.0,1.0,1.0,1.0
phrase_typ_1_2_3gram_psalm_shuffle26,Lament,1711,5369,0.24166666666666667,0.3218707046703808,0.20253523230392645,0.3847165009214261,0.6493057012557983,0.5808463003980806,0.7049357034414981,0.0,0.0004997501249375312,0.1359320339830085,2000,0.0,0.0,0.0005451819544773067,0.0036083742019672915,0.18268643456049752,1.0
phrase_typ_1_2_3gram_psalm_shuffle26,Praise,820,4469,0.15503875968992248,0.141527925753685,0.10938660280732757,0.1551180962374927,0.4657062888145447,0.40093613853495663,0.5154588748502439,0.9991161823272705,0.8210894552723638,1.0,2000,1.0,1.0,0.9980009995002499,1.0,1.0,1.0
phrase_typ_1_2_3gram_psalm_shuffle26,Royal,45,1400,0.031141868512110725,0.040243680070194285,0.007666026118729978,0.060632701241336774,0.5698254108428955,0.420701116040148,0.6629838067378719,0.05520012974739075,0.15592203898050974,0.6146926536731634,2000,0.11068773276335456,0.7326045113882497,0.2617610113861988,1.0,1.0,1.0
phrase_typ_1_2_3gram_psalm_shuffle26,Thanksgiving,28,1136,0.024054982817869417,0.03916189326808188,0.008893149251908407,0.1151170046978991,0.66426682472229,0.4689749348486251,0.7731482373559805,0.0014742162311449647,0.02498750624687656,0.095952023988006,2000,0.0036343322298897987,0.02405441073757785,0.05094540108586483,0.33719030770810854,0.18726696131488157,1.0
phrase_typ_1_2_3gram_psalm_shuffle26,Trust,15,864,0.017064846416382253,0.017503853679413914,0.006395386257916433,0.12045045836921722,0.5011574029922485,0.3265307854952302,0.5583586168749187,0.4940665364265442,0.46026986506746626,1.0,2000,0.9626190986724343,1.0,0.9485641794487372,1.0,1.0,1.0
phrase_typ_1_2_3gram_psalm_shuffle26,Wisdom,36,1269,0.027586206896551724,0.10274170243402546,0.010621073912933852,0.155182239777972,0.7173189520835876,0.5295353512329899,0.8289279677060142,4.249295216141036e-06,0.0024987506246876563,0.022988505747126436,2000,0.0001784703990779235,0.001181234959372435,0.04997501249375313,0.3307676351803351,0.3108201996562694,1.0
phrase_typ_1_2_3gram_psalm_shuffle25,Hymn,136,2261,0.05673758865248227,0.036493391852151655,0.01625794604350602,0.01661074562207275,0.28669965267181396,0.22243405360019114,0.335094631373096,1.0,1.0,1.0,2000,1.0,1.0,1.0,1.0,1.0,1.0
phrase_typ_1_2_3gram_psalm_shuffle25,Lament,1711,5369,0.24166666666666667,0.33442261524087313,0.20998390337275394,0.40010163721293535,0.6556630730628967,0.5839895461887109,0.7149597721276211,0.0,0.0004997501249375312,0.12193903048475763,2000,0.0,0.0,0.0005451819544773067,0.0036083742019672915,0.17907130350908462,1.0
phrase_typ_1_2_3gram_psalm_shuffle25,Praise,820,4469,0.15503875968992248,0.13711990925761022,0.10365225273702756,0.14958672539080523,0.445744127035141,0.38589221947036,0.4968339274315337,0.9999996423721313,0.9405297351324338,1.0,2000,1.0,1.0,0.9980009995002499,1.0,1.0,1.0
phrase_typ_1_2_3gram_psalm_shuffle25,Royal,45,1400,0.031141868512110725,0.03833599101855446,0.008205615909323881,0.05987808239660307,0.5439524054527283,0.41021934191543796,0.6445478728165527,0.15749596059322357,0.2463768115942029,0.8545727136431784,2000,0.20167165685717653,1.0,0.312623144621043,1.0,1.0,1.0
phrase_typ_1_2_3gram_psalm_shuffle25,Thanksgiving,28,1136,0.024054982817869417,0.03822155023313119,0.008775709077410297,0.11099859626563707,0.6855508089065552,0.5006445217671851,0.7482549349693334,0.00039209090755321085,0.01699150424787606,0.06596701649175413,2000,0.001773128512707588,0.011735735435632461,0.05022028862869178,0.33239103461680297,0.18726696131488157,1.0
phrase_typ_1_2_3gram_psalm_shuffle25,Trust,15,864,0.017064846416382253,0.02196982691711013,0.006263475602071751,0.11234317615076225,0.5103394985198975,0.3122208295795162,0.6091314358787032,0.4455393850803375,0.42978510744627685,0.9960019990004998,2000,0.9626190986724343,1.0,0.9485641794487372,1.0,1.0,1.0
phrase_typ_1_2_3gram_psalm_shuffle25,Wisdom,36,1269,0.027586206896551724,0.06607195478534278,0.008118083131735577,0.11989301433227133,0.671416699886322,0.44611845699368874,0.7898081270837257,0.00022256371448747814,0.01699150424787606,0.09145427286356822,2000,0.0010160517400515305,0.0067249013958669635,0.06224473969911595,0.411976792507369,0.3108201996562694,1.0
phrase_typ_1_2_3gram_psalm_shuffle27,Hymn,136,2261,0.05673758865248227,0.03555666706916695,0.015503211945336387,0.015859482276592063,0.2667124271392822,0.18872397431814467,0.31570468160257187,1.0,1.0,1.0,2000,1.0,1.0,1.0,1.0,1.0,1.0
phrase_typ_1_2_3gram_psalm_shuffle27,Lament,1711,5369,0.24166666666666667,0.3314944810525091,0.20938650536444137,0.39573671038515373,0.6552947759628296,0.5837900537635978,0.7130561010844559,0.0,0.0004997501249375312,0.12093953023488256,2000,0.0,0.0,0.0005451819544773067,0.0036083742019672915,0.1782266761356164,1.0
phrase_typ_1_2_3gram_psalm_shuffle27,Praise,820,4469,0.15503875968992248,0.13595935776205098,0.10210614976249426,0.14783428950199842,0.4497136175632477,0.39321252850558897,0.49602310745747646,0.9999977350234985,0.9255372313843079,1.0,2000,1.0,1.0,0.9980009995002499,1.0,1.0,1.0
phrase_typ_1_2_3gram_psalm_shuffle27,Royal,45,1400,0.031141868512110725,0.04067418400916319,0.008961032804153236,0.03993560507478424,0.5506983995437622,0.4312593388804169,0.6452903768599402,0.12321737408638,0.22188905547226387,0.7886056971514243,2000,0.16586954203935772,1.0,0.2912293853073463,1.0,1.0,1.0
phrase_typ_1_2_3gram_psalm_shuffle27,Thanksgiving,28,1136,0.024054982817869417,0.04181462408793248,0.009041428566431508,0.10983378438105634,0.6854879260063171,0.5222209289422146,0.7563890763155434,0.0003937086439691484,0.013993003498250875,0.05997001499250375,2000,0.001773128512707588,0.011735735435632461,0.05022028862869178,0.33239103461680297,0.18726696131488157,1.0
phrase_typ_1_2_3gram_psalm_shuffle27,Trust,15,864,0.017064846416382253,0.015391918325106054,0.0062933174041699515,0.11707299742319605,0.45679011940956116,0.30240227209007575,0.500005995660039,0.7173340320587158,0.6621689155422289,1.0,2000,0.9626190986724343,1.0,0.9485641794487372,1.0,1.0,1.0
phrase_typ_1_2_3gram_psalm_shuffle27,Wisdom,36,1269,0.027586206896551724,0.08713878353532199,0.006803159005582069,0.12632392942572812,0.6914017796516418,0.43009900899285125,0.8049882516705762,4.4049091229680926e-05,0.0074962518740629685,0.05297351324337831,2000,0.00044585090038778546,0.0029509356897654613,0.06224473969911595,0.411976792507369,0.3108201996562694,1.0
phrase_typ_1_2_3gram_psalm_shuffle28,Hymn,136,2261,0.05673758865248227,0.03578160457410048,0.015480442404082403,0.015840990181151697,0.27287834882736206,0.19305622251110743,0.3272281793901593,1.0,1.0,1.0,2000,1.0,1.0,1.0,1.0,1.0,1.0
phrase_typ_1_2_3gram_psalm_shuffle28,Lament,1711,5369,0.24166666666666667,0.32290884021465904,0.21070637551048607,0.38806990750580833,0.6435104012489319,0.5777591706298978,0.7026226972979353,0.0,0.0004997501249375312,0.16391804097951024,2000,0.0,0.0,0.0005451819544773067,0.0036083742019672915,0.19726526421602952,1.0
phrase_typ_1_2_3gram_psalm_shuffle28,Praise,820,4469,0.15503875968992248,0.14476023061382992,0.10747702825144977,0.15694286726151507,0.4723318815231323,0.4099791275681007,0.5247185274290513,0.9941762685775757,0.7646176911544228,1.0,2000,1.0,1.0,0.9980009995002499,1.0,1.0,1.0
phrase_typ_1_2_3gram_psalm_shuffle28,Royal,45,1400,0.031141868512110725,0.04133076835158674,0.008041001565468144,0.05928506160501602,0.5511745810508728,0.40897423824085355,0.6637223411873092,0.12101238965988159,0.22538730634682658,0.7821089455272364,2000,0.16395226986177505,1.0,0.2948992793322964,1.0,1.0,1.0
phrase_typ_1_2_3gram_psalm_shuffle28,Thanksgiving,28,1136,0.024054982817869417,0.04545134566544343,0.009273394504056353,0.11972243058456108,0.7277414202690125,0.5285259118501461,0.7964218355202107,1.877988142950926e-05,0.004497751124437781,0.019490254872563718,2000,0.001536285492655789,0.010168151922545903,0.05022028862869178,0.33239103461680297,0.18726696131488157,1.0
phrase_typ_1_2_3gram_psalm_shuffle28,Trust,15,864,0.017064846416382253,0.016896495407103515,0.005875562505492976,0.11957108313772193,0.49274691939353943,0.2615408098857806,0.5623318986511514,0.5386108160018921,0.5017491254372813,1.0,2000,0.9626190986724343,1.0,0.9485641794487372,1.0,1.0,1.0
phrase_typ_1_2_3gram_psalm_shuffle28,Wisdom,36,1269,0.027586206896551724,0.07377118681604904,0.010499790034435161,0.12085044723303043,0.6960533261299133,0.5569983893410623,0.7879916462853791,2.9530609026551247e-05,0.0069965017491254375,0.04547726136931534,2000,0.0004249818994139787,0.002812810859850811,0.06224473969911595,0.411976792507369,0.3108201996562694,1.0
phrase_typ_1_2_3gram_psalm_shuffle29,Hymn,136,2261,0.05673758865248227,0.035535991845101804,0.01583491008670113,0.016181698243342455,0.26578232645988464,0.16850695682269592,0.31659331381662825,1.0,1.0,1.0,2000,1.0,1.0,1.0,1.0,1.0,1.0
phrase_typ_1_2_3gram_psalm_shuffle29,Lament,1711,5369,0.24166666666666667,0.32569692589863325,0.21159971509623188,0.3930105455692563,0.6458916664123535,0.5750546188126406,0.7045884520063639,0.0,0.0004997501249375312,0.15942028985507245,2000,0.0,0.0,0.0005451819544773067,0.0036083742019672915,0.19635343618513323,1.0
phrase_typ_1_2_3gram_psalm_shuffle29,Praise,820,4469,0.15503875968992248,0.13703546255036037,0.10460815948303609,0.1501789785771418,0.45015841722488403,0.39116965550165556,0.49974791725057394,0.9999972581863403,0.9240379810094953,1.0,2000,1.0,1.0,0.9980009995002499,1.0,1.0,1.0
phrase_typ_1_2_3gram_psalm_shuffle29,Royal,45,1400,0.031141868512110725,0.043986575889042576,0.009915618027844297,0.062170028797126825,0.5758888721466064,0.41552168634404785,0.672250872769957,0.04136684536933899,0.14042978510744628,0.5612193903048476,2000,0.10390765105302516,0.6877294531992113,0.2617610113861988,1.0,1.0,1.0
phrase_typ_1_2_3gram_psalm_shuffle29,Thanksgiving,28,1136,0.024054982817869417,0.04216105752235746,0.00874275463707978,0.11776446599088092,0.6920900344848633,0.519577792824768,0.7617053741129421,0.00025382847525179386,0.011494252873563218,0.05697151424287856,2000,0.0015582103768120642,0.010313265284646222,0.05022028862869178,0.33239103461680297,0.18726696131488157,1.0
phrase_typ_1_2_3gram_psalm_shuffle29,Trust,15,864,0.017064846416382253,0.018075635094335553,0.006091152755988482,0.12128956169941428,0.5138117074966431,0.2925195928573708,0.5745976251586552,0.42736032605171204,0.4062968515742129,0.9945027486256871,2000,0.9626190986724343,1.0,0.9485641794487372,1.0,1.0,1.0
phrase_typ_1_2_3gram_psalm_shuffle29,Wisdom,36,1269,0.027586206896551724,0.07698177318406736,0.00873705035058841,0.11593499215795323,0.7019525170326233,0.4970203082013355,0.8017965378231754,1.7563635992701165e-05,0.0079960019990005,0.04447776111944028,2000,0.0002837202737282496,0.0018778481347161472,0.06224473969911595,0.411976792507369,0.3108201996562694,1.0
phrase_typ_1_2_3gram_shuffle01,Hymn,136,2108,0.06060606060606061,0.04421042982769867,0.029737152272625914,0.03159750763164697,0.3633810877799988,0.26589807600816084,0.4324438308503092,0.9999999403953552,0.9995002498750625,1.0,2000,1.0,1.0,1.0,1.0,1.0,1.0
phrase_typ_1_2_3gram_shuffle01,Lament,1596,4788,0.25,0.3589080477578003,0.2619066516225966,0.4285746688742069,0.6509146690368652,0.5767261533139492,0.7113250597778852,0.0,0.0004997501249375312,0.1489255372313843,2000,0.0,0.0,0.0005451819544773067,0.0036083742019672915,0.1872716336442557,1.0
phrase_typ_1_2_3gram_shuffle01,Praise,630,3780,0.14285714285714285,0.13179472258285785,0.09980985720367709,0.1413767115579407,0.463855504989624,0.4026701850594885,0.5204453595792833,0.9981886148452759,0.8395802098950524,1.0,2000,1.0,1.0,0.9980009995002499,1.0,1.0,1.0
phrase_typ_1_2_3gram_shuffle01,Royal,45,1310,0.033210332103321034,0.045065791915862054,0.012203093447185565,0.04573061350977481,0.5622730851173401,0.4508810357929966,0.6310067244123616,0.07749197632074356,0.17391304347826086,0.704647676161919,2000,0.12394534254615956,0.8203521279906515,0.26420356255438715,1.0,1.0,1.0
phrase_typ_1_2_3gram_shuffle01,Thanksgiving,21,938,0.021897810218978103,0.032819119247059325,0.009671578748192081,0.12681867150846465,0.6632652878761292,0.5136497893109178,0.742069666815437,0.00521123269572854,0.030484757621189407,0.11394302848575712,2000,0.008259312197003725,0.05466558240401659,0.05392560636677709,0.3569152743250256,0.18726696131488157,1.0
phrase_typ_1_2_3gram_shuffle01,Trust,15,810,0.01818181818181818,0.01718737161033223,0.005964022071893086,0.12160798470106604,0.44469135999679565,0.21185476095927222,0.5168894657210309,0.7689422965049744,0.7186406796601699,1.0,2000,0.9626190986724343,1.0,0.9485641794487372,1.0,1.0,1.0
phrase_typ_1_2_3gram_shuffle01,Wisdom,28,1064,0.02564102564102564,0.05062354100610793,0.009274350532358248,0.09415292276667363,0.6321495771408081,0.4320735401683471,0.734942922459989,0.008431377820670605,0.04697651174412794,0.22288855572213892,2000,0.011497333391823551,0.07609694499563648,0.06922854362292538,0.45820021883928524,0.31240193856560095,1.0
phrase_typ_1_2_3gram_psalm_shuffle30,Hymn,136,2261,0.05673758865248227,0.03515958155892257,0.01571589222279332,0.016066042349818867,0.258185476064682,0.1908155257880778,0.3118238799449566,1.0,1.0,1.0,2000,1.0,1.0,1.0,1.0,1.0,1.0
phrase_typ_1_2_3gram_psalm_shuffle30,Lament,1711,5369,0.24166666666666667,0.32628980365186633,0.2062742238708713,0.3924343209059489,0.6451728940010071,0.5768590349008466,0.7026259556312314,0.0,0.0004997501249375312,0.1629185407296352,2000,0.0,0.0,0.0005451819544773067,0.0036083742019672915,0.1966258250185252,1.0
phrase_typ_1_2_3gram_psalm_shuffle30,Praise,820,4469,0.15503875968992248,0.14007336939323342,0.10802649006314106,0.15298507768238145,0.46014755964279175,0.39935218061945355,0.5115964741570256,0.9998602271080017,0.8605697151424287,1.0,2000,1.0,1.0,0.9980009995002499,1.0,1.0,1.0
phrase_typ_1_2_3gram_psalm_shuffle30,Royal,45,1400,0.031141868512110725,0.04060483339823264,0.007699305007987678,0.05069084059856842,0.5392857193946838,0.371855079251994,0.6382703049415971,0.1845666915178299,0.27586206896551724,0.8825587206396801,2000,0.2279941483455546,1.0,0.3364404754144667,1.0,1.0,1.0
phrase_typ_1_2_3gram_psalm_shuffle30,Thanksgiving,28,1136,0.024054982817869417,0.038583131613192274,0.009712104360567641,0.11304443206506819,0.7005470395088196,0.5347988830959607,0.7695974601901796,0.00014184189785737544,0.011494252873563218,0.04597701149425287,2000,0.001536285492655789,0.010168151922545903,0.05022028862869178,0.33239103461680297,0.18726696131488157,1.0
phrase_typ_1_2_3gram_psalm_shuffle30,Trust,15,864,0.017064846416382253,0.01728544144155874,0.006279508711915239,0.11988083180084114,0.5166666507720947,0.30691113728989494,0.5665479325148878,0.41252604126930237,0.39430284857571213,0.9920039980009995,2000,0.9626190986724343,1.0,0.9485641794487372,1.0,1.0,1.0
phrase_typ_1_2_3gram_psalm_shuffle30,Wisdom,36,1269,0.027586206896551724,0.06487289570851011,0.010757329756991719,0.11582095579611532,0.7038569450378418,0.5099798222582765,0.7881386777353505,1.4807216757617425e-05,0.005997001499250375,0.04147926036981509,2000,0.00027685899271012244,0.0018324356458857076,0.06224473969911595,0.411976792507369,0.3108201996562694,1.0
phrase_typ_1_2_3gram_shuffle02,Hymn,136,2108,0.06060606060606061,0.043114155526325956,0.029503274521535578,0.029840428888815537,0.3514691889286041,0.24278281640559538,0.423727088763536,1.0,0.9995002498750625,1.0,2000,1.0,1.0,1.0,1.0,1.0,1.0
phrase_typ_1_2_3gram_shuffle02,Lament,1596,4788,0.25,0.3363362678457517,0.24114173412108658,0.4023356536955831,0.6506346464157104,0.5739503122767387,0.7035415618532631,0.0,0.0004997501249375312,0.13843078460769614,2000,0.0,0.0,0.0005451819544773067,0.0036083742019672915,0.18268643456049752,1.0
phrase_typ_1_2_3gram_shuffle02,Praise,630,3780,0.14285714285714285,0.13369419887499492,0.09769482172447347,0.14307001421116058,0.4632073640823364,0.39985845700118455,0.5245672099911207,0.9984689354896545,0.8465767116441779,1.0,2000,1.0,1.0,0.9980009995002499,1.0,1.0,1.0
phrase_typ_1_2_3gram_shuffle02,Royal,45,1310,0.033210332103321034,0.062266505859028674,0.01217472577431821,0.06606680489646426,0.5532994270324707,0.40959393461145366,0.6281112172505151,0.11176727712154388,0.20089955022488756,0.7861069465267366,2000,0.1550997465260719,1.0,0.27714298190710474,1.0,1.0,1.0
phrase_typ_1_2_3gram_shuffle02,Thanksgiving,21,938,0.021897810218978103,0.043252429932117885,0.008595734978847202,0.1349697047361496,0.6993603706359863,0.45668210207038273,0.7927765564541458,0.0008803721284493804,0.01199400299850075,0.04397801099450275,2000,0.002698951050720728,0.017863440386852662,0.05022028862869178,0.33239103461680297,0.18726696131488157,1.0
phrase_typ_1_2_3gram_shuffle02,Trust,15,810,0.01818181818181818,0.017247704230801283,0.005870960640372463,0.11839853495963788,0.41950616240501404,0.20048460808954327,0.4683393175785062,0.8576845526695251,0.816591704147926,1.0,2000,0.9626190986724343,1.0,0.9485641794487372,1.0,1.0,1.0
phrase_typ_1_2_3gram_shuffle02,Wisdom,28,1064,0.02564102564102564,0.05190836264992489,0.00881641329086982,0.10403832880503698,0.6663869619369507,0.4111295533673234,0.7635758161306736,0.001311034895479679,0.01699150424787606,0.10094952523738131,2000,0.003093453124165535,0.020474515630173284,0.06224473969911595,0.411976792507369,0.3108201996562694,1.0
phrase_typ_1_2_3gram_shuffle03,Hymn,136,2108,0.06060606060606061,0.04468352005583484,0.03022864416360417,0.0320810006733234,0.37309199571609497,0.2833892980388704,0.42953534910277047,0.9999996423721313,0.9980009995002499,1.0,2000,1.0,1.0,1.0,1.0,1.0,1.0
phrase_typ_1_2_3gram_shuffle03,Lament,1596,4788,0.25,0.3505979126516152,0.25549279522272667,0.4186525443200077,0.6511472463607788,0.5754800380765348,0.7054750816397471,0.0,0.0004997501249375312,0.13543228385807096,2000,0.0,0.0,0.0005451819544773067,0.0036083742019672915,0.18268643456049752,1.0
phrase_typ_1_2_3gram_shuffle03,Praise,630,3780,0.14285714285714285,0.13320726887525985,0.09454535867718242,0.14436093836567776,0.45753464102745056,0.3975143457861272,0.5180661189340027,0.9996846318244934,0.8800599700149925,1.0,2000,1.0,1.0,0.9980009995002499,1.0,1.0,1.0
phrase_typ_1_2_3gram_shuffle03,Royal,45,1310,0.033210332103321034,0.04912737521690457,0.013847645216453661,0.05263448579106176,0.5731636881828308,0.4384301053078309,0.6540571733232522,0.04737165942788124,0.1294352823588206,0.5952023988005997,2000,0.10583030297718149,0.7004548333140758,0.2617610113861988,1.0,1.0,1.0
phrase_typ_1_2_3gram_shuffle03,Thanksgiving,21,938,0.021897810218978103,0.028902436258459455,0.008422240581039369,0.12574459866131477,0.6352421641349792,0.4536281883540329,0.7178397379597805,0.01692887395620346,0.050474762618690654,0.1874062968515742,2000,0.019750352948904037,0.13072087855310777,0.06039715185142471,0.3997482360213622,0.21986213597112056,1.0
phrase_typ_1_2_3gram_shuffle03,Trust,15,810,0.01818181818181818,0.019750978341920897,0.006059687758879617,0.1244221855446702,0.508230447769165,0.2299784399415706,0.579075047515546,0.45667991042137146,0.43778110944527737,0.9995002498750625,2000,0.9626190986724343,1.0,0.9485641794487372,1.0,1.0,1.0
phrase_typ_1_2_3gram_shuffle03,Wisdom,28,1064,0.02564102564102564,0.04084625045544292,0.00814563750118202,0.09342051558879359,0.6290279030799866,0.39453377660475936,0.7278195970057506,0.009818031452596188,0.04597701149425287,0.21239380309845077,2000,0.012846022461340806,0.08502345990493343,0.06922854362292538,0.45820021883928524,0.3108201996562694,1.0
phrase_typ_1_2_3gram_shuffle04,Hymn,136,2108,0.06060606060606061,0.04531624722556281,0.03017004165685511,0.03350078088416157,0.37565577030181885,0.26826894926809663,0.445576968071269,0.999999463558197,0.9980009995002499,1.0,2000,1.0,1.0,1.0,1.0,1.0,1.0
phrase_typ_1_2_3gram_shuffle04,Lament,1596,4788,0.25,0.3413991052442561,0.23996706801552256,0.4050993920853807,0.6573527455329895,0.5779382775788621,0.7135245266231904,0.0,0.0004997501249375312,0.12693653173413294,2000,0.0,0.0,0.0005451819544773067,0.0036083742019672915,0.1819568031683817,1.0
phrase_typ_1_2_3gram_shuffle04,Praise,630,3780,0.14285714285714285,0.13096827252410467,0.09895998267032188,0.14161037372553656,0.46059292554855347,0.39880313230795805,0.5183588364549196,0.9992426633834839,0.8585707146426786,1.0,2000,1.0,1.0,0.9980009995002499,1.0,1.0,1.0
phrase_typ_1_2_3gram_shuffle04,Royal,45,1310,0.033210332103321034,0.04049316743370743,0.011757033038294156,0.06265841803897099,0.5523155331611633,0.37573833312729904,0.6347619538224335,0.116100013256073,0.20189905047476261,0.7941029485257372,2000,0.15966938114633747,1.0,0.27714298190710474,1.0,1.0,1.0
phrase_typ_1_2_3gram_shuffle04,Thanksgiving,21,938,0.021897810218978103,0.03452822483814015,0.010038203726363265,0.12671051491886817,0.6820235848426819,0.5131868579754337,0.7614348786148409,0.002146192593500018,0.01899050474762619,0.06696651674162919,2000,0.004794685581223444,0.031734395490801925,0.05022028862869178,0.33239103461680297,0.18726696131488157,1.0
phrase_typ_1_2_3gram_shuffle04,Trust,15,810,0.01818181818181818,0.017604815931311642,0.005859090039199583,0.12063358188981516,0.4466666579246521,0.19499716594289557,0.4981695141777288,0.7608763575553894,0.7056471764117941,1.0,2000,0.9626190986724343,1.0,0.9485641794487372,1.0,1.0,1.0
phrase_typ_1_2_3gram_shuffle04,Wisdom,28,1064,0.02564102564102564,0.054058719147431655,0.00795252428688501,0.10287124866805539,0.636915922164917,0.372858411141647,0.7437874833632675,0.006645245011895895,0.035982008995502246,0.19940029985007496,2000,0.009862201077725357,0.06527455953232487,0.0654218345372768,0.4330049042360749,0.3108201996562694,1.0
phrase_typ_1_2_3gram_shuffle05,Hymn,136,2108,0.06060606060606061,0.044825107352949256,0.030484503441980535,0.03301254385490761,0.3753104507923126,0.28579939485874706,0.4343105695853321,0.999999463558197,0.9985007496251874,1.0,2000,1.0,1.0,1.0,1.0,1.0,1.0
phrase_typ_1_2_3gram_shuffle05,Lament,1596,4788,0.25,0.3277913474195591,0.23008535145137443,0.39069655373951007,0.6424375772476196,0.5771772117046582,0.6996460935801849,0.0,0.0004997501249375312,0.17341329335332334,2000,0.0,0.0,0.0005451819544773067,0.0036083742019672915,0.20119774366960166,1.0
phrase_typ_1_2_3gram_shuffle05,Praise,630,3780,0.14285714285714285,0.13100104443810962,0.09480359369148507,0.14106749553398334,0.45412677526474,0.3951200736418212,0.5129172450722561,0.9998888969421387,0.8990504747626187,1.0,2000,1.0,1.0,0.9980009995002499,1.0,1.0,1.0
phrase_typ_1_2_3gram_shuffle05,Royal,45,1310,0.033210332103321034,0.04540807995321629,0.011491508503480742,0.04871024999026892,0.5396267771720886,0.4316261466292242,0.6132485342152334,0.18276020884513855,0.2623688155922039,0.8970514742628686,2000,0.22777236710670085,1.0,0.3222073173939346,1.0,1.0,1.0
phrase_typ_1_2_3gram_shuffle05,Thanksgiving,21,938,0.021897810218978103,0.034989127483028626,0.009525204086139733,0.13393876648411204,0.6625545620918274,0.4589355736774112,0.7643497836920985,0.005380955524742603,0.030484757621189407,0.11144427786106946,2000,0.00838952087279823,0.05552738940762454,0.05392560636677709,0.3569152743250256,0.18726696131488157,1.0
phrase_typ_1_2_3gram_shuffle05,Trust,15,810,0.01818181818181818,0.02147398849794835,0.006143440735157829,0.12288955787141928,0.5156378746032715,0.237702789143904,0.6014642853581749,0.41792088747024536,0.4097951024487756,0.9940029985007496,2000,0.9626190986724343,1.0,0.9485641794487372,1.0,1.0,1.0
phrase_typ_1_2_3gram_shuffle05,Wisdom,28,1064,0.02564102564102564,0.06374946818345784,0.009847632041270975,0.11379086278159295,0.6666554808616638,0.4283198626404686,0.7982711067405333,0.0012902318267151713,0.019490254872563718,0.10044977511244378,2000,0.003093453124165535,0.020474515630173284,0.06224473969911595,0.411976792507369,0.3108201996562694,1.0
phrase_typ_1_2_3gram_shuffle06,Hymn,136,2108,0.06060606060606061,0.04331853752608776,0.029364374139808934,0.030333110498334048,0.35574910044670105,0.2531761885701015,0.4178664772999434,1.0,0.9995002498750625,1.0,2000,1.0,1.0,1.0,1.0,1.0,1.0
phrase_typ_1_2_3gram_shuffle06,Lament,1596,4788,0.25,0.3314119487191245,0.2360554387030868,0.39539799328133385,0.6455253958702087,0.5713761573793323,0.7004763751307828,0.0,0.0004997501249375312,0.1679160419790105,2000,0.0,0.0,0.0005451819544773067,0.0036083742019672915,0.19758277285938036,1.0
phrase_typ_1_2_3gram_shuffle06,Praise,630,3780,0.14285714285714285,0.13194278809755594,0.0951588255638585,0.1414872289656335,0.45296505093574524,0.3865225046766922,0.515401686786766,0.9999234080314636,0.9055472263868066,1.0,2000,1.0,1.0,0.9980009995002499,1.0,1.0,1.0
phrase_typ_1_2_3gram_shuffle06,Royal,45,1310,0.033210332103321034,0.04929126801063386,0.013390751870298988,0.06556251858720873,0.5960644483566284,0.4567211181594799,0.6755219145914403,0.014119436033070087,0.07746126936531735,0.4102948525737131,2000,0.10390765105302516,0.6877294531992113,0.2617610113861988,1.0,1.0,1.0
phrase_typ_1_2_3gram_shuffle06,Thanksgiving,21,938,0.021897810218978103,0.035989912566978324,0.008589024611109778,0.1295567846140307,0.6749415993690491,0.463063359446118,0.7597186099070435,0.003028235165402293,0.02448775612193903,0.08845577211394302,2000,0.005888235043837792,0.03897222799253242,0.05094540108586483,0.33719030770810854,0.18726696131488157,1.0
phrase_typ_1_2_3gram_shuffle06,Trust,15,810,0.01818181818181818,0.018271065304296195,0.0058612383231424646,0.12311853221582589,0.465925931930542,0.19613189664426145,0.5396615074593424,0.6748153567314148,0.6226886556721639,1.0,2000,0.9626190986724343,1.0,0.9485641794487372,1.0,1.0,1.0
phrase_typ_1_2_3gram_shuffle06,Wisdom,28,1064,0.02564102564102564,0.04700508175289282,0.008100275501472574,0.09866507718034244,0.6354054808616638,0.3635369784844947,0.7448412983705117,0.007171199191361666,0.04247876061969016,0.21139430284857572,2000,0.010350184399903435,0.06850435541290546,0.06835662628455888,0.4524292940972399,0.3108201996562694,1.0
phrase_typ_1_2_3gram_shuffle08,Hymn,136,2108,0.06060606060606061,0.0440162888200658,0.029654879379515182,0.030813348376554153,0.36612799763679504,0.25666529872997745,0.43852423053370154,0.9999999403953552,0.999000499750125,1.0,2000,1.0,1.0,1.0,1.0,1.0,1.0
phrase_typ_1_2_3gram_shuffle08,Lament,1596,4788,0.25,0.35110166073128135,0.2540572006867002,0.41742194212517225,0.6581292152404785,0.5884163521207307,0.7190197333060584,0.0,0.0004997501249375312,0.11944027986006997,2000,0.0,0.0,0.0005451819544773067,0.0036083742019672915,0.17811516776822856,1.0
phrase_typ_1_2_3gram_shuffle08,Praise,630,3780,0.14285714285714285,0.13032480857317008,0.09446093926277112,0.1421496358907553,0.45482805371284485,0.38573897697152226,0.510087945087996,0.999861478805542,0.8910544727636182,1.0,2000,1.0,1.0,0.9980009995002499,1.0,1.0,1.0
phrase_typ_1_2_3gram_shuffle08,Royal,45,1310,0.033210332103321034,0.04663069669477695,0.013927887936457465,0.06422707454084337,0.5958608984947205,0.4381874950578692,0.6827769913913243,0.014287441037595272,0.0814592703648176,0.4272863568215892,2000,0.10390765105302516,0.6877294531992113,0.2617610113861988,1.0,1.0,1.0
phrase_typ_1_2_3gram_shuffle08,Thanksgiving,21,938,0.021897810218978103,0.036557828906527284,0.011948344604167844,0.1333320629741935,0.7006802558898926,0.5320167631396522,0.7742679333756046,0.0008203074103221297,0.01249375312343828,0.043478260869565216,2000,0.0026243319470350716,0.01736956188170039,0.05022028862869178,0.33239103461680297,0.18726696131488157,1.0
phrase_typ_1_2_3gram_shuffle08,Trust,15,810,0.01818181818181818,0.020366763396565638,0.005913333945732279,0.11213248559883703,0.4516049325466156,0.2085900224272658,0.5030337357762596,0.7400551438331604,0.6841579210394803,1.0,2000,0.9626190986724343,1.0,0.9485641794487372,1.0,1.0,1.0
phrase_typ_1_2_3gram_shuffle08,Wisdom,28,1064,0.02564102564102564,0.04731369836473287,0.008326182258724174,0.09632350178063875,0.637050211429596,0.38519809087653656,0.7426794954199563,0.006600185297429562,0.0399800099950025,0.19090454772613694,2000,0.009830063208937645,0.06506184989348335,0.0677080814431494,0.4481367960507766,0.3108201996562694,1.0
phrase_typ_1_2_3gram_shuffle07,Hymn,136,2108,0.06060606060606061,0.04526606640499882,0.030945457082017423,0.03235091370131902,0.38187506794929504,0.28539327187509383,0.44076941891621374,0.9999980926513672,0.9980009995002499,1.0,2000,1.0,1.0,1.0,1.0,1.0,1.0
phrase_typ_1_2_3gram_shuffle07,Lament,1596,4788,0.25,0.33617860593490456,0.24165623731332592,0.40029814735889047,0.6413211226463318,0.5717524164482591,0.6998252902674555,0.0,0.0004997501249375312,0.1809095452273863,2000,0.0,0.0,0.0005451819544773067,0.0036083742019672915,0.2064728505312561,1.0
phrase_typ_1_2_3gram_shuffle07,Praise,630,3780,0.14285714285714285,0.1288680885835746,0.09634575053066304,0.1391057164077608,0.4565902352333069,0.39484198773248563,0.5119861349410697,0.9997621178627014,0.889055472263868,1.0,2000,1.0,1.0,0.9980009995002499,1.0,1.0,1.0
phrase_typ_1_2_3gram_shuffle07,Royal,45,1310,0.033210332103321034,0.07139676840987791,0.015404371671393078,0.07379996650995135,0.5803901553153992,0.4472748574530641,0.6692801531249005,0.033182866871356964,0.1089455272363818,0.5372313843078461,2000,0.10390765105302516,0.6877294531992113,0.2617610113861988,1.0,1.0,1.0
phrase_typ_1_2_3gram_shuffle07,Thanksgiving,21,938,0.021897810218978103,0.03433658610871959,0.008988369140749774,0.13096575597743002,0.6711341142654419,0.4914120983600448,0.7687544933369802,0.003626894438639283,0.02448775612193903,0.08995502248875563,2000,0.006681121334335522,0.04422007306926201,0.05094540108586483,0.33719030770810854,0.18726696131488157,1.0
phrase_typ_1_2_3gram_shuffle07,Trust,15,810,0.01818181818181818,0.02163375097696612,0.005629384211342071,0.11635824603580595,0.4846913516521454,0.15888014666577646,0.557889657988749,0.5807977914810181,0.545727136431784,1.0,2000,0.9626190986724343,1.0,0.9485641794487372,1.0,1.0,1.0
phrase_typ_1_2_3gram_shuffle07,Wisdom,28,1064,0.02564102564102564,0.052617732526880026,0.009147271788999602,0.10253126841297153,0.6464151740074158,0.4063086825548051,0.7734449613319803,0.00405223248526454,0.033483258370814596,0.16841579210394803,2000,0.007304453406914621,0.04834569636159872,0.06510633572102838,0.43091672472104764,0.3108201996562694,1.0
phrase_typ_1_2_3gram_shuffle09,Hymn,136,2108,0.06060606060606061,0.044663375312824306,0.030858158585019665,0.033203290551206265,0.36198586225509644,0.2642464186336229,0.43572680755569043,0.9999999403953552,1.0,1.0,2000,1.0,1.0,1.0,1.0,1.0,1.0
phrase_typ_1_2_3gram_shuffle09,Lament,1596,4788,0.25,0.3488174758916402,0.24688877377278493,0.4165193251557555,0.6537947058677673,0.575836124766306,0.7103821796739083,0.0,0.0004997501249375312,0.13843078460769614,2000,0.0,0.0,0.0005451819544773067,0.0036083742019672915,0.18268643456049752,1.0
phrase_typ_1_2_3gram_shuffle09,Praise,630,3780,0.14285714285714285,0.13909839587083134,0.10030593243390018,0.1512785247525185,0.47919961810112,0.4059866186670924,0.5377828387617197,0.9529567360877991,0.7061469265367316,1.0,2000,1.0,1.0,0.9980009995002499,1.0,1.0,1.0
phrase_typ_1_2_3gram_shuffle09,Royal,45,1310,0.033210332103321034,0.04092211390609207,0.012350088538673903,0.042521379965504064,0.5207294225692749,0.392114729261496,0.6023808153193837,0.3180089592933655,0.35282358820589704,0.9865067466266867,2000,0.3542805382048103,1.0,0.39306606643627784,1.0,1.0,1.0
phrase_typ_1_2_3gram_shuffle09,Thanksgiving,21,938,0.021897810218978103,0.03678270919303707,0.011214089928532369,0.13254613199907528,0.6957051753997803,0.5581907612478902,0.7636695197154679,0.0010684304870665073,0.014992503748125937,0.0544727636181909,2000,0.003052658534475735,0.020204510095676743,0.05022028862869178,0.33239103461680297,0.18726696131488157,1.0
phrase_typ_1_2_3gram_shuffle09,Trust,15,810,0.01818181818181818,0.01973623780108317,0.005681414641491223,0.11795543815827442,0.4610699713230133,0.1859524671657291,0.5461482530596616,0.6976887583732605,0.6496751624187906,1.0,2000,0.9626190986724343,1.0,0.9485641794487372,1.0,1.0,1.0
phrase_typ_1_2_3gram_shuffle09,Wisdom,28,1064,0.02564102564102564,0.046394843880071146,0.012559658183294338,0.09909698092005426,0.6492682695388794,0.4318877775586636,0.7511112640301956,0.0034744141157716513,0.026986506746626688,0.1519240379810095,2000,0.006632972402836789,0.04390139164401402,0.0627403689459618,0.4152571941666163,0.3108201996562694,1.0
phrase_typ_1_2_3gram_shuffle10,Hymn,136,2108,0.06060606060606061,0.04274057695408641,0.028958578592568077,0.02926094859274499,0.33960962295532227,0.2514780513138352,0.4105513495861201,1.0,1.0,1.0,2000,1.0,1.0,1.0,1.0,1.0,1.0
phrase_typ_1_2_3gram_shuffle10,Lament,1596,4788,0.25,0.3552632904319408,0.2529043644133325,0.42297705915991457,0.6628311276435852,0.5893151659007958,0.7236213007575832,0.0,0.0004997501249375312,0.11294352823588207,2000,0.0,0.0,0.0005451819544773067,0.0036083742019672915,0.17811516776822856,1.0
phrase_typ_1_2_3gram_shuffle10,Praise,630,3780,0.14285714285714285,0.13034181047340782,0.0954992676390708,0.1400758974733298,0.45862558484077454,0.39562590174921564,0.5178374967168877,0.9995660781860352,0.8775612193903048,1.0,2000,1.0,1.0,0.9980009995002499,1.0,1.0,1.0
phrase_typ_1_2_3gram_shuffle10,Royal,45,1310,0.033210332103321034,0.04653778521310086,0.012728332240369428,0.04972241062436325,0.5743342041969299,0.42707513430245536,0.6526066644616879,0.04478931054472923,0.127936031984008,0.5957021489255372,2000,0.10390765105302516,0.6877294531992113,0.2617610113861988,1.0,1.0,1.0
phrase_typ_1_2_3gram_shuffle10,Thanksgiving,21,938,0.021897810218978103,0.03459470957836989,0.009007646116270971,0.13274728369887007,0.6725048422813416,0.49750134694528503,0.7430541506385205,0.0034001264721155167,0.027486256871564217,0.09295352323838081,2000,0.006403825642549404,0.042384747060504054,0.05247376311844078,0.3473060169393518,0.18726696131488157,1.0
phrase_typ_1_2_3gram_shuffle10,Trust,15,810,0.01818181818181818,0.02261326792551608,0.006104135182647747,0.1157767894965761,0.5116460919380188,0.2434099975214324,0.6165133501841802,0.43873339891433716,0.42478760619690153,0.9985007496251874,2000,0.9626190986724343,1.0,0.9485641794487372,1.0,1.0,1.0
phrase_typ_1_2_3gram_shuffle10,Wisdom,28,1064,0.02564102564102564,0.0475872621160354,0.007086897178425855,0.09988890394076061,0.6043904423713684,0.32486110340123703,0.7298731024928765,0.029536539688706398,0.08595702148925537,0.35932033983008493,2000,0.03290542883091959,0.21778985808875181,0.09475577172043899,0.627156272058462,0.3930066216891554,1.0
phrase_typ_1_2_3gram_shuffle11,Hymn,136,2108,0.06060606060606061,0.04407297412260064,0.030114951103236472,0.031037320116432288,0.36433684825897217,0.2632289800016698,0.4399437250651436,0.9999999403953552,0.999000499750125,1.0,2000,1.0,1.0,1.0,1.0,1.0,1.0
phrase_typ_1_2_3gram_shuffle11,Lament,1596,4788,0.25,0.3533887312033311,0.2451273697262803,0.4243275943613404,0.66465163230896,0.5911715118993581,0.7236284291979562,0.0,0.0004997501249375312,0.10644677661169415,2000,0.0,0.0,0.0005451819544773067,0.0036083742019672915,0.17328545029810674,1.0
phrase_typ_1_2_3gram_shuffle11,Praise,630,3780,0.14285714285714285,0.13592783986060178,0.10286136810462067,0.14811312518494668,0.4656009078025818,0.3949756840687986,0.5295601708685655,0.9971866607666016,0.8255872063968016,1.0,2000,1.0,1.0,0.9980009995002499,1.0,1.0,1.0
phrase_typ_1_2_3gram_shuffle11,Royal,45,1310,0.033210332103321034,0.04361647847035921,0.013092254034528242,0.06251833781452842,0.5787447094917297,0.435693013500131,0.667612473753198,0.036059800535440445,0.11894052973513243,0.5477261369315343,2000,0.10390765105302516,0.6877294531992113,0.2617610113861988,1.0,1.0,1.0
phrase_typ_1_2_3gram_shuffle11,Thanksgiving,21,938,0.021897810218978103,0.03309910560909629,0.007823222801819902,0.12981163073723329,0.6384912133216858,0.4126150354027096,0.7422117661326667,0.014899775385856628,0.05247376311844078,0.18990504747626186,2000,0.017480183413574817,0.11569539739383544,0.062081635238718666,0.410897259477543,0.22213893053473266,1.0
phrase_typ_1_2_3gram_shuffle11,Trust,15,810,0.01818181818181818,0.01692570272666006,0.006019646227278142,0.12161968405596162,0.42633745074272156,0.22730565582501064,0.4908255508170879,0.836263120174408,0.7916041979010495,1.0,2000,0.9626190986724343,1.0,0.9485641794487372,1.0,1.0,1.0
phrase_typ_1_2_3gram_shuffle11,Wisdom,28,1064,0.02564102564102564,0.05336681507493893,0.007697888624108164,0.1018105552869785,0.6336936354637146,0.3592836429915806,0.7398432777554443,0.007811376359313726,0.04047976011994003,0.20439780109945027,2000,0.010972501909403897,0.07262326365679062,0.06773505677440164,0.44831533660697204,0.3108201996562694,1.0
phrase_typ_1_2_3gram_shuffle12,Hymn,136,2108,0.06060606060606061,0.0427445265654229,0.028429044044005734,0.03012868675189304,0.3457068204879761,0.2410584722997891,0.41488142949570184,1.0,1.0,1.0,2000,1.0,1.0,1.0,1.0,1.0,1.0
phrase_typ_1_2_3gram_shuffle12,Lament,1596,4788,0.25,0.35566586371093395,0.2520075658501875,0.4271094575396715,0.6689626574516296,0.5958303964330078,0.7253028412703592,0.0,0.0004997501249375312,0.08995502248875563,2000,0.0,0.0,0.0005451819544773067,0.0036083742019672915,0.16774039758363496,1.0
phrase_typ_1_2_3gram_shuffle12,Praise,630,3780,0.14285714285714285,0.13338377506081212,0.09862903638495568,0.1454151861923031,0.4688985347747803,0.3982411034886029,0.5263297566850689,0.9938488602638245,0.800599700149925,1.0,2000,1.0,1.0,0.9980009995002499,1.0,1.0,1.0
phrase_typ_1_2_3gram_shuffle12,Royal,45,1310,0.033210332103321034,0.039485060744982856,0.011881526325268472,0.04576809160759758,0.5410686731338501,0.39206870217296425,0.6218237965194509,0.1741659939289093,0.25037481259370314,0.8885557221389305,2000,0.21835736552281168,1.0,0.31484257871064464,1.0,1.0,1.0
phrase_typ_1_2_3gram_shuffle12,Thanksgiving,21,938,0.021897810218978103,0.03857860948085837,0.010035940399703347,0.13254694761990718,0.6812366843223572,0.5029118738848769,0.7692738755344948,0.0022311380598694086,0.017991004497751123,0.06696651674162919,2000,0.004880614505964331,0.03230312986047687,0.05022028862869178,0.33239103461680297,0.18726696131488157,1.0
phrase_typ_1_2_3gram_shuffle12,Trust,15,810,0.01818181818181818,0.016849094248471978,0.005610077444890236,0.12232309440222311,0.46041151881217957,0.17062335009747487,0.5281253101710761,0.7007339596748352,0.6491754122938531,1.0,2000,0.9626190986724343,1.0,0.9485641794487372,1.0,1.0,1.0
phrase_typ_1_2_3gram_shuffle12,Wisdom,28,1064,0.02564102564102564,0.04484998269046097,0.008041297275010476,0.10115718378741677,0.6456431150436401,0.37638314032543785,0.747102325642973,0.0042227027006447315,0.02948525737131434,0.14742628685657172,2000,0.007546958018173563,0.04995075202409552,0.06401799100449776,0.42371334066600924,0.3108201996562694,1.0
phrase_typ_1_2_3gram_shuffle13,Hymn,136,2108,0.06060606060606061,0.043402919989287754,0.029678253943685368,0.03001774663799708,0.34807875752449036,0.24499977547053436,0.4120675303577915,1.0,0.9995002498750625,1.0,2000,1.0,1.0,1.0,1.0,1.0,1.0
phrase_typ_1_2_3gram_shuffle13,Lament,1596,4788,0.25,0.3376343913396183,0.23631654531867602,0.4055536009205362,0.653984546661377,0.5804226273044748,0.7115103822826203,0.0,0.0004997501249375312,0.1359320339830085,2000,0.0,0.0,0.0005451819544773067,0.0036083742019672915,0.18268643456049752,1.0
phrase_typ_1_2_3gram_shuffle13,Praise,630,3780,0.14285714285714285,0.13815672370292004,0.10234682498424516,0.150815874603942,0.47509196400642395,0.4085113206858139,0.5386089206607767,0.9775103330612183,0.7456271864067966,1.0,2000,1.0,1.0,0.9980009995002499,1.0,1.0,1.0
phrase_typ_1_2_3gram_shuffle13,Royal,45,1310,0.033210332103321034,0.053716818483349235,0.014184165797805329,0.05628302850053145,0.584597110748291,0.4732174889638737,0.6664477100724241,0.026677675545215607,0.1024487756121939,0.5017491254372813,2000,0.10390765105302516,0.6877294531992113,0.2617610113861988,1.0,1.0,1.0
phrase_typ_1_2_3gram_shuffle13,Thanksgiving,21,938,0.021897810218978103,0.03009062024308558,0.008646347737966985,0.12717932252165873,0.6163062453269958,0.42549532857912936,0.733994318825515,0.03402863070368767,0.0734632683658171,0.28785607196401797,2000,0.0374136777370388,0.24762842650667427,0.08119624398327153,0.5374103630535234,0.3156646219970954,1.0
phrase_typ_1_2_3gram_shuffle13,Trust,15,810,0.01818181818181818,0.028244554297356984,0.00632878556747218,0.11487495757772473,0.5506995916366577,0.2602920413839385,0.6247705204998713,0.2504611015319824,0.2733633183408296,0.8140929535232384,2000,0.9626190986724343,1.0,0.9485641794487372,1.0,1.0,1.0
phrase_typ_1_2_3gram_shuffle13,Wisdom,28,1064,0.02564102564102564,0.04362879076895094,0.007380212389286765,0.09851849623632974,0.6168099045753479,0.34076239328361024,0.7292522895536676,0.017332041636109352,0.06346826586706647,0.28585707146426786,2000,0.02091798128495956,0.13844901395947534,0.07817205766618157,0.5173943008949875,0.3469941329913078,1.0
phrase_typ_1_2_3gram_shuffle14,Hymn,136,2108,0.06060606060606061,0.04480169914721029,0.03027883782313991,0.03111754813997203,0.3701968789100647,0.27962067285224373,0.44220878358176596,0.9999998211860657,0.999000499750125,1.0,2000,1.0,1.0,1.0,1.0,1.0,1.0
phrase_typ_1_2_3gram_shuffle14,Lament,1596,4788,0.25,0.34630357518904775,0.2406006686996623,0.4142464641258158,0.6496608257293701,0.5816334697038209,0.7095363905635217,0.0,0.0004997501249375312,0.14492753623188406,2000,0.0,0.0,0.0005451819544773067,0.0036083742019672915,0.18531274903088998,1.0
phrase_typ_1_2_3gram_shuffle14,Praise,630,3780,0.14285714285714285,0.12904522060264934,0.09510271055300036,0.13963867611663788,0.45767027139663696,0.3944973012105375,0.5113523572056426,0.9996716976165771,0.8755622188905547,1.0,2000,1.0,1.0,0.9980009995002499,1.0,1.0,1.0
phrase_typ_1_2_3gram_shuffle14,Royal,45,1310,0.033210332103321034,0.05120396343509117,0.014285203244640058,0.06316098783762183,0.5865309834480286,0.4530808508882286,0.6670153174493453,0.024065883830189705,0.10294852573713144,0.4987506246876562,2000,0.10390765105302516,0.6877294531992113,0.2617610113861988,1.0,1.0,1.0
phrase_typ_1_2_3gram_shuffle14,Thanksgiving,21,938,0.021897810218978103,0.03327371295725637,0.008575221404503959,0.13143935873157703,0.6632652878761292,0.4544933687992194,0.7596453243842792,0.00521123269572854,0.03248375812093953,0.111944027986007,2000,0.008259312197003725,0.05466558240401659,0.05392560636677709,0.3569152743250256,0.18726696131488157,1.0
phrase_typ_1_2_3gram_shuffle14,Trust,15,810,0.01818181818181818,0.024803709864688453,0.006054695398038066,0.11268589575553958,0.5104526877403259,0.23023263371071942,0.6148368632570089,0.44499149918556213,0.43778110944527737,0.9995002498750625,2000,0.9626190986724343,1.0,0.9485641794487372,1.0,1.0,1.0
phrase_typ_1_2_3gram_shuffle14,Wisdom,28,1064,0.02564102564102564,0.04063420235239173,0.00817513921738992,0.09492877095560687,0.6166420578956604,0.3803442577740909,0.7199304978377387,0.017462560907006264,0.06796601699150424,0.2913543228385807,2000,0.021015116277772583,0.13909191748791444,0.08226434333265643,0.5444797498991567,0.34982508745627183,1.0
phrase_typ_1_2_3gram_shuffle15,Hymn,136,2108,0.06060606060606061,0.043423307675277245,0.02997455328889144,0.030289840700278868,0.35875585675239563,0.2627731540183843,0.4173711217560433,1.0,0.9995002498750625,1.0,2000,1.0,1.0,1.0,1.0,1.0,1.0
phrase_typ_1_2_3gram_shuffle15,Lament,1596,4788,0.25,0.3723287073427397,0.26623037476834527,0.4443807073761045,0.6816590428352356,0.6113663226283618,0.7416300334327922,0.0,0.0004997501249375312,0.07446276861569215,2000,0.0,0.0,0.0005451819544773067,0.0036083742019672915,0.16774039758363496,1.0
phrase_typ_1_2_3gram_shuffle15,Praise,630,3780,0.14285714285714285,0.12802725296606096,0.09172158270424093,0.13870506328092655,0.4477553069591522,0.3829137263014072,0.5006575165937497,0.9999869465827942,0.9265367316341829,1.0,2000,1.0,1.0,0.9980009995002499,1.0,1.0,1.0
phrase_typ_1_2_3gram_shuffle15,Royal,45,1310,0.033210332103321034,0.054943894793730505,0.012693380002016032,0.03957503754470935,0.5568108558654785,0.41102401620065265,0.6380525547985938,0.09724923223257065,0.1874062968515742,0.7501249375312344,2000,0.14133106414422034,0.9354223147087251,0.2686370125517446,1.0,1.0,1.0
phrase_typ_1_2_3gram_shuffle15,Thanksgiving,21,938,0.021897810218978103,0.032503963821781126,0.009639401618871632,0.12898248674227872,0.6588486433029175,0.5059156423375458,0.7322377899121253,0.006348013877868652,0.03548225887056472,0.12143928035982009,2000,0.009193675271395979,0.060849814264992814,0.055356936916157305,0.36638876512283264,0.1875165358497222,1.0
phrase_typ_1_2_3gram_shuffle15,Trust,15,810,0.01818181818181818,0.016555872632426992,0.005832642584227048,0.12112375797118538,0.42444443702697754,0.1950850151618446,0.4790283008340413,0.8423986434936523,0.7981009495252374,1.0,2000,0.9626190986724343,1.0,0.9485641794487372,1.0,1.0,1.0
phrase_typ_1_2_3gram_shuffle15,Wisdom,28,1064,0.02564102564102564,0.03949563229274543,0.007289833274766379,0.09217481776599565,0.5987849235534668,0.340325349133709,0.7068782134474009,0.0370277538895607,0.09045477261369315,0.39980009995002497,2000,0.03967259345310075,0.26257942245823906,0.09867793376039252,0.6531157305560797,0.4213682632368026,1.0
phrase_typ_1_2_3gram_shuffle16,Hymn,136,2108,0.06060606060606061,0.0471773985911483,0.03258189603558356,0.03554541032421097,0.39263591170310974,0.30209996971326436,0.4648065157546293,0.9999868273735046,0.9955022488755623,1.0,2000,1.0,1.0,1.0,1.0,1.0,1.0
phrase_typ_1_2_3gram_shuffle16,Lament,1596,4788,0.25,0.35175469372445684,0.24886848478490978,0.4237860810985515,0.6564134359359741,0.5893055953601546,0.7149552088653821,0.0,0.0004997501249375312,0.12743628185907047,2000,0.0,0.0,0.0005451819544773067,0.0036083742019672915,0.18205183122724353,1.0
phrase_typ_1_2_3gram_shuffle16,Praise,630,3780,0.14285714285714285,0.13240925961838243,0.0982007224561881,0.14295842950733093,0.46169334650039673,0.396931659751177,0.5212111897680473,0.9989764094352722,0.8495752123938031,1.0,2000,1.0,1.0,0.9980009995002499,1.0,1.0,1.0
phrase_typ_1_2_3gram_shuffle16,Royal,45,1310,0.033210332103321034,0.044464667086858894,0.013737611162507758,0.06584276415072284,0.5868532657623291,0.45626559203158723,0.6764636957938789,0.02365218475461006,0.09995002498750624,0.4817591204397801,2000,0.10390765105302516,0.6877294531992113,0.2617610113861988,1.0,1.0,1.0
phrase_typ_1_2_3gram_shuffle16,Thanksgiving,21,938,0.021897810218978103,0.032096071947133195,0.009338489204560244,0.1271188031905303,0.6548888087272644,0.501050297873553,0.7351544543091636,0.007548402063548565,0.03948025987006497,0.13143428285857073,2000,0.010360551851929403,0.06857297405687085,0.056296355133691425,0.37260645525943703,0.19042025379063046,1.0
phrase_typ_1_2_3gram_shuffle16,Trust,15,810,0.01818181818181818,0.018256580931547983,0.0057537611955644045,0.11679900563643333,0.42641976475715637,0.16859466015172805,0.49397644456914935,0.8359928727149963,0.7906046976511744,1.0,2000,0.9626190986724343,1.0,0.9485641794487372,1.0,1.0,1.0
phrase_typ_1_2_3gram_shuffle16,Wisdom,28,1064,0.02564102564102564,0.045870991126274574,0.009568803732759748,0.09701398413481203,0.6561493277549744,0.4328464695385878,0.7827740846696079,0.0023733912967145443,0.020989505247376312,0.127936031984008,2000,0.004934773983267865,0.032661593047105024,0.06224473969911595,0.411976792507369,0.3108201996562694,1.0
phrase_typ_1_2_3gram_shuffle17,Hymn,136,2108,0.06060606060606061,0.04402251957398201,0.02959641689467704,0.030454815120670515,0.36697036027908325,0.2794175616502707,0.42546110022975214,0.9999998807907104,0.9995002498750625,1.0,2000,1.0,1.0,1.0,1.0,1.0,1.0
phrase_typ_1_2_3gram_shuffle17,Lament,1596,4788,0.25,0.3465693214917789,0.2458262929130246,0.4107711897741757,0.6545278429985046,0.5808448935067729,0.7111940987314993,0.0,0.0004997501249375312,0.13193403298350825,2000,0.0,0.0,0.0005451819544773067,0.0036083742019672915,0.18268643456049752,1.0
phrase_typ_1_2_3gram_shuffle17,Praise,630,3780,0.14285714285714285,0.13275401922806757,0.09455113575016694,0.14345517950097345,0.46311622858047485,0.3979852647813101,0.5198432286376118,0.9985049962997437,0.8385807096451774,1.0,2000,1.0,1.0,0.9980009995002499,1.0,1.0,1.0
phrase_typ_1_2_3gram_shuffle17,Royal,45,1310,0.033210332103321034,0.0396224894078436,0.010379297913162782,0.04590235532123523,0.5259032845497131,0.394677518009048,0.6144540224573848,0.2771105468273163,0.33033483258370816,0.9715142428785607,2000,0.3215094742195382,1.0,0.3811555760581248,1.0,1.0,1.0
phrase_typ_1_2_3gram_shuffle17,Thanksgiving,21,938,0.021897810218978103,0.036132400715682855,0.009057753857176078,0.13535350177582833,0.6738247275352478,0.48281135054059177,0.7600622280053086,0.0031938813626766205,0.026986506746626688,0.08545727136431784,2000,0.006052060241534098,0.04005653133776383,0.05223194854185811,0.3457055283820276,0.18726696131488157,1.0
phrase_typ_1_2_3gram_shuffle17,Trust,15,810,0.01818181818181818,0.02171909284847981,0.007021764717388367,0.1250016733702226,0.5230452418327332,0.3357494948167389,0.5675976516377141,0.3799436390399933,0.37031484257871067,0.9780109945027486,2000,0.9626190986724343,1.0,0.9485641794487372,1.0,1.0,1.0
phrase_typ_1_2_3gram_shuffle17,Wisdom,28,1064,0.02564102564102564,0.050255718063681995,0.00847009231290996,0.10247348295197992,0.6426557302474976,0.3746373726050767,0.7606800917405993,0.004944366868585348,0.034482758620689655,0.1744127936031984,2000,0.008476057489003453,0.05610014588071773,0.0654218345372768,0.4330049042360749,0.3108201996562694,1.0
phrase_typ_1_2_3gram_shuffle18,Hymn,136,2108,0.06060606060606061,0.042074302387542124,0.028782851072470677,0.0290283463403601,0.34049558639526367,0.2673324146454219,0.38927196440687084,1.0,1.0,1.0,2000,1.0,1.0,1.0,1.0,1.0,1.0
phrase_typ_1_2_3gram_shuffle18,Lament,1596,4788,0.25,0.34656833114109387,0.2447148337500645,0.4122957071618092,0.6624019742012024,0.5882357802103468,0.7223296417818749,0.0,0.0004997501249375312,0.11394302848575712,2000,0.0,0.0,0.0005451819544773067,0.0036083742019672915,0.17811516776822856,1.0
phrase_typ_1_2_3gram_shuffle18,Praise,630,3780,0.14285714285714285,0.13052326428575362,0.09493187108834243,0.142509614219869,0.4542502164840698,0.392890739284675,0.5147513617045619,0.9998844861984253,0.8985507246376812,1.0,2000,1.0,1.0,0.9980009995002499,1.0,1.0,1.0
phrase_typ_1_2_3gram_shuffle18,Royal,45,1310,0.033210332103321034,0.043284258218274724,0.012751960774460554,0.043934191133944187,0.5480067729949951,0.41681173005779165,0.6084240058005814,0.13647422194480896,0.22938530734632684,0.8340829585207397,2000,0.18024897237993634,1.0,0.2982719166732423,1.0,1.0,1.0
phrase_typ_1_2_3gram_shuffle18,Thanksgiving,21,938,0.021897810218978103,0.03483911778264914,0.009066238714928211,0.12736610824750602,0.6840288639068604,0.498399814658202,0.767600719968306,0.0019428132800385356,0.01999000499750125,0.0734632683658171,2000,0.00447730571534988,0.029633765947148026,0.05057712107801521,0.33475278741142345,0.18726696131488157,1.0
phrase_typ_1_2_3gram_shuffle18,Trust,15,810,0.01818181818181818,0.03201825222905681,0.006846821631341786,0.12070540743841446,0.5679835677146912,0.32929032967318267,0.6632198385975155,0.18335023522377014,0.21989005497251374,0.6481759120439781,2000,0.9626190986724343,1.0,0.9485641794487372,1.0,1.0,1.0
phrase_typ_1_2_3gram_shuffle18,Wisdom,28,1064,0.02564102564102564,0.05160371089337245,0.008956381914890826,0.09330393062731161,0.6344656348228455,0.3849180623681907,0.7501638251874683,0.0075166961178183556,0.04547726136931534,0.2028985507246377,2000,0.010701736845707488,0.07083116165742626,0.06922854362292538,0.45820021883928524,0.3108201996562694,1.0
phrase_typ_1_2_3gram_shuffle19,Hymn,136,2108,0.06060606060606061,0.044391140950619024,0.030217723931962915,0.030529656600665356,0.3643891513347626,0.25386327953984406,0.43356793632807467,0.9999999403953552,0.999000499750125,1.0,2000,1.0,1.0,1.0,1.0,1.0,1.0
phrase_typ_1_2_3gram_shuffle19,Lament,1596,4788,0.25,0.33664753749307363,0.2456923467894905,0.40101233445809736,0.6454220414161682,0.5724430184097685,0.7045694262488971,0.0,0.0004997501249375312,0.16741629185407297,2000,0.0,0.0,0.0005451819544773067,0.0036083742019672915,0.19758277285938036,1.0
phrase_typ_1_2_3gram_shuffle19,Praise,630,3780,0.14285714285714285,0.13506296639771276,0.10079781013425433,0.14737580853601953,0.4704413414001465,0.39283901119320064,0.5286786860529337,0.991324245929718,0.7856071964017991,1.0,2000,1.0,1.0,0.9980009995002499,1.0,1.0,1.0
phrase_typ_1_2_3gram_shuffle19,Royal,45,1310,0.033210332103321034,0.04331820109834709,0.012857267057709428,0.061938412390016455,0.5631721615791321,0.43996065871640566,0.6356762023916409,0.07455521821975708,0.16241879060469766,0.6891554222888556,2000,0.12090035386987635,0.8001983820815135,0.26236881559220393,1.0,1.0,1.0
phrase_typ_1_2_3gram_shuffle19,Thanksgiving,21,938,0.021897810218978103,0.031953672730281504,0.00977289394106474,0.12742847837661037,0.6681896448135376,0.5223999729677641,0.7300766935063137,0.004160498268902302,0.029985007496251874,0.09795102448775612,2000,0.007280871970579028,0.048189618843221815,0.05392560636677709,0.3569152743250256,0.18726696131488157,1.0
phrase_typ_1_2_3gram_shuffle19,Trust,15,810,0.01818181818181818,0.01550913302311689,0.005740481064761643,0.1189513078102672,0.3972839415073395,0.17472245631306704,0.4382469215609254,0.9139072299003601,0.8925537231384307,1.0,2000,0.9626190986724343,1.0,0.9485641794487372,1.0,1.0,1.0
phrase_typ_1_2_3gram_shuffle19,Wisdom,28,1064,0.02564102564102564,0.04737433017902593,0.00769125043858797,0.10396553407193815,0.6405075192451477,0.35907817837635664,0.7658947777757235,0.005529259331524372,0.04147926036981509,0.18240879560219891,2000,0.009130709677760702,0.06043306638509845,0.06807407107257182,0.4505591571105105,0.3108201996562694,1.0
phrase_typ_1_2_3gram_shuffle20,Hymn,136,2108,0.06060606060606061,0.04430290321724296,0.029801555518050624,0.032227781106505746,0.36511120200157166,0.2552170303739956,0.44146962901562414,0.9999999403953552,0.999000499750125,1.0,2000,1.0,1.0,1.0,1.0,1.0,1.0
phrase_typ_1_2_3gram_shuffle20,Lament,1596,4788,0.25,0.3300310200874621,0.23450823682330516,0.392850562745284,0.6440238952636719,0.5686146067028733,0.7034460139900819,0.0,0.0004997501249375312,0.16841579210394803,2000,0.0,0.0,0.0005451819544773067,0.0036083742019672915,0.19758277285938036,1.0
phrase_typ_1_2_3gram_shuffle20,Praise,630,3780,0.14285714285714285,0.13134361273261505,0.09881305793893959,0.14058091000252698,0.4576444625854492,0.38996655775982714,0.5147769873752652,0.9996742010116577,0.8790604697651174,1.0,2000,1.0,1.0,0.9980009995002499,1.0,1.0,1.0
phrase_typ_1_2_3gram_shuffle20,Royal,45,1310,0.033210332103321034,0.04246458328552853,0.012373455809258194,0.05977449589719845,0.552010178565979,0.4147017914050275,0.6501498616767083,0.11746857315301895,0.20339830084957522,0.7931034482758621,2000,0.16070619128426045,1.0,0.27714298190710474,1.0,1.0,1.0
phrase_typ_1_2_3gram_shuffle20,Thanksgiving,21,938,0.021897810218978103,0.036696296845118166,0.009364268466322453,0.13453707488911618,0.6838765144348145,0.49664549801024394,0.7680391640212287,0.0019576211925596,0.01899050474762619,0.06846576711644178,2000,0.00447730571534988,0.029633765947148026,0.05022028862869178,0.33239103461680297,0.18726696131488157,1.0
phrase_typ_1_2_3gram_shuffle20,Trust,15,810,0.01818181818181818,0.03960884776692315,0.006167860298284905,0.11516064531239278,0.5053498148918152,0.24887082115331527,0.5951221154337061,0.47188600897789,0.44877561219390305,1.0,2000,0.9626190986724343,1.0,0.9485641794487372,1.0,1.0,1.0
phrase_typ_1_2_3gram_shuffle20,Wisdom,28,1064,0.02564102564102564,0.053527874739908846,0.008881443999760163,0.09942298875447238,0.6506444811820984,0.41011792988562135,0.7603306400865106,0.0032231078948825598,0.027486256871564217,0.14442778610694654,2000,0.0063078860903895174,0.04174975574775245,0.0627403689459618,0.4152571941666163,0.3108201996562694,1.0
phrase_typ_1_2_3gram_shuffle22,Hymn,136,2108,0.06060606060606061,0.046433703332517166,0.03202656085110502,0.0342980583231117,0.38825133442878723,0.2714346644584358,0.475086573305187,0.9999939203262329,0.9965017491254373,1.0,2000,1.0,1.0,1.0,1.0,1.0,1.0
phrase_typ_1_2_3gram_shuffle22,Lament,1596,4788,0.25,0.34891729052969,0.2499423644556606,0.41758119933052396,0.6596803069114685,0.583681087086722,0.7173964150152408,0.0,0.0004997501249375312,0.11094452773613193,2000,0.0,0.0,0.0005451819544773067,0.0036083742019672915,0.17811516776822856,1.0
phrase_typ_1_2_3gram_shuffle22,Praise,630,3780,0.14285714285714285,0.13087696750474798,0.09579268693597116,0.14177800864833393,0.4594247043132782,0.3920089672621698,0.5210784301355093,0.9994543790817261,0.8690654672663668,1.0,2000,1.0,1.0,0.9980009995002499,1.0,1.0,1.0
phrase_typ_1_2_3gram_shuffle22,Royal,45,1310,0.033210332103321034,0.051804868421532924,0.017376428362363503,0.05228125226446494,0.5787277221679688,0.41539819152384116,0.6521935386975127,0.036090489476919174,0.11394302848575712,0.5497251374312844,2000,0.10390765105302516,0.6877294531992113,0.2617610113861988,1.0,1.0,1.0
phrase_typ_1_2_3gram_shuffle22,Thanksgiving,21,938,0.021897810218978103,0.034709511983915996,0.010516990183188408,0.13091564528930139,0.6938775777816772,0.5504943716433746,0.7524244619790198,0.0011756746098399162,0.01199400299850075,0.047976011994003,2000,0.003248574579820821,0.021501211862800414,0.05022028862869178,0.33239103461680297,0.18726696131488157,1.0
phrase_typ_1_2_3gram_shuffle22,Trust,15,810,0.01818181818181818,0.034331779493293725,0.00575596186927879,0.11624255681010852,0.49851852655410767,0.19758751884689318,0.5794185703654231,0.5080698132514954,0.48875562218890556,1.0,2000,0.9626190986724343,1.0,0.9485641794487372,1.0,1.0,1.0
phrase_typ_1_2_3gram_shuffle22,Wisdom,28,1064,0.02564102564102564,0.04677586208287848,0.01032065381662125,0.0991069898968407,0.65625,0.44339026188596065,0.7557080005817199,0.0023599404376000166,0.0239880059970015,0.12093953023488256,2000,0.004934773983267865,0.032661593047105024,0.0627403689459618,0.4152571941666163,0.3108201996562694,1.0
phrase_typ_1_2_3gram_shuffle21,Hymn,136,2108,0.06060606060606061,0.042214456393999414,0.029601018001267743,0.02998920256147119,0.34015724062919617,0.24853177019995532,0.39692318235847507,1.0,0.9995002498750625,1.0,2000,1.0,1.0,1.0,1.0,1.0,1.0
phrase_typ_1_2_3gram_shuffle21,Lament,1596,4788,0.25,0.35554733133685146,0.2465853329639945,0.4235855892249185,0.6606858372688293,0.5887915693676268,0.7139295693796965,0.0,0.0004997501249375312,0.11694152923538231,2000,0.0,0.0,0.0005451819544773067,0.0036083742019672915,0.17811516776822856,1.0
phrase_typ_1_2_3gram_shuffle21,Praise,630,3780,0.14285714285714285,0.131749182271823,0.09564016990157148,0.14191568973218488,0.45699965953826904,0.38772540700272823,0.5168861808206109,0.9997310042381287,0.879560219890055,1.0,2000,1.0,1.0,0.9980009995002499,1.0,1.0,1.0
phrase_typ_1_2_3gram_shuffle21,Royal,45,1310,0.033210332103321034,0.04481052774597821,0.011573168630343973,0.04689953258323354,0.5663952231407166,0.421471164506458,0.6347077826968947,0.06472216546535492,0.15142428785607195,0.6611694152923538,2000,0.11376214139631104,0.7529529779990012,0.2617610113861988,1.0,1.0,1.0
phrase_typ_1_2_3gram_shuffle21,Thanksgiving,21,938,0.021897810218978103,0.028546442749037292,0.008539236308844431,0.12488562775029483,0.6253934502601624,0.45614621948418055,0.6938163738544086,0.024578923359513283,0.06096951524237881,0.2413793103448276,2000,0.027455180348392495,0.18171651439652076,0.06977437711661881,0.4618129053580482,0.27106767471879034,1.0
phrase_typ_1_2_3gram_shuffle21,Trust,15,810,0.01818181818181818,0.02078298097940484,0.006260869823480372,0.1252512711037209,0.5166255235671997,0.26077269608249304,0.583330541893498,0.41280433535575867,0.39980009995002497,0.9920039980009995,2000,0.9626190986724343,1.0,0.9485641794487372,1.0,1.0,1.0
phrase_typ_1_2_3gram_shuffle21,Wisdom,28,1064,0.02564102564102564,0.04557537245715165,0.008087448565343932,0.10024420025321834,0.6431592106819153,0.3811859161993896,0.7461710902239592,0.004815524443984032,0.03548225887056472,0.16841579210394803,2000,0.008310326642249939,0.05500322969157327,0.0654218345372768,0.4330049042360749,0.3108201996562694,1.0
phrase_typ_1_2_3gram_shuffle23,Hymn,136,2108,0.06060606060606061,0.04549191746299602,0.031080733351565346,0.03221783339215659,0.3727484345436096,0.2804963727203901,0.4411336359034397,0.9999997019767761,0.9980009995002499,1.0,2000,1.0,1.0,1.0,1.0,1.0,1.0
phrase_typ_1_2_3gram_shuffle23,Lament,1596,4788,0.25,0.3451164623705439,0.24595302411410652,0.41208497188597976,0.6590255498886108,0.5886821307712086,0.713476387902606,0.0,0.0004997501249375312,0.1199400299850075,2000,0.0,0.0,0.0005451819544773067,0.0036083742019672915,0.17811516776822856,1.0
phrase_typ_1_2_3gram_shuffle23,Praise,630,3780,0.14285714285714285,0.13103602071459125,0.09869183375089251,0.1416065334784698,0.45845428109169006,0.3904007508199897,0.5170846828497107,0.9995871186256409,0.8715642178910544,1.0,2000,1.0,1.0,0.9980009995002499,1.0,1.0,1.0
phrase_typ_1_2_3gram_shuffle23,Royal,45,1310,0.033210332103321034,0.04014015788815513,0.013173532649130432,0.061244251265888235,0.5656827688217163,0.444975137707058,0.6182108661013916,0.06680412590503693,0.15542228885557222,0.671664167916042,2000,0.11550184569241087,0.7644674898964408,0.2617610113861988,1.0,1.0,1.0
phrase_typ_1_2_3gram_shuffle23,Thanksgiving,21,938,0.021897810218978103,0.039546133223410634,0.01037070919306611,0.13311684901119808,0.7139810919761658,0.556512695492772,0.7812364927695565,0.0003935402783099562,0.0069965017491254375,0.030484757621189407,2000,0.001773128512707588,0.011735735435632461,0.05022028862869178,0.33239103461680297,0.18726696131488157,1.0
phrase_typ_1_2_3gram_shuffle23,Trust,15,810,0.01818181818181818,0.019902977026471577,0.005853225897786687,0.11638401916047762,0.46798354387283325,0.20292194668107816,0.5387782591231101,0.6649140119552612,0.6116941529235382,1.0,2000,0.9626190986724343,1.0,0.9485641794487372,1.0,1.0,1.0
phrase_typ_1_2_3gram_shuffle23,Wisdom,28,1064,0.02564102564102564,0.05506236993528654,0.007038039785313836,0.10405338499783708,0.6525577306747437,0.38546317431564486,0.7635794662348016,0.0029008937999606133,0.025487256371814093,0.13893053473263367,2000,0.005829547349203146,0.03858379407326299,0.0627403689459618,0.4152571941666163,0.3108201996562694,1.0
phrase_typ_1_2_3gram_shuffle25,Hymn,136,2108,0.06060606060606061,0.046377111807214856,0.03246252840562101,0.03408323659518756,0.39007213711738586,0.2877580858096414,0.46160434993965715,0.9999915957450867,0.9960019990004998,1.0,2000,1.0,1.0,1.0,1.0,1.0,1.0
phrase_typ_1_2_3gram_shuffle25,Lament,1596,4788,0.25,0.3450722096113715,0.24724789159532032,0.4126287390226028,0.655397891998291,0.5861202274212401,0.7114747379272399,0.0,0.0004997501249375312,0.1409295352323838,2000,0.0,0.0,0.0005451819544773067,0.0036083742019672915,0.18268643456049752,1.0
phrase_typ_1_2_3gram_shuffle25,Praise,630,3780,0.14285714285714285,0.12885566904548676,0.09481806525455935,0.1382659565370668,0.4444461166858673,0.38345978589124674,0.5039116062039314,0.9999961256980896,0.9375312343828086,1.0,2000,1.0,1.0,0.9980009995002499,1.0,1.0,1.0
phrase_typ_1_2_3gram_shuffle25,Royal,45,1310,0.033210332103321034,0.04429233272283788,0.012627678523569498,0.04639494087112028,0.5518575310707092,0.38895446729764344,0.6376264028007177,0.11815712600946426,0.20389805097451275,0.8035982008995503,2000,0.16112335364926944,1.0,0.27714298190710474,1.0,1.0,1.0
phrase_typ_1_2_3gram_shuffle25,Thanksgiving,21,938,0.021897810218978103,0.03406120665990948,0.009403081215144908,0.12779411693149567,0.6538227200508118,0.5056360960006714,0.7358935639297126,0.007903970777988434,0.041979010494752625,0.1454272863568216,2000,0.010674172754839686,0.07064872430128995,0.056510206435243925,0.3740218643962251,0.19344559695074096,1.0
phrase_typ_1_2_3gram_shuffle25,Trust,15,810,0.01818181818181818,0.021029379710503157,0.005941473251026872,0.12322673472601094,0.49925926327705383,0.20355494165317797,0.6030595898628235,0.5041441917419434,0.4737631184407796,1.0,2000,0.9626190986724343,1.0,0.9485641794487372,1.0,1.0,1.0
phrase_typ_1_2_3gram_shuffle25,Wisdom,28,1064,0.02564102564102564,0.0665359618901453,0.008403583158787585,0.10412143469322144,0.6328544616699219,0.3664380022437373,0.750899248947613,0.008143167942762375,0.04547726136931534,0.21339330334832585,2000,0.011269114789013799,0.07458644357125008,0.06922854362292538,0.45820021883928524,0.3111985673829752,1.0
phrase_typ_1_2_3gram_shuffle24,Hymn,136,2108,0.06060606060606061,0.04284690797917078,0.028892707359169212,0.029169218540393702,0.34008049964904785,0.24450255676898777,0.40402407386616745,1.0,1.0,1.0,2000,1.0,1.0,1.0,1.0,1.0,1.0
phrase_typ_1_2_3gram_shuffle24,Lament,1596,4788,0.25,0.34064554711407613,0.23990307890828008,0.4066913530647605,0.6508244872093201,0.5789785118019466,0.7095895244286066,0.0,0.0004997501249375312,0.14442778610694654,2000,0.0,0.0,0.0005451819544773067,0.0036083742019672915,0.18531274903088998,1.0
phrase_typ_1_2_3gram_shuffle24,Praise,630,3780,0.14285714285714285,0.13398347271320243,0.09557863438586327,0.14649543433186116,0.46949735283851624,0.4024923467221966,0.532291063159478,0.9929587841033936,0.7961019490254873,1.0,2000,1.0,1.0,0.9980009995002499,1.0,1.0,1.0
phrase_typ_1_2_3gram_shuffle24,Royal,45,1310,0.033210332103321034,0.04771747188174,0.014221901505271875,0.043066577601148924,0.5651569366455078,0.39430092580331705,0.6584015033598397,0.06837377697229385,0.1454272863568216,0.6731634182908546,2000,0.11645610648322391,0.7707834179847428,0.2617610113861988,1.0,1.0,1.0
phrase_typ_1_2_3gram_shuffle24,Thanksgiving,21,938,0.021897810218978103,0.03391004987418053,0.011380079784464488,0.12492959650055803,0.6745862364768982,0.5672429896551751,0.7262375502621685,0.003080082358792424,0.0239880059970015,0.08745627186406797,2000,0.005934103627031276,0.039275816566799966,0.05094540108586483,0.33719030770810854,0.18726696131488157,1.0
phrase_typ_1_2_3gram_shuffle24,Trust,15,810,0.01818181818181818,0.02317557677146107,0.005774571906612633,0.1138065456566896,0.4820576012134552,0.19494698229344476,0.546877275430978,0.5944186449050903,0.551224387806097,1.0,2000,0.9626190986724343,1.0,0.9485641794487372,1.0,1.0,1.0
phrase_typ_1_2_3gram_shuffle24,Wisdom,28,1064,0.02564102564102564,0.042041737108965416,0.0083071731526578,0.09801356344279877,0.6357075572013855,0.37950391076029244,0.7402911357308556,0.007063165307044983,0.03798100949525238,0.2013993003498251,2000,0.010300449406107266,0.06817517637996927,0.06646676661669165,0.43992095478984566,0.3108201996562694,1.0
phrase_typ_1_2_3gram_shuffle26,Hymn,136,2108,0.06060606060606061,0.04497600863870165,0.031166318661338573,0.03369630217346503,0.37595224380493164,0.26053942266099767,0.43988164182928374,0.9999994039535522,0.9980009995002499,1.0,2000,1.0,1.0,1.0,1.0,1.0,1.0
phrase_typ_1_2_3gram_shuffle26,Lament,1596,4788,0.25,0.3429350773219144,0.24081082418238384,0.4047193615347237,0.6580170392990112,0.5866321471137433,0.7160679385987603,0.0,0.0004997501249375312,0.12843578210894552,2000,0.0,0.0,0.0005451819544773067,0.0036083742019672915,0.18223996110053078,1.0
phrase_typ_1_2_3gram_shuffle26,Praise,630,3780,0.14285714285714285,0.13363627876371315,0.09845406189193971,0.14495986646999479,0.46496450901031494,0.39579596942109735,0.5253753983789773,0.9975988268852234,0.8355822088955522,1.0,2000,1.0,1.0,0.9980009995002499,1.0,1.0,1.0
phrase_typ_1_2_3gram_shuffle26,Royal,45,1310,0.033210332103321034,0.04165998569498849,0.01472738883434113,0.06506830754723153,0.5694147348403931,0.4550959831844461,0.644954371547749,0.05645325407385826,0.14042978510744628,0.6351824087956022,2000,0.11068773276335456,0.7326045113882497,0.2617610113861988,1.0,1.0,1.0
phrase_typ_1_2_3gram_shuffle26,Thanksgiving,21,938,0.021897810218978103,0.03221159137246942,0.008489446973896163,0.12626624083332313,0.6326022744178772,0.4236078187128855,0.7616881652012464,0.01874725893139839,0.05897051474262868,0.22088955522238882,2000,0.021513247954063727,0.14238888187778495,0.0676710824915411,0.4478919125556668,0.2527891367667665,1.0
phrase_typ_1_2_3gram_shuffle26,Trust,15,810,0.01818181818181818,0.026655446536693897,0.006290410574236403,0.11788282769780746,0.5049382448196411,0.25491996941073103,0.5897335926708421,0.4740622043609619,0.4547726136931534,0.9995002498750625,2000,0.9626190986724343,1.0,0.9485641794487372,1.0,1.0,1.0
phrase_typ_1_2_3gram_shuffle26,Wisdom,28,1064,0.02564102564102564,0.06597757544978428,0.009952012384062686,0.11657887807968184,0.6570555567741394,0.41519930120173776,0.7813703125939634,0.002254799008369446,0.025487256371814093,0.13143428285857073,2000,0.004825512925872041,0.031938431215446914,0.0627403689459618,0.4152571941666163,0.3108201996562694,1.0
phrase_typ_1_2_3gram_shuffle27,Hymn,136,2108,0.06060606060606061,0.04512183065015098,0.03234129041065976,0.03271904082041467,0.37720099091529846,0.2931932712789469,0.43901500289372736,0.9999992251396179,0.9980009995002499,1.0,2000,1.0,1.0,1.0,1.0,1.0,1.0
phrase_typ_1_2_3gram_shuffle27,Lament,1596,4788,0.25,0.34691917074496403,0.2474357601827594,0.41483723253343846,0.6605117917060852,0.5871472870173101,0.7191601198554597,0.0,0.0004997501249375312,0.11944027986006997,2000,0.0,0.0,0.0005451819544773067,0.0036083742019672915,0.17811516776822856,1.0
phrase_typ_1_2_3gram_shuffle27,Praise,630,3780,0.14285714285714285,0.1288898171052826,0.09498122030311465,0.1376208010533626,0.44562357664108276,0.3862733350413268,0.5040495701475237,0.9999939799308777,0.9315342328835582,1.0,2000,1.0,1.0,0.9980009995002499,1.0,1.0,1.0
phrase_typ_1_2_3gram_shuffle27,Royal,45,1310,0.033210332103321034,0.04644028147939907,0.01260245520384204,0.05931658160261744,0.5664461255073547,0.4332717753614739,0.6572207433699225,0.06457541137933731,0.15892053973013492,0.6746626686656672,2000,0.11376214139631104,0.7529529779990012,0.2617610113861988,1.0,1.0,1.0
phrase_typ_1_2_3gram_shuffle27,Thanksgiving,21,938,0.021897810218978103,0.032364923660169416,0.01036143453716279,0.12830505886874746,0.664432942867279,0.5268660307239882,0.7378183036255727,0.004942725412547588,0.031984007996002,0.1089455272363818,2000,0.008002838048224267,0.0529680671170064,0.05392560636677709,0.3569152743250256,0.18726696131488157,1.0
phrase_typ_1_2_3gram_shuffle27,Trust,15,810,0.01818181818181818,0.01617458060914209,0.006338237837502701,0.12127650766008553,0.42090535163879395,0.2616862882372344,0.4680212810322901,0.8534590601921082,0.8210894552723638,1.0,2000,0.9626190986724343,1.0,0.9485641794487372,1.0,1.0,1.0
phrase_typ_1_2_3gram_shuffle27,Wisdom,28,1064,0.02564102564102564,0.05128118851131049,0.007211010366649987,0.10480743606771906,0.6314111351966858,0.34241079597645846,0.7371255135736106,0.008742877282202244,0.047976011994003,0.2193903048475762,2000,0.011731656417012596,0.07764784951856722,0.06972292400512546,0.46147235468758163,0.31240193856560095,1.0
phrase_typ_1_2_3gram_shuffle28,Hymn,136,2108,0.06060606060606061,0.04404122925527126,0.029158441307565293,0.03135340058161723,0.36142775416374207,0.24672910455296085,0.4329670432862014,1.0,0.9995002498750625,1.0,2000,1.0,1.0,1.0,1.0,1.0,1.0
phrase_typ_1_2_3gram_shuffle28,Lament,1596,4788,0.25,0.3411267339757647,0.2376176929659472,0.4082794929157748,0.6520096063613892,0.5744740215391864,0.707152988406418,0.0,0.0004997501249375312,0.136431784107946,2000,0.0,0.0,0.0005451819544773067,0.0036083742019672915,0.18268643456049752,1.0
phrase_typ_1_2_3gram_shuffle28,Praise,630,3780,0.14285714285714285,0.13855074649013605,0.1023732907658334,0.15011863317001892,0.47702717781066895,0.40621401024137294,0.5408214959947047,0.9677771925926208,0.7331334332833583,1.0,2000,1.0,1.0,0.9980009995002499,1.0,1.0,1.0
phrase_typ_1_2_3gram_shuffle28,Royal,45,1310,0.033210332103321034,0.04510455559369976,0.012605440289091005,0.04609798849688501,0.5491093993186951,0.39741487824903277,0.6341167805228809,0.13104131817817688,0.21139430284857572,0.8285857071464268,2000,0.1747217575709025,1.0,0.2818590704647676,1.0,1.0,1.0
phrase_typ_1_2_3gram_shuffle28,Thanksgiving,21,938,0.021897810218978103,0.03858478102544921,0.009411033537413939,0.13745053071904093,0.6987003684043884,0.5065504761857612,0.7763914028070473,0.0009118975722230971,0.013493253373313344,0.050474762618690654,2000,0.0027356927166692913,0.018106620995560086,0.05022028862869178,0.33239103461680297,0.18726696131488157,1.0
phrase_typ_1_2_3gram_shuffle28,Trust,15,810,0.01818181818181818,0.021931408013700717,0.0059087113585774695,0.11652708323311092,0.49176955223083496,0.1991871882696403,0.5723139197569606,0.5437537431716919,0.5057471264367817,1.0,2000,0.9626190986724343,1.0,0.9485641794487372,1.0,1.0,1.0
phrase_typ_1_2_3gram_shuffle28,Wisdom,28,1064,0.02564102564102564,0.04881547344600297,0.009430236666490255,0.0973506152699795,0.6307733654975891,0.40855030739381926,0.7302028251996782,0.009019975550472736,0.04397801099450275,0.22188905547226387,2000,0.012026634067296982,0.07960020640547774,0.0689207634988476,0.4561631267263128,0.31240193856560095,1.0
phrase_typ_1_2_3gram_shuffle29,Hymn,136,2108,0.06060606060606061,0.04455645795032874,0.030432078290765146,0.031376332626175577,0.3678162395954132,0.26850243915534705,0.43490526691832154,0.9999998807907104,0.999000499750125,1.0,2000,1.0,1.0,1.0,1.0,1.0,1.0
phrase_typ_1_2_3gram_shuffle29,Lament,1596,4788,0.25,0.35087191815776264,0.25330035996713035,0.41875777609726755,0.6598501801490784,0.5896876072112286,0.7152931240988883,0.0,0.0004997501249375312,0.12393803098450774,2000,0.0,0.0,0.0005451819544773067,0.0036083742019672915,0.18011755367990745,1.0
phrase_typ_1_2_3gram_shuffle29,Praise,630,3780,0.14285714285714285,0.128760129009652,0.09412822112663695,0.139582151942547,0.446143239736557,0.38226638873424507,0.5018425109921936,0.9999927282333374,0.9310344827586207,1.0,2000,1.0,1.0,0.9980009995002499,1.0,1.0,1.0
phrase_typ_1_2_3gram_shuffle29,Royal,45,1310,0.033210332103321034,0.046612960031984826,0.014567120594861246,0.04877281760761017,0.5788634419441223,0.44677048895610033,0.6472105844963963,0.035845570266246796,0.11594202898550725,0.5472263868065967,2000,0.10390765105302516,0.6877294531992113,0.2617610113861988,1.0,1.0,1.0
phrase_typ_1_2_3gram_shuffle29,Thanksgiving,21,938,0.021897810218978103,0.034015327216315075,0.009882035380992955,0.13050897394406902,0.6868209838867188,0.5335169091877285,0.7510238087926526,0.0016887430101633072,0.018490754622688656,0.06746626686656672,2000,0.004052983224391937,0.026825319487919386,0.05022028862869178,0.33239103461680297,0.18726696131488157,1.0
phrase_typ_1_2_3gram_shuffle29,Trust,15,810,0.01818181818181818,0.022628342755262685,0.0059332811228126415,0.11415012586279184,0.47909465432167053,0.20337029207753415,0.5486025887293284,0.6096057891845703,0.5677161419290355,1.0,2000,0.9626190986724343,1.0,0.9485641794487372,1.0,1.0,1.0
phrase_typ_1_2_3gram_shuffle29,Wisdom,28,1064,0.02564102564102564,0.05010780910545401,0.008899835686293196,0.10029142455194852,0.6317132115364075,0.40766415267313644,0.7395581076447677,0.008614243939518929,0.04247876061969016,0.20939530234882558,2000,0.011596097610890867,0.07675063181933485,0.06835662628455888,0.4524292940972399,0.3108201996562694,1.0
phrase_typ_1_2_3gram_shuffle30,Hymn,136,2108,0.06060606060606061,0.04431390391888953,0.030611616921269416,0.031902063951689874,0.36709943413734436,0.2729602580021636,0.42773015038505247,0.9999998807907104,0.9995002498750625,1.0,2000,1.0,1.0,1.0,1.0,1.0,1.0
phrase_typ_1_2_3gram_shuffle30,Lament,1596,4788,0.25,0.33637451222154746,0.23073256158084227,0.4000935843668965,0.6409381031990051,0.565859107420269,0.6971132477208897,0.0,0.0004997501249375312,0.18690654672663667,2000,0.0,0.0,0.0005451819544773067,0.0036083742019672915,0.21102352049781561,1.0
phrase_typ_1_2_3gram_shuffle30,Praise,630,3780,0.14285714285714285,0.13276464625519535,0.10049123812494724,0.14482501470057826,0.46407806873321533,0.39787277309742447,0.5247909130342389,0.9980820417404175,0.8455772113943029,1.0,2000,1.0,1.0,0.9980009995002499,1.0,1.0,1.0
phrase_typ_1_2_3gram_shuffle30,Royal,45,1310,0.033210332103321034,0.0487812447738274,0.01237201917677049,0.05233041876364113,0.5665648579597473,0.40724835164860096,0.6533109504585352,0.06423396617174149,0.15592203898050974,0.6686656671664168,2000,0.11376214139631104,0.7529529779990012,0.2617610113861988,1.0,1.0,1.0
phrase_typ_1_2_3gram_shuffle30,Thanksgiving,21,938,0.021897810218978103,0.035059078136213166,0.010475216702743038,0.1312051098323691,0.690273106098175,0.5216898858845641,0.7655555902920408,0.0014165786560624838,0.017991004497751123,0.05647176411794103,2000,0.0035414466401562095,0.023439632564939066,0.05022028862869178,0.33239103461680297,0.18726696131488157,1.0
phrase_typ_1_2_3gram_shuffle30,Trust,15,810,0.01818181818181818,0.018744007662845688,0.0059070035120925264,0.12519351272949722,0.49530863761901855,0.2165486927050856,0.5655393662859843,0.5250670909881592,0.5017491254372813,1.0,2000,0.9626190986724343,1.0,0.9485641794487372,1.0,1.0,1.0
phrase_typ_1_2_3gram_shuffle30,Wisdom,28,1064,0.02564102564102564,0.050151859130752666,0.01040955150704567,0.10178087545827659,0.6685351729393005,0.4464496178394912,0.767386169335967,0.001152853132225573,0.01699150424787606,0.10394802598700649,2000,0.0028315690966943903,0.01874119419340605,0.06224473969911595,0.411976792507369,0.3108201996562694,1.0
phrase_typ_1_2gram,Hymn,136,2108,0.06060606060606061,0.052765163396208015,0.035883098587670685,0.04675266368639998,0.4427391588687897,0.34200769851729734,0.520450373708978,0.9875063896179199,0.8990504747626187,1.0,2000,1.0,1.0,1.0,1.0,1.0,1.0
phrase_typ_1_2gram,Lament,1596,4788,0.25,0.35989497075910826,0.250993622631513,0.42908951257437694,0.6558128595352173,0.5795930461398383,0.7078870452926596,0.0,0.0004997501249375312,0.13193403298350825,2000,0.0,0.0,0.0005451819544773067,0.0036083742019672915,0.18268643456049752,1.0
phrase_typ_1_2gram,Praise,630,3780,0.14285714285714285,0.13416321680343843,0.0950958685936317,0.14908220110581935,0.46917274594306946,0.4099640934731653,0.5271672726865502,0.9934544563293457,0.8050974512743628,1.0,2000,1.0,1.0,0.9980009995002499,1.0,1.0,1.0
phrase_typ_1_2gram,Royal,45,1310,0.033210332103321034,0.04391946635116422,0.009264228163190062,0.056171726783257284,0.5477014183998108,0.35869645956269136,0.6360507857328046,0.1380055993795395,0.2098950524737631,0.8250874562718641,2000,0.18170016219249713,1.0,0.2816483132235799,1.0,1.0,1.0
phrase_typ_1_2gram,Thanksgiving,21,938,0.021897810218978103,0.02848587662788891,0.008098857545257332,0.12326765859873837,0.6176261305809021,0.39972058296821883,0.6932230442157861,0.03249409794807434,0.07496251874062969,0.26686656671664166,2000,0.03582026545457014,0.2370821717637597,0.08199025487256373,0.5426656514677373,0.29573603699469525,1.0
phrase_typ_1_2gram,Trust,15,810,0.01818181818181818,0.02087498243057726,0.005734354409398126,0.12004479145371222,0.4767078161239624,0.1955133682515849,0.5630565776018076,0.621720552444458,0.5782108945527237,1.0,2000,0.9626190986724343,1.0,0.9485641794487372,1.0,1.0,1.0
phrase_typ_1_2gram,Wisdom,28,1064,0.02564102564102564,0.04755847891103725,0.008800009759651162,0.09567829236133314,0.6338614225387573,0.4032600181092587,0.7306521389369288,0.007746464107185602,0.033483258370814596,0.191904047976012,2000,0.01091783531885219,0.07226144405979863,0.06510633572102838,0.43091672472104764,0.3108201996562694,1.0
phrase_typ_1_2gram_psalm,Hymn,136,2261,0.05673758865248227,0.04138440601566967,0.017887028234067237,0.018245622460212975,0.36969587206840515,0.2837004152915923,0.4282609074084307,0.9999998211860657,0.9995002498750625,1.0,2000,1.0,1.0,1.0,1.0,1.0,1.0
phrase_typ_1_2gram_psalm,Lament,1711,5369,0.24166666666666667,0.3391721012358133,0.2311094287597409,0.40634385161268616,0.6483402252197266,0.5811692718142301,0.7028660159813936,0.0,0.0004997501249375312,0.12043978010994502,2000,0.0,0.0,0.0005451819544773067,0.0036083742019672915,0.17811516776822856,1.0
phrase_typ_1_2gram_psalm,Praise,820,4469,0.15503875968992248,0.14885582513533252,0.1150233349028392,0.16305601655495708,0.47817322611808777,0.4095685504003822,0.5295168897048903,0.9767081141471863,0.7396301849075462,1.0,2000,1.0,1.0,0.9980009995002499,1.0,1.0,1.0
phrase_typ_1_2gram_psalm,Royal,45,1400,0.031141868512110725,0.03798011483403453,0.006521565997471019,0.05819030804597352,0.5339523553848267,0.343515052143308,0.6330269264925616,0.21883030235767365,0.2818590704647676,0.9055472263868066,2000,0.2641055373282268,1.0,0.3411550708795458,1.0,1.0,1.0
phrase_typ_1_2gram_psalm,Thanksgiving,28,1136,0.024054982817869417,0.03167626603760523,0.007932230669766862,0.10648709333116282,0.615788459777832,0.43375651201527604,0.7056300399370175,0.018060162663459778,0.07096451774112944,0.25237381309345325,2000,0.020896055974250982,0.13830389777417018,0.07948025987006498,0.5260528469908049,0.28115915517042533,1.0
phrase_typ_1_2gram_psalm,Trust,15,864,0.017064846416382253,0.020493935198579782,0.0059943060171412455,0.1213667801376983,0.5327932238578796,0.2798920925752929,0.6310924765661171,0.3316229283809662,0.31784107946026985,0.9120439780109945,2000,0.9626190986724343,1.0,0.9485641794487372,1.0,1.0,1.0
phrase_typ_1_2gram_psalm,Wisdom,36,1269,0.027586206896551724,0.059964927184204694,0.008037404962730246,0.1069997836637805,0.6567944884300232,0.4453794534771602,0.7685271081156091,0.0006586297531612217,0.017991004497751123,0.10044977511244378,2000,0.0018681667826369705,0.012364761467393869,0.06224473969911595,0.411976792507369,0.3108201996562694,1.0
phrase_typ_1_2gram_psalm_shuffle01,Hymn,136,2261,0.05673758865248227,0.03923528569004037,0.01923515648136388,0.019554952860026804,0.3402629494667053,0.24988170628789136,0.38010627665614743,1.0,1.0,1.0,2000,1.0,1.0,1.0,1.0,1.0,1.0
phrase_typ_1_2gram_psalm_shuffle01,Lament,1711,5369,0.24166666666666667,0.3421043527609916,0.221690931780021,0.40696747467082434,0.6450024843215942,0.5777251186365793,0.7027643024553035,0.0,0.0004997501249375312,0.1409295352323838,2000,0.0,0.0,0.0005451819544773067,0.0036083742019672915,0.18268643456049752,1.0
phrase_typ_1_2gram_psalm_shuffle01,Praise,820,4469,0.15503875968992248,0.15164995705208223,0.1151327769309504,0.1673290076255463,0.48627427220344543,0.4194255790362039,0.5409817948455218,0.8946152925491333,0.6506746626686657,1.0,2000,1.0,1.0,0.9980009995002499,1.0,1.0,1.0
phrase_typ_1_2gram_psalm_shuffle01,Royal,45,1400,0.031141868512110725,0.03958367876398121,0.007297656739470451,0.05765321071488973,0.5288254022598267,0.3469423433832612,0.6072287897098934,0.2549736797809601,0.30634682658670664,0.9370314842578711,2000,0.301659001430995,1.0,0.362438499060329,1.0,1.0,1.0
phrase_typ_1_2gram_psalm_shuffle01,Thanksgiving,28,1136,0.024054982817869417,0.03841940514253008,0.009521739281309217,0.11109391631136802,0.6667819619178772,0.5102040767669678,0.7418829876087462,0.0012697759084403515,0.02048975512243878,0.08745627186406797,2000,0.0033402554254280403,0.02210801624322201,0.05066432301090834,0.335329947389719,0.18726696131488157,1.0
phrase_typ_1_2gram_psalm_shuffle01,Trust,15,864,0.017064846416382253,0.019654009687779483,0.005728734552012974,0.09408620527675018,0.462345689535141,0.23885567519170267,0.5157416661139718,0.6918443441390991,0.657671164417791,1.0,2000,0.9626190986724343,1.0,0.9485641794487372,1.0,1.0,1.0
phrase_typ_1_2gram_psalm_shuffle01,Wisdom,36,1269,0.027586206896551724,0.05248354552653192,0.009198726703784021,0.10676154611432305,0.6598371267318726,0.4977788355675408,0.7547424375885675,0.0005291883135214448,0.020989505247376312,0.09945027486256872,2000,0.0016692118656668647,0.011047946441045894,0.06224473969911595,0.411976792507369,0.3108201996562694,1.0
phrase_typ_1_2gram_psalm_shuffle03,Hymn,136,2261,0.05673758865248227,0.03865303085920178,0.016842692317668415,0.01720520777117907,0.32686278223991394,0.2566695031335983,0.37075329152737424,1.0,1.0,1.0,2000,1.0,1.0,1.0,1.0,1.0,1.0
phrase_typ_1_2gram_psalm_shuffle03,Lament,1711,5369,0.24166666666666667,0.32857287060558077,0.20777336808224825,0.39065920228918444,0.627605676651001,0.5588269686608716,0.6848999718456387,0.0,0.0004997501249375312,0.1969015492253873,2000,0.0,0.0,0.0005451819544773067,0.0036083742019672915,0.21994321987942198,1.0
phrase_typ_1_2gram_psalm_shuffle03,Praise,820,4469,0.15503875968992248,0.15185362700806887,0.11288450420190548,0.16845025727571764,0.4820854067802429,0.41904535599036696,0.5383075554242454,0.9488047361373901,0.6926536731634183,1.0,2000,1.0,1.0,0.9980009995002499,1.0,1.0,1.0
phrase_typ_1_2gram_psalm_shuffle03,Royal,45,1400,0.031141868512110725,0.04547185559130963,0.007866825265600372,0.06520220314764022,0.5537301301956177,0.382915366205315,0.6700490518169783,0.10965323448181152,0.19940029985007496,0.7421289355322339,2000,0.15351452827453613,1.0,0.27714298190710474,1.0,1.0,1.0
phrase_typ_1_2gram_psalm_shuffle03,Thanksgiving,28,1136,0.024054982817869417,0.035126876591667994,0.008904244388030913,0.1055073621189069,0.6667819619178772,0.49684016991511093,0.7489195183241788,0.0012697759084403515,0.020989505247376312,0.08595702148925537,2000,0.0033402554254280403,0.02210801624322201,0.05066432301090834,0.335329947389719,0.18726696131488157,1.0
phrase_typ_1_2gram_psalm_shuffle03,Trust,15,864,0.017064846416382253,0.021014925360011313,0.0062335419520057524,0.12373826204757192,0.5652006268501282,0.3017548701120106,0.6599652497298626,0.19317477941513062,0.20889555222388806,0.623688155922039,2000,0.9626190986724343,1.0,0.9485641794487372,1.0,1.0,1.0
phrase_typ_1_2gram_psalm_shuffle03,Wisdom,36,1269,0.027586206896551724,0.04666069317921151,0.007941717901107962,0.10310144474427829,0.6642369031906128,0.44822337023888664,0.7466785439261737,0.00038317093276418746,0.017491254372813594,0.08945527236381809,2000,0.0014521941272038464,0.009611579733732518,0.06224473969911595,0.411976792507369,0.3108201996562694,1.0
phrase_typ_1_2gram_psalm_shuffle02,Hymn,136,2261,0.05673758865248227,0.03800696659402702,0.01729204899148338,0.017642789133787164,0.3157927393913269,0.1870900437092196,0.367294492217132,1.0,1.0,1.0,2000,1.0,1.0,1.0,1.0,1.0,1.0
phrase_typ_1_2gram_psalm_shuffle02,Lament,1711,5369,0.24166666666666667,0.32060241476958096,0.2055576080158174,0.37870398206468553,0.6399784684181213,0.5729281607837551,0.6928888442267013,0.0,0.0004997501249375312,0.16141929035482258,2000,0.0,0.0,0.0005451819544773067,0.0036083742019672915,0.1966258250185252,1.0
phrase_typ_1_2gram_psalm_shuffle02,Praise,820,4469,0.15503875968992248,0.15104777897443816,0.11272198554891369,0.16418860320753464,0.4876100420951843,0.42527979789983633,0.5387449745442572,0.8706912398338318,0.6416791604197901,1.0,2000,1.0,1.0,0.9980009995002499,1.0,1.0,1.0
phrase_typ_1_2gram_psalm_shuffle02,Royal,45,1400,0.031141868512110725,0.04208203467020717,0.007993015766238315,0.045088675705345097,0.5332539677619934,0.3706194747893576,0.6297825841546558,0.22357343137264252,0.2938530734632684,0.9170414792603698,2000,0.26828811764717103,1.0,0.3512164372359275,1.0,1.0,1.0
phrase_typ_1_2gram_psalm_shuffle02,Thanksgiving,28,1136,0.024054982817869417,0.04224700406768571,0.00914189030990276,0.11519634705550759,0.6941649913787842,0.5102290136516241,0.7761087560166074,0.00022050586994737387,0.010994502748625687,0.04447776111944028,2000,0.0015582103768120642,0.010313265284646222,0.05022028862869178,0.33239103461680297,0.18726696131488157,1.0
phrase_typ_1_2gram_psalm_shuffle02,Trust,15,864,0.017064846416382253,0.01572891885659538,0.005517691344476682,0.11922177847878725,0.4486111104488373,0.20940191008799544,0.5250722899440842,0.7529084086418152,0.7086456771614192,1.0,2000,0.9626190986724343,1.0,0.9485641794487372,1.0,1.0,1.0
phrase_typ_1_2gram_psalm_shuffle02,Wisdom,36,1269,0.027586206896551724,0.06187990479247088,0.007623559122225702,0.10929697811045512,0.6804132461547852,0.4564171296583183,0.7810370483472716,0.00010947012924589217,0.010994502748625687,0.062468765617191405,2000,0.0006049665037272988,0.0040040678294218915,0.06224473969911595,0.411976792507369,0.3108201996562694,1.0
phrase_typ_1_2gram_psalm_shuffle04,Hymn,136,2261,0.05673758865248227,0.03910937197644503,0.017892848407989593,0.018241949297515197,0.3354368805885315,0.2550472391370616,0.39272194934473015,1.0,1.0,1.0,2000,1.0,1.0,1.0,1.0,1.0,1.0
phrase_typ_1_2gram_psalm_shuffle04,Lament,1711,5369,0.24166666666666667,0.3317420159587512,0.2127952185604597,0.3966639043944967,0.6371235251426697,0.5713498722801174,0.6943469095396666,0.0,0.0004997501249375312,0.1619190404797601,2000,0.0,0.0,0.0005451819544773067,0.0036083742019672915,0.1966258250185252,1.0
phrase_typ_1_2gram_psalm_shuffle04,Praise,820,4469,0.15503875968992248,0.14889787905765592,0.11461500253051403,0.16281200878015595,0.48334529995918274,0.4233544468817726,0.5362990574071855,0.9355560541152954,0.6821589205397302,1.0,2000,1.0,1.0,0.9980009995002499,1.0,1.0,1.0
phrase_typ_1_2gram_psalm_shuffle04,Royal,45,1400,0.031141868512110725,0.03443927257823226,0.007680974416375069,0.057859940330297316,0.5240634679794312,0.33452797083641367,0.6190548924970339,0.2911468744277954,0.33983008495752126,0.9700149925037481,2000,0.3331926083369866,1.0,0.3857530694112403,1.0,1.0,1.0
phrase_typ_1_2gram_psalm_shuffle04,Thanksgiving,28,1136,0.024054982817869417,0.04267006193619221,0.008563857717783814,0.10965175968013353,0.6867769360542297,0.4996729775382096,0.7501986408056056,0.0003617545880842954,0.010994502748625687,0.046476761619190406,2000,0.001746401459717288,0.011558838148932512,0.05022028862869178,0.33239103461680297,0.18726696131488157,1.0
phrase_typ_1_2gram_psalm_shuffle04,Trust,15,864,0.017064846416382253,0.02428768207714698,0.005845605027282236,0.11177006067398952,0.5335648059844971,0.2601818551449284,0.6565470777791012,0.3279092311859131,0.33483258370814595,0.9205397301349325,2000,0.9626190986724343,1.0,0.9485641794487372,1.0,1.0,1.0
phrase_typ_1_2gram_psalm_shuffle04,Wisdom,36,1269,0.027586206896551724,0.052886949531020924,0.007907807812266444,0.10294168403365365,0.6547150015830994,0.45378363384575604,0.7615612938068179,0.0007632765336893499,0.02148925537231384,0.10744627686156921,2000,0.00209526891600998,0.013867873359753858,0.06224473969911595,0.411976792507369,0.3108201996562694,1.0
phrase_typ_1_2gram_psalm_shuffle05,Hymn,136,2261,0.05673758865248227,0.039463413271000634,0.017842310874784762,0.018195086835959447,0.3412109315395355,0.26031464584693736,0.37500580839933295,1.0,1.0,1.0,2000,1.0,1.0,1.0,1.0,1.0,1.0
phrase_typ_1_2gram_psalm_shuffle05,Lament,1711,5369,0.24166666666666667,0.31848257157183824,0.2024933258782464,0.3818762020018083,0.6307912468910217,0.5611032462170209,0.6871710063621644,0.0,0.0004997501249375312,0.19990004997501248,2000,0.0,0.0,0.0005451819544773067,0.0036083742019672915,0.2220789341477019,1.0
phrase_typ_1_2gram_psalm_shuffle05,Praise,820,4469,0.15503875968992248,0.1484220079399559,0.11239639794018487,0.16338055311779018,0.474899023771286,0.40443330806031275,0.5226258419604207,0.9889483451843262,0.760119940029985,1.0,2000,1.0,1.0,0.9980009995002499,1.0,1.0,1.0
phrase_typ_1_2gram_psalm_shuffle05,Royal,45,1400,0.031141868512110725,0.038238108409283836,0.007744947512482483,0.042281724877327516,0.5262380838394165,0.37085693540310616,0.6189326613902753,0.27433302998542786,0.3268365817091454,0.9610194902548725,2000,0.32005520164966583,1.0,0.3802530867530224,1.0,1.0,1.0
phrase_typ_1_2gram_psalm_shuffle05,Thanksgiving,28,1136,0.024054982817869417,0.04060697172561316,0.009672260078583782,0.11037711764501673,0.6783828139305115,0.47294629442480823,0.7717314955737248,0.0006220488576218486,0.01649175412293853,0.06446776611694154,2000,0.002281067525904815,0.01509761125771617,0.05022028862869178,0.33239103461680297,0.18726696131488157,1.0
phrase_typ_1_2gram_psalm_shuffle05,Trust,15,864,0.017064846416382253,0.023081614931269,0.006504992292966708,0.13012315543432024,0.5803240537643433,0.33184254867706353,0.6942407546367527,0.14291688799858093,0.1729135432283858,0.5047476261869065,2000,0.9626190986724343,1.0,0.9485641794487372,1.0,1.0,1.0
phrase_typ_1_2gram_psalm_shuffle05,Wisdom,36,1269,0.027586206896551724,0.06548738310363968,0.00986691070575734,0.11834845037678292,0.6692277193069458,0.47194034962687714,0.7739192274422563,0.000263223540969193,0.017491254372813594,0.08445777111444278,2000,0.001139730795949083,0.007543491062966767,0.06224473969911595,0.411976792507369,0.3108201996562694,1.0
phrase_typ_1_2gram_psalm_shuffle06,Hymn,136,2261,0.05673758865248227,0.0385073517816194,0.01732766041808617,0.017683374231637745,0.3222513496875763,0.21670892010011447,0.36629809086915166,1.0,1.0,1.0,2000,1.0,1.0,1.0,1.0,1.0,1.0
phrase_typ_1_2gram_psalm_shuffle06,Lament,1711,5369,0.24166666666666667,0.32211995279428424,0.20684947177834587,0.3867693125997332,0.6344054937362671,0.5662153838759999,0.6919926857292639,0.0,0.0004997501249375312,0.18040979510244878,2000,0.0,0.0,0.0005451819544773067,0.0036083742019672915,0.20646352573032287,1.0
phrase_typ_1_2gram_psalm_shuffle06,Praise,820,4469,0.15503875968992248,0.14808822345344758,0.11271610164908982,0.16052801425032423,0.4768453538417816,0.4122060977835261,0.5286448879549421,0.9826195240020752,0.7386306846576711,1.0,2000,1.0,1.0,0.9980009995002499,1.0,1.0,1.0
phrase_typ_1_2gram_psalm_shuffle06,Royal,45,1400,0.031141868512110725,0.04742505222414714,0.007531504227944961,0.03949555559601021,0.5612063407897949,0.3948461878035336,0.6695478606799864,0.08085857331752777,0.17891054472763618,0.6686656671664168,2000,0.12550379792262709,0.8306670148448103,0.26420356255438715,1.0,1.0,1.0
phrase_typ_1_2gram_psalm_shuffle06,Thanksgiving,28,1136,0.024054982817869417,0.03931747276852611,0.009245432084251557,0.11120804874351317,0.6822497248649597,0.4991831311439186,0.7607467975769616,0.00048589834477752447,0.017991004497751123,0.06046976511744128,2000,0.001911134388358724,0.012649149457006115,0.05022028862869178,0.33239103461680297,0.18726696131488157,1.0
phrase_typ_1_2gram_psalm_shuffle06,Trust,15,864,0.017064846416382253,0.0222141885042261,0.005760290641849324,0.12132807380457648,0.5132716298103333,0.24737259768593506,0.5936264345365316,0.43017908930778503,0.4032983508245877,0.9970014992503748,2000,0.9626190986724343,1.0,0.9485641794487372,1.0,1.0,1.0
phrase_typ_1_2gram_psalm_shuffle06,Wisdom,36,1269,0.027586206896551724,0.05752616298908292,0.007408613628864984,0.11216943793928728,0.6604938507080078,0.4373259211108438,0.7774899620864247,0.0005045363795943558,0.01699150424787606,0.09995002498750624,2000,0.0016331265748030584,0.010809110156106342,0.06224473969911595,0.411976792507369,0.3108201996562694,1.0
phrase_typ_1_2gram_psalm_shuffle07,Hymn,136,2261,0.05673758865248227,0.039021090465670344,0.016954959995050606,0.017316452338573617,0.334313303232193,0.26320074360222834,0.36911361515975766,1.0,1.0,1.0,2000,1.0,1.0,1.0,1.0,1.0,1.0
phrase_typ_1_2gram_psalm_shuffle07,Lament,1711,5369,0.24166666666666667,0.3125661302475504,0.19386653017621694,0.36946134404576886,0.6232731342315674,0.5563599386200628,0.6807028927752241,0.0,0.0004997501249375312,0.2318840579710145,2000,0.0,0.0,0.0005451819544773067,0.0036083742019672915,0.25495105850216254,1.0
phrase_typ_1_2gram_psalm_shuffle07,Praise,820,4469,0.15503875968992248,0.15050765034676306,0.11583585395370011,0.16309399377310743,0.49739354848861694,0.42897138852102273,0.5487233693660122,0.5939252376556396,0.5207396301849075,1.0,2000,1.0,1.0,0.9980009995002499,1.0,1.0,1.0
phrase_typ_1_2gram_psalm_shuffle07,Royal,45,1400,0.031141868512110725,0.04242274989679134,0.008016680027543303,0.043733210142049374,0.5465079545974731,0.3811142029372499,0.6544222421476784,0.14383743703365326,0.23438280859570215,0.7946026986506747,2000,0.18645593689547643,1.0,0.30382956669813244,1.0,1.0,1.0
phrase_typ_1_2gram_psalm_shuffle07,Thanksgiving,28,1136,0.024054982817869417,0.03686483640985721,0.009506770770523932,0.11135014412218903,0.6733525991439819,0.47540723735803847,0.7485036856194031,0.0008519110851921141,0.018490754622688656,0.07146426786606697,2000,0.0026701690729902085,0.017672942251190822,0.05022028862869178,0.33239103461680297,0.18726696131488157,1.0
phrase_typ_1_2gram_psalm_shuffle07,Trust,15,864,0.017064846416382253,0.018779038416720854,0.0054670007657944735,0.12341070565557885,0.5282407402992249,0.2020406862231539,0.6154667234229363,0.35386142134666443,0.34182908545727136,0.9340329835082459,2000,0.9626190986724343,1.0,0.9485641794487372,1.0,1.0,1.0
phrase_typ_1_2gram_psalm_shuffle07,Wisdom,36,1269,0.027586206896551724,0.06252612799806405,0.008328958198470559,0.10915431708031037,0.6612161993980408,0.4689555935265846,0.787971380734141,0.0004786493082065135,0.018490754622688656,0.09795102448775612,2000,0.0016082616755738854,0.010644537832726553,0.06224473969911595,0.411976792507369,0.3108201996562694,1.0
phrase_typ_1_2gram_psalm_shuffle08,Hymn,136,2261,0.05673758865248227,0.03930758879201569,0.017370278766690325,0.017730609191131338,0.3400402069091797,0.2706570772529054,0.3809011794074643,1.0,1.0,1.0,2000,1.0,1.0,1.0,1.0,1.0,1.0
phrase_typ_1_2gram_psalm_shuffle08,Lament,1711,5369,0.24166666666666667,0.3289249396777265,0.20816406326505704,0.39223683730407544,0.6341307163238525,0.5625655842091205,0.6903952788257659,0.0,0.0004997501249375312,0.1774112943528236,2000,0.0,0.0,0.0005451819544773067,0.0036083742019672915,0.20470533963787338,1.0
phrase_typ_1_2gram_psalm_shuffle08,Praise,820,4469,0.15503875968992248,0.15018482521689802,0.11568010620472506,0.16503110830985263,0.4854699671268463,0.4100694442060697,0.5351940762170514,0.9073789715766907,0.6536731634182908,1.0,2000,1.0,1.0,0.9980009995002499,1.0,1.0,1.0
phrase_typ_1_2gram_psalm_shuffle08,Royal,45,1400,0.031141868512110725,0.0371449073586789,0.008972881850076348,0.05821755495274993,0.5471746325492859,0.3973463106034006,0.650928454925647,0.14040988683700562,0.22038980509745126,0.7966016991504248,2000,0.18370360689635615,1.0,0.2901683954261114,1.0,1.0,1.0
phrase_typ_1_2gram_psalm_shuffle08,Thanksgiving,28,1136,0.024054982817869417,0.04272704806379975,0.012330786844255884,0.11757950513318194,0.7207620739936829,0.576006305112835,0.7735213654777097,3.22560517815873e-05,0.00399800099950025,0.01899050474762619,2000,0.001536285492655789,0.010168151922545903,0.05022028862869178,0.33239103461680297,0.18726696131488157,1.0
phrase_typ_1_2gram_psalm_shuffle08,Trust,15,864,0.017064846416382253,0.01907519039771049,0.006010752704250402,0.12204123975266967,0.510879635810852,0.2774348048339427,0.5934480105588613,0.4427030086517334,0.4112943528235882,0.9960019990004998,2000,0.9626190986724343,1.0,0.9485641794487372,1.0,1.0,1.0
phrase_typ_1_2gram_psalm_shuffle08,Wisdom,36,1269,0.027586206896551724,0.053626476804156345,0.00816604128271836,0.10751963841175986,0.6668418049812317,0.46542265194146726,0.758540972142398,0.0003153663710691035,0.01899050474762619,0.08745627186406797,2000,0.0012859599596992568,0.008511332235474508,0.06224473969911595,0.411976792507369,0.3108201996562694,1.0
phrase_typ_1_2gram_psalm_shuffle09,Hymn,136,2261,0.05673758865248227,0.039429665987302465,0.01814514911465063,0.01848063635108322,0.338843435049057,0.24820758405945614,0.38385401711809064,1.0,1.0,1.0,2000,1.0,1.0,1.0,1.0,1.0,1.0
phrase_typ_1_2gram_psalm_shuffle09,Lament,1711,5369,0.24166666666666667,0.3268869809366908,0.20806806754666723,0.38882020025741304,0.6320894360542297,0.5651112806597762,0.688325875692508,0.0,0.0004997501249375312,0.18640679660169915,2000,0.0,0.0,0.0005451819544773067,0.0036083742019672915,0.21102352049781561,1.0
phrase_typ_1_2gram_psalm_shuffle09,Praise,820,4469,0.15503875968992248,0.16012913579883303,0.11897352176850333,0.1780126958720598,0.5013353228569031,0.43514460640366087,0.5552653683011594,0.4515532851219177,0.4642678660669665,1.0,2000,1.0,1.0,0.9980009995002499,1.0,1.0,1.0
phrase_typ_1_2gram_psalm_shuffle09,Royal,45,1400,0.031141868512110725,0.03568768610315029,0.006566116469457736,0.059083974836989475,0.5179682374000549,0.33334508206638874,0.617600697535588,0.340658038854599,0.37031484257871067,0.9860069965017492,2000,0.3755285467688493,1.0,0.40715244472004836,1.0,1.0,1.0
phrase_typ_1_2gram_psalm_shuffle09,Thanksgiving,28,1136,0.024054982817869417,0.03883674354530402,0.009342848474395786,0.10927424911914194,0.6733525991439819,0.5049179181319009,0.7359633528913797,0.0008519110851921141,0.015992003998001,0.07296351824087956,2000,0.0026701690729902085,0.017672942251190822,0.05022028862869178,0.33239103461680297,0.18726696131488157,1.0
phrase_typ_1_2gram_psalm_shuffle09,Trust,15,864,0.017064846416382253,0.019215101316391585,0.005572343132618843,0.12385424947321083,0.522376537322998,0.2261190022127616,0.6228703198290346,0.3832491934299469,0.3613193403298351,0.9710144927536232,2000,0.9626190986724343,1.0,0.9485641794487372,1.0,1.0,1.0
phrase_typ_1_2gram_psalm_shuffle09,Wisdom,36,1269,0.027586206896551724,0.0548473281088922,0.006914920240650085,0.10784190751445658,0.655634343624115,0.4704652368605808,0.7679112882998329,0.00071525335079059,0.0239880059970015,0.11344327836081959,2000,0.001989446406172502,0.013167470106584775,0.0627403689459618,0.4152571941666163,0.3108201996562694,1.0
phrase_typ_1_2gram_psalm_shuffle10,Hymn,136,2261,0.05673758865248227,0.03779065182206711,0.019542850307575473,0.019854308293110717,0.31461548805236816,0.24454029100045346,0.3590491812419541,1.0,1.0,1.0,2000,1.0,1.0,1.0,1.0,1.0,1.0
phrase_typ_1_2gram_psalm_shuffle10,Lament,1711,5369,0.24166666666666667,0.3372474719436091,0.21548378305371876,0.40683466457083794,0.6484053134918213,0.5799119261187261,0.7067150710397385,0.0,0.0004997501249375312,0.12643678160919541,2000,0.0,0.0,0.0005451819544773067,0.0036083742019672915,0.18186112423240436,1.0
phrase_typ_1_2gram_psalm_shuffle10,Praise,820,4469,0.15503875968992248,0.14907669551414507,0.11364904205027927,0.16323033734948666,0.4807601273059845,0.4164226090326018,0.5357229052918899,0.9603021144866943,0.7076461769115442,1.0,2000,1.0,1.0,0.9980009995002499,1.0,1.0,1.0
phrase_typ_1_2gram_psalm_shuffle10,Royal,45,1400,0.031141868512110725,0.03928902248906969,0.006972008908051183,0.05721413658711394,0.5250793695449829,0.337044919495415,0.6202188243410663,0.2832324504852295,0.3423288355822089,0.9660169915042479,2000,0.3277069675035713,1.0,0.3865002982379778,1.0,1.0,1.0
phrase_typ_1_2gram_psalm_shuffle10,Thanksgiving,28,1136,0.024054982817869417,0.04247864774781009,0.009829523515953979,0.11655247871509444,0.7056400775909424,0.5601647702465725,0.7740529011471046,9.884544124361128e-05,0.0069965017491254375,0.034482758620689655,2000,0.001536285492655789,0.010168151922545903,0.05022028862869178,0.33239103461680297,0.18726696131488157,1.0
phrase_typ_1_2gram_psalm_shuffle10,Trust,15,864,0.017064846416382253,0.024102882638594295,0.0061911936407612195,0.12730257541139717,0.5778549313545227,0.3032743276087216,0.7239766808099983,0.15045557916164398,0.17541229385307347,0.5087456271864068,2000,0.9626190986724343,1.0,0.9485641794487372,1.0,1.0,1.0
phrase_typ_1_2gram_psalm_shuffle10,Wisdom,36,1269,0.027586206896551724,0.05882251157959683,0.006761651879853042,0.10823323624513524,0.6391296982765198,0.39139199502135297,0.7601012556515316,0.0021840750705450773,0.030984507746126936,0.15142428785607195,2000,0.0047284099465408885,0.031295739573371895,0.06442323392759067,0.4263955059453428,0.3108201996562694,1.0
phrase_typ_1_2gram_psalm_shuffle11,Hymn,136,2261,0.05673758865248227,0.03826649241175555,0.017984137899305214,0.018322000516987017,0.32220906019210815,0.22722783671503227,0.3735391615580564,1.0,1.0,1.0,2000,1.0,1.0,1.0,1.0,1.0,1.0
phrase_typ_1_2gram_psalm_shuffle11,Lament,1711,5369,0.24166666666666667,0.32905450172998696,0.21020862487263706,0.39113878036576205,0.6445528268814087,0.5754087884499562,0.699126720772832,0.0,0.0004997501249375312,0.13993003498250875,2000,0.0,0.0,0.0005451819544773067,0.0036083742019672915,0.18268643456049752,1.0
phrase_typ_1_2gram_psalm_shuffle11,Praise,820,4469,0.15503875968992248,0.15392418863060472,0.1179398453618543,0.16851870701540597,0.4876214861869812,0.4181681191316227,0.5396624610336924,0.8704708814620972,0.6306846576711644,1.0,2000,1.0,1.0,0.9980009995002499,1.0,1.0,1.0
phrase_typ_1_2gram_psalm_shuffle11,Royal,45,1400,0.031141868512110725,0.039575038007825386,0.008978340864769799,0.05862412612887008,0.5412222146987915,0.35099466468194657,0.6510042174948887,0.17299990355968475,0.2538730634682659,0.8585707146426786,2000,0.217544788907388,1.0,0.3176287962213583,1.0,1.0,1.0
phrase_typ_1_2gram_psalm_shuffle11,Thanksgiving,28,1136,0.024054982817869417,0.03822006718391199,0.008280730711641255,0.11124757708869691,0.6780369877815247,0.48212165300093335,0.7555723395264751,0.0006358014070428908,0.014492753623188406,0.06046976511744128,2000,0.002281067525904815,0.01509761125771617,0.05022028862869178,0.33239103461680297,0.18726696131488157,1.0
phrase_typ_1_2gram_psalm_shuffle11,Trust,15,864,0.017064846416382253,0.01940381258949825,0.0056247149693543766,0.0985491642527003,0.48618826270103455,0.2343777742910079,0.5853610466099163,0.5730420351028442,0.5282358820589705,1.0,2000,0.9626190986724343,1.0,0.9485641794487372,1.0,1.0,1.0
phrase_typ_1_2gram_psalm_shuffle11,Wisdom,36,1269,0.027586206896551724,0.06004578953515374,0.007019196976436249,0.10998109874578459,0.6585018634796143,0.4162333143598405,0.7718579744444678,0.0005827859858982265,0.01899050474762619,0.09995002498750624,2000,0.0017483579576946795,0.011571787544578943,0.06224473969911595,0.411976792507369,0.3108201996562694,1.0
phrase_typ_1_2gram_psalm_shuffle12,Hymn,136,2261,0.05673758865248227,0.037777810211513434,0.016568485560239772,0.01692241518059206,0.31439757347106934,0.2412922767999675,0.3530832960232647,1.0,1.0,1.0,2000,1.0,1.0,1.0,1.0,1.0,1.0
phrase_typ_1_2gram_psalm_shuffle12,Lament,1711,5369,0.24166666666666667,0.33436712562854864,0.21229108135330146,0.39864793355355566,0.6421762704849243,0.5751003569424983,0.6954226396845237,0.0,0.0004997501249375312,0.13843078460769614,2000,0.0,0.0,0.0005451819544773067,0.0036083742019672915,0.18268643456049752,1.0
phrase_typ_1_2gram_psalm_shuffle12,Praise,820,4469,0.15503875968992248,0.1520401953705825,0.11829219027891426,0.16784299751471396,0.4949827790260315,0.4291294066681696,0.548285171577001,0.6763284802436829,0.5467266366816592,1.0,2000,1.0,1.0,0.9980009995002499,1.0,1.0,1.0
phrase_typ_1_2gram_psalm_shuffle12,Royal,45,1400,0.031141868512110725,0.033266168601595,0.006942453962104791,0.05694568829934368,0.5174127221107483,0.3600035214788418,0.6008945259226124,0.3453280031681061,0.37631184407796103,0.9860069965017492,2000,0.378688671881474,1.0,0.40945848319363637,1.0,1.0,1.0
phrase_typ_1_2gram_psalm_shuffle12,Thanksgiving,28,1136,0.024054982817869417,0.04057027024826536,0.010552816192093169,0.11147086426675566,0.6883488297462463,0.5172025963059442,0.7635492049506235,0.0003260491066612303,0.009995002498750625,0.046476761619190406,2000,0.001746401459717288,0.011558838148932512,0.05022028862869178,0.33239103461680297,0.18726696131488157,1.0
phrase_typ_1_2gram_psalm_shuffle12,Trust,15,864,0.017064846416382253,0.019027644579684255,0.005484733954200122,0.12494212697664196,0.5270061492919922,0.20316262673410967,0.60545116006575,0.35998308658599854,0.34782608695652173,0.9545227386306847,2000,0.9626190986724343,1.0,0.9485641794487372,1.0,1.0,1.0
phrase_typ_1_2gram_psalm_shuffle12,Wisdom,36,1269,0.027586206896551724,0.05292850648156368,0.00730003905300251,0.10588853570522261,0.6616758704185486,0.4413689675523641,0.7757897788437994,0.0004628226743079722,0.01899050474762619,0.08895552223888056,2000,0.0015803701073930758,0.010459933015473318,0.06224473969911595,0.411976792507369,0.3108201996562694,1.0
phrase_typ_1_2gram_psalm_shuffle13,Hymn,136,2261,0.05673758865248227,0.03822233822935461,0.017366578375746143,0.01772455500512948,0.3190675675868988,0.23303663593179852,0.37071256152200155,1.0,1.0,1.0,2000,1.0,1.0,1.0,1.0,1.0,1.0
phrase_typ_1_2gram_psalm_shuffle13,Lament,1711,5369,0.24166666666666667,0.32169629201693006,0.20359566473520668,0.38171891788266904,0.6366802453994751,0.5692564203151336,0.6925816493906283,0.0,0.0004997501249375312,0.16941529235382308,2000,0.0,0.0,0.0005451819544773067,0.0036083742019672915,0.19820173478720252,1.0
phrase_typ_1_2gram_psalm_shuffle13,Praise,820,4469,0.15503875968992248,0.1574071876408661,0.1185935492863589,0.17355417857147565,0.5003154277801514,0.43368762181494214,0.5543773066069798,0.4885324537754059,0.47976011994003,1.0,2000,1.0,1.0,0.9980009995002499,1.0,1.0,1.0
phrase_typ_1_2gram_psalm_shuffle13,Royal,45,1400,0.031141868512110725,0.04675639073729236,0.007775365721339786,0.05102009445673283,0.5462222099304199,0.38113792523682916,0.6546319680028825,0.14532352983951569,0.2368815592203898,0.8085957021489255,2000,0.18722663353557234,1.0,0.3051848308974347,1.0,1.0,1.0
phrase_typ_1_2gram_psalm_shuffle13,Thanksgiving,28,1136,0.024054982817869417,0.03277785864009344,0.00846974038565362,0.10385424800372264,0.6438632011413574,0.49313938159494847,0.7116348334610654,0.004610599018633366,0.03948025987006497,0.14042978510744628,2000,0.00774060387119829,0.051232428159253544,0.056296355133691425,0.37260645525943703,0.19344559695074096,1.0
phrase_typ_1_2gram_psalm_shuffle13,Trust,15,864,0.017064846416382253,0.026983140985229997,0.006417529169083703,0.11624531207937293,0.6023919582366943,0.3258556486275146,0.6966882404582526,0.08680838346481323,0.127936031984008,0.3523238380809595,2000,0.9626190986724343,1.0,0.9485641794487372,1.0,1.0,1.0
phrase_typ_1_2gram_psalm_shuffle13,Wisdom,36,1269,0.027586206896551724,0.05175245078649429,0.006946452858651534,0.10627199711378219,0.6382102966308594,0.42724677596726524,0.7512191393083395,0.002316955244168639,0.035982008995502246,0.16091954022988506,2000,0.00490579145712469,0.03246976754961009,0.0654218345372768,0.4330049042360749,0.3108201996562694,1.0
phrase_typ_1_2gram_psalm_shuffle14,Hymn,136,2261,0.05673758865248227,0.03882884608199453,0.01802720519003734,0.01837888504020868,0.3301538825035095,0.2576985328272656,0.37462638545160665,1.0,1.0,1.0,2000,1.0,1.0,1.0,1.0,1.0,1.0
phrase_typ_1_2gram_psalm_shuffle14,Lament,1711,5369,0.24166666666666667,0.32592249389904926,0.21234888759692108,0.3881818255706262,0.6343734264373779,0.5674736870695699,0.6897253382030479,0.0,0.0004997501249375312,0.18340829585207397,2000,0.0,0.0,0.0005451819544773067,0.0036083742019672915,0.2087574099129297,1.0
phrase_typ_1_2gram_psalm_shuffle14,Praise,820,4469,0.15503875968992248,0.14752958226538285,0.1149475868333932,0.1599266023824638,0.4841103255748749,0.4148114279045928,0.532696629822224,0.9262964129447937,0.664167916041979,1.0,2000,1.0,1.0,0.9980009995002499,1.0,1.0,1.0
phrase_typ_1_2gram_psalm_shuffle14,Royal,45,1400,0.031141868512110725,0.037426337737165374,0.00697886687021197,0.058430071104793736,0.5314127206802368,0.3760454762359527,0.631799632087603,0.236354261636734,0.2898550724637681,0.9195402298850575,2000,0.28281706520634836,1.0,0.34882272330883274,1.0,1.0,1.0
phrase_typ_1_2gram_psalm_shuffle14,Thanksgiving,28,1136,0.024054982817869417,0.03925684290874303,0.008683196226224654,0.11166928503078791,0.696177065372467,0.5042623252240761,0.7721873546957068,0.0001921320945257321,0.01249375312343828,0.041979010494752625,2000,0.001536285492655789,0.010168151922545903,0.05022028862869178,0.33239103461680297,0.18726696131488157,1.0
phrase_typ_1_2gram_psalm_shuffle14,Trust,15,864,0.017064846416382253,0.027395690416589964,0.006755944272936973,0.11809776041614495,0.6020833253860474,0.34732328880478064,0.7234667612354959,0.08745880424976349,0.12193903048475763,0.33833083458270863,2000,0.9626190986724343,1.0,0.9485641794487372,1.0,1.0,1.0
phrase_typ_1_2gram_psalm_shuffle14,Wisdom,36,1269,0.027586206896551724,0.04687741970801208,0.0072343673477563274,0.10289384105614444,0.6391515731811523,0.41176783095337677,0.7390458985420223,0.002180997282266617,0.03698150924537731,0.16241879060469766,2000,0.0047284099465408885,0.031295739573371895,0.06581455035194267,0.435604156839187,0.3108201996562694,1.0
phrase_typ_1_2gram_psalm_shuffle15,Hymn,136,2261,0.05673758865248227,0.03853427270814481,0.017994505417052508,0.018337857031513735,0.3267522156238556,0.234500410887452,0.3701266160404707,1.0,1.0,1.0,2000,1.0,1.0,1.0,1.0,1.0,1.0
phrase_typ_1_2gram_psalm_shuffle15,Lament,1711,5369,0.24166666666666667,0.34731273721765377,0.23157073036642167,0.41373397292154473,0.6583303213119507,0.5889462939119953,0.7132516003522945,0.0,0.0004997501249375312,0.09545227386306847,2000,0.0,0.0,0.0005451819544773067,0.0036083742019672915,0.16774039758363496,1.0
phrase_typ_1_2gram_psalm_shuffle15,Praise,820,4469,0.15503875968992248,0.1450411952011218,0.11339693782019458,0.15833760627700247,0.4790179133415222,0.41141997554977544,0.5241743521125475,0.9721291065216064,0.7206396801599201,1.0,2000,1.0,1.0,0.9980009995002499,1.0,1.0,1.0
phrase_typ_1_2gram_psalm_shuffle15,Royal,45,1400,0.031141868512110725,0.041581140600510214,0.007912982805590583,0.04472444885352218,0.5266666412353516,0.3653764229735653,0.6260343554022275,0.2710767686367035,0.31984007996002,0.9505247376311844,2000,0.3171371666501824,1.0,0.37418616596993987,1.0,1.0,1.0
phrase_typ_1_2gram_psalm_shuffle15,Thanksgiving,28,1136,0.024054982817869417,0.03825137093696448,0.010034698228076056,0.10824249214407164,0.6920900344848633,0.5648195472870597,0.7575952553393241,0.00025382847525179386,0.010994502748625687,0.04897551224387806,2000,0.0015582103768120642,0.010313265284646222,0.05022028862869178,0.33239103461680297,0.18726696131488157,1.0
phrase_typ_1_2gram_psalm_shuffle15,Trust,15,864,0.017064846416382253,0.017223569929460288,0.0055784193451681105,0.12007220951996882,0.4746142029762268,0.20486849782822836,0.5495559258850808,0.632314145565033,0.5887056471764118,1.0,2000,0.9626190986724343,1.0,0.9485641794487372,1.0,1.0,1.0
phrase_typ_1_2gram_psalm_shuffle15,Wisdom,36,1269,0.027586206896551724,0.046162011273113396,0.0073768183292144875,0.10062680839058974,0.6363496780395508,0.432760260071258,0.7401644413476601,0.0026085148565471172,0.033483258370814596,0.16141929035482258,2000,0.005344274340242874,0.03537193683539439,0.06510633572102838,0.43091672472104764,0.3108201996562694,1.0
phrase_typ_1_2gram_psalm_shuffle16,Hymn,136,2261,0.05673758865248227,0.04122736427327878,0.019725042113503028,0.020061849493445548,0.3607234060764313,0.25784864147413045,0.4106857225060495,1.0,1.0,1.0,2000,1.0,1.0,1.0,1.0,1.0,1.0
phrase_typ_1_2gram_psalm_shuffle16,Lament,1711,5369,0.24166666666666667,0.32929665263450325,0.21203058725731516,0.3898238600562588,0.6353569030761719,0.5724687669803643,0.6944970567067967,0.0,0.0004997501249375312,0.1794102948525737,2000,0.0,0.0,0.0005451819544773067,0.0036083742019672915,0.2058806662242649,1.0
phrase_typ_1_2gram_psalm_shuffle16,Praise,820,4469,0.15503875968992248,0.1502600362978722,0.11442373869359294,0.16271566273932284,0.48297199606895447,0.41566324021249745,0.5355126785082548,0.9397332072257996,0.6811594202898551,1.0,2000,1.0,1.0,0.9980009995002499,1.0,1.0,1.0
phrase_typ_1_2gram_psalm_shuffle16,Royal,45,1400,0.031141868512110725,0.04008793911893466,0.008029725235674077,0.06268681590851319,0.5532222390174866,0.38057879807319683,0.6579123192579155,0.11184772104024887,0.20389805097451275,0.7586206896551724,2000,0.1550997465260719,1.0,0.27714298190710474,1.0,1.0,1.0
phrase_typ_1_2gram_psalm_shuffle16,Thanksgiving,28,1136,0.024054982817869417,0.036137589822098526,0.009908648211737163,0.10735481004120044,0.6728495955467224,0.5419658914614485,0.7267683734370132,0.0008787517435848713,0.017991004497751123,0.0734632683658171,2000,0.002698951050720728,0.017863440386852662,0.05022028862869178,0.33239103461680297,0.18726696131488157,1.0
phrase_typ_1_2gram_psalm_shuffle16,Trust,15,864,0.017064846416382253,0.022672118920323565,0.005566723594953113,0.12304049468838264,0.5396605134010315,0.21963698559563724,0.6583534821925215,0.299190878868103,0.3103448275862069,0.8655672163918041,2000,0.9626190986724343,1.0,0.9485641794487372,1.0,1.0,1.0
phrase_typ_1_2gram_psalm_shuffle16,Wisdom,36,1269,0.027586206896551724,0.0495848390574681,0.010027638238043573,0.10346968967518225,0.6763855814933777,0.5127148164410199,0.7756243037062636,0.00015100087330210954,0.014492753623188406,0.06746626686656672,2000,0.0007550043665105477,0.004997117487319031,0.06224473969911595,0.411976792507369,0.3108201996562694,1.0
phrase_typ_1_2gram_psalm_shuffle17,Hymn,136,2261,0.05673758865248227,0.03860291411887995,0.017380422733416823,0.017735832454603716,0.3293636441230774,0.2639452223745594,0.3620538077203471,1.0,1.0,1.0,2000,1.0,1.0,1.0,1.0,1.0,1.0
phrase_typ_1_2gram_psalm_shuffle17,Lament,1711,5369,0.24166666666666667,0.3342971882887167,0.2190859624164796,0.3979150562618609,0.6442038416862488,0.5800270432163157,0.7008057374167327,0.0,0.0004997501249375312,0.13893053473263367,2000,0.0,0.0,0.0005451819544773067,0.0036083742019672915,0.18268643456049752,1.0
phrase_typ_1_2gram_psalm_shuffle17,Praise,820,4469,0.15503875968992248,0.15320944319693527,0.1160926453327238,0.1681757138164058,0.491936594247818,0.4252063919733443,0.5411947403814067,0.7688887119293213,0.5817091454272864,1.0,2000,1.0,1.0,0.9980009995002499,1.0,1.0,1.0
phrase_typ_1_2gram_psalm_shuffle17,Royal,45,1400,0.031141868512110725,0.03464225426784028,0.00766121137051169,0.05799296116683423,0.5058571696281433,0.3379761711924478,0.6037024580003902,0.4468025863170624,0.44427786106946526,0.999000499750125,2000,0.47150021671649794,1.0,0.4676609063889108,1.0,1.0,1.0
phrase_typ_1_2gram_psalm_shuffle17,Thanksgiving,28,1136,0.024054982817869417,0.0377144458813148,0.007882464071461879,0.11237278937866267,0.6750503182411194,0.4653040032138846,0.751906149259053,0.0007667926838621497,0.017991004497751123,0.07096451774112944,2000,0.0025358498206464793,0.016783928737437736,0.05022028862869178,0.33239103461680297,0.18726696131488157,1.0
phrase_typ_1_2gram_psalm_shuffle17,Trust,15,864,0.017064846416382253,0.025351073017109878,0.0072033173805888745,0.1225130677577654,0.5993826985359192,0.39008718330172026,0.6897152100581054,0.09330584853887558,0.12693653173413294,0.3633183408295852,2000,0.9626190986724343,1.0,0.9485641794487372,1.0,1.0,1.0
phrase_typ_1_2gram_psalm_shuffle17,Wisdom,36,1269,0.027586206896551724,0.04956607086029984,0.007986600577913281,0.10340837053571574,0.6307021975517273,0.4429380956601154,0.7350185368376527,0.0037074494175612926,0.04447776111944028,0.1904047976011994,2000,0.006951467657927424,0.046009403570087176,0.06918762840801822,0.45792941492744166,0.3108201996562694,1.0
phrase_typ_1_2gram_psalm_shuffle18,Hymn,136,2261,0.05673758865248227,0.03829200101336329,0.0162554055854977,0.016629549503138163,0.3232920169830322,0.26283890428074175,0.35431966218886746,1.0,1.0,1.0,2000,1.0,1.0,1.0,1.0,1.0,1.0
phrase_typ_1_2gram_psalm_shuffle18,Lament,1711,5369,0.24166666666666667,0.3254512584305498,0.21094341205625639,0.38876552194308606,0.6354854702949524,0.571396029194554,0.692379189533764,0.0,0.0004997501249375312,0.1729135432283858,2000,0.0,0.0,0.0005451819544773067,0.0036083742019672915,0.2011736514014461,1.0
phrase_typ_1_2gram_psalm_shuffle18,Praise,820,4469,0.15503875968992248,0.14711031438249822,0.11142833009179356,0.1591824246015914,0.478971928358078,0.4140171558328956,0.5297255676452315,0.9723963737487793,0.7216391804097951,1.0,2000,1.0,1.0,0.9980009995002499,1.0,1.0,1.0
phrase_typ_1_2gram_psalm_shuffle18,Royal,45,1400,0.031141868512110725,0.03687782838781441,0.006771086387652163,0.056981322465001816,0.524142861366272,0.35512265506402035,0.6095552823617149,0.2905248701572418,0.3373313343328336,0.9660169915042479,2000,0.3331926083369866,1.0,0.3857530694112403,1.0,1.0,1.0
phrase_typ_1_2gram_psalm_shuffle18,Thanksgiving,28,1136,0.024054982817869417,0.0402961407668551,0.008469080732277047,0.11291748450776927,0.6954225301742554,0.5102440437791189,0.7622615142070021,0.00020234676776453853,0.010494752623688156,0.04447776111944028,2000,0.001536285492655789,0.010168151922545903,0.05022028862869178,0.33239103461680297,0.18726696131488157,1.0
phrase_typ_1_2gram_psalm_shuffle18,Trust,15,864,0.017064846416382253,0.02627433508861105,0.0072728879705096896,0.11790908613155308,0.622376561164856,0.40056895179338653,0.7419420848026694,0.051937997341156006,0.08295852073963018,0.2318840579710145,2000,0.9626190986724343,1.0,0.9485641794487372,1.0,1.0,1.0
phrase_typ_1_2gram_psalm_shuffle18,Wisdom,36,1269,0.027586206896551724,0.053454802388810355,0.007201856887590862,0.10657869109559288,0.6464845538139343,0.42365374490188396,0.7586063327833378,0.001345641678199172,0.026986506746626688,0.1359320339830085,2000,0.003131693164761389,0.02072761347179307,0.0627403689459618,0.4152571941666163,0.3108201996562694,1.0
phrase_typ_1_2gram_psalm_shuffle19,Hymn,136,2261,0.05673758865248227,0.03814478971872028,0.0171498816033302,0.017503552329809147,0.31898626685142517,0.22122092348207525,0.3629585667753524,1.0,1.0,1.0,2000,1.0,1.0,1.0,1.0,1.0,1.0
phrase_typ_1_2gram_psalm_shuffle19,Lament,1711,5369,0.24166666666666667,0.3227865650782396,0.19887697407340763,0.37974945137836585,0.6332736611366272,0.5624938301428359,0.6897386150674765,0.0,0.0004997501249375312,0.19090454772613694,2000,0.0,0.0,0.0005451819544773067,0.0036083742019672915,0.2149595443565081,1.0
phrase_typ_1_2gram_psalm_shuffle19,Praise,820,4469,0.15503875968992248,0.15327281843495963,0.11300455918604839,0.16805972926086418,0.4934082627296448,0.4245463186113503,0.5447404369577893,0.7260847091674805,0.5592203898050975,1.0,2000,1.0,1.0,0.9980009995002499,1.0,1.0,1.0
phrase_typ_1_2gram_psalm_shuffle19,Royal,45,1400,0.031141868512110725,0.03596593922677459,0.009351609123145794,0.05852867864471629,0.524222195148468,0.36115271637419044,0.623208346055146,0.2899034917354584,0.33833083458270863,0.9700149925037481,2000,0.3331926083369866,1.0,0.3857530694112403,1.0,1.0,1.0
phrase_typ_1_2gram_psalm_shuffle19,Thanksgiving,28,1136,0.024054982817869417,0.03836125577768382,0.010218401691773954,0.10915426971412055,0.6780369877815247,0.5439013122925361,0.7349394234024509,0.0006358014070428908,0.017491254372813594,0.06996501749125437,2000,0.002281067525904815,0.01509761125771617,0.05022028862869178,0.33239103461680297,0.18726696131488157,1.0
phrase_typ_1_2gram_psalm_shuffle19,Trust,15,864,0.017064846416382253,0.016024556985260778,0.005191451697491752,0.11350520776641017,0.44799381494522095,0.1611607018950528,0.5242978394411707,0.755492627620697,0.7021489255372314,1.0,2000,0.9626190986724343,1.0,0.9485641794487372,1.0,1.0,1.0
phrase_typ_1_2gram_psalm_shuffle19,Wisdom,36,1269,0.027586206896551724,0.05908919730318325,0.00765466746157482,0.11130369919731745,0.6603624820709229,0.4719757412583313,0.7812622659410867,0.0005093799554742873,0.017991004497751123,0.10594702648675662,2000,0.0016331265748030584,0.010809110156106342,0.06224473969911595,0.411976792507369,0.3108201996562694,1.0
phrase_typ_1_2gram_psalm_shuffle20,Hymn,136,2261,0.05673758865248227,0.0383257650479539,0.017193945531417218,0.017556828785719958,0.3234221041202545,0.2253402322925211,0.3658142335133613,1.0,1.0,1.0,2000,1.0,1.0,1.0,1.0,1.0,1.0
phrase_typ_1_2gram_psalm_shuffle20,Lament,1711,5369,0.24166666666666667,0.3125969269903736,0.19613878538085375,0.37398572826868953,0.6189119815826416,0.5469884642465671,0.6715528440123851,0.0,0.0004997501249375312,0.2448775612193903,2000,0.0,0.0,0.0005451819544773067,0.0036083742019672915,0.26783483258370816,1.0
phrase_typ_1_2gram_psalm_shuffle20,Praise,820,4469,0.15503875968992248,0.1509314084104947,0.11443658086611447,0.16550874272344238,0.4854227602481842,0.41811290243803373,0.5393800782979696,0.9080909490585327,0.6456771614192903,1.0,2000,1.0,1.0,0.9980009995002499,1.0,1.0,1.0
phrase_typ_1_2gram_psalm_shuffle20,Royal,45,1400,0.031141868512110725,0.037252874196698864,0.006934464860541017,0.05930784113417122,0.5212539434432983,0.3521530256623919,0.6239991039797061,0.31355562806129456,0.3563218390804598,0.9785107446276862,2000,0.3502483079408077,1.0,0.3948685287962879,1.0,1.0,1.0
phrase_typ_1_2gram_psalm_shuffle20,Thanksgiving,28,1136,0.024054982817869417,0.04365949241086938,0.00992789351401264,0.11582014310285986,0.7212650775909424,0.565579738899405,0.7998629728021216,3.103857670794241e-05,0.004997501249375313,0.022988505747126436,2000,0.001536285492655789,0.010168151922545903,0.05022028862869178,0.33239103461680297,0.18726696131488157,1.0
phrase_typ_1_2gram_psalm_shuffle20,Trust,15,864,0.017064846416382253,0.024484570902364403,0.006149278914174378,0.1238054683048012,0.5604938268661499,0.29107089213393184,0.678395200671745,0.2107894867658615,0.2303848075962019,0.68015992003998,2000,0.9626190986724343,1.0,0.9485641794487372,1.0,1.0,1.0
phrase_typ_1_2gram_psalm_shuffle20,Wisdom,36,1269,0.027586206896551724,0.06586141807376644,0.009785692801863309,0.11857681854899241,0.6894755363464355,0.5129788770681809,0.7851251298268414,5.185070767765865e-05,0.009995002498750625,0.04847576211894053,2000,0.00044585090038778546,0.0029509356897654613,0.06224473969911595,0.411976792507369,0.3108201996562694,1.0
phrase_typ_1_2gram_psalm_shuffle21,Hymn,136,2261,0.05673758865248227,0.03803195721621996,0.015942309037217873,0.016315040730025966,0.31485939025878906,0.22464753782239086,0.35864152467966803,1.0,1.0,1.0,2000,1.0,1.0,1.0,1.0,1.0,1.0
phrase_typ_1_2gram_psalm_shuffle21,Lament,1711,5369,0.24166666666666667,0.33329201529907115,0.2162539784154365,0.39495561738555335,0.6438656449317932,0.5794525542059085,0.7002962367234744,0.0,0.0004997501249375312,0.1424287856071964,2000,0.0,0.0,0.0005451819544773067,0.0036083742019672915,0.18406181524622306,1.0
phrase_typ_1_2gram_psalm_shuffle21,Praise,820,4469,0.15503875968992248,0.14998468466011441,0.11320862328309217,0.1635996986203505,0.48574134707450867,0.4251449794830963,0.5363196458582227,0.9032068848609924,0.6471764117941029,1.0,2000,1.0,1.0,0.9980009995002499,1.0,1.0,1.0
phrase_typ_1_2gram_psalm_shuffle21,Royal,45,1400,0.031141868512110725,0.04148169933657138,0.007586305754609081,0.05680704514624464,0.5377301573753357,0.35832202570648186,0.6300910348384401,0.19419807195663452,0.2683658170914543,0.879560219890055,2000,0.23848886029762134,1.0,0.3286112046017808,1.0,1.0,1.0
phrase_typ_1_2gram_psalm_shuffle21,Thanksgiving,28,1136,0.024054982817869417,0.03515854393653107,0.008758886138821535,0.10778381216205536,0.6554640531539917,0.5092791043476933,0.7260439553135947,0.0024485441390424967,0.025987006496751622,0.10794602698650675,2000,0.005065953391122408,0.0335298249965383,0.05124198464148207,0.33915329353701956,0.18726696131488157,1.0
phrase_typ_1_2gram_psalm_shuffle21,Trust,15,864,0.017064846416382253,0.019380370219404017,0.005962198511367369,0.12265038247918093,0.5498456954956055,0.2779574045010244,0.6394939932567741,0.25394406914711,0.26286856571714146,0.7736131934032984,2000,0.9626190986724343,1.0,0.9485641794487372,1.0,1.0,1.0
phrase_typ_1_2gram_psalm_shuffle21,Wisdom,36,1269,0.027586206896551724,0.05407292717958495,0.008233644405938878,0.11064627710169267,0.6688337326049805,0.4561857601311702,0.7740005381309634,0.0002712399582378566,0.017491254372813594,0.07796101949025487,2000,0.001150714974342422,0.007616191609305156,0.06224473969911595,0.411976792507369,0.3108201996562694,1.0
phrase_typ_1_2gram_psalm_shuffle22,Hymn,136,2261,0.05673758865248227,0.03962611078801115,0.017333766165783318,0.0177112726419744,0.3409540355205536,0.26366335787285816,0.3936078780824057,1.0,1.0,1.0,2000,1.0,1.0,1.0,1.0,1.0,1.0
phrase_typ_1_2gram_psalm_shuffle22,Lament,1711,5369,0.24166666666666667,0.3245144506491534,0.2060003771806518,0.3866223931748264,0.6368838548660278,0.5730275785860778,0.6931261670942173,0.0,0.0004997501249375312,0.16491754122938532,2000,0.0,0.0,0.0005451819544773067,0.0036083742019672915,0.1973372288214867,1.0
phrase_typ_1_2gram_psalm_shuffle22,Praise,820,4469,0.15503875968992248,0.14876261529318452,0.11407581398583028,0.16398638822433315,0.4860488772392273,0.42842634936624796,0.5386382194039396,0.8983139991760254,0.6461769115442278,1.0,2000,1.0,1.0,0.9980009995002499,1.0,1.0,1.0
phrase_typ_1_2gram_psalm_shuffle22,Royal,45,1400,0.031141868512110725,0.042379300262450396,0.0075049964073427185,0.049426550287361905,0.5412539839744568,0.35775897492397307,0.6516475807610436,0.17281422019004822,0.2478760619690155,0.8470764617691154,2000,0.217544788907388,1.0,0.312636474555515,1.0,1.0,1.0
phrase_typ_1_2gram_psalm_shuffle22,Thanksgiving,28,1136,0.024054982817869417,0.03808150080648809,0.011685776675506993,0.10887958931992138,0.6985034942626953,0.5534763137783728,0.7521752758316524,0.00016358941502403468,0.011494252873563218,0.04147926036981509,2000,0.001536285492655789,0.010168151922545903,0.05022028862869178,0.33239103461680297,0.18726696131488157,1.0
phrase_typ_1_2gram_psalm_shuffle22,Trust,15,864,0.017064846416382253,0.038875192501789904,0.005845301671717884,0.12922175083303364,0.5650463104248047,0.25617608030548833,0.6458486031903544,0.1937376707792282,0.21389305347326337,0.6306846576711644,2000,0.9626190986724343,1.0,0.9485641794487372,1.0,1.0,1.0
phrase_typ_1_2gram_psalm_shuffle22,Wisdom,36,1269,0.027586206896551724,0.05749880924033168,0.00864817743476587,0.1099055943165395,0.6720296144485474,0.5016586007176408,0.7794936057120554,0.00021227708202786744,0.013993003498250875,0.07596201899050475,2000,0.0009797403785901573,0.006484568826420221,0.06224473969911595,0.411976792507369,0.3108201996562694,1.0
phrase_typ_1_2gram_psalm_shuffle23,Hymn,136,2261,0.05673758865248227,0.03913095604680744,0.017164947590022968,0.017520179963203045,0.33669382333755493,0.25385396054697557,0.37608852969981904,1.0,1.0,1.0,2000,1.0,1.0,1.0,1.0,1.0,1.0
phrase_typ_1_2gram_psalm_shuffle23,Lament,1711,5369,0.24166666666666667,0.3272345393936064,0.21022139250312294,0.39080190502727696,0.6407274007797241,0.5734810668116049,0.6985374355395702,0.0,0.0004997501249375312,0.1549225387306347,2000,0.0,0.0,0.0005451819544773067,0.0036083742019672915,0.19193942851583057,1.0
phrase_typ_1_2gram_psalm_shuffle23,Praise,820,4469,0.15503875968992248,0.146348229220518,0.11389959224565151,0.15836060677535174,0.47817227244377136,0.4167548908873062,0.5279367619849177,0.9767129421234131,0.7246376811594203,1.0,2000,1.0,1.0,0.9980009995002499,1.0,1.0,1.0
phrase_typ_1_2gram_psalm_shuffle23,Royal,45,1400,0.031141868512110725,0.035227009918970514,0.008116702370478342,0.0579426048013899,0.5302380919456482,0.35923192639430446,0.5999657176937973,0.2447132021188736,0.3023488255872064,0.9370314842578711,2000,0.29116018382415554,1.0,0.35871894561193973,1.0,1.0,1.0
phrase_typ_1_2gram_psalm_shuffle23,Thanksgiving,28,1136,0.024054982817869417,0.03857880818115089,0.01080096114864565,0.10580196337684654,0.6925930380821228,0.5577280752493555,0.7531861710118325,0.00024534453405067325,0.0074962518740629685,0.03698150924537731,2000,0.0015582103768120642,0.010313265284646222,0.05022028862869178,0.33239103461680297,0.18726696131488157,1.0
phrase_typ_1_2gram_psalm_shuffle23,Trust,15,864,0.017064846416382253,0.022122684501892777,0.005837184335573398,0.12396763395176948,0.5412808656692505,0.26177376058726687,0.6744925456936559,0.29175323247909546,0.28535732133933034,0.8525737131434283,2000,0.9626190986724343,1.0,0.9485641794487372,1.0,1.0,1.0
phrase_typ_1_2gram_psalm_shuffle23,Wisdom,36,1269,0.027586206896551724,0.05613525825190116,0.0067672546029613236,0.10781384208764212,0.6597495675086975,0.41931277291549746,0.7819641086210429,0.0005325580714270473,0.017491254372813594,0.09745127436281859,2000,0.0016692118656668647,0.011047946441045894,0.06224473969911595,0.411976792507369,0.3108201996562694,1.0
phrase_typ_1_2gram_psalm_shuffle24,Hymn,136,2261,0.05673758865248227,0.037104065547163806,0.01664079556450431,0.016983238365048472,0.29743802547454834,0.2266655032415418,0.33675919320867626,1.0,1.0,1.0,2000,1.0,1.0,1.0,1.0,1.0,1.0
phrase_typ_1_2gram_psalm_shuffle24,Lament,1711,5369,0.24166666666666667,0.31879329128684486,0.20599222589858213,0.3781127338072757,0.6290874481201172,0.5630197933146174,0.683610155392686,0.0,0.0004997501249375312,0.20039980009995004,2000,0.0,0.0,0.0005451819544773067,0.0036083742019672915,0.2220789341477019,1.0
phrase_typ_1_2gram_psalm_shuffle24,Praise,820,4469,0.15503875968992248,0.15317465806095254,0.11535575102253078,0.1697944531622401,0.4984889030456543,0.42771077198613533,0.5536664447522017,0.5547950267791748,0.49775112443778113,1.0,2000,1.0,1.0,0.9980009995002499,1.0,1.0,1.0
phrase_typ_1_2gram_psalm_shuffle24,Royal,45,1400,0.031141868512110725,0.047319902946862336,0.008712753126692563,0.0516613138484163,0.5640952587127686,0.41379414573673584,0.6929423782869645,0.07140932232141495,0.16591704147926037,0.6296851574212894,2000,0.1171559194335714,0.7754152422325896,0.26420356255438715,1.0,1.0,1.0
phrase_typ_1_2gram_psalm_shuffle24,Thanksgiving,28,1136,0.024054982817869417,0.04196078790105234,0.010631122734213709,0.11026162873234228,0.6801748275756836,0.5453020717427642,0.7244390770378014,0.0005550826317630708,0.015992003998001,0.063968015992004,2000,0.0021388505077109153,0.014156325114040367,0.05022028862869178,0.33239103461680297,0.18726696131488157,1.0
phrase_typ_1_2gram_psalm_shuffle24,Trust,15,864,0.017064846416382253,0.022011966414787528,0.006317055879384051,0.12240182913077001,0.5474537014961243,0.31084085689967905,0.6398829734987219,0.26423901319503784,0.271864067966017,0.7961019490254873,2000,0.9626190986724343,1.0,0.9485641794487372,1.0,1.0,1.0
phrase_typ_1_2gram_psalm_shuffle24,Wisdom,36,1269,0.027586206896551724,0.05180423189021615,0.007285791908066594,0.10695301670292011,0.6567069292068481,0.46641068769637906,0.7616343296185836,0.000662754406221211,0.02148925537231384,0.10644677661169415,2000,0.0018681667826369705,0.012364761467393869,0.06224473969911595,0.411976792507369,0.3108201996562694,1.0
phrase_typ_1_2gram_psalm_shuffle25,Hymn,136,2261,0.05673758865248227,0.04184486456686025,0.01823383163037241,0.018610146221608923,0.37726670503616333,0.3202510504949841,0.41873263161228486,0.9999992847442627,0.999000499750125,1.0,2000,1.0,1.0,1.0,1.0,1.0,1.0
phrase_typ_1_2gram_psalm_shuffle25,Lament,1711,5369,0.24166666666666667,0.3285937601373097,0.2032597267200586,0.38811157973709254,0.6390495300292969,0.5694311138871023,0.696006702071056,0.0,0.0004997501249375312,0.16541729135432284,2000,0.0,0.0,0.0005451819544773067,0.0036083742019672915,0.19737290445686248,1.0
phrase_typ_1_2gram_psalm_shuffle25,Praise,820,4469,0.15503875968992248,0.1469238590789942,0.1107542466429486,0.16112016974012824,0.46655455231666565,0.403956205835989,0.5195898150310354,0.9988535046577454,0.8380809595202399,1.0,2000,1.0,1.0,0.9980009995002499,1.0,1.0,1.0
phrase_typ_1_2gram_psalm_shuffle25,Royal,45,1400,0.031141868512110725,0.03660393430937103,0.007949914789227831,0.05200161068626141,0.5054285526275635,0.37093173635795695,0.6142301957610664,0.4506796598434448,0.4357821089455272,1.0,2000,0.4743996419404682,1.0,0.46102893137813966,1.0,1.0,1.0
phrase_typ_1_2gram_psalm_shuffle25,Thanksgiving,28,1136,0.024054982817869417,0.039053792310952004,0.00993479448110413,0.11256527926041845,0.6873742341995239,0.5643485330581013,0.7424224331383731,0.0003477790451142937,0.014492753623188406,0.050474762618690654,2000,0.001746401459717288,0.011558838148932512,0.05022028862869178,0.33239103461680297,0.18726696131488157,1.0
phrase_typ_1_2gram_psalm_shuffle25,Trust,15,864,0.017064846416382253,0.03413394572322863,0.005761282844175282,0.11697442832511112,0.5932870507240295,0.24188740571451872,0.7570777139945088,0.10755541175603867,0.1329335332333833,0.3963018490754623,2000,0.9626190986724343,1.0,0.9485641794487372,1.0,1.0,1.0
phrase_typ_1_2gram_psalm_shuffle25,Wisdom,36,1269,0.027586206896551724,0.05594445544486844,0.0066322745841385375,0.10753953943016968,0.6418001651763916,0.42692837944490014,0.7742620815612511,0.0018363342387601733,0.030484757621189407,0.15592203898050974,2000,0.004059265159364594,0.02686689748203238,0.06401799100449776,0.42371334066600924,0.3108201996562694,1.0
phrase_typ_1_2gram_psalm_shuffle26,Hymn,136,2261,0.05673758865248227,0.03971467105764341,0.01885979771439118,0.01920480409980247,0.3448662757873535,0.25921286005885824,0.386801360518802,1.0,1.0,1.0,2000,1.0,1.0,1.0,1.0,1.0,1.0
phrase_typ_1_2gram_psalm_shuffle26,Lament,1711,5369,0.24166666666666667,0.31838482308081645,0.2032986069307146,0.3781717612110587,0.6371699571609497,0.5671491747059679,0.6901690436400738,0.0,0.0004997501249375312,0.16491754122938532,2000,0.0,0.0,0.0005451819544773067,0.0036083742019672915,0.1973372288214867,1.0
phrase_typ_1_2gram_psalm_shuffle26,Praise,820,4469,0.15503875968992248,0.15187035293774198,0.11660941473770338,0.1648304070953539,0.4884333312511444,0.42056604208792103,0.5403139082777726,0.8541962504386902,0.6196901549225388,1.0,2000,1.0,1.0,0.9980009995002499,1.0,1.0,1.0
phrase_typ_1_2gram_psalm_shuffle26,Royal,45,1400,0.031141868512110725,0.04248972605484594,0.008587340260571286,0.05993798171287973,0.5606507658958435,0.3890868277092053,0.6710220704321765,0.08277933299541473,0.17891054472763618,0.6736631684157921,2000,0.12743803171011117,0.8434690513796084,0.26420356255438715,1.0,1.0,1.0
phrase_typ_1_2gram_psalm_shuffle26,Thanksgiving,28,1136,0.024054982817869417,0.03860021777214828,0.009578354559618946,0.11372970189979784,0.6657444834709167,0.47125987331127933,0.7483475835726512,0.001350742531940341,0.019490254872563718,0.0864567716141929,2000,0.0034382537176663227,0.022756633657363124,0.05022028862869178,0.33239103461680297,0.18726696131488157,1.0
phrase_typ_1_2gram_psalm_shuffle26,Trust,15,864,0.017064846416382253,0.02597314911951902,0.006055903895302295,0.12164796883611191,0.5611110925674438,0.285087245158424,0.6823139703596692,0.20842710137367249,0.21989005497251374,0.6676661669165417,2000,0.9626190986724343,1.0,0.9485641794487372,1.0,1.0,1.0
phrase_typ_1_2gram_psalm_shuffle26,Wisdom,36,1269,0.027586206896551724,0.07809060085441555,0.008918972521056412,0.12316613965856639,0.6850976347923279,0.4606426973096035,0.8006730530666984,7.469856063835323e-05,0.00849575212393803,0.046476761619190406,2000,0.0005208604948091336,0.003447398720478795,0.06224473969911595,0.411976792507369,0.3108201996562694,1.0
phrase_typ_1_2gram_psalm_shuffle27,Hymn,136,2261,0.05673758865248227,0.03983938953073865,0.016747351338028033,0.01712763969612676,0.34633296728134155,0.2718770177727367,0.38920024111854173,1.0,1.0,1.0,2000,1.0,1.0,1.0,1.0,1.0,1.0
phrase_typ_1_2gram_psalm_shuffle27,Lament,1711,5369,0.24166666666666667,0.3258909131405877,0.20552817465825254,0.3862705694283571,0.6390942335128784,0.5685349770615259,0.6939553979311642,0.0,0.0004997501249375312,0.1539230384807596,2000,0.0,0.0,0.0005451819544773067,0.0036083742019672915,0.19126531408851785,1.0
phrase_typ_1_2gram_psalm_shuffle27,Praise,820,4469,0.15503875968992248,0.14786387201523624,0.11273282215385122,0.16182015126540605,0.4732969403266907,0.41372930548028414,0.5236241741881612,0.9925470948219299,0.7726136931534233,1.0,2000,1.0,1.0,0.9980009995002499,1.0,1.0,1.0
phrase_typ_1_2gram_psalm_shuffle27,Royal,45,1400,0.031141868512110725,0.03672839777151688,0.007878099970744804,0.05802573193622446,0.5335555672645569,0.38359301565257564,0.6254990326178496,0.2215181291103363,0.29185407296351823,0.9140429785107447,2000,0.26658342185198064,1.0,0.3502248875562219,1.0,1.0,1.0
phrase_typ_1_2gram_psalm_shuffle27,Thanksgiving,28,1136,0.024054982817869417,0.03960516301453904,0.009551997288017365,0.11253779831802477,0.6763078570365906,0.5400530631405446,0.7307445446133589,0.0007088713464327157,0.017491254372813594,0.06196901549225387,2000,0.002362904488109052,0.015639262317073514,0.05022028862869178,0.33239103461680297,0.18726696131488157,1.0
phrase_typ_1_2gram_psalm_shuffle27,Trust,15,864,0.017064846416382253,0.017889057711928433,0.006723931213669816,0.12179197031075784,0.5202932357788086,0.328068517080853,0.6138521461170393,0.3938637971878052,0.37881059470264866,0.9785107446276862,2000,0.9626190986724343,1.0,0.9485641794487372,1.0,1.0,1.0
phrase_typ_1_2gram_psalm_shuffle27,Wisdom,36,1269,0.027586206896551724,0.06322099526601563,0.006343888586089711,0.10944442339940673,0.6509281396865845,0.39084782740431223,0.7641282567113062,0.000994057860225439,0.02148925537231384,0.11694152923538231,2000,0.0024851446505635977,0.016448328437151105,0.06224473969911595,0.411976792507369,0.3108201996562694,1.0
phrase_typ_1_2gram_psalm_shuffle29,Hymn,136,2261,0.05673758865248227,0.039491091303904186,0.0175616193876802,0.017916369799279495,0.33819788694381714,0.24320105188693733,0.3881225458001501,1.0,1.0,1.0,2000,1.0,1.0,1.0,1.0,1.0,1.0
phrase_typ_1_2gram_psalm_shuffle29,Lament,1711,5369,0.24166666666666667,0.32380823949356585,0.2076758003830191,0.3873273694461064,0.6266787648200989,0.5607958461835236,0.683434137145945,0.0,0.0004997501249375312,0.20739630184907545,2000,0.0,0.0,0.0005451819544773067,0.0036083742019672915,0.2292274915173992,1.0
phrase_typ_1_2gram_psalm_shuffle29,Praise,820,4469,0.15503875968992248,0.14736385116786288,0.11410968171711933,0.16086273000334922,0.476373553276062,0.4113147091120636,0.5282191518915634,0.9843857884407043,0.7521239380309845,1.0,2000,1.0,1.0,0.9980009995002499,1.0,1.0,1.0
phrase_typ_1_2gram_psalm_shuffle29,Royal,45,1400,0.031141868512110725,0.04337489994265038,0.007998939666124553,0.04459165432111,0.5573333501815796,0.3825887978158343,0.6442192435423735,0.09496910125017166,0.19640179910044978,0.704647676161919,2000,0.1404472624122257,0.9295727312014335,0.276807904772446,1.0,1.0,1.0
phrase_typ_1_2gram_psalm_shuffle29,Thanksgiving,28,1136,0.024054982817869417,0.03863739126191863,0.008814882468582376,0.11540038414510703,0.6799547076225281,0.5128599800903348,0.7472788520111774,0.0005629316437989473,0.012993503248375811,0.06746626686656672,2000,0.0021493753672323446,0.01422598558475948,0.05022028862869178,0.33239103461680297,0.18726696131488157,1.0
phrase_typ_1_2gram_psalm_shuffle29,Trust,15,864,0.017064846416382253,0.02174764093768391,0.006019896632196867,0.12287226580405718,0.5594135522842407,0.28131386128072283,0.6752825600716226,0.21496126055717468,0.22338830584707647,0.6826586706646677,2000,0.9626190986724343,1.0,0.9485641794487372,1.0,1.0,1.0
phrase_typ_1_2gram_psalm_shuffle29,Wisdom,36,1269,0.027586206896551724,0.06466436242943471,0.007864681010224172,0.1150572171005002,0.6806978583335876,0.4576252277829935,0.7915213394869303,0.00010698441474232823,0.009995002498750625,0.06446776611694154,2000,0.0006012347002979368,0.00397936828991818,0.06224473969911595,0.411976792507369,0.3108201996562694,1.0
phrase_typ_1_2gram_psalm_shuffle28,Hymn,136,2261,0.05673758865248227,0.038729233976065466,0.01728252567275725,0.017644110252003246,0.33048561215400696,0.247959246594153,0.3842618119390823,1.0,1.0,1.0,2000,1.0,1.0,1.0,1.0,1.0,1.0
phrase_typ_1_2gram_psalm_shuffle28,Lament,1711,5369,0.24166666666666667,0.31826897398024323,0.20167520941391892,0.3771367832192596,0.6321782469749451,0.5724483372857476,0.687967709312617,0.0,0.0004997501249375312,0.1854072963518241,2000,0.0,0.0,0.0005451819544773067,0.0036083742019672915,0.21046233639936787,1.0
phrase_typ_1_2gram_psalm_shuffle28,Praise,820,4469,0.15503875968992248,0.15925576579983122,0.1164291381815298,0.17445746180454882,0.5024649500846863,0.43583848782316637,0.5594726175031587,0.41109514236450195,0.4592703648175912,0.9995002498750625,2000,1.0,1.0,0.9980009995002499,1.0,1.0,1.0
phrase_typ_1_2gram_psalm_shuffle28,Royal,45,1400,0.031141868512110725,0.03668202350740053,0.007442175793695561,0.0560006997480103,0.5108888745307922,0.33062718836627,0.6176248315888703,0.40175923705101013,0.41529235382308843,0.9975012493753124,2000,0.429361016695736,1.0,0.4438238895819266,1.0,1.0,1.0
phrase_typ_1_2gram_psalm_shuffle28,Thanksgiving,28,1136,0.024054982817869417,0.04547153375832643,0.01058418669093762,0.11805252436446768,0.7367643117904663,0.5796931002588668,0.7967013578106557,9.123805284616537e-06,0.0014992503748125937,0.01199400299850075,2000,0.001536285492655789,0.010168151922545903,0.05022028862869178,0.33239103461680297,0.18726696131488157,1.0
phrase_typ_1_2gram_psalm_shuffle28,Trust,15,864,0.017064846416382253,0.025555999256963037,0.00568044254927448,0.11506716051996442,0.5490740537643433,0.23999626120458908,0.6767673299286459,0.2572418749332428,0.2563718140929535,0.775112443778111,2000,0.9626190986724343,1.0,0.9485641794487372,1.0,1.0,1.0
phrase_typ_1_2gram_psalm_shuffle28,Wisdom,36,1269,0.027586206896551724,0.060101555448398195,0.008286465901321885,0.11069053681184836,0.6693809628486633,0.47923325981146003,0.7736045003729698,0.0002601658634375781,0.01649175412293853,0.08245877061469266,2000,0.0011382256525394041,0.007533529029914969,0.06224473969911595,0.411976792507369,0.3108201996562694,1.0
phrase_typ_1_2gram_shuffle01,Hymn,136,2108,0.06060606060606061,0.04595325397043308,0.030851023390385188,0.03393637063157521,0.3846777677536011,0.2925731070407331,0.45024180821622806,0.9999968409538269,0.9975012493753124,1.0,2000,1.0,1.0,1.0,1.0,1.0,1.0
phrase_typ_1_2gram_shuffle01,Lament,1596,4788,0.25,0.36780092162792294,0.2668617381595414,0.4390015828275348,0.6576017141342163,0.5829487722999835,0.7157241602087946,0.0,0.0004997501249375312,0.12843578210894552,2000,0.0,0.0,0.0005451819544773067,0.0036083742019672915,0.18223996110053078,1.0
phrase_typ_1_2gram_shuffle01,Praise,630,3780,0.14285714285714285,0.13467715421118834,0.09805658494998223,0.1476797150457454,0.4769255518913269,0.4134246468342872,0.5334387338825739,0.9683631658554077,0.7496251874062968,1.0,2000,1.0,1.0,0.9980009995002499,1.0,1.0,1.0
phrase_typ_1_2gram_shuffle01,Royal,45,1310,0.033210332103321034,0.04346473933882772,0.010975444661589527,0.0469704732285655,0.5277523398399353,0.4184220862353405,0.5979513561111796,0.2631451189517975,0.312343828085957,0.9575212393803099,2000,0.3104521066285251,1.0,0.36746332715994945,1.0,1.0,1.0
phrase_typ_1_2gram_shuffle01,Thanksgiving,21,938,0.021897810218978103,0.03380394512354971,0.009917572634475107,0.12575525186399344,0.6625545620918274,0.5239495488546414,0.7535714100209453,0.005380955524742603,0.03248375812093953,0.11344327836081959,2000,0.00838952087279823,0.05552738940762454,0.05392560636677709,0.3569152743250256,0.18726696131488157,1.0
phrase_typ_1_2gram_shuffle01,Trust,15,810,0.01818181818181818,0.019304210224994716,0.00590834663993621,0.11405401850830067,0.4418930113315582,0.1996829116649617,0.5200698030706657,0.7801045775413513,0.7341329335332334,1.0,2000,0.9626190986724343,1.0,0.9485641794487372,1.0,1.0,1.0
phrase_typ_1_2gram_shuffle01,Wisdom,28,1064,0.02564102564102564,0.04120625742421633,0.009612264613008122,0.08883763505182982,0.627416729927063,0.45303241453312254,0.7070371306549013,0.010608755052089691,0.04697651174412794,0.22638680659670166,2000,0.013667721232753588,0.0904620050075438,0.06922854362292538,0.45820021883928524,0.31380349429245774,1.0
phrase_typ_1_2gram_psalm_shuffle30,Hymn,136,2261,0.05673758865248227,0.038843840997754196,0.017705848621841363,0.018058739481104414,0.3317539095878601,0.24634852306928387,0.37491202539150403,1.0,1.0,1.0,2000,1.0,1.0,1.0,1.0,1.0,1.0
phrase_typ_1_2gram_psalm_shuffle30,Lament,1711,5369,0.24166666666666667,0.32129051314787677,0.20216414732461788,0.3809845323191529,0.6280427575111389,0.5650998183664209,0.6839263936105627,0.0,0.0004997501249375312,0.20839580209895053,2000,0.0,0.0,0.0005451819544773067,0.0036083742019672915,0.22972765585711083,1.0
phrase_typ_1_2gram_psalm_shuffle30,Praise,820,4469,0.15503875968992248,0.1495525748395204,0.11431873970201994,0.16414474747666458,0.48812347650527954,0.4215595145613755,0.5409406990625664,0.8605631589889526,0.6276861569215393,1.0,2000,1.0,1.0,0.9980009995002499,1.0,1.0,1.0
phrase_typ_1_2gram_psalm_shuffle30,Royal,45,1400,0.031141868512110725,0.0395514332625604,0.007231212939584467,0.04013742272616467,0.5224761962890625,0.3444183496076081,0.6209008431662973,0.3037157654762268,0.34782608695652173,0.9740129935032483,2000,0.3429048965054174,1.0,0.3895652173913044,1.0,1.0,1.0
phrase_typ_1_2gram_psalm_shuffle30,Thanksgiving,28,1136,0.024054982817869417,0.038356449522789555,0.009567103081139458,0.11393456257210775,0.6938820481300354,0.5342461993338874,0.7690674905224476,0.00022479600738734007,0.011494252873563218,0.04547726136931534,2000,0.0015582103768120642,0.010313265284646222,0.05022028862869178,0.33239103461680297,0.18726696131488157,1.0
phrase_typ_1_2gram_psalm_shuffle30,Trust,15,864,0.017064846416382253,0.021285672120198912,0.006166427600978616,0.11977159347688757,0.5692129731178284,0.3018181802125054,0.6787698645317972,0.17889195680618286,0.19640179910044978,0.5872063968015993,2000,0.9626190986724343,1.0,0.9485641794487372,1.0,1.0,1.0
phrase_typ_1_2gram_psalm_shuffle30,Wisdom,36,1269,0.027586206896551724,0.05581247823702195,0.01049115675559853,0.11165155254802824,0.6801943778991699,0.4934658420992357,0.7791628596223918,0.00011141892900923267,0.009995002498750625,0.06296851574212893,2000,0.0006063280978616184,0.004013079758572297,0.06224473969911595,0.411976792507369,0.3108201996562694,1.0
phrase_typ_1_2gram_shuffle02,Hymn,136,2108,0.06060606060606061,0.04519066199455202,0.03066977049775774,0.03379530383267754,0.3776649236679077,0.28612217904561665,0.44916395102726564,0.9999991655349731,0.9980009995002499,1.0,2000,1.0,1.0,1.0,1.0,1.0,1.0
phrase_typ_1_2gram_shuffle02,Lament,1596,4788,0.25,0.3418060774374034,0.2472395457098446,0.4071502691278465,0.6495085954666138,0.5784177404988998,0.7020476328387389,0.0,0.0004997501249375312,0.14042978510744628,2000,0.0,0.0,0.0005451819544773067,0.0036083742019672915,0.18268643456049752,1.0
phrase_typ_1_2gram_shuffle02,Praise,630,3780,0.14285714285714285,0.13693560303115399,0.09707742589999355,0.15067704636523624,0.4782123863697052,0.41408791203156314,0.5366126010576993,0.960257887840271,0.7336331834082959,1.0,2000,1.0,1.0,0.9980009995002499,1.0,1.0,1.0
phrase_typ_1_2gram_shuffle02,Royal,45,1310,0.033210332103321034,0.04432399879199382,0.010572517044231938,0.05480952735558359,0.5163528323173523,0.385726178057629,0.5997819980725289,0.3544585704803467,0.37631184407796103,0.992503748125937,2000,0.3862786926136116,1.0,0.40945848319363637,1.0,1.0,1.0
phrase_typ_1_2gram_shuffle02,Thanksgiving,21,938,0.021897810218978103,0.041824633373629044,0.008797696291122613,0.13433509183049736,0.6961620450019836,0.4794923245032641,0.7892979334646544,0.0010430602123960853,0.010994502748625687,0.04447776111944028,2000,0.0030005841726462724,0.019859847580224455,0.05022028862869178,0.33239103461680297,0.18726696131488157,1.0
phrase_typ_1_2gram_shuffle02,Trust,15,810,0.01818181818181818,0.017415477448629736,0.005740618660462673,0.11680074141449547,0.39711934328079224,0.18035621505000612,0.44856232863182216,0.9142503142356873,0.8920539730134932,1.0,2000,0.9626190986724343,1.0,0.9485641794487372,1.0,1.0,1.0
phrase_typ_1_2gram_shuffle02,Wisdom,28,1064,0.02564102564102564,0.0465656702149531,0.010133491199853382,0.1001610703026432,0.6640709042549133,0.42122462476997324,0.7523933577815176,0.0015036071417853236,0.017491254372813594,0.09395302348825588,2000,0.0034321467366838906,0.022716213624293543,0.06224473969911595,0.411976792507369,0.3108201996562694,1.0
phrase_typ_1_2gram_shuffle03,Hymn,136,2108,0.06060606060606061,0.04735594065034769,0.031846155875199185,0.035595129603214724,0.40337231755256653,0.3146848974123651,0.4625136164310673,0.9999223947525024,0.9930034982508745,1.0,2000,1.0,1.0,1.0,1.0,1.0,1.0
phrase_typ_1_2gram_shuffle03,Lament,1596,4788,0.25,0.35376657339305506,0.25558935727428456,0.4209024511163339,0.647655189037323,0.5745426232078302,0.7026151385751024,0.0,0.0004997501249375312,0.13993003498250875,2000,0.0,0.0,0.0005451819544773067,0.0036083742019672915,0.18268643456049752,1.0
phrase_typ_1_2gram_shuffle03,Praise,630,3780,0.14285714285714285,0.13775486226088712,0.09619581024663042,0.1520398996916442,0.47249242663383484,0.4121473988887182,0.5382587662030627,0.9865884184837341,0.7906046976511744,1.0,2000,1.0,1.0,0.9980009995002499,1.0,1.0,1.0
phrase_typ_1_2gram_shuffle03,Royal,45,1310,0.033210332103321034,0.05456415028201991,0.011599019085454819,0.062149180284649455,0.5487701296806335,0.4130693892146883,0.6360034910461071,0.13269683718681335,0.19890054972513743,0.8175912043978011,2000,0.17636921398247343,1.0,0.27714298190710474,1.0,1.0,1.0
phrase_typ_1_2gram_shuffle03,Thanksgiving,21,938,0.021897810218978103,0.02937323680847968,0.00874577335708451,0.12610979473066558,0.6379327774047852,0.4617792899379055,0.7355135050787313,0.015232868492603302,0.050474762618690654,0.17041479260369816,2000,0.017821183194689103,0.11795235913467109,0.06039715185142471,0.3997482360213622,0.20567302555618744,1.0
phrase_typ_1_2gram_shuffle03,Trust,15,810,0.01818181818181818,0.021262634638269634,0.005773445067584454,0.12061676725332952,0.5148971080780029,0.18824269147902897,0.6098584058819626,0.4217674732208252,0.40379810094952523,0.9940029985007496,2000,0.9626190986724343,1.0,0.9485641794487372,1.0,1.0,1.0
phrase_typ_1_2gram_shuffle03,Wisdom,28,1064,0.02564102564102564,0.03975929497672072,0.008093190682657776,0.09501521087108952,0.6419172883033752,0.4235098629235273,0.7375268753081219,0.0051388912834227085,0.026486756621689155,0.15692153923038482,2000,0.008698397776089519,0.05757174072972286,0.0627403689459618,0.4152571941666163,0.3108201996562694,1.0
phrase_typ_1_2gram_shuffle04,Hymn,136,2108,0.06060606060606061,0.046266532498114694,0.030687233303606544,0.03384491870181257,0.3944043815135956,0.2960757890643094,0.45938379918425554,0.9999821782112122,0.9955022488755623,1.0,2000,1.0,1.0,1.0,1.0,1.0,1.0
phrase_typ_1_2gram_shuffle04,Lament,1596,4788,0.25,0.34244293932777303,0.2433369710643911,0.4079708887040173,0.649711549282074,0.5733147342717353,0.7041560244938547,0.0,0.0004997501249375312,0.13843078460769614,2000,0.0,0.0,0.0005451819544773067,0.0036083742019672915,0.18268643456049752,1.0
phrase_typ_1_2gram_shuffle04,Praise,630,3780,0.14285714285714285,0.1364092640505951,0.0999848046103741,0.14812486408028136,0.4810103178024292,0.42091145848955314,0.538346075761282,0.9368036389350891,0.7051474262868566,1.0,2000,1.0,1.0,0.9980009995002499,1.0,1.0,1.0
phrase_typ_1_2gram_shuffle04,Royal,45,1310,0.033210332103321034,0.041295912445580285,0.011313454782489582,0.04374111420671447,0.5230703949928284,0.3540552186573926,0.6132801976151645,0.2991863191127777,0.3343328335832084,0.975512243878061,2000,0.3406904625698803,1.0,0.384711753712185,1.0,1.0,1.0
phrase_typ_1_2gram_shuffle04,Thanksgiving,21,938,0.021897810218978103,0.03634351579291416,0.009332398316632748,0.12902660715412573,0.6806274652481079,0.509220780996552,0.7776036569342623,0.002298983745276928,0.021989005497251374,0.06596701649175413,2000,0.004951657297519537,0.03277333797022496,0.05094540108586483,0.33719030770810854,0.18726696131488157,1.0
phrase_typ_1_2gram_shuffle04,Trust,15,810,0.01818181818181818,0.023536920848818237,0.00582497176308613,0.11427081589821103,0.4718518555164337,0.2052091592233072,0.5639603554470698,0.6459906101226807,0.5977011494252874,1.0,2000,0.9626190986724343,1.0,0.9485641794487372,1.0,1.0,1.0
phrase_typ_1_2gram_shuffle04,Wisdom,28,1064,0.02564102564102564,0.04716255030887021,0.008279237802264802,0.09788595600857074,0.6329551339149475,0.3783040248525299,0.725393157834407,0.00810270756483078,0.03548225887056472,0.19790104947526238,2000,0.01126866614976466,0.07458347418042692,0.0654218345372768,0.4330049042360749,0.3108201996562694,1.0
phrase_typ_1_2gram_shuffle05,Hymn,136,2108,0.06060606060606061,0.046433449399729626,0.031100907968775546,0.033948888079560195,0.3903808295726776,0.28988959426630956,0.44874548577010853,0.9999911189079285,0.9950024987506247,1.0,2000,1.0,1.0,1.0,1.0,1.0,1.0
phrase_typ_1_2gram_shuffle05,Lament,1596,4788,0.25,0.33476871282984816,0.2376436704912306,0.39678104341556025,0.6440285444259644,0.5791122663376465,0.6995885934013936,0.0,0.0004997501249375312,0.1629185407296352,2000,0.0,0.0,0.0005451819544773067,0.0036083742019672915,0.1966258250185252,1.0
phrase_typ_1_2gram_shuffle05,Praise,630,3780,0.14285714285714285,0.1324182030171361,0.0935854795790756,0.14447823615012959,0.46661752462387085,0.4051935278713816,0.521297853928624,0.9963945746421814,0.8330834582708646,1.0,2000,1.0,1.0,0.9980009995002499,1.0,1.0,1.0
phrase_typ_1_2gram_shuffle05,Royal,45,1310,0.033210332103321034,0.044338265933032736,0.010438390569292652,0.05258190961829468,0.5272773504257202,0.4073041934531402,0.6237269891223516,0.2666979730129242,0.3098450774612694,0.9570214892553723,2000,0.3137623211916755,1.0,0.3655475632970032,1.0,1.0,1.0
phrase_typ_1_2gram_shuffle05,Thanksgiving,21,938,0.021897810218978103,0.03543079153333338,0.00885189115843182,0.13395476746273868,0.6592547297477722,0.45194956172563044,0.7632602083968963,0.006235006731003523,0.033483258370814596,0.11644177911044477,2000,0.009092718149380136,0.06018161336143193,0.054719721851136695,0.3621712550184681,0.18726696131488157,1.0
phrase_typ_1_2gram_shuffle05,Trust,15,810,0.01818181818181818,0.02636664422935179,0.005977370165012432,0.12196139977629168,0.5182716250419617,0.21389082615876653,0.6321906419206471,0.4043099880218506,0.38830584707646176,0.9880059970014993,2000,0.9626190986724343,1.0,0.9485641794487372,1.0,1.0,1.0
phrase_typ_1_2gram_shuffle05,Wisdom,28,1064,0.02564102564102564,0.055664091067810346,0.01028884877524508,0.10755879673001237,0.6603115200996399,0.42928032114873843,0.771467369182901,0.001871720771305263,0.022988505747126436,0.11444277861069466,2000,0.004115825779833562,0.027241253019796217,0.0627403689459618,0.4152571941666163,0.3108201996562694,1.0
phrase_typ_1_2gram_shuffle06,Hymn,136,2108,0.06060606060606061,0.04461542564017998,0.030311424701205857,0.0321053506436975,0.3721711337566376,0.27297240194210926,0.4269842881203406,0.9999997019767761,0.999000499750125,1.0,2000,1.0,1.0,1.0,1.0,1.0,1.0
phrase_typ_1_2gram_shuffle06,Lament,1596,4788,0.25,0.341301645535275,0.24390676800364625,0.40475076671622034,0.6504530906677246,0.5752490648529902,0.7041511273039202,0.0,0.0004997501249375312,0.14342828585707146,2000,0.0,0.0,0.0005451819544773067,0.0036083742019672915,0.1847849081594172,1.0
phrase_typ_1_2gram_shuffle06,Praise,630,3780,0.14285714285714285,0.13321860937308783,0.10124119876153463,0.1416903754463605,0.46789872646331787,0.4046926578619151,0.5279737695997931,0.9951144456863403,0.824087956021989,1.0,2000,1.0,1.0,0.9980009995002499,1.0,1.0,1.0
phrase_typ_1_2gram_shuffle06,Royal,45,1310,0.033210332103321034,0.051079444484178456,0.011563208068841336,0.05771293713658962,0.5612383484840393,0.41636632303914173,0.6499366378274988,0.0809798315167427,0.15942028985507245,0.7006496751624188,2000,0.12550379792262709,0.8306670148448103,0.2617610113861988,1.0,1.0,1.0
phrase_typ_1_2gram_shuffle06,Thanksgiving,21,938,0.021897810218978103,0.03663247963700375,0.00864571010319046,0.12883030689514324,0.6646867990493774,0.46934323927341703,0.7489326602655252,0.0048860120587050915,0.031984007996002,0.10494752623688156,2000,0.007972361216711443,0.05276635131976581,0.05392560636677709,0.3569152743250256,0.18726696131488157,1.0
phrase_typ_1_2gram_shuffle06,Trust,15,810,0.01818181818181818,0.019111166984897666,0.005687080668519317,0.1230694952110335,0.47292181849479675,0.15726526241616262,0.561155349796195,0.6406897306442261,0.5942028985507246,1.0,2000,0.9626190986724343,1.0,0.9485641794487372,1.0,1.0,1.0
phrase_typ_1_2gram_shuffle06,Wisdom,28,1064,0.02564102564102564,0.043607293595273766,0.007348049512563625,0.09933346729922467,0.6325859427452087,0.3567799655262147,0.7330471321782199,0.008251922205090523,0.038980509745127435,0.21039480259870064,2000,0.011326167732477188,0.07496405762771122,0.0670975987416128,0.44409621838146623,0.3108201996562694,1.0
phrase_typ_1_2gram_shuffle07,Hymn,136,2108,0.06060606060606061,0.045593610562724145,0.0309954213279455,0.032472348412811346,0.3893849849700928,0.2959437646410262,0.44666516047501986,0.9999925494194031,0.9970014992503748,1.0,2000,1.0,1.0,1.0,1.0,1.0,1.0
phrase_typ_1_2gram_shuffle07,Lament,1596,4788,0.25,0.3336800223856905,0.24383166124101605,0.3941218904619502,0.6332622766494751,0.5612408374003448,0.6891138623440853,0.0,0.0004997501249375312,0.19540229885057472,2000,0.0,0.0,0.0005451819544773067,0.0036083742019672915,0.21885057471264371,1.0
phrase_typ_1_2gram_shuffle07,Praise,630,3780,0.14285714285714285,0.13612137067874747,0.09944213956285049,0.14705240926361726,0.4823538661003113,0.41571055580755367,0.5390508895342147,0.9222459197044373,0.6921539230384808,1.0,2000,1.0,1.0,0.9980009995002499,1.0,1.0,1.0
phrase_typ_1_2gram_shuffle07,Royal,45,1310,0.033210332103321034,0.05663863925624778,0.011676110846058676,0.05519119651222316,0.5497031211853027,0.42127047542849494,0.6438194298879926,0.12817862629890442,0.20939530234882558,0.8035982008995503,2000,0.17199687873974395,1.0,0.2816483132235799,1.0,1.0,1.0
phrase_typ_1_2gram_shuffle07,Thanksgiving,21,938,0.021897810218978103,0.035213229549931044,0.00903284081566372,0.12886961139414918,0.6674789190292358,0.48835504450044526,0.7693594272477139,0.004299388267099857,0.021989005497251374,0.09545227386306847,2000,0.0074484639651613465,0.04929885333776203,0.05094540108586483,0.33719030770810854,0.18726696131488157,1.0
phrase_typ_1_2gram_shuffle07,Trust,15,810,0.01818181818181818,0.025821472121891627,0.005560230462360581,0.11322435247138961,0.4964609146118164,0.1428631349050312,0.5878176772992878,0.5189691781997681,0.4862568715642179,1.0,2000,0.9626190986724343,1.0,0.9485641794487372,1.0,1.0,1.0
phrase_typ_1_2gram_shuffle07,Wisdom,28,1064,0.02564102564102564,0.0453040242624661,0.008762365174089596,0.09792099788544784,0.61654132604599,0.39368824461197016,0.7216844159066793,0.017541278153657913,0.06296851574212893,0.2698650674662669,2000,0.021049533784389497,0.13931971527533676,0.07778463709321809,0.5148300956983333,0.33434610128564035,1.0
phrase_typ_1_2gram_shuffle08,Hymn,136,2108,0.06060606060606061,0.04755797215669193,0.03195645483259424,0.035423225216853156,0.4083603024482727,0.3190496370193953,0.48040278756364063,0.9998329877853394,0.9875062468765617,1.0,2000,1.0,1.0,1.0,1.0,1.0,1.0
phrase_typ_1_2gram_shuffle08,Lament,1596,4788,0.25,0.35490541408467235,0.2648889351397807,0.41926436978440546,0.6511637568473816,0.575540748129961,0.7105502862161299,0.0,0.0004997501249375312,0.13843078460769614,2000,0.0,0.0,0.0005451819544773067,0.0036083742019672915,0.18268643456049752,1.0
phrase_typ_1_2gram_shuffle08,Praise,630,3780,0.14285714285714285,0.1331468738246415,0.09829945065639328,0.14467514004861953,0.4709464907646179,0.4009698777866072,0.5265616402462127,0.9903196692466736,0.8050974512743628,1.0,2000,1.0,1.0,0.9980009995002499,1.0,1.0,1.0
phrase_typ_1_2gram_shuffle08,Royal,45,1310,0.033210332103321034,0.04189475375360672,0.011521320770336133,0.06324008963306028,0.5531976222991943,0.4048418469701628,0.6412806182160361,0.11221005022525787,0.19440279860069964,0.7641179410294853,2000,0.1550997465260719,1.0,0.27491304852624193,1.0,1.0,1.0
phrase_typ_1_2gram_shuffle08,Thanksgiving,21,938,0.021897810218978103,0.035107168640417484,0.011316031850133326,0.1322731605967816,0.6933698654174805,0.537948270645393,0.7640670461251158,0.0012071665842086077,0.010994502748625687,0.046476761619190406,2000,0.0032500638805616363,0.021511069038607493,0.05022028862869178,0.33239103461680297,0.18726696131488157,1.0
phrase_typ_1_2gram_shuffle08,Trust,15,810,0.01818181818181818,0.019810661601000645,0.005741611720765986,0.12299583975776872,0.4516872465610504,0.18389432849184162,0.5294287486611032,0.7397003769874573,0.6891554222888556,1.0,2000,0.9626190986724343,1.0,0.9485641794487372,1.0,1.0,1.0
phrase_typ_1_2gram_shuffle08,Wisdom,28,1064,0.02564102564102564,0.040052224005859324,0.010314679540196126,0.096504487552905,0.6393998265266418,0.42720878362449183,0.718094517501028,0.005854230839759111,0.03698150924537731,0.1774112943528236,2000,0.009192446453703774,0.06084168113801923,0.06581455035194267,0.435604156839187,0.3108201996562694,1.0
phrase_typ_1_2gram_shuffle10,Hymn,136,2108,0.06060606060606061,0.04485805064731957,0.02937094623199588,0.03048748237148467,0.3554648160934448,0.25905707861144023,0.4358129262563434,1.0,1.0,1.0,2000,1.0,1.0,1.0,1.0,1.0,1.0
phrase_typ_1_2gram_shuffle10,Lament,1596,4788,0.25,0.35760638718235105,0.25947148409393467,0.4232116917687934,0.6611512303352356,0.5843433030834109,0.7177264315969013,0.0,0.0004997501249375312,0.11244377811094453,2000,0.0,0.0,0.0005451819544773067,0.0036083742019672915,0.17811516776822856,1.0
phrase_typ_1_2gram_shuffle10,Praise,630,3780,0.14285714285714285,0.13455769217421015,0.09694444271083526,0.14735831197634308,0.4737931489944458,0.41231044842102166,0.5334633243466489,0.982544481754303,0.7691154422788605,1.0,2000,1.0,1.0,0.9980009995002499,1.0,1.0,1.0
phrase_typ_1_2gram_shuffle10,Royal,45,1310,0.033210332103321034,0.04470749401179363,0.010971710163267652,0.04866059044315615,0.5312637686729431,0.39170071800160056,0.6171870186824857,0.23765012621879578,0.2898550724637681,0.9415292353823088,2000,0.2835598096928813,1.0,0.34882272330883274,1.0,1.0,1.0
phrase_typ_1_2gram_shuffle10,Thanksgiving,21,938,0.021897810218978103,0.03505875154907447,0.008688974008094931,0.13169208032610075,0.6700680255889893,0.4758198574508919,0.743583142590037,0.0038125580176711082,0.02948525737131434,0.09145427286356822,2000,0.006902044687163213,0.04568228971163025,0.05392560636677709,0.3569152743250256,0.18726696131488157,1.0
phrase_typ_1_2gram_shuffle10,Trust,15,810,0.01818181818181818,0.022864152780574503,0.005759171378982477,0.11872021372925974,0.49399176239967346,0.196300452674704,0.6199700974490553,0.5320289134979248,0.4987506246876562,1.0,2000,0.9626190986724343,1.0,0.9485641794487372,1.0,1.0,1.0
phrase_typ_1_2gram_shuffle10,Wisdom,28,1064,0.02564102564102564,0.04529382357756792,0.007211952553069107,0.09853980863118215,0.612546980381012,0.32174112951206985,0.7067911223773561,0.020917169749736786,0.06196901549225387,0.29235382308845576,2000,0.024268539488644887,0.16062522079295236,0.07746126936531735,0.5126898345295193,0.34982508745627183,1.0
phrase_typ_1_2gram_shuffle09,Hymn,136,2108,0.06060606060606061,0.04747227340870071,0.03329407397514333,0.035539829105378465,0.3901488780975342,0.2882587979991859,0.4596534352964834,0.9999914765357971,0.9980009995002499,1.0,2000,1.0,1.0,1.0,1.0,1.0,1.0
phrase_typ_1_2gram_shuffle09,Lament,1596,4788,0.25,0.3535605709754289,0.25326260033828685,0.42215468330660894,0.6518614888191223,0.5788032416495006,0.7083630175290923,0.0,0.0004997501249375312,0.136431784107946,2000,0.0,0.0,0.0005451819544773067,0.0036083742019672915,0.18268643456049752,1.0
phrase_typ_1_2gram_shuffle09,Praise,630,3780,0.14285714285714285,0.14338992549035567,0.09558400692525564,0.15800788351920075,0.49653753638267517,0.42729463374047705,0.5568359408142318,0.6097654700279236,0.5252373813093453,1.0,2000,1.0,1.0,0.9980009995002499,1.0,1.0,1.0
phrase_typ_1_2gram_shuffle09,Royal,45,1310,0.033210332103321034,0.03991985095587868,0.011791137360718821,0.04827701598999485,0.5035962462425232,0.36717560007887573,0.5989058068127248,0.467344731092453,0.45377311344327836,0.9995002498750625,2000,0.48827061457420456,1.0,0.47409131255267883,1.0,1.0,1.0
phrase_typ_1_2gram_shuffle09,Thanksgiving,21,938,0.021897810218978103,0.03506944490771246,0.010327449371669928,0.12724183091637956,0.6704233884811401,0.5441097907690595,0.7349992293856734,0.0037497435696423054,0.025987006496751622,0.08745627186406797,2000,0.006872126468173835,0.04548427118096634,0.05124198464148207,0.33915329353701956,0.18726696131488157,1.0
phrase_typ_1_2gram_shuffle09,Trust,15,810,0.01818181818181818,0.02527936040912363,0.005504283403439758,0.109684969005896,0.45144033432006836,0.15528917633215217,0.5410785946945423,0.7407639622688293,0.6936531734132934,1.0,2000,0.9626190986724343,1.0,0.9485641794487372,1.0,1.0,1.0
phrase_typ_1_2gram_shuffle09,Wisdom,28,1064,0.02564102564102564,0.04827450625088657,0.011293426307788334,0.102500796144208,0.6556457877159119,0.438268195263147,0.7544115774397393,0.002441688906401396,0.022488755622188907,0.12393803098450774,2000,0.005051770151175302,0.03343595094824096,0.0627403689459618,0.4152571941666163,0.3108201996562694,1.0
phrase_typ_1_2gram_shuffle12,Hymn,136,2108,0.06060606060606061,0.04502255612442562,0.029303718968707704,0.03131924146246088,0.37549880146980286,0.2672777693721108,0.4365167077117879,0.999999463558197,1.0,1.0,2000,1.0,1.0,1.0,1.0,1.0,1.0
phrase_typ_1_2gram_shuffle12,Lament,1596,4788,0.25,0.3548156277926103,0.25363614504248183,0.4229243200814872,0.6593635678291321,0.5882422395206909,0.7115279623186478,0.0,0.0004997501249375312,0.1054472763618191,2000,0.0,0.0,0.0005451819544773067,0.0036083742019672915,0.17328545029810674,1.0
phrase_typ_1_2gram_shuffle12,Praise,630,3780,0.14285714285714285,0.13931433251101888,0.10192329210033094,0.15189914315634448,0.4902397692203522,0.4211882626838451,0.5482588897272822,0.7839522361755371,0.6016991504247876,1.0,2000,1.0,1.0,0.9980009995002499,1.0,1.0,1.0
phrase_typ_1_2gram_shuffle12,Royal,45,1310,0.033210332103321034,0.03636884797820171,0.009557035638853564,0.05850391783806658,0.5134520530700684,0.3767761032628523,0.5992591319341253,0.37940022349357605,0.39730134932533734,0.9955022488755623,2000,0.4096352027437068,1.0,0.42784234481224864,1.0,1.0,1.0
phrase_typ_1_2gram_shuffle12,Thanksgiving,21,938,0.021897810218978103,0.0377047841562666,0.009788004563556198,0.13220761466073802,0.6639760136604309,0.5137211055840925,0.7495430902153857,0.0050462898798286915,0.025987006496751622,0.09245377311344327,2000,0.00812046647328755,0.05374660971352967,0.05124198464148207,0.33915329353701956,0.18726696131488157,1.0
phrase_typ_1_2gram_shuffle12,Trust,15,810,0.01818181818181818,0.018981728310435493,0.005525165543641684,0.12406056534461724,0.49160492420196533,0.14932677824788107,0.5851801309906646,0.5446208715438843,0.5097451274362819,1.0,2000,0.9626190986724343,1.0,0.9485641794487372,1.0,1.0,1.0
phrase_typ_1_2gram_shuffle12,Wisdom,28,1064,0.02564102564102564,0.04172838930355046,0.008224049369400181,0.10056662259263802,0.6506109237670898,0.4008466646544368,0.7455261013705056,0.0032290369272232056,0.026986506746626688,0.13193403298350825,2000,0.0063078860903895174,0.04174975574775245,0.0627403689459618,0.4152571941666163,0.3108201996562694,1.0
phrase_typ_1_2gram_shuffle11,Hymn,136,2108,0.06060606060606061,0.046360066383366254,0.03078443341756633,0.03343941069128224,0.39049071073532104,0.30408413918962907,0.47149382246214705,0.9999909400939941,0.9970014992503748,1.0,2000,1.0,1.0,1.0,1.0,1.0,1.0
phrase_typ_1_2gram_shuffle11,Lament,1596,4788,0.25,0.35045927042772057,0.2471073821256228,0.41586476806764433,0.6589633822441101,0.5878624268165265,0.7142263362360872,0.0,0.0004997501249375312,0.11544227886056972,2000,0.0,0.0,0.0005451819544773067,0.0036083742019672915,0.17811516776822856,1.0
phrase_typ_1_2gram_shuffle11,Praise,630,3780,0.14285714285714285,0.1389782808069398,0.1010271146352782,0.15082353784688404,0.4808415174484253,0.41111212898703337,0.5454942830341858,0.9384716749191284,0.697151424287856,1.0,2000,1.0,1.0,0.9980009995002499,1.0,1.0,1.0
phrase_typ_1_2gram_shuffle11,Royal,45,1310,0.033210332103321034,0.04639218204293008,0.011029735272645634,0.045646528952231424,0.5375572443008423,0.40184092086140444,0.6428872071885469,0.19554926455020905,0.2563718140929535,0.9000499750124937,2000,0.23875200904385988,1.0,0.3176287962213583,1.0,1.0,1.0
phrase_typ_1_2gram_shuffle11,Thanksgiving,21,938,0.021897810218978103,0.03365235517182495,0.008506817945733599,0.13150086393240043,0.6411818265914917,0.4231014103216952,0.7400749558184294,0.013381238095462322,0.049475262368815595,0.16991504247876063,2000,0.015966250000267544,0.10567518629328326,0.0600566768638802,0.3974947477109345,0.2056608583316411,1.0
phrase_typ_1_2gram_shuffle11,Trust,15,810,0.01818181818181818,0.018976218906871477,0.00612086347934223,0.112537973120464,0.4287242889404297,0.2308004749917757,0.49506038102502925,0.8283089995384216,0.7871064467766117,1.0,2000,0.9626190986724343,1.0,0.9485641794487372,1.0,1.0,1.0
phrase_typ_1_2gram_shuffle11,Wisdom,28,1064,0.02564102564102564,0.04390486104468717,0.008603889105702,0.10005447740514464,0.6389634609222412,0.4091693947703977,0.7427267635392159,0.005986829753965139,0.03648175912043978,0.1774112943528236,2000,0.009253432200399831,0.061245325083418595,0.06576111086087857,0.4352504589969559,0.3108201996562694,1.0
phrase_typ_1_2gram_shuffle13,Hymn,136,2108,0.06060606060606061,0.04560411841591558,0.030750495541368626,0.03287799191359332,0.37338152527809143,0.26254186275937075,0.4423263167393568,0.9999996423721313,0.9995002498750625,1.0,2000,1.0,1.0,1.0,1.0,1.0,1.0
phrase_typ_1_2gram_shuffle13,Lament,1596,4788,0.25,0.33773593149039327,0.23784885798261038,0.39653641431100595,0.6465013027191162,0.5754129186477391,0.7031594653170435,0.0,0.0004997501249375312,0.14642678660669664,2000,0.0,0.0,0.0005451819544773067,0.0036083742019672915,0.18531274903088998,1.0
phrase_typ_1_2gram_shuffle13,Praise,630,3780,0.14285714285714285,0.14357271960497747,0.1022113304590384,0.15967158046350832,0.4965849816799164,0.42771790796801606,0.5620037022152848,0.6082990765571594,0.5327336331834083,1.0,2000,1.0,1.0,0.9980009995002499,1.0,1.0,1.0
phrase_typ_1_2gram_shuffle13,Royal,45,1310,0.033210332103321034,0.055126537647956386,0.01148632363709313,0.06237893197104684,0.5616793632507324,0.4461774423871071,0.6707017264894539,0.07947898656129837,0.15692153923038482,0.6926536731634183,2000,0.12489426424069032,0.8266327184139254,0.2617610113861988,1.0,1.0,1.0
phrase_typ_1_2gram_shuffle13,Thanksgiving,21,938,0.021897810218978103,0.02796240670380485,0.007114870938166569,0.12144829904676065,0.5811249613761902,0.35452462411225555,0.6990740466375212,0.10158372670412064,0.15092453773113443,0.5122438780609695,2000,0.10746893001443493,0.7113003491630738,0.1596682766928878,1.0,0.545727136431784,1.0
phrase_typ_1_2gram_shuffle13,Trust,15,810,0.01818181818181818,0.04930670397625467,0.005972950945084575,0.11526467357650964,0.5300411581993103,0.2226473626227986,0.6179412007331848,0.3451032042503357,0.3468265867066467,0.9480259870064968,2000,0.9626190986724343,1.0,0.9485641794487372,1.0,1.0,1.0
phrase_typ_1_2gram_shuffle13,Wisdom,28,1064,0.02564102564102564,0.0409549469898348,0.00796912593656629,0.09682383986349415,0.6271817684173584,0.35789255774685447,0.7305119482099742,0.010728590190410614,0.046476761619190406,0.223888055972014,2000,0.01377984061153657,0.09120408509772027,0.06922854362292538,0.45820021883928524,0.31240193856560095,1.0
phrase_typ_1_2gram_shuffle14,Hymn,136,2108,0.06060606060606061,0.04626477786271403,0.031091203043664386,0.032937166344683876,0.3846830129623413,0.28786497270174405,0.45870388879164603,0.9999968409538269,0.999000499750125,1.0,2000,1.0,1.0,1.0,1.0,1.0,1.0
phrase_typ_1_2gram_shuffle14,Lament,1596,4788,0.25,0.3455474373726508,0.24473617435755513,0.40981479644698837,0.6453596353530884,0.5737136461990654,0.7049165541685638,0.0,0.0004997501249375312,0.15342328835582209,2000,0.0,0.0,0.0005451819544773067,0.0036083742019672915,0.19126531408851785,1.0
phrase_typ_1_2gram_shuffle14,Praise,630,3780,0.14285714285714285,0.13445948548660658,0.09664087009958287,0.14809359265924263,0.4808432161808014,0.4152257622626279,0.5332805756484568,0.9384552836418152,0.7081459270364817,1.0,2000,1.0,1.0,0.9980009995002499,1.0,1.0,1.0
phrase_typ_1_2gram_shuffle14,Royal,45,1310,0.033210332103321034,0.048791084257160576,0.011868742093275847,0.04947734440310422,0.555351972579956,0.4212310371894821,0.6429194266628496,0.10310336202383041,0.17991004497751126,0.7481259370314842,2000,0.145313463255063,0.9617804619208415,0.26420356255438715,1.0,1.0,1.0
phrase_typ_1_2gram_shuffle14,Thanksgiving,21,938,0.021897810218978103,0.03571568595360479,0.007771736070244989,0.12523418465593358,0.6667174100875854,0.42955381439636714,0.7739494686287625,0.004452787805348635,0.030484757621189407,0.09945027486256872,2000,0.0076023206432781565,0.05031717843740579,0.05392560636677709,0.3569152743250256,0.18726696131488157,1.0
phrase_typ_1_2gram_shuffle14,Trust,15,810,0.01818181818181818,0.02680648779448633,0.006090513546318916,0.11345742553581453,0.5254321098327637,0.2314337664561908,0.6573307093361298,0.3679303526878357,0.36531734132933535,0.9655172413793104,2000,0.9626190986724343,1.0,0.9485641794487372,1.0,1.0,1.0
phrase_typ_1_2gram_shuffle14,Wisdom,28,1064,0.02564102564102564,0.036946710557264964,0.008406311725280273,0.09420427432193368,0.6182699799537659,0.3849443417418486,0.7100740396996796,0.016231290996074677,0.05697151424287856,0.2673663168415792,2000,0.019759832516960476,0.13078362059462204,0.07317442196333027,0.4843166474750594,0.33321618122689395,1.0
phrase_typ_1_2gram_shuffle15,Hymn,136,2108,0.06060606060606061,0.045498985702093285,0.03107196406612095,0.03144877008357281,0.3839888572692871,0.2852716180331078,0.4391713001543691,0.9999971985816956,0.9980009995002499,1.0,2000,1.0,1.0,1.0,1.0,1.0,1.0
phrase_typ_1_2gram_shuffle15,Lament,1596,4788,0.25,0.3736462464858772,0.2723022297740999,0.4426622366625598,0.6756634712219238,0.6035688093389266,0.7331650072848366,0.0,0.0004997501249375312,0.07746126936531735,2000,0.0,0.0,0.0005451819544773067,0.0036083742019672915,0.16774039758363496,1.0
phrase_typ_1_2gram_shuffle15,Praise,630,3780,0.14285714285714285,0.1351790019613651,0.09315042446429027,0.14727845632080072,0.478189080953598,0.41369561482639,0.5359225952077701,0.9604184031486511,0.7286356821589205,1.0,2000,1.0,1.0,0.9980009995002499,1.0,1.0,1.0
phrase_typ_1_2gram_shuffle15,Royal,45,1310,0.033210332103321034,0.06612777490490858,0.010884773304458636,0.0745471306231367,0.512502133846283,0.36541701225940637,0.5995919844727481,0.38768455386161804,0.39080459770114945,0.9970014992503748,2000,0.41750644262020403,1.0,0.42303590472804836,1.0,1.0,1.0
phrase_typ_1_2gram_shuffle15,Thanksgiving,21,938,0.021897810218978103,0.03421286899233234,0.009266396863558079,0.13115614146806007,0.6609300374984741,0.49978225862864184,0.7391606697072727,0.005787472240626812,0.028985507246376812,0.10744627686156921,2000,0.008712323803094125,0.057663912372908493,0.05392560636677709,0.3569152743250256,0.18726696131488157,1.0
phrase_typ_1_2gram_shuffle15,Trust,15,810,0.01818181818181818,0.018335998215888237,0.005508508717866264,0.11245137434613925,0.4189300537109375,0.15551335008138867,0.4816852530577406,0.85940021276474,0.816591704147926,1.0,2000,0.9626190986724343,1.0,0.9485641794487372,1.0,1.0,1.0
phrase_typ_1_2gram_shuffle15,Wisdom,28,1064,0.02564102564102564,0.034645913604668094,0.008304193129955641,0.09182650033491695,0.5956968069076538,0.3718864876718381,0.682686779081259,0.041777558624744415,0.09545227386306847,0.4047976011994003,2000,0.04386643655598164,0.290337045643039,0.10305901034058806,0.682112588538984,0.4250374812593703,1.0
phrase_typ_1_2gram_shuffle16,Hymn,136,2108,0.06060606060606061,0.050338636790392195,0.033965198035092056,0.042103871686564286,0.41295763850212097,0.3171952309786127,0.48913113873416314,0.9996721148490906,0.9830084957521239,1.0,2000,1.0,1.0,1.0,1.0,1.0,1.0
phrase_typ_1_2gram_shuffle16,Lament,1596,4788,0.25,0.35353275557659375,0.2548558887015489,0.4250479823681766,0.6534925699234009,0.5817815986012277,0.7087311858963957,0.0,0.0004997501249375312,0.12293853073463268,2000,0.0,0.0,0.0005451819544773067,0.0036083742019672915,0.17928535732133932,1.0
phrase_typ_1_2gram_shuffle16,Praise,630,3780,0.14285714285714285,0.13667453419498266,0.09824114850959471,0.14992467655169547,0.47955361008644104,0.41711956982624127,0.5369396788161903,0.9500905275344849,0.7166416791604198,1.0,2000,1.0,1.0,0.9980009995002499,1.0,1.0,1.0
phrase_typ_1_2gram_shuffle16,Royal,45,1310,0.033210332103321034,0.04372080983609565,0.011220388314995474,0.06269627883699548,0.5560305118560791,0.43750619351815306,0.6409761838399063,0.10034942626953125,0.18440779610194902,0.7421289355322339,2000,0.144338215867134,0.9553256306736978,0.2686370125517446,1.0,1.0,1.0
phrase_typ_1_2gram_shuffle16,Thanksgiving,21,938,0.021897810218978103,0.03268794016818898,0.009668369264157008,0.12693442143437214,0.661793053150177,0.48984906317225485,0.7533290420423755,0.005568237043917179,0.03248375812093953,0.10344827586206896,2000,0.00850421657616442,0.05628652131524581,0.05392560636677709,0.3569152743250256,0.18726696131488157,1.0
phrase_typ_1_2gram_shuffle16,Trust,15,810,0.01818181818181818,0.018395760656542776,0.005768788829381476,0.12091261214557211,0.4372839629650116,0.18884240061653096,0.5163349075230093,0.7977979779243469,0.751624187906047,1.0,2000,0.9626190986724343,1.0,0.9485641794487372,1.0,1.0,1.0
phrase_typ_1_2gram_shuffle16,Wisdom,28,1064,0.02564102564102564,0.041287122854969376,0.010089139141061862,0.09848540292769842,0.6569884419441223,0.4534561986368159,0.7515648706839765,0.0022633953485637903,0.019490254872563718,0.11394302848575712,2000,0.004825512925872041,0.031938431215446914,0.06224473969911595,0.411976792507369,0.3108201996562694,1.0
phrase_typ_1_2gram_shuffle17,Hymn,136,2108,0.06060606060606061,0.04593511559687524,0.030860649039832534,0.03254167024969392,0.39201849699020386,0.3085595468999684,0.4390387103304224,0.9999881386756897,0.9970014992503748,1.0,2000,1.0,1.0,1.0,1.0,1.0,1.0
phrase_typ_1_2gram_shuffle17,Lament,1596,4788,0.25,0.3450385044006956,0.251068046961417,0.40766344149123784,0.6480454206466675,0.5768139059342949,0.7019575101809628,0.0,0.0004997501249375312,0.14592703648175911,2000,0.0,0.0,0.0005451819544773067,0.0036083742019672915,0.18531274903088998,1.0
phrase_typ_1_2gram_shuffle17,Praise,630,3780,0.14285714285714285,0.1396074108839851,0.10098019505807106,0.15292263028329187,0.48363715410232544,0.4195538815870573,0.541844163783586,0.9060893654823303,0.6746626686656672,1.0,2000,1.0,1.0,0.9980009995002499,1.0,1.0,1.0
phrase_typ_1_2gram_shuffle17,Royal,45,1310,0.033210332103321034,0.041209163586217554,0.010522307736038933,0.055856797620568395,0.5213570594787598,0.40768567639113545,0.6270485876575036,0.31291326880455017,0.34182908545727136,0.9775112443778111,2000,0.3502483079408077,1.0,0.3865002982379778,1.0,1.0,1.0
phrase_typ_1_2gram_shuffle17,Thanksgiving,21,938,0.021897810218978103,0.03773491778564588,0.008540986338861434,0.13509940307836013,0.6806782484054565,0.4739963173267378,0.7719290870891095,0.0022932598367333412,0.01899050474762619,0.06546726636681659,2000,0.004951657297519537,0.03277333797022496,0.05022028862869178,0.33239103461680297,0.18726696131488157,1.0
phrase_typ_1_2gram_shuffle17,Trust,15,810,0.01818181818181818,0.022624153483112863,0.006801008877692793,0.12428322509023021,0.5376954674720764,0.31567073184945,0.5927193305592142,0.3084428310394287,0.30634682658670664,0.8960519740129935,2000,0.9626190986724343,1.0,0.9485641794487372,1.0,1.0,1.0
phrase_typ_1_2gram_shuffle17,Wisdom,28,1064,0.02564102564102564,0.050271742938076125,0.009669626183310413,0.09633454173411589,0.6235902309417725,0.3859606400076392,0.7238401748208805,0.012712395749986172,0.053973013493253376,0.239880059970015,2000,0.01570354769115939,0.1039364489282655,0.07171962608037674,0.4746878476036282,0.31748276804993725,1.0
phrase_typ_1_2gram_shuffle18,Hymn,136,2108,0.06060606060606061,0.04335602271782945,0.02988052033602591,0.03100754506133466,0.359073281288147,0.27566179209104064,0.40323548131585923,1.0,1.0,1.0,2000,1.0,1.0,1.0,1.0,1.0,1.0
phrase_typ_1_2gram_shuffle18,Lament,1596,4788,0.25,0.3429632463539358,0.24664227502727562,0.4083182305031691,0.6536534428596497,0.5813619735653498,0.7094219874726458,0.0,0.0004997501249375312,0.12593703148425786,2000,0.0,0.0,0.0005451819544773067,0.0036083742019672915,0.18176478770923815,1.0
phrase_typ_1_2gram_shuffle18,Praise,630,3780,0.14285714285714285,0.13328329273360384,0.10058837726191566,0.14631217444580227,0.47169625759124756,0.40687066940962663,0.5292028401742445,0.988641619682312,0.7946026986506747,1.0,2000,1.0,1.0,0.9980009995002499,1.0,1.0,1.0
phrase_typ_1_2gram_shuffle18,Royal,45,1310,0.033210332103321034,0.04524335724456054,0.011330407190924425,0.042888286544480306,0.5180830955505371,0.40943036398454735,0.5825830647162468,0.33986520767211914,0.3583208395802099,0.984007996001999,2000,0.3755285467688493,1.0,0.3960388226939162,1.0,1.0,1.0
phrase_typ_1_2gram_shuffle18,Thanksgiving,21,938,0.021897810218978103,0.03875616496092513,0.008171827133689125,0.130835730765242,0.6831657886505127,0.4450790860596443,0.7852983939981335,0.002028094604611397,0.018490754622688656,0.06746626686656672,2000,0.004579568462025735,0.030310608336917236,0.05022028862869178,0.33239103461680297,0.18726696131488157,1.0
phrase_typ_1_2gram_shuffle18,Trust,15,810,0.01818181818181818,0.0321923311546849,0.006543643475420376,0.10799994523266658,0.5546501874923706,0.2931413036097369,0.6726992130279541,0.2340644896030426,0.26036981509245377,0.7631184407796102,2000,0.9626190986724343,1.0,0.9485641794487372,1.0,1.0,1.0
phrase_typ_1_2gram_shuffle18,Wisdom,28,1064,0.02564102564102564,0.04603205954153829,0.009651830532132708,0.10410076837654507,0.64000403881073,0.37858652844622936,0.7360661631090807,0.005674933549016714,0.03548225887056472,0.16991504247876063,2000,0.009187782686132896,0.06081081324437652,0.0654218345372768,0.4330049042360749,0.3108201996562694,1.0
phrase_typ_1_2gram_shuffle19,Hymn,136,2108,0.06060606060606061,0.04649738589786546,0.03131424439411626,0.03481228320925006,0.3923184871673584,0.2898119804895643,0.45769279519772027,0.9999875426292419,0.9955022488755623,1.0,2000,1.0,1.0,1.0,1.0,1.0,1.0
phrase_typ_1_2gram_shuffle19,Lament,1596,4788,0.25,0.34157000243878627,0.24696566765748015,0.40453021246525656,0.641654908657074,0.5705412930949391,0.6986323433722846,0.0,0.0004997501249375312,0.1724137931034483,2000,0.0,0.0,0.0005451819544773067,0.0036083742019672915,0.20114942528735635,1.0
phrase_typ_1_2gram_shuffle19,Praise,630,3780,0.14285714285714285,0.1416641643057836,0.10479867049451265,0.1541408351249492,0.4917088747024536,0.4264533619247579,0.5517138789288357,0.7477303147315979,0.584207896051974,1.0,2000,1.0,1.0,0.9980009995002499,1.0,1.0,1.0
phrase_typ_1_2gram_shuffle19,Royal,45,1310,0.033210332103321034,0.04010807855718366,0.011477729256761262,0.057480427983323805,0.5230534076690674,0.4079156167993526,0.6092624011454962,0.29932090640068054,0.328335832083958,0.9810094952523738,2000,0.3406904625698803,1.0,0.3809421256222717,1.0,1.0,1.0
phrase_typ_1_2gram_shuffle19,Thanksgiving,21,938,0.021897810218978103,0.03447092785919356,0.009289429885764446,0.13015663457573565,0.6786475777626038,0.5078413408536239,0.7560407093479578,0.0025325787719339132,0.02148925537231384,0.07596201899050475,2000,0.005188697971767042,0.03434222968930557,0.05094540108586483,0.33719030770810854,0.18726696131488157,1.0
phrase_typ_1_2gram_shuffle19,Trust,15,810,0.01818181818181818,0.01717196585011145,0.0056517614351849965,0.12017821697307611,0.418436199426651,0.16265052755670653,0.46350598437917656,0.8608595728874207,0.8275862068965517,1.0,2000,0.9626190986724343,1.0,0.9485641794487372,1.0,1.0,1.0
phrase_typ_1_2gram_shuffle19,Wisdom,28,1064,0.02564102564102564,0.040133913729426665,0.008946921200643656,0.09699684173894446,0.6261412501335144,0.37547128574555605,0.7305396069816467,0.011273542419075966,0.047976011994003,0.23238380809595202,2000,0.014290119723293436,0.09458144923742585,0.06972292400512546,0.46147235468758163,0.31551965952507616,1.0
phrase_typ_1_2gram_shuffle21,Hymn,136,2108,0.06060606060606061,0.0443383353291712,0.030831691063648047,0.03173013313478064,0.37049683928489685,0.28282732251784254,0.41692927467436663,0.9999998211860657,0.999000499750125,1.0,2000,1.0,1.0,1.0,1.0,1.0,1.0
phrase_typ_1_2gram_shuffle21,Lament,1596,4788,0.25,0.3575333054356677,0.2517931989204133,0.42584539297749535,0.6579931974411011,0.5810486999322624,0.7111325984013913,0.0,0.0004997501249375312,0.11544227886056972,2000,0.0,0.0,0.0005451819544773067,0.0036083742019672915,0.17811516776822856,1.0
phrase_typ_1_2gram_shuffle21,Praise,630,3780,0.14285714285714285,0.1352402408824797,0.09864279128077036,0.14681619912890864,0.47519651055336,0.41059126549262714,0.5338181575918538,0.9770565629005432,0.7701149425287356,1.0,2000,1.0,1.0,0.9980009995002499,1.0,1.0,1.0
phrase_typ_1_2gram_shuffle21,Royal,45,1310,0.033210332103321034,0.04452139799830433,0.010967503678100624,0.04847188852528322,0.5216794013977051,0.39161595823071277,0.593967666515437,0.3103103041648865,0.3373313343328336,0.9780109945027486,2000,0.3484768121637763,1.0,0.3857530694112403,1.0,1.0,1.0
phrase_typ_1_2gram_shuffle21,Thanksgiving,21,938,0.021897810218978103,0.029908359121415637,0.008401974966473586,0.12645744239089324,0.627779483795166,0.43046794909388075,0.7053591602721119,0.022499671205878258,0.06346826586706647,0.22588705647176413,2000,0.025402854587281906,0.1681328671946899,0.07185086701932053,0.475556486806444,0.25641233437335387,1.0
phrase_typ_1_2gram_shuffle21,Trust,15,810,0.01818181818181818,0.024613225942552948,0.0059402680457003535,0.10749008837142462,0.513662576675415,0.2171943757337534,0.5873665344108744,0.42819491028785706,0.40429785107446276,0.993503248375812,2000,0.9626190986724343,1.0,0.9485641794487372,1.0,1.0,1.0
phrase_typ_1_2gram_shuffle21,Wisdom,28,1064,0.02564102564102564,0.04249953424263188,0.011456797065099215,0.09875752447771491,0.6473885774612427,0.4157276543240561,0.746036528759716,0.0038460828363895416,0.030484757621189407,0.14442778610694654,2000,0.0070993300208723855,0.04698805433339804,0.06401799100449776,0.42371334066600924,0.3108201996562694,1.0
phrase_typ_1_2gram_shuffle20,Hymn,136,2108,0.06060606060606061,0.045437942850549425,0.029994607612366282,0.03301865749106576,0.38249245285987854,0.28080836537838444,0.4576773280770308,0.9999979138374329,0.9995002498750625,1.0,2000,1.0,1.0,1.0,1.0,1.0,1.0
phrase_typ_1_2gram_shuffle20,Lament,1596,4788,0.25,0.3259711262912661,0.2343111324669328,0.3879598967549052,0.6323971748352051,0.5591327586920605,0.6887227050200566,0.0,0.0004997501249375312,0.19890054972513743,2000,0.0,0.0,0.0005451819544773067,0.0036083742019672915,0.22158681932243426,1.0
phrase_typ_1_2gram_shuffle20,Praise,630,3780,0.14285714285714285,0.13833036891099038,0.10022786350044145,0.15021570473268836,0.48754534125328064,0.4214137457464605,0.545478751589002,0.8419448733329773,0.6376811594202898,1.0,2000,1.0,1.0,0.9980009995002499,1.0,1.0,1.0
phrase_typ_1_2gram_shuffle20,Royal,45,1310,0.033210332103321034,0.04320742154732898,0.010496776930885016,0.04613453733670469,0.521865963935852,0.3959403981418284,0.6231886229978593,0.3088076114654541,0.34632683658170915,0.9780109945027486,2000,0.3477190263149886,1.0,0.3889231854660905,1.0,1.0,1.0
phrase_typ_1_2gram_shuffle20,Thanksgiving,21,938,0.021897810218978103,0.036200627766200165,0.010142317719581876,0.1316507713366795,0.686617910861969,0.5285541588814686,0.777966743856355,0.0017061467515304685,0.017991004497751123,0.05997001499250375,2000,0.0040714865661522544,0.026947786822925226,0.05022028862869178,0.33239103461680297,0.18726696131488157,1.0
phrase_typ_1_2gram_shuffle20,Trust,15,810,0.01818181818181818,0.08508082419029418,0.005855187060173767,0.11982476675651896,0.5093827247619629,0.19532633166752492,0.6242833261705727,0.45061391592025757,0.42778610694652675,0.9975012493753124,2000,0.9626190986724343,1.0,0.9485641794487372,1.0,1.0,1.0
phrase_typ_1_2gram_shuffle20,Wisdom,28,1064,0.02564102564102564,0.05254756037803444,0.009915865878831292,0.09890349170789381,0.6615869998931885,0.4473464484052041,0.7513122523141529,0.0017385268583893776,0.019490254872563718,0.11044477761119441,2000,0.003925705809266337,0.02598291350316404,0.06224473969911595,0.411976792507369,0.3108201996562694,1.0
phrase_typ_1_2gram_shuffle22,Hymn,136,2108,0.06060606060606061,0.04799577866859446,0.03232160221110542,0.03885164932222305,0.4115205407142639,0.3010508798087329,0.48540260224798654,0.999733567237854,0.9810094952523738,1.0,2000,1.0,1.0,1.0,1.0,1.0,1.0
phrase_typ_1_2gram_shuffle22,Lament,1596,4788,0.25,0.35035120887751253,0.25300681967587885,0.41976744643290226,0.6558175683021545,0.5841867525747838,0.7110392246266652,0.0,0.0004997501249375312,0.12293853073463268,2000,0.0,0.0,0.0005451819544773067,0.0036083742019672915,0.17928535732133932,1.0
phrase_typ_1_2gram_shuffle22,Praise,630,3780,0.14285714285714285,0.1361956955585524,0.09515616821242699,0.14781468978683585,0.4778512716293335,0.4087396709198875,0.5368528812686325,0.9626867771148682,0.7371314342828585,1.0,2000,1.0,1.0,0.9980009995002499,1.0,1.0,1.0
phrase_typ_1_2gram_shuffle22,Royal,45,1310,0.033210332103321034,0.04822044748814256,0.013070589663753402,0.038144940101085045,0.5417981147766113,0.3830020859462658,0.6242026233611885,0.16991782188415527,0.2383808095952024,0.862568715642179,2000,0.21560569544213057,1.0,0.30617718663603977,1.0,1.0,1.0
phrase_typ_1_2gram_shuffle22,Thanksgiving,21,938,0.021897810218978103,0.03504193229623115,0.009528871431566647,0.1292478512530019,0.6914915442466736,0.5227404765527589,0.7602857605989872,0.0013305176980793476,0.009995002498750625,0.04897551224387806,2000,0.0034351964292624972,0.02273639850373462,0.05022028862869178,0.33239103461680297,0.18726696131488157,1.0
phrase_typ_1_2gram_shuffle22,Trust,15,810,0.01818181818181818,0.028228329494923814,0.005625620383051909,0.11630550907074283,0.4924279749393463,0.17619706308948985,0.5830711120519441,0.540283203125,0.5132433783108445,1.0,2000,0.9626190986724343,1.0,0.9485641794487372,1.0,1.0,1.0
phrase_typ_1_2gram_shuffle22,Wisdom,28,1064,0.02564102564102564,0.044210563781494856,0.011494137673688587,0.10189465236952162,0.6660512685775757,0.4755043560196056,0.7490660685848506,0.0013374707195907831,0.017991004497751123,0.09545227386306847,2000,0.003131693164761389,0.02072761347179307,0.06224473969911595,0.411976792507369,0.3108201996562694,1.0
phrase_typ_1_2gram_shuffle23,Hymn,136,2108,0.06060606060606061,0.04642879444283521,0.03133853774321638,0.03525627719230023,0.3863852024078369,0.2996932718924141,0.4553577875697281,0.9999956488609314,0.9985007496251874,1.0,2000,1.0,1.0,1.0,1.0,1.0,1.0
phrase_typ_1_2gram_shuffle23,Lament,1596,4788,0.25,0.3457189053272536,0.25087989387383414,0.41007456172555773,0.6549763083457947,0.5803010369026933,0.7083564188028606,0.0,0.0004997501249375312,0.11894052973513243,2000,0.0,0.0,0.0005451819544773067,0.0036083742019672915,0.17811516776822856,1.0
phrase_typ_1_2gram_shuffle23,Praise,630,3780,0.14285714285714285,0.1384525459679301,0.10635528870236415,0.14688325380485517,0.4818728566169739,0.422313432119738,0.5434366980602463,0.9277255535125732,0.6926536731634183,1.0,2000,1.0,1.0,0.9980009995002499,1.0,1.0,1.0
phrase_typ_1_2gram_shuffle23,Royal,45,1310,0.033210332103321034,0.03572275237900924,0.011043247789940012,0.062258986141237614,0.5246480107307434,0.3988255875427248,0.586795255751617,0.286793977022171,0.33033483258370816,0.9715142428785607,2000,0.33091612733327425,1.0,0.3811555760581248,1.0,1.0,1.0
phrase_typ_1_2gram_shuffle23,Thanksgiving,21,938,0.021897810218978103,0.03769334413424193,0.0091157291260414,0.128198923650072,0.6852472424507141,0.5012224451067291,0.7616867809965868,0.0018279560608789325,0.014492753623188406,0.05747126436781609,2000,0.00426523080871751,0.028230114165036947,0.05022028862869178,0.33239103461680297,0.18726696131488157,1.0
phrase_typ_1_2gram_shuffle23,Trust,15,810,0.01818181818181818,0.02036196530652701,0.0058656411668736655,0.1175875053305701,0.46172839403152466,0.19330004745685947,0.539706497133572,0.6946297883987427,0.6451774112943528,1.0,2000,0.9626190986724343,1.0,0.9485641794487372,1.0,1.0,1.0
phrase_typ_1_2gram_shuffle23,Wisdom,28,1064,0.02564102564102564,0.0478534761425502,0.007271456595495055,0.09580948637247143,0.6547059416770935,0.4001802820504075,0.7606984020219815,0.0025739518459886312,0.017491254372813594,0.1199400299850075,2000,0.00529931262409424,0.03507435050610649,0.06224473969911595,0.411976792507369,0.3108201996562694,1.0
phrase_typ_1_2gram_shuffle25,Hymn,136,2108,0.06060606060606061,0.04834362687388942,0.03376637882321995,0.03626567802110428,0.4136238694190979,0.3151531488734487,0.4777316412779011,0.9996393322944641,0.9800099950024987,1.0,2000,1.0,1.0,1.0,1.0,1.0,1.0
phrase_typ_1_2gram_shuffle25,Lament,1596,4788,0.25,0.3469078153220066,0.2559056761772371,0.4158034043547617,0.6468339562416077,0.5748387736703595,0.7033656540367985,0.0,0.0004997501249375312,0.1539230384807596,2000,0.0,0.0,0.0005451819544773067,0.0036083742019672915,0.19126531408851785,1.0
phrase_typ_1_2gram_shuffle25,Praise,630,3780,0.14285714285714285,0.13363277524401418,0.09698501937725316,0.14599156622787365,0.4653787612915039,0.40795877960673127,0.5238009597163749,0.997337281703949,0.8305847076461769,1.0,2000,1.0,1.0,0.9980009995002499,1.0,1.0,1.0
phrase_typ_1_2gram_shuffle25,Royal,45,1310,0.033210332103321034,0.055827449987259,0.010879063749161864,0.05150093674723358,0.5117048621177673,0.35507255313919134,0.6061250349091636,0.3946773111820221,0.4027986006996502,0.9975012493753124,2000,0.42395005293209537,1.0,0.43156992932105376,1.0,1.0,1.0
phrase_typ_1_2gram_shuffle25,Thanksgiving,21,938,0.021897810218978103,0.03689267018970292,0.009694025972298915,0.13066734859103094,0.6652959585189819,0.5203624029640399,0.7460233113883308,0.004752257373183966,0.028985507246376812,0.10694652673663169,2000,0.007910200547485147,0.05235493096116601,0.05392560636677709,0.3569152743250256,0.18726696131488157,1.0
phrase_typ_1_2gram_shuffle25,Trust,15,810,0.01818181818181818,0.05205982005478685,0.005665321088027401,0.12140456075639779,0.5077366232872009,0.1600828995670554,0.6255919357116211,0.459282785654068,0.4382808595702149,1.0,2000,0.9626190986724343,1.0,0.9485641794487372,1.0,1.0,1.0
phrase_typ_1_2gram_shuffle25,Wisdom,28,1064,0.02564102564102564,0.053875360295937216,0.009244567388601103,0.09954886434920987,0.6289607882499695,0.3798810034229728,0.7353632239957283,0.009849924594163895,0.050474762618690654,0.2223888055972014,2000,0.012847727731518124,0.08503474650909315,0.07066466766616691,0.4677054361449938,0.31240193856560095,1.0
phrase_typ_1_2gram_shuffle24,Hymn,136,2108,0.06060606060606061,0.043909133067047044,0.029531376748033824,0.03031654820720142,0.3466765284538269,0.25066548282638335,0.4112607148668927,1.0,1.0,1.0,2000,1.0,1.0,1.0,1.0,1.0,1.0
phrase_typ_1_2gram_shuffle24,Lament,1596,4788,0.25,0.3390859313128457,0.24134894539521196,0.4037021449464485,0.6435873508453369,0.5732038025828347,0.7020497899169453,0.0,0.0004997501249375312,0.15692153923038482,2000,0.0,0.0,0.0005451819544773067,0.0036083742019672915,0.19384425434341654,1.0
phrase_typ_1_2gram_shuffle24,Praise,630,3780,0.14285714285714285,0.14033316019114495,0.09773854381034669,0.15667487599303162,0.4910731017589569,0.42075071333065,0.552863891364136,0.7637866735458374,0.5932033983008496,1.0,2000,1.0,1.0,0.9980009995002499,1.0,1.0,1.0
phrase_typ_1_2gram_shuffle24,Royal,45,1310,0.033210332103321034,0.053178886590923805,0.011416272707682688,0.04532913123905531,0.5471416711807251,0.3916972272974291,0.6495330630478744,0.14084342122077942,0.2158920539730135,0.8250874562718641,2000,0.18370360689635615,1.0,0.2851404486436027,1.0,1.0,1.0
phrase_typ_1_2gram_shuffle24,Thanksgiving,21,938,0.021897810218978103,0.035379331997217996,0.011327324715929081,0.12257823624391752,0.6768199801445007,0.5630379094619409,0.7456196324055233,0.0027670306153595448,0.02148925537231384,0.0734632683658171,2000,0.005507833452374449,0.03645447905064083,0.05094540108586483,0.33719030770810854,0.18726696131488157,1.0
phrase_typ_1_2gram_shuffle24,Trust,15,810,0.01818181818181818,0.0303866062405425,0.005743063423431871,0.11572557428918495,0.48444443941116333,0.18708429931808385,0.557970457934738,0.5820791125297546,0.543728135932034,1.0,2000,0.9626190986724343,1.0,0.9485641794487372,1.0,1.0,1.0
phrase_typ_1_2gram_shuffle24,Wisdom,28,1064,0.02564102564102564,0.04086162504518401,0.008480028402927378,0.09558866233194835,0.635875403881073,0.38967474370129906,0.7291153167449193,0.007003767415881157,0.03498250874562719,0.18290854572713644,2000,0.010249415730557791,0.0678374018135663,0.0654218345372768,0.4330049042360749,0.3108201996562694,1.0
phrase_typ_1_2gram_shuffle26,Hymn,136,2108,0.06060606060606061,0.046697494723374415,0.032148334213454914,0.0346693880382256,0.3976448178291321,0.29323762284316474,0.45286046040820765,0.9999692440032959,0.993503248375812,1.0,2000,1.0,1.0,1.0,1.0,1.0,1.0
phrase_typ_1_2gram_shuffle26,Lament,1596,4788,0.25,0.3481539717427809,0.24407781990919164,0.40988150585543826,0.6588683724403381,0.5839727920796377,0.7129738784009767,0.0,0.0004997501249375312,0.111944027986007,2000,0.0,0.0,0.0005451819544773067,0.0036083742019672915,0.17811516776822856,1.0
phrase_typ_1_2gram_shuffle26,Praise,630,3780,0.14285714285714285,0.13780836570915214,0.09766929006893356,0.1537281909033846,0.482841819524765,0.4137482736618849,0.5471695603185143,0.9163709282875061,0.6861569215392304,1.0,2000,1.0,1.0,0.9980009995002499,1.0,1.0,1.0
phrase_typ_1_2gram_shuffle26,Royal,45,1310,0.033210332103321034,0.04043433696770382,0.011781636737719137,0.05458611877751842,0.5375572443008423,0.4291635195129145,0.6082524642682516,0.19554926455020905,0.25487256371814093,0.9005497251374313,2000,0.23875200904385988,1.0,0.3176287962213583,1.0,1.0,1.0
phrase_typ_1_2gram_shuffle26,Thanksgiving,21,938,0.021897810218978103,0.0333460942246916,0.008073362828478963,0.1246845561438817,0.6260533928871155,0.40147372346313376,0.7517913748662658,0.023988278582692146,0.07196401799100449,0.24087956021989004,2000,0.026866872012615207,0.17782270132331227,0.07996001999000499,0.529228216288536,0.27106767471879034,1.0
phrase_typ_1_2gram_shuffle26,Trust,15,810,0.01818181818181818,0.04522321998349344,0.005970692751708497,0.11916349458094543,0.5045267343521118,0.20804740550448697,0.5933283728024349,0.4762391448020935,0.4452773613193403,1.0,2000,0.9626190986724343,1.0,0.9485641794487372,1.0,1.0,1.0
phrase_typ_1_2gram_shuffle26,Wisdom,28,1064,0.02564102564102564,0.049510733232505266,0.011139011607405599,0.10334205464807117,0.6498388648033142,0.4128142437382219,0.7532441206240771,0.003368152305483818,0.02798600699650175,0.14192903548225888,2000,0.006479940645090521,0.042888526412143385,0.06285627239856008,0.41602431975622894,0.3108201996562694,1.0
phrase_typ_1_2gram_shuffle27,Hymn,136,2108,0.06060606060606061,0.04722848366716492,0.033520340891868464,0.03433340624292707,0.40490010380744934,0.33416848885022893,0.4515251833185781,0.999901533126831,0.9870064967516242,1.0,2000,1.0,1.0,1.0,1.0,1.0,1.0
phrase_typ_1_2gram_shuffle27,Lament,1596,4788,0.25,0.34480101312689426,0.24718256457136925,0.4086041673418896,0.6521292924880981,0.5792077192282403,0.7102269173606914,0.0,0.0004997501249375312,0.13243378310844578,2000,0.0,0.0,0.0005451819544773067,0.0036083742019672915,0.18268643456049752,1.0
phrase_typ_1_2gram_shuffle27,Praise,630,3780,0.14285714285714285,0.1331247765636029,0.09841839535626555,0.14274988799914384,0.4656548798084259,0.405592421591291,0.5240475550182315,0.9971489310264587,0.8295852073963018,1.0,2000,1.0,1.0,0.9980009995002499,1.0,1.0,1.0
phrase_typ_1_2gram_shuffle27,Royal,45,1310,0.033210332103321034,0.04824195361766414,0.010348132078747227,0.05717784554034498,0.5394402146339417,0.4156128921191626,0.6303525761802017,0.1838914304971695,0.25987006496751625,0.894552723638181,2000,0.22783009088144893,1.0,0.3200745668221608,1.0,1.0,1.0
phrase_typ_1_2gram_shuffle27,Thanksgiving,21,938,0.021897810218978103,0.03296696777735865,0.009974537142145395,0.12812594215502263,0.6635699272155762,0.5371972434118817,0.7366438362945826,0.0051399655640125275,0.031984007996002,0.10394802598700649,2000,0.00823963945376054,0.05453537519774782,0.05392560636677709,0.3569152743250256,0.18726696131488157,1.0
phrase_typ_1_2gram_shuffle27,Trust,15,810,0.01818181818181818,0.015501454198711954,0.005993636308357222,0.11984705914809694,0.41325104236602783,0.21417112001308478,0.46022551021430824,0.875560998916626,0.8440779610194903,1.0,2000,0.9626190986724343,1.0,0.9485641794487372,1.0,1.0,1.0
phrase_typ_1_2gram_shuffle27,Wisdom,28,1064,0.02564102564102564,0.04703488785692158,0.007608406941668187,0.1023918569950869,0.6317132115364075,0.3629500339261335,0.7303101393414478,0.008614243939518929,0.04697651174412794,0.2143928035982009,2000,0.011596097610890867,0.07675063181933485,0.06922854362292538,0.45820021883928524,0.3115743166479044,1.0
phrase_typ_1_2gram_shuffle28,Hymn,136,2108,0.06060606060606061,0.044492684458237085,0.028892332832913294,0.033349456641618064,0.3681912124156952,0.24835691977399646,0.4405479484593041,0.9999998807907104,0.9995002498750625,1.0,2000,1.0,1.0,1.0,1.0,1.0,1.0
phrase_typ_1_2gram_shuffle28,Lament,1596,4788,0.25,0.33971774218902967,0.23868953859557882,0.4072083836353279,0.6497789621353149,0.5682119993485476,0.7028152782858502,0.0,0.0004997501249375312,0.13493253373313344,2000,0.0,0.0,0.0005451819544773067,0.0036083742019672915,0.18268643456049752,1.0
phrase_typ_1_2gram_shuffle28,Praise,630,3780,0.14285714285714285,0.14742609854360494,0.10472278074068395,0.16116676428742555,0.4997304081916809,0.42930978048322294,0.5650369313121338,0.508662760257721,0.496751624187906,1.0,2000,1.0,1.0,0.9980009995002499,1.0,1.0,1.0
phrase_typ_1_2gram_shuffle28,Royal,45,1310,0.033210332103321034,0.04749873978352849,0.010427409993909377,0.05266342553762379,0.5069890022277832,0.3618504301291776,0.5983772376995454,0.43666234612464905,0.4337831084457771,0.999000499750125,2000,0.4631267307382641,1.0,0.46102893137813966,1.0,1.0,1.0
phrase_typ_1_2gram_shuffle28,Thanksgiving,21,938,0.021897810218978103,0.037868605577485705,0.009075487866911137,0.13652735427061988,0.7005787491798401,0.501706211332805,0.7805057119234963,0.0008247900404967368,0.010494752623688156,0.04147926036981509,2000,0.0026243319470350716,0.01736956188170039,0.05022028862869178,0.33239103461680297,0.18726696131488157,1.0
phrase_typ_1_2gram_shuffle28,Trust,15,810,0.01818181818181818,0.08691572657298105,0.0059469382863459805,0.14669059917786395,0.48238682746887207,0.20422840139749052,0.5633017500121872,0.5927218794822693,0.5502248875562219,1.0,2000,0.9626190986724343,1.0,0.9485641794487372,1.0,1.0,1.0
phrase_typ_1_2gram_shuffle28,Wisdom,28,1064,0.02564102564102564,0.045858395741328474,0.008704112121734473,0.10069469039230766,0.6329551339149475,0.40688253643066213,0.7339200968815751,0.00810270756483078,0.035982008995502246,0.1934032983508246,2000,0.01126866614976466,0.07458347418042692,0.0654218345372768,0.4330049042360749,0.3108201996562694,1.0
phrase_typ_1_2gram_shuffle29,Hymn,136,2108,0.06060606060606061,0.04557646501431806,0.030527222719627618,0.033114110510229805,0.37819162011146545,0.2823602812369885,0.4490247318749154,0.9999990463256836,0.9985007496251874,1.0,2000,1.0,1.0,1.0,1.0,1.0,1.0
phrase_typ_1_2gram_shuffle29,Lament,1596,4788,0.25,0.3573100452279705,0.26024563091904274,0.4254861615684439,0.6582983136177063,0.5842923499163871,0.7124918422064822,0.0,0.0004997501249375312,0.11344327836081959,2000,0.0,0.0,0.0005451819544773067,0.0036083742019672915,0.17811516776822856,1.0
phrase_typ_1_2gram_shuffle29,Praise,630,3780,0.14285714285714285,0.13356673852377562,0.10208319936858846,0.14555117533083411,0.467965692281723,0.40573375355387337,0.5250942380759999,0.9950375556945801,0.824087956021989,1.0,2000,1.0,1.0,0.9980009995002499,1.0,1.0,1.0
phrase_typ_1_2gram_shuffle29,Royal,45,1310,0.033210332103321034,0.04735740113612459,0.01232429642149992,0.05690481766391647,0.5470568537712097,0.3967766259312304,0.6343082871839391,0.14127682149410248,0.21339330334832585,0.8260869565217391,2000,0.18370360689635615,1.0,0.2836240107794204,1.0,1.0,1.0
phrase_typ_1_2gram_shuffle29,Thanksgiving,21,938,0.021897810218978103,0.034403911471869456,0.009466025356703425,0.13006549133579967,0.6800690293312073,0.4961006648386515,0.761984866760987,0.002362809842452407,0.02048975512243878,0.0734632683658171,2000,0.004974250914528966,0.032922877447965224,0.05066432301090834,0.335329947389719,0.18726696131488157,1.0
phrase_typ_1_2gram_shuffle29,Trust,15,810,0.01818181818181818,0.020744058355056882,0.005785032268737631,0.11347077908770026,0.4655143916606903,0.17346158768006403,0.5588796433848094,0.6767811179161072,0.6206896551724138,1.0,2000,0.9626190986724343,1.0,0.9485641794487372,1.0,1.0,1.0
phrase_typ_1_2gram_shuffle29,Wisdom,28,1064,0.02564102564102564,0.04631604409001423,0.011914095256138405,0.09735323464847165,0.6418501734733582,0.4324979449472967,0.7511189362567128,0.005156907252967358,0.031484257871064465,0.16141929035482258,2000,0.008698397776089519,0.05757174072972286,0.06510633572102838,0.43091672472104764,0.3108201996562694,1.0
phrase_typ_1_2gram_shuffle30,Hymn,136,2108,0.06060606060606061,0.046252742970049464,0.03219608082194288,0.03356283766803253,0.3867863416671753,0.2953600596909902,0.4436319664626407,0.9999953508377075,0.999000499750125,1.0,2000,1.0,1.0,1.0,1.0,1.0,1.0
phrase_typ_1_2gram_shuffle30,Lament,1596,4788,0.25,0.341821008954845,0.24221335492221965,0.40696744990976724,0.6373590230941772,0.5647580858484638,0.6926545431622257,0.0,0.0004997501249375312,0.19290354822588707,2000,0.0,0.0,0.0005451819544773067,0.0036083742019672915,0.21662965308789459,1.0
phrase_typ_1_2gram_shuffle30,Praise,630,3780,0.14285714285714285,0.1373178058282904,0.10446262504449569,0.15158082417134525,0.48285651206970215,0.41893618315506004,0.5420623473396573,0.9161888957023621,0.6816591704147926,1.0,2000,1.0,1.0,0.9980009995002499,1.0,1.0,1.0
phrase_typ_1_2gram_shuffle30,Royal,45,1310,0.033210332103321034,0.05009626667575261,0.012003339981016005,0.058796145160018264,0.540424108505249,0.3946632458095173,0.6313415477997215,0.1779758781194687,0.2563718140929535,0.896551724137931,2000,0.22246984764933586,1.0,0.3176287962213583,1.0,1.0,1.0
phrase_typ_1_2gram_shuffle30,Thanksgiving,21,938,0.021897810218978103,0.03538028288968143,0.009971658519888323,0.13032210057972377,0.6859579682350159,0.501610279083252,0.7656184425847803,0.0017638421850278974,0.018490754622688656,0.062468765617191405,2000,0.004170448116063239,0.02760277971246035,0.05022028862869178,0.33239103461680297,0.18726696131488157,1.0
phrase_typ_1_2gram_shuffle30,Trust,15,810,0.01818181818181818,0.019327926610354852,0.005667270497989618,0.12259993041618056,0.4919341504573822,0.18477564057982587,0.5841205519643649,0.5428864359855652,0.512743628185907,1.0,2000,0.9626190986724343,1.0,0.9485641794487372,1.0,1.0,1.0
phrase_typ_1_2gram_shuffle30,Wisdom,28,1064,0.02564102564102564,0.04439670700055405,0.011069235164991711,0.0989839694903599,0.6664540767669678,0.45280861733622324,0.7581823250593447,0.0013058058684691787,0.020989505247376312,0.09945027486256872,2000,0.003093453124165535,0.020474515630173284,0.06224473969911595,0.411976792507369,0.3108201996562694,1.0
phrase_typ_1gram,Hymn,136,2108,0.06060606060606061,0.05616414392087816,0.04153667473104063,0.047311553187636884,0.46547117829322815,0.37031176445701824,0.5245421926573988,0.9117696285247803,0.7876061969015492,1.0,2000,1.0,1.0,1.0,1.0,1.0,1.0
phrase_typ_1gram,Lament,1596,4788,0.25,0.3463388278219684,0.24977068895548266,0.4082626094734194,0.6440014839172363,0.5717678664224624,0.6969426989084182,0.0,0.0004997501249375312,0.14592703648175911,2000,0.0,0.0,0.0005451819544773067,0.0036083742019672915,0.18531274903088998,1.0
phrase_typ_1gram,Praise,630,3780,0.14285714285714285,0.14563376091851626,0.09918150289231999,0.1632912806885308,0.5009051561355591,0.4327146935792211,0.5670198847562762,0.4709678292274475,0.4707646176911544,0.999000499750125,2000,1.0,1.0,0.9980009995002499,1.0,1.0,1.0
phrase_typ_1gram,Royal,45,1310,0.033210332103321034,0.03865496431688413,0.010222854517022406,0.04458900657088382,0.49365565180778503,0.3761804859563651,0.5884109975404527,0.5576844811439514,0.5107446276861569,0.9995002498750625,2000,0.5740869658834793,1.0,0.5257665285004556,1.0,1.0,1.0
phrase_typ_1gram,Thanksgiving,21,938,0.021897810218978103,0.029993909836448875,0.008716301647766267,0.12534381310400158,0.6305716037750244,0.4511022071485094,0.7224360538142259,0.020256785675883293,0.0559720139930035,0.19590204897551225,2000,0.02299418914559725,0.15219072866723643,0.06493990573773886,0.4298151811846122,0.22791928135655165,1.0
phrase_typ_1gram,Trust,15,810,0.01818181818181818,0.023997166232082756,0.005975639552610602,0.1231791338983221,0.5316049456596375,0.2254089496910901,0.6490858625403226,0.33747977018356323,0.3238380809595202,0.9160419790104948,2000,0.9626190986724343,1.0,0.9485641794487372,1.0,1.0,1.0
phrase_typ_1gram,Wisdom,28,1064,0.02564102564102564,0.04175170492961154,0.00992158083420926,0.09382083708791615,0.6187567114830017,0.4181639963906919,0.7076986388566993,0.01587793231010437,0.0544727636181909,0.24437781109445278,2000,0.019385847587918125,0.12830834136206784,0.07171962608037674,0.4746878476036282,0.31901480452434333,1.0
phrase_typ_1gram_psalm,Hymn,136,2261,0.05673758865248227,0.052157321878776974,0.023205830041568704,0.042579751225707445,0.4498562514781952,0.3450807840642594,0.49587178590002395,0.975411593914032,0.8875562218890555,1.0,2000,1.0,1.0,1.0,1.0,1.0,1.0
phrase_typ_1gram_psalm,Lament,1711,5369,0.24166666666666667,0.320929282638484,0.20689333634963175,0.378184877866121,0.6179068684577942,0.556153663477036,0.670991050361674,0.0,0.0004997501249375312,0.2383808095952024,2000,0.0,0.0,0.0005451819544773067,0.0036083742019672915,0.2614097650913446,1.0
phrase_typ_1gram_psalm,Praise,820,4469,0.15503875968992248,0.1636920844423514,0.1230572233860972,0.1794960031316083,0.5104433298110962,0.4395598019776144,0.5667962950657398,0.17050835490226746,0.3543228385807096,0.9975012493753124,2000,1.0,1.0,0.9980009995002499,1.0,1.0,1.0
phrase_typ_1gram_psalm,Royal,45,1400,0.031141868512110725,0.03246889430648693,0.006877919128765474,0.055689857024845066,0.4885079264640808,0.30660734359015734,0.5784872955846492,0.6037057638168335,0.5527236381809095,1.0,2000,0.6184302946416343,1.0,0.5662047025267853,1.0,1.0,1.0
phrase_typ_1gram_psalm,Thanksgiving,28,1136,0.024054982817869417,0.03365296459728292,0.009436294337620279,0.10509828726865025,0.6521944403648376,0.5226725457185672,0.7084236925642807,0.002938699210062623,0.0239880059970015,0.09995002498750624,2000,0.005767540505730382,0.03817339183508351,0.05094540108586483,0.33719030770810854,0.18726696131488157,1.0
phrase_typ_1gram_psalm,Trust,15,864,0.017064846416382253,0.03006224238768388,0.005854518537043965,0.11923106398719603,0.5818672776222229,0.26341016377220317,0.7380071771721959,0.13833704590797424,0.1584207896051974,0.4542728635682159,2000,0.9626190986724343,1.0,0.9485641794487372,1.0,1.0,1.0
phrase_typ_1gram_psalm,Wisdom,36,1269,0.027586206896551724,0.04345198286724007,0.0071794840348311404,0.09791454443924687,0.6158611178398132,0.4054854099665498,0.7128379326771777,0.008809073828160763,0.05297351324337831,0.24537731134432783,2000,0.011782837604546242,0.0779866004166954,0.07171962608037674,0.4746878476036282,0.31901480452434333,1.0
