model,genre,n_same_genre,n_different_genre,prevalence,average_precision,ap_ci_low,ap_ci_high,separation_auc,auc_ci_low,auc_ci_high,separation_p_naive,separation_p_perm,separation_p_maxT,n_permutations,naive_q,naive_q_by,perm_q,perm_q_by,maxT_q,maxT_q_by
morph_atomic_core,Danklied Israels,6,676,0.008797653958944282,0.007518221551538951,0.0041841004184100415,0.017699115044247787,0.3202662721893491,0.10132834965789156,0.7512378051250771,0.9355303168255793,0.9510244877561219,1.0,2000,0.9948129362984726,1.0,0.999000499750125,1.0,1.0,1.0
morph_atomic_core,Danklied des Einzelnen,78,2087,0.03602771362586605,0.05587228749103067,0.026812327038013683,0.1030017700644861,0.6487842934896121,0.5143558707030558,0.7584986144231904,3.946782162191482e-06,0.00399800099950025,0.5947026486756621,2000,2.1268770540698545e-05,0.0001096845900883574,0.02041084720797496,0.10526021732562725,0.993503248375812,1.0
morph_atomic_core,Fluch,0,173,0.0,nan,nan,nan,nan,nan,nan,nan,nan,0.0004997501249375312,2000,nan,nan,nan,nan,0.0004997501249375312,0.002577247589158399
morph_atomic_core,Hymnus,465,4421,0.09516987310683586,0.11937203779688339,0.07580935106166083,0.1796785351481178,0.5460648469061395,0.4581401850642197,0.6431337180148105,0.0005323812505521606,0.0864567716141929,0.9870064967516242,2000,0.0009743581378030109,0.005024835485420984,0.15247830630139478,0.7863416689757655,1.0,1.0
morph_atomic_core,Klagelied des Einzelnen,1176,6123,0.1611179613645705,0.22948460556224404,0.1606900638102521,0.32868796654866783,0.6173765194465831,0.5452159487681427,0.6875235493434391,1.2034696380140667e-37,0.0004997501249375312,0.7251374312843578,2000,2.9932449971119094e-37,1.5436381238586782e-36,0.0009146370211120854,0.0047168493612899,1.0,1.0
morph_atomic_core,Klagelied des Volkes,36,1484,0.02368421052631579,0.02572620293432518,0.01049697062087381,0.04903680515635783,0.5298929320155735,0.37660919635022044,0.70883930690168,0.26976717633479586,0.3058470764617691,0.9965017491254373,2000,0.7095601624811623,1.0,0.7574337831084458,1.0,1.0,1.0
morph_atomic_core,Königspsalm,45,1636,0.02676977989292088,0.03836607843134022,0.018292387202728924,0.08127164736115595,0.6131486009236621,0.4577388969673588,0.7512828545727139,0.00475745267041606,0.04247876061969016,0.7416291854072964,2000,0.050757639604240505,0.2617608236071009,0.25356552492984274,1.0,1.0,1.0
morph_atomic_core,Liturgie,153,2800,0.05181171689806976,0.04729901337281035,0.026840267488681187,0.08188135896685186,0.4610994397759104,0.38682404299704753,0.5698685474404045,0.9476895165201729,0.8260869565217391,1.0,2000,0.9999958825739573,1.0,0.9995002498750625,1.0,1.0,1.0
morph_atomic_core,Mischgedicht,45,1633,0.026817640047675805,0.031579524607970685,0.013227773060430359,0.06326709546541558,0.5426345512689664,0.4221916764499155,0.6616360271296807,0.16430545638261812,0.23888055972013994,0.9900049975012494,2000,0.33203394310654083,1.0,0.43798276300446265,1.0,1.0,1.0
morph_atomic_core,Thronbesteigungslied,15,1006,0.014691478942213516,0.035294897392203,0.006844407029265135,0.14840209479079786,0.6474155069582505,0.21043532209881322,0.8831151242972212,0.02489268666969559,0.05897051474262868,0.5987006496751625,2000,0.046434434749239854,0.23946574305783425,0.11215960647127415,0.5784152138334713,1.0,1.0
morph_atomic_core,Wallfahrtslied,0,172,0.0,nan,nan,nan,nan,nan,nan,nan,nan,0.0004997501249375312,2000,nan,nan,nan,nan,0.0004997501249375312,0.002577247589158399
morph_atomic_core,Weisheitsgedicht,45,1639,0.02672209026128266,0.030707681216012757,0.01370698021225704,0.06159597867342802,0.5627754050572843,0.39266366348914655,0.7024443636224561,0.0751370957771456,0.14342828585707146,0.9505247376311844,2000,0.2024527302884201,1.0,0.35585616282767707,1.0,1.0,1.0
morph_atomic_core,Zionslied,15,1007,0.014677103718199608,0.04646051816774752,0.011684339322313844,0.17200175788855507,0.7372062231049321,0.5004940408122033,0.9285491269939273,0.0007969230659149787,0.00849575212393803,0.3363318340829585,2000,0.0036810255901787107,0.018983315570164833,0.03924228362009471,0.20237529878677143,0.9634557721139431,1.0
morph_atomic_core,prophetische Gerichtsrede,1,342,0.0029154518950437317,0.007751937984496124,nan,nan,0.6286549707602339,nan,nan,0.33021191554359974,0.33366683341670833,0.6711644177911045,2000,0.8672807757293366,1.0,0.8361103628737446,1.0,1.0,1.0
morph_atomic_core,"prophetische Schelt-, Droh- und Mahnrede",3,511,0.005836575875486381,0.17021482306792754,0.004106776180698152,0.5,0.39465101108936723,0.05544632764594911,0.9981101700708966,0.7361708279431152,0.735632183908046,1.0,2000,0.7761801120704585,1.0,0.7756121939030485,1.0,1.0,1.0
morph_atomic_core,prophetische Tora,0,172,0.0,nan,nan,nan,nan,nan,nan,nan,nan,0.0004997501249375312,2000,nan,nan,nan,nan,0.0004997501249375312,0.002577247589158399
morph_atomic_core_psalm,Danklied Israels,6,676,0.008797653958944282,0.00934656542554533,0.004262079303207398,0.02000131612197004,0.43096646942800787,0.09370501173161158,0.7606917447326007,0.7203227480428096,0.6871564217891054,1.0,2000,0.9948129362984726,1.0,0.999000499750125,1.0,1.0,1.0
morph_atomic_core_psalm,Danklied des Einzelnen,78,2087,0.03602771362586605,0.05329114940294903,0.027531211397508658,0.10215367430053826,0.6318479476122025,0.5080732983691,0.7391673104321034,3.756364626130688e-05,0.0074962518740629685,0.6521739130434783,2000,0.00015842059510203337,0.0008169864826963085,0.03462554437067181,0.1785664401059748,0.993503248375812,1.0
morph_atomic_core_psalm,Fluch,0,173,0.0,nan,nan,nan,nan,nan,nan,nan,nan,0.0004997501249375312,2000,nan,nan,nan,nan,0.0004997501249375312,0.002577247589158399
morph_atomic_core_psalm,Hymnus,465,4421,0.09516987310683586,0.12297368122857227,0.07665498243455623,0.17953125555813904,0.5600178035913638,0.47894218184237686,0.6514242955467175,1.0032321970240086e-05,0.03948025987006497,0.9570214892553723,2000,2.2631051886355544e-05,0.00011670997365237117,0.08703602744082505,0.448851097175473,1.0,1.0
morph_atomic_core_psalm,Klagelied des Einzelnen,1176,6123,0.1611179613645705,0.23019811669629756,0.1610162357841162,0.32142480003960666,0.6251981766085497,0.5530090091348678,0.7001489080632847,1.499706492051892e-42,0.0004997501249375312,0.6851574212893553,2000,4.0408758258064866e-42,2.0839089297776595e-41,0.0009146370211120854,0.0047168493612899,1.0,1.0
morph_atomic_core_psalm,Klagelied des Volkes,36,1484,0.02368421052631579,0.024482607291548858,0.010632844931455141,0.053177297241759056,0.5062705899970051,0.35200943250355227,0.6887747603281945,0.448858982746164,0.4172913543228386,1.0,2000,0.8428644837296503,1.0,0.7574337831084458,1.0,1.0,1.0
morph_atomic_core_psalm,Königspsalm,45,1636,0.02676977989292088,0.037487553760262485,0.0170741980216837,0.07707013792702548,0.5943493615865254,0.4712691345013329,0.7411552849051946,0.015303792145947076,0.06596701649175413,0.8210894552723638,2000,0.06454207991986376,0.33284818066534794,0.25356552492984274,1.0,1.0,1.0
morph_atomic_core_psalm,Liturgie,153,2800,0.05181171689806976,0.05031270530824739,0.0293364942322934,0.08580176915323622,0.48780578898225957,0.4062503390421513,0.597310034202438,0.6945366663748094,0.6081959020489756,1.0,2000,0.9999958825739573,1.0,0.9995002498750625,1.0,1.0,1.0
morph_atomic_core_psalm,Mischgedicht,45,1633,0.026817640047675805,0.03157309867833033,0.013401077882214892,0.08043429291453191,0.5109137919303259,0.38670366138359485,0.6486077896600158,0.40130936401682626,0.4237881059470265,1.0,2000,0.5489268202731091,1.0,0.5584407796101949,1.0,1.0,1.0
morph_atomic_core_psalm,Thronbesteigungslied,15,1006,0.014691478942213516,0.0811036111974105,0.016025066155414255,0.3778519926925569,0.67909211398277,0.3642763441564913,0.9163026647260634,0.008575606181100355,0.03548225887056472,0.495752123938031,2000,0.02028862925772523,0.10462993050444362,0.08394583196206774,0.4329147352813146,1.0,1.0
morph_atomic_core_psalm,Wallfahrtslied,0,172,0.0,nan,nan,nan,nan,nan,nan,nan,nan,0.0004997501249375312,2000,nan,nan,nan,nan,0.0004997501249375312,0.002577247589158399
morph_atomic_core_psalm,Weisheitsgedicht,45,1639,0.02672209026128266,0.02547798300867755,0.012135317690125939,0.050802151829287816,0.49510541658192664,0.36697045010194873,0.6657224376424529,0.5447198948958116,0.48225887056471767,1.0,2000,0.7140247270931585,1.0,0.6408097321202413,1.0,1.0,1.0
morph_atomic_core_psalm,Zionslied,15,1007,0.014677103718199608,0.06448295366217914,0.016366262434739026,0.18993586452989028,0.8038728897715988,0.5210671441141359,0.9423098864881922,2.622461584235919e-05,0.0034982508745627187,0.21739130434782608,2000,0.000351865073535293,0.0018145936683682314,0.019960607931328454,0.1029383007669737,0.9634557721139431,1.0
morph_atomic_core_psalm,prophetische Gerichtsrede,1,342,0.0029154518950437317,0.006944444444444444,nan,nan,0.5847953216374269,nan,nan,0.3867362779733672,0.3931965982991496,0.8640679660169915,2000,0.8811377521625174,1.0,0.8620192449165759,1.0,1.0,1.0
morph_atomic_core_psalm,"prophetische Schelt-, Droh- und Mahnrede",3,511,0.005836575875486381,0.0518602696253126,0.004238000424466996,0.5,0.49249836921069795,0.10545961065549142,0.998084587383486,0.5186573274645369,0.48825587206396803,1.0,2000,0.738727137470885,1.0,0.677314120717419,1.0,1.0,1.0
morph_atomic_core_psalm,prophetische Tora,0,172,0.0,nan,nan,nan,nan,nan,nan,nan,nan,0.0004997501249375312,2000,nan,nan,nan,nan,0.0004997501249375312,0.002577247589158399
morph_full_all,Danklied Israels,6,676,0.008797653958944282,0.013071960994134667,0.004238325015840678,0.06856348080699007,0.398422090729783,0.1031993272977416,0.9602176466410174,0.8047001273088702,0.7876061969015492,1.0,2000,0.9948129362984726,1.0,0.999000499750125,1.0,1.0,1.0
morph_full_all,Danklied des Einzelnen,78,2087,0.03602771362586605,0.06178949493837717,0.02713884399344239,0.1290611989339451,0.6550133303846768,0.5321699661990074,0.7824243496426326,1.619000724836348e-06,0.0034982508745627187,0.5677161419290355,2000,9.237827665242692e-06,4.764014632769429e-05,0.019960607931328454,0.1029383007669737,0.993503248375812,1.0
morph_full_all,Fluch,0,173,0.0,nan,nan,nan,nan,nan,nan,nan,nan,0.0004997501249375312,2000,nan,nan,nan,nan,0.0004997501249375312,0.002577247589158399
morph_full_all,Hymnus,465,4421,0.09516987310683586,0.1472427536448844,0.08992231369802828,0.22738478816696697,0.6045763985669568,0.5057490888924112,0.702757688309046,5.42984677952428e-14,0.0004997501249375312,0.7716141929035483,2000,1.9507227319031673e-13,1.0060018411285762e-12,0.0034625544370671807,0.01785664401059748,1.0,1.0
morph_full_all,Klagelied des Einzelnen,1176,6123,0.1611179613645705,0.2814019093938,0.18830893270604881,0.40811521911550297,0.6861228322784283,0.6030489001115046,0.7613620075107368,1.794024391319915e-91,0.0004997501249375312,0.47476261869065467,2000,1.5820033268911979e-90,8.158505734802084e-90,0.0009146370211120854,0.0047168493612899,1.0,1.0
morph_full_all,Klagelied des Volkes,36,1484,0.02368421052631579,0.028017048573249655,0.010819802482278588,0.05702904444298535,0.5497716382150344,0.3842317123675971,0.7241504611553334,0.1534775186483468,0.2128935532233883,0.9715142428785607,2000,0.5424802914010157,1.0,0.6880430752365753,1.0,1.0,1.0
morph_full_all,Königspsalm,45,1636,0.02676977989292088,0.03691014576629563,0.018767285117588035,0.07379644573011399,0.6380603096984515,0.4977159045744094,0.7537413363994414,0.0007783450609404368,0.01999000499750125,0.6276861569215393,2000,0.018874867727805594,0.09733905990168844,0.25356552492984274,1.0,1.0,1.0
morph_full_all,Liturgie,153,2800,0.05181171689806976,0.05073591679872929,0.02925859908862876,0.08371788142288274,0.5038632119514472,0.43581580013446686,0.5779187544074241,0.43600266036965607,0.43728135932033985,1.0,2000,0.8458451611171327,1.0,0.8483258370814593,1.0,1.0,1.0
morph_full_all,Mischgedicht,45,1633,0.026817640047675805,0.03662558482832237,0.01562948507485521,0.11971344398021197,0.5611825542627747,0.4383738467778592,0.7549056659679315,0.08045956287427863,0.1519240379810095,0.9395302348825587,2000,0.22954639996485376,1.0,0.40935088011549786,1.0,1.0,1.0
morph_full_all,Thronbesteigungslied,15,1006,0.014691478942213516,0.051650848013515674,0.012833204773896215,0.17045807558773138,0.7838634857521537,0.449633073823149,0.9146648531701063,7.902759004218589e-05,0.00399800099950025,0.25837081459270367,2000,0.0005016448879107121,0.0025870190190410178,0.022218057637847746,0.11458013240133383,0.9994561542758034,1.0
morph_full_all,Wallfahrtslied,0,172,0.0,nan,nan,nan,nan,nan,nan,nan,nan,0.0004997501249375312,2000,nan,nan,nan,nan,0.0004997501249375312,0.002577247589158399
morph_full_all,Weisheitsgedicht,45,1639,0.02672209026128266,0.040022935972350834,0.015553500000107454,0.08904360193257302,0.6151921903599756,0.4405803083503035,0.8008570772641885,0.004146787804448718,0.03948025987006497,0.7311344327836082,2000,0.026815894468768375,0.13829150994088946,0.23510744627686156,1.0,1.0,1.0
morph_full_all,Zionslied,15,1007,0.014677103718199608,0.048900886293693664,0.017128737463794085,0.17469182405643474,0.8051307514068189,0.6374636900798435,0.9313578224706173,2.4412705778187093e-05,0.0034982508745627187,0.223888055972014,2000,0.000351865073535293,0.0018145936683682314,0.019960607931328454,0.1029383007669737,0.9634557721139431,1.0
morph_full_all,prophetische Gerichtsrede,1,342,0.0029154518950437317,0.004651162790697674,nan,nan,0.37719298245614036,nan,nan,0.6661215581147394,0.6378189094547274,1.0,2000,0.9031649782132315,1.0,0.9121470847783443,1.0,1.0,1.0
morph_full_all,"prophetische Schelt-, Droh- und Mahnrede",3,511,0.005836575875486381,0.17036399471097471,0.004210526315789474,0.5,0.4187866927592955,0.07431350361092152,0.9981093798421363,0.6869891027374284,0.6546726636681659,1.0,2000,0.7753055682071512,1.0,0.7577223293115346,1.0,1.0,1.0
morph_full_all,prophetische Tora,0,172,0.0,nan,nan,nan,nan,nan,nan,nan,nan,0.0004997501249375312,2000,nan,nan,nan,nan,0.0004997501249375312,0.002577247589158399
morph_full_all_psalm,Danklied Israels,6,676,0.008797653958944282,0.010373145919617693,0.004228329809725159,0.0222436368222713,0.46671597633136097,0.0825106919944251,0.767084357808398,0.61103367844067,0.5772113943028486,1.0,2000,0.9948129362984726,1.0,0.999000499750125,1.0,1.0,1.0
morph_full_all_psalm,Danklied des Einzelnen,78,2087,0.03602771362586605,0.05440492211582051,0.026539720243880984,0.10427654724586152,0.6378128340274962,0.5221533865647576,0.758159341906309,1.7474124582931305e-05,0.00399800099950025,0.6331834082958521,2000,8.921000444970193e-05,0.0004600624540625055,0.02041084720797496,0.10526021732562725,0.993503248375812,1.0
morph_full_all_psalm,Fluch,0,173,0.0,nan,nan,nan,nan,nan,nan,nan,nan,0.0004997501249375312,2000,nan,nan,nan,nan,0.0004997501249375312,0.002577247589158399
morph_full_all_psalm,Hymnus,465,4421,0.09516987310683586,0.15182159530856104,0.09293173416001181,0.22580479016517824,0.6131357426554105,0.5165733720767773,0.7098067673938644,4.560944459755078e-16,0.0004997501249375312,0.7186406796601699,2000,2.602421250566133e-15,1.34208748718863e-14,0.0034625544370671807,0.01785664401059748,1.0,1.0
morph_full_all_psalm,Klagelied des Einzelnen,1176,6123,0.1611179613645705,0.283524033456827,0.18777798656907946,0.40414617996290386,0.6888657798575906,0.6025080727893543,0.7669071949110984,4.015678827256625e-94,0.0004997501249375312,0.4777611194402799,2000,4.869010578048657e-93,2.5109840193499154e-92,0.0009146370211120854,0.0047168493612899,1.0,1.0
morph_full_all_psalm,Klagelied des Volkes,36,1484,0.02368421052631579,0.026607238813185746,0.01127621646376935,0.05586273552280213,0.5447738843965259,0.38209304536432104,0.7148296769298452,0.179040725282755,0.21989005497251374,0.9790104947526237,2000,0.5427171985133511,1.0,0.6880430752365753,1.0,1.0,1.0
morph_full_all_psalm,Königspsalm,45,1636,0.02676977989292088,0.0341203354724439,0.01599747980051292,0.07054320656478388,0.6076745449606086,0.5021101712666021,0.7317605499059692,0.0068025702562384185,0.0399800099950025,0.7401299350324838,2000,0.050757639604240505,0.2617608236071009,0.25356552492984274,1.0,1.0,1.0
morph_full_all_psalm,Liturgie,153,2800,0.05181171689806976,0.053729182803602976,0.03196603640022498,0.0877020308249411,0.5222735760971056,0.4553843668426977,0.6077052462470188,0.17641039464970615,0.2768615692153923,0.9995002498750625,2000,0.4387643148979871,1.0,0.6597432990821662,1.0,1.0,1.0
morph_full_all_psalm,Mischgedicht,45,1633,0.026817640047675805,0.03572924652880616,0.013649117233684538,0.08783119335062219,0.5199224331496224,0.41211734383942716,0.748456310421824,0.32404624191374676,0.35782108945527236,0.9995002498750625,2000,0.4911325854005224,1.0,0.5093467758874186,1.0,1.0,1.0
morph_full_all_psalm,Thronbesteigungslied,15,1006,0.014691478942213516,0.09397193246242581,0.01871161191429263,0.35914785470259913,0.7792909211398277,0.612905024050165,0.9425746301821242,0.00010072383605053692,0.0034982508745627187,0.26486756621689156,2000,0.0005747183586412989,0.002963864200010973,0.022218057637847746,0.11458013240133383,0.9994561542758034,1.0
morph_full_all_psalm,Wallfahrtslied,0,172,0.0,nan,nan,nan,nan,nan,nan,nan,nan,0.0004997501249375312,2000,nan,nan,nan,nan,0.0004997501249375312,0.002577247589158399
morph_full_all_psalm,Weisheitsgedicht,45,1639,0.02672209026128266,0.032431098891883406,0.012743006025718024,0.06909907133224612,0.5552911667005627,0.3919692907712025,0.7390567558233897,0.10257120425953536,0.1539230384807596,0.953023488255872,2000,0.24266845885792512,1.0,0.35585616282767707,1.0,1.0,1.0
morph_full_all_psalm,Zionslied,15,1007,0.014677103718199608,0.06946813513212735,0.026520537320259798,0.20206237477821717,0.8725918570009931,0.746567092950917,0.9503995043313868,3.539936737292804e-07,0.0004997501249375312,0.127936031984008,2000,3.43373863517402e-05,0.0001770803883322389,0.019960607931328454,0.1029383007669737,0.9634557721139431,1.0
morph_full_all_psalm,prophetische Gerichtsrede,1,342,0.0029154518950437317,0.0043859649122807015,nan,nan,0.3391812865497076,nan,nan,0.7124382920027746,0.6913456728364182,1.0,2000,0.9031649782132315,1.0,0.9121470847783443,1.0,1.0,1.0
morph_full_all_psalm,"prophetische Schelt-, Droh- und Mahnrede",3,511,0.005836575875486381,0.17116755991705884,0.004597701149425287,0.5,0.5238095238095238,0.1325478645066274,0.9980858874045381,0.44419088665961776,0.392303848075962,0.9995002498750625,2000,0.738727137470885,1.0,0.677314120717419,1.0,1.0,1.0
morph_full_all_psalm,prophetische Tora,0,172,0.0,nan,nan,nan,nan,nan,nan,nan,nan,0.0004997501249375312,2000,nan,nan,nan,nan,0.0004997501249375312,0.002577247589158399
morph_gn_1_2_3gram,Danklied Israels,6,676,0.008797653958944282,0.00600986495365037,0.004132231404958678,0.011934501425330887,0.19649901380670612,0.13439602469654463,0.37008258344005474,0.9948129362984726,0.999000499750125,1.0,2000,0.9948129362984726,1.0,0.999000499750125,1.0,1.0,1.0
morph_gn_1_2_3gram,Danklied des Einzelnen,78,2087,0.03602771362586605,0.06813197378271166,0.03213782182433659,0.1167097733892985,0.7174019878859361,0.5925945674133823,0.8074686909956298,3.316942038179452e-11,0.0004997501249375312,0.37881059470264866,2000,6.434867554068137e-10,3.3185078027441693e-09,0.006059470264867566,0.03124912701854559,0.993503248375812,1.0
morph_gn_1_2_3gram,Fluch,0,173,0.0,nan,nan,nan,nan,nan,nan,nan,nan,0.0004997501249375312,2000,nan,nan,nan,nan,0.0004997501249375312,0.002577247589158399
morph_gn_1_2_3gram,Hymnus,465,4421,0.09516987310683586,0.1276689629068147,0.08190672098316179,0.19484026615113073,0.5684375402830576,0.4854054386078823,0.65420699634316,5.799086161592062e-07,0.031484257871064465,0.9280359820089955,2000,1.3393127563676904e-06,6.90693288552792e-06,0.07271364317841078,0.37498952422254705,1.0,1.0
morph_gn_1_2_3gram,Klagelied des Einzelnen,1176,6123,0.1611179613645705,0.1652551835337145,0.11791734964865573,0.22928435800713065,0.5205974517848949,0.4643556869399572,0.581876623895998,0.012515517566446876,0.21639180409795103,0.9980009995002499,2000,0.012779002146793127,0.06590223960181986,0.22094742102632897,1.0,1.0,1.0
morph_gn_1_2_3gram,Klagelied des Volkes,36,1484,0.02368421052631579,0.028827097394059576,0.009384859879005298,0.07080156818842225,0.514450434261755,0.38694894771493993,0.8238307415042437,0.3834321827747457,0.3823088455772114,0.9995002498750625,2000,0.8428644837296503,1.0,0.7574337831084458,1.0,1.0,1.0
morph_gn_1_2_3gram,Königspsalm,45,1636,0.02676977989292088,0.03504642187462026,0.016221084460835356,0.08505435182735162,0.5854930725346373,0.4588551152735514,0.6982892089951751,0.02504646830894117,0.08495752123938032,0.8615692153923038,2000,0.08377611813680322,0.43203950879274783,0.2666166916541729,1.0,1.0,1.0
morph_gn_1_2_3gram,Liturgie,153,2800,0.05181171689806976,0.048221045991317976,0.027082521758795358,0.07943132413333541,0.4690662931839402,0.40002299702341165,0.5497350164612298,0.9015616867986496,0.7626186906546727,1.0,2000,0.9999958825739573,1.0,0.9995002498750625,1.0,1.0,1.0
morph_gn_1_2_3gram,Mischgedicht,45,1633,0.026817640047675805,0.045689440559347955,0.01791322006376189,0.1872295446585621,0.5727767571613255,0.4496780755989403,0.7424388434840502,0.04768808540110096,0.12543728135932034,0.9130434782608695,2000,0.1652051529966712,0.8519749391367077,0.405984507746127,1.0,1.0,1.0
morph_gn_1_2_3gram,Thronbesteigungslied,15,1006,0.014691478942213516,0.026664912791334233,0.006484462754709202,0.1340035127713201,0.590622929092114,0.4123925592382095,0.9728244224203283,0.11393984256340639,0.14742628685657172,0.8385807096451774,2000,0.1556642919528228,0.8027720277280771,0.2049832226743771,1.0,1.0,1.0
morph_gn_1_2_3gram,Wallfahrtslied,0,172,0.0,nan,nan,nan,nan,nan,nan,nan,nan,0.0004997501249375312,2000,nan,nan,nan,nan,0.0004997501249375312,0.002577247589158399
morph_gn_1_2_3gram,Weisheitsgedicht,45,1639,0.02672209026128266,0.05627678324915843,0.015880042805058787,0.21681733666107245,0.5503423496712088,0.3950894047760577,0.7086954013665934,0.12432871695233177,0.19140429785107446,0.9790104947526237,2000,0.26537652677136886,1.0,0.3789023855419229,1.0,1.0,1.0
morph_gn_1_2_3gram,Zionslied,15,1007,0.014677103718199608,0.024973474385907177,0.008358661400249642,0.07298629461084954,0.626646805693479,0.39127913935048453,0.8208481126262124,0.04595906091095466,0.0734632683658171,0.68015992003998,2000,0.07030292015238067,0.36255725097851055,0.11681863986039767,0.6024421864558953,0.9634557721139431,1.0
morph_gn_1_2_3gram,prophetische Gerichtsrede,1,342,0.0029154518950437317,0.006369426751592357,nan,nan,0.5467836257309941,nan,nan,0.43780283349040816,0.4367183591795898,0.9855072463768116,2000,0.8847265593451998,1.0,0.8620192449165759,1.0,1.0,1.0
morph_gn_1_2_3gram,"prophetische Schelt-, Droh- und Mahnrede",3,511,0.005836575875486381,0.17039872905428163,0.004338394793926247,0.5,0.42139595564253096,0.11066388011446414,0.9980887674182283,0.6814434962064101,0.6561719140429785,1.0,2000,0.7753055682071512,1.0,0.7577223293115346,1.0,1.0,1.0
morph_gn_1_2_3gram,prophetische Tora,0,172,0.0,nan,nan,nan,nan,nan,nan,nan,nan,0.0004997501249375312,2000,nan,nan,nan,nan,0.0004997501249375312,0.002577247589158399
morph_gn_1_2_3gram_psalm,Danklied Israels,6,676,0.008797653958944282,0.006891461565324329,0.004096065344007366,0.015289687288402694,0.28451676528599606,0.06455141872406726,0.7111479751313805,0.9656268997544054,0.9865067466266867,1.0,2000,0.9948129362984726,1.0,0.999000499750125,1.0,1.0,1.0
morph_gn_1_2_3gram_psalm,Danklied des Einzelnen,78,2087,0.03602771362586605,0.06937390416190133,0.0352532032412834,0.13790943452665594,0.7045139016868772,0.5909216613491397,0.806514398938622,4.082993352379504e-10,0.0004997501249375312,0.4112943528235882,2000,4.400559502009022e-09,2.2694004066369173e-08,0.006059470264867566,0.03124912701854559,0.993503248375812,1.0
morph_gn_1_2_3gram_psalm,Fluch,0,173,0.0,nan,nan,nan,nan,nan,nan,nan,nan,0.0004997501249375312,2000,nan,nan,nan,nan,0.0004997501249375312,0.002577247589158399
morph_gn_1_2_3gram_psalm,Hymnus,465,4421,0.09516987310683586,0.1328951774232342,0.08151253158427706,0.22234213229278849,0.5825563719588571,0.4985930425488118,0.6624646621823689,2.238819605066613e-09,0.01249375312343828,0.8660669665167416,2000,5.568346197216961e-09,2.8716364631565878e-08,0.030297351324337828,0.15624563509272793,1.0,1.0
morph_gn_1_2_3gram_psalm,Klagelied des Einzelnen,1176,6123,0.1611179613645705,0.1772727432147507,0.12836536664874132,0.25095416370521484,0.5400565338008468,0.476485818399736,0.6003377254954297,6.56270664202225e-06,0.09145427286356822,0.992503748125937,2000,6.91937548126259e-06,3.568372049890906e-05,0.09538778997597976,0.4919217414532338,1.0,1.0
morph_gn_1_2_3gram_psalm,Klagelied des Volkes,36,1484,0.02368421052631579,0.026254150191017248,0.010515516961449334,0.07263841849065386,0.5138514525306979,0.3620753678096835,0.779415902888133,0.3881355806387748,0.37381309345327335,1.0,2000,0.8428644837296503,1.0,0.7574337831084458,1.0,1.0,1.0
morph_gn_1_2_3gram_psalm,Königspsalm,45,1636,0.02676977989292088,0.03409391922813222,0.015578133127170208,0.0766389246664252,0.5707280630263515,0.43555962560957445,0.7059368430034728,0.052531780392974195,0.12343828085957022,0.9195402298850575,2000,0.11850192321205807,0.6111230006137297,0.27083197531668946,1.0,1.0,1.0
morph_gn_1_2_3gram_psalm,Liturgie,153,2800,0.05181171689806976,0.04598228415669145,0.026171625626319955,0.07278279041688496,0.4590802987861811,0.39450570765512044,0.542044875738535,0.95609680822499,0.8435782108945528,1.0,2000,0.9999958825739573,1.0,0.9995002498750625,1.0,1.0,1.0
morph_gn_1_2_3gram_psalm,Mischgedicht,45,1633,0.026817640047675805,0.03338467339797381,0.01477987397263086,0.06619279909458625,0.547860107504933,0.4198710915523976,0.7165463733200372,0.136392480833969,0.2128935532233883,0.9835082458770614,2000,0.3076760614161626,1.0,0.43729177078127607,1.0,1.0,1.0
morph_gn_1_2_3gram_psalm,Thronbesteigungslied,15,1006,0.014691478942213516,0.025945347919633793,0.005945434864165823,0.19005207339605878,0.5529158383035122,0.3683835810308882,0.9296365873095078,0.24074114892577636,0.2538730634682659,0.975512243878061,2000,0.27472813465647417,1.0,0.28634519949327664,1.0,1.0,1.0
morph_gn_1_2_3gram_psalm,Wallfahrtslied,0,172,0.0,nan,nan,nan,nan,nan,nan,nan,nan,0.0004997501249375312,2000,nan,nan,nan,nan,0.0004997501249375312,0.002577247589158399
morph_gn_1_2_3gram_psalm,Weisheitsgedicht,45,1639,0.02672209026128266,0.06519858430303768,0.016777903706687844,0.39302584668469903,0.5103857365602332,0.3679895455819915,0.6802354394237445,0.40599085247969263,0.39430284857571213,1.0,2000,0.5972174468251366,1.0,0.5708563628633444,1.0,1.0,1.0
morph_gn_1_2_3gram_psalm,Zionslied,15,1007,0.014677103718199608,0.023785550978357925,0.00798660142527672,0.05827549634269218,0.629427341939755,0.33140077074158475,0.843442057720668,0.042500605273608764,0.08095952023988005,0.6606696651674163,2000,0.06674285162108315,0.3441977197214206,0.1189859615646722,0.613619221455077,0.9634557721139431,1.0
morph_gn_1_2_3gram_psalm,prophetische Gerichtsrede,1,342,0.0029154518950437317,0.006060606060606061,nan,nan,0.5233918128654971,nan,nan,0.4698105014491167,0.4532266133066533,0.9985007496251874,2000,0.8935611498149866,1.0,0.8620192449165759,1.0,1.0,1.0
morph_gn_1_2_3gram_psalm,"prophetische Schelt-, Droh- und Mahnrede",3,511,0.005836575875486381,0.17100980177017042,0.004630019894135749,0.5,0.5048923679060665,0.14818189499391793,0.998076557546261,0.4891139399582159,0.45977011494252873,1.0,2000,0.738727137470885,1.0,0.677314120717419,1.0,1.0,1.0
morph_gn_1_2_3gram_psalm,prophetische Tora,0,172,0.0,nan,nan,nan,nan,nan,nan,nan,nan,0.0004997501249375312,2000,nan,nan,nan,nan,0.0004997501249375312,0.002577247589158399
morph_gn_1_2gram,Danklied Israels,6,676,0.008797653958944282,0.00629521566426155,0.004348659024546667,0.012251451411112006,0.2359467455621302,0.17567567567567569,0.40984779423212225,0.9871295083894773,0.9985007496251874,1.0,2000,0.9948129362984726,1.0,0.999000499750125,1.0,1.0,1.0
morph_gn_1_2gram,Danklied des Einzelnen,78,2087,0.03602771362586605,0.07089090100607794,0.03331507543205243,0.12452430565383352,0.7250746378681213,0.6010454528413658,0.823613790092387,6.941293538146476e-12,0.0004997501249375312,0.3698150924537731,2000,3.279187712425277e-10,1.6911008531118027e-09,0.006059470264867566,0.03124912701854559,0.993503248375812,1.0
morph_gn_1_2gram,Fluch,0,173,0.0,nan,nan,nan,nan,nan,nan,nan,nan,0.0004997501249375312,2000,nan,nan,nan,nan,0.0004997501249375312,0.002577247589158399
morph_gn_1_2gram,Hymnus,465,4421,0.09516987310683586,0.12301869321743308,0.0809249131063475,0.18988995623117694,0.5687921527995661,0.4858191663950727,0.6458491066122387,5.104243828990577e-07,0.0239880059970015,0.9165417291354323,2000,1.2075893936880144e-06,6.227625964004953e-06,0.05675211174900354,0.2926747506127197,1.0,1.0
morph_gn_1_2gram,Klagelied des Einzelnen,1176,6123,0.1611179613645705,0.16494326306709256,0.11923848523032447,0.22924049864542392,0.5175306444642205,0.46448688019283924,0.5844760601530988,0.028243108894290728,0.22688655672163918,0.9995002498750625,2000,0.028537307945272924,0.14716896391415396,0.22924995835415626,1.0,1.0,1.0
morph_gn_1_2gram,Klagelied des Volkes,36,1484,0.02368421052631579,0.0310058986702323,0.010316143340856114,0.08482672842300171,0.4962189278227014,0.3684071294489942,0.8519793625033278,0.531013788974801,0.48875562218890556,1.0,2000,0.8428644837296503,1.0,0.7574337831084458,1.0,1.0,1.0
morph_gn_1_2gram,Königspsalm,45,1636,0.02676977989292088,0.0399374372715204,0.01625863280071006,0.0996232412720734,0.5903966313501766,0.45194247288686457,0.7293196081866047,0.019153760268841177,0.06596701649175413,0.8225887056471765,2000,0.0663540980741998,0.34219288952431526,0.25356552492984274,1.0,1.0,1.0
morph_gn_1_2gram,Liturgie,153,2800,0.05181171689806976,0.048555560644962456,0.027463021419827604,0.07448254822868484,0.4825443510737628,0.40698916696880355,0.5575574948366147,0.766766983917434,0.6416791604197901,1.0,2000,0.9999958825739573,1.0,0.9995002498750625,1.0,1.0,1.0
morph_gn_1_2gram,Mischgedicht,45,1633,0.026817640047675805,0.042291185963896846,0.016540712048931906,0.1805904667233625,0.5551677213036674,0.4624749123093045,0.732645983864893,0.1030893729990417,0.17841079460269865,0.9590204897551224,2000,0.263149188971238,1.0,0.43729177078127607,1.0,1.0,1.0
morph_gn_1_2gram,Thronbesteigungslied,15,1006,0.014691478942213516,0.05594875134776009,0.008017000258504898,0.4644087382107862,0.597117296222664,0.3826671549949849,0.9749414810899428,0.09812921708106259,0.13343328335832083,0.7996001999000499,2000,0.13997844201269222,0.721878963524931,0.19317952963816598,0.9962408255464684,1.0,1.0
morph_gn_1_2gram,Wallfahrtslied,0,172,0.0,nan,nan,nan,nan,nan,nan,nan,nan,0.0004997501249375312,2000,nan,nan,nan,nan,0.0004997501249375312,0.002577247589158399
morph_gn_1_2gram,Weisheitsgedicht,45,1639,0.02672209026128266,0.0364270715344035,0.0142151759041596,0.13265190857146048,0.5573520439292251,0.4173507939254805,0.7248643376770935,0.0943779705402572,0.16141929035482258,0.9515242378810594,2000,0.2288665785601237,1.0,0.35585616282767707,1.0,1.0,1.0
morph_gn_1_2gram,Zionslied,15,1007,0.014677103718199608,0.03182405792180252,0.009223805949447501,0.110807706072353,0.7074809665673618,0.4772934427294211,0.9001916054032858,0.002878100729490789,0.02148925537231384,0.40879560219890054,2000,0.008440194888073722,0.0435266963265574,0.057901604753178966,0.2986027692883245,0.9634557721139431,1.0
morph_gn_1_2gram,prophetische Gerichtsrede,1,342,0.0029154518950437317,0.00546448087431694,nan,nan,0.47076023391812866,nan,nan,0.5422265601692997,0.5242621310655328,1.0,2000,0.9031649782132315,1.0,0.908096905595655,1.0,1.0,1.0
morph_gn_1_2gram,"prophetische Schelt-, Droh- und Mahnrede",3,511,0.005836575875486381,0.17069076446160145,0.004629629629629629,0.5,0.4637964774951076,0.17186836387157833,0.9980807507522753,0.5864122637655479,0.5397301349325337,1.0,2000,0.738727137470885,1.0,0.6799197803695556,1.0,1.0,1.0
morph_gn_1_2gram,prophetische Tora,0,172,0.0,nan,nan,nan,nan,nan,nan,nan,nan,0.0004997501249375312,2000,nan,nan,nan,nan,0.0004997501249375312,0.002577247589158399
morph_gn_1_2gram_psalm,Danklied Israels,6,676,0.008797653958944282,0.007372064360102019,0.004179412711032297,0.0165457446458228,0.3192800788954635,0.10995108749888172,0.743105055670071,0.9365725885450932,0.9660169915042479,1.0,2000,0.9948129362984726,1.0,0.999000499750125,1.0,1.0,1.0
morph_gn_1_2gram_psalm,Danklied des Einzelnen,78,2087,0.03602771362586605,0.06786393366411224,0.03473105011386049,0.13113836613572954,0.708826311844999,0.5968631906578509,0.8124241368988917,1.7916895759685812e-10,0.0004997501249375312,0.4102948525737131,2000,2.172423610861905e-09,1.1203345900962981e-08,0.006059470264867566,0.03124912701854559,0.993503248375812,1.0
morph_gn_1_2gram_psalm,Fluch,0,173,0.0,nan,nan,nan,nan,nan,nan,nan,nan,0.0004997501249375312,2000,nan,nan,nan,nan,0.0004997501249375312,0.002577247589158399
morph_gn_1_2gram_psalm,Hymnus,465,4421,0.09516987310683586,0.13377361223091588,0.08219925945740107,0.22559480352171996,0.5891621853665181,0.5034881702808496,0.6732951695225974,1.1879311828581982e-10,0.004997501249375313,0.8315842078960519,2000,3.1143060739796003e-10,1.6060701979951635e-09,0.012429682594600137,0.06410077337137557,1.0,1.0
morph_gn_1_2gram_psalm,Klagelied des Einzelnen,1176,6123,0.1611179613645705,0.17521079501612716,0.12712338414927274,0.24458891370856703,0.5397986403445912,0.48434719574805407,0.6037152221744447,7.457300786577399e-06,0.07846076961519241,0.9900049975012494,2000,7.77804490643019e-06,4.011194091440941e-05,0.08272494187688766,0.4266185166879703,1.0,1.0
morph_gn_1_2gram_psalm,Klagelied des Volkes,36,1484,0.02368421052631579,0.024931589354703482,0.009893410000353485,0.0654617014182571,0.4927747828691225,0.3539068743569749,0.7729132493777845,0.5590368267048376,0.5087456271864068,1.0,2000,0.8428644837296503,1.0,0.7574337831084458,1.0,1.0,1.0
morph_gn_1_2gram_psalm,Königspsalm,45,1636,0.02676977989292088,0.03520064596519685,0.014214798111839701,0.08284320190531914,0.5774381961423526,0.44203530228149146,0.7199743133243931,0.037984593835184134,0.08695652173913043,0.8755622188905547,2000,0.10467387322579855,0.5398107453255415,0.2666166916541729,1.0,1.0,1.0
morph_gn_1_2gram_psalm,Liturgie,153,2800,0.05181171689806976,0.046883805148323285,0.02621746807469344,0.07435064717937867,0.4709173669467787,0.4088067071808774,0.5536094240714721,0.8874887361090353,0.7561219390304847,1.0,2000,0.9999958825739573,1.0,0.9995002498750625,1.0,1.0,1.0
morph_gn_1_2gram_psalm,Mischgedicht,45,1633,0.026817640047675805,0.0318098827281809,0.014813930813005628,0.06136128142859366,0.544213104715248,0.4443021060566634,0.7345495521829998,0.1555081246395017,0.21639180409795103,0.9845077461269365,2000,0.3237168043835924,1.0,0.43729177078127607,1.0,1.0,1.0
morph_gn_1_2gram_psalm,Thronbesteigungslied,15,1006,0.014691478942213516,0.056301391608776154,0.006395399287002202,0.3725561419184346,0.557223326706428,0.3881339128137928,0.9922072826499768,0.2232516821079158,0.2273863068465767,0.9500249875062469,2000,0.26090859234298597,1.0,0.27469598534066303,1.0,1.0,1.0
morph_gn_1_2gram_psalm,Wallfahrtslied,0,172,0.0,nan,nan,nan,nan,nan,nan,nan,nan,0.0004997501249375312,2000,nan,nan,nan,nan,0.0004997501249375312,0.002577247589158399
morph_gn_1_2gram_psalm,Weisheitsgedicht,45,1639,0.02672209026128266,0.05036924228688748,0.017284304043694482,0.34512065206976544,0.5225747406955461,0.40034781172114065,0.6852794765859511,0.3024998482902303,0.31584207896051975,0.999000499750125,2000,0.48102434892053014,1.0,0.5022406829372199,1.0,1.0,1.0
morph_gn_1_2gram_psalm,Zionslied,15,1007,0.014677103718199608,0.02920235488627327,0.008936836368380838,0.08282572336911229,0.7060906984442238,0.40167729190089024,0.869190729982812,0.0030454311451812398,0.01899050474762619,0.41629185407296354,2000,0.008440194888073722,0.0435266963265574,0.05263082744342115,0.27142098896108174,0.9634557721139431,1.0
morph_gn_1_2gram_psalm,prophetische Gerichtsrede,1,342,0.0029154518950437317,0.005780346820809248,nan,nan,0.5,nan,nan,0.5020145494358175,0.4817408704352176,1.0,2000,0.9017668758384129,1.0,0.881676687400304,1.0,1.0,1.0
morph_gn_1_2gram_psalm,"prophetische Schelt-, Droh- und Mahnrede",3,511,0.005836575875486381,0.1711427715616364,0.004654221193062839,0.5,0.5185909980430529,0.15405192179287308,0.9980694980694981,0.45653669352354853,0.4207896051974013,0.9995002498750625,2000,0.738727137470885,1.0,0.677314120717419,1.0,1.0,1.0
morph_gn_1_2gram_psalm,prophetische Tora,0,172,0.0,nan,nan,nan,nan,nan,nan,nan,nan,0.0004997501249375312,2000,nan,nan,nan,nan,0.0004997501249375312,0.002577247589158399
morph_gn_1gram,Danklied Israels,6,676,0.008797653958944282,0.007019220658513884,0.004258671031960212,0.014346734346586232,0.3079388560157791,0.1598746826550041,0.6368341366991707,0.947637066909635,0.9780109945027486,1.0,2000,0.9948129362984726,1.0,0.999000499750125,1.0,1.0,1.0
morph_gn_1gram,Danklied des Einzelnen,78,2087,0.03602771362586605,0.06124276152799515,0.02966630675847583,0.11449271762519742,0.6894757534431708,0.5744704861437143,0.8041168869273481,6.3498752813085344e-09,0.0009995002498750624,0.49375312343828087,2000,5.1328158523910656e-08,2.6470303099618943e-07,0.008079293686490088,0.04166550269139412,0.993503248375812,1.0
morph_gn_1gram,Fluch,0,173,0.0,nan,nan,nan,nan,nan,nan,nan,nan,0.0004997501249375312,2000,nan,nan,nan,nan,0.0004997501249375312,0.002577247589158399
morph_gn_1gram,Hymnus,465,4421,0.09516987310683586,0.12257282293947215,0.07858421323029857,0.18221087096311817,0.5881815285307416,0.5018056845541017,0.6671250246545273,1.86213575361056e-10,0.00399800099950025,0.8370814592703648,2000,4.753346528953272e-10,2.4513352315240708e-09,0.011080174198614977,0.05714126083391194,1.0,1.0
morph_gn_1gram,Klagelied des Einzelnen,1176,6123,0.1611179613645705,0.1657770250468209,0.12253101377552401,0.23567977362256914,0.509891193125952,0.46637768248046924,0.5784054058690546,0.14093684217232677,0.31634182908545727,1.0,2000,0.14093684217232677,0.7268215025611662,0.31634182908545727,1.0,1.0,1.0
morph_gn_1gram,Klagelied des Volkes,36,1484,0.02368421052631579,0.024137970135957906,0.009016008368990016,0.05241613427917113,0.48646675651392635,0.35880946283057813,0.7864488043578809,0.6095065049557495,0.5622188905547226,1.0,2000,0.8428644837296503,1.0,0.7574337831084458,1.0,1.0,1.0
morph_gn_1gram,Königspsalm,45,1636,0.02676977989292088,0.0326439983650193,0.014514051931465858,0.06482141065719678,0.5833740831295844,0.44834986890807405,0.7137152135094954,0.028027574383566362,0.08295852073963018,0.8575712143928036,2000,0.09062249050686458,0.46734674695987566,0.2666166916541729,1.0,1.0,1.0
morph_gn_1gram,Liturgie,153,2800,0.05181171689806976,0.05460739079397063,0.03131223088644269,0.08638059504048709,0.5307796451914099,0.44233115565269165,0.6003112007267882,0.09957498831579009,0.20739630184907545,0.9920039980009995,2000,0.3049412628408766,1.0,0.6216303612899432,1.0,1.0,1.0
morph_gn_1gram,Mischgedicht,45,1633,0.026817640047675805,0.03090816130967566,0.013020382169266268,0.11010907919342068,0.521119956453698,0.42518187006952124,0.6807181132495004,0.31424338725931344,0.3293353323338331,0.9985007496251874,2000,0.4838350565738636,1.0,0.5070718608949494,1.0,1.0,1.0
morph_gn_1gram,Thronbesteigungslied,15,1006,0.014691478942213516,0.0933014509831182,0.010518205977284116,1.0,0.622829688535454,0.4094377566273603,0.9964488054688807,0.05107253035706919,0.07946026986506746,0.7026486756621689,2000,0.07990379749412438,0.4120696707821223,0.1284607696151924,0.6624814927931666,1.0,1.0
morph_gn_1gram,Wallfahrtslied,0,172,0.0,nan,nan,nan,nan,nan,nan,nan,nan,0.0004997501249375312,2000,nan,nan,nan,nan,0.0004997501249375312,0.002577247589158399
morph_gn_1gram,Weisheitsgedicht,45,1639,0.02672209026128266,0.03263664168473266,0.01278373390768111,0.08292730943804516,0.5724967798793302,0.3963099616227678,0.7632237044041065,0.04832027024416981,0.10694652673663169,0.8995502248875562,2000,0.14203230950559004,0.732470906939019,0.3143579725288871,1.0,1.0,1.0
morph_gn_1gram,Zionslied,15,1007,0.014677103718199608,0.02252467798712111,0.007723952851025576,0.09927290905288824,0.6371731214829527,0.41199115223415395,0.9061960183810271,0.033964169944636906,0.06496751624187906,0.6426786606696652,2000,0.055839398044572545,0.28796781993485204,0.1076326243657832,0.5550692392446741,0.9634557721139431,1.0
morph_gn_1gram,prophetische Gerichtsrede,1,342,0.0029154518950437317,0.005847953216374269,nan,nan,0.5058479532163743,nan,nan,0.4939565571692431,0.4747373686843422,1.0,2000,0.9017668758384129,1.0,0.881676687400304,1.0,1.0,1.0
morph_gn_1gram,"prophetische Schelt-, Droh- und Mahnrede",3,511,0.005836575875486381,0.17081650401812964,0.004867265624981133,0.5,0.482061317677756,0.20283783193971966,0.9980743624159291,0.5434633064764515,0.5027486256871564,1.0,2000,0.738727137470885,1.0,0.677314120717419,1.0,1.0,1.0
morph_gn_1gram,prophetische Tora,0,172,0.0,nan,nan,nan,nan,nan,nan,nan,nan,0.0004997501249375312,2000,nan,nan,nan,nan,0.0004997501249375312,0.002577247589158399
morph_gn_1gram_psalm,Danklied Israels,6,676,0.008797653958944282,0.008799841348438472,0.004247289745126458,0.02234741447618697,0.39669625246548323,0.09095533080565252,0.8051409594394693,0.8086955026027018,0.8050974512743628,1.0,2000,0.9948129362984726,1.0,0.999000499750125,1.0,1.0,1.0
morph_gn_1gram_psalm,Danklied des Einzelnen,78,2087,0.03602771362586605,0.05564524070180928,0.029314845754677354,0.1036785983398272,0.6702050544887153,0.5613097028865105,0.7723550700224031,1.5994278647234976e-07,0.001999000499750125,0.5427286356821589,2000,1.0342966858545285e-06,5.333942918826305e-06,0.012926869898384142,0.06666480430623059,0.993503248375812,1.0
morph_gn_1gram_psalm,Fluch,0,173,0.0,nan,nan,nan,nan,nan,nan,nan,nan,0.0004997501249375312,2000,nan,nan,nan,nan,0.0004997501249375312,0.002577247589158399
morph_gn_1gram_psalm,Hymnus,465,4421,0.09516987310683586,0.14050757372130124,0.0858881953555711,0.23698902557838147,0.608097229012071,0.5194374395509321,0.7039627826057548,7.945036109265097e-15,0.0009995002498750624,0.750624687656172,2000,3.5030386481759743e-14,1.8065424019391194e-13,0.005386195790993392,0.02777700179426275,1.0,1.0
morph_gn_1gram_psalm,Klagelied des Einzelnen,1176,6123,0.1611179613645705,0.1700748069838038,0.1252299270532652,0.23717456305498522,0.5252281461335147,0.4771861674697113,0.5931087825773722,0.003028064161869735,0.15792103948025987,0.9970014992503748,2000,0.0031247045074613224,0.01611432745453284,0.16296107265516177,0.840402054285992,1.0,1.0
morph_gn_1gram_psalm,Klagelied des Volkes,36,1484,0.02368421052631579,0.02200208843679302,0.00976589819381746,0.04863526470926738,0.47304582210242585,0.332764318542604,0.7420373323234867,0.710062808848063,0.657671164417791,1.0,2000,0.9183478994434948,1.0,0.8393960914279702,1.0,1.0,1.0
morph_gn_1gram_psalm,Königspsalm,45,1636,0.02676977989292088,0.03084599938826759,0.014707154185726158,0.06557325385773478,0.5618581907090464,0.43402286344753555,0.6881423384109391,0.07816741789657565,0.13893053473263367,0.9290354822588706,2000,0.15473958236669058,0.7980032334194636,0.276015053697641,1.0,1.0,1.0
morph_gn_1gram_psalm,Liturgie,153,2800,0.05181171689806976,0.052730180948834485,0.02971149629260165,0.08234088126028037,0.5195681605975724,0.457039631175366,0.6103224428815591,0.20717265284802006,0.296351824087956,0.999000499750125,2000,0.47847017443471296,1.0,0.684431593726946,1.0,1.0,1.0
morph_gn_1gram_psalm,Mischgedicht,45,1633,0.026817640047675805,0.029822699332967478,0.012792449027800102,0.06034251888490652,0.5189562495747432,0.4204123548046737,0.703740785080982,0.33204569838858755,0.33983008495752126,0.999000499750125,2000,0.4955143499029691,1.0,0.5093467758874186,1.0,1.0,1.0
morph_gn_1gram_psalm,Thronbesteigungslied,15,1006,0.014691478942213516,0.03167162621157684,0.009994858196121231,0.5560874936923358,0.6358846918489066,0.49161622809645267,0.9902295688890257,0.035278587401801044,0.063968015992004,0.6571714142928535,2000,0.05800038945719833,0.29911220916152403,0.11490551020785902,0.5925760382776052,1.0,1.0
morph_gn_1gram_psalm,Wallfahrtslied,0,172,0.0,nan,nan,nan,nan,nan,nan,nan,nan,0.0004997501249375312,2000,nan,nan,nan,nan,0.0004997501249375312,0.002577247589158399
morph_gn_1gram_psalm,Weisheitsgedicht,45,1639,0.02672209026128266,0.029520340197811606,0.012336813121140749,0.07509917164087572,0.5338960070503694,0.3958891839074804,0.7029325565893515,0.21867062176338525,0.2433783108445777,0.9940029985007496,2000,0.38565546020087943,1.0,0.4309935941120349,1.0,1.0,1.0
morph_gn_1gram_psalm,Zionslied,15,1007,0.014677103718199608,0.023883376022821097,0.0076417185293958505,0.19351126257036708,0.6330685203574975,0.4163166396408579,0.8681900289852164,0.038293221620450534,0.06946526736631684,0.6656671664167916,2000,0.0619073749530617,0.31926081633065556,0.11230218224221222,0.5791504874103782,0.9634557721139431,1.0
morph_gn_1gram_psalm,prophetische Gerichtsrede,1,342,0.0029154518950437317,0.005494505494505495,nan,nan,0.47368421052631576,nan,nan,0.5382179571827904,0.512256128064032,1.0,2000,0.9031649782132315,1.0,0.9034335349492928,1.0,1.0,1.0
morph_gn_1gram_psalm,"prophetische Schelt-, Droh- und Mahnrede",3,511,0.005836575875486381,0.1712715662798551,0.004796163069544364,0.5,0.5322896281800391,0.1835312054753647,0.9980694980694981,0.42424914405457953,0.3728135932033983,0.9940029985007496,2000,0.738727137470885,1.0,0.677314120717419,1.0,1.0,1.0
morph_gn_1gram_psalm,prophetische Tora,0,172,0.0,nan,nan,nan,nan,nan,nan,nan,nan,0.0004997501249375312,2000,nan,nan,nan,nan,0.0004997501249375312,0.002577247589158399
morph_gn_sp_plus,Danklied Israels,6,676,0.008797653958944282,0.007037222088154167,0.004129281585197262,0.016457563235351642,0.30177514792899407,0.08395970808994065,0.7583009751029312,0.9529734150905508,0.9715142428785607,1.0,2000,0.9948129362984726,1.0,0.999000499750125,1.0,1.0,1.0
morph_gn_sp_plus,Danklied des Einzelnen,78,2087,0.03602771362586605,0.05876182040219729,0.02889300814749534,0.10431357210999069,0.6896170432346762,0.580574784849281,0.7766008251414168,6.193978362101898e-09,0.0014992503748125937,0.45177411294352826,2000,5.1328158523910656e-08,2.6470303099618943e-07,0.010387663311201542,0.05356993203179244,0.993503248375812,1.0
morph_gn_sp_plus,Fluch,0,173,0.0,nan,nan,nan,nan,nan,nan,nan,nan,0.0004997501249375312,2000,nan,nan,nan,nan,0.0004997501249375312,0.002577247589158399
morph_gn_sp_plus,Hymnus,465,4421,0.09516987310683586,0.13209176869344966,0.0851855804570761,0.1961260907018868,0.596599805911668,0.5055474952448242,0.6839445394181028,3.364991265547167e-12,0.0014992503748125937,0.8135932033983009,2000,1.0880138425269173e-11,5.6109661862995516e-11,0.005817091454272863,0.029999161937803765,1.0,1.0
morph_gn_sp_plus,Klagelied des Einzelnen,1176,6123,0.1611179613645705,0.1991524981487077,0.13675123113724302,0.28168529860748565,0.557755913078934,0.4962196053714828,0.632185025235212,1.6537384573997113e-10,0.014992503748125937,0.9525237381309345,2000,1.8228707996337727e-10,9.40067673678047e-10,0.016715780041013976,0.08620448832702232,1.0,1.0
morph_gn_sp_plus,Klagelied des Volkes,36,1484,0.02368421052631579,0.023622347878353045,0.008613769261225571,0.07484013806916379,0.45565663372267146,0.3450650950006116,0.6614397731971964,0.8187397046454333,0.7721139430284858,1.0,2000,0.9424280079684193,1.0,0.8873172109597375,1.0,1.0,1.0
morph_gn_sp_plus,Königspsalm,45,1636,0.02676977989292088,0.03635735168766833,0.015010582964834237,0.07759820603593737,0.5746672099972834,0.4407550419795015,0.7506826928108417,0.04353473716810866,0.11044477761119441,0.8985507246376812,2000,0.10827870526427026,0.5584011252311664,0.27083197531668946,1.0,1.0,1.0
morph_gn_sp_plus,Liturgie,153,2800,0.05181171689806976,0.052127932733955794,0.029535511075497237,0.0830676325294682,0.5202077497665732,0.4319644991371499,0.6037339578725819,0.19962756074665927,0.27886056971514245,0.9995002498750625,2000,0.4722895949372182,1.0,0.6597432990821662,1.0,1.0,1.0
morph_gn_sp_plus,Mischgedicht,45,1633,0.026817640047675805,0.037481156271188525,0.012231217396688069,0.12661120458162817,0.5441450636184255,0.42354317765768834,0.7162985568901105,0.15588078975994502,0.2353823088455772,0.9860069965017492,2000,0.3237168043835924,1.0,0.43798276300446265,1.0,1.0,1.0
morph_gn_sp_plus,Thronbesteigungslied,15,1006,0.014691478942213516,0.026084536280600368,0.008275807071720157,0.10303992193503002,0.654572564612326,0.4005918828992077,0.8857020243422498,0.019839704615335706,0.04447776111944028,0.5717141429285357,2000,0.039274517299746195,0.20254153020728757,0.09379006149099364,0.48368213993922743,1.0,1.0
morph_gn_sp_plus,Wallfahrtslied,0,172,0.0,nan,nan,nan,nan,nan,nan,nan,nan,0.0004997501249375312,2000,nan,nan,nan,nan,0.0004997501249375312,0.002577247589158399
morph_gn_sp_plus,Weisheitsgedicht,45,1639,0.02672209026128266,0.030725802291028614,0.013088300014725461,0.08300871765110515,0.5268591959867127,0.3719324472069249,0.6520885077585835,0.2691395191730166,0.29235382308845576,0.999000499750125,2000,0.4424836162675019,1.0,0.4806495057555968,1.0,1.0,1.0
morph_gn_sp_plus,Zionslied,15,1007,0.014677103718199608,0.038824413746215335,0.007941538895039974,0.3261132573005315,0.5979808010592519,0.37078905389810823,0.9767071372191354,0.0961526386759512,0.13543228385807096,0.8075962018990505,2000,0.11658507439459082,0.6012376724325389,0.16020648212479124,0.8261964314171566,0.9802876339607973,1.0
morph_gn_sp_plus,prophetische Gerichtsrede,1,342,0.0029154518950437317,0.006896551724137931,nan,nan,0.5818713450292398,nan,nan,0.39060745714420875,0.39619809904952474,0.8645677161419291,2000,0.8811377521625174,1.0,0.8620192449165759,1.0,1.0,1.0
morph_gn_sp_plus,"prophetische Schelt-, Droh- und Mahnrede",3,511,0.005836575875486381,0.1715317857295541,0.005454597122902343,0.5,0.5570776255707762,0.2911737063174103,0.9980694980694981,0.36723543702955874,0.3473263368315842,0.9540229885057471,2000,0.738727137470885,1.0,0.677314120717419,1.0,1.0,1.0
morph_gn_sp_plus,prophetische Tora,0,172,0.0,nan,nan,nan,nan,nan,nan,nan,nan,0.0004997501249375312,2000,nan,nan,nan,nan,0.0004997501249375312,0.002577247589158399
morph_gn_sp_plus_psalm,Danklied Israels,6,676,0.008797653958944282,0.008354422083658244,0.004214434749515267,0.01671699466564111,0.40606508875739644,0.07627314440130875,0.6884772256567824,0.7864053064026012,0.7741129435282359,1.0,2000,0.9948129362984726,1.0,0.999000499750125,1.0,1.0,1.0
morph_gn_sp_plus_psalm,Danklied des Einzelnen,78,2087,0.03602771362586605,0.05827992250097258,0.029018384950588706,0.11341509580512266,0.6799049058272825,0.5822529102423567,0.7838995490377348,3.283467397916264e-08,0.0004997501249375312,0.4947526236881559,2000,2.449971827675982e-07,1.2634682156754229e-06,0.006059470264867566,0.03124912701854559,0.993503248375812,1.0
morph_gn_sp_plus_psalm,Fluch,0,173,0.0,nan,nan,nan,nan,nan,nan,nan,nan,0.0004997501249375312,2000,nan,nan,nan,nan,0.0004997501249375312,0.002577247589158399
morph_gn_sp_plus_psalm,Hymnus,465,4421,0.09516987310683586,0.1380271827833333,0.08553130315209323,0.20790555061493834,0.6068597334812101,0.5137634084232827,0.6870033914965576,1.5722443883511308e-14,0.0014992503748125937,0.7736131934032984,2000,6.354487736252488e-14,3.277055348538527e-13,0.005817091454272863,0.029999161937803765,1.0,1.0
morph_gn_sp_plus_psalm,Klagelied des Einzelnen,1176,6123,0.1611179613645705,0.19897996315359265,0.14006105743625172,0.28469973925342373,0.5664794335176501,0.5040901084897637,0.6384914363693527,2.3670187691303385e-13,0.009995002498750625,0.9290354822588706,2000,2.766274947055938e-13,1.4265880251936638e-12,0.01182335661437574,0.060973906377649933,1.0,1.0
morph_gn_sp_plus_psalm,Klagelied des Volkes,36,1484,0.02368421052631579,0.02064685390635848,0.008178249361870619,0.040877896720527024,0.4316786463012878,0.31219439338665794,0.6164750627750328,0.9196687321321999,0.8730634682658671,1.0,2000,0.9424280079684193,1.0,0.8914437518083065,1.0,1.0,1.0
morph_gn_sp_plus_psalm,Königspsalm,45,1636,0.02676977989292088,0.03626954821822655,0.01613677177602693,0.08209777025518117,0.5801820157565879,0.4409483327367486,0.7279085797823404,0.033071668826313454,0.0879560219890055,0.8780609695152424,2000,0.09721066291370925,0.5013224292163287,0.2666166916541729,1.0,1.0,1.0
morph_gn_sp_plus_psalm,Liturgie,153,2800,0.05181171689806976,0.05114265951600132,0.02911773819926668,0.08192192809391645,0.5143650793650794,0.4370091032517066,0.6160722699210776,0.2745146708070251,0.3288355822088955,1.0,2000,0.5800970060214583,1.0,0.7281902526997371,1.0,1.0,1.0
morph_gn_sp_plus_psalm,Mischgedicht,45,1633,0.026817640047675805,0.03539277493619082,0.013572857913417169,0.11285857621958803,0.5337892086820439,0.43781195946838825,0.7263615380914058,0.2194051690457331,0.29485257371314344,0.9945027486256871,2000,0.39411669254511317,1.0,0.4839496918207563,1.0,1.0,1.0
morph_gn_sp_plus_psalm,Thronbesteigungslied,15,1006,0.014691478942213516,0.031167062895955874,0.008830531974960443,0.10437677663458024,0.6584824387011265,0.45613916887951433,0.8934189456412325,0.017467323182859665,0.04097951024487756,0.5647176411794103,2000,0.03604958188802952,0.18591030472019585,0.09244215101751449,0.47673086800385833,1.0,1.0
morph_gn_sp_plus_psalm,Wallfahrtslied,0,172,0.0,nan,nan,nan,nan,nan,nan,nan,nan,0.0004997501249375312,2000,nan,nan,nan,nan,0.0004997501249375312,0.002577247589158399
morph_gn_sp_plus_psalm,Weisheitsgedicht,45,1639,0.02672209026128266,0.025696988530540445,0.01167247318938208,0.054892208305437055,0.4816961561928005,0.3537287033645557,0.6079088327356159,0.6626302530778281,0.5987006496751625,1.0,2000,0.8136092980829029,1.0,0.7351134559302628,1.0,1.0,1.0
morph_gn_sp_plus_psalm,Zionslied,15,1007,0.014677103718199608,0.05042100972042473,0.007078051447698103,0.3376793711824725,0.6234690499834492,0.4020049719462499,0.9777564213417351,0.05018464993760524,0.09295352323838081,0.6991504247876063,2000,0.07054943541953201,0.36382854806530157,0.12880702505889913,0.6642671571942262,0.9634557721139431,1.0
morph_gn_sp_plus_psalm,prophetische Gerichtsrede,1,342,0.0029154518950437317,0.006666666666666667,nan,nan,0.5672514619883041,nan,nan,0.41011908311996903,0.4222111055527764,0.9265367316341829,2000,0.8847265593451998,1.0,0.8620192449165759,1.0,1.0,1.0
morph_gn_sp_plus_psalm,"prophetische Schelt-, Droh- und Mahnrede",3,511,0.005836575875486381,0.11607000488263357,0.004745518825415662,0.5,0.5655577299412916,0.20740109105825516,0.9980722600755981,0.3483174320190421,0.3268365817091454,0.9300349825087456,2000,0.738727137470885,1.0,0.677314120717419,1.0,1.0,1.0
morph_gn_sp_plus_psalm,prophetische Tora,0,172,0.0,nan,nan,nan,nan,nan,nan,nan,nan,0.0004997501249375312,2000,nan,nan,nan,nan,0.0004997501249375312,0.002577247589158399
morph_nu_1_2_3gram,Danklied Israels,6,676,0.008797653958944282,0.006578558364739785,0.004201680672268907,0.012989725470313135,0.2677514792899408,0.11002628739998144,0.7198857185513883,0.9750961335263075,0.9895052473763118,1.0,2000,0.9948129362984726,1.0,0.999000499750125,1.0,1.0,1.0
morph_nu_1_2_3gram,Danklied des Einzelnen,78,2087,0.03602771362586605,0.04824673131984072,0.023313815403191957,0.08259998379147798,0.6175223913604364,0.513186952234984,0.7217670531132303,0.0002083900634983159,0.019490254872563718,0.7261369315342329,2000,0.0006520592309463433,0.003362716679970831,0.06059470264867566,0.3124912701854559,0.993503248375812,1.0
morph_nu_1_2_3gram,Fluch,0,173,0.0,nan,nan,nan,nan,nan,nan,nan,nan,0.0004997501249375312,2000,nan,nan,nan,nan,0.0004997501249375312,0.002577247589158399
morph_nu_1_2_3gram,Hymnus,465,4421,0.09516987310683586,0.09052232502796784,0.06204736165512842,0.13051812863111178,0.4814679693447451,0.42322814267097275,0.54666189472033,0.9060294168487668,0.6846576711644178,1.0,2000,0.9154672232742749,1.0,0.6917895219057139,1.0,1.0,1.0
morph_nu_1_2_3gram,Klagelied des Einzelnen,1176,6123,0.1611179613645705,0.19119829479122952,0.13431894511663736,0.2707170787080155,0.5690603123496663,0.5020818207692707,0.6346029142474675,2.878053528119667e-14,0.011494252873563218,0.9300349825087456,2000,3.40452673448302e-14,1.7557390945662036e-13,0.013116970926301555,0.06764516907543987,1.0,1.0
morph_nu_1_2_3gram,Klagelied des Volkes,36,1484,0.02368421052631579,0.031215957761105088,0.009889471485862234,0.092018122194723,0.566468253968254,0.3671341303737735,0.7833267967718862,0.0862180418875379,0.15242378810594703,0.9380309845077461,2000,0.3715813690707042,1.0,0.6428307585337766,1.0,1.0,1.0
morph_nu_1_2_3gram,Königspsalm,45,1636,0.02676977989292088,0.04101467974899157,0.018289089865655268,0.08958423148516259,0.6486280901928824,0.5413178371337516,0.7745694679451682,0.0003294972755837551,0.015492253873063468,0.5892053973013494,2000,0.013646001071753528,0.07037341585102325,0.25356552492984274,1.0,1.0,1.0
morph_nu_1_2_3gram,Liturgie,153,2800,0.05181171689806976,0.04005087551892923,0.0239643246560428,0.06414420663196393,0.3931139122315593,0.3343180333970088,0.46548539974658887,0.9999958825739573,0.9980009995002499,1.0,2000,0.9999958825739573,1.0,0.9995002498750625,1.0,1.0,1.0
morph_nu_1_2_3gram,Mischgedicht,45,1633,0.026817640047675805,0.042167740135448176,0.014029596354619388,0.07623821207290597,0.6371708511941212,0.44854400883532175,0.7407156971919837,0.0008348773088958795,0.02448775612193903,0.6481759120439781,2000,0.021994301165941248,0.11342620406994684,0.2973180076628352,1.0,1.0,1.0
morph_nu_1_2_3gram,Thronbesteigungslied,15,1006,0.014691478942213516,0.017770625472720836,0.0058155934540904675,0.09157274912289039,0.48976143141153083,0.2734995834195872,0.8569039705149568,0.554376472756366,0.5072463768115942,1.0,2000,0.5660475563933421,1.0,0.5179252479023647,1.0,1.0,1.0
morph_nu_1_2_3gram,Wallfahrtslied,0,172,0.0,nan,nan,nan,nan,nan,nan,nan,nan,0.0004997501249375312,2000,nan,nan,nan,nan,0.0004997501249375312,0.002577247589158399
morph_nu_1_2_3gram,Weisheitsgedicht,45,1639,0.02672209026128266,0.037341022598409435,0.01544442164915957,0.09982248209999917,0.5725510134906108,0.4384504289601874,0.7122272315095235,0.04819565747239946,0.12743628185907047,0.9170414792603698,2000,0.14203230950559004,0.732470906939019,0.35585616282767707,1.0,1.0,1.0
morph_nu_1_2_3gram,Zionslied,15,1007,0.014677103718199608,0.02000925858778065,0.008134079552923834,0.0556334255272276,0.6043363124793115,0.3915074796144222,0.7684960162778086,0.08250939121969769,0.1199400299850075,0.7866066966516742,2000,0.10478763600661671,0.5403974282255932,0.14915619113520162,0.7692092804565068,0.9802876339607973,1.0
morph_nu_1_2_3gram,prophetische Gerichtsrede,1,342,0.0029154518950437317,0.004545454545454545,nan,nan,0.36257309941520466,nan,nan,0.6842889037765113,0.6798399199599799,1.0,2000,0.9031649782132315,1.0,0.9121470847783443,1.0,1.0,1.0
morph_nu_1_2_3gram,"prophetische Schelt-, Droh- und Mahnrede",3,511,0.005836575875486381,0.0452515015015015,0.004016019158246966,0.5,0.39660795825179385,0.05157894890942596,0.9981117284185725,0.732334434488541,0.7211394302848576,1.0,2000,0.7761801120704585,1.0,0.7750794932204227,1.0,1.0,1.0
morph_nu_1_2_3gram,prophetische Tora,0,172,0.0,nan,nan,nan,nan,nan,nan,nan,nan,0.0004997501249375312,2000,nan,nan,nan,nan,0.0004997501249375312,0.002577247589158399
morph_nu_1_2_3gram_psalm,Danklied Israels,6,676,0.008797653958944282,0.008266985488483699,0.004073319755600814,0.016846060403238564,0.40212031558185407,0.049417725597162315,0.6951707827960592,0.7959695802000262,0.7881059470264867,1.0,2000,0.9948129362984726,1.0,0.999000499750125,1.0,1.0,1.0
morph_nu_1_2_3gram_psalm,Danklied des Einzelnen,78,2087,0.03602771362586605,0.04641886149533765,0.022078522455612586,0.08163975834693186,0.5969186539382993,0.5021403318535398,0.7130300875745301,0.0018044109228660798,0.044977511244377814,0.8205897051474262,2000,0.0038049534677828205,0.019622420610558033,0.08554546256283622,0.4411641461441731,0.993503248375812,1.0
morph_nu_1_2_3gram_psalm,Fluch,0,173,0.0,nan,nan,nan,nan,nan,nan,nan,nan,0.0004997501249375312,2000,nan,nan,nan,nan,0.0004997501249375312,0.002577247589158399
morph_nu_1_2_3gram_psalm,Hymnus,465,4421,0.09516987310683586,0.09448351906809896,0.06201798775930532,0.14283150621138224,0.49538201107616875,0.43489489078065363,0.5699642257517133,0.6285893201040855,0.5362318840579711,1.0,2000,0.670034769781278,1.0,0.5715878324573977,1.0,1.0,1.0
morph_nu_1_2_3gram_psalm,Klagelied des Einzelnen,1176,6123,0.1611179613645705,0.18822062751291008,0.13483817335801032,0.26706636950828067,0.5723901515530269,0.512315176049149,0.6380174618383372,1.6930001959268862e-15,0.010494752623688156,0.9260369815092454,2000,2.0787470760114935e-15,1.0720249226131505e-14,0.01226495186141869,0.06325124504958626,1.0,1.0
morph_nu_1_2_3gram_psalm,Klagelied des Volkes,36,1484,0.02368421052631579,0.030473090873007414,0.010650274719163936,0.08170093363333666,0.5556678646301287,0.3187587078161325,0.7732524536246411,0.1265850817201445,0.18490754622688654,0.9685157421289355,2000,0.4911501170741606,1.0,0.6880430752365753,1.0,1.0,1.0
morph_nu_1_2_3gram_psalm,Königspsalm,45,1636,0.02676977989292088,0.045562560702892003,0.020142601916528037,0.1111670409393789,0.6484243412116273,0.5115729313578005,0.7565384708593436,0.00033517806924559254,0.014492753623188406,0.6016991504247876,2000,0.013646001071753528,0.07037341585102325,0.25356552492984274,1.0,1.0,1.0
morph_nu_1_2_3gram_psalm,Liturgie,153,2800,0.05181171689806976,0.041761743639923785,0.024679550599148864,0.06651204240186534,0.4056839402427638,0.3414865697391203,0.4887548871176392,0.9999583332037152,0.9950024987506247,1.0,2000,0.9999958825739573,1.0,0.9995002498750625,1.0,1.0,1.0
morph_nu_1_2_3gram_psalm,Mischgedicht,45,1633,0.026817640047675805,0.04519234668929374,0.01602185539312214,0.10812671687281436,0.630747771654079,0.40486492051511763,0.7641791144587762,0.0013666627808268975,0.03248375812093953,0.6736631684157921,2000,0.023040820489713516,0.11882318001775055,0.2973180076628352,1.0,1.0,1.0
morph_nu_1_2_3gram_psalm,Thronbesteigungslied,15,1006,0.014691478942213516,0.042733152980441204,0.008705769133475334,0.29803034679049406,0.5496686547382372,0.28200212603063873,0.7915061288404831,0.25440323079940586,0.2653673163418291,0.9810094952523738,2000,0.28649122052488035,1.0,0.2958693067259474,1.0,1.0,1.0
morph_nu_1_2_3gram_psalm,Wallfahrtslied,0,172,0.0,nan,nan,nan,nan,nan,nan,nan,nan,0.0004997501249375312,2000,nan,nan,nan,nan,0.0004997501249375312,0.002577247589158399
morph_nu_1_2_3gram_psalm,Weisheitsgedicht,45,1639,0.02672209026128266,0.032440350158813636,0.01386501033261077,0.08011987421728109,0.5372449325469459,0.4048897409472621,0.6773986609674627,0.19670680052160927,0.2518740629685157,0.9970014992503748,2000,0.36001055944520943,1.0,0.43628185907046474,1.0,1.0,1.0
morph_nu_1_2_3gram_psalm,Zionslied,15,1007,0.014677103718199608,0.018304132909078598,0.008661633630349011,0.04629413533176984,0.576398543528633,0.37254319834084654,0.7672818705109399,0.15469410866522965,0.1664167916041979,0.9105447276361819,2000,0.17749227502676657,0.9153405173518544,0.1921717712572285,0.9910437425881602,1.0,1.0
morph_nu_1_2_3gram_psalm,prophetische Gerichtsrede,1,342,0.0029154518950437317,0.004132231404958678,nan,nan,0.2982456140350877,nan,nan,0.7586339059921604,0.7583791895947974,1.0,2000,0.9031649782132315,1.0,0.9121470847783443,1.0,1.0,1.0
morph_nu_1_2_3gram_psalm,"prophetische Schelt-, Droh- und Mahnrede",3,511,0.005836575875486381,0.013000223221620543,0.004402295842970491,0.5,0.4664057403783431,0.140069745858872,0.9980769953006265,0.5803273006466565,0.5367316341829086,1.0,2000,0.738727137470885,1.0,0.6799197803695556,1.0,1.0,1.0
morph_nu_1_2_3gram_psalm,prophetische Tora,0,172,0.0,nan,nan,nan,nan,nan,nan,nan,nan,0.0004997501249375312,2000,nan,nan,nan,nan,0.0004997501249375312,0.002577247589158399
morph_nu_1_2gram,Danklied Israels,6,676,0.008797653958944282,0.010910742746734186,0.004404568445846858,0.058676580583311336,0.33210059171597633,0.09075043036182964,0.9263040867477579,0.9219624092001526,0.9450274862568716,1.0,2000,0.9948129362984726,1.0,0.999000499750125,1.0,1.0,1.0
morph_nu_1_2gram,Danklied des Einzelnen,78,2087,0.03602771362586605,0.04355977529918366,0.020160962296361624,0.07232013427488879,0.5881648298993771,0.48955550279986143,0.6972781990454479,0.004053427536465721,0.04697651174412794,0.8435782108945528,2000,0.007573587346473444,0.039057538469688464,0.08597587998453604,0.4433838399612507,0.993503248375812,1.0
morph_nu_1_2gram,Fluch,0,173,0.0,nan,nan,nan,nan,nan,nan,nan,nan,0.0004997501249375312,2000,nan,nan,nan,nan,0.0004997501249375312,0.002577247589158399
morph_nu_1_2gram,Hymnus,465,4421,0.09516987310683586,0.09657189561814616,0.06631538709226714,0.14238804097480331,0.4989305684258658,0.443877771031278,0.5663255701096028,0.5302900586150926,0.4892553723138431,1.0,2000,0.5845242691552726,1.0,0.5392928535732134,1.0,1.0,1.0
morph_nu_1_2gram,Klagelied des Einzelnen,1176,6123,0.1611179613645705,0.18753606772675324,0.13308669944997922,0.26275589342350464,0.5660787751324603,0.49860947451362775,0.6323054196812433,3.260203124853324e-13,0.0074962518740629685,0.9305347326336831,2000,3.7647583703663386e-13,1.9415131582014894e-12,0.008976992984988988,0.046295002990437914,1.0,1.0
morph_nu_1_2gram,Klagelied des Volkes,36,1484,0.02368421052631579,0.0336445375492226,0.010263013059721842,0.15477440343357565,0.5667490266546871,0.35154731990467497,0.7803208048631004,0.08531501450305201,0.14742628685657172,0.9250374812593704,2000,0.3715813690707042,1.0,0.6428307585337766,1.0,1.0,1.0
morph_nu_1_2gram,Königspsalm,45,1636,0.02676977989292088,0.04264527745946484,0.017476279667345485,0.09483140769380774,0.6240287965226841,0.5193706271219182,0.7545154058638902,0.0022392626689945686,0.02798600699650175,0.6916541729135433,2000,0.031029782698924736,0.16002283673847847,0.25356552492984274,1.0,1.0,1.0
morph_nu_1_2gram,Liturgie,153,2800,0.05181171689806976,0.04047976163427161,0.023863432119611398,0.06358944385648709,0.4007119514472456,0.34328110349997437,0.46806758050366404,0.9999827869967797,0.9995002498750625,1.0,2000,0.9999958825739573,1.0,0.9995002498750625,1.0,1.0,1.0
morph_nu_1_2gram,Mischgedicht,45,1633,0.026817640047675805,0.03777198178542095,0.0157702387172692,0.07199695589307759,0.6105803905558957,0.4560206255126551,0.7215174152823071,0.005637547375447267,0.044977511244377814,0.7476261869065467,2000,0.03645613969455899,0.1880069527737858,0.2973180076628352,1.0,1.0,1.0
morph_nu_1_2gram,Thronbesteigungslied,15,1006,0.014691478942213516,0.02037160651604103,0.006980185710466886,0.24775056279378269,0.5081842279655401,0.27148840706442867,0.8075018584776206,0.4567999285119145,0.4102948525737131,1.0,2000,0.47137864963463516,1.0,0.4233893691452146,1.0,1.0,1.0
morph_nu_1_2gram,Wallfahrtslied,0,172,0.0,nan,nan,nan,nan,nan,nan,nan,nan,0.0004997501249375312,2000,nan,nan,nan,nan,0.0004997501249375312,0.002577247589158399
morph_nu_1_2gram,Weisheitsgedicht,45,1639,0.02672209026128266,0.05651860395498091,0.018122816933446896,0.32351570895451576,0.563765168463155,0.4235888652285541,0.6897044645806222,0.07197375812574903,0.14142928535732133,0.9375312343828086,2000,0.19947012966279018,1.0,0.35585616282767707,1.0,1.0,1.0
morph_nu_1_2gram,Zionslied,15,1007,0.014677103718199608,0.024902503711328017,0.008039681976362952,0.16554496577738678,0.6246607083747103,0.37095600026614456,0.8153025986505279,0.04856513489179002,0.07846076961519241,0.6906546726636682,2000,0.07054943541953201,0.36382854806530157,0.118917103948026,0.6132641177389573,0.9634557721139431,1.0
morph_nu_1_2gram,prophetische Gerichtsrede,1,342,0.0029154518950437317,0.004347826086956522,nan,nan,0.3333333333333333,nan,nan,0.7192857552005507,0.695847923961981,1.0,2000,0.9031649782132315,1.0,0.9121470847783443,1.0,1.0,1.0
morph_nu_1_2gram,"prophetische Schelt-, Droh- und Mahnrede",3,511,0.005836575875486381,0.029363925993380696,0.004096972644612384,0.3333333333333333,0.41748206131767773,0.0712079025960416,0.9950760262227526,0.6897462254385158,0.6471764117941029,1.0,2000,0.7753055682071512,1.0,0.7577223293115346,1.0,1.0,1.0
morph_nu_1_2gram,prophetische Tora,0,172,0.0,nan,nan,nan,nan,nan,nan,nan,nan,0.0004997501249375312,2000,nan,nan,nan,nan,0.0004997501249375312,0.002577247589158399
morph_nu_1_2gram_psalm,Danklied Israels,6,676,0.008797653958944282,0.008812550372924024,0.004132231404958678,0.01807277022687503,0.4238165680473373,0.06303090174963404,0.6827239481777293,0.7402634544055947,0.7096451774112944,1.0,2000,0.9948129362984726,1.0,0.999000499750125,1.0,1.0,1.0
morph_nu_1_2gram_psalm,Danklied des Einzelnen,78,2087,0.03602771362586605,0.041817730671758646,0.02027640008659698,0.07719972260096644,0.5627326674284029,0.4737038568413691,0.6811122105514466,0.02979376967585421,0.1089455272363818,0.9400299850074962,2000,0.036720360894363376,0.18936956063763674,0.13005692275813313,0.6707129701541492,0.993503248375812,1.0
morph_nu_1_2gram_psalm,Fluch,0,173,0.0,nan,nan,nan,nan,nan,nan,nan,nan,0.0004997501249375312,2000,nan,nan,nan,nan,0.0004997501249375312,0.002577247589158399
morph_nu_1_2gram_psalm,Hymnus,465,4421,0.09516987310683586,0.09677706461986275,0.06342151684385765,0.14606343339268052,0.5044730307209239,0.44390811965579696,0.5736337155391709,0.3753237186038332,0.42128935532233885,1.0,2000,0.4233302407508351,1.0,0.4751752030961264,1.0,1.0,1.0
morph_nu_1_2gram_psalm,Klagelied des Einzelnen,1176,6123,0.1611179613645705,0.18650348473431444,0.13473442804116098,0.2592930752894317,0.5736797577106949,0.5106374987588436,0.6418869266452482,5.458077149168089e-16,0.005997001499250375,0.9110444777611194,2000,6.787608762426983e-16,3.5004189986549846e-15,0.007457809556760082,0.03846046402282534,1.0,1.0
morph_nu_1_2gram_psalm,Klagelied des Volkes,36,1484,0.02368421052631579,0.032933661919766447,0.010869413999279813,0.13046490016750717,0.5681341719077568,0.3077216162708093,0.7939595547924913,0.080963543512101,0.13543228385807096,0.927536231884058,2000,0.3715813690707042,1.0,0.6428307585337766,1.0,1.0,1.0
morph_nu_1_2gram_psalm,Königspsalm,45,1636,0.02676977989292088,0.04508042918552687,0.01906136278064229,0.09826816638023314,0.645653355066558,0.5057645844716898,0.7958337016372126,0.0004220412702604184,0.014992503748125937,0.6141929035482259,2000,0.013646001071753528,0.07037341585102325,0.25356552492984274,1.0,1.0,1.0
morph_nu_1_2gram_psalm,Liturgie,153,2800,0.05181171689806976,0.04189771727831922,0.02474754632175337,0.06589692328973712,0.41090802987861813,0.35372724358983615,0.48282230079999555,0.9998990683794797,0.9940029985007496,1.0,2000,0.9999958825739573,1.0,0.9995002498750625,1.0,1.0,1.0
morph_nu_1_2gram_psalm,Mischgedicht,45,1633,0.026817640047675805,0.03805584729439069,0.016023744677462575,0.07251189777996446,0.6189902701231544,0.3977911421189702,0.7475994042414233,0.003197710093458631,0.04597701149425287,0.7226386806596702,2000,0.0274032620603749,0.14132060715143424,0.2973180076628352,1.0,1.0,1.0
morph_nu_1_2gram_psalm,Thronbesteigungslied,15,1006,0.014691478942213516,0.041851706315685466,0.006818768268216484,0.2561994769909585,0.5589463220675944,0.30925645312117594,0.7831408080144018,0.2164636966078215,0.2353823088455772,0.9500249875062469,2000,0.25606071427998395,1.0,0.27625343954528764,1.0,1.0,1.0
morph_nu_1_2gram_psalm,Wallfahrtslied,0,172,0.0,nan,nan,nan,nan,nan,nan,nan,nan,0.0004997501249375312,2000,nan,nan,nan,nan,0.0004997501249375312,0.002577247589158399
morph_nu_1_2gram_psalm,Weisheitsgedicht,45,1639,0.02672209026128266,0.032877548789420216,0.012871568108507574,0.09459252910152048,0.5423971256186021,0.41184583750020964,0.6768131513372508,0.16564376336072428,0.22338830584707647,0.9870064967516242,2000,0.3098556143825182,1.0,0.41341593354266265,1.0,1.0,1.0
morph_nu_1_2gram_psalm,Zionslied,15,1007,0.014677103718199608,0.027531167343876485,0.009994554101111991,0.30161641642931564,0.590632240979808,0.37603948794504105,0.7905878596136011,0.11391405180350739,0.13193403298350825,0.8435782108945528,2000,0.13475198810902703,0.6949257622130707,0.1579950765358062,0.8147920526317073,0.9978912982533124,1.0
morph_nu_1_2gram_psalm,prophetische Gerichtsrede,1,342,0.0029154518950437317,0.003861003861003861,nan,nan,0.24853801169590642,nan,nan,0.8088336830409166,0.8014007003501751,1.0,2000,0.9031649782132315,1.0,0.9121470847783443,1.0,1.0,1.0
morph_nu_1_2gram_psalm,"prophetische Schelt-, Droh- und Mahnrede",3,511,0.005836575875486381,0.01152403314171592,0.004358088149165996,0.5,0.4709719504240052,0.13044814471791946,0.9980723835538187,0.5696331105684628,0.5197401299350325,1.0,2000,0.738727137470885,1.0,0.6799197803695556,1.0,1.0,1.0
morph_nu_1_2gram_psalm,prophetische Tora,0,172,0.0,nan,nan,nan,nan,nan,nan,nan,nan,0.0004997501249375312,2000,nan,nan,nan,nan,0.0004997501249375312,0.002577247589158399
morph_nu_1gram,Danklied Israels,6,676,0.008797653958944282,0.01497654765096325,0.004687873563155877,0.1536611166804548,0.40014792899408286,0.15630008159175704,0.9764763054664387,0.8006544652135532,0.7851074462768616,1.0,2000,0.9948129362984726,1.0,0.999000499750125,1.0,1.0,1.0
morph_nu_1gram,Danklied des Einzelnen,78,2087,0.03602771362586605,0.041436250882885786,0.018458231463093375,0.07192666903606186,0.5568967847357881,0.46734924710192627,0.6820870244831195,0.043764781538263985,0.10494752623688156,0.9430284857571214,2000,0.0493626024326931,0.2545665158765999,0.13005692275813313,0.6707129701541492,0.993503248375812,1.0
morph_nu_1gram,Fluch,0,173,0.0,nan,nan,nan,nan,nan,nan,nan,nan,0.0004997501249375312,2000,nan,nan,nan,nan,0.0004997501249375312,0.002577247589158399
morph_nu_1gram,Hymnus,465,4421,0.09516987310683586,0.09449188166328294,0.06506952425634117,0.1386727577818753,0.4941844033729536,0.4457792099842639,0.5574253315810005,0.6602728559224724,0.5442278860569715,1.0,2000,0.6961572502660851,1.0,0.5738054885600677,1.0,1.0,1.0
morph_nu_1gram,Klagelied des Einzelnen,1176,6123,0.1611179613645705,0.18941807919878534,0.13418644554342207,0.2600678500250663,0.5655686821519397,0.5016968838677994,0.635342004299466,4.887560047919364e-13,0.006496751624187906,0.9155422288855573,2000,5.577568525272685e-13,2.8763924845284722e-12,0.007977024146154772,0.041138091264920774,1.0,1.0
morph_nu_1gram,Klagelied des Volkes,36,1484,0.02368421052631579,0.026632776731551205,0.009713382999381398,0.061240538763340915,0.538615603474094,0.31093605043242867,0.7521511771892867,0.21400663813548493,0.23488255872063968,0.984007996001999,2000,0.6030837575230181,1.0,0.6904123695727894,1.0,1.0,1.0
morph_nu_1gram,Königspsalm,45,1636,0.02676977989292088,0.03792913907656917,0.01684970756696392,0.10571649723674226,0.5911572942135289,0.4699605154751356,0.7354472484773134,0.01835467968317643,0.06796601699150424,0.8175912043978011,2000,0.0663540980741998,0.34219288952431526,0.25356552492984274,1.0,1.0,1.0
morph_nu_1gram,Liturgie,153,2800,0.05181171689806976,0.043855936326858275,0.024829095364203073,0.06774238884662598,0.43535714285714283,0.3865496063612326,0.5059388041382481,0.99649886728462,0.9760119940029985,1.0,2000,0.9999958825739573,1.0,0.9995002498750625,1.0,1.0,1.0
morph_nu_1gram,Mischgedicht,45,1633,0.026817640047675805,0.034347710857546385,0.015070899263579208,0.06599102053545321,0.5984146424440362,0.4626657140731884,0.7299654695735224,0.012058871571586305,0.0559720139930035,0.7896051974012993,2000,0.06156371276020377,0.31748852551204154,0.31936972690125526,1.0,1.0,1.0
morph_nu_1gram,Thronbesteigungslied,15,1006,0.014691478942213516,0.02726532517808799,0.0075403534269543535,0.4405437832425554,0.5490722332670643,0.24916307726848158,0.7844991369524325,0.2569560431511813,0.24437781109445278,0.9665167416291854,2000,0.28649122052488035,1.0,0.2811594202898551,1.0,1.0,1.0
morph_nu_1gram,Wallfahrtslied,0,172,0.0,nan,nan,nan,nan,nan,nan,nan,nan,0.0004997501249375312,2000,nan,nan,nan,nan,0.0004997501249375312,0.002577247589158399
morph_nu_1gram,Weisheitsgedicht,45,1639,0.02672209026128266,0.03180319425107799,0.011210000729561749,0.08359449432613755,0.5474272930648769,0.4010795348527946,0.7057268297004033,0.13856089639700486,0.1874062968515742,0.9695152423788106,2000,0.27429401939815246,1.0,0.3787168915542229,1.0,1.0,1.0
morph_nu_1gram,Zionslied,15,1007,0.014677103718199608,0.020016684809825335,0.007373414725692077,0.07636713010034796,0.6202912942734194,0.3767166698115423,0.8908093616406868,0.05471431928840694,0.08495752123938032,0.7091454272863568,2000,0.07501768271824717,0.38687162300163436,0.12083813165880827,0.6231709967756338,0.9634557721139431,1.0
morph_nu_1gram,prophetische Gerichtsrede,1,342,0.0029154518950437317,0.003861003861003861,nan,nan,0.24853801169590642,nan,nan,0.8088336830409166,0.7888944472236118,1.0,2000,0.9031649782132315,1.0,0.9121470847783443,1.0,1.0,1.0
morph_nu_1gram,"prophetische Schelt-, Droh- und Mahnrede",3,511,0.005836575875486381,0.010193844279623061,0.00429136657339337,0.04,0.4598825831702544,0.13543721186072621,0.9156474959031247,0.5955004919382921,0.5272363818090955,1.0,2000,0.7402693032451889,1.0,0.6799197803695556,1.0,1.0,1.0
morph_nu_1gram,prophetische Tora,0,172,0.0,nan,nan,nan,nan,nan,nan,nan,nan,0.0004997501249375312,2000,nan,nan,nan,nan,0.0004997501249375312,0.002577247589158399
morph_nu_1gram_psalm,Danklied Israels,6,676,0.008797653958944282,0.011025265205822837,0.004520817197744751,0.022687587298561507,0.5113412228796844,0.12575313930502244,0.7699024173614781,0.4622771602996107,0.4107946026986507,0.9995002498750625,2000,0.9948129362984726,1.0,0.999000499750125,1.0,1.0,1.0
morph_nu_1gram_psalm,Danklied des Einzelnen,78,2087,0.03602771362586605,0.040358651609228025,0.01891925616093225,0.0788206410017092,0.5279876647868982,0.4501454507282298,0.6505370272687674,0.20034049362602535,0.2433783108445777,0.993503248375812,2000,0.20242737376796313,1.0,0.24737631184407796,1.0,0.993503248375812,1.0
morph_nu_1gram_psalm,Fluch,0,173,0.0,nan,nan,nan,nan,nan,nan,nan,nan,0.0004997501249375312,2000,nan,nan,nan,nan,0.0004997501249375312,0.002577247589158399
morph_nu_1gram_psalm,Hymnus,465,4421,0.09516987310683586,0.09945716865205377,0.06394525694472054,0.15165878811034592,0.5116834852232623,0.45513047147522506,0.5844305092409585,0.20324698340554115,0.31434282858570717,0.9995002498750625,2000,0.24643696737921864,1.0,0.40120071543175784,1.0,1.0,1.0
morph_nu_1gram_psalm,Klagelied des Einzelnen,1176,6123,0.1611179613645705,0.19256773241525174,0.1377476325528664,0.2666483580817138,0.5795204820455048,0.5116162980338045,0.6487794398747075,2.5403687948489717e-18,0.0014992503748125937,0.8770614692653673,2000,3.297310476958328e-18,1.700446894037261e-17,0.002308369624711454,0.01190442934039832,1.0,1.0
morph_nu_1gram_psalm,Klagelied des Volkes,36,1484,0.02368421052631579,0.02791032825791504,0.00986811148824802,0.06253286405713981,0.5496218927822701,0.29689646652334833,0.7491142160304519,0.15420646551675155,0.19140429785107446,0.9630184907546226,2000,0.5424802914010157,1.0,0.6880430752365753,1.0,1.0,1.0
morph_nu_1gram_psalm,Königspsalm,45,1636,0.02676977989292088,0.041924500695921435,0.01848913569248857,0.12694191455082515,0.602200488997555,0.4793891068518132,0.780185432920241,0.009588581796279725,0.047976011994003,0.792103948025987,2000,0.05471131966112549,0.2821502380093167,0.25356552492984274,1.0,1.0,1.0
morph_nu_1gram_psalm,Liturgie,153,2800,0.05181171689806976,0.04443464856674994,0.025602463870029284,0.06865048456749605,0.44115546218487395,0.390650537199251,0.5141262691660515,0.9929528238886796,0.9585207396301849,1.0,2000,0.9999958825739573,1.0,0.9995002498750625,1.0,1.0,1.0
morph_nu_1gram_psalm,Mischgedicht,45,1633,0.026817640047675805,0.03182452634904531,0.014546993947540252,0.060964691877702676,0.5820167381098184,0.40762696596853687,0.7125207210487242,0.030091427428557107,0.09545227386306847,0.8670664667666167,2000,0.1269073243726104,0.6544702631674921,0.3949876913395154,1.0,1.0,1.0
morph_nu_1gram_psalm,Thronbesteigungslied,15,1006,0.014691478942213516,0.029207919874841788,0.009878587247809892,0.3334389324040283,0.6675612988734261,0.5088483967371477,0.8912107497762523,0.012874929097639364,0.04397801099450275,0.5402298850574713,2000,0.02904344470862833,0.14977914786019145,0.09379006149099364,0.48368213993922743,1.0,1.0
morph_nu_1gram_psalm,Wallfahrtslied,0,172,0.0,nan,nan,nan,nan,nan,nan,nan,nan,0.0004997501249375312,2000,nan,nan,nan,nan,0.0004997501249375312,0.002577247589158399
morph_nu_1gram_psalm,Weisheitsgedicht,45,1639,0.02672209026128266,0.02816466877882013,0.011880165815608482,0.06325452856841421,0.5193342824215308,0.3829417340608245,0.6899765100097455,0.32889818031074103,0.33383308345827084,0.999000499750125,2000,0.5145665079055142,1.0,0.5222872434750366,1.0,1.0,1.0
morph_nu_1gram_psalm,Zionslied,15,1007,0.014677103718199608,0.017374082174024558,0.006906654083001274,0.03779208564663878,0.567659715326051,0.3179450499231678,0.7802768150696499,0.1840113486884285,0.1874062968515742,0.9145427286356822,2000,0.20055169463795017,1.0,0.21137686970468253,1.0,1.0,1.0
morph_nu_1gram_psalm,prophetische Gerichtsrede,1,342,0.0029154518950437317,0.0035714285714285713,nan,nan,0.1871345029239766,nan,nan,0.8611932064805194,0.8739369684842421,1.0,2000,0.9031649782132315,1.0,0.9301334877965299,1.0,1.0,1.0
morph_nu_1gram_psalm,"prophetische Schelt-, Droh- und Mahnrede",3,511,0.005836575875486381,0.010293627177634782,0.004538380818202536,0.1,0.4827136333985649,0.17275240433437805,0.973694449570658,0.5419168764526666,0.47726136931534235,1.0,2000,0.738727137470885,1.0,0.677314120717419,1.0,1.0,1.0
morph_nu_1gram_psalm,prophetische Tora,0,172,0.0,nan,nan,nan,nan,nan,nan,nan,nan,0.0004997501249375312,2000,nan,nan,nan,nan,0.0004997501249375312,0.002577247589158399
morph_nu_sp_plus,Danklied Israels,6,676,0.008797653958944282,0.007425527846595896,0.004247811015882391,0.014468699054925526,0.33629191321499013,0.1194691184378476,0.612839118349538,0.916669736725148,0.9240379810094953,1.0,2000,0.9948129362984726,1.0,0.999000499750125,1.0,1.0,1.0
morph_nu_sp_plus,Danklied des Einzelnen,78,2087,0.03602771362586605,0.04571764919732481,0.022431012849534273,0.07840129436122609,0.600457041760348,0.4912197269573091,0.7055937179836097,0.0012775682056141583,0.029985007496251874,0.8050974512743628,2000,0.0029505741891565082,0.015216324791488857,0.06876794161059006,0.3546412554662849,0.993503248375812,1.0
morph_nu_sp_plus,Fluch,0,173,0.0,nan,nan,nan,nan,nan,nan,nan,nan,0.0004997501249375312,2000,nan,nan,nan,nan,0.0004997501249375312,0.002577247589158399
morph_nu_sp_plus,Hymnus,465,4421,0.09516987310683586,0.10118854202914515,0.06868428330610526,0.14361034118150975,0.5253796032134023,0.46346464989341785,0.5926005642404758,0.03568069885991778,0.21739130434782608,0.9995002498750625,2000,0.05324658137556961,0.2745964765857077,0.3147306943543154,1.0,1.0,1.0
morph_nu_sp_plus,Klagelied des Einzelnen,1176,6123,0.1611179613645705,0.21639833172732537,0.14802453230650212,0.30129543549448845,0.5956138947494726,0.5272989562110753,0.665491890857572,1.2081818014639408e-25,0.0004997501249375312,0.8320839580209896,2000,2.2112006555094764e-25,1.1403321928673099e-24,0.0009146370211120854,0.0047168493612899,1.0,1.0
morph_nu_sp_plus,Klagelied des Volkes,36,1484,0.02368421052631579,0.02397469248030628,0.010120407501175441,0.05670644349545826,0.49653713686732553,0.34810671812443517,0.6758292000768029,0.5284147715103806,0.4847576211894053,1.0,2000,0.8428644837296503,1.0,0.7574337831084458,1.0,1.0,1.0
morph_nu_sp_plus,Königspsalm,45,1636,0.02676977989292088,0.034204151566999685,0.015499196875903034,0.07580097511472507,0.5754142895952187,0.4355141764230628,0.7553839777419886,0.04197756907658129,0.10344827586206896,0.8995502248875562,2000,0.10715326843232593,0.5525971659780472,0.27083197531668946,1.0,1.0,1.0
morph_nu_sp_plus,Liturgie,153,2800,0.05181171689806976,0.0450326163473905,0.026419586915683555,0.07175567628554048,0.44710084033613445,0.3890414838694715,0.5403714926869072,0.9863369606483089,0.9150424787606197,1.0,2000,0.9999958825739573,1.0,0.9995002498750625,1.0,1.0,1.0
morph_nu_sp_plus,Mischgedicht,45,1633,0.026817640047675805,0.0394982959066923,0.017414700032706457,0.08232423724828826,0.6361094100836906,0.4438709943406517,0.7637188919821459,0.0009069814913790205,0.025487256371814093,0.6551724137931034,2000,0.021994301165941248,0.11342620406994684,0.2973180076628352,1.0,1.0,1.0
morph_nu_sp_plus,Thronbesteigungslied,15,1006,0.014691478942213516,0.030632078623708286,0.007147903703228157,0.23466104351167208,0.5939363817097415,0.2805839975436243,0.9348113726919635,0.10566000115321011,0.14792603698150925,0.8365817091454273,2000,0.14853652336030987,0.76601360886139,0.2049832226743771,1.0,1.0,1.0
morph_nu_sp_plus,Wallfahrtslied,0,172,0.0,nan,nan,nan,nan,nan,nan,nan,nan,0.0004997501249375312,2000,nan,nan,nan,nan,0.0004997501249375312,0.002577247589158399
morph_nu_sp_plus,Weisheitsgedicht,45,1639,0.02672209026128266,0.027272845422881727,0.011859009112661271,0.056451815145756645,0.5131923259440038,0.3569211901503619,0.6280614312750915,0.3812524160624532,0.3793103448275862,1.0,2000,0.5778356930946557,1.0,0.5660477453580902,1.0,1.0,1.0
morph_nu_sp_plus,Zionslied,15,1007,0.014677103718199608,0.03322974238621561,0.007356166547061248,0.13921445593015702,0.6263157894736842,0.30876386631253994,0.9529330677635421,0.046385431853117144,0.08595702148925537,0.6931534232883558,2000,0.07030292015238067,0.36255725097851055,0.12083813165880827,0.6231709967756338,0.9634557721139431,1.0
morph_nu_sp_plus,prophetische Gerichtsrede,1,342,0.0029154518950437317,0.0048543689320388345,nan,nan,0.40350877192982454,nan,nan,0.6324439156205792,0.6143071535767884,1.0,2000,0.9031649782132315,1.0,0.9121470847783443,1.0,1.0,1.0
morph_nu_sp_plus,"prophetische Schelt-, Droh- und Mahnrede",3,511,0.005836575875486381,0.02719246252253587,0.004819277111931125,0.3333333333333333,0.5557729941291585,0.21325081288599246,0.9960593032371083,0.3701760961484354,0.3498250874562719,0.9585207396301849,2000,0.738727137470885,1.0,0.677314120717419,1.0,1.0,1.0
morph_nu_sp_plus,prophetische Tora,0,172,0.0,nan,nan,nan,nan,nan,nan,nan,nan,0.0004997501249375312,2000,nan,nan,nan,nan,0.0004997501249375312,0.002577247589158399
morph_nu_sp_plus_psalm,Danklied Israels,6,676,0.008797653958944282,0.008786593730826988,0.004406129589439331,0.01630901551692997,0.4415680473372781,0.10929669228676435,0.6025278141080578,0.6894547029818049,0.664167916041979,1.0,2000,0.9948129362984726,1.0,0.999000499750125,1.0,1.0,1.0
morph_nu_sp_plus_psalm,Danklied des Einzelnen,78,2087,0.03602771362586605,0.04405814463965521,0.021980151508693424,0.07588429274279346,0.5823535193444154,0.47832191055485956,0.6969940892516069,0.006697946760121577,0.05847076461769116,0.8600699650174912,2000,0.011201738547099879,0.05776817698345664,0.10035333210587688,0.5175294018510006,0.993503248375812,1.0
morph_nu_sp_plus_psalm,Fluch,0,173,0.0,nan,nan,nan,nan,nan,nan,nan,nan,0.0004997501249375312,2000,nan,nan,nan,nan,0.0004997501249375312,0.002577247589158399
morph_nu_sp_plus_psalm,Hymnus,465,4421,0.09516987310683586,0.10768427954668565,0.06942375710940925,0.1581269898015326,0.5377049419559142,0.47416458175138654,0.6090340501395877,0.0036935512182652386,0.136431784107946,0.9940029985007496,2000,0.006072448613080138,0.03131605730024645,0.22056471764117938,1.0,1.0,1.0
morph_nu_sp_plus_psalm,Klagelied des Einzelnen,1176,6123,0.1611179613645705,0.21670453055548394,0.1501057642955117,0.30477938255236725,0.6050212425326165,0.5342762044420046,0.6762710123424794,1.5514401441483678e-30,0.0004997501249375312,0.7726136931534233,2000,3.344215421830926e-30,1.7246361138213726e-29,0.0009146370211120854,0.0047168493612899,1.0,1.0
morph_nu_sp_plus_psalm,Klagelied des Volkes,36,1484,0.02368421052631579,0.022570985934673098,0.009761214428710687,0.04532018640132378,0.48145028451632227,0.2893112537473277,0.6309475199256899,0.6484067173619944,0.592703648175912,1.0,2000,0.8615815285494994,1.0,0.7875651215488146,1.0,1.0,1.0
morph_nu_sp_plus_psalm,Königspsalm,45,1636,0.02676977989292088,0.04192558109411206,0.016381549107987704,0.10478021000923965,0.5967128497690845,0.46941632630311186,0.7784587489149165,0.01333535430901011,0.05297351324337831,0.8065967016491754,2000,0.06454207991986376,0.33284818066534794,0.25356552492984274,1.0,1.0,1.0
morph_nu_sp_plus_psalm,Liturgie,153,2800,0.05181171689806976,0.0448390737782019,0.027067710933953902,0.07303831811008174,0.44961951447245563,0.38989690672177474,0.5458591423177541,0.9822127237982949,0.9025487256371814,1.0,2000,0.9999958825739573,1.0,0.9995002498750625,1.0,1.0,1.0
morph_nu_sp_plus_psalm,Mischgedicht,45,1633,0.026817640047675805,0.037753225895864544,0.01616872290559923,0.0788654704304911,0.6181465605225557,0.4257532709757875,0.7532236089335074,0.0033900942755102966,0.043478260869565216,0.7251374312843578,2000,0.0274032620603749,0.14132060715143424,0.2973180076628352,1.0,1.0,1.0
morph_nu_sp_plus_psalm,Thronbesteigungslied,15,1006,0.014691478942213516,0.06499530323644528,0.008129918943667174,0.24998829793649296,0.6708084824387012,0.37922297753622625,0.9693439824034847,0.011507462502288072,0.03798100949525238,0.5217391304347826,2000,0.026576758636236736,0.13705826913289448,0.08771804573903524,0.45236831493513624,1.0,1.0
morph_nu_sp_plus_psalm,Wallfahrtslied,0,172,0.0,nan,nan,nan,nan,nan,nan,nan,nan,0.0004997501249375312,2000,nan,nan,nan,nan,0.0004997501249375312,0.002577247589158399
morph_nu_sp_plus_psalm,Weisheitsgedicht,45,1639,0.02672209026128266,0.026591754140430336,0.01142929015933214,0.08246789143753865,0.4735475560978917,0.34146941954705456,0.6026412140031628,0.7278774350617294,0.6346826586706646,1.0,2000,0.8506519421805754,1.0,0.7469939728930717,1.0,1.0,1.0
morph_nu_sp_plus_psalm,Zionslied,15,1007,0.014677103718199608,0.03440750753671994,0.00834597425796491,0.2171601699671318,0.6239324726911619,0.32000350869846034,0.9218950653972158,0.0495497957487995,0.07496251874062969,0.7006496751624188,2000,0.07054943541953201,0.36382854806530157,0.11728006964259806,0.6048218132621728,0.9634557721139431,1.0
morph_nu_sp_plus_psalm,prophetische Gerichtsrede,1,342,0.0029154518950437317,0.004329004329004329,nan,nan,0.3304093567251462,nan,nan,0.7226796579247634,0.7148574287143572,1.0,2000,0.9031649782132315,1.0,0.9121470847783443,1.0,1.0,1.0
morph_nu_sp_plus_psalm,"prophetische Schelt-, Droh- und Mahnrede",3,511,0.005836575875486381,0.017689228233205626,0.004750593824228029,0.5,0.5453359425962165,0.18574107527889083,0.9980694980694981,0.3939616628607851,0.36481759120439783,0.9815092453773113,2000,0.738727137470885,1.0,0.677314120717419,1.0,1.0,1.0
morph_nu_sp_plus_psalm,prophetische Tora,0,172,0.0,nan,nan,nan,nan,nan,nan,nan,nan,0.0004997501249375312,2000,nan,nan,nan,nan,0.0004997501249375312,0.002577247589158399
morph_prs_gn_1_2_3gram,Danklied Israels,6,676,0.008797653958944282,0.011113388871815387,0.004104011934349024,0.03916447772111091,0.4494575936883629,0.10349230190116579,0.9613142382995064,0.6655667362827962,0.6156921539230384,1.0,2000,0.9948129362984726,1.0,0.999000499750125,1.0,1.0,1.0
morph_prs_gn_1_2_3gram,Danklied des Einzelnen,78,2087,0.03602771362586605,0.05201258917272007,0.022141850928249465,0.09785307327646722,0.6183639870750556,0.5043682823136302,0.7338722485912319,0.00018935068748748496,0.010994502748625687,0.6906546726636682,2000,0.0006333454029753807,0.0032662081137586323,0.03949876913395154,0.20369801315792682,0.993503248375812,1.0
morph_prs_gn_1_2_3gram,Fluch,0,173,0.0,nan,nan,nan,nan,nan,nan,nan,nan,0.0004997501249375312,2000,nan,nan,nan,nan,0.0004997501249375312,0.002577247589158399
morph_prs_gn_1_2_3gram,Hymnus,465,4421,0.09516987310683586,0.13883901612822414,0.08884403189399555,0.20322498821109392,0.6109959066332971,0.5224632390206602,0.7015155790392196,1.5589006164968841e-15,0.0024987506246876563,0.7246376811594203,2000,7.759932470288178e-15,4.001853376941546e-14,0.007344812442263717,0.0378777297194492,1.0,1.0
morph_prs_gn_1_2_3gram,Klagelied des Einzelnen,1176,6123,0.1611179613645705,0.22934727330546548,0.15779529402280268,0.3470338173941484,0.643966487460573,0.5703470134415584,0.7260220655117873,1.3531267998491875e-55,0.0004997501249375312,0.6011994002998501,2000,5.048203830206584e-55,2.6033952773111213e-54,0.0009146370211120854,0.0047168493612899,1.0,1.0
morph_prs_gn_1_2_3gram,Klagelied des Volkes,36,1484,0.02368421052631579,0.0244700085541393,0.010410539161401298,0.11283894999941944,0.48568059299191374,0.36583757806263717,0.7328077310043858,0.6156872143907406,0.553223388305847,1.0,2000,0.8428644837296503,1.0,0.7574337831084458,1.0,1.0,1.0
morph_prs_gn_1_2_3gram,Königspsalm,45,1636,0.02676977989292088,0.029148111927028,0.012398281928943053,0.07496054650269385,0.5212442271121978,0.38207210412199016,0.7325084639614893,0.31322899115731406,0.3153423288355822,0.9980009995002499,2000,0.399779107134993,1.0,0.41901651913769145,1.0,1.0,1.0
morph_prs_gn_1_2_3gram,Liturgie,153,2800,0.05181171689806976,0.0575234133689234,0.03182369930405762,0.09728408770857154,0.530359477124183,0.45022834877646595,0.6172183227218866,0.1026761809867956,0.21689155422288856,0.993503248375812,2000,0.3049412628408766,1.0,0.6216303612899432,1.0,1.0,1.0
morph_prs_gn_1_2_3gram,Mischgedicht,45,1633,0.026817640047675805,0.03657388070062166,0.014304483230146495,0.08946714445852258,0.5566238007756685,0.3924852461572457,0.7289528705228145,0.09722747217990962,0.1519240379810095,0.9395302348825587,2000,0.2601334778395872,1.0,0.40935088011549786,1.0,1.0,1.0
morph_prs_gn_1_2_3gram,Thronbesteigungslied,15,1006,0.014691478942213516,0.03795631862810513,0.015246243918921452,0.08916060927574655,0.7918820410868125,0.5917237323951128,0.8940117460815675,5.120829938053495e-05,0.0029985007496251873,0.25537231384307846,2000,0.0005016448879107121,0.0025870190190410178,0.022218057637847746,0.11458013240133383,0.9994561542758034,1.0
morph_prs_gn_1_2_3gram,Wallfahrtslied,0,172,0.0,nan,nan,nan,nan,nan,nan,nan,nan,0.0004997501249375312,2000,nan,nan,nan,nan,0.0004997501249375312,0.002577247589158399
morph_prs_gn_1_2_3gram,Weisheitsgedicht,45,1639,0.02672209026128266,0.041062559011319034,0.017187552830584818,0.11701616088312826,0.6417259846790048,0.5263376594365249,0.7809172499421245,0.0005811093448961984,0.022488755622188907,0.6096951524237881,2000,0.011939320996738879,0.0615719430963221,0.21814092953523237,1.0,1.0,1.0
morph_prs_gn_1_2_3gram,Zionslied,15,1007,0.014677103718199608,0.0189972233091793,0.00824701594101197,0.04309253174243028,0.6072492552135055,0.38206650285574806,0.7659840091216561,0.0767664732959034,0.10094952523738131,0.7406296851574213,2000,0.10062632310408959,0.518937236200404,0.13232572902737819,0.6824133684049956,0.970825398111755,1.0
morph_prs_gn_1_2_3gram,prophetische Gerichtsrede,1,342,0.0029154518950437317,0.003952569169960474,nan,nan,0.26608187134502925,nan,nan,0.79189367537596,0.7828914457228614,1.0,2000,0.9031649782132315,1.0,0.9121470847783443,1.0,1.0,1.0
morph_prs_gn_1_2_3gram,"prophetische Schelt-, Droh- und Mahnrede",3,511,0.005836575875486381,0.1713895713895714,0.0051891991417824645,0.5,0.5466405740378343,0.24126313570145516,0.9980976889191638,0.3909646898286462,0.3233383308345827,0.9695152423788106,2000,0.738727137470885,1.0,0.677314120717419,1.0,1.0,1.0
morph_prs_gn_1_2_3gram,prophetische Tora,0,172,0.0,nan,nan,nan,nan,nan,nan,nan,nan,0.0004997501249375312,2000,nan,nan,nan,nan,0.0004997501249375312,0.002577247589158399
morph_prs_gn_1_2_3gram_psalm,Danklied Israels,6,676,0.008797653958944282,0.012651442501102905,0.004473299349419226,0.031232317887613097,0.5414201183431953,0.08420976590370828,0.7808335952918048,0.3636890678402218,0.30634682658670664,0.9760119940029985,2000,0.9948129362984726,1.0,0.999000499750125,1.0,1.0,1.0
morph_prs_gn_1_2_3gram_psalm,Danklied des Einzelnen,78,2087,0.03602771362586605,0.047791167821501016,0.021871585066377645,0.08553646165879888,0.6100831766859558,0.5024703769965181,0.7509819884108143,0.00047349974526300073,0.01999000499750125,0.7461269365317341,2000,0.0013508669203091492,0.006966518545794813,0.06059470264867566,0.3124912701854559,0.993503248375812,1.0
morph_prs_gn_1_2_3gram_psalm,Fluch,0,173,0.0,nan,nan,nan,nan,nan,nan,nan,nan,0.0004997501249375312,2000,nan,nan,nan,nan,0.0004997501249375312,0.002577247589158399
morph_prs_gn_1_2_3gram_psalm,Hymnus,465,4421,0.09516987310683586,0.14649093233007968,0.09048973750950262,0.2271237261200589,0.6076064141572602,0.5286980646823767,0.6939369106138252,1.042458890797255e-14,0.0014992503748125937,0.7536231884057971,2000,4.3964570611884234e-14,2.2672847481934357e-13,0.005817091454272863,0.029999161937803765,1.0,1.0
morph_prs_gn_1_2_3gram_psalm,Klagelied des Einzelnen,1176,6123,0.1611179613645705,0.22390019621264015,0.15816342313878984,0.3266351963786021,0.6368196306776834,0.565421544103322,0.7203733327800488,2.0473301397644174e-50,0.0004997501249375312,0.6411794102948526,2000,6.619700785238283e-50,3.413827638730036e-49,0.0009146370211120854,0.0047168493612899,1.0,1.0
morph_prs_gn_1_2_3gram_psalm,Klagelied des Volkes,36,1484,0.02368421052631579,0.02422823950861567,0.010515374451051336,0.058245410551277695,0.4956012279125487,0.36527774785049344,0.7262146540397869,0.536055071001392,0.48425787106446777,1.0,2000,0.8428644837296503,1.0,0.7574337831084458,1.0,1.0,1.0
morph_prs_gn_1_2_3gram_psalm,Königspsalm,45,1636,0.02676977989292088,0.026669267300172855,0.013871732804864381,0.05726391231386972,0.49688943221950554,0.37317331981135676,0.6940158990387743,0.5284775884833136,0.46276861569215394,1.0,2000,0.6102657867009692,1.0,0.5424668618071916,1.0,1.0,1.0
morph_prs_gn_1_2_3gram_psalm,Liturgie,153,2800,0.05181171689806976,0.061385501979589654,0.03219553670895092,0.1014652036290371,0.5365569561157797,0.4750101148861182,0.625866032524518,0.063631104769729,0.16991504247876063,0.9845077461269365,2000,0.2373929677947582,1.0,0.5864003482129903,1.0,1.0,1.0
morph_prs_gn_1_2_3gram_psalm,Mischgedicht,45,1633,0.026817640047675805,0.03584152549306267,0.013503086324012889,0.08453770576504528,0.5357487922705314,0.3859093336848534,0.7015546847219832,0.20636120180208933,0.24037981009495252,0.9855072463768116,2000,0.38494301105389744,1.0,0.43798276300446265,1.0,1.0,1.0
morph_prs_gn_1_2_3gram_psalm,Thronbesteigungslied,15,1006,0.014691478942213516,0.037692388092359135,0.012008303873174694,0.24906479250014957,0.758283631544069,0.5320814542995069,0.9408234388083813,0.00029348323658990287,0.0069965017491254375,0.32733633183408295,2000,0.0009816508258351923,0.0050624444057824815,0.023402092057419565,0.12068628365783125,0.9994561542758034,1.0
morph_prs_gn_1_2_3gram_psalm,Wallfahrtslied,0,172,0.0,nan,nan,nan,nan,nan,nan,nan,nan,0.0004997501249375312,2000,nan,nan,nan,nan,0.0004997501249375312,0.002577247589158399
morph_prs_gn_1_2_3gram_psalm,Weisheitsgedicht,45,1639,0.02672209026128266,0.03915342840206947,0.01782963100636184,0.092904240403264,0.6346484984068876,0.48690139804246213,0.7885186337459786,0.0010150669869308183,0.01999000499750125,0.6446776611694153,2000,0.011939320996738879,0.0615719430963221,0.21814092953523237,1.0,1.0,1.0
morph_prs_gn_1_2_3gram_psalm,Zionslied,15,1007,0.014677103718199608,0.030342981565402598,0.01085038113123542,0.08070140676402676,0.7338298576630254,0.5378788923421527,0.8847676584548612,0.0009288470241191405,0.011494252873563218,0.3733133433283358,2000,0.003799163027391691,0.019592558890083087,0.04308956632794714,0.22221601435410196,0.9634557721139431,1.0
morph_prs_gn_1_2_3gram_psalm,prophetische Gerichtsrede,1,342,0.0029154518950437317,0.003787878787878788,nan,nan,0.23391812865497075,nan,nan,0.8222838861475488,0.8289144572286143,1.0,2000,0.9031649782132315,1.0,0.9121470847783443,1.0,1.0,1.0
morph_prs_gn_1_2_3gram_psalm,"prophetische Schelt-, Droh- und Mahnrede",3,511,0.005836575875486381,0.17095546352512295,0.004866180048661801,0.5,0.49902152641878667,0.1963951607155204,0.9980982046531864,0.503110657436173,0.43778110944527737,1.0,2000,0.738727137470885,1.0,0.677314120717419,1.0,1.0,1.0
morph_prs_gn_1_2_3gram_psalm,prophetische Tora,0,172,0.0,nan,nan,nan,nan,nan,nan,nan,nan,0.0004997501249375312,2000,nan,nan,nan,nan,0.0004997501249375312,0.002577247589158399
morph_prs_gn_1_2gram,Danklied Israels,6,676,0.008797653958944282,0.015724439227505306,0.004403571511208156,0.05744137824902082,0.4940828402366864,0.12044995177169918,0.931830142393799,0.5203338501112609,0.45177411294352826,1.0,2000,0.9948129362984726,1.0,0.999000499750125,1.0,1.0,1.0
morph_prs_gn_1_2gram,Danklied des Einzelnen,78,2087,0.03602771362586605,0.05221548936627668,0.02327266639251049,0.10793393194133906,0.6179401177005394,0.5011203711183827,0.7476296516564026,0.00019872684744270234,0.009495252373813094,0.7026486756621689,2000,0.0006425501400647376,0.0033136776095898687,0.036841579210394805,0.1899946922727572,0.993503248375812,1.0
morph_prs_gn_1_2gram,Fluch,0,173,0.0,nan,nan,nan,nan,nan,nan,nan,nan,0.0004997501249375312,2000,nan,nan,nan,nan,0.0004997501249375312,0.002577247589158399
morph_prs_gn_1_2gram,Hymnus,465,4421,0.09516987310683586,0.1505591057317257,0.09362944258210025,0.22800995923513478,0.6278310020843823,0.5394875040799871,0.7218628151609708,5.319589244050948e-20,0.0014992503748125937,0.6636681659170415,2000,6.450001958411775e-19,3.3263127246764784e-18,0.005817091454272863,0.029999161937803765,1.0,1.0
morph_prs_gn_1_2gram,Klagelied des Einzelnen,1176,6123,0.1611179613645705,0.24982954160570336,0.1681822759619461,0.3664596336592739,0.6721810314849441,0.5939726584448924,0.7568143589692298,1.3401549012072373e-78,0.0004997501249375312,0.5182408795602199,2000,8.124689088568876e-78,4.189961006771755e-77,0.0009146370211120854,0.0047168493612899,1.0,1.0
morph_prs_gn_1_2gram,Klagelied des Volkes,36,1484,0.02368421052631579,0.025226196660714385,0.01099500548146737,0.10671248842353559,0.49045372866127585,0.37222889749690846,0.7413657321825319,0.5777651649565104,0.5332333833083458,1.0,2000,0.8428644837296503,1.0,0.7574337831084458,1.0,1.0,1.0
morph_prs_gn_1_2gram,Königspsalm,45,1636,0.02676977989292088,0.029782597268144338,0.012972923792196422,0.06976593275355504,0.5256995381689759,0.37624751655890964,0.7733928273633554,0.2779893888470979,0.27636181909045476,0.993503248375812,2000,0.39079667707490573,1.0,0.3977864009171885,1.0,1.0,1.0
morph_prs_gn_1_2gram,Liturgie,153,2800,0.05181171689806976,0.05956734590926366,0.032001853689666224,0.10016199226323357,0.5500583566760038,0.466913514152892,0.6359076482897849,0.018388923177718158,0.10944527736131934,0.9555222388805598,2000,0.08918627741193305,0.45994009201027924,0.4825541774567262,1.0,1.0,1.0
morph_prs_gn_1_2gram,Mischgedicht,45,1633,0.026817640047675805,0.05077388559930748,0.016666285858057243,0.16710076777559282,0.5634551268966456,0.40225736775761384,0.7254991672807916,0.07296367353052045,0.12593703148425786,0.9160419790104948,2000,0.22117113538939012,1.0,0.405984507746127,1.0,1.0,1.0
morph_prs_gn_1_2gram,Thronbesteigungslied,15,1006,0.014691478942213516,0.03412411943320927,0.013396684425050268,0.08683817742581691,0.7620609675281643,0.5394553661869772,0.8840052771428507,0.00024346369769070558,0.005497251374312844,0.3183408295852074,2000,0.0008434278098570872,0.004349618301456236,0.022218057637847746,0.11458013240133383,0.9994561542758034,1.0
morph_prs_gn_1_2gram,Wallfahrtslied,0,172,0.0,nan,nan,nan,nan,nan,nan,nan,nan,0.0004997501249375312,2000,nan,nan,nan,nan,0.0004997501249375312,0.002577247589158399
morph_prs_gn_1_2gram,Weisheitsgedicht,45,1639,0.02672209026128266,0.04235368503669792,0.0166747796849793,0.12725601236665332,0.646417192054776,0.5302186364068138,0.7802228937487087,0.0003960951905881115,0.01899050474762619,0.600199900049975,2000,0.011939320996738879,0.0615719430963221,0.21814092953523237,1.0,1.0,1.0
morph_prs_gn_1_2gram,Zionslied,15,1007,0.014677103718199608,0.019939592461445672,0.008657890989495447,0.043537395193178556,0.6181727904667329,0.3522725788878684,0.7640846361957001,0.0579095618113211,0.08345827086456771,0.7021489255372314,2000,0.07801704855136316,0.4023395698348012,0.12082764587855326,0.6231169208474165,0.9634557721139431,1.0
morph_prs_gn_1_2gram,prophetische Gerichtsrede,1,342,0.0029154518950437317,0.0038461538461538464,nan,nan,0.24561403508771928,nan,nan,0.8115725045029916,0.8064032016008004,1.0,2000,0.9031649782132315,1.0,0.9121470847783443,1.0,1.0,1.0
morph_prs_gn_1_2gram,"prophetische Schelt-, Droh- und Mahnrede",3,511,0.005836575875486381,0.11573179101115354,0.00474299242536236,0.5,0.5362035225048923,0.2405784039977991,0.9980579248209962,0.41510709307616456,0.34782608695652173,0.9845077461269365,2000,0.738727137470885,1.0,0.677314120717419,1.0,1.0,1.0
morph_prs_gn_1_2gram,prophetische Tora,0,172,0.0,nan,nan,nan,nan,nan,nan,nan,nan,0.0004997501249375312,2000,nan,nan,nan,nan,0.0004997501249375312,0.002577247589158399
morph_prs_gn_1_2gram_psalm,Danklied Israels,6,676,0.008797653958944282,0.05194158894980896,0.007839220529825965,0.25,0.5897435897435898,0.11139696066094783,0.7745001967058464,0.2246605786999708,0.191904047976012,0.8120939530234883,2000,0.9948129362984726,1.0,0.999000499750125,1.0,1.0,1.0
morph_prs_gn_1_2gram_psalm,Danklied des Einzelnen,78,2087,0.03602771362586605,0.04481292003059001,0.02082128007716292,0.07933713424912721,0.5999348838352192,0.49486134472091114,0.7401883659911942,0.0013452368873891082,0.022988505747126436,0.7746126936531734,2000,0.0030346041413196164,0.01564967334073942,0.0646343494919207,0.333324021531153,0.993503248375812,1.0
morph_prs_gn_1_2gram_psalm,Fluch,0,173,0.0,nan,nan,nan,nan,nan,nan,nan,nan,0.0004997501249375312,2000,nan,nan,nan,nan,0.0004997501249375312,0.002577247589158399
morph_prs_gn_1_2gram_psalm,Hymnus,465,4421,0.09516987310683586,0.15317817477472356,0.09573471999075732,0.23531190185568676,0.6220253774142472,0.5385585026715508,0.7148080573558205,2.165762880261814e-18,0.0004997501249375312,0.6926536731634183,2000,1.8388611915032983e-17,9.483140345770232e-17,0.0034625544370671807,0.01785664401059748,1.0,1.0
morph_prs_gn_1_2gram_psalm,Klagelied des Einzelnen,1176,6123,0.1611179613645705,0.25060237116192796,0.17084884517418286,0.36297510376153297,0.6687295365639314,0.588854181152249,0.7495044738979938,1.4462625610931566e-75,0.0004997501249375312,0.5342328835582209,2000,8.252204025060952e-75,4.2557213830591986e-74,0.0009146370211120854,0.0047168493612899,1.0,1.0
morph_prs_gn_1_2gram_psalm,Klagelied des Volkes,36,1484,0.02368421052631579,0.02446299650765106,0.010628915843882538,0.059940406263083314,0.5005615453728661,0.36224418600774605,0.7548806574389746,0.4954774782474845,0.45177411294352826,1.0,2000,0.8428644837296503,1.0,0.7574337831084458,1.0,1.0,1.0
morph_prs_gn_1_2gram_psalm,Königspsalm,45,1636,0.02676977989292088,0.027012680839521575,0.013443497052253076,0.05912388748525686,0.4907226297201847,0.3649815971828904,0.7309847579664074,0.5842483283928968,0.5102448775612194,1.0,2000,0.6367650320686628,1.0,0.55610958565661,1.0,1.0,1.0
morph_prs_gn_1_2gram_psalm,Liturgie,153,2800,0.05181171689806976,0.06289244401617095,0.03220122016765459,0.10295672319779568,0.5485270774976657,0.4845239784788375,0.6308536866620322,0.021467503100260226,0.09895052473763119,0.9620189905047476,2000,0.09915941908215437,0.5113723059174313,0.4799100449775112,1.0,1.0,1.0
morph_prs_gn_1_2gram_psalm,Mischgedicht,45,1633,0.026817640047675805,0.043425698632368365,0.016223028492659716,0.11589804909024033,0.5439681567666871,0.39831144804279167,0.7130314932385896,0.15685247222710147,0.19890054972513743,0.9775112443778111,2000,0.3237168043835924,1.0,0.43729177078127607,1.0,1.0,1.0
morph_prs_gn_1_2gram_psalm,Thronbesteigungslied,15,1006,0.014691478942213516,0.046852216807682805,0.011292992591445021,0.1591962084792127,0.7686878727634194,0.5392137724195594,0.9601966135131557,0.00017440770374370465,0.004997501249375313,0.3153423288355822,2000,0.0007048978026308063,0.003635209021029031,0.022218057637847746,0.11458013240133383,0.9994561542758034,1.0
morph_prs_gn_1_2gram_psalm,Wallfahrtslied,0,172,0.0,nan,nan,nan,nan,nan,nan,nan,nan,0.0004997501249375312,2000,nan,nan,nan,nan,0.0004997501249375312,0.002577247589158399
morph_prs_gn_1_2gram_psalm,Weisheitsgedicht,45,1639,0.02672209026128266,0.040236328130130464,0.01767693266353873,0.11869888261328465,0.6392041217544573,0.48299024763969883,0.7951803310932697,0.0007108809610291373,0.018490754622688656,0.6306846576711644,2000,0.011939320996738879,0.0615719430963221,0.21814092953523237,1.0,1.0,1.0
morph_prs_gn_1_2gram_psalm,Zionslied,15,1007,0.014677103718199608,0.02861834229009029,0.009885743752726309,0.07182054299679427,0.7219132737504138,0.5238626591817206,0.88191111921388,0.0015711415738797066,0.013993003498250875,0.4097951024487756,2000,0.005644471580234502,0.02910894874523717,0.0452440446443445,0.2333268150718071,0.9634557721139431,1.0
morph_prs_gn_1_2gram_psalm,prophetische Gerichtsrede,1,342,0.0029154518950437317,0.0037174721189591076,nan,nan,0.21929824561403508,nan,nan,0.8351209834224975,0.8369184592296148,1.0,2000,0.9031649782132315,1.0,0.9121470847783443,1.0,1.0,1.0
morph_prs_gn_1_2gram_psalm,"prophetische Schelt-, Droh- und Mahnrede",3,511,0.005836575875486381,0.08773620559334845,0.004582300131860772,0.4,0.5114155251141552,0.1963463132510992,0.9978330787553443,0.47357848888173076,0.4007996001999001,1.0,2000,0.738727137470885,1.0,0.677314120717419,1.0,1.0,1.0
morph_prs_gn_1_2gram_psalm,prophetische Tora,0,172,0.0,nan,nan,nan,nan,nan,nan,nan,nan,0.0004997501249375312,2000,nan,nan,nan,nan,0.0004997501249375312,0.002577247589158399
morph_prs_gn_1gram,Danklied Israels,6,676,0.008797653958944282,0.016809321053597632,0.004386585692157468,0.12501055696661964,0.4948224852071006,0.14379703664533597,0.9840632195890148,0.5178457682578881,0.44377811094452774,1.0,2000,0.9948129362984726,1.0,0.999000499750125,1.0,1.0,1.0
morph_prs_gn_1gram,Danklied des Einzelnen,78,2087,0.03602771362586605,0.05244866541685107,0.020018281100027013,0.12207579141236347,0.6200717506419471,0.504591692167454,0.7542522180784274,0.00015560603465581275,0.0074962518740629685,0.7026486756621689,2000,0.00053906376291478,0.0027799908675329174,0.03462554437067181,0.1785664401059748,0.993503248375812,1.0
morph_prs_gn_1gram,Fluch,0,173,0.0,nan,nan,nan,nan,nan,nan,nan,nan,0.0004997501249375312,2000,nan,nan,nan,nan,0.0004997501249375312,0.002577247589158399
morph_prs_gn_1gram,Hymnus,465,4421,0.09516987310683586,0.1549528688861036,0.09829105166536349,0.23076865196159363,0.6500738168029906,0.5518897102034643,0.7384618718805883,7.619413235089111e-27,0.0004997501249375312,0.6056971514242878,2000,7.390830838036438e-25,3.811504991937313e-24,0.0034625544370671807,0.01785664401059748,1.0,1.0
morph_prs_gn_1gram,Klagelied des Einzelnen,1176,6123,0.1611179613645705,0.2812042782551542,0.19192919525658247,0.41492090780429886,0.6887950917750736,0.6056424497856271,0.7783647900547488,4.7047644017236865e-94,0.0004997501249375312,0.4912543728135932,2000,5.0706905218577515e-93,2.6149918270575294e-92,0.0009146370211120854,0.0047168493612899,1.0,1.0
morph_prs_gn_1gram,Klagelied des Volkes,36,1484,0.02368421052631579,0.026711702278618264,0.010986967581235376,0.17783364964240755,0.4947589098532495,0.37551746212941495,0.7660099992170109,0.5429200709875744,0.5017491254372813,1.0,2000,0.8428644837296503,1.0,0.7574337831084458,1.0,1.0,1.0
morph_prs_gn_1gram,Königspsalm,45,1636,0.02676977989292088,0.029824787179957013,0.014231994029970252,0.07015872703403887,0.5376256452051074,0.38901643655064394,0.795598249541436,0.19430340886687575,0.20339830084957522,0.9765117441279361,2000,0.3002215857446347,1.0,0.3609713000642536,1.0,1.0,1.0
morph_prs_gn_1gram,Liturgie,153,2800,0.05181171689806976,0.058908616758227596,0.03276339962301261,0.09744818152965905,0.5577310924369748,0.4719823191938377,0.6394989594807051,0.008013436910106584,0.07096451774112944,0.928535732133933,2000,0.04572372825178463,0.23580057817689568,0.40127158642900773,1.0,1.0,1.0
morph_prs_gn_1gram,Mischgedicht,45,1633,0.026817640047675805,0.04005268592723865,0.012881616018403926,0.11905030320895015,0.5705994420630061,0.4295710818124701,0.7243948631216559,0.05285314777162615,0.10644677661169415,0.879560219890055,2000,0.17678466668440468,0.9116913298811189,0.3949876913395154,1.0,1.0,1.0
morph_prs_gn_1gram,Thronbesteigungslied,15,1006,0.014691478942213516,0.035605920796115756,0.012915373644657774,0.1028287619237938,0.7536447978793903,0.5365252331799033,0.8998498066449275,0.0003679814148009363,0.009995002498750625,0.344327836081959,2000,0.001115443663615338,0.00575242376028218,0.02851515418761208,0.147054715381391,0.9994561542758034,1.0
morph_prs_gn_1gram,Wallfahrtslied,0,172,0.0,nan,nan,nan,nan,nan,nan,nan,nan,0.0004997501249375312,2000,nan,nan,nan,nan,0.0004997501249375312,0.002577247589158399
morph_prs_gn_1gram,Weisheitsgedicht,45,1639,0.02672209026128266,0.03832783821412322,0.01666012682998111,0.1029176189180002,0.6300793166564979,0.5210960361088097,0.7838032782965335,0.0014362188629956903,0.026986506746626688,0.664167916041979,2000,0.011939320996738879,0.0615719430963221,0.21814092953523237,1.0,1.0,1.0
morph_prs_gn_1gram,Zionslied,15,1007,0.014677103718199608,0.021621836041132776,0.008997556930453194,0.06542349017358225,0.6484938761999338,0.46456342492162006,0.8493138129196959,0.024067571666215957,0.050974512743628186,0.6086956521739131,2000,0.042534503454674626,0.21935351491570418,0.09508707184869104,0.49037091629102314,0.9634557721139431,1.0
morph_prs_gn_1gram,prophetische Gerichtsrede,1,342,0.0029154518950437317,0.004,nan,nan,0.27485380116959063,nan,nan,0.7831015634966003,0.7583791895947974,1.0,2000,0.9031649782132315,1.0,0.9121470847783443,1.0,1.0,1.0
morph_prs_gn_1gram,"prophetische Schelt-, Droh- und Mahnrede",3,511,0.005836575875486381,0.02208112207477616,0.004886470611392286,0.125,0.5172863666014351,0.23280416187579722,0.9790957090057129,0.4596301883400419,0.3893053473263368,0.9980009995002499,2000,0.738727137470885,1.0,0.677314120717419,1.0,1.0,1.0
morph_prs_gn_1gram,prophetische Tora,0,172,0.0,nan,nan,nan,nan,nan,nan,nan,nan,0.0004997501249375312,2000,nan,nan,nan,nan,0.0004997501249375312,0.002577247589158399
morph_prs_gn_1gram_psalm,Danklied Israels,6,676,0.008797653958944282,0.01715751907626819,0.005528949749121887,0.08037656246675884,0.5475838264299803,0.1382436002491965,0.7581055275386089,0.3443398562286599,0.280359820089955,0.9575212393803099,2000,0.9948129362984726,1.0,0.999000499750125,1.0,1.0,1.0
morph_prs_gn_1gram_psalm,Danklied des Einzelnen,78,2087,0.03602771362586605,0.04445655279294541,0.020904177662909116,0.08045627190307071,0.5965992161488088,0.4944796422380088,0.7458697353056415,0.0018605821866695396,0.022988505747126436,0.7841079460269865,2000,0.0038399249384456456,0.019802771017606666,0.0646343494919207,0.333324021531153,0.993503248375812,1.0
morph_prs_gn_1gram_psalm,Fluch,0,173,0.0,nan,nan,nan,nan,nan,nan,nan,nan,0.0004997501249375312,2000,nan,nan,nan,nan,0.0004997501249375312,0.002577247589158399
morph_prs_gn_1gram_psalm,Hymnus,465,4421,0.09516987310683586,0.15933509542502455,0.09894842090734834,0.24043582125810045,0.6438556936225688,0.5521883791981442,0.7283634567337401,8.005351593694198e-25,0.0004997501249375312,0.6231884057971014,2000,2.5883970152944573e-23,1.3348550874872324e-22,0.0034625544370671807,0.01785664401059748,1.0,1.0
morph_prs_gn_1gram_psalm,Klagelied des Einzelnen,1176,6123,0.1611179613645705,0.28060442134495794,0.19264069228631073,0.4041651786464168,0.6942305748038232,0.6118903208134749,0.7806302791828932,2.0374165535708093e-99,0.0004997501249375312,0.47976011994003,2000,2.823277224233836e-98,1.4559845123784623e-97,0.0009146370211120854,0.0047168493612899,1.0,1.0
morph_prs_gn_1gram_psalm,Klagelied des Volkes,36,1484,0.02368421052631579,0.029279532059321746,0.010967955427195695,0.22665297856585992,0.5131775980832585,0.37327913506411253,0.7630288511007867,0.39344655167484294,0.36931534232883556,0.9985007496251874,2000,0.8428644837296503,1.0,0.7574337831084458,1.0,1.0,1.0
morph_prs_gn_1gram_psalm,Königspsalm,45,1636,0.02676977989292088,0.02732158686593386,0.013628170204542243,0.0638722874470411,0.49549035588155393,0.38437247632915517,0.7653843379088066,0.5412198645368824,0.4592703648175912,1.0,2000,0.6154584361415105,1.0,0.5424668618071916,1.0,1.0,1.0
morph_prs_gn_1gram_psalm,Liturgie,153,2800,0.05181171689806976,0.06090637922913675,0.03207830987659124,0.09661686719912176,0.556967787114846,0.49030922512276487,0.6419195945952265,0.00873981886558098,0.063968015992004,0.9300349825087456,2000,0.04709791277563084,0.24288734729292968,0.40127158642900773,1.0,1.0,1.0
morph_prs_gn_1gram_psalm,Mischgedicht,45,1633,0.026817640047675805,0.047003916322133854,0.01726054643307201,0.17202671037486347,0.5615908008437096,0.4235132069902318,0.7432771914495399,0.07907175856501492,0.13393303348325838,0.9115442278860569,2000,0.22954639996485376,1.0,0.405984507746127,1.0,1.0,1.0
morph_prs_gn_1gram_psalm,Thronbesteigungslied,15,1006,0.014691478942213516,0.11420286634439591,0.021786137554991588,1.0,0.7624585818422797,0.527702346309686,0.9684277347513665,0.00023868878479298586,0.0079960019990005,0.33233383308345826,2000,0.0008434278098570872,0.004349618301456236,0.025019748190420917,0.12902865349593018,0.9994561542758034,1.0
morph_prs_gn_1gram_psalm,Wallfahrtslied,0,172,0.0,nan,nan,nan,nan,nan,nan,nan,nan,0.0004997501249375312,2000,nan,nan,nan,nan,0.0004997501249375312,0.002577247589158399
morph_prs_gn_1gram_psalm,Weisheitsgedicht,45,1639,0.02672209026128266,0.03844190806313053,0.017262672241420265,0.10577033874805189,0.6334553589587146,0.5036849145799239,0.7985028658521519,0.0011124513196864789,0.021989005497251374,0.655672163918041,2000,0.011939320996738879,0.0615719430963221,0.21814092953523237,1.0,1.0,1.0
morph_prs_gn_1gram_psalm,Zionslied,15,1007,0.014677103718199608,0.030119016727793855,0.009576923034969138,0.09768414782587456,0.7335650446871896,0.5190483586942036,0.9184388557401786,0.0009399990995608307,0.009495252373813094,0.3853073463268366,2000,0.003799163027391691,0.019592558890083087,0.04186543092090319,0.21590305940086046,0.9634557721139431,1.0
morph_prs_gn_1gram_psalm,prophetische Gerichtsrede,1,342,0.0029154518950437317,0.003861003861003861,nan,nan,0.24853801169590642,nan,nan,0.8088336830409166,0.8009004502251126,1.0,2000,0.9031649782132315,1.0,0.9121470847783443,1.0,1.0,1.0
morph_prs_gn_1gram_psalm,"prophetische Schelt-, Droh- und Mahnrede",3,511,0.005836575875486381,0.024622882020169795,0.0048768705680500984,0.16666666666666666,0.5642530984996739,0.24289799662113074,0.9879488169480757,0.3512048315545498,0.29985007496251875,0.904047976011994,2000,0.738727137470885,1.0,0.677314120717419,1.0,1.0,1.0
morph_prs_gn_1gram_psalm,prophetische Tora,0,172,0.0,nan,nan,nan,nan,nan,nan,nan,nan,0.0004997501249375312,2000,nan,nan,nan,nan,0.0004997501249375312,0.002577247589158399
morph_prs_gn_sp_plus,Danklied Israels,6,676,0.008797653958944282,0.015493099155991208,0.004702895291403377,0.13333333333333333,0.392258382642998,0.043157751362748,0.9630767876036204,0.8187369961031514,0.8065967016491754,1.0,2000,0.9948129362984726,1.0,0.999000499750125,1.0,1.0,1.0
morph_prs_gn_sp_plus,Danklied des Einzelnen,78,2087,0.03602771362586605,0.050759072822597374,0.025252004502339765,0.09433761103376474,0.6356566289484353,0.5473604770576812,0.7381778503019507,2.3124757580195504e-05,0.00849575212393803,0.638680659670165,2000,0.0001091233615102312,0.0005627570786665808,0.036841579210394805,0.1899946922727572,0.993503248375812,1.0
morph_prs_gn_sp_plus,Fluch,0,173,0.0,nan,nan,nan,nan,nan,nan,nan,nan,0.0004997501249375312,2000,nan,nan,nan,nan,0.0004997501249375312,0.002577247589158399
morph_prs_gn_sp_plus,Hymnus,465,4421,0.09516987310683586,0.14307027745762066,0.09198071562626171,0.21774498910843249,0.6185736210121293,0.5336988888488784,0.7071368788031333,1.811694340426591e-17,0.0009995002498750624,0.7056471764117941,2000,1.171562340142529e-16,6.041831839578892e-16,0.005386195790993392,0.02777700179426275,1.0,1.0
morph_prs_gn_sp_plus,Klagelied des Einzelnen,1176,6123,0.1611179613645705,0.2668930678968476,0.18084284218419275,0.3855973344406124,0.6668980347324296,0.5877174109733941,0.7454749969051789,5.558145964105945e-74,0.0004997501249375312,0.5252373813093453,2000,2.995223102879315e-73,1.5446582473295397e-72,0.0009146370211120854,0.0047168493612899,1.0,1.0
morph_prs_gn_sp_plus,Klagelied des Volkes,36,1484,0.02368421052631579,0.022547141611577462,0.0090153417338521,0.07691064069681973,0.4392969451931716,0.32107146872627096,0.6449978597375575,0.893698763668731,0.8415792103948025,1.0,2000,0.9424280079684193,1.0,0.8873172109597375,1.0,1.0,1.0
morph_prs_gn_sp_plus,Königspsalm,45,1636,0.02676977989292088,0.028603461466879528,0.013566452572924907,0.0633309616510763,0.5375169790817712,0.3813904513905543,0.6706652030658773,0.19498927733929883,0.2433783108445777,0.9865067466266867,2000,0.3002215857446347,1.0,0.377202023988006,1.0,1.0,1.0
morph_prs_gn_sp_plus,Liturgie,153,2800,0.05181171689806976,0.05780007032681222,0.030785487640008064,0.09184919955502466,0.5604505135387489,0.49340375057935965,0.6469032960158582,0.005838661331772554,0.06846576711644178,0.9410294852573713,2000,0.035810527792045,0.18467748543349422,0.40127158642900773,1.0,1.0,1.0
morph_prs_gn_sp_plus,Mischgedicht,45,1633,0.026817640047675805,0.039381873576488736,0.015296508938437212,0.13587500598401836,0.6037626726542832,0.464934585747862,0.7612813721934608,0.008707871741230284,0.0544727636181909,0.7731134432783608,2000,0.04998096836977347,0.25775547379983654,0.31936972690125526,1.0,1.0,1.0
morph_prs_gn_sp_plus,Thronbesteigungslied,15,1006,0.014691478942213516,0.047448770736444476,0.011599953245457963,0.13484646937940323,0.791351888667992,0.4998333878453607,0.9283056473387227,5.2716220838980574e-05,0.00399800099950025,0.25287356321839083,2000,0.0005016448879107121,0.0025870190190410178,0.022218057637847746,0.11458013240133383,0.9994561542758034,1.0
morph_prs_gn_sp_plus,Wallfahrtslied,0,172,0.0,nan,nan,nan,nan,nan,nan,nan,nan,0.0004997501249375312,2000,nan,nan,nan,nan,0.0004997501249375312,0.002577247589158399
morph_prs_gn_sp_plus,Weisheitsgedicht,45,1639,0.02672209026128266,0.034367787209153844,0.014057825807923467,0.06836208341843752,0.5819605450477934,0.43514855593221197,0.7211066749979238,0.030172901621429667,0.08345827086456771,0.8630684657671165,2000,0.09755904857595592,0.5031190793086822,0.2611436217375183,1.0,1.0,1.0
morph_prs_gn_sp_plus,Zionslied,15,1007,0.014677103718199608,0.039506205399040574,0.010874593005187689,0.14123013303001816,0.6455809334657399,0.43827545765886866,0.9484245884221514,0.02634829639606792,0.0559720139930035,0.6011994002998501,2000,0.04483832895471208,0.2312345098760463,0.09695152423788106,0.49998603229672944,0.9634557721139431,1.0
morph_prs_gn_sp_plus,prophetische Gerichtsrede,1,342,0.0029154518950437317,0.0045662100456621,nan,nan,0.3654970760233918,nan,nan,0.6806890799714553,0.656328164082041,1.0,2000,0.9031649782132315,1.0,0.9121470847783443,1.0,1.0,1.0
morph_prs_gn_sp_plus,"prophetische Schelt-, Droh- und Mahnrede",3,511,0.005836575875486381,0.17235403892295387,0.005571030640668524,0.5,0.6229615133724723,0.2924718289257622,0.9980827388675176,0.23179444945910088,0.22688655672163918,0.6851574212893553,2000,0.738727137470885,1.0,0.677314120717419,1.0,1.0,1.0
morph_prs_gn_sp_plus,prophetische Tora,0,172,0.0,nan,nan,nan,nan,nan,nan,nan,nan,0.0004997501249375312,2000,nan,nan,nan,nan,0.0004997501249375312,0.002577247589158399
morph_prs_gn_sp_plus_psalm,Danklied Israels,6,676,0.008797653958944282,0.009761655344263365,0.004201680672268907,0.022850865191467444,0.46129191321499013,0.083757572150797,0.8425472524068756,0.6284694831563269,0.5977011494252874,1.0,2000,0.9948129362984726,1.0,0.999000499750125,1.0,1.0,1.0
morph_prs_gn_sp_plus_psalm,Danklied des Einzelnen,78,2087,0.03602771362586605,0.04830954038293621,0.023652940573479497,0.0869330489617692,0.6297347437740346,0.5454193011114176,0.7311931438517869,4.890257453168961e-05,0.009495252373813094,0.6646676661669165,2000,0.0001976479053989122,0.0010192845629707992,0.036841579210394805,0.1899946922727572,0.993503248375812,1.0
morph_prs_gn_sp_plus_psalm,Fluch,0,173,0.0,nan,nan,nan,nan,nan,nan,nan,nan,0.0004997501249375312,2000,nan,nan,nan,nan,0.0004997501249375312,0.002577247589158399
morph_prs_gn_sp_plus_psalm,Hymnus,465,4421,0.09516987310683586,0.14256371963255626,0.08791455614460233,0.20539661296727274,0.610838787507327,0.5335489308693201,0.6901993549320266,1.7045926151721745e-15,0.0014992503748125937,0.7391304347826086,2000,7.873594460557187e-15,4.060469688530536e-14,0.005817091454272863,0.029999161937803765,1.0,1.0
morph_prs_gn_sp_plus_psalm,Klagelied des Einzelnen,1176,6123,0.1611179613645705,0.2628558180987861,0.1799664222492237,0.3785290425016911,0.6611888263389628,0.583167848706109,0.7358459086612069,3.753415788571936e-69,0.0004997501249375312,0.5577211394302849,2000,1.8204066574573887e-68,9.38796897710913e-68,0.0009146370211120854,0.0047168493612899,1.0,1.0
morph_prs_gn_sp_plus_psalm,Klagelied des Volkes,36,1484,0.02368421052631579,0.021044525983105244,0.008625595423406242,0.05009334453751179,0.43581536388140163,0.31544390406992784,0.6341098478763688,0.9062346039743119,0.8555722138930535,1.0,2000,0.9424280079684193,1.0,0.8900975044392698,1.0,1.0,1.0
morph_prs_gn_sp_plus_psalm,Königspsalm,45,1636,0.02676977989292088,0.028023840558894002,0.013406948254899973,0.07624998442220299,0.5235941320293398,0.4035107450730687,0.6351798693445161,0.2944008725477234,0.31384307846076964,0.9980009995002499,2000,0.39119020050861875,1.0,0.41901651913769145,1.0,1.0,1.0
morph_prs_gn_sp_plus_psalm,Liturgie,153,2800,0.05181171689806976,0.061876223811956,0.03412297505185287,0.10270406568065413,0.5608870214752568,0.4927568879596006,0.6459614305240459,0.005543289260733405,0.06646676661669165,0.9410294852573713,2000,0.035810527792045,0.18467748543349422,0.40127158642900773,1.0,1.0,1.0
morph_prs_gn_sp_plus_psalm,Mischgedicht,45,1633,0.026817640047675805,0.0382734557150142,0.013901177132654088,0.09332976239309042,0.576001905150711,0.46036119954889354,0.7448188208097135,0.04078857518985456,0.10994502748625687,0.889055472263868,2000,0.15217276128522664,0.7847659511980118,0.3949876913395154,1.0,1.0,1.0
morph_prs_gn_sp_plus_psalm,Thronbesteigungslied,15,1006,0.014691478942213516,0.07589759136270999,0.015894676135099622,0.30873481393834007,0.7830682571239231,0.5176255380586439,0.9562112251115358,8.245380936057676e-05,0.0029985007496251873,0.255872063968016,2000,0.0005016448879107121,0.0025870190190410178,0.022218057637847746,0.11458013240133383,0.9994561542758034,1.0
morph_prs_gn_sp_plus_psalm,Wallfahrtslied,0,172,0.0,nan,nan,nan,nan,nan,nan,nan,nan,0.0004997501249375312,2000,nan,nan,nan,nan,0.0004997501249375312,0.002577247589158399
morph_prs_gn_sp_plus_psalm,Weisheitsgedicht,45,1639,0.02672209026128266,0.03196942197771235,0.014725002013900425,0.06614408832324818,0.5546674801708359,0.4018457140119046,0.7123416734678668,0.10514979736962721,0.15442278860569716,0.9550224887556222,2000,0.24284596059175806,1.0,0.35585616282767707,1.0,1.0,1.0
morph_prs_gn_sp_plus_psalm,Zionslied,15,1007,0.014677103718199608,0.05108127218771448,0.011167670145074342,0.3224759064964657,0.6917245945051308,0.42258945185684993,0.9555972498719476,0.005361154673612727,0.02498750624687656,0.4657671164417791,2000,0.01368505271948512,0.07057480802672604,0.061806596701649175,0.318741095589165,0.9634557721139431,1.0
morph_prs_gn_sp_plus_psalm,prophetische Gerichtsrede,1,342,0.0029154518950437317,0.004405286343612335,nan,nan,0.34210526315789475,nan,nan,0.7089852025358012,0.6818409204602301,1.0,2000,0.9031649782132315,1.0,0.9121470847783443,1.0,1.0,1.0
morph_prs_gn_sp_plus_psalm,"prophetische Schelt-, Droh- und Mahnrede",3,511,0.005836575875486381,0.17213968957871395,0.005380925560227621,0.5,0.6099151989562949,0.2737601308033761,0.9980823954527587,0.2562413987632588,0.24687656171914044,0.7471264367816092,2000,0.738727137470885,1.0,0.677314120717419,1.0,1.0,1.0
morph_prs_gn_sp_plus_psalm,prophetische Tora,0,172,0.0,nan,nan,nan,nan,nan,nan,nan,nan,0.0004997501249375312,2000,nan,nan,nan,nan,0.0004997501249375312,0.002577247589158399
morph_prs_nu_1_2_3gram,Danklied Israels,6,676,0.008797653958944282,0.011270937724375808,0.004502528077914083,0.206361432011183,0.5034516765285996,0.2987352655429285,1.0,0.488792252629161,0.42278860569715143,1.0,2000,0.9948129362984726,1.0,0.999000499750125,1.0,1.0,1.0
morph_prs_nu_1_2_3gram,Danklied des Einzelnen,78,2087,0.03602771362586605,0.06096674095032884,0.02330292651559493,0.12406259041630106,0.5741955696435811,0.45844012065256246,0.7265633100205589,0.012937731652908215,0.06146926536731634,0.8775612193903048,2000,0.0199199995290809,0.10272888029548277,0.10179910044977511,0.5249853339115659,0.993503248375812,1.0
morph_prs_nu_1_2_3gram,Fluch,0,173,0.0,nan,nan,nan,nan,nan,nan,nan,nan,0.0004997501249375312,2000,nan,nan,nan,nan,0.0004997501249375312,0.002577247589158399
morph_prs_nu_1_2_3gram,Hymnus,465,4421,0.09516987310683586,0.12300620377534188,0.07974349961108178,0.18494342641805073,0.5818559027904454,0.5001072319468263,0.6722340592643417,3.0183297650662774e-09,0.004497751124437781,0.847576211894053,2000,7.319449680285722e-09,3.774693211900767e-08,0.011791401596499046,0.060809112036088714,1.0,1.0
morph_prs_nu_1_2_3gram,Klagelied des Einzelnen,1176,6123,0.1611179613645705,0.2148273784091727,0.1510694876452933,0.31132828520631334,0.6278615480162341,0.5517496450470173,0.7159492041588591,2.720167805084492e-44,0.0004997501249375312,0.6786606696651675,2000,7.538750774091307e-44,3.887788374284347e-43,0.0009146370211120854,0.0047168493612899,1.0,1.0
morph_prs_nu_1_2_3gram,Klagelied des Volkes,36,1484,0.02368421052631579,0.03308740156161135,0.009887501771273751,0.0894920179956569,0.621237646001797,0.4819297004567733,0.753535220569326,0.00640789954291322,0.03648175912043978,0.7021489255372314,2000,0.05878814473799459,0.30317472019848024,0.35225720473096783,1.0,1.0,1.0
morph_prs_nu_1_2_3gram,Königspsalm,45,1636,0.02676977989292088,0.03530288602342725,0.015057496258268062,0.08060936544601542,0.6078782939418637,0.45679348037813866,0.7404227044290793,0.006714355368385951,0.044977511244377814,0.7511244377811095,2000,0.050757639604240505,0.2617608236071009,0.25356552492984274,1.0,1.0,1.0
morph_prs_nu_1_2_3gram,Liturgie,153,2800,0.05181171689806976,0.05554376429096286,0.030244362210389567,0.09417459385806923,0.5083636788048552,0.4488098536298383,0.6156468633829647,0.3635985079026133,0.3893053473263368,1.0,2000,0.7197766380929284,1.0,0.770665687564381,1.0,1.0,1.0
morph_prs_nu_1_2_3gram,Mischgedicht,45,1633,0.026817640047675805,0.0428347458931351,0.013164400798151166,0.13570667315643062,0.5307681839831259,0.3742865883638872,0.7708061875754195,0.24041452208386854,0.2513743128435782,0.991504247876062,2000,0.4048367036718844,1.0,0.43798276300446265,1.0,1.0,1.0
morph_prs_nu_1_2_3gram,Thronbesteigungslied,15,1006,0.014691478942213516,0.03743539989364264,0.011710473127730044,0.10719421293971135,0.7847249834327369,0.5621114812584692,0.8952621836871643,7.546726883367166e-05,0.004497751124437781,0.280359820089955,2000,0.0005016448879107121,0.0025870190190410178,0.022218057637847746,0.11458013240133383,0.9994561542758034,1.0
morph_prs_nu_1_2_3gram,Wallfahrtslied,0,172,0.0,nan,nan,nan,nan,nan,nan,nan,nan,0.0004997501249375312,2000,nan,nan,nan,nan,0.0004997501249375312,0.002577247589158399
morph_prs_nu_1_2_3gram,Weisheitsgedicht,45,1639,0.02672209026128266,0.04024946811876892,0.014360910041988726,0.11426807116744936,0.5844281743610603,0.40211581777655386,0.769274165526342,0.0265066265031591,0.07596201899050475,0.8345827086456772,2000,0.09255574410241806,0.477316675769788,0.2611436217375183,1.0,1.0,1.0
morph_prs_nu_1_2_3gram,Zionslied,15,1007,0.014677103718199608,0.020676583719902376,0.009548976803969041,0.04406778955609903,0.6433962264150943,0.5153748762804745,0.8423677720094154,0.02817505396028503,0.06546726636681659,0.6111944027986007,2000,0.047120348864614615,0.2430030518287731,0.1076326243657832,0.5550692392446741,0.9634557721139431,1.0
morph_prs_nu_1_2_3gram,prophetische Gerichtsrede,1,342,0.0029154518950437317,0.0035714285714285713,nan,nan,0.1871345029239766,nan,nan,0.8611932064805194,0.8789394697348675,1.0,2000,0.9031649782132315,1.0,0.9301334877965299,1.0,1.0,1.0
morph_prs_nu_1_2_3gram,"prophetische Schelt-, Droh- und Mahnrede",3,511,0.005836575875486381,0.0600077429345722,0.004762900307079182,0.2857142857142857,0.5133724722765819,0.21,0.9973052374697573,0.46892460259013846,0.3823088455772114,0.999000499750125,2000,0.738727137470885,1.0,0.677314120717419,1.0,1.0,1.0
morph_prs_nu_1_2_3gram,prophetische Tora,0,172,0.0,nan,nan,nan,nan,nan,nan,nan,nan,0.0004997501249375312,2000,nan,nan,nan,nan,0.0004997501249375312,0.002577247589158399
morph_prs_nu_1_2_3gram_psalm,Danklied Israels,6,676,0.008797653958944282,0.012665681192802593,0.005011791924750937,0.04226204214276812,0.44871794871794873,0.1872474173036527,0.7381671786030838,0.6678369013911466,0.6196901549225388,1.0,2000,0.9948129362984726,1.0,0.999000499750125,1.0,1.0,1.0
morph_prs_nu_1_2_3gram_psalm,Danklied des Einzelnen,78,2087,0.03602771362586605,0.04845068231142388,0.02239497700985002,0.09026522837353035,0.5827466735468652,0.46058230778843295,0.7159994060049166,0.006479863683255086,0.04697651174412794,0.8525737131434283,2000,0.011027136443434093,0.05686774128913664,0.08597587998453604,0.4433838399612507,0.993503248375812,1.0
morph_prs_nu_1_2_3gram_psalm,Fluch,0,173,0.0,nan,nan,nan,nan,nan,nan,nan,nan,0.0004997501249375312,2000,nan,nan,nan,nan,0.0004997501249375312,0.002577247589158399
morph_prs_nu_1_2_3gram_psalm,Hymnus,465,4421,0.09516987310683586,0.1305351602883012,0.08032670044906634,0.21265771431052405,0.5892687150525473,0.5121157257732171,0.6842092841980286,1.130993671004783e-10,0.004497751124437781,0.8290854572713643,2000,3.047399613540666e-10,1.5715660517707035e-09,0.011791401596499046,0.060809112036088714,1.0,1.0
morph_prs_nu_1_2_3gram_psalm,Klagelied des Einzelnen,1176,6123,0.1611179613645705,0.2080037775173724,0.14689801612923972,0.30034934727620716,0.6111224989750922,0.5364802220035935,0.6935083884754646,5.983739550126508e-34,0.0004997501249375312,0.736631684157921,2000,1.415665210639686e-33,7.300688022104273e-33,0.0009146370211120854,0.0047168493612899,1.0,1.0
morph_prs_nu_1_2_3gram_psalm,Klagelied des Volkes,36,1484,0.02368421052631579,0.030763140716912232,0.011319746746017932,0.08013915987416016,0.5915131775980833,0.4744989804009562,0.7727535820941267,0.030149806029899605,0.079960019990005,0.8220889555222389,2000,0.17203124617060364,0.8871775960206597,0.4562424670017933,1.0,1.0,1.0
morph_prs_nu_1_2_3gram_psalm,Königspsalm,45,1636,0.02676977989292088,0.03652986156412262,0.015597095187144713,0.12443889626509523,0.5948383591415376,0.48288459554582985,0.7218529156685414,0.014877208624817497,0.0544727636181909,0.808095952023988,2000,0.06454207991986376,0.33284818066534794,0.25356552492984274,1.0,1.0,1.0
morph_prs_nu_1_2_3gram_psalm,Liturgie,153,2800,0.05181171689806976,0.05857205970815645,0.031253438242919415,0.0977899136662827,0.5213725490196078,0.45394611917270744,0.6183724218541071,0.18631872510366554,0.2623688155922039,0.9975012493753124,2000,0.4518229083763889,1.0,0.652558336216507,1.0,1.0,1.0
morph_prs_nu_1_2_3gram_psalm,Mischgedicht,45,1633,0.026817640047675805,0.03781713935832026,0.013947384671374014,0.11862872191324823,0.5013199972783561,0.3705566489275788,0.7171959821290885,0.4879956730938287,0.4407796101949025,1.0,2000,0.6228365827644919,1.0,0.5625739761698099,1.0,1.0,1.0
morph_prs_nu_1_2_3gram_psalm,Thronbesteigungslied,15,1006,0.014691478942213516,0.06284527787804489,0.014311251797417355,0.41441453474003376,0.7653081510934394,0.5743086179582956,0.933974399708564,0.00020694128328987358,0.006496751624187906,0.3193403298350825,2000,0.0007720501722737592,0.0039815186548489475,0.023402092057419565,0.12068628365783125,0.9994561542758034,1.0
morph_prs_nu_1_2_3gram_psalm,Wallfahrtslied,0,172,0.0,nan,nan,nan,nan,nan,nan,nan,nan,0.0004997501249375312,2000,nan,nan,nan,nan,0.0004997501249375312,0.002577247589158399
morph_prs_nu_1_2_3gram_psalm,Weisheitsgedicht,45,1639,0.02672209026128266,0.03507219135678203,0.013855500995446818,0.10626320090178536,0.5576367703884483,0.34423500225640985,0.7356780817221061,0.09328506750589804,0.14842578710644677,0.9310344827586207,2000,0.2288665785601237,1.0,0.35585616282767707,1.0,1.0,1.0
morph_prs_nu_1_2_3gram_psalm,Zionslied,15,1007,0.014677103718199608,0.027811260016869264,0.012277967967111685,0.07314255779205141,0.7301224760013241,0.6368498377584557,0.8909203164691466,0.001096608929124893,0.01199400299850075,0.392303848075962,2000,0.0042548426450045845,0.02194253168112191,0.04308956632794714,0.22221601435410196,0.9634557721139431,1.0
morph_prs_nu_1_2_3gram_psalm,prophetische Gerichtsrede,1,342,0.0029154518950437317,0.003424657534246575,nan,nan,0.15204678362573099,nan,nan,0.8862627031667212,0.9094547273636818,1.0,2000,0.9031649782132315,1.0,0.9301334877965299,1.0,1.0,1.0
morph_prs_nu_1_2_3gram_psalm,"prophetische Schelt-, Droh- und Mahnrede",3,511,0.005836575875486381,0.17104578805609733,0.004796163069544364,0.5,0.5088062622309197,0.1718816915427313,0.9980912087978978,0.4797891748692086,0.3938030984507746,1.0,2000,0.738727137470885,1.0,0.677314120717419,1.0,1.0,1.0
morph_prs_nu_1_2_3gram_psalm,prophetische Tora,0,172,0.0,nan,nan,nan,nan,nan,nan,nan,nan,0.0004997501249375312,2000,nan,nan,nan,nan,0.0004997501249375312,0.002577247589158399
morph_prs_nu_1_2gram,Danklied Israels,6,676,0.008797653958944282,0.011845282286041864,0.004914282711406895,0.07051622235602431,0.5692800788954635,0.26127688845886954,0.992947344631016,0.2796772519571904,0.23888055972013994,0.8875562218890555,2000,0.9948129362984726,1.0,0.999000499750125,1.0,1.0,1.0
morph_prs_nu_1_2gram,Danklied des Einzelnen,78,2087,0.03602771362586605,0.04552136441569844,0.020623160628892804,0.0955189154535742,0.5593539985010996,0.4388014469531082,0.6987170392115165,0.03734459012445163,0.10294852573713144,0.9185407296351824,2000,0.04442543853702915,0.22910520408809293,0.13005692275813313,0.6707129701541492,0.993503248375812,1.0
morph_prs_nu_1_2gram,Fluch,0,173,0.0,nan,nan,nan,nan,nan,nan,nan,nan,0.0004997501249375312,2000,nan,nan,nan,nan,0.0004997501249375312,0.002577247589158399
morph_prs_nu_1_2gram,Hymnus,465,4421,0.09516987310683586,0.1219935621586735,0.07782515797877605,0.18335183013464537,0.5900596614885456,0.5052078723225238,0.6848413508368956,7.840120939053606e-11,0.0034982508745627187,0.8125937031484258,2000,2.1728335173948564e-10,1.1205459818641267e-09,0.009980303965664227,0.05146915038348685,1.0,1.0
morph_prs_nu_1_2gram,Klagelied des Einzelnen,1176,6123,0.1611179613645705,0.22674020057117372,0.15538964446483586,0.32630291488139523,0.6408030221724489,0.5584481862286603,0.7270905929287981,2.8601381600575404e-53,0.0004997501249375312,0.6291854072963519,2000,9.566669018123497e-53,4.93360050011335e-52,0.0009146370211120854,0.0047168493612899,1.0,1.0
morph_prs_nu_1_2gram,Klagelied des Volkes,36,1484,0.02368421052631579,0.039319135723727465,0.007606967058195543,0.11020941126898867,0.6491090146750524,0.5254375332078655,0.7833316371708728,0.0011027982276036695,0.01699150424787606,0.5992003998001,2000,0.026742857019388985,0.1379148505246365,0.35225720473096783,1.0,1.0,1.0
morph_prs_nu_1_2gram,Königspsalm,45,1636,0.02676977989292088,0.043595020064739295,0.014123988213547862,0.11822251967252168,0.6112333604998642,0.4644638346866068,0.7621278914988515,0.005400315287426235,0.038980509745127435,0.7311344327836082,2000,0.050757639604240505,0.2617608236071009,0.25356552492984274,1.0,1.0,1.0
morph_prs_nu_1_2gram,Liturgie,153,2800,0.05181171689806976,0.055977634128372644,0.03092842503202631,0.09531716235981957,0.5233683473389356,0.456907455849241,0.6223614683370051,0.16482922839143582,0.24987506246876562,0.9975012493753124,2000,0.42087162908295356,1.0,0.6378389752492175,1.0,1.0,1.0
morph_prs_nu_1_2gram,Mischgedicht,45,1633,0.026817640047675805,0.053053934324610204,0.015004341934486739,0.1872050356921996,0.5408926991903109,0.36930586098467993,0.7749788061497527,0.17438005293411313,0.19940029985007496,0.9780109945027486,2000,0.34520132927773417,1.0,0.43729177078127607,1.0,1.0,1.0
morph_prs_nu_1_2gram,Thronbesteigungslied,15,1006,0.014691478942213516,0.0321473142293516,0.010723662232650064,0.08003578798511413,0.7565606361829026,0.5326151765146809,0.8737448880998625,0.00031934143361753885,0.0069965017491254375,0.34382808595702147,2000,0.0009992296471258474,0.005153099660340447,0.023402092057419565,0.12068628365783125,0.9994561542758034,1.0
morph_prs_nu_1_2gram,Wallfahrtslied,0,172,0.0,nan,nan,nan,nan,nan,nan,nan,nan,0.0004997501249375312,2000,nan,nan,nan,nan,0.0004997501249375312,0.002577247589158399
morph_prs_nu_1_2gram,Weisheitsgedicht,45,1639,0.02672209026128266,0.03691102646875742,0.013666109078765311,0.10389608878844125,0.5842790319300386,0.38291673526050657,0.7521714242157188,0.026717122008945417,0.07596201899050475,0.8345827086456772,2000,0.09255574410241806,0.477316675769788,0.2611436217375183,1.0,1.0,1.0
morph_prs_nu_1_2gram,Zionslied,15,1007,0.014677103718199608,0.021510873545002727,0.009302657777261664,0.044908976578810364,0.6536577292287322,0.47374680624405957,0.8313778845318968,0.020431873365325523,0.049475262368815595,0.5847076461769115,2000,0.03963783432873151,0.20441518243932982,0.09410000881911985,0.4852805607585904,0.9634557721139431,1.0
morph_prs_nu_1_2gram,prophetische Gerichtsrede,1,342,0.0029154518950437317,0.0035087719298245615,nan,nan,0.17251461988304093,nan,nan,0.8720621647894997,0.8919459729864933,1.0,2000,0.9031649782132315,1.0,0.9301334877965299,1.0,1.0,1.0
morph_prs_nu_1_2gram,"prophetische Schelt-, Droh- und Mahnrede",3,511,0.005836575875486381,0.051940260806415964,0.004609319022494511,0.23415547031082912,0.4983692106979778,0.2011291446686691,0.9941353383651232,0.5046659270543549,0.4142928535732134,1.0,2000,0.738727137470885,1.0,0.677314120717419,1.0,1.0,1.0
morph_prs_nu_1_2gram,prophetische Tora,0,172,0.0,nan,nan,nan,nan,nan,nan,nan,nan,0.0004997501249375312,2000,nan,nan,nan,nan,0.0004997501249375312,0.002577247589158399
morph_prs_nu_1_2gram_psalm,Danklied Israels,6,676,0.008797653958944282,0.01520568893507334,0.004933231993541886,0.06533357342593649,0.4714003944773176,0.14287213472766339,0.6719887817732711,0.5957919031112324,0.5352323838080959,1.0,2000,0.9948129362984726,1.0,0.999000499750125,1.0,1.0,1.0
morph_prs_nu_1_2gram_psalm,Danklied des Einzelnen,78,2087,0.03602771362586605,0.044067473005100485,0.02042636262391271,0.07973759607147773,0.5626773801186834,0.4340016096022326,0.6845663370645017,0.029906273305718625,0.09495252373813093,0.9120439780109945,2000,0.036720360894363376,0.18936956063763674,0.12949004949580004,0.6677895636839879,0.993503248375812,1.0
morph_prs_nu_1_2gram_psalm,Fluch,0,173,0.0,nan,nan,nan,nan,nan,nan,nan,nan,0.0004997501249375312,2000,nan,nan,nan,nan,0.0004997501249375312,0.002577247589158399
morph_prs_nu_1_2gram_psalm,Hymnus,465,4421,0.09516987310683586,0.13117177928154847,0.08094848466262235,0.21811840071125388,0.5954595977653088,0.520398657889573,0.6952950508355713,5.91535245287134e-12,0.0024987506246876563,0.792103948025987,2000,1.793091212276625e-11,9.247101247966067e-11,0.007344812442263717,0.0378777297194492,1.0,1.0
morph_prs_nu_1_2gram_psalm,Klagelied des Einzelnen,1176,6123,0.1611179613645705,0.22314105913137172,0.1561616991326518,0.3183133473267936,0.6287402189358513,0.5479456191793827,0.7104081815800222,7.114250513525502e-45,0.0004997501249375312,0.6731634182908546,2000,2.0296538229763934e-44,1.0467071764606167e-43,0.0009146370211120854,0.0047168493612899,1.0,1.0
morph_prs_nu_1_2gram_psalm,Klagelied des Volkes,36,1484,0.02368421052631579,0.03329582169277968,0.011770419006859266,0.10395944803826736,0.6223420185684336,0.49521354894996805,0.7816543908580097,0.006010617495487907,0.03948025987006497,0.7016491754122939,2000,0.05878814473799459,0.30317472019848024,0.35225720473096783,1.0,1.0,1.0
morph_prs_nu_1_2gram_psalm,Königspsalm,45,1636,0.02676977989292088,0.0390483915246051,0.014743992420589123,0.14823972223930273,0.5925020374898126,0.49270089085455443,0.729553051659366,0.017011433581172613,0.054972513743128434,0.8065967016491754,2000,0.0663540980741998,0.34219288952431526,0.25356552492984274,1.0,1.0,1.0
morph_prs_nu_1_2gram_psalm,Liturgie,153,2800,0.05181171689806976,0.061879259382733934,0.03191109805091512,0.10263749936323056,0.5245261437908497,0.4513464412255322,0.6156658114359161,0.15312992319809904,0.2303848075962019,0.9955022488755623,2000,0.41260007083932243,1.0,0.6261452607029819,1.0,1.0,1.0
morph_prs_nu_1_2gram_psalm,Mischgedicht,45,1633,0.026817640047675805,0.03513771516670645,0.013279747051794437,0.10166304290743378,0.5068177179016126,0.36557321830423634,0.7227010525169603,0.43798175009853557,0.40229885057471265,1.0,2000,0.5741112129669993,1.0,0.5419859514687101,1.0,1.0,1.0
morph_prs_nu_1_2gram_psalm,Thronbesteigungslied,15,1006,0.014691478942213516,0.06906893560075321,0.01960780796551117,0.5,0.765506958250497,0.5469805222471861,0.9013988440388585,0.00020488049352539728,0.0069965017491254375,0.3243378310844578,2000,0.0007720501722737592,0.0039815186548489475,0.023402092057419565,0.12068628365783125,0.9994561542758034,1.0
morph_prs_nu_1_2gram_psalm,Wallfahrtslied,0,172,0.0,nan,nan,nan,nan,nan,nan,nan,nan,0.0004997501249375312,2000,nan,nan,nan,nan,0.0004997501249375312,0.002577247589158399
morph_prs_nu_1_2gram_psalm,Weisheitsgedicht,45,1639,0.02672209026128266,0.031627663241652615,0.014084113453159634,0.07647044645837495,0.5588299098366213,0.34517651013911343,0.7401518091789658,0.08880687828128542,0.14192903548225888,0.9215392303848076,2000,0.22669124192854437,1.0,0.35585616282767707,1.0,1.0,1.0
morph_prs_nu_1_2gram_psalm,Zionslied,15,1007,0.014677103718199608,0.026446558334988157,0.010759150611771606,0.06745342175191381,0.7075471698113207,0.6068622559069383,0.9165741361884381,0.0028703434662870897,0.015992003998001,0.44127936031984005,2000,0.008440194888073722,0.0435266963265574,0.04847576211894053,0.24999301614836472,0.9634557721139431,1.0
morph_prs_nu_1_2gram_psalm,prophetische Gerichtsrede,1,342,0.0029154518950437317,0.003424657534246575,nan,nan,0.15204678362573099,nan,nan,0.8862627031667212,0.9109554777388694,1.0,2000,0.9031649782132315,1.0,0.9301334877965299,1.0,1.0,1.0
morph_prs_nu_1_2gram_psalm,"prophetische Schelt-, Droh- und Mahnrede",3,511,0.005836575875486381,0.06004969607560577,0.004445611941541816,0.2857142857142857,0.5185909980430529,0.17303917675659022,0.994249286417763,0.45653669352354853,0.3773113443278361,0.9975012493753124,2000,0.738727137470885,1.0,0.677314120717419,1.0,1.0,1.0
morph_prs_nu_1_2gram_psalm,prophetische Tora,0,172,0.0,nan,nan,nan,nan,nan,nan,nan,nan,0.0004997501249375312,2000,nan,nan,nan,nan,0.0004997501249375312,0.002577247589158399
morph_prs_nu_1gram,Danklied Israels,6,676,0.008797653958944282,0.01890611669518575,0.00521292231265788,0.3408928691390766,0.6230276134122288,0.3169965500136061,1.0,0.1497466094342414,0.1504247876061969,0.6831584207896052,2000,0.9948129362984726,1.0,0.999000499750125,1.0,1.0,1.0
morph_prs_nu_1gram,Danklied des Einzelnen,78,2087,0.03602771362586605,0.043883982681265796,0.02037832946725877,0.11270177881102364,0.5570012163208138,0.4245989725967046,0.6699876593034113,0.043474883578409416,0.10194902548725637,0.9310344827586207,2000,0.0493626024326931,0.2545665158765999,0.13005692275813313,0.6707129701541492,0.993503248375812,1.0
morph_prs_nu_1gram,Fluch,0,173,0.0,nan,nan,nan,nan,nan,nan,nan,nan,0.0004997501249375312,2000,nan,nan,nan,nan,0.0004997501249375312,0.002577247589158399
morph_prs_nu_1gram,Hymnus,465,4421,0.09516987310683586,0.12491849017128917,0.07990644813293993,0.1896521162375392,0.5997704017725761,0.5076674397776685,0.6951534220190727,6.776659783961596e-13,0.001999000499750125,0.7726136931534233,2000,2.2666758587733613e-12,1.1689411569746808e-11,0.006463434949192071,0.033332402153115295,1.0,1.0
morph_prs_nu_1gram,Klagelied des Einzelnen,1176,6123,0.1611179613645705,0.2533035384839933,0.17372823102621604,0.3609728995394367,0.6527747224971975,0.5730874575432917,0.7390248716087591,2.4410415078964174e-62,0.0004997501249375312,0.5892053973013494,2000,9.656838108509936e-62,4.9801013530834426e-61,0.0009146370211120854,0.0047168493612899,1.0,1.0
morph_prs_nu_1gram,Klagelied des Volkes,36,1484,0.02368421052631579,0.04180351297355686,0.01012195268997606,0.09747299397688909,0.6705600479185385,0.5513447696605415,0.8036606253732004,0.00023136804796355058,0.010494752623688156,0.5422288855572214,2000,0.016712612898127917,0.08618815514177572,0.35225720473096783,1.0,1.0,1.0
morph_prs_nu_1gram,Königspsalm,45,1636,0.02676977989292088,0.038171415949661155,0.01518581433191345,0.09409007131903654,0.6307253463732682,0.48236440322146684,0.7830115213686333,0.0013686290441047382,0.025987006496751622,0.665167416291854,2000,0.02655140345563192,0.13692751063014352,0.25356552492984274,1.0,1.0,1.0
morph_prs_nu_1gram,Liturgie,153,2800,0.05181171689806976,0.06686244739547906,0.03382001845803509,0.13158758714721466,0.5332422969187675,0.45831773565311823,0.6266571260839754,0.08276497961088736,0.16541729135432284,0.9860069965017492,2000,0.2676067674085358,1.0,0.5864003482129903,1.0,1.0,1.0
morph_prs_nu_1gram,Mischgedicht,45,1633,0.026817640047675805,0.03676632006490748,0.011947008965526591,0.09761037354128368,0.5305368442539293,0.3652031288930955,0.7664989372552741,0.24206730735019893,0.25037481259370314,0.9910044977511244,2000,0.4048367036718844,1.0,0.43798276300446265,1.0,1.0,1.0
morph_prs_nu_1gram,Thronbesteigungslied,15,1006,0.014691478942213516,0.03184004459096621,0.010943657482609897,0.0752306200552153,0.7474155069582505,0.5544143919933243,0.8917402936920209,0.0004957965932746237,0.009495252373813094,0.36481759120439783,2000,0.0014144785161070148,0.00729456815245186,0.027910287280602127,0.14393537293390699,1.0,1.0
morph_prs_nu_1gram,Wallfahrtslied,0,172,0.0,nan,nan,nan,nan,nan,nan,nan,nan,0.0004997501249375312,2000,nan,nan,nan,nan,0.0004997501249375312,0.002577247589158399
morph_prs_nu_1gram,Weisheitsgedicht,45,1639,0.02672209026128266,0.03430612797054463,0.01217856645810283,0.11702432176838201,0.5718595349467833,0.3935325392524086,0.7696302258909312,0.049803856451092865,0.09845077461269365,0.8810594702648675,2000,0.14208747281635317,0.7327553881278771,0.29842891054472764,1.0,1.0,1.0
morph_prs_nu_1gram,Zionslied,15,1007,0.014677103718199608,0.028083010498917798,0.010453812509223783,0.19178145507505662,0.6820589208871235,0.5054924129604456,0.8293672365859585,0.007697302154151367,0.028985507246376812,0.5147426286856571,2000,0.01821069046226055,0.0939138496396325,0.06694271911663216,0.3452284508715513,0.9634557721139431,1.0
morph_prs_nu_1gram,prophetische Gerichtsrede,1,342,0.0029154518950437317,0.0034965034965034965,nan,nan,0.1695906432748538,nan,nan,0.8741629904185892,0.8924462231115557,1.0,2000,0.9031649782132315,1.0,0.9301334877965299,1.0,1.0,1.0
morph_prs_nu_1gram,"prophetische Schelt-, Droh- und Mahnrede",3,511,0.005836575875486381,0.02001707010128194,0.004580492136279796,0.13107541513739907,0.4683626875407697,0.1744617786767975,0.9804195882493236,0.5757508559454205,0.48125937031484256,1.0,2000,0.738727137470885,1.0,0.677314120717419,1.0,1.0,1.0
morph_prs_nu_1gram,prophetische Tora,0,172,0.0,nan,nan,nan,nan,nan,nan,nan,nan,0.0004997501249375312,2000,nan,nan,nan,nan,0.0004997501249375312,0.002577247589158399
morph_prs_nu_1gram_psalm,Danklied Israels,6,676,0.008797653958944282,0.011477484961378195,0.004880388631829547,0.027604094224435913,0.46153846153846156,0.13806580499754378,0.6358232982210648,0.6276823356722935,0.5637181409295352,1.0,2000,0.9948129362984726,1.0,0.999000499750125,1.0,1.0,1.0
morph_prs_nu_1gram_psalm,Danklied des Einzelnen,78,2087,0.03602771362586605,0.04291525540250242,0.021228189338339188,0.07815977617415018,0.563525118867716,0.4267350873238154,0.6898517589822173,0.02821944128988864,0.0879560219890055,0.9105447276361819,2000,0.03562437789974948,0.1837174969568516,0.12546667842549314,0.6470407476781205,0.993503248375812,1.0
morph_prs_nu_1gram_psalm,Fluch,0,173,0.0,nan,nan,nan,nan,nan,nan,nan,nan,0.0004997501249375312,2000,nan,nan,nan,nan,0.0004997501249375312,0.002577247589158399
morph_prs_nu_1gram_psalm,Hymnus,465,4421,0.09516987310683586,0.1325989342198213,0.08157647151076991,0.22389630315271117,0.606587815241528,0.5200302714766449,0.7060138079179545,1.8247832938740808e-14,0.0004997501249375312,0.7551224387806097,2000,7.080159180231434e-14,3.6512893679396446e-13,0.0034625544370671807,0.01785664401059748,1.0,1.0
morph_prs_nu_1gram_psalm,Klagelied des Einzelnen,1176,6123,0.1611179613645705,0.24561679275719328,0.171970679989959,0.350596513600894,0.6425142570501988,0.5638020530682697,0.7302458831749805,1.6034084242818792e-54,0.0004997501249375312,0.6266866566716641,2000,5.76039322797564e-54,2.970676507836858e-53,0.0009146370211120854,0.0047168493612899,1.0,1.0
morph_prs_nu_1gram_psalm,Klagelied des Volkes,36,1484,0.02368421052631579,0.03810445876899525,0.012691031388537334,0.11709677756984926,0.665318957771788,0.523114793944046,0.8092738139940966,0.00034458995666243126,0.012993503248375811,0.55872063968016,2000,0.016712612898127917,0.08618815514177572,0.35225720473096783,1.0,1.0,1.0
morph_prs_nu_1gram_psalm,Königspsalm,45,1636,0.02676977989292088,0.05511789728362714,0.02255458107846685,0.375701614469487,0.6089921217060581,0.4771348283258898,0.7259615536386574,0.006249755479628556,0.037481259370314844,0.7451274362818591,2000,0.050757639604240505,0.2617608236071009,0.25356552492984274,1.0,1.0,1.0
morph_prs_nu_1gram_psalm,Liturgie,153,2800,0.05181171689806976,0.06294436216084257,0.03176686170521075,0.10271950066249665,0.5302170868347339,0.4479551492957055,0.6149830358661817,0.10374290385308171,0.1874062968515742,0.9890054972513743,2000,0.3049412628408766,1.0,0.5864003482129903,1.0,1.0,1.0
morph_prs_nu_1gram_psalm,Mischgedicht,45,1633,0.026817640047675805,0.032154957512877703,0.012416690116603553,0.07975136151996821,0.5100836905490916,0.36637486226050675,0.7434349831133665,0.40868238287691067,0.36231884057971014,0.9995002498750625,2000,0.5505859880425047,1.0,0.5093467758874186,1.0,1.0,1.0
morph_prs_nu_1gram_psalm,Thronbesteigungslied,15,1006,0.014691478942213516,0.07977776724740857,0.01870238909503071,0.5,0.7518555334658714,0.5602833096726194,0.9765279971370383,0.00040114679570961675,0.0079960019990005,0.3503248375812094,2000,0.0011791284601161461,0.006080850868265929,0.025019748190420917,0.12902865349593018,0.9994561542758034,1.0
morph_prs_nu_1gram_psalm,Wallfahrtslied,0,172,0.0,nan,nan,nan,nan,nan,nan,nan,nan,0.0004997501249375312,2000,nan,nan,nan,nan,0.0004997501249375312,0.002577247589158399
morph_prs_nu_1gram_psalm,Weisheitsgedicht,45,1639,0.02672209026128266,0.03085674045408228,0.013605773784035673,0.07704709772619783,0.5525930445393533,0.3701754640946763,0.7681009762995601,0.11406322976889077,0.15092453773113443,0.9425287356321839,2000,0.25145757471778196,1.0,0.35585616282767707,1.0,1.0,1.0
morph_prs_nu_1gram_psalm,Zionslied,15,1007,0.014677103718199608,0.028088939892570094,0.009935758560575887,0.07557844724933309,0.7117841774246938,0.5502459741145723,0.8438662267551998,0.002411410982910023,0.014992503748125937,0.4302848575712144,2000,0.007796895511409075,0.040209154849557664,0.04691202785703922,0.24192872530486909,0.9634557721139431,1.0
morph_prs_nu_1gram_psalm,prophetische Gerichtsrede,1,342,0.0029154518950437317,0.0033783783783783786,nan,nan,0.14035087719298245,nan,nan,0.893853999056394,0.9214607303651826,1.0,2000,0.9031649782132315,1.0,0.93105927963982,1.0,1.0,1.0
morph_prs_nu_1gram_psalm,"prophetische Schelt-, Droh- und Mahnrede",3,511,0.005836575875486381,0.030507627573794865,0.004751145226453439,0.1875,0.5525114155251142,0.2258634249474875,0.9874965815393173,0.37756067969823776,0.3238380809595202,0.9430284857571214,2000,0.738727137470885,1.0,0.677314120717419,1.0,1.0,1.0
morph_prs_nu_1gram_psalm,prophetische Tora,0,172,0.0,nan,nan,nan,nan,nan,nan,nan,nan,0.0004997501249375312,2000,nan,nan,nan,nan,0.0004997501249375312,0.002577247589158399
morph_prs_nu_sp_plus,Danklied Israels,6,676,0.008797653958944282,0.010129061934088997,0.003950970289424024,0.02797446101167959,0.4393491124260355,0.05451493458677951,0.9252607465203276,0.6960372288829922,0.6531734132933533,1.0,2000,0.9948129362984726,1.0,0.999000499750125,1.0,1.0,1.0
morph_prs_nu_sp_plus,Danklied des Einzelnen,78,2087,0.03602771362586605,0.04760699277910585,0.024076162176713056,0.09047720820787467,0.5982701215092207,0.4944887173644517,0.7113660690348332,0.0015834325786264407,0.02798600699650175,0.792103948025987,2000,0.003490749093790108,0.01800204589734117,0.06876794161059006,0.3546412554662849,0.993503248375812,1.0
morph_prs_nu_sp_plus,Fluch,0,173,0.0,nan,nan,nan,nan,nan,nan,nan,nan,0.0004997501249375312,2000,nan,nan,nan,nan,0.0004997501249375312,0.002577247589158399
morph_prs_nu_sp_plus,Hymnus,465,4421,0.09516987310683586,0.13236987629715774,0.087262967431303,0.2063261610150549,0.5963784771119267,0.5095392702592633,0.6872170373029048,3.75629390342234e-12,0.0024987506246876563,0.8030984507746127,2000,1.175356479457958e-11,6.061398490822536e-11,0.007344812442263717,0.0378777297194492,1.0,1.0
morph_prs_nu_sp_plus,Klagelied des Einzelnen,1176,6123,0.1611179613645705,0.25194404201260234,0.17099870944885293,0.3579445782046741,0.6527640290151664,0.573796058406608,0.7348367238659151,2.4888758011623546e-62,0.0004997501249375312,0.5902048975512244,2000,9.656838108509936e-62,4.9801013530834426e-61,0.0009146370211120854,0.0047168493612899,1.0,1.0
morph_prs_nu_sp_plus,Klagelied des Volkes,36,1484,0.02368421052631579,0.029875560169422225,0.011110349497251162,0.06167937368495551,0.5693321353698713,0.4218505063051797,0.7431517485956144,0.07733705151686791,0.12843578210894552,0.9110444777611194,2000,0.3715813690707042,1.0,0.6428307585337766,1.0,1.0,1.0
morph_prs_nu_sp_plus,Königspsalm,45,1636,0.02676977989292088,0.03325791383049828,0.01537375870227651,0.07658071192822515,0.595449606085303,0.48650598630516084,0.7338719203337634,0.014358390478816301,0.059470264867566215,0.8070964517741129,2000,0.06454207991986376,0.33284818066534794,0.25356552492984274,1.0,1.0,1.0
morph_prs_nu_sp_plus,Liturgie,153,2800,0.05181171689806976,0.05540557103229435,0.031143132371742866,0.08878511485554737,0.5358286647992531,0.4770136241534791,0.621291044749225,0.06750870180831274,0.17491254372813594,0.9880059970014993,2000,0.2425312620520865,1.0,0.5864003482129903,1.0,1.0,1.0
morph_prs_nu_sp_plus,Mischgedicht,45,1633,0.026817640047675805,0.04293974201119377,0.014220892563612414,0.24060850652888027,0.5524869020888616,0.41090442720272674,0.7407800422312351,0.11454513823398371,0.18940529735132433,0.9565217391304348,2000,0.27099703435844924,1.0,0.43729177078127607,1.0,1.0,1.0
morph_prs_nu_sp_plus,Thronbesteigungslied,15,1006,0.014691478942213516,0.04976542202740876,0.013215316620123997,0.1254294647528042,0.7902253147779986,0.49092283123300373,0.9290691921749693,5.606080068391938e-05,0.0014992503748125937,0.2513743128435782,2000,0.0005016448879107121,0.0025870190190410178,0.022218057637847746,0.11458013240133383,0.9994561542758034,1.0
morph_prs_nu_sp_plus,Wallfahrtslied,0,172,0.0,nan,nan,nan,nan,nan,nan,nan,nan,0.0004997501249375312,2000,nan,nan,nan,nan,0.0004997501249375312,0.002577247589158399
morph_prs_nu_sp_plus,Weisheitsgedicht,45,1639,0.02672209026128266,0.03054104103357777,0.011105786895955982,0.08100011961854414,0.5423157752016813,0.385015438769527,0.7172169304195778,0.16610816441124687,0.2143928035982009,0.9770114942528736,2000,0.3098556143825182,1.0,0.40776670488285266,1.0,1.0,1.0
morph_prs_nu_sp_plus,Zionslied,15,1007,0.014677103718199608,0.03766122464810105,0.009821140283775145,0.1389521973785269,0.6582257530619,0.48153083945901126,0.955847415279882,0.017614550038891612,0.04547726136931534,0.5662168915542228,2000,0.035596069870260136,0.18357151039854036,0.09190196568382476,0.4739450931146081,0.9634557721139431,1.0
morph_prs_nu_sp_plus,prophetische Gerichtsrede,1,342,0.0029154518950437317,0.003816793893129771,nan,nan,0.23976608187134502,nan,nan,0.8169770843206732,0.8119059529764883,1.0,2000,0.9031649782132315,1.0,0.9121470847783443,1.0,1.0,1.0
morph_prs_nu_sp_plus,"prophetische Schelt-, Droh- und Mahnrede",3,511,0.005836575875486381,0.046452655397609524,0.004962733561247761,0.5,0.548597521200261,0.2382559517669493,0.9980828710642171,0.386481397981441,0.3353323338330835,0.9645177411294353,2000,0.738727137470885,1.0,0.677314120717419,1.0,1.0,1.0
morph_prs_nu_sp_plus,prophetische Tora,0,172,0.0,nan,nan,nan,nan,nan,nan,nan,nan,0.0004997501249375312,2000,nan,nan,nan,nan,0.0004997501249375312,0.002577247589158399
morph_prs_nu_sp_plus_psalm,Danklied Israels,6,676,0.008797653958944282,0.008170263074259767,0.004381697133119042,0.016025118482550314,0.39595660749506906,0.1892004174096293,0.7663516206650723,0.8103923589091908,0.7966016991504248,1.0,2000,0.9948129362984726,1.0,0.999000499750125,1.0,1.0,1.0
morph_prs_nu_sp_plus_psalm,Danklied des Einzelnen,78,2087,0.03602771362586605,0.047849437807250164,0.02506649265093065,0.0883360919497179,0.6066983647242392,0.49902347559933674,0.7214446577634543,0.0006772680642069147,0.02348825587206397,0.7691154422788605,2000,0.0018248611730019649,0.009410941236394832,0.0646343494919207,0.333324021531153,0.993503248375812,1.0
morph_prs_nu_sp_plus_psalm,Fluch,0,173,0.0,nan,nan,nan,nan,nan,nan,nan,nan,0.0004997501249375312,2000,nan,nan,nan,nan,0.0004997501249375312,0.002577247589158399
morph_prs_nu_sp_plus_psalm,Hymnus,465,4421,0.09516987310683586,0.13442521659192402,0.08534397143889018,0.20023483443813592,0.5949089511690295,0.511443341830538,0.6770282672069051,7.749919867912426e-12,0.0014992503748125937,0.8170914542728636,2000,2.2780067490530467e-11,1.1747845791569137e-10,0.005817091454272863,0.029999161937803765,1.0,1.0
morph_prs_nu_sp_plus_psalm,Klagelied des Einzelnen,1176,6123,0.1611179613645705,0.24503630709695698,0.1623699077262317,0.34190548985142444,0.6418588993657237,0.5616904568251788,0.7229059599975604,4.8534064072576516e-54,0.0004997501249375312,0.6206896551724138,2000,1.6813586482285437e-53,8.670888322837935e-53,0.0009146370211120854,0.0047168493612899,1.0,1.0
morph_prs_nu_sp_plus_psalm,Klagelied des Volkes,36,1484,0.02368421052631579,0.026133368593405572,0.011195342831467319,0.05187066637920363,0.5483116202455826,0.4090488496608556,0.7010760501351622,0.16068228841914717,0.19640179910044978,0.9665167416291854,2000,0.5424802914010157,1.0,0.6880430752365753,1.0,1.0,1.0
morph_prs_nu_sp_plus_psalm,Königspsalm,45,1636,0.02676977989292088,0.03309710539792434,0.015650104122253615,0.06595379867337677,0.6041157294213529,0.502302675590396,0.7192901189127942,0.008517244551751907,0.04547726136931534,0.7841079460269865,2000,0.05471131966112549,0.2821502380093167,0.25356552492984274,1.0,1.0,1.0
morph_prs_nu_sp_plus_psalm,Liturgie,153,2800,0.05181171689806976,0.05800206420134581,0.03233288769884276,0.0946947742553264,0.5342320261437908,0.4703164580941384,0.6179351259698838,0.07664606211667427,0.18490754622688654,0.9930034982508745,2000,0.25636786294197944,1.0,0.5864003482129903,1.0,1.0,1.0
morph_prs_nu_sp_plus_psalm,Mischgedicht,45,1633,0.026817640047675805,0.040984932901704525,0.011895185753919948,0.14667465971729374,0.5264271620058515,0.37831777082479395,0.71913932785929,0.272428396958289,0.31334332833583206,0.9960019990004998,2000,0.4332058115566235,1.0,0.4982672598127166,1.0,1.0,1.0
morph_prs_nu_sp_plus_psalm,Thronbesteigungslied,15,1006,0.014691478942213516,0.08603998801944449,0.015654545161642695,0.31632910362051414,0.7830019880715706,0.5327761165378263,0.9558102409172624,8.274554852135457e-05,0.001999000499750125,0.2593703148425787,2000,0.0005016448879107121,0.0025870190190410178,0.022218057637847746,0.11458013240133383,0.9994561542758034,1.0
morph_prs_nu_sp_plus_psalm,Wallfahrtslied,0,172,0.0,nan,nan,nan,nan,nan,nan,nan,nan,0.0004997501249375312,2000,nan,nan,nan,nan,0.0004997501249375312,0.002577247589158399
morph_prs_nu_sp_plus_psalm,Weisheitsgedicht,45,1639,0.02672209026128266,0.02899529713208531,0.010682466483446031,0.10038441000639804,0.5041895464714257,0.33696481579159515,0.6966909460799267,0.46181476530376636,0.4292853573213393,1.0,2000,0.6399433176352191,1.0,0.5939987752602571,1.0,1.0,1.0
morph_prs_nu_sp_plus_psalm,Zionslied,15,1007,0.014677103718199608,0.04687574296210018,0.012158710247317623,0.2051081793412643,0.708540218470705,0.47347338841838743,0.9458264950070984,0.0027562254784795526,0.017491254372813594,0.4237881059470265,2000,0.008440194888073722,0.0435266963265574,0.05141368709584602,0.2651441080361444,0.9634557721139431,1.0
morph_prs_nu_sp_plus_psalm,prophetische Gerichtsrede,1,342,0.0029154518950437317,0.0036900369003690036,nan,nan,0.2134502923976608,nan,nan,0.8400833152709609,0.8319159579789895,1.0,2000,0.9031649782132315,1.0,0.9121470847783443,1.0,1.0,1.0
morph_prs_nu_sp_plus_psalm,"prophetische Schelt-, Droh- und Mahnrede",3,511,0.005836575875486381,0.11650168876413652,0.004904522391855858,0.5,0.6020874103065884,0.254263981826009,0.9980820618689011,0.2715298744345258,0.255872063968016,0.7916041979010495,2000,0.738727137470885,1.0,0.677314120717419,1.0,1.0,1.0
morph_prs_nu_sp_plus_psalm,prophetische Tora,0,172,0.0,nan,nan,nan,nan,nan,nan,nan,nan,0.0004997501249375312,2000,nan,nan,nan,nan,0.0004997501249375312,0.002577247589158399
morph_prs_ps_1_2_3gram,Danklied Israels,6,676,0.008797653958944282,0.01171788505665635,0.004314688657300067,0.04167237126029932,0.47460552268244577,0.12609691094551587,0.9223743951399718,0.585277347709652,0.5252373813093453,1.0,2000,0.9948129362984726,1.0,0.999000499750125,1.0,1.0,1.0
morph_prs_ps_1_2_3gram,Danklied des Einzelnen,78,2087,0.03602771362586605,0.04442289007756801,0.019938220351476514,0.09010424017184633,0.5584018281670414,0.4541359534289154,0.6881430493036524,0.03973464303140564,0.10844577711144428,0.9410294852573713,2000,0.04588405207198032,0.23662737972924283,0.13005692275813313,0.6707129701541492,0.993503248375812,1.0
morph_prs_ps_1_2_3gram,Fluch,0,173,0.0,nan,nan,nan,nan,nan,nan,nan,nan,0.0004997501249375312,2000,nan,nan,nan,nan,0.0004997501249375312,0.002577247589158399
morph_prs_ps_1_2_3gram,Hymnus,465,4421,0.09516987310683586,0.14226181717505976,0.08994488390920953,0.2148715067647232,0.6111612951869498,0.5123793334631933,0.7020919121558756,1.418784476286876e-15,0.001999000499750125,0.7276361819090454,2000,7.645671899990388e-15,3.9429283732964435e-14,0.006463434949192071,0.033332402153115295,1.0,1.0
morph_prs_ps_1_2_3gram,Klagelied des Einzelnen,1176,6123,0.1611179613645705,0.22662000687808767,0.15582199087900073,0.3331748724744149,0.6365814576688098,0.5657123089553355,0.716767700565648,3.0151405666597406e-50,0.0004997501249375312,0.623688155922039,2000,9.434472095677253e-50,4.865425589759634e-49,0.0009146370211120854,0.0047168493612899,1.0,1.0
morph_prs_ps_1_2_3gram,Klagelied des Volkes,36,1484,0.02368421052631579,0.02513985784738649,0.00937626684494011,0.12987842946507927,0.48547469302186286,0.3676617234549842,0.7108920657959499,0.6173011934122415,0.5547226386806596,1.0,2000,0.8428644837296503,1.0,0.7574337831084458,1.0,1.0,1.0
morph_prs_ps_1_2_3gram,Königspsalm,45,1636,0.02676977989292088,0.025993032066186347,0.012069800665969584,0.056362499981690885,0.49982341754957893,0.39165813696166746,0.6601746354425251,0.5016765724926954,0.4612693653173413,1.0,2000,0.5934466772169689,1.0,0.5424668618071916,1.0,1.0,1.0
morph_prs_ps_1_2_3gram,Liturgie,153,2800,0.05181171689806976,0.0592437576338254,0.03247257099178906,0.10577648435410053,0.5393650793650794,0.4566136695515071,0.6392412215164128,0.050281200451630544,0.16591704147926037,0.9820089955022488,2000,0.1950910577523265,1.0,0.5864003482129903,1.0,1.0,1.0
morph_prs_ps_1_2_3gram,Mischgedicht,45,1633,0.026817640047675805,0.033872629153533215,0.014107826667126773,0.0815535613121071,0.5396951758862353,0.38189501659985087,0.704122468709764,0.18152917069498553,0.21139430284857572,0.9820089955022488,2000,0.3452613638708548,1.0,0.43729177078127607,1.0,1.0,1.0
morph_prs_ps_1_2_3gram,Thronbesteigungslied,15,1006,0.014691478942213516,0.04541276816358426,0.016491967095358384,0.11225937291704308,0.822365805168986,0.6701367695934967,0.9167467098221478,8.911039281222077e-06,0.0014992503748125937,0.2143928035982009,2000,0.0005016448879107121,0.0025870190190410178,0.022218057637847746,0.11458013240133383,0.9994561542758034,1.0
morph_prs_ps_1_2_3gram,Wallfahrtslied,0,172,0.0,nan,nan,nan,nan,nan,nan,nan,nan,0.0004997501249375312,2000,nan,nan,nan,nan,0.0004997501249375312,0.002577247589158399
morph_prs_ps_1_2_3gram,Weisheitsgedicht,45,1639,0.02672209026128266,0.041803247731648265,0.018263946903504157,0.11356421915030793,0.6286285675547421,0.4870876957996383,0.8083070396763141,0.0016001151851299529,0.027486256871564217,0.6591704147926037,2000,0.011939320996738879,0.0615719430963221,0.21814092953523237,1.0,1.0,1.0
morph_prs_ps_1_2_3gram,Zionslied,15,1007,0.014677103718199608,0.023503517919952255,0.010849545570719392,0.05623214871680415,0.6779543197616683,0.5439032963561372,0.826245117195119,0.008934446409399803,0.025487256371814093,0.5002498750624688,2000,0.020634316707423352,0.10641266571926358,0.061806596701649175,0.318741095589165,0.9634557721139431,1.0
morph_prs_ps_1_2_3gram,prophetische Gerichtsrede,1,342,0.0029154518950437317,0.004366812227074236,nan,nan,0.3362573099415205,nan,nan,0.7158718889557905,0.6898449224612306,1.0,2000,0.9031649782132315,1.0,0.9121470847783443,1.0,1.0,1.0
morph_prs_ps_1_2_3gram,"prophetische Schelt-, Droh- und Mahnrede",3,511,0.005836575875486381,0.17178607178607178,0.005714285714285714,0.5,0.5805609915198956,0.3269116616526968,0.9981012934210559,0.3157785166531638,0.26936531734132935,0.8665667166416792,2000,0.738727137470885,1.0,0.677314120717419,1.0,1.0,1.0
morph_prs_ps_1_2_3gram,prophetische Tora,0,172,0.0,nan,nan,nan,nan,nan,nan,nan,nan,0.0004997501249375312,2000,nan,nan,nan,nan,0.0004997501249375312,0.002577247589158399
morph_prs_ps_1_2_3gram_psalm,Danklied Israels,6,676,0.008797653958944282,0.015262354742917402,0.004676542647412904,0.03309126843866195,0.6104536489151874,0.12284726391857756,0.8358674401293635,0.1758297524497593,0.1729135432283858,0.7361319340329835,2000,0.9948129362984726,1.0,0.999000499750125,1.0,1.0,1.0
morph_prs_ps_1_2_3gram_psalm,Danklied des Einzelnen,78,2087,0.03602771362586605,0.04365473554555015,0.0201708908423468,0.08424723998069127,0.5473136510510732,0.436928475958254,0.6959399402945423,0.07768970088272385,0.15142428785607195,0.967016491754123,2000,0.08281209874312323,0.42706799095956216,0.16140830683559318,0.8323943284940056,0.993503248375812,1.0
morph_prs_ps_1_2_3gram_psalm,Fluch,0,173,0.0,nan,nan,nan,nan,nan,nan,nan,nan,0.0004997501249375312,2000,nan,nan,nan,nan,0.0004997501249375312,0.002577247589158399
morph_prs_ps_1_2_3gram_psalm,Hymnus,465,4421,0.09516987310683586,0.1435316657587586,0.0851115212809975,0.22060647674379796,0.6047578395390524,0.5178433496444755,0.6842538617205489,4.92522893375033e-14,0.001999000499750125,0.7556221889055472,2000,1.8374892560530078e-13,9.476065175289417e-13,0.006463434949192071,0.033332402153115295,1.0,1.0
morph_prs_ps_1_2_3gram_psalm,Klagelied des Einzelnen,1176,6123,0.1611179613645705,0.21851214268330593,0.15271878831849375,0.3173544195518428,0.6298056786000371,0.5566648505630136,0.7116293312409362,1.3821128413451477e-45,0.0004997501249375312,0.6506746626686657,2000,4.0625741094084644e-45,2.095098891782984e-44,0.0009146370211120854,0.0047168493612899,1.0,1.0
morph_prs_ps_1_2_3gram_psalm,Klagelied des Volkes,36,1484,0.02368421052631579,0.02421945479688862,0.010180184173817095,0.055297378372530424,0.49764150943396224,0.3699179705780936,0.6994998591449478,0.5193859661684569,0.4757621189405297,1.0,2000,0.8428644837296503,1.0,0.7574337831084458,1.0,1.0,1.0
morph_prs_ps_1_2_3gram_psalm,Königspsalm,45,1636,0.02676977989292088,0.0249426525406494,0.012455041623292029,0.058031464752530494,0.47923118717739743,0.3864232386795926,0.6149747674468886,0.6830105682131009,0.6071964017991005,1.0,2000,0.7280442320513273,1.0,0.6433576689915912,1.0,1.0,1.0
morph_prs_ps_1_2_3gram_psalm,Liturgie,153,2800,0.05181171689806976,0.06037557661797168,0.03369360953649728,0.10626818545349834,0.5543487394957983,0.4895644400028866,0.6493006326454788,0.011688934412395676,0.08195902048975512,0.952023988005997,2000,0.059675086210651616,0.3077487416105122,0.4184223677634867,1.0,1.0,1.0
morph_prs_ps_1_2_3gram_psalm,Mischgedicht,45,1633,0.026817640047675805,0.03090082117340358,0.013095079804217794,0.07120351202745125,0.5127100768864394,0.37093631038068064,0.6814202723766545,0.3854776529491627,0.375312343828086,1.0,2000,0.5419033671894027,1.0,0.5200756764474905,1.0,1.0,1.0
morph_prs_ps_1_2_3gram_psalm,Thronbesteigungslied,15,1006,0.014691478942213516,0.0924743834228928,0.014609172357574484,0.6165102191248201,0.7755798542080848,0.5903281767830031,0.9862589411718519,0.00012232504222065154,0.005997001499250375,0.2868565717141429,2000,0.0005932764547701599,0.0030595696458344344,0.023268365817091453,0.11999664775121506,0.9994561542758034,1.0
morph_prs_ps_1_2_3gram_psalm,Wallfahrtslied,0,172,0.0,nan,nan,nan,nan,nan,nan,nan,nan,0.0004997501249375312,2000,nan,nan,nan,nan,0.0004997501249375312,0.002577247589158399
morph_prs_ps_1_2_3gram_psalm,Weisheitsgedicht,45,1639,0.02672209026128266,0.03863148747809765,0.0161676193365047,0.10179543554329296,0.6001423632296116,0.46071071814258036,0.8071259330821644,0.010867742319182184,0.054972513743128434,0.776111944027986,2000,0.05019861928384151,0.25887791532725013,0.24659409425721923,1.0,1.0,1.0
morph_prs_ps_1_2_3gram_psalm,Zionslied,15,1007,0.014677103718199608,0.037928856409864,0.016,0.09740536896241245,0.8030122476001325,0.7145381696198397,0.9088683112324201,2.7536992624100383e-05,0.001999000499750125,0.23738130934532733,2000,0.000351865073535293,0.0018145936683682314,0.019960607931328454,0.1029383007669737,0.9634557721139431,1.0
morph_prs_ps_1_2_3gram_psalm,prophetische Gerichtsrede,1,342,0.0029154518950437317,0.004166666666666667,nan,nan,0.30409356725146197,nan,nan,0.7522907211534744,0.7328664332166083,1.0,2000,0.9031649782132315,1.0,0.9121470847783443,1.0,1.0,1.0
morph_prs_ps_1_2_3gram_psalm,"prophetische Schelt-, Droh- und Mahnrede",3,511,0.005836575875486381,0.1715075599849824,0.0052797816341589076,0.5,0.5564253098499674,0.25276008970045144,0.998087920815785,0.36870480560626506,0.32533733133433285,0.9470264867566217,2000,0.738727137470885,1.0,0.677314120717419,1.0,1.0,1.0
morph_prs_ps_1_2_3gram_psalm,prophetische Tora,0,172,0.0,nan,nan,nan,nan,nan,nan,nan,nan,0.0004997501249375312,2000,nan,nan,nan,nan,0.0004997501249375312,0.002577247589158399
morph_prs_ps_1_2gram,Danklied Israels,6,676,0.008797653958944282,0.01781286584688796,0.004944307002732358,0.06887887145986259,0.5392011834319527,0.1988531437355022,0.9371461650591858,0.37074390620802405,0.3188405797101449,0.9795102448775612,2000,0.9948129362984726,1.0,0.999000499750125,1.0,1.0,1.0
morph_prs_ps_1_2gram,Danklied des Einzelnen,78,2087,0.03602771362586605,0.047712140584657364,0.02085371824981972,0.10787397932359133,0.5514479132112098,0.44068603986431143,0.6905560699409189,0.0611803122223947,0.127936031984008,0.9545227386306847,2000,0.06667966613002568,0.34387186756777083,0.13943590002751433,0.7190810352132738,0.993503248375812,1.0
morph_prs_ps_1_2gram,Fluch,0,173,0.0,nan,nan,nan,nan,nan,nan,nan,nan,0.0004997501249375312,2000,nan,nan,nan,nan,0.0004997501249375312,0.002577247589158399
morph_prs_ps_1_2gram,Hymnus,465,4421,0.09516987310683586,0.15214339590103407,0.09111306132617404,0.23140782877995228,0.623703098359978,0.5215996118343862,0.7147509177641728,7.549673013634389e-19,0.0014992503748125937,0.6871564217891054,2000,7.323182823225357e-18,3.7766184207523626e-17,0.005817091454272863,0.029999161937803765,1.0,1.0
morph_prs_ps_1_2gram,Klagelied des Einzelnen,1176,6123,0.1611179613645705,0.24540184608756535,0.16839545708325562,0.35180243988231064,0.6607349782963978,0.587913018952005,0.749756328763157,8.936675113449202e-69,0.0004997501249375312,0.552223888055972,2000,3.940261300020784e-68,2.0320212901201545e-67,0.0009146370211120854,0.0047168493612899,1.0,1.0
morph_prs_ps_1_2gram,Klagelied des Volkes,36,1484,0.02368421052631579,0.024667083449020598,0.0097119666923177,0.06542664835077529,0.4911463012878107,0.36624279699273254,0.7180562424846869,0.5721932603719092,0.5137431284357821,1.0,2000,0.8428644837296503,1.0,0.7574337831084458,1.0,1.0,1.0
morph_prs_ps_1_2gram,Königspsalm,45,1636,0.02676977989292088,0.026625259477581046,0.012612131960784824,0.0627678466509333,0.49429502852485735,0.3800584673646391,0.6537393894179119,0.5520735239651873,0.5052473763118441,1.0,2000,0.6155302508577376,1.0,0.55610958565661,1.0,1.0,1.0
morph_prs_ps_1_2gram,Liturgie,153,2800,0.05181171689806976,0.06146347142942018,0.033296295681389275,0.10736520473825355,0.5603524743230626,0.4770220543189003,0.6469516550012664,0.00590689118219299,0.06996501749125437,0.9240379810094953,2000,0.035810527792045,0.18467748543349422,0.40127158642900773,1.0,1.0,1.0
morph_prs_ps_1_2gram,Mischgedicht,45,1633,0.026817640047675805,0.03364037530286505,0.012941393582941527,0.07757399833630783,0.5465809348846703,0.35977784851917327,0.6998463380136059,0.14290547212520816,0.18040979510244878,0.9675162418790605,2000,0.3150416090032998,1.0,0.43729177078127607,1.0,1.0,1.0
morph_prs_ps_1_2gram,Thronbesteigungslied,15,1006,0.014691478942213516,0.03816851582783211,0.013909358003570276,0.09084556782561487,0.7907554671968191,0.6163763405281626,0.9034063676504761,5.4462689868668845e-05,0.0029985007496251873,0.27136431784107945,2000,0.0005016448879107121,0.0025870190190410178,0.022218057637847746,0.11458013240133383,0.9994561542758034,1.0
morph_prs_ps_1_2gram,Wallfahrtslied,0,172,0.0,nan,nan,nan,nan,nan,nan,nan,nan,0.0004997501249375312,2000,nan,nan,nan,nan,0.0004997501249375312,0.002577247589158399
morph_prs_ps_1_2gram,Weisheitsgedicht,45,1639,0.02672209026128266,0.042469454804208454,0.01604566986709086,0.13498285301864865,0.62936072130703,0.4944290213345524,0.7950314357033597,0.0015153827570204823,0.02948525737131434,0.6646676661669165,2000,0.011939320996738879,0.0615719430963221,0.21814092953523237,1.0,1.0,1.0
morph_prs_ps_1_2gram,Zionslied,15,1007,0.014677103718199608,0.024199466250161575,0.010871294698426147,0.05399010897952995,0.6835815954981794,0.47133108175098204,0.8025218840732041,0.0072782516470435024,0.026486756621689155,0.49325337331334335,2000,0.017910039890211834,0.0923633728646872,0.06266379005619141,0.32316170380154463,0.9634557721139431,1.0
morph_prs_ps_1_2gram,prophetische Gerichtsrede,1,342,0.0029154518950437317,0.004329004329004329,nan,nan,0.3304093567251462,nan,nan,0.7226796579247634,0.6888444222111055,1.0,2000,0.9031649782132315,1.0,0.9121470847783443,1.0,1.0,1.0
morph_prs_ps_1_2gram,"prophetische Schelt-, Droh- und Mahnrede",3,511,0.005836575875486381,0.11631512695342482,0.005519345124856676,0.5,0.5870841487279843,0.3442531274636378,0.9980582524271845,0.3020466494500754,0.2593703148425787,0.8365817091454273,2000,0.738727137470885,1.0,0.677314120717419,1.0,1.0,1.0
morph_prs_ps_1_2gram,prophetische Tora,0,172,0.0,nan,nan,nan,nan,nan,nan,nan,nan,0.0004997501249375312,2000,nan,nan,nan,nan,0.0004997501249375312,0.002577247589158399
morph_prs_ps_1_2gram_psalm,Danklied Israels,6,676,0.008797653958944282,0.03780068793452022,0.009261932132819353,0.2,0.6715976331360947,0.23948474289474744,0.8540745512638394,0.07387371053091972,0.08845577211394302,0.5142428785607196,2000,0.9948129362984726,1.0,0.999000499750125,1.0,1.0,1.0
morph_prs_ps_1_2gram_psalm,Danklied des Einzelnen,78,2087,0.03602771362586605,0.042164265552316754,0.019496651308646924,0.0865767840616257,0.5307213151008072,0.4298146231738498,0.6753911422448354,0.17813393467685124,0.2303848075962019,0.9920039980009995,2000,0.18188412277531127,0.9379895942746513,0.2377375142216126,1.0,0.993503248375812,1.0
morph_prs_ps_1_2gram_psalm,Fluch,0,173,0.0,nan,nan,nan,nan,nan,nan,nan,nan,0.0004997501249375312,2000,nan,nan,nan,nan,0.0004997501249375312,0.002577247589158399
morph_prs_ps_1_2gram_psalm,Hymnus,465,4421,0.09516987310683586,0.14389658920515683,0.08641280618805568,0.21609682098539346,0.614620834579828,0.5278356733332497,0.6967967170454268,1.9177614906622353e-16,0.0004997501249375312,0.7166416791604198,2000,1.1626429037139802e-15,5.995833659918602e-15,0.0034625544370671807,0.01785664401059748,1.0,1.0
morph_prs_ps_1_2gram_psalm,Klagelied des Einzelnen,1176,6123,0.1611179613645705,0.24005527424391054,0.1639866476781724,0.3425101264835798,0.6589226414067179,0.5805520371539403,0.741593233568678,2.786855620397793e-67,0.0004997501249375312,0.559720139930035,2000,1.1753260659938518e-66,6.061241646385418e-66,0.0009146370211120854,0.0047168493612899,1.0,1.0
morph_prs_ps_1_2gram_psalm,Klagelied des Volkes,36,1484,0.02368421052631579,0.025503312801718074,0.009979603038609564,0.07023791649497291,0.49926999101527403,0.364934652670845,0.7296649622028132,0.506055477135316,0.4587706146926537,1.0,2000,0.8428644837296503,1.0,0.7574337831084458,1.0,1.0,1.0
morph_prs_ps_1_2gram_psalm,Königspsalm,45,1636,0.02676977989292088,0.02492955458889084,0.012093307280001055,0.056210376490328486,0.47182830752512905,0.3787380219831564,0.6240465809588737,0.7407932343513872,0.6701649175412294,1.0,2000,0.7533757042742152,1.0,0.6842736526473606,1.0,1.0,1.0
morph_prs_ps_1_2gram_psalm,Liturgie,153,2800,0.05181171689806976,0.06118764274411977,0.034303405739947425,0.10441709091033657,0.5673459383753502,0.4989061110581003,0.658517502256593,0.0024816752088874434,0.043478260869565216,0.9010494752623688,2000,0.022009839280900875,0.11350633525415571,0.40127158642900773,1.0,1.0,1.0
morph_prs_ps_1_2gram_psalm,Mischgedicht,45,1633,0.026817640047675805,0.0307419424621319,0.012623738724125411,0.07173938135665786,0.5175409947608356,0.3650263956757077,0.6828877659867518,0.34390182892253207,0.3468265867066467,0.999000499750125,2000,0.49788772246993446,1.0,0.5093467758874186,1.0,1.0,1.0
morph_prs_ps_1_2gram_psalm,Thronbesteigungslied,15,1006,0.014691478942213516,0.0663198657428507,0.013610345971842353,0.3519452115496751,0.776441351888668,0.6026343118922014,0.9835325327244204,0.00011695422257373134,0.005497251374312844,0.29235382308845576,2000,0.0005932764547701599,0.0030595696458344344,0.022218057637847746,0.11458013240133383,0.9994561542758034,1.0
morph_prs_ps_1_2gram_psalm,Wallfahrtslied,0,172,0.0,nan,nan,nan,nan,nan,nan,nan,nan,0.0004997501249375312,2000,nan,nan,nan,nan,0.0004997501249375312,0.002577247589158399
morph_prs_ps_1_2gram_psalm,Weisheitsgedicht,45,1639,0.02672209026128266,0.03831883227445204,0.01680020432885049,0.11786335624241201,0.6049420378279439,0.47046486366922013,0.8189682329522181,0.00808711300914507,0.044977511244377814,0.7501249375312344,2000,0.04278462688359184,0.22064341955404618,0.23510744627686156,1.0,1.0,1.0
morph_prs_ps_1_2gram_psalm,Zionslied,15,1007,0.014677103718199608,0.03814586184445456,0.014096700714182115,0.1068485568571491,0.7908970539556438,0.6773443501877844,0.8939759036144578,5.4036444917510964e-05,0.001999000499750125,0.271864067966017,2000,0.000436794596416547,0.0022525813689644953,0.019960607931328454,0.1029383007669737,0.9634557721139431,1.0
morph_prs_ps_1_2gram_psalm,prophetische Gerichtsrede,1,342,0.0029154518950437317,0.0041841004184100415,nan,nan,0.30701754385964913,nan,nan,0.749086060854871,0.7143571785892946,1.0,2000,0.9031649782132315,1.0,0.9121470847783443,1.0,1.0,1.0
morph_prs_ps_1_2gram_psalm,"prophetische Schelt-, Droh- und Mahnrede",3,511,0.005836575875486381,0.1719400669551727,0.005649717514124294,0.5,0.594259621656882,0.29640673746509494,0.99809352839184,0.2872595303245346,0.2538730634682659,0.7966016991504248,2000,0.738727137470885,1.0,0.677314120717419,1.0,1.0,1.0
morph_prs_ps_1_2gram_psalm,prophetische Tora,0,172,0.0,nan,nan,nan,nan,nan,nan,nan,nan,0.0004997501249375312,2000,nan,nan,nan,nan,0.0004997501249375312,0.002577247589158399
morph_prs_ps_1gram,Danklied Israels,6,676,0.008797653958944282,0.018577015288086578,0.004752690705232436,0.11679235247950973,0.5747041420118343,0.31474085256978007,0.9884102554523609,0.26448181507777335,0.2273863068465767,0.8645677161419291,2000,0.9948129362984726,1.0,0.999000499750125,1.0,1.0,1.0
morph_prs_ps_1gram,Danklied des Einzelnen,78,2087,0.03602771362586605,0.04658448380332623,0.020980961978581472,0.10705582915616246,0.5485053997272493,0.43705286351712674,0.7004498456281509,0.07261700804048726,0.127936031984008,0.9565217391304348,2000,0.07826499755474738,0.40361826080318486,0.13943590002751433,0.7190810352132738,0.993503248375812,1.0
morph_prs_ps_1gram,Fluch,0,173,0.0,nan,nan,nan,nan,nan,nan,nan,nan,0.0004997501249375312,2000,nan,nan,nan,nan,0.0004997501249375312,0.002577247589158399
morph_prs_ps_1gram,Hymnus,465,4421,0.09516987310683586,0.1606248647219666,0.10251327253473401,0.2395613052484506,0.6421609473845503,0.5331641742975285,0.7361135196143013,2.752701003608779e-24,0.0004997501249375312,0.6336831584207896,2000,6.675299933751289e-23,3.4425005223000634e-22,0.0034625544370671807,0.01785664401059748,1.0,1.0
morph_prs_ps_1gram,Klagelied des Einzelnen,1176,6123,0.1611179613645705,0.2756593100415094,0.19029410899609484,0.3915817299085069,0.677507635423923,0.5983278195497339,0.7677550233947336,2.1203864888736193e-83,0.0004997501249375312,0.52023988005997,2000,1.4691249244338648e-82,7.576383638009056e-82,0.0009146370211120854,0.0047168493612899,1.0,1.0
morph_prs_ps_1gram,Klagelied des Volkes,36,1484,0.02368421052631579,0.02562372818017638,0.009569060159316845,0.06627200998410483,0.4844077568134172,0.3481734066590113,0.721519686343769,0.6256313693663383,0.5617191404297851,1.0,2000,0.8428644837296503,1.0,0.7574337831084458,1.0,1.0,1.0
morph_prs_ps_1gram,Königspsalm,45,1636,0.02676977989292088,0.02755485224491496,0.012768601096733612,0.06671111205391105,0.4990627546862266,0.38188797318625706,0.6627687494619903,0.5086305956593961,0.4682658670664668,1.0,2000,0.5944237081802581,1.0,0.5424668618071916,1.0,1.0,1.0
morph_prs_ps_1gram,Liturgie,153,2800,0.05181171689806976,0.061585258628698764,0.033795376518579404,0.1045331099743499,0.575499533146592,0.49104411050632346,0.662257399183902,0.0008176273807967231,0.035982008995502246,0.8630684657671165,2000,0.008969129951990512,0.046254452759777485,0.40127158642900773,1.0,1.0,1.0
morph_prs_ps_1gram,Mischgedicht,45,1633,0.026817640047675805,0.032618737322525876,0.013271986642541226,0.07261474228826692,0.5543104034837042,0.39517943495452273,0.7092363283571643,0.10665864185180485,0.14742628685657172,0.9355322338830585,2000,0.26527918614423257,1.0,0.40935088011549786,1.0,1.0,1.0
morph_prs_ps_1gram,Thronbesteigungslied,15,1006,0.014691478942213516,0.03562666767060318,0.012406042977295542,0.09453846072836955,0.7700795228628231,0.6022858820873501,0.9212759287961708,0.00016245678324191737,0.005497251374312844,0.32083958020989506,2000,0.0006898009660799806,0.0035573535415343582,0.022218057637847746,0.11458013240133383,0.9994561542758034,1.0
morph_prs_ps_1gram,Wallfahrtslied,0,172,0.0,nan,nan,nan,nan,nan,nan,nan,nan,0.0004997501249375312,2000,nan,nan,nan,nan,0.0004997501249375312,0.002577247589158399
morph_prs_ps_1gram,Weisheitsgedicht,45,1639,0.02672209026128266,0.04498248229114614,0.015455442468590918,0.17276683594214853,0.6210900955867399,0.4586325046523659,0.7913254660849036,0.0027596634664006528,0.031484257871064465,0.704647676161919,2000,0.019120525445775954,0.09860593454524436,0.21814092953523237,1.0,1.0,1.0
morph_prs_ps_1gram,Zionslied,15,1007,0.014677103718199608,0.030132920391551382,0.011150773011216964,0.0899824708574919,0.7224428997020854,0.5681659123392028,0.8996459085935071,0.001535626728231624,0.01199400299850075,0.4107946026986507,2000,0.005644471580234502,0.02910894874523717,0.04308956632794714,0.22221601435410196,0.9634557721139431,1.0
morph_prs_ps_1gram,prophetische Gerichtsrede,1,342,0.0029154518950437317,0.005208333333333333,nan,nan,0.4444444444444444,nan,nan,0.5780628223089398,0.5462731365682841,1.0,2000,0.9031649782132315,1.0,0.9121470847783443,1.0,1.0,1.0
morph_prs_ps_1gram,"prophetische Schelt-, Droh- und Mahnrede",3,511,0.005836575875486381,0.06077781252557045,0.0053834478052656445,0.2857142857142857,0.588388780169602,0.31855490034735395,0.9963277251163258,0.29933276740196735,0.2593703148425787,0.8215892053973014,2000,0.738727137470885,1.0,0.677314120717419,1.0,1.0,1.0
morph_prs_ps_1gram,prophetische Tora,0,172,0.0,nan,nan,nan,nan,nan,nan,nan,nan,0.0004997501249375312,2000,nan,nan,nan,nan,0.0004997501249375312,0.002577247589158399
morph_prs_ps_1gram_psalm,Danklied Israels,6,676,0.008797653958944282,0.024944748889078827,0.00789506791823185,0.13176726355334267,0.6674063116370809,0.3309966831113012,0.8281179672815686,0.07895258341564937,0.09895052473763119,0.5472263868065967,2000,0.9948129362984726,1.0,0.999000499750125,1.0,1.0,1.0
morph_prs_ps_1gram_psalm,Danklied des Einzelnen,78,2087,0.03602771362586605,0.041422273627227,0.020623864790545735,0.081602418846505,0.5259973216369959,0.41617190758842126,0.6812086106071359,0.21750900515149463,0.24737631184407796,0.9930034982508745,2000,0.21750900515149463,1.0,0.24737631184407796,1.0,0.993503248375812,1.0
morph_prs_ps_1gram_psalm,Fluch,0,173,0.0,nan,nan,nan,nan,nan,nan,nan,nan,0.0004997501249375312,2000,nan,nan,nan,nan,0.0004997501249375312,0.002577247589158399
morph_prs_ps_1gram_psalm,Hymnus,465,4421,0.09516987310683586,0.1499098767931592,0.0956375622862984,0.22111829997012097,0.6304280888136533,0.5396824389741992,0.7186103868769059,9.596993678247575e-21,0.0004997501249375312,0.664167916041979,2000,1.3298691239857355e-19,6.858231389370546e-19,0.0034625544370671807,0.01785664401059748,1.0,1.0
morph_prs_ps_1gram_psalm,Klagelied des Einzelnen,1176,6123,0.1611179613645705,0.26801294896483563,0.18387872101310693,0.37914562126984475,0.683984691377776,0.6002796039078696,0.7705305436800065,1.9625003046696807e-89,0.0004997501249375312,0.4987506246876562,2000,1.5863544129413253e-88,8.18094460069394e-88,0.0009146370211120854,0.0047168493612899,1.0,1.0
morph_prs_ps_1gram_psalm,Klagelied des Volkes,36,1484,0.02368421052631579,0.02386207386496552,0.010243009413733324,0.05694787239338327,0.49440326445043425,0.36694063419717915,0.7338586156947291,0.5458149051638913,0.4942528735632184,1.0,2000,0.8428644837296503,1.0,0.7574337831084458,1.0,1.0,1.0
morph_prs_ps_1gram_psalm,Königspsalm,45,1636,0.02676977989292088,0.026190595662842993,0.012642148567217562,0.0611785843192658,0.47125781037761477,0.3782061969318572,0.6518741788575895,0.7450095555949607,0.6806596701649176,1.0,2000,0.7533757042742152,1.0,0.6877498750624689,1.0,1.0,1.0
morph_prs_ps_1gram_psalm,Liturgie,153,2800,0.05181171689806976,0.06119683598570279,0.03432960338032699,0.10198842040790092,0.5826377217553688,0.5074263321952237,0.6640129751434947,0.000283082684194836,0.022488755622188907,0.8480759620189905,2000,0.005491804073379818,0.028321631355305077,0.40127158642900773,1.0,1.0,1.0
morph_prs_ps_1gram_psalm,Mischgedicht,45,1633,0.026817640047675805,0.030960386597629036,0.012501725776960163,0.06876092191219178,0.5312580798802476,0.38289512595553643,0.707633200899263,0.23693488817092473,0.25737131434282856,0.9895052473763118,2000,0.4048367036718844,1.0,0.43798276300446265,1.0,1.0,1.0
morph_prs_ps_1gram_psalm,Thronbesteigungslied,15,1006,0.014691478942213516,0.0562401389072641,0.012772072329240223,0.30506480312589557,0.7571570576540756,0.5903168973650218,0.9823664084537482,0.00031015976582175373,0.009495252373813094,0.3448275862068966,2000,0.0009992296471258474,0.005153099660340447,0.027910287280602127,0.14393537293390699,0.9994561542758034,1.0
morph_prs_ps_1gram_psalm,Wallfahrtslied,0,172,0.0,nan,nan,nan,nan,nan,nan,nan,nan,0.0004997501249375312,2000,nan,nan,nan,nan,0.0004997501249375312,0.002577247589158399
morph_prs_ps_1gram_psalm,Weisheitsgedicht,45,1639,0.02672209026128266,0.04051177089093591,0.015903678807024108,0.13599356211324637,0.6093078435360314,0.44611669097242507,0.816680594101326,0.006122257968638026,0.03798100949525238,0.743128435782109,2000,0.03711618893486804,0.19141087451072372,0.23510744627686156,1.0,1.0,1.0
morph_prs_ps_1gram_psalm,Zionslied,15,1007,0.014677103718199608,0.049012296799011125,0.015788060603876157,0.14437443546113085,0.8112214498510427,0.6791695423321774,0.9429236410844704,1.7195511780821752e-05,0.0009995002498750624,0.248375812093953,2000,0.000351865073535293,0.0018145936683682314,0.019960607931328454,0.1029383007669737,0.9634557721139431,1.0
morph_prs_ps_1gram_psalm,prophetische Gerichtsrede,1,342,0.0029154518950437317,0.004901960784313725,nan,nan,0.4093567251461988,nan,nan,0.6248084008975497,0.5737868934467234,1.0,2000,0.9031649782132315,1.0,0.9121470847783443,1.0,1.0,1.0
morph_prs_ps_1gram_psalm,"prophetische Schelt-, Droh- und Mahnrede",3,511,0.005836575875486381,0.08989693345209314,0.005722942283234675,0.36246454054228944,0.6738421395955643,0.3955865739692972,0.9980284562090401,0.14985713090426728,0.1584207896051974,0.5282358820589705,2000,0.738727137470885,1.0,0.677314120717419,1.0,1.0,1.0
morph_prs_ps_1gram_psalm,prophetische Tora,0,172,0.0,nan,nan,nan,nan,nan,nan,nan,nan,0.0004997501249375312,2000,nan,nan,nan,nan,0.0004997501249375312,0.002577247589158399
morph_prs_ps_sp_plus,Danklied Israels,6,676,0.008797653958944282,0.015891046418426362,0.004814273595789811,0.15302769946559439,0.39916173570019725,0.03905900000674884,0.9609296902017235,0.8029724164580232,0.7856071964017991,1.0,2000,0.9948129362984726,1.0,0.999000499750125,1.0,1.0,1.0
morph_prs_ps_sp_plus,Danklied des Einzelnen,78,2087,0.03602771362586605,0.044608478031840336,0.022400583907758415,0.08405717562519922,0.5935891292863023,0.4930381835074051,0.702022409253011,0.0024733526244556446,0.03648175912043978,0.8180909545227386,2000,0.004896228664738725,0.025250205837854423,0.07473346660003333,0.38540589989539564,0.993503248375812,1.0
morph_prs_ps_sp_plus,Fluch,0,173,0.0,nan,nan,nan,nan,nan,nan,nan,nan,0.0004997501249375312,2000,nan,nan,nan,nan,0.0004997501249375312,0.002577247589158399
morph_prs_ps_sp_plus,Hymnus,465,4421,0.09516987310683586,0.14741380464520798,0.09454690105474181,0.2217697124957156,0.6198344655152704,0.5270001098044484,0.7100851162842686,8.396854178292661e-18,0.0004997501249375312,0.7126436781609196,2000,6.265345040726062e-17,3.2310838148315014e-16,0.0034625544370671807,0.01785664401059748,1.0,1.0
morph_prs_ps_sp_plus,Klagelied des Einzelnen,1176,6123,0.1611179613645705,0.26533692050970337,0.18014753719727136,0.3825987434973508,0.6635219496911945,0.5844177470634238,0.7416221284728836,4.178200825064954e-71,0.0004997501249375312,0.5537231384307846,2000,2.1330814738489502e-70,1.1000455650997258e-69,0.0009146370211120854,0.0047168493612899,1.0,1.0
morph_prs_ps_sp_plus,Klagelied des Volkes,36,1484,0.02368421052631579,0.02115233025835407,0.00889412683334616,0.044738673318525095,0.44098158131177,0.3255378953165598,0.6481171779177869,0.8872160874949344,0.8310844577711144,1.0,2000,0.9424280079684193,1.0,0.8873172109597375,1.0,1.0,1.0
morph_prs_ps_sp_plus,Königspsalm,45,1636,0.02676977989292088,0.029482143171534657,0.012831740454989913,0.07278625620026127,0.5270442814452594,0.3837331370099053,0.6956250634330672,0.26774623040491674,0.30934532733633185,0.9950024987506247,2000,0.3819321227834842,1.0,0.41901651913769145,1.0,1.0,1.0
morph_prs_ps_sp_plus,Liturgie,153,2800,0.05181171689806976,0.05829843575914919,0.030828664385124643,0.0936004831498123,0.566953781512605,0.502607306882973,0.6452728080385352,0.0026107350771796497,0.0559720139930035,0.9150424787606197,2000,0.022009839280900875,0.11350633525415571,0.40127158642900773,1.0,1.0,1.0
morph_prs_ps_sp_plus,Mischgedicht,45,1633,0.026817640047675805,0.037740412919023913,0.015146662047418876,0.10678634128245831,0.5918146560522556,0.44036664115557117,0.7452946568504523,0.017689481935162264,0.06946526736631684,0.8250874562718641,2000,0.0779945339868518,0.4022234605949784,0.3481441097633002,1.0,1.0,1.0
morph_prs_ps_sp_plus,Thronbesteigungslied,15,1006,0.014691478942213516,0.04895215431369019,0.01483782020404155,0.12884349296067749,0.8037442014579191,0.5693951772335238,0.9309635411104619,2.642059996454932e-05,0.0029985007496251873,0.2353823088455772,2000,0.0005016448879107121,0.0025870190190410178,0.022218057637847746,0.11458013240133383,0.9994561542758034,1.0
morph_prs_ps_sp_plus,Wallfahrtslied,0,172,0.0,nan,nan,nan,nan,nan,nan,nan,nan,0.0004997501249375312,2000,nan,nan,nan,nan,0.0004997501249375312,0.002577247589158399
morph_prs_ps_sp_plus,Weisheitsgedicht,45,1639,0.02672209026128266,0.03506750834413536,0.014109201733946896,0.07016337524218705,0.5828011660226425,0.392268834252538,0.7304692175076332,0.028879384799664638,0.08245877061469266,0.8555722138930535,2000,0.0965965629506024,0.4981554712298406,0.2611436217375183,1.0,1.0,1.0
morph_prs_ps_sp_plus,Zionslied,15,1007,0.014677103718199608,0.0375970112705692,0.010016374757041611,0.136719940646096,0.6600794438927508,0.49825291686675144,0.9478894404133256,0.016569722077096078,0.04397801099450275,0.5667166416791605,2000,0.034197085988900415,0.17635684919969327,0.09190196568382476,0.4739450931146081,0.9634557721139431,1.0
morph_prs_ps_sp_plus,prophetische Gerichtsrede,1,342,0.0029154518950437317,0.005319148936170213,nan,nan,0.45614035087719296,nan,nan,0.5621971665095918,0.5427713856928464,1.0,2000,0.9031649782132315,1.0,0.9121470847783443,1.0,1.0,1.0
morph_prs_ps_sp_plus,"prophetische Schelt-, Droh- und Mahnrede",3,511,0.005836575875486381,0.17354024943310656,0.006310471095189276,0.5,0.6875407697325505,0.37675608531626104,0.9980724931972945,0.13158747237003898,0.13893053473263367,0.47626186906546725,2000,0.738727137470885,1.0,0.677314120717419,1.0,1.0,1.0
morph_prs_ps_sp_plus,prophetische Tora,0,172,0.0,nan,nan,nan,nan,nan,nan,nan,nan,0.0004997501249375312,2000,nan,nan,nan,nan,0.0004997501249375312,0.002577247589158399
morph_prs_ps_sp_plus_psalm,Danklied Israels,6,676,0.008797653958944282,0.010497533088783985,0.004228329809725159,0.027476409005592676,0.48200197238658776,0.08121254734741026,0.8681588075803801,0.5607907987439025,0.5167416291854073,1.0,2000,0.9948129362984726,1.0,0.999000499750125,1.0,1.0,1.0
morph_prs_ps_sp_plus_psalm,Danklied des Einzelnen,78,2087,0.03602771362586605,0.04309777890515536,0.021080105197406655,0.07831247027193988,0.5848844495226863,0.4833692808984473,0.7042011999688538,0.005400474591642651,0.047976011994003,0.847576211894053,2000,0.009700852507209947,0.05002799897271309,0.08617913265589427,0.4444320287082039,0.993503248375812,1.0
morph_prs_ps_sp_plus_psalm,Fluch,0,173,0.0,nan,nan,nan,nan,nan,nan,nan,nan,0.0004997501249375312,2000,nan,nan,nan,nan,0.0004997501249375312,0.002577247589158399
morph_prs_ps_sp_plus_psalm,Hymnus,465,4421,0.09516987310683586,0.1450261494184689,0.09306575145001894,0.2095616743836867,0.6109501815625813,0.530187183627719,0.6963391190406327,1.5999860763480782e-15,0.0009995002498750624,0.7446276861569215,2000,7.759932470288178e-15,4.001853376941546e-14,0.005386195790993392,0.02777700179426275,1.0,1.0
morph_prs_ps_sp_plus_psalm,Klagelied des Einzelnen,1176,6123,0.1611179613645705,0.2600790833985659,0.17697582323520197,0.3669205255985754,0.6609449593980986,0.5804456914538466,0.7377125088499497,5.984077546621888e-69,0.0004997501249375312,0.5527236381809095,2000,2.7640739143920146e-68,1.4254529367077003e-67,0.0009146370211120854,0.0047168493612899,1.0,1.0
morph_prs_ps_sp_plus_psalm,Klagelied des Volkes,36,1484,0.02368421052631579,0.0205570074203784,0.009059617275389809,0.040497084559431434,0.4393530997304582,0.32344869158203077,0.6748926358677397,0.8934871041320247,0.8360819590204898,1.0,2000,0.9424280079684193,1.0,0.8873172109597375,1.0,1.0,1.0
morph_prs_ps_sp_plus_psalm,Königspsalm,45,1636,0.02676977989292088,0.027669283659663795,0.012694859156815346,0.05798074311798426,0.5226568867155664,0.4045129700875254,0.6751534011133927,0.3018477569455416,0.3278360819590205,0.9980009995002499,2000,0.39566530302320996,1.0,0.42288724059023125,1.0,1.0,1.0
morph_prs_ps_sp_plus_psalm,Liturgie,153,2800,0.05181171689806976,0.06095349962376827,0.03309041275724878,0.09685960599845089,0.5781045751633986,0.5090005961304105,0.6573241264525734,0.0005605715888245835,0.031984007996002,0.8785607196401799,2000,0.008969129951990512,0.046254452759777485,0.40127158642900773,1.0,1.0,1.0
morph_prs_ps_sp_plus_psalm,Mischgedicht,45,1633,0.026817640047675805,0.03715833440550629,0.013107001054176923,0.08866085115703891,0.5579029733959311,0.4264292798218474,0.7283210343098796,0.09228284962747801,0.16591704147926037,0.9495252373813093,2000,0.25575532611043905,1.0,0.4349717033375204,1.0,1.0,1.0
morph_prs_ps_sp_plus_psalm,Thronbesteigungslied,15,1006,0.014691478942213516,0.08219878722598713,0.018808551519784347,0.3333333333333333,0.7923459244532803,0.5124197581846066,0.9463477511411944,4.9922353559344034e-05,0.001999000499750125,0.2433783108445777,2000,0.0005016448879107121,0.0025870190190410178,0.022218057637847746,0.11458013240133383,0.9994561542758034,1.0
morph_prs_ps_sp_plus_psalm,Wallfahrtslied,0,172,0.0,nan,nan,nan,nan,nan,nan,nan,nan,0.0004997501249375312,2000,nan,nan,nan,nan,0.0004997501249375312,0.002577247589158399
morph_prs_ps_sp_plus_psalm,Weisheitsgedicht,45,1639,0.02672209026128266,0.03240651142698642,0.014305376806806417,0.06877818042812037,0.549447495085079,0.3802954630837339,0.7217341559012873,0.12858450266241583,0.17641179410294852,0.9685157421289355,2000,0.26537652677136886,1.0,0.3787168915542229,1.0,1.0,1.0
morph_prs_ps_sp_plus_psalm,Zionslied,15,1007,0.014677103718199608,0.08295780551812507,0.0143236884673282,0.5342237164416935,0.7124462098642833,0.4670440340184471,0.9672460233126802,0.002346031227253969,0.01199400299850075,0.4057971014492754,2000,0.007796895511409075,0.040209154849557664,0.04308956632794714,0.22221601435410196,0.9634557721139431,1.0
morph_prs_ps_sp_plus_psalm,prophetische Gerichtsrede,1,342,0.0029154518950437317,0.005154639175257732,nan,nan,0.43859649122807015,nan,nan,0.5859500538627831,0.5712856428214107,1.0,2000,0.9031649782132315,1.0,0.9121470847783443,1.0,1.0,1.0
morph_prs_ps_sp_plus_psalm,"prophetische Schelt-, Droh- und Mahnrede",3,511,0.005836575875486381,0.08971318119466266,0.005406853078537961,0.5,0.6640574037834311,0.332814193382856,0.9980783758460244,0.16389716311714003,0.16491754122938532,0.544727636181909,2000,0.738727137470885,1.0,0.677314120717419,1.0,1.0,1.0
morph_prs_ps_sp_plus_psalm,prophetische Tora,0,172,0.0,nan,nan,nan,nan,nan,nan,nan,nan,0.0004997501249375312,2000,nan,nan,nan,nan,0.0004997501249375312,0.002577247589158399
morph_ps_1_2_3gram,Danklied Israels,6,676,0.008797653958944282,0.012002813591836336,0.0037446648311668814,0.10020043291649226,0.41494082840236685,0.012548812403300523,0.9925905054530557,0.7639554506780755,0.743128435782109,1.0,2000,0.9948129362984726,1.0,0.999000499750125,1.0,1.0,1.0
morph_ps_1_2_3gram,Danklied des Einzelnen,78,2087,0.03602771362586605,0.04913214526327681,0.022138972148908035,0.10399907180003244,0.5585676900961999,0.4303560382725774,0.7070086632208314,0.03930958833828372,0.12393803098450774,0.952023988005997,2000,0.04588405207198032,0.23662737972924283,0.13943590002751433,0.7190810352132738,0.993503248375812,1.0
morph_ps_1_2_3gram,Fluch,0,173,0.0,nan,nan,nan,nan,nan,nan,nan,nan,0.0004997501249375312,2000,nan,nan,nan,nan,0.0004997501249375312,0.002577247589158399
morph_ps_1_2_3gram,Hymnus,465,4421,0.09516987310683586,0.12569236923286994,0.08174197810582333,0.19285531407100304,0.556366121614095,0.473311643544091,0.6573550898007529,3.104510603557831e-05,0.0559720139930035,0.960519740129935,2000,6.691945078780213e-05,0.00034510845441454506,0.11080174198614978,0.5714126083391194,1.0,1.0
morph_ps_1_2_3gram,Klagelied des Einzelnen,1176,6123,0.1611179613645705,0.18819196076890632,0.1351599384996765,0.2531986867516604,0.5703147827806608,0.5125598320300685,0.6284702484883126,1.0049292692103528e-14,0.004497751124437781,0.9160419790104948,2000,1.2034338162148668e-14,6.206195350004466e-14,0.005740550777242957,0.029604436122832662,1.0,1.0
morph_ps_1_2_3gram,Klagelied des Volkes,36,1484,0.02368421052631579,0.025911102406282714,0.00913986368724391,0.06477237730109908,0.5087413896376161,0.3366622980543765,0.6667663713947318,0.42886254063547113,0.42528735632183906,1.0,2000,0.8428644837296503,1.0,0.7574337831084458,1.0,1.0,1.0
morph_ps_1_2_3gram,Königspsalm,45,1636,0.02676977989292088,0.03486346304860691,0.015757749892263594,0.17057833951033316,0.5240287965226841,0.39983475512895306,0.6670182582312556,0.29097627775232193,0.3263368315842079,0.9980009995002499,2000,0.39119020050861875,1.0,0.42288724059023125,1.0,1.0,1.0
morph_ps_1_2_3gram,Liturgie,153,2800,0.05181171689806976,0.04669193343503062,0.026325287678741278,0.07676963386729557,0.44908963585434175,0.3832897349176198,0.5354805947368968,0.9831591563907117,0.9015492253873063,1.0,2000,0.9999958825739573,1.0,0.9995002498750625,1.0,1.0,1.0
morph_ps_1_2_3gram,Mischgedicht,45,1633,0.026817640047675805,0.02521029657767338,0.012349930813254617,0.04677098765004952,0.4784445805266381,0.3553591850918386,0.6021082528017868,0.6893996474384885,0.6156921539230384,1.0,2000,0.7728042914585203,1.0,0.6864613670176406,1.0,1.0,1.0
morph_ps_1_2_3gram,Thronbesteigungslied,15,1006,0.014691478942213516,0.05742214913534469,0.015844779484576722,0.2370841151705772,0.7388005301524189,0.5187550908272778,0.9334542482889219,0.0007408923664919133,0.011494252873563218,0.3378310844577711,2000,0.0020533302728490167,0.010589172931387619,0.03185550082101806,0.16428112489749683,0.9994561542758034,1.0
morph_ps_1_2_3gram,Wallfahrtslied,0,172,0.0,nan,nan,nan,nan,nan,nan,nan,nan,0.0004997501249375312,2000,nan,nan,nan,nan,0.0004997501249375312,0.002577247589158399
morph_ps_1_2_3gram,Weisheitsgedicht,45,1639,0.02672209026128266,0.03607467397382845,0.01445515218574893,0.08259499701550072,0.5972408650261,0.47466935669569704,0.7656930748280707,0.01292490170703551,0.05847076461769116,0.8015992003998001,2000,0.05450936806880194,0.2811087590211771,0.24659409425721923,1.0,1.0,1.0
morph_ps_1_2_3gram,Zionslied,15,1007,0.014677103718199608,0.04495737773463397,0.013566891919926567,0.21589070775073732,0.7840781198278716,0.6355879888693019,0.9361012951482165,7.811671161972111e-05,0.0024987506246876563,0.25537231384307846,2000,0.0005828708482394575,0.0030059071793201225,0.019960607931328454,0.1029383007669737,0.9634557721139431,1.0
morph_ps_1_2_3gram,prophetische Gerichtsrede,1,342,0.0029154518950437317,0.014084507042253521,nan,nan,0.7982456140350878,nan,nan,0.15265827366142476,0.18309154577288644,0.2368815592203898,2000,0.8672807757293366,1.0,0.8361103628737446,1.0,1.0,1.0
morph_ps_1_2_3gram,"prophetische Schelt-, Droh- und Mahnrede",3,511,0.005836575875486381,0.03683763694330795,0.003895072315850528,0.2863033488651126,0.38290932811480755,0.028326295103664894,0.9941019186311663,0.7585857881975211,0.7586206896551724,1.0,2000,0.7827959729272292,1.0,0.7828319882611885,1.0,1.0,1.0
morph_ps_1_2_3gram,prophetische Tora,0,172,0.0,nan,nan,nan,nan,nan,nan,nan,nan,0.0004997501249375312,2000,nan,nan,nan,nan,0.0004997501249375312,0.002577247589158399
morph_ps_1_2_3gram_psalm,Danklied Israels,6,676,0.008797653958944282,0.009587489214927237,0.005,0.019559587013823924,0.4911242603550296,0.21421354685646482,0.742304303188325,0.530277290862208,0.4682658670664668,1.0,2000,0.9948129362984726,1.0,0.999000499750125,1.0,1.0,1.0
morph_ps_1_2_3gram_psalm,Danklied des Einzelnen,78,2087,0.03602771362586605,0.04196104068066249,0.020653071878034616,0.08020536476471177,0.5397024314130208,0.403762864300538,0.6680412670232567,0.11658907797954227,0.20689655172413793,0.9885057471264368,2000,0.12160366197866236,0.6271188920793482,0.21579532814238042,1.0,0.993503248375812,1.0
morph_ps_1_2_3gram_psalm,Fluch,0,173,0.0,nan,nan,nan,nan,nan,nan,nan,nan,0.0004997501249375312,2000,nan,nan,nan,nan,0.0004997501249375312,0.002577247589158399
morph_ps_1_2_3gram_psalm,Hymnus,465,4421,0.09516987310683586,0.1278380812197897,0.08051089517866869,0.18729390685614347,0.552522783489358,0.47252357818994617,0.641930863322444,9.511154954569095e-05,0.05547226386806597,0.9630184907546226,2000,0.00019220458970691716,0.0009912129897101103,0.11080174198614978,0.5714126083391194,1.0,1.0
morph_ps_1_2_3gram_psalm,Klagelied des Einzelnen,1176,6123,0.1611179613645705,0.19646268074599504,0.14013734570309852,0.26779633073408626,0.5760685704953221,0.5124748720239264,0.6409376711662915,6.3697483401877e-17,0.004497751124437781,0.8960519740129935,2000,8.129810381555355e-17,4.1926020946563104e-16,0.005740550777242957,0.029604436122832662,1.0,1.0
morph_ps_1_2_3gram_psalm,Klagelied des Volkes,36,1484,0.02368421052631579,0.024042770722238628,0.010469184953720638,0.047689447271489306,0.4855682839173405,0.326787085502509,0.6622891854488615,0.6165678172252543,0.5497251374312844,1.0,2000,0.8428644837296503,1.0,0.7574337831084458,1.0,1.0,1.0
morph_ps_1_2_3gram_psalm,Königspsalm,45,1636,0.02676977989292088,0.03161163770443634,0.014048098226548938,0.15303793945615254,0.49982341754957893,0.37017230108295734,0.6828491865312015,0.5016765724926954,0.4777611194402799,1.0,2000,0.5934466772169689,1.0,0.543820044000988,1.0,1.0,1.0
morph_ps_1_2_3gram_psalm,Liturgie,153,2800,0.05181171689806976,0.050976266700418355,0.028743061058560684,0.08281598886070604,0.47707282913165266,0.40278849930481464,0.59474392266832,0.8305888954459821,0.7061469265367316,1.0,2000,0.9999958825739573,1.0,0.9995002498750625,1.0,1.0,1.0
morph_ps_1_2_3gram_psalm,Mischgedicht,45,1633,0.026817640047675805,0.023570737710166316,0.01137697716042959,0.04564233978282394,0.4415935224875825,0.3425325474467873,0.5773602574470608,0.9096623223717875,0.848575712143928,1.0,2000,0.9096623223717875,1.0,0.848575712143928,1.0,1.0,1.0
morph_ps_1_2_3gram_psalm,Thronbesteigungslied,15,1006,0.014691478942213516,0.07097309056347173,0.012821676700562076,0.33331844027812396,0.6600728959575878,0.3578566284661389,0.9288544448970365,0.01657401847872359,0.05297351324337831,0.5337331334332833,2000,0.0355680895386467,0.18342721380190904,0.10705064134599368,0.552067910660972,1.0,1.0
morph_ps_1_2_3gram_psalm,Wallfahrtslied,0,172,0.0,nan,nan,nan,nan,nan,nan,nan,nan,0.0004997501249375312,2000,nan,nan,nan,nan,0.0004997501249375312,0.002577247589158399
morph_ps_1_2_3gram_psalm,Weisheitsgedicht,45,1639,0.02672209026128266,0.029267804110370305,0.012887583813430066,0.0668633558308881,0.5488644837638126,0.4076557013472618,0.7220794310283283,0.13141100805874129,0.17991004497751126,0.9710144927536232,2000,0.2655597454520397,1.0,0.3787168915542229,1.0,1.0,1.0
morph_ps_1_2_3gram_psalm,Zionslied,15,1007,0.014677103718199608,0.05553435597322379,0.021591356576482094,0.3529977237334212,0.832340284673949,0.7205833858242408,0.9095378161522524,4.858705045658425e-06,0.0009995002498750624,0.18340829585207397,2000,0.0002356471947144336,0.0012152496501038976,0.019960607931328454,0.1029383007669737,0.9634557721139431,1.0
morph_ps_1_2_3gram_psalm,prophetische Gerichtsrede,1,342,0.0029154518950437317,0.010526315789473684,nan,nan,0.7280701754385965,nan,nan,0.21689843650339974,0.23161580790395198,0.3493253373313343,2000,0.8672807757293366,1.0,0.8361103628737446,1.0,1.0,1.0
morph_ps_1_2_3gram_psalm,"prophetische Schelt-, Droh- und Mahnrede",3,511,0.005836575875486381,0.020579288140809393,0.0045196830661157926,0.5,0.5322896281800391,0.15160006259764044,0.9980788004419363,0.42424914405457953,0.39030484757621187,0.9955022488755623,2000,0.738727137470885,1.0,0.677314120717419,1.0,1.0,1.0
morph_ps_1_2_3gram_psalm,prophetische Tora,0,172,0.0,nan,nan,nan,nan,nan,nan,nan,nan,0.0004997501249375312,2000,nan,nan,nan,nan,0.0004997501249375312,0.002577247589158399
morph_ps_1_2gram,Danklied Israels,6,676,0.008797653958944282,0.011222163351092215,0.0038095946102636863,0.08825866491580484,0.386094674556213,0.006087915294014472,0.9852066174137111,0.832124470685055,0.8345827086456772,1.0,2000,0.9948129362984726,1.0,0.999000499750125,1.0,1.0,1.0
morph_ps_1_2gram,Danklied des Einzelnen,78,2087,0.03602771362586605,0.0475308313404284,0.021827602826067355,0.10206516539481567,0.5634944036956495,0.42382129072407343,0.7211900513467695,0.028279145343100102,0.10094952523738131,0.9310344827586207,2000,0.03562437789974948,0.1837174969568516,0.13005692275813313,0.6707129701541492,0.993503248375812,1.0
morph_ps_1_2gram,Fluch,0,173,0.0,nan,nan,nan,nan,nan,nan,nan,nan,0.0004997501249375312,2000,nan,nan,nan,nan,0.0004997501249375312,0.002577247589158399
morph_ps_1_2gram,Hymnus,465,4421,0.09516987310683586,0.12697654520328458,0.08293706559192242,0.19735375747752903,0.559849496416176,0.47651488687572047,0.655423823937612,1.0583456538834105e-05,0.033483258370814596,0.9445277361319341,2000,2.3331711006066097e-05,0.00012032332347858999,0.0755320014411399,0.3895240019055916,1.0,1.0
morph_ps_1_2gram,Klagelied des Einzelnen,1176,6123,0.1611179613645705,0.19339724078365855,0.13965867868892182,0.2623311734334219,0.5743671958412632,0.514611737958466,0.6336055518095062,2.961656585175369e-16,0.0014992503748125937,0.8950524737631185,2000,3.7309180358702704e-16,1.9240614526101783e-15,0.002308369624711454,0.01190442934039832,1.0,1.0
morph_ps_1_2gram,Klagelied des Volkes,36,1484,0.02368421052631579,0.02680366764047725,0.010348870234741432,0.0668656886657708,0.5297619047619048,0.34900316701649886,0.6772087308508297,0.2706569691938454,0.2893553223388306,0.9955022488755623,2000,0.7095601624811623,1.0,0.7574337831084458,1.0,1.0,1.0
morph_ps_1_2gram,Königspsalm,45,1636,0.02676977989292088,0.02775851545856766,0.013388592020166543,0.06001851769651109,0.5199130671013311,0.4095478863484739,0.6402098647263074,0.3241191844401735,0.3403298350824588,0.999000499750125,2000,0.40830598559346537,1.0,0.4287271948441364,1.0,1.0,1.0
morph_ps_1_2gram,Liturgie,153,2800,0.05181171689806976,0.04601924616989971,0.0256169809854617,0.07329855032145992,0.44383986928104574,0.3859710167058219,0.5381371134553367,0.990431847057692,0.9450274862568716,1.0,2000,0.9999958825739573,1.0,0.9995002498750625,1.0,1.0,1.0
morph_ps_1_2gram,Mischgedicht,45,1633,0.026817640047675805,0.029949386777392985,0.013792225934860123,0.09843375521191194,0.4830305504524733,0.36890680247280355,0.6001618481219569,0.6513807920974808,0.5827086456771614,1.0,2000,0.7551213179773298,1.0,0.6746685480789018,1.0,1.0,1.0
morph_ps_1_2gram,Thronbesteigungslied,15,1006,0.014691478942213516,0.0681066015593239,0.012804839323098166,0.3333333333333333,0.7004307488402916,0.48764178497925564,0.8917177410453655,0.0038210294620159143,0.021989005497251374,0.4057971014492754,2000,0.009753680468830097,0.05030043659690118,0.05924815370092732,0.30554701973689025,1.0,1.0
morph_ps_1_2gram,Wallfahrtslied,0,172,0.0,nan,nan,nan,nan,nan,nan,nan,nan,0.0004997501249375312,2000,nan,nan,nan,nan,0.0004997501249375312,0.002577247589158399
morph_ps_1_2gram,Weisheitsgedicht,45,1639,0.02672209026128266,0.036871734923864835,0.01415272352598581,0.10071830301327989,0.5810792488644838,0.44308602697603566,0.7509351881701049,0.031580207677260407,0.08345827086456771,0.8685657171414293,2000,0.0988154885385245,0.5095986311944508,0.2611436217375183,1.0,1.0,1.0
morph_ps_1_2gram,Zionslied,15,1007,0.014677103718199608,0.04169522244250648,0.012697317343600922,0.3382047255574045,0.7166832174776564,0.5325926690656114,0.9009681067191221,0.0019642464542765385,0.01199400299850075,0.37031484257871067,2000,0.00680471093088658,0.03509238710793603,0.04308956632794714,0.22221601435410196,0.9634557721139431,1.0
morph_ps_1_2gram,prophetische Gerichtsrede,1,342,0.0029154518950437317,0.012048192771084338,nan,nan,0.7631578947368421,nan,nan,0.18302291567932688,0.21260630315157578,0.2868565717141429,2000,0.8672807757293366,1.0,0.8361103628737446,1.0,1.0,1.0
morph_ps_1_2gram,"prophetische Schelt-, Droh- und Mahnrede",3,511,0.005836575875486381,0.021959333887493833,0.003841232307281406,0.16666666666666666,0.3659491193737769,0.01530002572853083,0.9877232745498963,0.789049076696649,0.792103948025987,1.0,2000,0.8051489206175333,1.0,0.8003550308179245,1.0,1.0,1.0
morph_ps_1_2gram,prophetische Tora,0,172,0.0,nan,nan,nan,nan,nan,nan,nan,nan,0.0004997501249375312,2000,nan,nan,nan,nan,0.0004997501249375312,0.002577247589158399
morph_ps_1_2gram_psalm,Danklied Israels,6,676,0.008797653958944282,0.01012073234662621,0.004754819507272947,0.03147674593486608,0.5231755424063116,0.26000346856452095,0.952755905511811,0.42285297893418927,0.36531734132933535,0.9985007496251874,2000,0.9948129362984726,1.0,0.999000499750125,1.0,1.0,1.0
morph_ps_1_2gram_psalm,Danklied des Einzelnen,78,2087,0.03602771362586605,0.03923061679324236,0.020365483164015204,0.07391810172154685,0.5316120550907326,0.4011664764437104,0.6629306792293046,0.17124680255127128,0.2448775612193903,0.9930034982508745,2000,0.17671212603695016,0.9113172325083737,0.24737631184407796,1.0,0.993503248375812,1.0
morph_ps_1_2gram_psalm,Fluch,0,173,0.0,nan,nan,nan,nan,nan,nan,nan,nan,0.0004997501249375312,2000,nan,nan,nan,nan,0.0004997501249375312,0.002577247589158399
morph_ps_1_2gram_psalm,Hymnus,465,4421,0.09516987310683586,0.12669930542987404,0.07654398099852283,0.18911339205211192,0.5503328444642263,0.47004752712211145,0.6391915746346897,0.00017440156228566266,0.053973013493253376,0.9610194902548725,2000,0.0003383390308341856,0.0017448388865227236,0.11080174198614978,0.5714126083391194,1.0,1.0
morph_ps_1_2gram_psalm,Klagelied des Einzelnen,1176,6123,0.1611179613645705,0.20160345954928202,0.14484418157185006,0.2803074817174197,0.5843621296305554,0.5227759239416134,0.6487674807816265,2.1897887532471192e-20,0.0024987506246876563,0.8515742128935532,2000,3.1236692509554495e-20,1.6108988561752663e-19,0.003413786064714122,0.017605141982279207,1.0,1.0
morph_ps_1_2gram_psalm,Klagelied des Volkes,36,1484,0.02368421052631579,0.025481100816598462,0.010123948073778461,0.05302737599739029,0.5078241988619348,0.3360552321377748,0.6560183209898338,0.4362669921340531,0.39930034982508744,1.0,2000,0.8428644837296503,1.0,0.7574337831084458,1.0,1.0,1.0
morph_ps_1_2gram_psalm,Königspsalm,45,1636,0.02676977989292088,0.026933990079790998,0.012788233905408642,0.061399528603269256,0.5002988318391741,0.3925024051317174,0.6646503319926872,0.4973299151422845,0.46976511744127936,1.0,2000,0.5934466772169689,1.0,0.5424668618071916,1.0,1.0,1.0
morph_ps_1_2gram_psalm,Liturgie,153,2800,0.05181171689806976,0.051537789616935795,0.027383008088712333,0.08350520104589212,0.47573062558356677,0.40582441922900814,0.5870272872792064,0.8443474483818978,0.7236381809095452,1.0,2000,0.9999958825739573,1.0,0.9995002498750625,1.0,1.0,1.0
morph_ps_1_2gram_psalm,Mischgedicht,45,1633,0.026817640047675805,0.025876027563784206,0.011728338610271193,0.08339207079031034,0.4459481526842213,0.3477234653660204,0.5691691070824456,0.892305373605341,0.8305847076461769,1.0,2000,0.9016002212470634,1.0,0.839236631684158,1.0,1.0,1.0
morph_ps_1_2gram_psalm,Thronbesteigungslied,15,1006,0.014691478942213516,0.10058219751872641,0.014146218141580378,0.4310168388513976,0.6504638833664679,0.3839307548355626,0.9516616556753225,0.022621922408458332,0.05897051474262868,0.5562218890554723,2000,0.04302600928667565,0.22188824608908864,0.11215960647127415,0.5784152138334713,1.0,1.0
morph_ps_1_2gram_psalm,Wallfahrtslied,0,172,0.0,nan,nan,nan,nan,nan,nan,nan,nan,0.0004997501249375312,2000,nan,nan,nan,nan,0.0004997501249375312,0.002577247589158399
morph_ps_1_2gram_psalm,Weisheitsgedicht,45,1639,0.02672209026128266,0.02866548100016954,0.012420763060043855,0.06983041447598848,0.5269541048064538,0.39384315467676273,0.7129120066271795,0.26842193963669214,0.272863568215892,0.9960019990004998,2000,0.4424836162675019,1.0,0.46434677398143026,1.0,1.0,1.0
morph_ps_1_2gram_psalm,Zionslied,15,1007,0.014677103718199608,0.05078954011959653,0.020418286630452948,0.5,0.802085402184707,0.6557181684338768,0.9017444431197998,2.9019799879199423e-05,0.0014992503748125937,0.2283858070964518,2000,0.000351865073535293,0.0018145936683682314,0.019960607931328454,0.1029383007669737,0.9634557721139431,1.0
morph_ps_1_2gram_psalm,prophetische Gerichtsrede,1,342,0.0029154518950437317,0.010416666666666666,nan,nan,0.7251461988304093,nan,nan,0.21987618312374618,0.23961980990495246,0.3618190904547726,2000,0.8672807757293366,1.0,0.8361103628737446,1.0,1.0,1.0
morph_ps_1_2gram_psalm,"prophetische Schelt-, Droh- und Mahnrede",3,511,0.005836575875486381,0.015399897001899504,0.004273504273504274,0.5,0.482061317677756,0.1135189112061973,0.9980313137172091,0.5434633064764515,0.49825087456271866,1.0,2000,0.738727137470885,1.0,0.677314120717419,1.0,1.0,1.0
morph_ps_1_2gram_psalm,prophetische Tora,0,172,0.0,nan,nan,nan,nan,nan,nan,nan,nan,0.0004997501249375312,2000,nan,nan,nan,nan,0.0004997501249375312,0.002577247589158399
morph_ps_1gram,Danklied Israels,6,676,0.008797653958944282,0.011635762408354233,0.00390345788012717,0.13333333333333333,0.39077909270216965,0.011119069058276872,0.9833734336122539,0.8220094455230831,0.8180909545227386,1.0,2000,0.9948129362984726,1.0,0.999000499750125,1.0,1.0,1.0
morph_ps_1gram,Danklied des Einzelnen,78,2087,0.03602771362586605,0.04533548321116192,0.01943295635702144,0.08546253165071177,0.574920447704348,0.42463330005822664,0.7176642766522865,0.01222940640032492,0.06296851574212893,0.8695652173913043,2000,0.019133103561798665,0.09867080080055494,0.10179910044977511,0.5249853339115659,0.993503248375812,1.0
morph_ps_1gram,Fluch,0,173,0.0,nan,nan,nan,nan,nan,nan,nan,nan,0.0004997501249375312,2000,nan,nan,nan,nan,0.0004997501249375312,0.002577247589158399
morph_ps_1gram,Hymnus,465,4421,0.09516987310683586,0.11606610851763047,0.07714774412573484,0.1802469127084949,0.5314357428986289,0.4594591416832443,0.6238184000746354,0.012759586305274698,0.13193403298350825,0.991504247876062,2000,0.01996257857438138,0.10294846351592327,0.21690849490508984,1.0,1.0,1.0
morph_ps_1gram,Klagelied des Einzelnen,1176,6123,0.1611179613645705,0.20886483336357273,0.14848403852010195,0.28107525992896126,0.5866528956838329,0.5261747317026472,0.6481706593757846,2.0993849027058157e-21,0.0004997501249375312,0.8200899550224887,2000,3.181880243163502e-21,1.6409186864553436e-20,0.0009146370211120854,0.0047168493612899,1.0,1.0
morph_ps_1gram,Klagelied des Volkes,36,1484,0.02368421052631579,0.02887177973120513,0.011075597592313616,0.0714618156703606,0.5380166217430369,0.3945353432233729,0.6912902765334082,0.2176075413742849,0.23488255872063968,0.9835082458770614,2000,0.6030837575230181,1.0,0.6904123695727894,1.0,1.0,1.0
morph_ps_1gram,Königspsalm,45,1636,0.02676977989292088,0.02671389469598437,0.012064987220985993,0.060954597291931215,0.5030290681879924,0.39476542800825426,0.6292842831583058,0.47238959898486094,0.4427786106946527,1.0,2000,0.580022672171285,1.0,0.5424668618071916,1.0,1.0,1.0
morph_ps_1gram,Liturgie,153,2800,0.05181171689806976,0.044929460667376325,0.02514038224180798,0.07162246478526155,0.4318767507002801,0.37936753051918065,0.5210722251863413,0.9977579123734504,0.9820089955022488,1.0,2000,0.9999958825739573,1.0,0.9995002498750625,1.0,1.0,1.0
morph_ps_1gram,Mischgedicht,45,1633,0.026817640047675805,0.03622781207587579,0.015420458220432573,0.16220554712585156,0.48180581070966866,0.37708075279810754,0.6322823808731824,0.6617042477120932,0.5912043978010995,1.0,2000,0.7551213179773298,1.0,0.6746685480789018,1.0,1.0,1.0
morph_ps_1gram,Thronbesteigungslied,15,1006,0.014691478942213516,0.04561079058210278,0.009882976649428568,0.19032814035700357,0.6595427435387674,0.49368484015753694,0.8982029401365547,0.016867341430698436,0.043478260869565216,0.5337331334332833,2000,0.0355680895386467,0.18342721380190904,0.09379006149099364,0.48368213993922743,1.0,1.0
morph_ps_1gram,Wallfahrtslied,0,172,0.0,nan,nan,nan,nan,nan,nan,nan,nan,0.0004997501249375312,2000,nan,nan,nan,nan,0.0004997501249375312,0.002577247589158399
morph_ps_1gram,Weisheitsgedicht,45,1639,0.02672209026128266,0.03682395047608035,0.014854139275855502,0.08722275589017935,0.6002643888549929,0.4726987506939989,0.7688466203701809,0.01078785549450657,0.04697651174412794,0.7656171914042978,2000,0.05019861928384151,0.25887791532725013,0.23510744627686156,1.0,1.0,1.0
morph_ps_1gram,Zionslied,15,1007,0.014677103718199608,0.024777125058142398,0.009245882334486605,0.07817227141266722,0.6571002979145978,0.46221452517728656,0.8492953702439664,0.018275950531988806,0.044977511244377814,0.5387306346826587,2000,0.036178922481692126,0.18657732352932357,0.09190196568382476,0.4739450931146081,0.9634557721139431,1.0
morph_ps_1gram,prophetische Gerichtsrede,1,342,0.0029154518950437317,0.008403361344537815,nan,nan,0.6578947368421053,nan,nan,0.29448713591108816,0.3106553276638319,0.5372313843078461,2000,0.8672807757293366,1.0,0.8361103628737446,1.0,1.0,1.0
morph_ps_1gram,"prophetische Schelt-, Droh- und Mahnrede",3,511,0.005836575875486381,0.02557201927831298,0.0038377160652765447,0.15576551922988213,0.34833659491193736,0.01588072094300863,0.9869089468907933,0.8181639529062459,0.8130934532733634,1.0,2000,0.8181639529062459,1.0,0.8130934532733634,1.0,1.0,1.0
morph_ps_1gram,prophetische Tora,0,172,0.0,nan,nan,nan,nan,nan,nan,nan,nan,0.0004997501249375312,2000,nan,nan,nan,nan,0.0004997501249375312,0.002577247589158399
morph_ps_1gram_psalm,Danklied Israels,6,676,0.008797653958944282,0.009534966616589768,0.004517917586192305,0.033369876811121,0.48668639053254437,0.23309390339030403,0.9484162312123915,0.5451551933353438,0.48075962018990503,1.0,2000,0.9948129362984726,1.0,0.999000499750125,1.0,1.0,1.0
morph_ps_1gram_psalm,Danklied des Einzelnen,78,2087,0.03602771362586605,0.04148182242301713,0.018430229216785908,0.07709832919758876,0.5416190581499638,0.40866366659219633,0.6665515987852917,0.10569175765113686,0.17541229385307347,0.9795102448775612,2000,0.11143587491478561,0.5746828777797461,0.18494557069291442,0.9537777029138698,0.993503248375812,1.0
morph_ps_1gram_psalm,Fluch,0,173,0.0,nan,nan,nan,nan,nan,nan,nan,nan,0.0004997501249375312,2000,nan,nan,nan,nan,0.0004997501249375312,0.002577247589158399
morph_ps_1gram_psalm,Hymnus,465,4421,0.09516987310683586,0.12051226304936284,0.07544216887998141,0.18085559750531227,0.5390081064713136,0.4682207871177146,0.6211854022774881,0.0027902905272186936,0.09495252373813093,0.9820089955022488,2000,0.004666520364486435,0.024065583496621613,0.16158587372980174,0.8333100538278823,1.0,1.0
morph_ps_1gram_psalm,Klagelied des Einzelnen,1176,6123,0.1611179613645705,0.20599459361591174,0.14732017736204858,0.28014937027014347,0.5866635891658639,0.522935662571307,0.6538164641379877,2.076232272902354e-21,0.0004997501249375312,0.8265867066466767,2000,3.181880243163502e-21,1.6409186864553436e-20,0.0009146370211120854,0.0047168493612899,1.0,1.0
morph_ps_1gram_psalm,Klagelied des Volkes,36,1484,0.02368421052631579,0.029096083541327217,0.010559024226052824,0.0850069387347293,0.51619122491764,0.3806359534356195,0.6691458564530893,0.3698624064021747,0.3583208395802099,0.9995002498750625,2000,0.8428644837296503,1.0,0.7574337831084458,1.0,1.0,1.0
morph_ps_1gram_psalm,Königspsalm,45,1636,0.02676977989292088,0.025055606851054263,0.012276772209708306,0.05029363815203071,0.4819750067916327,0.3810799189269472,0.6236758715534432,0.6602887753940683,0.5887056471764118,1.0,2000,0.7116445690358291,1.0,0.6344938641790216,1.0,1.0,1.0
morph_ps_1gram_psalm,Liturgie,153,2800,0.05181171689806976,0.04702156606112742,0.026690445121463506,0.07608461342527106,0.4492296918767507,0.3921069979520925,0.5556995431210489,0.9829132831029512,0.9230384807596201,1.0,2000,0.9999958825739573,1.0,0.9995002498750625,1.0,1.0,1.0
morph_ps_1gram_psalm,Mischgedicht,45,1633,0.026817640047675805,0.031139704749395522,0.013329776451776857,0.12503918240275114,0.45453493910321835,0.36085082439517,0.6253141732785695,0.8513162602086325,0.784607696151924,1.0,2000,0.8692387077919722,1.0,0.8011257529130172,1.0,1.0,1.0
morph_ps_1gram_psalm,Thronbesteigungslied,15,1006,0.014691478942213516,0.11979600879145894,0.015169479305859459,0.8290470625715342,0.644102054340623,0.3952430253160101,0.9485477978239774,0.027574648589461424,0.063968015992004,0.5847076461769115,2000,0.050466809682599215,0.2602609926375761,0.11490551020785902,0.5925760382776052,1.0,1.0
morph_ps_1gram_psalm,Wallfahrtslied,0,172,0.0,nan,nan,nan,nan,nan,nan,nan,nan,0.0004997501249375312,2000,nan,nan,nan,nan,0.0004997501249375312,0.002577247589158399
morph_ps_1gram_psalm,Weisheitsgedicht,45,1639,0.02672209026128266,0.029760350902574548,0.012215600715332167,0.07702278489857403,0.5314012609314622,0.42290670935594377,0.7521301393606699,0.23591186903919314,0.24437781109445278,0.991504247876062,2000,0.40863305887145956,1.0,0.4309935941120349,1.0,1.0,1.0
morph_ps_1gram_psalm,Zionslied,15,1007,0.014677103718199608,0.03372417245446994,0.012437890982851784,0.08749674276415369,0.7612380006620324,0.5845590198825588,0.8899341631864854,0.00025360499445488806,0.0034982508745627187,0.29035482258870565,2000,0.0013666491367846747,0.007047908579200424,0.019960607931328454,0.1029383007669737,0.9634557721139431,1.0
morph_ps_1gram_psalm,prophetische Gerichtsrede,1,342,0.0029154518950437317,0.007518796992481203,nan,nan,0.6169590643274854,nan,nan,0.3449723567084096,0.3461730865432716,0.6946526736631684,2000,0.8672807757293366,1.0,0.8394697348674336,1.0,1.0,1.0
morph_ps_1gram_psalm,"prophetische Schelt-, Droh- und Mahnrede",3,511,0.005836575875486381,0.023593126433796477,0.004244697966987038,0.5,0.45335942596216566,0.09565902477214117,0.99805378938006,0.6105313841197435,0.5582208895552224,1.0,2000,0.7402693032451889,1.0,0.6854104593272985,1.0,1.0,1.0
morph_ps_1gram_psalm,prophetische Tora,0,172,0.0,nan,nan,nan,nan,nan,nan,nan,nan,0.0004997501249375312,2000,nan,nan,nan,nan,0.0004997501249375312,0.002577247589158399
morph_ps_sp_plus,Danklied Israels,6,676,0.008797653958944282,0.007485730501540248,0.00404040404040404,0.028747909083620283,0.23791913214990137,0.044820265354726996,0.8847566133362157,0.9865665793092352,0.992503748125937,1.0,2000,0.9948129362984726,1.0,0.999000499750125,1.0,1.0,1.0
morph_ps_sp_plus,Danklied des Einzelnen,78,2087,0.03602771362586605,0.04656153677442552,0.02192702162139492,0.08385406411903713,0.6108264838499625,0.5017478036651394,0.7093949427459333,0.00043714090340473864,0.018490754622688656,0.7526236881559221,2000,0.0012849293221290803,0.006626473576389912,0.059786773280026656,0.30832471991631655,0.993503248375812,1.0
morph_ps_sp_plus,Fluch,0,173,0.0,nan,nan,nan,nan,nan,nan,nan,nan,0.0004997501249375312,2000,nan,nan,nan,nan,0.0004997501249375312,0.002577247589158399
morph_ps_sp_plus,Hymnus,465,4421,0.09516987310683586,0.11540895882939849,0.0752880015194373,0.17557664486074512,0.546355249748877,0.4627819932983279,0.6372988491886488,0.0004948061176103697,0.079960019990005,0.984007996001999,2000,0.0009230037193885742,0.004759997030267455,0.1463419233779337,0.7546958978063841,1.0,1.0
morph_ps_sp_plus,Klagelied des Einzelnen,1176,6123,0.1611179613645705,0.2197644797038772,0.15111502468515645,0.30272064419069344,0.5988502701423538,0.5343269523226895,0.6670962231443299,2.8202066240998143e-27,0.0009995002498750624,0.8010994502748626,2000,5.363922402699647e-27,2.766213631766158e-26,0.0017312772185335903,0.00892832200529874,1.0,1.0
morph_ps_sp_plus,Klagelied des Volkes,36,1484,0.02368421052631579,0.025157251252292057,0.010442042724926494,0.12155753187898562,0.464903414195867,0.3553815735835051,0.711149952608183,0.764463376410907,0.696151924037981,1.0,2000,0.9383934792599956,1.0,0.8440842078960519,1.0,1.0,1.0
morph_ps_sp_plus,Königspsalm,45,1636,0.02676977989292088,0.02917722554631221,0.014260993018633797,0.05883282971846166,0.5400027166530834,0.41654022567772425,0.6692463125599347,0.17966978817128942,0.2463768115942029,0.9910044977511244,2000,0.29046615754358457,1.0,0.377202023988006,1.0,1.0,1.0
morph_ps_sp_plus,Liturgie,153,2800,0.05181171689806976,0.04615742819674304,0.026357155766085865,0.0780658952438241,0.45235527544351073,0.38659079158042675,0.5343845499265909,0.976573698467695,0.8895552223888056,1.0,2000,0.9999958825739573,1.0,0.9995002498750625,1.0,1.0,1.0
morph_ps_sp_plus,Mischgedicht,45,1633,0.026817640047675805,0.03405668191013177,0.014586683166464122,0.07062667678434678,0.574300877730149,0.40775813774967706,0.6873306879880808,0.044319188521263195,0.11644177911044477,0.8995502248875562,2000,0.15922078839120482,0.8211131374432896,0.40338759191832657,1.0,1.0,1.0
morph_ps_sp_plus,Thronbesteigungslied,15,1006,0.014691478942213516,0.04774977597582534,0.01141534759853305,0.21775836673672047,0.6871106693174288,0.35910346199825943,0.9024727991763797,0.006383833585567864,0.03248375812093953,0.4777611194402799,2000,0.01548079644500207,0.07983558847758314,0.07877311344327835,0.40623865124109265,1.0,1.0
morph_ps_sp_plus,Wallfahrtslied,0,172,0.0,nan,nan,nan,nan,nan,nan,nan,nan,0.0004997501249375312,2000,nan,nan,nan,nan,0.0004997501249375312,0.002577247589158399
morph_ps_sp_plus,Weisheitsgedicht,45,1639,0.02672209026128266,0.03724996435435217,0.013772014019393026,0.1436652211675743,0.5526066029421735,0.4376044277595673,0.7002996144954842,0.1140032760232193,0.16091954022988506,0.9740129935032483,2000,0.25145757471778196,1.0,0.35585616282767707,1.0,1.0,1.0
morph_ps_sp_plus,Zionslied,15,1007,0.014677103718199608,0.11929489768457227,0.014834212069341957,1.0,0.6151936444885799,0.4152759217235178,0.9726994653204327,0.06264885505227928,0.09945027486256872,0.7316341829085458,2000,0.08324573890508342,0.4293043046815725,0.13232572902737819,0.6824133684049956,0.970825398111755,1.0
morph_ps_sp_plus,prophetische Gerichtsrede,1,342,0.0029154518950437317,0.012048192771084338,nan,nan,0.7631578947368421,nan,nan,0.18302291567932688,0.21660830415207605,0.29185407296351823,2000,0.8672807757293366,1.0,0.8361103628737446,1.0,1.0,1.0
morph_ps_sp_plus,"prophetische Schelt-, Droh- und Mahnrede",3,511,0.005836575875486381,0.08692927972104172,0.003950759988685851,0.5,0.4018264840182648,0.05829878123430667,0.9981000472853108,0.7219684752147407,0.7016491754122939,1.0,2000,0.7761801120704585,1.0,0.7647187642133989,1.0,1.0,1.0
morph_ps_sp_plus,prophetische Tora,0,172,0.0,nan,nan,nan,nan,nan,nan,nan,nan,0.0004997501249375312,2000,nan,nan,nan,nan,0.0004997501249375312,0.002577247589158399
morph_ps_sp_plus_psalm,Danklied Israels,6,676,0.008797653958944282,0.008162989739168612,0.004560474809076884,0.016000604177588255,0.40064102564102566,0.2932647279689975,0.7456133058929587,0.799489357895572,0.7776111944027986,1.0,2000,0.9948129362984726,1.0,0.999000499750125,1.0,1.0,1.0
morph_ps_sp_plus_psalm,Danklied des Einzelnen,78,2087,0.03602771362586605,0.04492191315178244,0.022540421644105215,0.08000412809957988,0.6019928003636676,0.498302314107774,0.6978024018925529,0.0010961823536084555,0.025487256371814093,0.7811094452773614,2000,0.0026582422075005045,0.013708747589680232,0.06681794238016127,0.34458496820450274,0.993503248375812,1.0
morph_ps_sp_plus_psalm,Fluch,0,173,0.0,nan,nan,nan,nan,nan,nan,nan,nan,0.0004997501249375312,2000,nan,nan,nan,nan,0.0004997501249375312,0.002577247589158399
morph_ps_sp_plus_psalm,Hymnus,465,4421,0.09516987310683586,0.11605604476233364,0.07371959202089255,0.16822638115917177,0.543944954797849,0.47278493470381844,0.6276709221806032,0.0008974788362220312,0.0864567716141929,0.9850074962518741,2000,0.001612137909509945,0.00831391195989141,0.15247830630139478,0.7863416689757655,1.0,1.0
morph_ps_sp_plus_psalm,Klagelied des Einzelnen,1176,6123,0.1611179613645705,0.21668214990569823,0.15130429387576344,0.29571311217266116,0.5959813616774491,0.529046987000593,0.6617261321823864,7.934762036951426e-26,0.0004997501249375312,0.8065967016491754,2000,1.4801383030467084e-25,7.633180429169415e-25,0.0009146370211120854,0.0047168493612899,1.0,1.0
morph_ps_sp_plus_psalm,Klagelied des Volkes,36,1484,0.02368421052631579,0.022238119586487633,0.008806643187425932,0.055406104730180886,0.4401954177897574,0.3357740768203468,0.7146328717501941,0.8902756349906048,0.8170914542728636,1.0,2000,0.9424280079684193,1.0,0.8873172109597375,1.0,1.0,1.0
morph_ps_sp_plus_psalm,Königspsalm,45,1636,0.02676977989292088,0.028740871201643634,0.013933852755588652,0.056140649996090926,0.5400706329801684,0.4342763614659712,0.6694965237368845,0.1792621237691407,0.2353823088455772,0.9890054972513743,2000,0.29046615754358457,1.0,0.377202023988006,1.0,1.0,1.0
morph_ps_sp_plus_psalm,Liturgie,153,2800,0.05181171689806976,0.047579529635068785,0.027575412375517513,0.07686037216112253,0.4746638655462185,0.3978224654824951,0.575047046223003,0.8547417084244342,0.735632183908046,1.0,2000,0.9999958825739573,1.0,0.9995002498750625,1.0,1.0,1.0
morph_ps_sp_plus_psalm,Mischgedicht,45,1633,0.026817640047675805,0.03487319534233178,0.013893914249980308,0.0859295478775737,0.5400217731509832,0.4165812780434634,0.6658996744883652,0.17956145288939712,0.2538730634682659,0.9890054972513743,2000,0.3452613638708548,1.0,0.43798276300446265,1.0,1.0,1.0
morph_ps_sp_plus_psalm,Thronbesteigungslied,15,1006,0.014691478942213516,0.09930318131808308,0.010940386002965215,0.3752189325514984,0.6572233267064281,0.36717064403731053,0.9818435519564256,0.018203380846689883,0.05547226386806597,0.568215892053973,2000,0.03678599879435247,0.1897080600417649,0.1098124407184163,0.5663107100503773,1.0,1.0
morph_ps_sp_plus_psalm,Wallfahrtslied,0,172,0.0,nan,nan,nan,nan,nan,nan,nan,nan,0.0004997501249375312,2000,nan,nan,nan,nan,0.0004997501249375312,0.002577247589158399
morph_ps_sp_plus_psalm,Weisheitsgedicht,45,1639,0.02672209026128266,0.02982449996315998,0.011620271205050334,0.0923130293401547,0.5031048742458138,0.39243436411023247,0.6783318553416925,0.47169739120593995,0.43478260869565216,1.0,2000,0.6444316471405095,1.0,0.5939987752602571,1.0,1.0,1.0
morph_ps_sp_plus_psalm,Zionslied,15,1007,0.014677103718199608,0.11526398839544102,0.022673882487034915,1.0,0.6680238331678252,0.40353234023385226,0.9639654608349729,0.012671359236726869,0.03798100949525238,0.5302348825587206,2000,0.02781531951601503,0.14344561729380495,0.08373086184180638,0.43180611880172093,0.9634557721139431,1.0
morph_ps_sp_plus_psalm,prophetische Gerichtsrede,1,342,0.0029154518950437317,0.011494252873563218,nan,nan,0.7514619883040936,nan,nan,0.19392940970935213,0.22461230615307654,0.3073463268365817,2000,0.8672807757293366,1.0,0.8361103628737446,1.0,1.0,1.0
morph_ps_sp_plus_psalm,"prophetische Schelt-, Droh- und Mahnrede",3,511,0.005836575875486381,0.02998063721175849,0.004347826086956522,0.5,0.49902152641878667,0.10628327760148235,0.9980800139111891,0.503110657436173,0.47126436781609193,1.0,2000,0.738727137470885,1.0,0.677314120717419,1.0,1.0,1.0
morph_ps_sp_plus_psalm,prophetische Tora,0,172,0.0,nan,nan,nan,nan,nan,nan,nan,nan,0.0004997501249375312,2000,nan,nan,nan,nan,0.0004997501249375312,0.002577247589158399
morph_signature_1_2_3gram,Danklied Israels,6,676,0.008797653958944282,0.006578237488347859,0.004026322265868007,0.013324596958449356,0.26479289940828404,0.15991865216989004,0.7800145785955557,0.976515904049163,0.9800099950024987,1.0,2000,0.9948129362984726,1.0,0.999000499750125,1.0,1.0,1.0
morph_signature_1_2_3gram,Danklied des Einzelnen,78,2087,0.03602771362586605,0.06150489876074132,0.030662406087089537,0.1061242946785779,0.7185753074588724,0.626212576623676,0.7855036040034465,2.6201211653417116e-11,0.0004997501249375312,0.34132933533233384,2000,6.353793825953651e-10,3.2766974939717084e-09,0.006059470264867566,0.03124912701854559,0.993503248375812,1.0
morph_signature_1_2_3gram,Fluch,0,173,0.0,nan,nan,nan,nan,nan,nan,nan,nan,0.0004997501249375312,2000,nan,nan,nan,nan,0.0004997501249375312,0.002577247589158399
morph_signature_1_2_3gram,Hymnus,465,4421,0.09516987310683586,0.1023214191325026,0.06924964954817392,0.1482035061402751,0.5159422404798214,0.43655614469872517,0.5957736386030394,0.1286788802945531,0.35332333833083457,1.0,2000,0.16423488669173225,0.8469712055297215,0.43382739010241717,1.0,1.0,1.0
morph_signature_1_2_3gram,Klagelied des Einzelnen,1176,6123,0.1611179613645705,0.18969509014141137,0.13166820871190296,0.26785985141248797,0.5720156019291597,0.5035981561210022,0.6380865973452898,2.343485798748143e-15,0.013993003498250875,0.9370314842578711,2000,2.841476530982123e-15,1.4653700266786822e-14,0.015782806271282965,0.08139307502504899,1.0,1.0
morph_signature_1_2_3gram,Klagelied des Volkes,36,1484,0.02368421052631579,0.030434727376965846,0.012535291579861618,0.07649161923328929,0.5458408206049715,0.4116344014105011,0.7259808449209846,0.17336999003537618,0.24587706146926536,0.9905047476261869,2000,0.5424802914010157,1.0,0.7014727930152571,1.0,1.0,1.0
morph_signature_1_2_3gram,Königspsalm,45,1636,0.02676977989292088,0.03303014356663962,0.01640511785931042,0.07206331966503651,0.5697229013854931,0.4480839635386764,0.7201424951073039,0.055049349030321874,0.13693153423288357,0.9425287356321839,2000,0.11866193013202715,0.6119481678886564,0.276015053697641,1.0,1.0,1.0
morph_signature_1_2_3gram,Liturgie,153,2800,0.05181171689806976,0.04376323109591163,0.026082477630797615,0.06931555853979043,0.44571195144724557,0.3698842728269472,0.5302934685840722,0.9882365361664417,0.8765617191404298,1.0,2000,0.9999958825739573,1.0,0.9995002498750625,1.0,1.0,1.0
morph_signature_1_2_3gram,Mischgedicht,45,1633,0.026817640047675805,0.04082286448870883,0.01696511629980809,0.07875216125914784,0.6280125195618154,0.41500863709761854,0.7604381405582782,0.0016755282171251366,0.04297851074462768,0.6921539230384808,2000,0.023040820489713516,0.11882318001775055,0.2973180076628352,1.0,1.0,1.0
morph_signature_1_2_3gram,Thronbesteigungslied,15,1006,0.014691478942213516,0.01555263235515494,0.006300217485054563,0.03373656744474327,0.4866467859509609,0.2388677573830009,0.7452221269180386,0.570711306102287,0.5282358820589705,1.0,2000,0.5766562155408526,1.0,0.5282358820589705,1.0,1.0,1.0
morph_signature_1_2_3gram,Wallfahrtslied,0,172,0.0,nan,nan,nan,nan,nan,nan,nan,nan,0.0004997501249375312,2000,nan,nan,nan,nan,0.0004997501249375312,0.002577247589158399
morph_signature_1_2_3gram,Weisheitsgedicht,45,1639,0.02672209026128266,0.031266674294259916,0.012033374356708865,0.07192151968689323,0.4969086841570063,0.3348454524407553,0.668165283443176,0.52830260879406,0.4897551224387806,1.0,2000,0.7019911377126551,1.0,0.6419763091427259,1.0,1.0,1.0
morph_signature_1_2_3gram,Zionslied,15,1007,0.014677103718199608,0.014734447317684616,0.0070505812679844205,0.032567311768284334,0.4965574313141344,0.3599087134019767,0.6897235418520372,0.5184504539031546,0.4962518740629685,1.0,2000,0.5291718683836868,1.0,0.5014211644177912,1.0,1.0,1.0
morph_signature_1_2_3gram,prophetische Gerichtsrede,1,342,0.0029154518950437317,0.007575757575757576,nan,nan,0.6198830409356725,nan,nan,0.3412589727364423,0.31015507753876936,0.7311344327836082,2000,0.8672807757293366,1.0,0.8361103628737446,1.0,1.0,1.0
morph_signature_1_2_3gram,"prophetische Schelt-, Droh- und Mahnrede",3,511,0.005836575875486381,0.17027834505710612,0.004099327775296261,0.5,0.40313111545988256,0.05465701763250462,0.9981087908619904,0.7193467129476256,0.7271364317841079,1.0,2000,0.7761801120704585,1.0,0.7750794932204227,1.0,1.0,1.0
morph_signature_1_2_3gram,prophetische Tora,0,172,0.0,nan,nan,nan,nan,nan,nan,nan,nan,0.0004997501249375312,2000,nan,nan,nan,nan,0.0004997501249375312,0.002577247589158399
morph_signature_1_2_3gram_psalm,Danklied Israels,6,676,0.008797653958944282,0.00799095314853423,0.004116928081879228,0.018479446352948473,0.367603550295858,0.035442430737551586,0.7494123225122962,0.8683640929429981,0.8785607196401799,1.0,2000,0.9948129362984726,1.0,0.999000499750125,1.0,1.0,1.0
morph_signature_1_2_3gram_psalm,Danklied des Einzelnen,78,2087,0.03602771362586605,0.061379646793005394,0.03002166701367848,0.10538537990507045,0.7034327276301402,0.6084258863811436,0.7856312961413305,5.006632913594692e-10,0.0014992503748125937,0.3918040979510245,2000,4.8564339261868515e-09,2.5044981488972418e-08,0.010387663311201542,0.05356993203179244,0.993503248375812,1.0
morph_signature_1_2_3gram_psalm,Fluch,0,173,0.0,nan,nan,nan,nan,nan,nan,nan,nan,0.0004997501249375312,2000,nan,nan,nan,nan,0.0004997501249375312,0.002577247589158399
morph_signature_1_2_3gram_psalm,Hymnus,465,4421,0.09516987310683586,0.10879147321412097,0.07018114475997607,0.1742936779363436,0.5343392848890802,0.45618333300125374,0.6064505459792331,0.007348823469275642,0.19790104947526238,0.9985007496251874,2000,0.011685834041307169,0.060264692508138366,0.30470479046191196,1.0,1.0,1.0
morph_signature_1_2_3gram_psalm,Klagelied des Einzelnen,1176,6123,0.1611179613645705,0.19300523635521194,0.13450714974857633,0.273131985560349,0.5796489427062675,0.5115981751030324,0.6496431879207231,2.247285426585067e-18,0.0074962518740629685,0.9185407296351824,2000,2.9861189914897468e-18,1.5399631911485877e-17,0.008976992984988988,0.046295002990437914,1.0,1.0
morph_signature_1_2_3gram_psalm,Klagelied des Volkes,36,1484,0.02368421052631579,0.02780620053637987,0.011590451514634144,0.07333873913426425,0.5093590895477688,0.38119379750896726,0.7220076897647697,0.4238897691249921,0.4142928535732134,1.0,2000,0.8428644837296503,1.0,0.7574337831084458,1.0,1.0,1.0
morph_signature_1_2_3gram_psalm,Königspsalm,45,1636,0.02676977989292088,0.03522107846938589,0.0150120225973194,0.07306551909306183,0.5812143439282803,0.4725114798192238,0.718762314084958,0.03136432249896045,0.10344827586206896,0.9105447276361819,2000,0.09721066291370925,0.5013224292163287,0.27083197531668946,1.0,1.0,1.0
morph_signature_1_2_3gram_psalm,Liturgie,153,2800,0.05181171689806976,0.04169177002649013,0.025158750473754418,0.06545376496439104,0.4214542483660131,0.35187573967372043,0.5082757673490221,0.999474897147706,0.9600199900049975,1.0,2000,0.9999958825739573,1.0,0.9995002498750625,1.0,1.0,1.0
morph_signature_1_2_3gram_psalm,Mischgedicht,45,1633,0.026817640047675805,0.038666394075460436,0.016661373937611586,0.07494643590962381,0.6036674151187317,0.4042939510984101,0.7415521490574302,0.008759551157589165,0.07796101949025487,0.809095452273863,2000,0.04998096836977347,0.25775547379983654,0.3481441097633002,1.0,1.0,1.0
morph_signature_1_2_3gram_psalm,Thronbesteigungslied,15,1006,0.014691478942213516,0.041518857669509614,0.009605264068149655,0.2632436094744036,0.5351888667992047,0.21292908724683302,0.836069041989601,0.31990758417570053,0.33233383308345826,0.9970014992503748,2000,0.3486633220791343,1.0,0.3622065371808478,1.0,1.0,1.0
morph_signature_1_2_3gram_psalm,Wallfahrtslied,0,172,0.0,nan,nan,nan,nan,nan,nan,nan,nan,0.0004997501249375312,2000,nan,nan,nan,nan,0.0004997501249375312,0.002577247589158399
morph_signature_1_2_3gram_psalm,Weisheitsgedicht,45,1639,0.02672209026128266,0.02803039386406482,0.011569891003653842,0.06426663075602346,0.46981899532235105,0.3063372836879887,0.6332827640442352,0.7554871226007526,0.6506746626686657,1.0,2000,0.8621441281443882,1.0,0.7510891613017021,1.0,1.0,1.0
morph_signature_1_2_3gram_psalm,Zionslied,15,1007,0.014677103718199608,0.016039625070889636,0.007524551908739725,0.037919027396469344,0.5110559417411453,0.33897024069735165,0.7495675063924185,0.44167417091675026,0.42128935532233885,1.0,2000,0.4557701550949444,1.0,0.4394093275942674,1.0,1.0,1.0
morph_signature_1_2_3gram_psalm,prophetische Gerichtsrede,1,342,0.0029154518950437317,0.0072992700729927005,nan,nan,0.6052631578947368,nan,nan,0.3599723715787731,0.33616808404202103,0.8020989505247377,2000,0.8729330010785247,1.0,0.8361103628737446,1.0,1.0,1.0
morph_signature_1_2_3gram_psalm,"prophetische Schelt-, Droh- und Mahnrede",3,511,0.005836575875486381,0.023091458805744522,0.005252247375720487,0.5,0.6562296151337247,0.26744710197109617,0.9980694980694981,0.17572437331805446,0.1794102948525737,0.5687156421789106,2000,0.738727137470885,1.0,0.677314120717419,1.0,1.0,1.0
morph_signature_1_2_3gram_psalm,prophetische Tora,0,172,0.0,nan,nan,nan,nan,nan,nan,nan,nan,0.0004997501249375312,2000,nan,nan,nan,nan,0.0004997501249375312,0.002577247589158399
morph_signature_1_2gram,Danklied Israels,6,676,0.008797653958944282,0.006479342772006979,0.004024144869215292,0.012212733293966613,0.2578895463510848,0.16703926038538353,0.7181032456644656,0.9795658123338454,0.9860069965017492,1.0,2000,0.9948129362984726,1.0,0.999000499750125,1.0,1.0,1.0
morph_signature_1_2gram,Danklied des Einzelnen,78,2087,0.03602771362586605,0.06184723224521982,0.03225494453085593,0.10856297220933216,0.7254125047608516,0.6443879391967773,0.79702314019242,6.4715434538723415e-12,0.0004997501249375312,0.33233383308345826,2000,3.279187712425277e-10,1.6911008531118027e-09,0.006059470264867566,0.03124912701854559,0.993503248375812,1.0
morph_signature_1_2gram,Fluch,0,173,0.0,nan,nan,nan,nan,nan,nan,nan,nan,0.0004997501249375312,2000,nan,nan,nan,nan,0.0004997501249375312,0.002577247589158399
morph_signature_1_2gram,Hymnus,465,4421,0.09516987310683586,0.10142724717863029,0.06969071137421243,0.1471507131126574,0.513244461307591,0.4377661650942765,0.5897904777732491,0.17335637387417802,0.38130934532733635,1.0,2000,0.21558420853583676,1.0,0.45106105483843445,1.0,1.0,1.0
morph_signature_1_2gram,Klagelied des Einzelnen,1176,6123,0.1611179613645705,0.196334362519346,0.13608974648521205,0.27640678397686114,0.5827933819289597,0.5127940372195832,0.6487736000386128,1.0528452301372642e-19,0.005497251374312844,0.8990504747626187,2000,1.418416490601592e-19,7.314876572131767e-19,0.006925108874134362,0.03571328802119496,1.0,1.0
morph_signature_1_2gram,Klagelied des Volkes,36,1484,0.02368421052631579,0.029226287904278225,0.011950120341921536,0.06720966394255601,0.5401504941599281,0.4076110099121908,0.7186099039448937,0.20493920236742924,0.263368315842079,0.9940029985007496,2000,0.6023970493830496,1.0,0.7299064753337617,1.0,1.0,1.0
morph_signature_1_2gram,Königspsalm,45,1636,0.02676977989292088,0.03247808772558599,0.01543633439900554,0.06995933224161749,0.5552974735126325,0.4276557651193121,0.7169963399977467,0.10255108473060759,0.17041479260369816,0.9710144927536232,2000,0.19504814154644973,1.0,0.3241222525991906,1.0,1.0,1.0
morph_signature_1_2gram,Liturgie,153,2800,0.05181171689806976,0.04480951527639564,0.026590536705558866,0.07119603314334401,0.4545284780578898,0.3739563650214107,0.5393925249254009,0.9710841387164107,0.8390804597701149,1.0,2000,0.9999958825739573,1.0,0.9995002498750625,1.0,1.0,1.0
morph_signature_1_2gram,Mischgedicht,45,1633,0.026817640047675805,0.039768965925303046,0.017314626460244377,0.07668354071667287,0.6268149962577396,0.430159325916828,0.7604373264232589,0.0018297658942447578,0.04097951024487756,0.6911544227886057,2000,0.023040820489713516,0.11882318001775055,0.2973180076628352,1.0,1.0,1.0
morph_signature_1_2gram,Thronbesteigungslied,15,1006,0.014691478942213516,0.018293693030858656,0.006506453861500864,0.04950277228206635,0.5258780649436713,0.2395931886317948,0.8513599766865735,0.36541513897092537,0.3708145927036482,0.999000499750125,2000,0.3938363164464418,1.0,0.3996557276917097,1.0,1.0,1.0
morph_signature_1_2gram,Wallfahrtslied,0,172,0.0,nan,nan,nan,nan,nan,nan,nan,nan,0.0004997501249375312,2000,nan,nan,nan,nan,0.0004997501249375312,0.002577247589158399
morph_signature_1_2gram,Weisheitsgedicht,45,1639,0.02672209026128266,0.031015379649368346,0.013585002371204505,0.08267075774954002,0.49079384448511965,0.3521670521806795,0.677044598197959,0.5836136295720312,0.5292353823088456,1.0,2000,0.7548069609131604,1.0,0.6780228306899182,1.0,1.0,1.0
morph_signature_1_2gram,Zionslied,15,1007,0.014677103718199608,0.017727058090608094,0.007782592274289857,0.038566653349393375,0.5694472029129427,0.38470566850886073,0.7367924355564046,0.1777492185307571,0.22288855572213892,0.9445277361319341,2000,0.1959281158804936,1.0,0.24292348207918513,1.0,1.0,1.0
morph_signature_1_2gram,prophetische Gerichtsrede,1,342,0.0029154518950437317,0.008130081300813009,nan,nan,0.6461988304093568,nan,nan,0.3085639244959315,0.2851425712856428,0.6041979010494752,2000,0.8672807757293366,1.0,0.8361103628737446,1.0,1.0,1.0
morph_signature_1_2gram,"prophetische Schelt-, Droh- und Mahnrede",3,511,0.005836575875486381,0.17035204689345676,0.004184539621662666,0.5,0.41617742987606,0.06914593229632826,0.9981020592872564,0.6924927242733546,0.6901549225387307,1.0,2000,0.7753055682071512,1.0,0.7623915315069738,1.0,1.0,1.0
morph_signature_1_2gram,prophetische Tora,0,172,0.0,nan,nan,nan,nan,nan,nan,nan,nan,0.0004997501249375312,2000,nan,nan,nan,nan,0.0004997501249375312,0.002577247589158399
morph_signature_1_2gram_psalm,Danklied Israels,6,676,0.008797653958944282,0.007873838130564506,0.004046561636690803,0.016305420550707456,0.3710552268244576,0.050896673915448144,0.7303882042403943,0.862044932048163,0.8705647176411794,1.0,2000,0.9948129362984726,1.0,0.999000499750125,1.0,1.0,1.0
morph_signature_1_2gram_psalm,Danklied des Einzelnen,78,2087,0.03602771362586605,0.062499076498972204,0.029943046161684358,0.10962644141658143,0.7095020456304596,0.6152505655231293,0.7926703998086447,1.572407572185771e-10,0.0009995002498750624,0.3733133433283358,2000,2.172423610861905e-09,1.1203345900962981e-08,0.008079293686490088,0.04166550269139412,0.993503248375812,1.0
morph_signature_1_2gram_psalm,Fluch,0,173,0.0,nan,nan,nan,nan,nan,nan,nan,nan,0.0004997501249375312,2000,nan,nan,nan,nan,0.0004997501249375312,0.002577247589158399
morph_signature_1_2gram_psalm,Hymnus,465,4421,0.09516987310683586,0.10884689869800121,0.07018491324632953,0.17886767125060302,0.5304886502105056,0.45485839858024846,0.6009969259311575,0.015149405719960518,0.20939530234882558,0.9980009995002499,2000,0.023325275473590003,0.12029013497151152,0.30774764133084975,1.0,1.0,1.0
morph_signature_1_2gram_psalm,Klagelied des Einzelnen,1176,6123,0.1611179613645705,0.20002245422600434,0.1404623678408204,0.280680767566298,0.5930748177108505,0.5249337664408159,0.6600419178442619,2.113624257237958e-24,0.0014992503748125937,0.8490754622688655,2000,3.596869350036525e-24,1.8549315744659644e-23,0.002308369624711454,0.01190442934039832,1.0,1.0
morph_signature_1_2gram_psalm,Klagelied des Volkes,36,1484,0.02368421052631579,0.02633283254992361,0.011128262689231904,0.06908899835740884,0.49303683737646004,0.35256563172012584,0.7036010540164602,0.5569132055088579,0.5062468765617192,1.0,2000,0.8428644837296503,1.0,0.7574337831084458,1.0,1.0,1.0
morph_signature_1_2gram_psalm,Königspsalm,45,1636,0.02676977989292088,0.03478936504942851,0.012654113676131012,0.0718522740992654,0.571610975278457,0.461597758221432,0.7313480395521162,0.050396585809314276,0.12093953023488256,0.9420289855072463,2000,0.11721522635650557,0.6044874117394601,0.27083197531668946,1.0,1.0,1.0
morph_signature_1_2gram_psalm,Liturgie,153,2800,0.05181171689806976,0.042687746951246816,0.025417078321622454,0.06750125057383359,0.432047152194211,0.3605156357811248,0.5147538009203269,0.9977074132620605,0.9325337331334332,1.0,2000,0.9999958825739573,1.0,0.9995002498750625,1.0,1.0,1.0
morph_signature_1_2gram_psalm,Mischgedicht,45,1633,0.026817640047675805,0.03717432509030603,0.0162894716887468,0.06924341838463194,0.5986595903925971,0.4264558643658594,0.7356868088311761,0.01188390394388796,0.07896051974012994,0.8260869565217391,2000,0.06156371276020377,0.31748852551204154,0.3481441097633002,1.0,1.0,1.0
morph_signature_1_2gram_psalm,Thronbesteigungslied,15,1006,0.014691478942213516,0.044555307090520885,0.009245078178700069,0.20206572562052846,0.5604705102717031,0.21501716857673864,0.860256938487416,0.21055974998295063,0.22938530734632684,0.967016491754123,2000,0.2521517993622989,1.0,0.27469598534066303,1.0,1.0,1.0
morph_signature_1_2gram_psalm,Wallfahrtslied,0,172,0.0,nan,nan,nan,nan,nan,nan,nan,nan,0.0004997501249375312,2000,nan,nan,nan,nan,0.0004997501249375312,0.002577247589158399
morph_signature_1_2gram_psalm,Weisheitsgedicht,45,1639,0.02672209026128266,0.027080391830466313,0.011753807869086218,0.07807497443320778,0.4594197003592977,0.3058156313317648,0.6297068864349734,0.8238650765255889,0.704647676161919,1.0,2000,0.887943471366468,1.0,0.7690761360892587,1.0,1.0,1.0
morph_signature_1_2gram_psalm,Zionslied,15,1007,0.014677103718199608,0.02013728453031668,0.008484075008998284,0.04948086596054471,0.5736842105263158,0.3637277061805342,0.8095510682579652,0.16345030803759708,0.2048975512243878,0.936031984007996,2000,0.18435674278659206,0.9507410747545709,0.2258529825996093,1.0,1.0,1.0
morph_signature_1_2gram_psalm,prophetische Gerichtsrede,1,342,0.0029154518950437317,0.007751937984496124,nan,nan,0.6286549707602339,nan,nan,0.33021191554359974,0.31265632816408206,0.6836581709145427,2000,0.8672807757293366,1.0,0.8361103628737446,1.0,1.0,1.0
morph_signature_1_2gram_psalm,"prophetische Schelt-, Droh- und Mahnrede",3,511,0.005836575875486381,0.027057071116452842,0.005167728590814998,0.5,0.6451402478799739,0.25786303674310174,0.9980694980694981,0.19338088054413616,0.19440279860069964,0.6126936531734133,2000,0.738727137470885,1.0,0.677314120717419,1.0,1.0,1.0
morph_signature_1_2gram_psalm,prophetische Tora,0,172,0.0,nan,nan,nan,nan,nan,nan,nan,nan,0.0004997501249375312,2000,nan,nan,nan,nan,0.0004997501249375312,0.002577247589158399
morph_signature_1gram,Danklied Israels,6,676,0.008797653958944282,0.007448651572033706,0.004123110818204904,0.018354994505834756,0.3229783037475345,0.06425919792387069,0.7944765998215899,0.9325954245259617,0.9415292353823088,1.0,2000,0.9948129362984726,1.0,0.999000499750125,1.0,1.0,1.0
morph_signature_1gram,Danklied des Einzelnen,78,2087,0.03602771362586605,0.06218551446543195,0.032534504942683284,0.11009249160187623,0.7232378705785509,0.628297682617656,0.7884504604567697,1.014181766729467e-11,0.0004997501249375312,0.35282358820589704,2000,3.279187712425277e-10,1.6911008531118027e-09,0.006059470264867566,0.03124912701854559,0.993503248375812,1.0
morph_signature_1gram,Fluch,0,173,0.0,nan,nan,nan,nan,nan,nan,nan,nan,0.0004997501249375312,2000,nan,nan,nan,nan,0.0004997501249375312,0.002577247589158399
morph_signature_1gram,Hymnus,465,4421,0.09516987310683586,0.10253568979343766,0.07137168952151492,0.15027031158498125,0.5094346873305071,0.44385519895026243,0.5866293460215437,0.25133166433624893,0.40429785107446276,1.0,2000,0.2973069687880018,1.0,0.4613751947555634,1.0,1.0,1.0
morph_signature_1gram,Klagelied des Einzelnen,1176,6123,0.1611179613645705,0.20534686731561497,0.142462774555215,0.2817641652103157,0.5996515869127335,0.53145578869776,0.6661457990773741,1.0914223373372875e-27,0.0004997501249375312,0.8010994502748626,2000,2.1173593344343377e-27,1.0919375439345912e-26,0.0009146370211120854,0.0047168493612899,1.0,1.0
morph_signature_1gram,Klagelied des Volkes,36,1484,0.02368421052631579,0.02741065029309102,0.011785501384833624,0.06044240688168004,0.5220125786163522,0.37722057821626076,0.6917266827508729,0.3257311578508706,0.3538230884557721,0.999000499750125,2000,0.7898980577883611,1.0,0.7574337831084458,1.0,1.0,1.0
morph_signature_1gram,Königspsalm,45,1636,0.02676977989292088,0.031085350643618254,0.01322433332578945,0.06735943853401748,0.5247758761206194,0.36501695408760904,0.6816783281594788,0.28513414690802624,0.30684657671164417,0.999000499750125,2000,0.39119020050861875,1.0,0.41901651913769145,1.0,1.0,1.0
morph_signature_1gram,Liturgie,153,2800,0.05181171689806976,0.04659589441076368,0.02679453140855412,0.07294569571940128,0.47309523809523807,0.3984549441143473,0.5580752554135452,0.8691595440312097,0.7206396801599201,1.0,2000,0.9999958825739573,1.0,0.9995002498750625,1.0,1.0,1.0
morph_signature_1gram,Mischgedicht,45,1633,0.026817640047675805,0.03974694191995248,0.016806878855769158,0.07615309900146534,0.6208682043954549,0.4589667855303898,0.7615097518910334,0.002804322167437332,0.044977511244377814,0.7126436781609196,2000,0.0274032620603749,0.14132060715143424,0.2973180076628352,1.0,1.0,1.0
morph_signature_1gram,Thronbesteigungslied,15,1006,0.014691478942213516,0.020046914906096613,0.005720973570898893,0.06814340281434028,0.5710072895957587,0.31642412911997747,0.8417289036814014,0.17239699523482604,0.2013993003498251,0.9175412293853074,2000,0.2171754355555601,1.0,0.25045810428119275,1.0,1.0,1.0
morph_signature_1gram,Wallfahrtslied,0,172,0.0,nan,nan,nan,nan,nan,nan,nan,nan,0.0004997501249375312,2000,nan,nan,nan,nan,0.0004997501249375312,0.002577247589158399
morph_signature_1gram,Weisheitsgedicht,45,1639,0.02672209026128266,0.029552754424544934,0.013025473026924668,0.07155545694609701,0.5003525184733238,0.36681277804619156,0.6793585532646695,0.49683888209005433,0.4572713643178411,1.0,2000,0.6693523828157677,1.0,0.6160461435948693,1.0,1.0,1.0
morph_signature_1gram,Zionslied,15,1007,0.014677103718199608,0.02696255018535587,0.008788628181518795,0.08456296333524084,0.6455809334657399,0.37303497187418677,0.8082048612779992,0.02634829639606792,0.06096951524237881,0.6041979010494752,2000,0.04483832895471208,0.2312345098760463,0.10375513997387271,0.5350727714052719,0.9634557721139431,1.0
morph_signature_1gram,prophetische Gerichtsrede,1,342,0.0029154518950437317,0.011235955056179775,nan,nan,0.7456140350877193,nan,nan,0.19952812661035846,0.2001000500250125,0.2983508245877061,2000,0.8672807757293366,1.0,0.8361103628737446,1.0,1.0,1.0
morph_signature_1gram,"prophetische Schelt-, Droh- und Mahnrede",3,511,0.005836575875486381,0.05994542582220307,0.004388355129464007,0.5,0.5101108936725375,0.13370778027150546,0.9980723958322752,0.47668312387804296,0.4432783608195902,1.0,2000,0.738727137470885,1.0,0.677314120717419,1.0,1.0,1.0
morph_signature_1gram,prophetische Tora,0,172,0.0,nan,nan,nan,nan,nan,nan,nan,nan,0.0004997501249375312,2000,nan,nan,nan,nan,0.0004997501249375312,0.002577247589158399
morph_signature_1gram_psalm,Danklied Israels,6,676,0.008797653958944282,0.00846959220160581,0.0039801568037108395,0.01688289011017217,0.40433925049309666,0.032204931344040566,0.720420516055932,0.7906214353389489,0.7831084457771115,1.0,2000,0.9948129362984726,1.0,0.999000499750125,1.0,1.0,1.0
morph_signature_1gram_psalm,Danklied des Einzelnen,78,2087,0.03602771362586605,0.06387765098969513,0.031707714423989126,0.11555579384167798,0.7121619795314094,0.5862027479796388,0.79483103711272,9.368782479656128e-11,0.0009995002498750624,0.3823088455772114,2000,1.514619834211074e-09,7.811004182740181e-09,0.008079293686490088,0.04166550269139412,0.993503248375812,1.0
morph_signature_1gram_psalm,Fluch,0,173,0.0,nan,nan,nan,nan,nan,nan,nan,nan,0.0004997501249375312,2000,nan,nan,nan,nan,0.0004997501249375312,0.002577247589158399
morph_signature_1gram_psalm,Hymnus,465,4421,0.09516987310683586,0.11277136019922884,0.07499994346060831,0.17712920758843403,0.5366318621048612,0.4729397768466005,0.6066512498930691,0.004625596736717767,0.14642678660669664,0.9955022488755623,2000,0.007478048057693723,0.0385648354379319,0.23284259509589467,1.0,1.0,1.0
morph_signature_1gram_psalm,Klagelied des Einzelnen,1176,6123,0.1611179613645705,0.2049239855819821,0.1442814145389894,0.28597310022604605,0.6019527686952618,0.5382281496249036,0.6646801618047598,6.851744417806693e-29,0.0004997501249375312,0.7896051974012993,2000,1.3563657316882636e-28,6.994876314333303e-28,0.0009146370211120854,0.0047168493612899,1.0,1.0
morph_signature_1gram_psalm,Klagelied des Volkes,36,1484,0.02368421052631579,0.023380404195501577,0.010571755025757844,0.05395136531893102,0.4765835579514825,0.33930998566020476,0.6742626011958553,0.6847195784969795,0.6166916541729135,1.0,2000,0.8975378258676623,1.0,0.8083660872266568,1.0,1.0,1.0
morph_signature_1gram_psalm,Königspsalm,45,1636,0.02676977989292088,0.034133414508941085,0.01388781062197889,0.08662363794733258,0.5408448791089377,0.40879856153399186,0.7049446716783458,0.17465593514074873,0.22188905547226387,0.993503248375812,2000,0.29046615754358457,1.0,0.36480065052219657,1.0,1.0,1.0
morph_signature_1gram_psalm,Liturgie,153,2800,0.05181171689806976,0.0453262968494664,0.02686628875256125,0.07286058326283316,0.45664332399626517,0.3904746351219017,0.545757365592347,0.964754833108212,0.841079460269865,1.0,2000,0.9999958825739573,1.0,0.9995002498750625,1.0,1.0,1.0
morph_signature_1gram_psalm,Mischgedicht,45,1633,0.026817640047675805,0.04089880538569776,0.01648557388103557,0.09675962864868333,0.5930393957950603,0.44298913643655957,0.7450013906187513,0.016500879816709967,0.07296351824087956,0.8320839580209896,2000,0.07621834962956507,0.3930635492226896,0.3481441097633002,1.0,1.0,1.0
morph_signature_1gram_psalm,Thronbesteigungslied,15,1006,0.014691478942213516,0.04796440600133371,0.007740347847619524,0.24381490615610724,0.6057985420808483,0.3654937289037537,0.8982065522370062,0.0795890849129623,0.1184407796101949,0.776111944027986,2000,0.11877140363934373,0.612512730694606,0.17675008649521393,0.9115129973409606,1.0,1.0
morph_signature_1gram_psalm,Wallfahrtslied,0,172,0.0,nan,nan,nan,nan,nan,nan,nan,nan,0.0004997501249375312,2000,nan,nan,nan,nan,0.0004997501249375312,0.002577247589158399
morph_signature_1gram_psalm,Weisheitsgedicht,45,1639,0.02672209026128266,0.02657463594113836,0.011387439483514845,0.07741439647605922,0.4704833570605383,0.3396179314552543,0.6426722742466716,0.750680573383596,0.6581709145427287,1.0,2000,0.8621441281443882,1.0,0.7510891613017021,1.0,1.0,1.0
morph_signature_1gram_psalm,Zionslied,15,1007,0.014677103718199608,0.03442165488095279,0.011120475870743328,0.2867250469813596,0.6201588877855015,0.35979216021006644,0.8334258579318046,0.05490985023706752,0.09745127436281859,0.7081459270364817,2000,0.07501768271824717,0.38687162300163436,0.13232572902737819,0.6824133684049956,0.9634557721139431,1.0
morph_signature_1gram_psalm,prophetische Gerichtsrede,1,342,0.0029154518950437317,0.0125,nan,nan,0.7719298245614035,nan,nan,0.17509949446982004,0.17958979489744872,0.2463768115942029,2000,0.8672807757293366,1.0,0.8361103628737446,1.0,1.0,1.0
morph_signature_1gram_psalm,"prophetische Schelt-, Droh- und Mahnrede",3,511,0.005836575875486381,0.017523102693141022,0.005076721945479252,0.5,0.6275277234181343,0.23401403548600838,0.9980694980694981,0.22355534936441912,0.22988505747126436,0.6736631684157921,2000,0.738727137470885,1.0,0.677314120717419,1.0,1.0,1.0
morph_signature_1gram_psalm,prophetische Tora,0,172,0.0,nan,nan,nan,nan,nan,nan,nan,nan,0.0004997501249375312,2000,nan,nan,nan,nan,0.0004997501249375312,0.002577247589158399
morph_st_1_2_3gram,Danklied Israels,6,676,0.008797653958944282,0.007818369245239667,0.0041282938909125285,0.01814236661448749,0.3772189349112426,0.06598590403061572,0.8482874781144618,0.8502533905657585,0.8330834582708646,1.0,2000,0.9948129362984726,1.0,0.999000499750125,1.0,1.0,1.0
morph_st_1_2_3gram,Danklied des Einzelnen,78,2087,0.03602771362586605,0.046384957853553045,0.02284782410392101,0.08379705632723583,0.6055434742545428,0.4840189818950797,0.7230582269423975,0.0007635465848738693,0.03548225887056472,0.7891054472763618,2000,0.0019245501251659483,0.00992504438276717,0.07473346660003333,0.38540589989539564,0.993503248375812,1.0
morph_st_1_2_3gram,Fluch,0,173,0.0,nan,nan,nan,nan,nan,nan,nan,nan,0.0004997501249375312,2000,nan,nan,nan,nan,0.0004997501249375312,0.002577247589158399
morph_st_1_2_3gram,Hymnus,465,4421,0.09516987310683586,0.08831038130728001,0.060257325661177495,0.12900812415216437,0.4776961374476168,0.4160918433577961,0.5659333960510375,0.9434802363730925,0.7361319340329835,1.0,2000,0.9434802363730925,1.0,0.7361319340329835,1.0,1.0,1.0
morph_st_1_2_3gram,Klagelied des Einzelnen,1176,6123,0.1611179613645705,0.2124999144446182,0.14732356114684056,0.2953092858157213,0.6071764652292405,0.5408755402932764,0.6762985225088657,1.0152105890783459e-31,0.0004997501249375312,0.7811094452773614,2000,2.2901262125720828e-31,1.181034674269993e-30,0.0009146370211120854,0.0047168493612899,1.0,1.0
morph_st_1_2_3gram,Klagelied des Volkes,36,1484,0.02368421052631579,0.03674865333681518,0.014005995641324931,0.17777919650121693,0.6154537286612758,0.45977146956630455,0.7302381831263868,0.008891588432861901,0.05247376311844078,0.7341329335332334,2000,0.06634492907596957,0.3421456043363691,0.35225720473096783,1.0,1.0,1.0
morph_st_1_2_3gram,Königspsalm,45,1636,0.02676977989292088,0.024294557382304717,0.01202283675178939,0.047827167253176685,0.4734311328443358,0.3500147102260194,0.6079978747123111,0.7287574581825234,0.6476761619190404,1.0,2000,0.7533757042742152,1.0,0.6755332011413647,1.0,1.0,1.0
morph_st_1_2_3gram,Liturgie,153,2800,0.05181171689806976,0.05363014215641844,0.030500266738791568,0.09512576948668262,0.5151517273576097,0.42754684871342036,0.6348827088914282,0.2636831007586138,0.3453273363318341,0.9995002498750625,2000,0.5800970060214583,1.0,0.7281902526997371,1.0,1.0,1.0
morph_st_1_2_3gram,Mischgedicht,45,1633,0.026817640047675805,0.03494546005427872,0.014614657782062637,0.09384989218105078,0.5238007756685038,0.36561340905770195,0.7369578101501528,0.2927752741912818,0.3233383308345827,0.9985007496251874,2000,0.45805163865410214,1.0,0.5058680337250729,1.0,1.0,1.0
morph_st_1_2_3gram,Thronbesteigungslied,15,1006,0.014691478942213516,0.028489238717105736,0.008494953216521894,0.1902454181915552,0.568621603711067,0.1808963109425071,0.7819367650803234,0.18062664395653122,0.21389305347326337,0.9400299850074962,2000,0.22462544184337857,1.0,0.2626281795810956,1.0,1.0,1.0
morph_st_1_2_3gram,Wallfahrtslied,0,172,0.0,nan,nan,nan,nan,nan,nan,nan,nan,0.0004997501249375312,2000,nan,nan,nan,nan,0.0004997501249375312,0.002577247589158399
morph_st_1_2_3gram,Weisheitsgedicht,45,1639,0.02672209026128266,0.03360518135893332,0.012921993940199869,0.09374501544269749,0.5096535828079453,0.35090475625850454,0.7212843457203364,0.4125110199720015,0.38630684657671166,1.0,2000,0.5972174468251366,1.0,0.5677540017869853,1.0,1.0,1.0
morph_st_1_2_3gram,Zionslied,15,1007,0.014677103718199608,0.019531594267374913,0.007663382153037758,0.04767247637299894,0.6004303210857332,0.38754439692280157,0.8403181408405968,0.09071001618984365,0.11794102948525736,0.8105947026486756,2000,0.11137812114449157,0.5743850374034706,0.14915619113520162,0.7692092804565068,0.9802876339607973,1.0
morph_st_1_2_3gram,prophetische Gerichtsrede,1,342,0.0029154518950437317,0.005813953488372093,nan,nan,0.5029239766081871,nan,nan,0.49798545056418253,0.5007503751875938,1.0,2000,0.9017668758384129,1.0,0.8994960443184555,1.0,1.0,1.0
morph_st_1_2_3gram,"prophetische Schelt-, Droh- und Mahnrede",3,511,0.005836575875486381,0.11477939248402544,0.00391709415017975,0.5,0.4155251141552511,0.052192145984883316,0.9981053866861576,0.6938619504842979,0.6786606696651675,1.0,2000,0.7753055682071512,1.0,0.7623915315069738,1.0,1.0,1.0
morph_st_1_2_3gram,prophetische Tora,0,172,0.0,nan,nan,nan,nan,nan,nan,nan,nan,0.0004997501249375312,2000,nan,nan,nan,nan,0.0004997501249375312,0.002577247589158399
morph_st_1_2_3gram_psalm,Danklied Israels,6,676,0.008797653958944282,0.007971777080962979,0.004297313568268501,0.01645475846545161,0.38412228796844183,0.09686577304897023,0.6361602458863848,0.8362704770835909,0.8225887056471765,1.0,2000,0.9948129362984726,1.0,0.999000499750125,1.0,1.0,1.0
morph_st_1_2_3gram_psalm,Danklied des Einzelnen,78,2087,0.03602771362586605,0.04552264571674346,0.02101851719789883,0.08668584694186068,0.5808730480508152,0.4574700710415574,0.7090287571055965,0.007578471945719562,0.06196901549225387,0.8780609695152424,2000,0.012459521673471145,0.06425465566223568,0.10179910044977511,0.5249853339115659,0.993503248375812,1.0
morph_st_1_2_3gram_psalm,Fluch,0,173,0.0,nan,nan,nan,nan,nan,nan,nan,nan,0.0004997501249375312,2000,nan,nan,nan,nan,0.0004997501249375312,0.002577247589158399
morph_st_1_2_3gram_psalm,Hymnus,465,4421,0.09516987310683586,0.09986084774134063,0.06186440779575711,0.1481688249660614,0.5232344163851413,0.44986989347500944,0.6055455717942838,0.04939399711935083,0.22788605697151423,0.999000499750125,2000,0.0704590841261328,0.3633625999014676,0.32507275773877764,1.0,1.0,1.0
morph_st_1_2_3gram_psalm,Klagelied des Einzelnen,1176,6123,0.1611179613645705,0.20841655012941784,0.14668352003961807,0.29359073748968834,0.6035797056042734,0.5363455027928553,0.6718495035358234,9.322933367675881e-30,0.0014992503748125937,0.7856071964017991,2000,1.924094758860767e-29,9.922696025751032e-29,0.002308369624711454,0.01190442934039832,1.0,1.0
morph_st_1_2_3gram_psalm,Klagelied des Volkes,36,1484,0.02368421052631579,0.03267705243677096,0.012603136730015665,0.17562817650493487,0.562256663671758,0.3997024833964376,0.7163471774452089,0.10063302260316304,0.16141929035482258,0.9385307346326837,2000,0.4067251330211173,1.0,0.6524029651840747,1.0,1.0,1.0
morph_st_1_2_3gram_psalm,Königspsalm,45,1636,0.02676977989292088,0.025848185967393113,0.012159231948979787,0.07530338164199157,0.4780766096169519,0.3518523830544637,0.6767897002940422,0.6923753414708779,0.6101949025487257,1.0,2000,0.7300044361160343,1.0,0.6433576689915912,1.0,1.0,1.0
morph_st_1_2_3gram_psalm,Liturgie,153,2800,0.05181171689806976,0.05592187986576208,0.03227561008829417,0.0947681482080082,0.5283846872082166,0.4459181191421069,0.6466283525372207,0.11819321354924944,0.23238380809595202,0.9970014992503748,2000,0.3371982857140352,1.0,0.6261452607029819,1.0,1.0,1.0
morph_st_1_2_3gram_psalm,Mischgedicht,45,1633,0.026817640047675805,0.030032461417204698,0.012980923184725877,0.07005955209427006,0.4889773423147581,0.351910625900639,0.6746965934925093,0.5997755575886181,0.5367316341829086,1.0,2000,0.7163197051578252,1.0,0.6427526977252115,1.0,1.0,1.0
morph_st_1_2_3gram_psalm,Thronbesteigungslied,15,1006,0.014691478942213516,0.01791449167248077,0.006811761115558993,0.05967389058640927,0.5562955599734923,0.39848377901267007,0.7634868922767495,0.22695636616299364,0.2463768115942029,0.9545227386306847,2000,0.2620805656882188,1.0,0.2811594202898551,1.0,1.0,1.0
morph_st_1_2_3gram_psalm,Wallfahrtslied,0,172,0.0,nan,nan,nan,nan,nan,nan,nan,nan,0.0004997501249375312,2000,nan,nan,nan,nan,0.0004997501249375312,0.002577247589158399
morph_st_1_2_3gram_psalm,Weisheitsgedicht,45,1639,0.02672209026128266,0.028476152335924557,0.012392178999791894,0.07260909368323061,0.47394074977967593,0.33693047135111853,0.748925699727053,0.7248780437039428,0.6326836581709145,1.0,2000,0.8506519421805754,1.0,0.7469939728930717,1.0,1.0,1.0
morph_st_1_2_3gram_psalm,Zionslied,15,1007,0.014677103718199608,0.033492991313103994,0.008424885349763388,0.11340156546930118,0.704237007613373,0.51112788987166,0.9132654524940383,0.003282158260271028,0.018490754622688656,0.431784107946027,2000,0.008843593090174715,0.04560705007127248,0.05263082744342115,0.27142098896108174,0.9634557721139431,1.0
morph_st_1_2_3gram_psalm,prophetische Gerichtsrede,1,342,0.0029154518950437317,0.009433962264150943,nan,nan,0.695906432748538,nan,nan,0.25091393914512905,0.27313656828414207,0.45527236381809094,2000,0.8672807757293366,1.0,0.8361103628737446,1.0,1.0,1.0
morph_st_1_2_3gram_psalm,"prophetische Schelt-, Droh- und Mahnrede",3,511,0.005836575875486381,0.02265729258210461,0.004553403891282373,0.5,0.5596868884540117,0.15953864808839943,0.9980694980694981,0.3613775769714813,0.3313343328335832,0.9450274862568716,2000,0.738727137470885,1.0,0.677314120717419,1.0,1.0,1.0
morph_st_1_2_3gram_psalm,prophetische Tora,0,172,0.0,nan,nan,nan,nan,nan,nan,nan,nan,0.0004997501249375312,2000,nan,nan,nan,nan,0.0004997501249375312,0.002577247589158399
morph_st_1_2gram,Danklied Israels,6,676,0.008797653958944282,0.008117397132493168,0.004355477731687191,0.016653841776367504,0.40409270216962523,0.12002808260038049,0.7657800981392484,0.7912197160613748,0.7576211894052973,1.0,2000,0.9948129362984726,1.0,0.999000499750125,1.0,1.0,1.0
morph_st_1_2gram,Danklied des Einzelnen,78,2087,0.03602771362586605,0.04462944495083697,0.02114089476811621,0.08841746250406124,0.587016082464094,0.4588615743823876,0.7164823772631319,0.0044864001960443845,0.05897051474262868,0.8530734632683659,2000,0.008210958849364252,0.042344509472304885,0.10035333210587688,0.5175294018510006,0.993503248375812,1.0
morph_st_1_2gram,Fluch,0,173,0.0,nan,nan,nan,nan,nan,nan,nan,nan,0.0004997501249375312,2000,nan,nan,nan,nan,0.0004997501249375312,0.002577247589158399
morph_st_1_2gram,Hymnus,465,4421,0.09516987310683586,0.09177723767341701,0.06054885800371715,0.13420112074424834,0.49702568143732384,0.4314518203067324,0.5885767256586785,0.5836885365696483,0.5227386306846576,1.0,2000,0.6290865338583986,1.0,0.5633960797379087,1.0,1.0,1.0
morph_st_1_2gram,Klagelied des Einzelnen,1176,6123,0.1611179613645705,0.21544940546682934,0.14839940623873862,0.2989951433644747,0.6080384709820561,0.536466387252652,0.6767170046576007,3.3596407472142316e-32,0.0004997501249375312,0.7671164417791104,2000,7.759170297137629e-32,4.0014603187277e-31,0.0009146370211120854,0.0047168493612899,1.0,1.0
morph_st_1_2gram,Klagelied des Volkes,36,1484,0.02368421052631579,0.032112552157873675,0.012469411863857055,0.08152129451326634,0.6190289008685235,0.47463917591028737,0.7676356917686881,0.007272760173772526,0.047476261869065464,0.7226386806596702,2000,0.05878814473799459,0.30317472019848024,0.35225720473096783,1.0,1.0,1.0
morph_st_1_2gram,Königspsalm,45,1636,0.02676977989292088,0.026207211216060518,0.01203224883980843,0.0576961751980772,0.49270578647106766,0.3676582915224394,0.6413308822552635,0.5664424411282798,0.4877561219390305,1.0,2000,0.6243740544254902,1.0,0.543820044000988,1.0,1.0,1.0
morph_st_1_2gram,Liturgie,153,2800,0.05181171689806976,0.053211192223984134,0.02930015287130063,0.09275131586911968,0.5140569561157796,0.43302906894320486,0.6407279627105057,0.27881634604030253,0.3328335832083958,1.0,2000,0.5800970060214583,1.0,0.7281902526997371,1.0,1.0,1.0
morph_st_1_2gram,Mischgedicht,45,1633,0.026817640047675805,0.03147113132840475,0.013964985347302191,0.07515029946988545,0.5165475947472273,0.3798253982961339,0.732019222473675,0.3523174439665357,0.3468265867066467,1.0,2000,0.5025704715404995,1.0,0.5093467758874186,1.0,1.0,1.0
morph_st_1_2gram,Thronbesteigungslied,15,1006,0.014691478942213516,0.02614850185423548,0.006368919955526445,0.12388104534912511,0.5793571901921802,0.156921549429213,0.8094375014799247,0.1455113574775016,0.17341329335332334,0.8825587206396801,2000,0.1907378604772656,0.9836489608436041,0.225794997238223,1.0,1.0,1.0
morph_st_1_2gram,Wallfahrtslied,0,172,0.0,nan,nan,nan,nan,nan,nan,nan,nan,0.0004997501249375312,2000,nan,nan,nan,nan,0.0004997501249375312,0.002577247589158399
morph_st_1_2gram,Weisheitsgedicht,45,1639,0.02672209026128266,0.05350146113431643,0.017915614973825992,0.33131960448667735,0.5097078164192258,0.3599910773418063,0.7119903764277725,0.41202719208137945,0.3773113443278361,1.0,2000,0.5972174468251366,1.0,0.5660477453580902,1.0,1.0,1.0
morph_st_1_2gram,Zionslied,15,1007,0.014677103718199608,0.021406553794961668,0.007717340997799515,0.08038398910995714,0.6030122476001324,0.41688693966428286,0.8114767612477658,0.08522430808071874,0.10994502748625687,0.7851074462768616,2000,0.10598407543371433,0.546567553004345,0.14219556888222554,0.7333128473685365,0.9802876339607973,1.0
morph_st_1_2gram,prophetische Gerichtsrede,1,342,0.0029154518950437317,0.006211180124223602,nan,nan,0.5350877192982456,nan,nan,0.45376912771581407,0.4452226113056528,0.993503248375812,2000,0.8880804732715585,1.0,0.8620192449165759,1.0,1.0,1.0
morph_st_1_2gram,"prophetische Schelt-, Droh- und Mahnrede",3,511,0.005836575875486381,0.08683428243974069,0.0039603960396039604,0.5,0.38486627527723416,0.04182021447089343,0.9980947353760964,0.7549232398518441,0.7496251874062968,1.0,2000,0.7827959729272292,1.0,0.7818671309506536,1.0,1.0,1.0
morph_st_1_2gram,prophetische Tora,0,172,0.0,nan,nan,nan,nan,nan,nan,nan,nan,0.0004997501249375312,2000,nan,nan,nan,nan,0.0004997501249375312,0.002577247589158399
morph_st_1_2gram_psalm,Danklied Israels,6,676,0.008797653958944282,0.008088385507939354,0.004441742356598111,0.01758647746233469,0.39447731755424065,0.12418809278278999,0.7507033238520628,0.8137581839173307,0.7971014492753623,1.0,2000,0.9948129362984726,1.0,0.999000499750125,1.0,1.0,1.0
morph_st_1_2gram_psalm,Danklied des Einzelnen,78,2087,0.03602771362586605,0.043367734703952596,0.02107341576555211,0.08372586022000578,0.5712161979531409,0.45361854940056784,0.7301207818399015,0.016233948935917602,0.08045977011494253,0.9075462268865567,2000,0.023858985557333446,0.12304251652781278,0.11825148032044584,0.6098314484831321,0.993503248375812,1.0
morph_st_1_2gram_psalm,Fluch,0,173,0.0,nan,nan,nan,nan,nan,nan,nan,nan,0.0004997501249375312,2000,nan,nan,nan,nan,0.0004997501249375312,0.002577247589158399
morph_st_1_2gram_psalm,Hymnus,465,4421,0.09516987310683586,0.10512278373685358,0.06546962618032277,0.15761866533796276,0.5392591079233278,0.4618162877412722,0.6185415688888746,0.002641173345958469,0.09695152423788106,0.9885057471264368,2000,0.0044946283255784475,0.02317912380253647,0.16214306639783554,0.8361835367721164,1.0,1.0
morph_st_1_2gram_psalm,Klagelied des Einzelnen,1176,6123,0.1611179613645705,0.20773508038081448,0.1457309097090077,0.2902184290214776,0.6022671848422531,0.534550520717633,0.6738858871459049,4.671383879348155e-29,0.0009995002498750624,0.776111944027986,2000,9.44008825618273e-29,4.868321884407861e-28,0.0017312772185335903,0.00892832200529874,1.0,1.0
morph_st_1_2gram_psalm,Klagelied des Volkes,36,1484,0.02368421052631579,0.028036603867981135,0.012721314014725768,0.057966434761060594,0.5712226714585206,0.42631673210304855,0.7149826415437128,0.07186686855415099,0.12343828085957022,0.9075462268865567,2000,0.3715813690707042,1.0,0.6428307585337766,1.0,1.0,1.0
morph_st_1_2gram_psalm,Königspsalm,45,1636,0.02676977989292088,0.025125328814649482,0.012322897716602062,0.06730150008099556,0.47117631078511274,0.3708066908705973,0.6456533360721848,0.7456089444363366,0.6661669165417291,1.0,2000,0.7533757042742152,1.0,0.6842736526473606,1.0,1.0,1.0
morph_st_1_2gram_psalm,Liturgie,153,2800,0.05181171689806976,0.05689646433492822,0.032288529297265944,0.09961509909898662,0.5350326797385621,0.4516876082534404,0.6650450064763781,0.07195288920386671,0.17691154422788605,0.9930034982508745,2000,0.24926536617053824,1.0,0.5864003482129903,1.0,1.0,1.0
morph_st_1_2gram_psalm,Mischgedicht,45,1633,0.026817640047675805,0.02779380006037427,0.012614076627449804,0.06232572977191437,0.47798190106824523,0.35160617838346087,0.6566935860328843,0.6931337459473326,0.6096951524237881,1.0,2000,0.7728042914585203,1.0,0.6864613670176406,1.0,1.0,1.0
morph_st_1_2gram_psalm,Thronbesteigungslied,15,1006,0.014691478942213516,0.018056155918844612,0.007903920647993242,0.04879911559762622,0.5677601060304838,0.33748110828303307,0.7519859576862854,0.1836580274299549,0.19890054972513743,0.9175412293853074,2000,0.22550416026209655,1.0,0.25045810428119275,1.0,1.0,1.0
morph_st_1_2gram_psalm,Wallfahrtslied,0,172,0.0,nan,nan,nan,nan,nan,nan,nan,nan,0.0004997501249375312,2000,nan,nan,nan,nan,0.0004997501249375312,0.002577247589158399
morph_st_1_2gram_psalm,Weisheitsgedicht,45,1639,0.02672209026128266,0.028052568978688915,0.011642873983543038,0.0686067455644762,0.47503898040810794,0.35391220512810334,0.7190551570323102,0.7164151741762054,0.6176911544227887,1.0,2000,0.8506519421805754,1.0,0.7469939728930717,1.0,1.0,1.0
morph_st_1_2gram_psalm,Zionslied,15,1007,0.014677103718199608,0.058000051395079695,0.014281375398205514,0.3792486886738895,0.7375372393247269,0.502014579100532,0.9396492552479734,0.0007849644244613209,0.01249375312343828,0.36881559220389803,2000,0.0036810255901787107,0.018983315570164833,0.04328193046333976,0.22320805013246847,0.9634557721139431,1.0
morph_st_1_2gram_psalm,prophetische Gerichtsrede,1,342,0.0029154518950437317,0.007874015748031496,nan,nan,0.6345029239766082,nan,nan,0.3229278581769798,0.33316658329164583,0.6496751624187906,2000,0.8672807757293366,1.0,0.8361103628737446,1.0,1.0,1.0
morph_st_1_2gram_psalm,"prophetische Schelt-, Droh- und Mahnrede",3,511,0.005836575875486381,0.016854096418138804,0.00445507939144201,0.5,0.5061969993476843,0.14412016782459333,0.9980805322632446,0.4860047715046647,0.4352823588205897,1.0,2000,0.738727137470885,1.0,0.677314120717419,1.0,1.0,1.0
morph_st_1_2gram_psalm,prophetische Tora,0,172,0.0,nan,nan,nan,nan,nan,nan,nan,nan,0.0004997501249375312,2000,nan,nan,nan,nan,0.0004997501249375312,0.002577247589158399
morph_st_1gram,Danklied Israels,6,676,0.008797653958944282,0.007847320568096974,0.004244848238190969,0.01644767130341437,0.3757396449704142,0.1612204427019892,0.6668020618129739,0.853142894681331,0.8645677161419291,1.0,2000,0.9948129362984726,1.0,0.999000499750125,1.0,1.0,1.0
morph_st_1gram,Danklied des Einzelnen,78,2087,0.03602771362586605,0.0411922887364051,0.01931641453086283,0.07399439598503561,0.5592679960193137,0.42900798234773524,0.6857677547958451,0.0375555253611999,0.11594202898550725,0.9340329835082459,2000,0.04442543853702915,0.22910520408809293,0.13503962304562003,0.6964091164133018,0.993503248375812,1.0
morph_st_1gram,Fluch,0,173,0.0,nan,nan,nan,nan,nan,nan,nan,nan,0.0004997501249375312,2000,nan,nan,nan,nan,0.0004997501249375312,0.002577247589158399
morph_st_1gram,Hymnus,465,4421,0.09516987310683586,0.09901084706789354,0.06541857999753496,0.1498674702163776,0.523636213283133,0.4509260115632319,0.6208725026081302,0.04654629135356626,0.1969015492253873,0.9970014992503748,2000,0.0673879143477004,0.3475243549218382,0.30470479046191196,1.0,1.0,1.0
morph_st_1gram,Klagelied des Einzelnen,1176,6123,0.1611179613645705,0.21085950607775678,0.14709298676501592,0.2788682167708203,0.6235538801507864,0.555562093200045,0.6911294242109288,1.710003296504083e-41,0.0004997501249375312,0.7066466766616691,2000,4.4829816151593525e-41,2.311906087338165e-40,0.0009146370211120854,0.0047168493612899,1.0,1.0
morph_st_1gram,Klagelied des Volkes,36,1484,0.02368421052631579,0.027554768001635754,0.01118463544652981,0.0646702447719884,0.5658879904162923,0.45412737752808524,0.7494628312343492,0.08810692256315666,0.1519240379810095,0.9175412293853074,2000,0.3715813690707042,1.0,0.6428307585337766,1.0,1.0,1.0
morph_st_1gram,Königspsalm,45,1636,0.02676977989292088,0.028911761686246255,0.012596746390057836,0.07433611144936449,0.4950013583265417,0.3568913860373762,0.6735932093929867,0.5456641804965969,0.4862568715642179,1.0,2000,0.6154584361415105,1.0,0.543820044000988,1.0,1.0,1.0
morph_st_1gram,Liturgie,153,2800,0.05181171689806976,0.06156000694068601,0.03264577589850887,0.11937909290911988,0.5267670401493931,0.4458432958072789,0.676150846147324,0.13208603996070334,0.2178910544727636,0.9960019990004998,2000,0.3660670250339492,1.0,0.6216303612899432,1.0,1.0,1.0
morph_st_1gram,Mischgedicht,45,1633,0.026817640047675805,0.026770341063638514,0.012376093193311195,0.07782929933068188,0.4883241477852623,0.35928036495269483,0.6537791322030091,0.6055486167313574,0.5232383808095952,1.0,2000,0.7163197051578252,1.0,0.642457252386465,1.0,1.0,1.0
morph_st_1gram,Thronbesteigungslied,15,1006,0.014691478942213516,0.018240029850081177,0.004589544753056681,0.06748122021586271,0.540258449304175,0.13200687250746654,0.8282660449430495,0.2961734203683701,0.28235882058970513,0.9825087456271864,2000,0.3264638838151352,1.0,0.311236427240925,1.0,1.0,1.0
morph_st_1gram,Wallfahrtslied,0,172,0.0,nan,nan,nan,nan,nan,nan,nan,nan,0.0004997501249375312,2000,nan,nan,nan,nan,0.0004997501249375312,0.002577247589158399
morph_st_1gram,Weisheitsgedicht,45,1639,0.02672209026128266,0.02687109192249785,0.011463869713616497,0.06873745880117829,0.4652904887804217,0.3415947602515819,0.6817197532562637,0.786881030638011,0.7056471764117941,1.0,2000,0.8773271261136445,1.0,0.7690761360892587,1.0,1.0,1.0
morph_st_1gram,Zionslied,15,1007,0.014677103718199608,0.027495218363493112,0.008555407027272853,0.08885298078607178,0.6527308838133069,0.30210459008226365,0.819911604483803,0.021047864329514575,0.0559720139930035,0.592703648175912,2000,0.04003221254829242,0.20644901948080532,0.09695152423788106,0.49998603229672944,0.9634557721139431,1.0
morph_st_1gram,prophetische Gerichtsrede,1,342,0.0029154518950437317,0.008695652173913044,nan,nan,0.6695906432748538,nan,nan,0.2807142447994493,0.31115557778889447,0.5387306346826587,2000,0.8672807757293366,1.0,0.8361103628737446,1.0,1.0,1.0
morph_st_1gram,"prophetische Schelt-, Droh- und Mahnrede",3,511,0.005836575875486381,0.01579984273883515,0.003902439778429184,0.09090909090909091,0.3613829093281148,0.03145814206936692,0.9663260128430256,0.79684841628127,0.7856071964017991,1.0,2000,0.8051489206175333,1.0,0.8003550308179245,1.0,1.0,1.0
morph_st_1gram,prophetische Tora,0,172,0.0,nan,nan,nan,nan,nan,nan,nan,nan,0.0004997501249375312,2000,nan,nan,nan,nan,0.0004997501249375312,0.002577247589158399
morph_st_1gram_psalm,Danklied Israels,6,676,0.008797653958944282,0.008797558026525844,0.004259294857899422,0.01948298531380858,0.42628205128205127,0.0748207689072467,0.7269059022710739,0.7334710769290168,0.6871564217891054,1.0,2000,0.9948129362984726,1.0,0.999000499750125,1.0,1.0,1.0
morph_st_1gram_psalm,Danklied des Einzelnen,78,2087,0.03602771362586605,0.045749024611988945,0.021720283327686416,0.08725241192967981,0.5881464007961372,0.4509111134230318,0.7317167932523886,0.0040600674434703,0.03698150924537731,0.8300849575212393,2000,0.007573587346473444,0.039057538469688464,0.07473346660003333,0.38540589989539564,0.993503248375812,1.0
morph_st_1gram_psalm,Fluch,0,173,0.0,nan,nan,nan,nan,nan,nan,nan,nan,0.0004997501249375312,2000,nan,nan,nan,nan,0.0004997501249375312,0.002577247589158399
morph_st_1gram_psalm,Hymnus,465,4421,0.09516987310683586,0.10824834690505714,0.06705047417972594,0.16558923530779696,0.543202165617179,0.4683049016344288,0.639052706126597,0.0010722993637921824,0.05897051474262868,0.9690154922538731,2000,0.0018911461506880309,0.009752777667071435,0.11440279860069964,0.5899835181101407,1.0,1.0
morph_st_1gram_psalm,Klagelied des Einzelnen,1176,6123,0.1611179613645705,0.20524135447993208,0.14352563795872667,0.27905164595557597,0.6130263554057912,0.5464959042215625,0.6931150985222678,4.707844249020332e-35,0.0004997501249375312,0.743128435782109,2000,1.1416522303874305e-34,5.887583237305053e-34,0.0009146370211120854,0.0047168493612899,1.0,1.0
morph_st_1gram_psalm,Klagelied des Volkes,36,1484,0.02368421052631579,0.027333349423153967,0.010625821832561472,0.07836911967190714,0.5461215932914046,0.434541852056186,0.7096977156809429,0.17189690500062915,0.19990004997501248,0.9650174912543729,2000,0.5424802914010157,1.0,0.6880430752365753,1.0,1.0,1.0
morph_st_1gram_psalm,Königspsalm,45,1636,0.02676977989292088,0.024180930084129415,0.011972522038441024,0.05039889604206717,0.4556642216788916,0.3733709617286269,0.6248607045351363,0.8452425374397712,0.791104447776112,1.0,2000,0.8452425374397712,1.0,0.791104447776112,1.0,1.0,1.0
morph_st_1gram_psalm,Liturgie,153,2800,0.05181171689806976,0.06901874437013972,0.03614212277877907,0.1348367546322159,0.5476283846872082,0.4602468108193234,0.6903252319168702,0.023469445395364073,0.10394802598700649,0.9615192403798101,2000,0.10347891833410523,0.5336482764033884,0.48014088193998233,1.0,1.0,1.0
morph_st_1gram_psalm,Mischgedicht,45,1633,0.026817640047675805,0.024354653069235795,0.012166682897100182,0.05138020983973873,0.45845410628019323,0.35601531154051036,0.621683979577916,0.8295220833904753,0.7621189405297352,1.0,2000,0.8652004525685603,1.0,0.7948982497998313,1.0,1.0,1.0
morph_st_1gram_psalm,Thronbesteigungslied,15,1006,0.014691478942213516,0.01876730766860829,0.008071192280787842,0.04771132871762728,0.577170311464546,0.3670374044440895,0.7837599366713711,0.15226410128719675,0.17691154422788605,0.8765617191404298,2000,0.19692823766477444,1.0,0.225794997238223,1.0,1.0,1.0
morph_st_1gram_psalm,Wallfahrtslied,0,172,0.0,nan,nan,nan,nan,nan,nan,nan,nan,0.0004997501249375312,2000,nan,nan,nan,nan,0.0004997501249375312,0.002577247589158399
morph_st_1gram_psalm,Weisheitsgedicht,45,1639,0.02672209026128266,0.04725261685357351,0.015421684281418126,0.3200152530570604,0.445779947122229,0.3358849523768398,0.7114191544302028,0.8930289388317834,0.8435782108945528,1.0,2000,0.9023313236112812,1.0,0.8435782108945528,1.0,1.0,1.0
morph_st_1gram_psalm,Zionslied,15,1007,0.014677103718199608,0.04924813413794737,0.013862645869625354,0.12665186682718615,0.7942734193975505,0.593122864527278,0.9287228772226342,4.489273542804168e-05,0.0024987506246876563,0.2658670664667666,2000,0.000436794596416547,0.0022525813689644953,0.019960607931328454,0.1029383007669737,0.9634557721139431,1.0
morph_st_1gram_psalm,prophetische Gerichtsrede,1,342,0.0029154518950437317,0.011111111111111112,nan,nan,0.7426900584795322,nan,nan,0.20236359559135964,0.23461730865432717,0.35732133933033483,2000,0.8672807757293366,1.0,0.8361103628737446,1.0,1.0,1.0
morph_st_1gram_psalm,"prophetische Schelt-, Droh- und Mahnrede",3,511,0.005836575875486381,0.008579806852340634,0.00424665409824437,0.07142857142857142,0.4279191128506197,0.1169313234110621,0.9588702402742094,0.6674026783794044,0.591704147926037,1.0,2000,0.7753055682071512,1.0,0.7085839796151308,1.0,1.0,1.0
morph_st_1gram_psalm,prophetische Tora,0,172,0.0,nan,nan,nan,nan,nan,nan,nan,nan,0.0004997501249375312,2000,nan,nan,nan,nan,0.0004997501249375312,0.002577247589158399
morph_st_sp_plus,Danklied Israels,6,676,0.008797653958944282,0.007280763021114427,0.004104243023176562,0.015300614358850087,0.33160749506903353,0.03900397869845726,0.6440362580545512,0.9225679200505473,0.9425287356321839,1.0,2000,0.9948129362984726,1.0,0.999000499750125,1.0,1.0,1.0
morph_st_sp_plus,Danklied des Einzelnen,78,2087,0.03602771362586605,0.04600907306547755,0.022601985953175724,0.08116213044783084,0.6089528583539126,0.5002237225227828,0.7094158801010773,0.0005341891074411336,0.028985507246376812,0.7736131934032984,2000,0.0014804669549082845,0.0076348753106224715,0.06876794161059006,0.3546412554662849,0.993503248375812,1.0
morph_st_sp_plus,Fluch,0,173,0.0,nan,nan,nan,nan,nan,nan,nan,nan,0.0004997501249375312,2000,nan,nan,nan,nan,0.0004997501249375312,0.002577247589158399
morph_st_sp_plus,Hymnus,465,4421,0.09516987310683586,0.10161261334204773,0.06781776217054539,0.14878651821470668,0.540368670543569,0.46374374670964713,0.6254839911590896,0.002064563929205029,0.09395302348825588,0.9870064967516242,2000,0.0035761196630872826,0.018442308106247522,0.16158587372980174,0.8333100538278823,1.0,1.0
morph_st_sp_plus,Klagelied des Einzelnen,1176,6123,0.1611179613645705,0.23753913432281853,0.16358286078936193,0.3263651536732641,0.63094196522313,0.555771323519281,0.7028906797720972,2.3727704246127165e-46,0.0004997501249375312,0.6831584207896052,2000,7.192460349607297e-46,3.709203894338171e-45,0.0009146370211120854,0.0047168493612899,1.0,1.0
morph_st_sp_plus,Klagelied des Volkes,36,1484,0.02368421052631579,0.023589666412240154,0.009662206735286578,0.048520700172218115,0.4882075471698113,0.37299333745428576,0.6887656489254804,0.5957238870198415,0.5367316341829086,1.0,2000,0.8428644837296503,1.0,0.7574337831084458,1.0,1.0,1.0
morph_st_sp_plus,Königspsalm,45,1636,0.02676977989292088,0.031648683399039715,0.013555967840501906,0.08026755957004478,0.5215566422167889,0.39368442975824347,0.7165621677937003,0.31069610052355223,0.3313343328335832,0.9985007496251874,2000,0.399779107134993,1.0,0.42288724059023125,1.0,1.0,1.0
morph_st_sp_plus,Liturgie,153,2800,0.05181171689806976,0.05254825119829991,0.03008220897801207,0.08319365319939946,0.5233636788048552,0.43558036362504343,0.6213983405136682,0.16487754541394056,0.24287856071964017,0.9985007496251874,2000,0.42087162908295356,1.0,0.6367356862109486,1.0,1.0,1.0
morph_st_sp_plus,Mischgedicht,45,1633,0.026817640047675805,0.0341149352749647,0.013632012713542429,0.13255098107121596,0.5525277267469552,0.40410246235685165,0.7221874307049508,0.11436415043890741,0.18640679660169915,0.968015992003998,2000,0.27099703435844924,1.0,0.43729177078127607,1.0,1.0,1.0
morph_st_sp_plus,Thronbesteigungslied,15,1006,0.014691478942213516,0.032415137242789056,0.006359134476143913,0.1738847502370179,0.5894963552021206,0.27263611195763504,0.9055015830147968,0.11685762923055876,0.15992003998001,0.8450774612693653,2000,0.1574331949356139,0.8118943885247317,0.21249649148028726,1.0,1.0,1.0
morph_st_sp_plus,Wallfahrtslied,0,172,0.0,nan,nan,nan,nan,nan,nan,nan,nan,0.0004997501249375312,2000,nan,nan,nan,nan,0.0004997501249375312,0.002577247589158399
morph_st_sp_plus,Weisheitsgedicht,45,1639,0.02672209026128266,0.04086208683813859,0.01303014434564887,0.21484932167311557,0.4742932682529998,0.34176068123153963,0.63806637083663,0.7221751649680326,0.6391804097951025,1.0,2000,0.8506519421805754,1.0,0.7469939728930717,1.0,1.0,1.0
morph_st_sp_plus,Zionslied,15,1007,0.014677103718199608,0.041493400195411013,0.010789830253098043,0.28802321772604467,0.6292949354518371,0.3738381261121845,0.9217589501444595,0.04266037938667171,0.08095952023988005,0.6871564217891054,2000,0.06674285162108315,0.3441977197214206,0.1189859615646722,0.613619221455077,0.9634557721139431,1.0
morph_st_sp_plus,prophetische Gerichtsrede,1,342,0.0029154518950437317,0.010526315789473684,nan,nan,0.7280701754385965,nan,nan,0.21689843650339974,0.23761880940470234,0.37031484257871067,2000,0.8672807757293366,1.0,0.8361103628737446,1.0,1.0,1.0
morph_st_sp_plus,"prophetische Schelt-, Droh- und Mahnrede",3,511,0.005836575875486381,0.04532920002041142,0.004059506227582412,0.5,0.410958904109589,0.062224026697499386,0.9980791162563725,0.7033700000229826,0.6756621689155422,1.0,2000,0.7753055682071512,1.0,0.7623915315069738,1.0,1.0,1.0
morph_st_sp_plus,prophetische Tora,0,172,0.0,nan,nan,nan,nan,nan,nan,nan,nan,0.0004997501249375312,2000,nan,nan,nan,nan,0.0004997501249375312,0.002577247589158399
morph_st_sp_plus_psalm,Danklied Israels,6,676,0.008797653958944282,0.008101498868701231,0.0041526230210802454,0.01589707032428657,0.39768244575936884,0.06460226748198575,0.5826331038980914,0.8064186015066255,0.7966016991504248,1.0,2000,0.9948129362984726,1.0,0.999000499750125,1.0,1.0,1.0
morph_st_sp_plus_psalm,Danklied des Einzelnen,78,2087,0.03602771362586605,0.047492249691993976,0.02441332700949588,0.08835103418268808,0.6223631024781001,0.50705230981299,0.7234214363046161,0.0001191132677485435,0.009995002498750625,0.711144427786107,2000,0.00044438411429264304,0.002291721062329231,0.03728904778380041,0.19230232011412673,0.993503248375812,1.0
morph_st_sp_plus_psalm,Fluch,0,173,0.0,nan,nan,nan,nan,nan,nan,nan,nan,0.0004997501249375312,2000,nan,nan,nan,nan,0.0004997501249375312,0.002577247589158399
morph_st_sp_plus_psalm,Hymnus,465,4421,0.09516987310683586,0.1069060097918699,0.06815092703289317,0.15263766160599707,0.5516603308257509,0.47820633716324046,0.6306827858413855,0.00012109385801484331,0.050474762618690654,0.9600199900049975,2000,0.0002397164128048939,0.001236234902513208,0.10643591247854334,0.5488977093692355,1.0,1.0
morph_st_sp_plus_psalm,Klagelied des Einzelnen,1176,6123,0.1611179613645705,0.22866999379473696,0.15969635407949362,0.3226556600804734,0.6212945001616521,0.5511124352029998,0.697857689734631,4.600756235301674e-40,0.0004997501249375312,0.7161419290354822,2000,1.1744035653270065e-39,6.05648424363355e-39,0.0009146370211120854,0.0047168493612899,1.0,1.0
morph_st_sp_plus_psalm,Klagelied des Volkes,36,1484,0.02368421052631579,0.02201021082097488,0.009536182910310824,0.045065278152594514,0.4673180592991914,0.3515588264906125,0.6598145410350884,0.7489408978084034,0.6721639180409795,1.0,2000,0.9383934792599956,1.0,0.8440842078960519,1.0,1.0,1.0
morph_st_sp_plus_psalm,Königspsalm,45,1636,0.02676977989292088,0.028211371875994457,0.013093097569345895,0.057133350980581366,0.5082722086389568,0.4046464637741925,0.6851969382837203,0.4248793417753991,0.4027986006996502,1.0,2000,0.5283755916950476,1.0,0.5009162085623855,1.0,1.0,1.0
morph_st_sp_plus_psalm,Liturgie,153,2800,0.05181171689806976,0.056394315177693874,0.0303835859152052,0.09151586125059818,0.5407843137254902,0.4413295978892704,0.6541089636508357,0.044439673626178004,0.14192903548225888,0.9850074962518741,2000,0.17961034757246944,0.9262635708733671,0.5864003482129903,1.0,1.0,1.0
morph_st_sp_plus_psalm,Mischgedicht,45,1633,0.026817640047675805,0.03135561553503403,0.012941381082540079,0.07866226281559244,0.5265632441994965,0.4030163861041511,0.6918210128070759,0.27139359658617657,0.2993503248375812,0.9955022488755623,2000,0.4332058115566235,1.0,0.4839496918207563,1.0,1.0,1.0
morph_st_sp_plus_psalm,Thronbesteigungslied,15,1006,0.014691478942213516,0.05155353417933557,0.009187494949432346,0.23917848936453742,0.6175944333996024,0.4211828714935522,0.9585180290747184,0.058808362313578465,0.10144927536231885,0.7341329335332334,2000,0.09054620864154145,0.4669533558556211,0.1561996779388084,0.8055330520336197,1.0,1.0
morph_st_sp_plus_psalm,Wallfahrtslied,0,172,0.0,nan,nan,nan,nan,nan,nan,nan,nan,0.0004997501249375312,2000,nan,nan,nan,nan,0.0004997501249375312,0.002577247589158399
morph_st_sp_plus_psalm,Weisheitsgedicht,45,1639,0.02672209026128266,0.033809907284592856,0.01219619418880169,0.18618965382562805,0.44179377669310554,0.33247357702757235,0.6679314211154785,0.9089235550711128,0.8405797101449275,1.0,2000,0.9089235550711128,1.0,0.8435782108945528,1.0,1.0,1.0
morph_st_sp_plus_psalm,Zionslied,15,1007,0.014677103718199608,0.049855061179656844,0.014313941551702136,0.21674145310642368,0.7033101621979477,0.3818442932917541,0.9456042013924751,0.003406619827405673,0.02448775612193903,0.46276861569215394,2000,0.008930868196171629,0.046057134113877185,0.061806596701649175,0.318741095589165,0.9634557721139431,1.0
morph_st_sp_plus_psalm,prophetische Gerichtsrede,1,342,0.0029154518950437317,0.013333333333333334,nan,nan,0.7865497076023392,nan,nan,0.1623855132839162,0.1775887943971986,0.2493753123438281,2000,0.8672807757293366,1.0,0.8361103628737446,1.0,1.0,1.0
morph_st_sp_plus_psalm,"prophetische Schelt-, Droh- und Mahnrede",3,511,0.005836575875486381,0.025149091925887216,0.0045045045045045045,0.5,0.49510763209393344,0.15372880629030533,0.9980694980694981,0.5124407387848678,0.46476761619190404,1.0,2000,0.738727137470885,1.0,0.677314120717419,1.0,1.0,1.0
morph_st_sp_plus_psalm,prophetische Tora,0,172,0.0,nan,nan,nan,nan,nan,nan,nan,nan,0.0004997501249375312,2000,nan,nan,nan,nan,0.0004997501249375312,0.002577247589158399
morph_suffix_1_2_3gram,Danklied Israels,6,676,0.008797653958944282,0.013703100831141731,0.004401041233957969,0.567979501959741,0.4484714003944773,0.1827119967208836,1.0,0.6685922615923144,0.6226886556721639,1.0,2000,0.9948129362984726,1.0,0.999000499750125,1.0,1.0,1.0
morph_suffix_1_2_3gram,Danklied des Einzelnen,78,2087,0.03602771362586605,0.047246256394317517,0.020895524486411278,0.09856878117475464,0.5781209686336662,0.4684510907055842,0.7134796113117224,0.00948908568447543,0.06746626686656672,0.8710644677661169,2000,0.015089201826133061,0.07781610666648062,0.10387663311201543,0.5356993203179244,0.993503248375812,1.0
morph_suffix_1_2_3gram,Fluch,0,173,0.0,nan,nan,nan,nan,nan,nan,nan,nan,0.0004997501249375312,2000,nan,nan,nan,nan,0.0004997501249375312,0.002577247589158399
morph_suffix_1_2_3gram,Hymnus,465,4421,0.09516987310683586,0.14655252903015606,0.09319201695161507,0.22785158156965965,0.6219465746328009,0.5225487643678474,0.7128679317657036,2.2748798245401626e-18,0.001999000499750125,0.6811594202898551,2000,1.8388611915032983e-17,9.483140345770232e-17,0.006463434949192071,0.033332402153115295,1.0,1.0
morph_suffix_1_2_3gram,Klagelied des Einzelnen,1176,6123,0.1611179613645705,0.2790082707169999,0.18311490742403316,0.41856476630110423,0.681416172544471,0.6020007397873832,0.7650206317312463,5.142963054247682e-87,0.0004997501249375312,0.4752623688155922,2000,3.83744166355404e-86,1.9789964589137226e-85,0.0009146370211120854,0.0047168493612899,1.0,1.0
morph_suffix_1_2_3gram,Klagelied des Volkes,36,1484,0.02368421052631579,0.03782174841452157,0.011597425318411873,0.13023918156670733,0.6200396825396826,0.5137980026248185,0.799853144666572,0.006864961296956014,0.04597701149425287,0.6891554222888556,2000,0.05878814473799459,0.30317472019848024,0.35225720473096783,1.0,1.0,1.0
morph_suffix_1_2_3gram,Königspsalm,45,1636,0.02676977989292088,0.027668883022153225,0.014508669467229623,0.056017254119500835,0.5452186905732138,0.455496384806869,0.6952044076985386,0.15006290691442348,0.20689655172413793,0.9815092453773113,2000,0.2695574439018348,1.0,0.3609713000642536,1.0,1.0,1.0
morph_suffix_1_2_3gram,Liturgie,153,2800,0.05181171689806976,0.06257271891586816,0.03511182439545139,0.11104025492693985,0.5660014005602241,0.4917176245733327,0.668688133333972,0.0029497722747599112,0.07446276861569215,0.9230384807596201,2000,0.022009839280900875,0.11350633525415571,0.40127158642900773,1.0,1.0,1.0
morph_suffix_1_2_3gram,Mischgedicht,45,1633,0.026817640047675805,0.033400840449719874,0.012777230534505244,0.08905338912103825,0.5269987072191604,0.400728359672412,0.6910927494468775,0.2680954524208826,0.27586206896551724,0.9970014992503748,2000,0.4332058115566235,1.0,0.4613555291319857,1.0,1.0,1.0
morph_suffix_1_2_3gram,Thronbesteigungslied,15,1006,0.014691478942213516,0.04298389990962671,0.016387548512186705,0.10781747265099782,0.813949635520212,0.6796307324844304,0.9023856121494142,1.4669612310049795e-05,0.001999000499750125,0.21739130434782608,2000,0.0005016448879107121,0.0025870190190410178,0.022218057637847746,0.11458013240133383,0.9994561542758034,1.0
morph_suffix_1_2_3gram,Wallfahrtslied,0,172,0.0,nan,nan,nan,nan,nan,nan,nan,nan,0.0004997501249375312,2000,nan,nan,nan,nan,0.0004997501249375312,0.002577247589158399
morph_suffix_1_2_3gram,Weisheitsgedicht,45,1639,0.02672209026128266,0.04621647649627185,0.018545443184720654,0.1435251434654362,0.6346078231984272,0.5034572150518453,0.8238336186365295,0.0010182537940534924,0.026486756621689155,0.6276861569215393,2000,0.011939320996738879,0.0615719430963221,0.21814092953523237,1.0,1.0,1.0
morph_suffix_1_2_3gram,Zionslied,15,1007,0.014677103718199608,0.02152235224707473,0.009407067469772323,0.04752282594169721,0.6512082092022509,0.47148733040240837,0.7869002586020268,0.022093945787888966,0.049475262368815595,0.5712143928035982,2000,0.04069163362202238,0.20984970171719936,0.09410000881911985,0.4852805607585904,0.9634557721139431,1.0
morph_suffix_1_2_3gram,prophetische Gerichtsrede,1,342,0.0029154518950437317,0.004132231404958678,nan,nan,0.2982456140350877,nan,nan,0.7586339059921604,0.7433716858429215,1.0,2000,0.9031649782132315,1.0,0.9121470847783443,1.0,1.0,1.0
morph_suffix_1_2_3gram,"prophetische Schelt-, Droh- und Mahnrede",3,511,0.005836575875486381,0.07201692564011404,0.005813953488372093,0.3333333333333333,0.5975212002609263,0.36690491467919895,0.99592883803788,0.2806532870523743,0.2433783108445777,0.7851074462768616,2000,0.738727137470885,1.0,0.677314120717419,1.0,1.0,1.0
morph_suffix_1_2_3gram,prophetische Tora,0,172,0.0,nan,nan,nan,nan,nan,nan,nan,nan,0.0004997501249375312,2000,nan,nan,nan,nan,0.0004997501249375312,0.002577247589158399
morph_suffix_1_2_3gram_psalm,Danklied Israels,6,676,0.008797653958944282,0.009094681750415367,0.004629629629629629,0.01893242125819027,0.4511834319526627,0.1464213391145177,0.7077230882370181,0.6602462695221074,0.6126936531734133,1.0,2000,0.9948129362984726,1.0,0.999000499750125,1.0,1.0,1.0
morph_suffix_1_2_3gram_psalm,Danklied des Einzelnen,78,2087,0.03602771362586605,0.04364128256796911,0.02123446282093138,0.08435820211344644,0.5661359084933594,0.45395067724826993,0.7094652882121386,0.023514659254824103,0.0944527736131934,0.92103948025987,2000,0.03212566123546391,0.16567436172140687,0.12949004949580004,0.6677895636839879,0.993503248375812,1.0
morph_suffix_1_2_3gram_psalm,Fluch,0,173,0.0,nan,nan,nan,nan,nan,nan,nan,nan,0.0004997501249375312,2000,nan,nan,nan,nan,0.0004997501249375312,0.002577247589158399
morph_suffix_1_2_3gram_psalm,Hymnus,465,4421,0.09516987310683586,0.14429822145951895,0.08885531197956043,0.22088868408903836,0.618947691005538,0.5326829721132084,0.7003772646927582,1.443314115556969e-17,0.0009995002498750624,0.703648175912044,2000,1.0000104943501858e-16,5.157126546029927e-16,0.005386195790993392,0.02777700179426275,1.0,1.0
morph_suffix_1_2_3gram_psalm,Klagelied des Einzelnen,1176,6123,0.1611179613645705,0.26595694743233667,0.1799934595315813,0.39695646177531785,0.6772250219702449,0.5968949311901081,0.7612063261225572,3.843980798852603e-83,0.0004997501249375312,0.4947526236881559,2000,2.4857742499246834e-82,1.2819317841313649e-81,0.0009146370211120854,0.0047168493612899,1.0,1.0
morph_suffix_1_2_3gram_psalm,Klagelied des Volkes,36,1484,0.02368421052631579,0.03424349364867484,0.011711331702364974,0.07236755820546217,0.6192348008385744,0.49698422385734314,0.7721826268106065,0.007187995103483258,0.041979010494752625,0.7001499250374813,2000,0.05878814473799459,0.30317472019848024,0.35225720473096783,1.0,1.0,1.0
morph_suffix_1_2_3gram_psalm,Königspsalm,45,1636,0.02676977989292088,0.0274739407709391,0.014051777004976979,0.060958910311315825,0.5322602553653898,0.43670553119686595,0.6617288919297334,0.22989793512453133,0.26186906546726635,0.991504247876062,2000,0.33778308726706874,1.0,0.38486817197461876,1.0,1.0,1.0
morph_suffix_1_2_3gram_psalm,Liturgie,153,2800,0.05181171689806976,0.06716434850619722,0.03716125543496587,0.125536440875817,0.5766596638655462,0.5046697120751418,0.6839099202397451,0.0006920631406237131,0.031484257871064465,0.8850574712643678,2000,0.008969129951990512,0.046254452759777485,0.40127158642900773,1.0,1.0,1.0
morph_suffix_1_2_3gram_psalm,Mischgedicht,45,1633,0.026817640047675805,0.03024731857896026,0.01128729287482949,0.07842911576564297,0.48963053684425395,0.37552480021971957,0.6721004907833085,0.5939806205585667,0.5322338830584707,1.0,2000,0.7163197051578252,1.0,0.6427526977252115,1.0,1.0,1.0
morph_suffix_1_2_3gram_psalm,Thronbesteigungslied,15,1006,0.014691478942213516,0.10167994589274784,0.017254812024441457,0.5,0.7876739562624254,0.6761631602937699,0.9923058640170619,6.438972830806091e-05,0.004997501249375313,0.26786606696651677,2000,0.0005016448879107121,0.0025870190190410178,0.022218057637847746,0.11458013240133383,0.9994561542758034,1.0
morph_suffix_1_2_3gram_psalm,Wallfahrtslied,0,172,0.0,nan,nan,nan,nan,nan,nan,nan,nan,0.0004997501249375312,2000,nan,nan,nan,nan,0.0004997501249375312,0.002577247589158399
morph_suffix_1_2_3gram_psalm,Weisheitsgedicht,45,1639,0.02672209026128266,0.04030856599373639,0.014869016758728423,0.13908505203085306,0.5916819198698393,0.45036616639523996,0.7927354983683768,0.0178179307712146,0.06946526736631684,0.8270864567716142,2000,0.0664745878772237,0.34281426416509275,0.25915888209741283,1.0,1.0,1.0
morph_suffix_1_2_3gram_psalm,Zionslied,15,1007,0.014677103718199608,0.035463259862490375,0.015927635223039825,0.08007064909761642,0.7908970539556438,0.6671615755163592,0.875945485786293,5.40363001536529e-05,0.0024987506246876563,0.2608695652173913,2000,0.000436794596416547,0.0022525813689644953,0.019960607931328454,0.1029383007669737,0.9634557721139431,1.0
morph_suffix_1_2_3gram_psalm,prophetische Gerichtsrede,1,342,0.0029154518950437317,0.004016064257028112,nan,nan,0.2777777777777778,nan,nan,0.7801241569130448,0.7693846923461731,1.0,2000,0.9031649782132315,1.0,0.9121470847783443,1.0,1.0,1.0
morph_suffix_1_2_3gram_psalm,"prophetische Schelt-, Droh- und Mahnrede",3,511,0.005836575875486381,0.11649804262929825,0.005154431522719103,0.5,0.6033920417482062,0.3191815433663674,0.9980582524271845,0.268950443609209,0.24587706146926536,0.7736131934032984,2000,0.738727137470885,1.0,0.677314120717419,1.0,1.0,1.0
morph_suffix_1_2_3gram_psalm,prophetische Tora,0,172,0.0,nan,nan,nan,nan,nan,nan,nan,nan,0.0004997501249375312,2000,nan,nan,nan,nan,0.0004997501249375312,0.002577247589158399
morph_suffix_1_2gram,Danklied Israels,6,676,0.008797653958944282,0.013465268551179358,0.004087972016193166,0.11489889254489628,0.5170118343195266,0.1037322567992554,0.9860041563331048,0.4433156659179361,0.3968015992003998,0.999000499750125,2000,0.9948129362984726,1.0,0.999000499750125,1.0,1.0,1.0
morph_suffix_1_2gram,Danklied des Einzelnen,78,2087,0.03602771362586605,0.04711730585677891,0.02011230773537684,0.09986432473694236,0.5722912289754647,0.46002712126159173,0.7141389900904582,0.014969877093547164,0.07196401799100449,0.8915542228885557,2000,0.022339662739601154,0.11520725871843583,0.10739245761734517,0.5538306819286849,0.993503248375812,1.0
morph_suffix_1_2gram,Fluch,0,173,0.0,nan,nan,nan,nan,nan,nan,nan,nan,0.0004997501249375312,2000,nan,nan,nan,nan,0.0004997501249375312,0.002577247589158399
morph_suffix_1_2gram,Hymnus,465,4421,0.09516987310683586,0.15263293094974673,0.09233668754097903,0.23462368026721922,0.63276444535246,0.5352961625572261,0.7287968120067565,1.9978489155311483e-21,0.0004997501249375312,0.6471764117941029,2000,3.2298557467753566e-20,1.6656600011349084e-19,0.0034625544370671807,0.01785664401059748,1.0,1.0
morph_suffix_1_2gram,Klagelied des Einzelnen,1176,6123,0.1611179613645705,0.3089054354513069,0.20465462887331645,0.45625704769908604,0.7070396997603549,0.6217414720080162,0.7890519452484267,1.175737026612107e-112,0.0004997501249375312,0.4122938530734633,2000,2.8511622895343596e-111,1.4703650425140542e-110,0.0009146370211120854,0.0047168493612899,1.0,1.0
morph_suffix_1_2gram,Klagelied des Volkes,36,1484,0.02368421052631579,0.03776141403805744,0.012059207904968545,0.0983117284434323,0.6343965259059599,0.531288276487555,0.8013026402392728,0.0028989050939017746,0.034482758620689655,0.63968015992004,2000,0.04621335836652691,0.23832563614052624,0.35225720473096783,1.0,1.0,1.0
morph_suffix_1_2gram,Königspsalm,45,1636,0.02676977989292088,0.02823833990483006,0.01451744522782794,0.07682271950476705,0.54119804400978,0.44002237767157254,0.6953474459991348,0.17258005021521272,0.21739130434782608,0.9765117441279361,2000,0.29046615754358457,1.0,0.36356821589205396,1.0,1.0,1.0
morph_suffix_1_2gram,Liturgie,153,2800,0.05181171689806976,0.06569269540599029,0.03625837734338993,0.11569178837052199,0.5945588235294118,0.5137413023888688,0.6869387154086798,3.996080212766115e-05,0.017991004497751123,0.8095952023988006,2000,0.0009690494515957829,0.004997458206163902,0.40127158642900773,1.0,1.0,1.0
morph_suffix_1_2gram,Mischgedicht,45,1633,0.026817640047675805,0.03233617914854524,0.011979079672992561,0.07975935637040302,0.5317888004354631,0.38886250667613087,0.6801696297467856,0.23319673812290115,0.24287856071964017,0.992503748125937,2000,0.4048367036718844,1.0,0.43798276300446265,1.0,1.0,1.0
morph_suffix_1_2gram,Thronbesteigungslied,15,1006,0.014691478942213516,0.040212695070012426,0.01547249438311613,0.11274622567540857,0.793273691186216,0.6626847727931617,0.8926607223686417,4.744136642378608e-05,0.00399800099950025,0.25687156421789104,2000,0.0005016448879107121,0.0025870190190410178,0.022218057637847746,0.11458013240133383,0.9994561542758034,1.0
morph_suffix_1_2gram,Wallfahrtslied,0,172,0.0,nan,nan,nan,nan,nan,nan,nan,nan,0.0004997501249375312,2000,nan,nan,nan,nan,0.0004997501249375312,0.002577247589158399
morph_suffix_1_2gram,Weisheitsgedicht,45,1639,0.02672209026128266,0.0515753663960415,0.01822788714218717,0.2096541748744626,0.6376855806386008,0.5091359504400819,0.8121840487075803,0.0008014086312256635,0.02448775612193903,0.6271864067966016,2000,0.011939320996738879,0.0615719430963221,0.21814092953523237,1.0,1.0,1.0
morph_suffix_1_2gram,Zionslied,15,1007,0.014677103718199608,0.021780775214111762,0.009682177467435962,0.04641066178756995,0.6510095994703741,0.4119011046526919,0.7896461046272566,0.022233573009970992,0.05347326336831584,0.5807096451774113,2000,0.04069163362202238,0.20984970171719936,0.09695152423788106,0.49998603229672944,0.9634557721139431,1.0
morph_suffix_1_2gram,prophetische Gerichtsrede,1,342,0.0029154518950437317,0.004132231404958678,nan,nan,0.2982456140350877,nan,nan,0.7586339059921604,0.7458729364682342,1.0,2000,0.9031649782132315,1.0,0.9121470847783443,1.0,1.0,1.0
morph_suffix_1_2gram,"prophetische Schelt-, Droh- und Mahnrede",3,511,0.005836575875486381,0.1165633981830524,0.005836177348291812,0.5,0.6060013046314416,0.3825334945395324,0.9980582524271845,0.26382917205688483,0.24437781109445278,0.7596201899050474,2000,0.738727137470885,1.0,0.677314120717419,1.0,1.0,1.0
morph_suffix_1_2gram,prophetische Tora,0,172,0.0,nan,nan,nan,nan,nan,nan,nan,nan,0.0004997501249375312,2000,nan,nan,nan,nan,0.0004997501249375312,0.002577247589158399
morph_suffix_1_2gram_psalm,Danklied Israels,6,676,0.008797653958944282,0.009985679348198384,0.004366505713624965,0.02159865714595093,0.4943293885601578,0.1320011968490518,0.8911079056595521,0.5195045727201574,0.4572713643178411,1.0,2000,0.9948129362984726,1.0,0.999000499750125,1.0,1.0,1.0
morph_suffix_1_2gram_psalm,Danklied des Einzelnen,78,2087,0.03602771362586605,0.04131918053186679,0.019976050215268666,0.07911363957592438,0.5521420760999103,0.44242357120143794,0.6886354706482612,0.058699240143607,0.13693153423288357,0.9565217391304348,2000,0.06470257152193044,0.3336758474809555,0.14758176467321896,0.7610898491627993,0.993503248375812,1.0
morph_suffix_1_2gram_psalm,Fluch,0,173,0.0,nan,nan,nan,nan,nan,nan,nan,nan,0.0004997501249375312,2000,nan,nan,nan,nan,0.0004997501249375312,0.002577247589158399
morph_suffix_1_2gram_psalm,Hymnus,465,4421,0.09516987310683586,0.14541572788461418,0.090576319147425,0.21938716570286737,0.6264203350091085,0.5389633927070331,0.7083174655147575,1.329632651973282e-19,0.0004997501249375312,0.6681659170414792,2000,1.4330485249045374e-18,7.390335032770396e-18,0.0034625544370671807,0.01785664401059748,1.0,1.0
morph_suffix_1_2gram_psalm,Klagelied des Einzelnen,1176,6123,0.1611179613645705,0.30067336096586106,0.19881705867202293,0.44397109952024244,0.7082061225600808,0.6191734927397804,0.7928331887442652,6.651941359290363e-114,0.0004997501249375312,0.41579210394802596,2000,2.1507943728372177e-112,1.109180235395251e-111,0.0009146370211120854,0.0047168493612899,1.0,1.0
morph_suffix_1_2gram_psalm,Klagelied des Volkes,36,1484,0.02368421052631579,0.03708424871461207,0.011924128103529576,0.08796799069919031,0.6359501347708895,0.522919697569262,0.7863555204948017,0.0026280982442125917,0.025487256371814093,0.6336831584207896,2000,0.04621335836652691,0.23832563614052624,0.35225720473096783,1.0,1.0,1.0
morph_suffix_1_2gram_psalm,Königspsalm,45,1636,0.02676977989292088,0.027759003714292883,0.01398015222608181,0.06943145319129732,0.5322738386308068,0.42986284595467505,0.6788339294320074,0.2298034578553253,0.2563718140929535,0.9895052473763118,2000,0.33778308726706874,1.0,0.38258563026179215,1.0,1.0,1.0
morph_suffix_1_2gram_psalm,Liturgie,153,2800,0.05181171689806976,0.06998983426943428,0.037473384577256734,0.1324488619579251,0.595842670401494,0.5180745270497574,0.6962851496361427,3.1913959594164164e-05,0.012993503248375811,0.7981009495252374,2000,0.0009690494515957829,0.004997458206163902,0.40127158642900773,1.0,1.0,1.0
morph_suffix_1_2gram_psalm,Mischgedicht,45,1633,0.026817640047675805,0.030296731387041868,0.011318003743440035,0.08837389667109308,0.49276042729808806,0.3721778135574195,0.6667092491722284,0.5659482281386216,0.5212393803098451,1.0,2000,0.7038074119159781,1.0,0.642457252386465,1.0,1.0,1.0
morph_suffix_1_2gram_psalm,Thronbesteigungslied,15,1006,0.014691478942213516,0.10952274839333857,0.01600393491573156,0.5512870643290002,0.7918157720344599,0.6660988643038581,0.9195628893140068,5.1394538143996985e-05,0.00399800099950025,0.2623688155922039,2000,0.0005016448879107121,0.0025870190190410178,0.022218057637847746,0.11458013240133383,0.9994561542758034,1.0
morph_suffix_1_2gram_psalm,Wallfahrtslied,0,172,0.0,nan,nan,nan,nan,nan,nan,nan,nan,0.0004997501249375312,2000,nan,nan,nan,nan,0.0004997501249375312,0.002577247589158399
morph_suffix_1_2gram_psalm,Weisheitsgedicht,45,1639,0.02672209026128266,0.03966854420421043,0.016364077221618267,0.1127485875231929,0.5982035116263305,0.45522493083158344,0.801153367008433,0.012207875693854781,0.05697151424287856,0.7886056971514243,2000,0.05382563374108699,0.27758269157307297,0.24659409425721923,1.0,1.0,1.0
morph_suffix_1_2gram_psalm,Zionslied,15,1007,0.014677103718199608,0.03336170328321365,0.015335615760481544,0.07400883128167139,0.7730883813306852,0.6117216633263043,0.8553576509813575,0.00013917323739189196,0.0034982508745627187,0.2958520739630185,2000,0.0008437377516883449,0.004351216693927851,0.019960607931328454,0.1029383007669737,0.9634557721139431,1.0
morph_suffix_1_2gram_psalm,prophetische Gerichtsrede,1,342,0.0029154518950437317,0.00398406374501992,nan,nan,0.2719298245614035,nan,nan,0.7860558640629758,0.7808904452226113,1.0,2000,0.9031649782132315,1.0,0.9121470847783443,1.0,1.0,1.0
morph_suffix_1_2gram_psalm,"prophetische Schelt-, Droh- und Mahnrede",3,511,0.005836575875486381,0.1729780271154745,0.007002113506928913,0.5,0.6614481409001957,0.4379965526469523,0.9980924585304111,0.16778088778612021,0.16591704147926037,0.5482258870564718,2000,0.738727137470885,1.0,0.677314120717419,1.0,1.0,1.0
morph_suffix_1_2gram_psalm,prophetische Tora,0,172,0.0,nan,nan,nan,nan,nan,nan,nan,nan,0.0004997501249375312,2000,nan,nan,nan,nan,0.0004997501249375312,0.002577247589158399
morph_suffix_1gram,Danklied Israels,6,676,0.008797653958944282,0.022591509699029906,0.004051844133917244,0.4379946330643423,0.5648422090729783,0.09192068260972973,1.0,0.2924170095777945,0.2673663168415792,0.9180409795102449,2000,0.9948129362984726,1.0,0.999000499750125,1.0,1.0,1.0
morph_suffix_1gram,Danklied des Einzelnen,78,2087,0.03602771362586605,0.04506598065652319,0.020220498675612774,0.09213694042065472,0.5723526593195976,0.4490539221763627,0.7048003610770385,0.014900273267301431,0.06596701649175413,0.8850574712643678,2000,0.022339662739601154,0.11520725871843583,0.10320646128548629,0.532243195670712,0.993503248375812,1.0
morph_suffix_1gram,Fluch,0,173,0.0,nan,nan,nan,nan,nan,nan,nan,nan,0.0004997501249375312,2000,nan,nan,nan,nan,0.0004997501249375312,0.002577247589158399
morph_suffix_1gram,Hymnus,465,4421,0.09516987310683586,0.16305697281767217,0.09902121470452263,0.24624901389629122,0.6484320921895256,0.5433514801791721,0.7385310972443073,2.653361964763225e-26,0.0004997501249375312,0.5872063968015993,2000,1.2868805529101641e-24,6.636536214847619e-24,0.0034625544370671807,0.01785664401059748,1.0,1.0
morph_suffix_1gram,Klagelied des Einzelnen,1176,6123,0.1611179613645705,0.356233254626513,0.24207378591632145,0.5158658559293825,0.726319492356799,0.637240744975336,0.8060080869583838,3.6034088724037554e-134,0.0004997501249375312,0.3793103448275862,2000,1.7476533031158213e-132,9.012774659542068e-132,0.0009146370211120854,0.0047168493612899,1.0,1.0
morph_suffix_1gram,Klagelied des Volkes,36,1484,0.02368421052631579,0.03756619489994291,0.011368790758722989,0.09275260820142756,0.6321503444144954,0.5014654221857225,0.7872266193357611,0.0033349846243885396,0.03398300849575212,0.6416791604197901,2000,0.04621335836652691,0.23832563614052624,0.35225720473096783,1.0,1.0,1.0
morph_suffix_1gram,Königspsalm,45,1636,0.02676977989292088,0.02951401364610577,0.014027593490128113,0.08244330994543779,0.543439282803586,0.43187893954843976,0.71760701058846,0.15977494799223874,0.20839580209895053,0.9765117441279361,2000,0.2767530349151278,1.0,0.3609713000642536,1.0,1.0,1.0
morph_suffix_1gram,Liturgie,153,2800,0.05181171689806976,0.06947566187811413,0.03689001414985358,0.12190230583477805,0.6211204481792717,0.540215831866391,0.7130083254285555,2.1780524016030883e-07,0.00399800099950025,0.6851574212893553,2000,1.0563554147774978e-05,5.447701381505484e-05,0.21814092953523237,1.0,1.0,1.0
morph_suffix_1gram,Mischgedicht,45,1633,0.026817640047675805,0.031514632022136925,0.013017821781404799,0.10227460332394245,0.5346465265020072,0.4094315494171467,0.7028082956673821,0.2136410397374794,0.23238380809595202,0.9890054972513743,2000,0.3910034123497264,1.0,0.43798276300446265,1.0,1.0,1.0
morph_suffix_1gram,Thronbesteigungslied,15,1006,0.014691478942213516,0.045046725443788266,0.015222072288955717,0.18890052463173296,0.7769052352551359,0.6537943339044373,0.9395603095107117,0.00011415469833588686,0.004997501249375313,0.28835582208895555,2000,0.0005932764547701599,0.0030595696458344344,0.022218057637847746,0.11458013240133383,0.9994561542758034,1.0
morph_suffix_1gram,Wallfahrtslied,0,172,0.0,nan,nan,nan,nan,nan,nan,nan,nan,0.0004997501249375312,2000,nan,nan,nan,nan,0.0004997501249375312,0.002577247589158399
morph_suffix_1gram,Weisheitsgedicht,45,1639,0.02672209026128266,0.047877041167784816,0.018025352551319054,0.1753234188081738,0.6312588977018507,0.4680198282127057,0.8092990942030871,0.001314417712928349,0.026986506746626688,0.6461769115442278,2000,0.011939320996738879,0.0615719430963221,0.21814092953523237,1.0,1.0,1.0
morph_suffix_1gram,Zionslied,15,1007,0.014677103718199608,0.024237172767880212,0.010067906352512448,0.05469129168616669,0.6831843760344257,0.4775630969122753,0.8194252212452643,0.007385583459881169,0.02448775612193903,0.4862568715642179,2000,0.017910039890211834,0.0923633728646872,0.061806596701649175,0.318741095589165,0.9634557721139431,1.0
morph_suffix_1gram,prophetische Gerichtsrede,1,342,0.0029154518950437317,0.0047169811320754715,nan,nan,0.38596491228070173,nan,nan,0.6550276432915905,0.6408204102051025,1.0,2000,0.9031649782132315,1.0,0.9121470847783443,1.0,1.0,1.0
morph_suffix_1gram,"prophetische Schelt-, Droh- und Mahnrede",3,511,0.005836575875486381,0.08892124665774126,0.006079284295966336,0.375,0.6157860404435747,0.40429421371859786,0.9980163231825492,0.24507676014815594,0.22788605697151423,0.7131434282858571,2000,0.738727137470885,1.0,0.677314120717419,1.0,1.0,1.0
morph_suffix_1gram,prophetische Tora,0,172,0.0,nan,nan,nan,nan,nan,nan,nan,nan,0.0004997501249375312,2000,nan,nan,nan,nan,0.0004997501249375312,0.002577247589158399
morph_suffix_1gram_psalm,Danklied Israels,6,676,0.008797653958944282,0.009511075267942645,0.004273847153356927,0.01811280255232421,0.47312623274161736,0.09119726760755476,0.7866671866288191,0.5901383009290538,0.5332333833083458,1.0,2000,0.9948129362984726,1.0,0.999000499750125,1.0,1.0,1.0
morph_suffix_1gram_psalm,Danklied des Einzelnen,78,2087,0.03602771362586605,0.0413732889876971,0.019454772792977148,0.07679121287462211,0.5523140810634821,0.43341972752240515,0.7077462177151077,0.05809683808440305,0.12343828085957022,0.9535232383808095,2000,0.06470257152193044,0.3336758474809555,0.13943590002751433,0.7190810352132738,0.993503248375812,1.0
morph_suffix_1gram_psalm,Fluch,0,173,0.0,nan,nan,nan,nan,nan,nan,nan,nan,0.0004997501249375312,2000,nan,nan,nan,nan,0.0004997501249375312,0.002577247589158399
morph_suffix_1gram_psalm,Hymnus,465,4421,0.09516987310683586,0.15372715763716083,0.09694929086243696,0.2257435660248448,0.6378326316480726,0.5441878055993336,0.7249330343785789,6.044231165346261e-23,0.0004997501249375312,0.631184407796102,2000,1.1725808460771746e-21,6.047084348450074e-21,0.0034625544370671807,0.01785664401059748,1.0,1.0
morph_suffix_1gram_psalm,Klagelied des Einzelnen,1176,6123,0.1611179613645705,0.34467801377327384,0.22814653019032116,0.48843638061962125,0.7339014488696017,0.6458255123202691,0.8179540342185878,3.747139516120841e-143,0.0004997501249375312,0.3713143428285857,2000,3.634725330637216e-141,1.8744541778371098e-140,0.0009146370211120854,0.0047168493612899,1.0,1.0
morph_suffix_1gram_psalm,Klagelied des Volkes,36,1484,0.02368421052631579,0.03835491139211957,0.011481176945669098,0.0773204707138344,0.6552860137765798,0.547291272451104,0.8217906777580428,0.000716627522534698,0.014992503748125937,0.5667166416791605,2000,0.023170956561955235,0.11949430116752403,0.35225720473096783,1.0,1.0,1.0
morph_suffix_1gram_psalm,Königspsalm,45,1636,0.02676977989292088,0.028649200957333483,0.013682833090274979,0.06816929718825249,0.5350312415104591,0.4250104606015907,0.6993919622275686,0.21107746735008703,0.2433783108445777,0.984007996001999,2000,0.31991428645247566,1.0,0.377202023988006,1.0,1.0,1.0
morph_suffix_1gram_psalm,Liturgie,153,2800,0.05181171689806976,0.07155805115038984,0.038158424208831115,0.13207428937553775,0.6217787114845938,0.5370046690648365,0.7112110643071117,1.8855912971886218e-07,0.004497751124437781,0.696151924037981,2000,1.0563554147774978e-05,5.447701381505484e-05,0.21814092953523237,1.0,1.0,1.0
morph_suffix_1gram_psalm,Mischgedicht,45,1633,0.026817640047675805,0.030123358336506114,0.01192819071750622,0.09921429279641063,0.5029529836020956,0.3842308980399245,0.6892446984001531,0.4730843991220241,0.431784107946027,1.0,2000,0.6118558228644845,1.0,0.5584407796101949,1.0,1.0,1.0
morph_suffix_1gram_psalm,Thronbesteigungslied,15,1006,0.014691478942213516,0.08634277510987041,0.014782418146770082,0.43170969277815535,0.771272365805169,0.6047426411479468,0.9128856810304637,0.00015282763556942274,0.005497251374312844,0.296351824087956,2000,0.0006898009660799806,0.0035573535415343582,0.022218057637847746,0.11458013240133383,0.9994561542758034,1.0
morph_suffix_1gram_psalm,Wallfahrtslied,0,172,0.0,nan,nan,nan,nan,nan,nan,nan,nan,0.0004997501249375312,2000,nan,nan,nan,nan,0.0004997501249375312,0.002577247589158399
morph_suffix_1gram_psalm,Weisheitsgedicht,45,1639,0.02672209026128266,0.04272476451360424,0.01646124118081162,0.12791157217904883,0.6062300860958579,0.4502897233045514,0.8260639624984436,0.007456594181096431,0.04397801099450275,0.7551224387806097,2000,0.042546449150961986,0.21941511973663597,0.23510744627686156,1.0,1.0,1.0
morph_suffix_1gram_psalm,Zionslied,15,1007,0.014677103718199608,0.03507583528769917,0.014119120284312552,0.08958345413355047,0.7738166170142337,0.5945859823044191,0.8780468677686826,0.00013403185111245382,0.001999000499750125,0.2943528235882059,2000,0.0008437377516883449,0.004351216693927851,0.019960607931328454,0.1029383007669737,0.9634557721139431,1.0
morph_suffix_1gram_psalm,prophetische Gerichtsrede,1,342,0.0029154518950437317,0.0045662100456621,nan,nan,0.3654970760233918,nan,nan,0.6806890799714553,0.6568284142071036,1.0,2000,0.9031649782132315,1.0,0.9121470847783443,1.0,1.0,1.0
morph_suffix_1gram_psalm,"prophetische Schelt-, Droh- und Mahnrede",3,511,0.005836575875486381,0.12042808293295243,0.008165335746034477,0.4444444444444444,0.7710371819960861,0.5915822298065148,0.9980582524271845,0.052836876950324276,0.07146426786606697,0.29735132433783107,2000,0.738727137470885,1.0,0.677314120717419,1.0,1.0,1.0
morph_suffix_1gram_psalm,prophetische Tora,0,172,0.0,nan,nan,nan,nan,nan,nan,nan,nan,0.0004997501249375312,2000,nan,nan,nan,nan,0.0004997501249375312,0.002577247589158399
morph_suffix_host_plus_suffix,Danklied Israels,6,676,0.008797653958944282,0.008770793435439076,0.003858313225896442,0.024862271599040236,0.3927514792899408,0.04429974508406524,0.9297294140843854,0.8176378591633844,0.8055972013993004,1.0,2000,0.9948129362984726,1.0,0.999000499750125,1.0,1.0,1.0
morph_suffix_host_plus_suffix,Danklied des Einzelnen,78,2087,0.03602771362586605,0.060571814503981275,0.027998352395300245,0.11433302899275312,0.6784551497057486,0.5654623357471737,0.7779348236826887,4.181960864103412e-08,0.0009995002498750624,0.49325337331334335,2000,2.8975014558430785e-07,1.4942624861950703e-06,0.008079293686490088,0.04166550269139412,0.993503248375812,1.0
morph_suffix_host_plus_suffix,Fluch,0,173,0.0,nan,nan,nan,nan,nan,nan,nan,nan,0.0004997501249375312,2000,nan,nan,nan,nan,0.0004997501249375312,0.002577247589158399
morph_suffix_host_plus_suffix,Hymnus,465,4421,0.09516987310683586,0.1489873710395479,0.09125967507689776,0.2293577810131911,0.5916945759850956,0.4997862524679583,0.6884212146873467,3.640200763169591e-11,0.004997501249375313,0.8245877061469266,2000,1.0385278647866185e-10,5.35576341502606e-10,0.012429682594600137,0.06410077337137557,1.0,1.0
morph_suffix_host_plus_suffix,Klagelied des Einzelnen,1176,6123,0.1611179613645705,0.3034835364588387,0.20526999635639734,0.44061147047893373,0.6990986089029765,0.6163252816105329,0.7797876011057714,2.3818594582793856e-104,0.0004997501249375312,0.4337831084457771,2000,3.850672790885007e-103,1.98581984710594e-102,0.0009146370211120854,0.0047168493612899,1.0,1.0
morph_suffix_host_plus_suffix,Klagelied des Volkes,36,1484,0.02368421052631579,0.035594357916999705,0.012783722244148647,0.08328994709168243,0.6085092842168314,0.48028656047317403,0.7825568427686683,0.012955908593378704,0.0544727636181909,0.7541229385307346,2000,0.08976593811126674,0.4629294442191943,0.35225720473096783,1.0,1.0,1.0
morph_suffix_host_plus_suffix,Königspsalm,45,1636,0.02676977989292088,0.028079337974627923,0.014026628042205405,0.05766592439787987,0.539282803585982,0.4174199244427335,0.6767787665250383,0.18402678205897477,0.24887556221889057,0.9885057471264368,2000,0.2926327517986976,1.0,0.377202023988006,1.0,1.0,1.0
morph_suffix_host_plus_suffix,Liturgie,153,2800,0.05181171689806976,0.05990271090691585,0.032812733098770315,0.09665622527277837,0.5753758169934641,0.5001782993626599,0.6596315131768319,0.0008321873151331403,0.04697651174412794,0.8875562218890555,2000,0.008969129951990512,0.046254452759777485,0.40127158642900773,1.0,1.0,1.0
morph_suffix_host_plus_suffix,Mischgedicht,45,1633,0.026817640047675805,0.04793706061753049,0.015942210554307102,0.128082862604518,0.6121725522215418,0.4464512863776884,0.7956089263493555,0.005076954908904008,0.03648175912043978,0.7381309345327336,2000,0.035176044725977774,0.1814054103087746,0.2973180076628352,1.0,1.0,1.0
morph_suffix_host_plus_suffix,Thronbesteigungslied,15,1006,0.014691478942213516,0.04759181077471583,0.015277043085806252,0.1327052943791589,0.7847249834327369,0.6305124010630505,0.8983507042746869,7.546726883367166e-05,0.0029985007496251873,0.24987506246876562,2000,0.0005016448879107121,0.0025870190190410178,0.022218057637847746,0.11458013240133383,0.9994561542758034,1.0
morph_suffix_host_plus_suffix,Wallfahrtslied,0,172,0.0,nan,nan,nan,nan,nan,nan,nan,nan,0.0004997501249375312,2000,nan,nan,nan,nan,0.0004997501249375312,0.002577247589158399
morph_suffix_host_plus_suffix,Weisheitsgedicht,45,1639,0.02672209026128266,0.04438367971499929,0.01738851898457262,0.10512678991314928,0.6386211104331909,0.4451700824634291,0.7852181612338007,0.0007444597943797461,0.02148925537231384,0.6281859070464768,2000,0.011939320996738879,0.0615719430963221,0.21814092953523237,1.0,1.0,1.0
morph_suffix_host_plus_suffix,Zionslied,15,1007,0.014677103718199608,0.0367615315554056,0.01099527488711205,0.10452913091263001,0.7342270771267793,0.47412810311082704,0.8748101085942783,0.0009123466673748472,0.0079960019990005,0.34382808595702147,2000,0.003799163027391691,0.019592558890083087,0.03924228362009471,0.20237529878677143,0.9634557721139431,1.0
morph_suffix_host_plus_suffix,prophetische Gerichtsrede,1,342,0.0029154518950437317,0.0064516129032258064,nan,nan,0.5526315789473685,nan,nan,0.4298558460142581,0.4307153576788394,0.9665167416291854,2000,0.8847265593451998,1.0,0.8620192449165759,1.0,1.0,1.0
morph_suffix_host_plus_suffix,"prophetische Schelt-, Droh- und Mahnrede",3,511,0.005836575875486381,0.17147581924335997,0.005333333333333333,0.5,0.5538160469667319,0.2547634287183992,0.9980852430650899,0.37460130036920003,0.32233883058470764,0.9635182408795602,2000,0.738727137470885,1.0,0.677314120717419,1.0,1.0,1.0
morph_suffix_host_plus_suffix,prophetische Tora,0,172,0.0,nan,nan,nan,nan,nan,nan,nan,nan,0.0004997501249375312,2000,nan,nan,nan,nan,0.0004997501249375312,0.002577247589158399
morph_suffix_host_plus_suffix_psalm,Danklied Israels,6,676,0.008797653958944282,0.008249162862155126,0.004263542391327395,0.01719689494867599,0.40285996055226825,0.1689364558868914,0.7000135541189493,0.7941959735123703,0.7831084457771115,1.0,2000,0.9948129362984726,1.0,0.999000499750125,1.0,1.0,1.0
morph_suffix_host_plus_suffix_psalm,Danklied des Einzelnen,78,2087,0.03602771362586605,0.05852317313092135,0.026025959890146527,0.11643761823498501,0.6590923052350939,0.5404841058654395,0.790576342840685,8.86952413122685e-07,0.0024987506246876563,0.5452273863068465,2000,5.377149004556278e-06,2.7730346861384843e-05,0.015148675662168916,0.07812281754636398,0.993503248375812,1.0
morph_suffix_host_plus_suffix_psalm,Fluch,0,173,0.0,nan,nan,nan,nan,nan,nan,nan,nan,0.0004997501249375312,2000,nan,nan,nan,nan,0.0004997501249375312,0.002577247589158399
morph_suffix_host_plus_suffix_psalm,Hymnus,465,4421,0.09516987310683586,0.15284772921879577,0.09245589868253967,0.22881861010001875,0.6004805996794381,0.5085578772095288,0.6903306216560071,4.700627675511566e-13,0.001999000499750125,0.7786106946526736,2000,1.6284317304450783e-12,8.397940374548635e-12,0.006463434949192071,0.033332402153115295,1.0,1.0
morph_suffix_host_plus_suffix_psalm,Klagelied des Einzelnen,1176,6123,0.1611179613645705,0.2883333045060673,0.19241162867468217,0.41316307962431603,0.7044920123855519,0.6192324486776408,0.7844903458328715,5.895354849010644e-110,0.0004997501249375312,0.42978510744627685,2000,1.1436988407080648e-108,5.898137754956171e-108,0.0009146370211120854,0.0047168493612899,1.0,1.0
morph_suffix_host_plus_suffix_psalm,Klagelied des Volkes,36,1484,0.02368421052631579,0.032330837411129396,0.013074800586583666,0.07482242841246743,0.602856394129979,0.47511390334720416,0.800098703714098,0.017365727451279553,0.053973013493253376,0.7666166916541729,2000,0.10527972267338229,0.542935154805926,0.35225720473096783,1.0,1.0,1.0
morph_suffix_host_plus_suffix_psalm,Königspsalm,45,1636,0.02676977989292088,0.029345290945417976,0.013490299422527278,0.059913393051679954,0.5482613420266232,0.4261127934627628,0.6908637550801503,0.13438599969845377,0.19390304847576212,0.9720139930034982,2000,0.24718700255475257,1.0,0.3548791641914892,1.0,1.0,1.0
morph_suffix_host_plus_suffix_psalm,Liturgie,153,2800,0.05181171689806976,0.05851223835701219,0.03282549786442884,0.09515139729859481,0.5665943043884221,0.48638970862872505,0.638250526951074,0.0027343345476786136,0.05747126436781609,0.9205397301349325,2000,0.022009839280900875,0.11350633525415571,0.40127158642900773,1.0,1.0,1.0
morph_suffix_host_plus_suffix_psalm,Mischgedicht,45,1633,0.026817640047675805,0.04528660730637856,0.014948833247864704,0.10775283862531107,0.5640811049874124,0.41346177243173365,0.76053404531484,0.07099587937392916,0.14442778610694654,0.9300349825087456,2000,0.22117113538939012,1.0,0.40935088011549786,1.0,1.0,1.0
morph_suffix_host_plus_suffix_psalm,Thronbesteigungslied,15,1006,0.014691478942213516,0.09699250336507675,0.017889107537007256,0.4488993000432758,0.769946984758118,0.5606613805654127,0.962257410619673,0.00016356105381277891,0.004497751124437781,0.27786106946526734,2000,0.0006898009660799806,0.0035573535415343582,0.022218057637847746,0.11458013240133383,0.9994561542758034,1.0
morph_suffix_host_plus_suffix_psalm,Wallfahrtslied,0,172,0.0,nan,nan,nan,nan,nan,nan,nan,nan,0.0004997501249375312,2000,nan,nan,nan,nan,0.0004997501249375312,0.002577247589158399
morph_suffix_host_plus_suffix_psalm,Weisheitsgedicht,45,1639,0.02672209026128266,0.0378853745478204,0.013835602971459677,0.08842935128248333,0.5930919937631347,0.41691720150253897,0.7546069520947268,0.016446995393356673,0.06496751624187906,0.8225887056471765,2000,0.06381434212622389,0.3290951841564781,0.2578910544727636,1.0,1.0,1.0
morph_suffix_host_plus_suffix_psalm,Zionslied,15,1007,0.014677103718199608,0.046380967464091635,0.012748162935198405,0.1545279684061767,0.7731545845746441,0.4393001880009821,0.9085309790380244,0.0001386983100463836,0.0034982508745627187,0.27436281859070466,2000,0.0008437377516883449,0.004351216693927851,0.019960607931328454,0.1029383007669737,0.9634557721139431,1.0
morph_suffix_host_plus_suffix_psalm,prophetische Gerichtsrede,1,342,0.0029154518950437317,0.00641025641025641,nan,nan,0.5497076023391813,nan,nan,0.43382599609243144,0.4462231115557779,0.9695152423788106,2000,0.8847265593451998,1.0,0.8620192449165759,1.0,1.0,1.0
morph_suffix_host_plus_suffix_psalm,"prophetische Schelt-, Droh- und Mahnrede",3,511,0.005836575875486381,0.17253332664291568,0.005633802816901409,0.5,0.634703196347032,0.29871256661402024,0.9980694980694981,0.21095092330335097,0.20439780109945027,0.6281859070464768,2000,0.738727137470885,1.0,0.677314120717419,1.0,1.0,1.0
morph_suffix_host_plus_suffix_psalm,prophetische Tora,0,172,0.0,nan,nan,nan,nan,nan,nan,nan,nan,0.0004997501249375312,2000,nan,nan,nan,nan,0.0004997501249375312,0.002577247589158399
morph_suffix_posmean,Danklied Israels,6,676,0.008797653958944282,0.009668223723973232,0.004432556996795804,0.020335362090940654,0.45907297830374755,0.16237877586516114,0.7802873184471197,0.6355292890926836,0.6176911544227887,1.0,2000,0.9948129362984726,1.0,0.999000499750125,1.0,1.0,1.0
morph_suffix_posmean,Danklied des Einzelnen,78,2087,0.03602771362586605,0.04330672620294856,0.020609422867574823,0.07972752329547891,0.5658963301512415,0.4198301951259356,0.6831918169703387,0.02391694380021298,0.08345827086456771,0.9235382308845578,2000,0.03222143817528693,0.16616829033680577,0.12082764587855326,0.6231169208474165,0.993503248375812,1.0
morph_suffix_posmean,Fluch,0,173,0.0,nan,nan,nan,nan,nan,nan,nan,nan,0.0004997501249375312,2000,nan,nan,nan,nan,0.0004997501249375312,0.002577247589158399
morph_suffix_posmean,Hymnus,465,4421,0.09516987310683586,0.11388033848637667,0.07223168697373404,0.16158593830861717,0.5552371015169535,0.4944377389851854,0.6229695682096448,4.345367388212191e-05,0.04097951024487756,0.9565217391304348,2000,9.16305731862136e-05,0.00047254550234857983,0.08833361097229163,0.455542829425909,1.0,1.0
morph_suffix_posmean,Klagelied des Einzelnen,1176,6123,0.1611179613645705,0.26232870048179047,0.17933710230629157,0.3637459859303194,0.6884598441695803,0.6264615026500068,0.7455039297715589,9.96281367780038e-94,0.0004997501249375312,0.44227886056971516,2000,9.663929267466367e-93,4.983758315115635e-92,0.0009146370211120854,0.0047168493612899,1.0,1.0
morph_suffix_posmean,Klagelied des Volkes,36,1484,0.02368421052631579,0.03837996209766419,0.013643023065006407,0.11724508348518937,0.6037735849056604,0.3691638875821314,0.844942371315081,0.016573190150511626,0.06596701649175413,0.7666166916541729,2000,0.10527972267338229,0.542935154805926,0.3999250374812594,1.0,1.0,1.0
morph_suffix_posmean,Königspsalm,45,1636,0.02676977989292088,0.0368861297072417,0.016821104207731367,0.07142866385348408,0.6281988590057049,0.5183608587451612,0.7183974681443357,0.0016522274727946561,0.017491254372813594,0.6676661669165417,2000,0.026711010810180277,0.13775061731725663,0.25356552492984274,1.0,1.0,1.0
morph_suffix_posmean,Liturgie,153,2800,0.05181171689806976,0.04395209536875079,0.026257100031841063,0.06807340311203802,0.449484126984127,0.3894152323251081,0.5168565037635675,0.9824587598430421,0.9095452273863068,1.0,2000,0.9999958825739573,1.0,0.9995002498750625,1.0,1.0,1.0
morph_suffix_posmean,Mischgedicht,45,1633,0.026817640047675805,0.04066461467814968,0.01566175571342409,0.08858965403275902,0.6154521330883854,0.42210794780021577,0.7735238059632059,0.004076070616403673,0.04247876061969016,0.7251374312843578,2000,0.03041375767624279,0.15684595108033733,0.2973180076628352,1.0,1.0,1.0
morph_suffix_posmean,Thronbesteigungslied,15,1006,0.014691478942213516,0.01842316203575122,0.005695511122505177,0.04668259836641523,0.5158051689860835,0.18626761301775047,0.8428178711970685,0.4168567847570713,0.39030484757621187,1.0,2000,0.4395120447982165,1.0,0.40709215284830697,1.0,1.0,1.0
morph_suffix_posmean,Wallfahrtslied,0,172,0.0,nan,nan,nan,nan,nan,nan,nan,nan,0.0004997501249375312,2000,nan,nan,nan,nan,0.0004997501249375312,0.002577247589158399
morph_suffix_posmean,Weisheitsgedicht,45,1639,0.02672209026128266,0.04796557527799142,0.01556611888459515,0.30733027998639534,0.5496101959189208,0.4224326847011923,0.755687256113943,0.12780329663739493,0.18440779610194902,0.9725137431284357,2000,0.26537652677136886,1.0,0.3787168915542229,1.0,1.0,1.0
morph_suffix_posmean,Zionslied,15,1007,0.014677103718199608,0.02158984248943094,0.003842325274456503,0.0629050479264086,0.576133730552797,0.18331621612490426,0.8617279738630212,0.1555344678069604,0.16891554222888555,0.8840579710144928,2000,0.17749227502676657,0.9153405173518544,0.19276244230825762,0.9940898759782033,1.0,1.0
morph_suffix_posmean,prophetische Gerichtsrede,1,342,0.0029154518950437317,0.0031645569620253164,nan,nan,0.08187134502923976,nan,nan,0.9263699751068638,0.9514757378689345,1.0,2000,0.9263699751068638,1.0,0.9514757378689345,1.0,1.0,1.0
morph_suffix_posmean,"prophetische Schelt-, Droh- und Mahnrede",3,511,0.005836575875486381,0.01364129768019928,0.005998337704077421,0.03029193492879537,0.634703196347032,0.4062177008528278,0.9121429886278005,0.21095092330335097,0.20339830084957522,0.6331834082958521,2000,0.738727137470885,1.0,0.677314120717419,1.0,1.0,1.0
morph_suffix_posmean,prophetische Tora,0,172,0.0,nan,nan,nan,nan,nan,nan,nan,nan,0.0004997501249375312,2000,nan,nan,nan,nan,0.0004997501249375312,0.002577247589158399
morph_vs_1_2_3gram,Danklied Israels,6,676,0.008797653958944282,0.010500428936701223,0.004378330146179155,0.029293895652248922,0.48668639053254437,0.15161049144576116,0.8812927704063598,0.5451551933353438,0.4682658670664668,1.0,2000,0.9948129362984726,1.0,0.999000499750125,1.0,1.0,1.0
morph_vs_1_2_3gram,Danklied des Einzelnen,78,2087,0.03602771362586605,0.05508642040998563,0.02428008622616062,0.12356842853773681,0.5709336183701301,0.44013286117756656,0.6973748701717958,0.016581016145268985,0.09745127436281859,0.9315342328835582,2000,0.024005351732702858,0.1237973374948957,0.12949004949580004,0.6677895636839879,0.993503248375812,1.0
morph_vs_1_2_3gram,Fluch,0,173,0.0,nan,nan,nan,nan,nan,nan,nan,nan,0.0004997501249375312,2000,nan,nan,nan,nan,0.0004997501249375312,0.002577247589158399
morph_vs_1_2_3gram,Hymnus,465,4421,0.09516987310683586,0.1050549558981484,0.07160019032015441,0.1618306374918476,0.5206777039204383,0.4296439537634118,0.6094016941553565,0.07090189781822814,0.2448775612193903,0.9985007496251874,2000,0.09552061233844626,0.4926067159962535,0.3393303348325837,1.0,1.0,1.0
morph_vs_1_2_3gram,Klagelied des Einzelnen,1176,6123,0.1611179613645705,0.17048967214748906,0.12244564977868824,0.23302426288175757,0.5424004895114996,0.48817245405134035,0.6009271314672995,1.984319893526901e-06,0.062468765617191405,0.9890054972513743,2000,2.13865588524566e-06,1.1029203294301886e-05,0.06658758532821502,0.3433970002037977,1.0,1.0
morph_vs_1_2_3gram,Klagelied des Volkes,36,1484,0.02368421052631579,0.02383299314234051,0.010720105628248251,0.046723773723822776,0.4928683737646002,0.35574042634842334,0.6670005872547189,0.5582785821675214,0.5222388805597201,1.0,2000,0.8428644837296503,1.0,0.7574337831084458,1.0,1.0,1.0
morph_vs_1_2_3gram,Königspsalm,45,1636,0.02676977989292088,0.03408362027199314,0.014663292070892977,0.08948743758944537,0.5591143710948112,0.4314073943709592,0.7174023379855061,0.08776869017384098,0.1619190404797601,0.9580209895052474,2000,0.1702712589372515,0.8781012143895929,0.3141229385307346,1.0,1.0,1.0
morph_vs_1_2_3gram,Liturgie,153,2800,0.05181171689806976,0.043798824539379826,0.02598942565546605,0.07110653856989668,0.4427731092436975,0.38272558792523675,0.5264529982482594,0.9915152228910494,0.9295352323838081,1.0,2000,0.9999958825739573,1.0,0.9995002498750625,1.0,1.0,1.0
morph_vs_1_2_3gram,Mischgedicht,45,1633,0.026817640047675805,0.02892953309629664,0.013602442256544466,0.06153272428939399,0.510859359052868,0.39166950762574804,0.6560746340210946,0.4017917962823789,0.39930034982508744,1.0,2000,0.5489268202731091,1.0,0.5419859514687101,1.0,1.0,1.0
morph_vs_1_2_3gram,Thronbesteigungslied,15,1006,0.014691478942213516,0.04884822036171856,0.01173665240489486,0.23419661434132075,0.7059973492379059,0.4806308815572843,0.9018119353608935,0.0030571767429289883,0.02848575712143928,0.4172913543228386,2000,0.008237392890669775,0.04248083173782686,0.0727136431784108,0.37498952422254705,1.0,1.0
morph_vs_1_2_3gram,Wallfahrtslied,0,172,0.0,nan,nan,nan,nan,nan,nan,nan,nan,0.0004997501249375312,2000,nan,nan,nan,nan,0.0004997501249375312,0.002577247589158399
morph_vs_1_2_3gram,Weisheitsgedicht,45,1639,0.02672209026128266,0.036230367052567436,0.014554584556299445,0.09415486329882089,0.5957087655074232,0.47445009518902387,0.7418563185064959,0.014141181554006486,0.06646676661669165,0.8235882058970515,2000,0.05715394211410955,0.2947470189084995,0.2578910544727636,1.0,1.0,1.0
morph_vs_1_2_3gram,Zionslied,15,1007,0.014677103718199608,0.0252657033235884,0.009663473465898208,0.08727206556134334,0.6484276729559748,0.47084587269279526,0.8204142369608148,0.024117501958836128,0.05547226386806597,0.5962018990504747,2000,0.042534503454674626,0.21935351491570418,0.09695152423788106,0.49998603229672944,0.9634557721139431,1.0
morph_vs_1_2_3gram,prophetische Gerichtsrede,1,342,0.0029154518950437317,0.007874015748031496,nan,nan,0.6345029239766082,nan,nan,0.3229278581769798,0.3196598299149575,0.6621689155422289,2000,0.8672807757293366,1.0,0.8361103628737446,1.0,1.0,1.0
morph_vs_1_2_3gram,"prophetische Schelt-, Droh- und Mahnrede",3,511,0.005836575875486381,0.021437782076079947,0.005024200838126524,0.2857142857142857,0.604044357469015,0.24397164988065154,0.994325247858516,0.26766556551145904,0.2518740629685157,0.791104447776112,2000,0.738727137470885,1.0,0.677314120717419,1.0,1.0,1.0
morph_vs_1_2_3gram,prophetische Tora,0,172,0.0,nan,nan,nan,nan,nan,nan,nan,nan,0.0004997501249375312,2000,nan,nan,nan,nan,0.0004997501249375312,0.002577247589158399
morph_vs_1_2_3gram_psalm,Danklied Israels,6,676,0.008797653958944282,0.008368924736825554,0.004215671825284964,0.01736483879836394,0.39916173570019725,0.1575986154163214,0.8101347711931484,0.8029725215644815,0.7666166916541729,1.0,2000,0.9948129362984726,1.0,0.999000499750125,1.0,1.0,1.0
morph_vs_1_2_3gram_psalm,Danklied des Einzelnen,78,2087,0.03602771362586605,0.05487107769270779,0.02611442813206033,0.1310354786615456,0.5840244247048272,0.45083571057983873,0.7147494792170662,0.005813845862694443,0.05747126436781609,0.8705647176411794,2000,0.010253509976024745,0.05287809356610886,0.10035333210587688,0.5175294018510006,0.993503248375812,1.0
morph_vs_1_2_3gram_psalm,Fluch,0,173,0.0,nan,nan,nan,nan,nan,nan,nan,nan,0.0004997501249375312,2000,nan,nan,nan,nan,0.0004997501249375312,0.002577247589158399
morph_vs_1_2_3gram_psalm,Hymnus,465,4421,0.09516987310683586,0.1067117424612691,0.06818220574492115,0.16195987711127946,0.5049361186711516,0.43011898560638956,0.5926618186470708,0.36291136892404574,0.40429785107446276,1.0,2000,0.41414591512508747,1.0,0.4613751947555634,1.0,1.0,1.0
morph_vs_1_2_3gram_psalm,Klagelied des Einzelnen,1176,6123,0.1611179613645705,0.19023125756961212,0.13492314323423976,0.26343517066240635,0.5795167323829744,0.5193945316125658,0.6439247963140862,2.549466863627573e-18,0.0014992503748125937,0.8845577211394303,2000,3.297310476958328e-18,1.700446894037261e-17,0.002308369624711454,0.01190442934039832,1.0,1.0
morph_vs_1_2_3gram_psalm,Klagelied des Volkes,36,1484,0.02368421052631579,0.023619489014353963,0.01057288378454506,0.04667643612896612,0.5026579814315664,0.37037266817873377,0.6972455563621938,0.4783174457091668,0.4407796101949025,1.0,2000,0.8428644837296503,1.0,0.7574337831084458,1.0,1.0,1.0
morph_vs_1_2_3gram_psalm,Königspsalm,45,1636,0.02676977989292088,0.028381290093270686,0.013437707363689993,0.06442209835218808,0.5236484650910079,0.3843321191479398,0.6835044904464858,0.29397177024245635,0.2913543228385807,0.9985007496251874,2000,0.39119020050861875,1.0,0.40958506254119315,1.0,1.0,1.0
morph_vs_1_2_3gram_psalm,Liturgie,153,2800,0.05181171689806976,0.04647473419871781,0.028012878361098895,0.07756939905051323,0.4595074696545285,0.39396078923776184,0.5524583434993988,0.9544155928006266,0.8675662168915542,1.0,2000,0.9999958825739573,1.0,0.9995002498750625,1.0,1.0,1.0
morph_vs_1_2_3gram_psalm,Mischgedicht,45,1633,0.026817640047675805,0.03561947083976656,0.014399059396594936,0.09321564221509296,0.47049738041777234,0.3680146436675588,0.6393989798559528,0.7505680139263704,0.6721639180409795,1.0,2000,0.818034801695033,1.0,0.7325831466289328,1.0,1.0,1.0
morph_vs_1_2_3gram_psalm,Thronbesteigungslied,15,1006,0.014691478942213516,0.030030585363005867,0.010599335590275547,0.10932859448317128,0.7015904572564612,0.543332427722877,0.8872759619231178,0.0036490629487154263,0.025487256371814093,0.44577711144427784,2000,0.009566462325010712,0.04933493906978094,0.06681794238016127,0.34458496820450274,1.0,1.0
morph_vs_1_2_3gram_psalm,Wallfahrtslied,0,172,0.0,nan,nan,nan,nan,nan,nan,nan,nan,0.0004997501249375312,2000,nan,nan,nan,nan,0.0004997501249375312,0.002577247589158399
morph_vs_1_2_3gram_psalm,Weisheitsgedicht,45,1639,0.02672209026128266,0.0302968193155736,0.012316401934750282,0.06874071882994962,0.5461528031997831,0.3937118406045546,0.7072676629930272,0.14511929121040135,0.20039980009995004,0.975512243878061,2000,0.2815314249481786,1.0,0.38877561219390305,1.0,1.0,1.0
morph_vs_1_2_3gram_psalm,Zionslied,15,1007,0.014677103718199608,0.02433402198660658,0.0089839498091684,0.06602944922456205,0.6750413770274744,0.4502406860617583,0.8351027699956058,0.009914981433646657,0.03648175912043978,0.5232383808095952,2000,0.022366353466598272,0.11534490473066007,0.08229606127168973,0.4244067483448983,0.9634557721139431,1.0
morph_vs_1_2_3gram_psalm,prophetische Gerichtsrede,1,342,0.0029154518950437317,0.007462686567164179,nan,nan,0.6140350877192983,nan,nan,0.34870051807674357,0.3341670835417709,0.7381309345327336,2000,0.8672807757293366,1.0,0.8361103628737446,1.0,1.0,1.0
morph_vs_1_2_3gram_psalm,"prophetische Schelt-, Droh- und Mahnrede",3,511,0.005836575875486381,0.015813181789919237,0.004630608579922786,0.5,0.5590345727332029,0.182,0.9980409711373583,0.362838970460828,0.3378310844577711,0.9500249875062469,2000,0.738727137470885,1.0,0.677314120717419,1.0,1.0,1.0
morph_vs_1_2_3gram_psalm,prophetische Tora,0,172,0.0,nan,nan,nan,nan,nan,nan,nan,nan,0.0004997501249375312,2000,nan,nan,nan,nan,0.0004997501249375312,0.002577247589158399
morph_vs_1_2gram,Danklied Israels,6,676,0.008797653958944282,0.010851241617219953,0.004733823462976137,0.031766771980666554,0.4822485207100592,0.2782643654393881,0.9002206643554196,0.5599700144732339,0.487256371814093,1.0,2000,0.9948129362984726,1.0,0.999000499750125,1.0,1.0,1.0
morph_vs_1_2gram,Danklied des Einzelnen,78,2087,0.03602771362586605,0.045104669877873746,0.023271702702126352,0.0917915531179905,0.5651284508495816,0.43532072463980404,0.6764869270894256,0.025245478237019947,0.10994502748625687,0.9425287356321839,2000,0.033545361493026504,0.17299585877273446,0.13005692275813313,0.6707129701541492,0.993503248375812,1.0
morph_vs_1_2gram,Fluch,0,173,0.0,nan,nan,nan,nan,nan,nan,nan,nan,0.0004997501249375312,2000,nan,nan,nan,nan,0.0004997501249375312,0.002577247589158399
morph_vs_1_2gram,Hymnus,465,4421,0.09516987310683586,0.10356421411405006,0.07057201450928623,0.15899005312492012,0.5250716886414546,0.43113745951019744,0.6141847019070261,0.03743222946800989,0.2028985507246377,0.9985007496251874,2000,0.05501403421813575,0.28371135890419463,0.307518115942029,1.0,1.0,1.0
morph_vs_1_2gram,Klagelied des Einzelnen,1176,6123,0.1611179613645705,0.17229082205758597,0.12388093783930026,0.23451769730648422,0.5418742868697373,0.48946519369429964,0.6044565308093891,2.6097141554454237e-06,0.049475262368815595,0.9880059970014993,2000,2.7817832206396275e-06,1.434585754200849e-05,0.05332333833083458,0.2749923177632012,1.0,1.0
morph_vs_1_2gram,Klagelied des Volkes,36,1484,0.02368421052631579,0.024985568141670536,0.010130915238362027,0.06717994867722163,0.4991202455825097,0.3376461071793275,0.6715544190549386,0.5072817781462903,0.47476261869065467,1.0,2000,0.8428644837296503,1.0,0.7574337831084458,1.0,1.0,1.0
morph_vs_1_2gram,Königspsalm,45,1636,0.02676977989292088,0.03302996792872842,0.012969714151986623,0.0867081366415004,0.5702254822059223,0.4557111558657496,0.7190002195970718,0.05377889892799476,0.12843578210894552,0.9270364817591205,2000,0.11855802718217028,0.6114123328509792,0.27083197531668946,1.0,1.0,1.0
morph_vs_1_2gram,Liturgie,153,2800,0.05181171689806976,0.04409667815559108,0.025512659545607115,0.06975057038266634,0.443515406162465,0.3869803336084647,0.5365166018643679,0.9907734956589891,0.935032483758121,1.0,2000,0.9999958825739573,1.0,0.9995002498750625,1.0,1.0,1.0
morph_vs_1_2gram,Mischgedicht,45,1633,0.026817640047675805,0.029767418458749625,0.013539393868442665,0.06230421257381923,0.5178131591481254,0.43087670022979047,0.6844713554536891,0.3416094014405993,0.3588205897051474,0.9995002498750625,2000,0.49788772246993446,1.0,0.5093467758874186,1.0,1.0,1.0
morph_vs_1_2gram,Thronbesteigungslied,15,1006,0.014691478942213516,0.02712297901596396,0.008275745694326085,0.15268035200239174,0.6321073558648111,0.3367220738309737,0.8176578427208036,0.03937060840445161,0.08945527236381809,0.6646676661669165,2000,0.06364915025386345,0.3282432777065443,0.14224854785721894,0.7335860637796275,1.0,1.0
morph_vs_1_2gram,Wallfahrtslied,0,172,0.0,nan,nan,nan,nan,nan,nan,nan,nan,0.0004997501249375312,2000,nan,nan,nan,nan,0.0004997501249375312,0.002577247589158399
morph_vs_1_2gram,Weisheitsgedicht,45,1639,0.02672209026128266,0.03878593978873976,0.016032853743731583,0.09911185185912395,0.6043725849094976,0.44808318672871505,0.7412544304448463,0.00838049392565201,0.04847576211894053,0.7971014492753623,2000,0.04278462688359184,0.22064341955404618,0.23510744627686156,1.0,1.0,1.0
morph_vs_1_2gram,Zionslied,15,1007,0.014677103718199608,0.024630250735104824,0.008318605133014972,0.12915099058057034,0.5842767295597484,0.4106073293520081,0.7816834866031229,0.1310644028042658,0.15542228885557222,0.8800599700149925,2000,0.15317165147004558,0.7899173002266496,0.18163809661434344,0.9367208195438727,1.0,1.0
morph_vs_1_2gram,prophetische Gerichtsrede,1,342,0.0029154518950437317,0.0078125,nan,nan,0.631578947368421,nan,nan,0.3265616213751474,0.3266633316658329,0.6666666666666666,2000,0.8672807757293366,1.0,0.8361103628737446,1.0,1.0,1.0
morph_vs_1_2gram,"prophetische Schelt-, Droh- und Mahnrede",3,511,0.005836575875486381,0.010957727367234606,0.004845830590182883,0.10526315789473684,0.5636007827788649,0.2112524592584867,0.9745160399298124,0.3526517712359721,0.32283858070964516,0.9460269865067467,2000,0.738727137470885,1.0,0.677314120717419,1.0,1.0,1.0
morph_vs_1_2gram,prophetische Tora,0,172,0.0,nan,nan,nan,nan,nan,nan,nan,nan,0.0004997501249375312,2000,nan,nan,nan,nan,0.0004997501249375312,0.002577247589158399
morph_vs_1_2gram_psalm,Danklied Israels,6,676,0.008797653958944282,0.008328032398070482,0.0041618733673280985,0.01561167199660772,0.41074950690335305,0.1476699630268982,0.7132717158563915,0.7747152609905126,0.7351324337831084,1.0,2000,0.9948129362984726,1.0,0.999000499750125,1.0,1.0,1.0
morph_vs_1_2gram_psalm,Danklied des Einzelnen,78,2087,0.03602771362586605,0.05397895128214032,0.02679634093546322,0.16262174156142564,0.5642254247908297,0.44170636085125303,0.6874646032556608,0.0268864042009521,0.10644677661169415,0.935032483758121,2000,0.03524298929043721,0.1817506482762127,0.13005692275813313,0.6707129701541492,0.993503248375812,1.0
morph_vs_1_2gram_psalm,Fluch,0,173,0.0,nan,nan,nan,nan,nan,nan,nan,nan,0.0004997501249375312,2000,nan,nan,nan,nan,0.0004997501249375312,0.002577247589158399
morph_vs_1_2gram_psalm,Hymnus,465,4421,0.09516987310683586,0.10159959453563648,0.06525822915984342,0.15176434774724637,0.49771690830420795,0.4177812184372462,0.5894247576630355,0.5644368442985054,0.4962518740629685,1.0,2000,0.615172740415225,1.0,0.5408587840911006,1.0,1.0,1.0
morph_vs_1_2gram_psalm,Klagelied des Einzelnen,1176,6123,0.1611179613645705,0.19237764924122688,0.1358506513353606,0.2635862459991035,0.5828847625935888,0.524060507260825,0.6467736535764005,9.61574204160584e-20,0.0024987506246876563,0.8745627186406797,2000,1.3136999690644598e-19,6.774845886375835e-19,0.003413786064714122,0.017605141982279207,1.0,1.0
morph_vs_1_2gram_psalm,Klagelied des Volkes,36,1484,0.02368421052631579,0.025238460411693676,0.010430572023670558,0.05725292933554836,0.5264113507038035,0.39937139215270584,0.6871700470364079,0.2938956305746206,0.312343828085957,0.9955022488755623,2000,0.7342667272664662,1.0,0.7574337831084458,1.0,1.0,1.0
morph_vs_1_2gram_psalm,Königspsalm,45,1636,0.02676977989292088,0.029793905882080952,0.014161012991649393,0.0675281909117121,0.5481255093724532,0.42938350379015067,0.6989934702010178,0.13506093954022563,0.17391304347826086,0.974512743628186,2000,0.24718700255475257,1.0,0.32441471571906355,1.0,1.0,1.0
morph_vs_1_2gram_psalm,Liturgie,153,2800,0.05181171689806976,0.04874770964197901,0.02948732044559792,0.08053614499830543,0.46855042016806725,0.4018792044759981,0.5762120054304822,0.9052436319936907,0.7866066966516742,1.0,2000,0.9999958825739573,1.0,0.9995002498750625,1.0,1.0,1.0
morph_vs_1_2gram_psalm,Mischgedicht,45,1633,0.026817640047675805,0.03052797516198205,0.013826488943623944,0.06880101091533701,0.47497448458869157,0.40274449822195163,0.8084003105669888,0.7169060610394935,0.6391804097951025,1.0,2000,0.7902259991003509,1.0,0.7045511335241471,1.0,1.0,1.0
morph_vs_1_2gram_psalm,Thronbesteigungslied,15,1006,0.014691478942213516,0.021830888679337076,0.00803481310901336,0.05711477163128555,0.6411862160371107,0.4316324639888429,0.831587616153629,0.030130065497362465,0.06996501749125437,0.6406796601699151,2000,0.052725806387633994,0.27191080225532344,0.11906327537985394,0.6140179343994923,1.0,1.0
morph_vs_1_2gram_psalm,Wallfahrtslied,0,172,0.0,nan,nan,nan,nan,nan,nan,nan,nan,0.0004997501249375312,2000,nan,nan,nan,nan,0.0004997501249375312,0.002577247589158399
morph_vs_1_2gram_psalm,Weisheitsgedicht,45,1639,0.02672209026128266,0.03156206267786471,0.012572628844800924,0.10229925585959981,0.5365805708087588,0.3883314698209665,0.6910726594541522,0.20095442997523466,0.22588705647176413,0.9885057471264368,2000,0.36097369828884746,1.0,0.41341593354266265,1.0,1.0,1.0
morph_vs_1_2gram_psalm,Zionslied,15,1007,0.014677103718199608,0.024556684218607423,0.00919386078374499,0.06685777308086925,0.664051638530288,0.39007576663753074,0.8127867300792476,0.014508186401973905,0.0399800099950025,0.5627186406796602,2000,0.03059334958677106,0.15777211957003842,0.08617913265589427,0.444432028708204,0.9634557721139431,1.0
morph_vs_1_2gram_psalm,prophetische Gerichtsrede,1,342,0.0029154518950437317,0.006622516556291391,nan,nan,0.564327485380117,nan,nan,0.4140499461372169,0.38469234617308656,0.9345327336331835,2000,0.8847265593451998,1.0,0.8620192449165759,1.0,1.0,1.0
morph_vs_1_2gram_psalm,"prophetische Schelt-, Droh- und Mahnrede",3,511,0.005836575875486381,0.014387254901960784,0.004416425756998825,0.3,0.512720156555773,0.13812058320414655,0.9944612298720292,0.47047545789923056,0.4257871064467766,0.999000499750125,2000,0.738727137470885,1.0,0.677314120717419,1.0,1.0,1.0
morph_vs_1_2gram_psalm,prophetische Tora,0,172,0.0,nan,nan,nan,nan,nan,nan,nan,nan,0.0004997501249375312,2000,nan,nan,nan,nan,0.0004997501249375312,0.002577247589158399
morph_vs_1gram,Danklied Israels,6,676,0.008797653958944282,0.007978608046415918,0.00404040404040404,0.018534261018454075,0.3634122287968442,0.1485093036604019,0.8394885737714612,0.875764829441378,0.8830584707646177,1.0,2000,0.9948129362984726,1.0,0.999000499750125,1.0,1.0,1.0
morph_vs_1gram,Danklied des Einzelnen,78,2087,0.03602771362586605,0.04820010398138444,0.02303777088388511,0.09718806851627353,0.5785264089049427,0.47313560069208327,0.6898293641963091,0.009183499999944137,0.07196401799100449,0.8905547226386806,2000,0.014846658333243022,0.07656529230721448,0.10739245761734517,0.5538306819286849,0.993503248375812,1.0
morph_vs_1gram,Fluch,0,173,0.0,nan,nan,nan,nan,nan,nan,nan,nan,0.0004997501249375312,2000,nan,nan,nan,nan,0.0004997501249375312,0.002577247589158399
morph_vs_1gram,Hymnus,465,4421,0.09516987310683586,0.10086446306666295,0.06799382877762902,0.1612706418423682,0.506654700318373,0.4106461272807918,0.6030380101650241,0.31818129378629856,0.3938030984507746,1.0,2000,0.3674236368722733,1.0,0.46022771746656793,1.0,1.0,1.0
morph_vs_1gram,Klagelied des Einzelnen,1176,6123,0.1611179613645705,0.17732042048291957,0.1264462163731576,0.2445441300848561,0.5489397620880787,0.49204088343929264,0.6123101986520324,5.062445042869782e-08,0.027486256871564217,0.9725137431284357,2000,5.517496282678302e-08,2.8454127939438893e-07,0.029956931646536282,0.1544900661591018,1.0,1.0
morph_vs_1gram,Klagelied des Volkes,36,1484,0.02368421052631579,0.025319814320302156,0.011473983907770408,0.05463990277296012,0.5062518718179095,0.36127521027809373,0.7183274638615166,0.44901103420280797,0.4332833583208396,1.0,2000,0.8428644837296503,1.0,0.7574337831084458,1.0,1.0,1.0
morph_vs_1gram,Königspsalm,45,1636,0.02676977989292088,0.035300213370994454,0.016925584635706682,0.07203894060944964,0.6036403151317576,0.4907093359458041,0.7530232431306666,0.008772883489652808,0.06346826586706647,0.7871064467766117,2000,0.05471131966112549,0.2821502380093167,0.25356552492984274,1.0,1.0,1.0
morph_vs_1gram,Liturgie,153,2800,0.05181171689806976,0.04879979222646124,0.028406015121358673,0.07725127206627051,0.47115079365079365,0.41448809457564495,0.5797459917607503,0.8856168462002252,0.7481259370314842,1.0,2000,0.9999958825739573,1.0,0.9995002498750625,1.0,1.0,1.0
morph_vs_1gram,Mischgedicht,45,1633,0.026817640047675805,0.02604283038264051,0.012637269254517688,0.05404192868816296,0.4823501394842485,0.40965967229142825,0.682964234129616,0.6571304798369613,0.5847076461769115,1.0,2000,0.7551213179773298,1.0,0.6746685480789018,1.0,1.0,1.0
morph_vs_1gram,Thronbesteigungslied,15,1006,0.014691478942213516,0.016026327650868998,0.006128895431762907,0.07044550292001213,0.4837972166998012,0.31301568103082417,0.6838428971890568,0.5855513110396481,0.5252373813093453,1.0,2000,0.5855513110396481,1.0,0.5282358820589705,1.0,1.0,1.0
morph_vs_1gram,Wallfahrtslied,0,172,0.0,nan,nan,nan,nan,nan,nan,nan,nan,0.0004997501249375312,2000,nan,nan,nan,nan,0.0004997501249375312,0.002577247589158399
morph_vs_1gram,Weisheitsgedicht,45,1639,0.02672209026128266,0.06330422641731881,0.024473595890838837,0.25639684623505526,0.6387566944613925,0.4865612297054663,0.779716152802082,0.0007365228693658886,0.017491254372813594,0.6316841579210395,2000,0.011939320996738879,0.0615719430963221,0.21814092953523237,1.0,1.0,1.0
morph_vs_1gram,Zionslied,15,1007,0.014677103718199608,0.015346674945043624,0.006738928787720301,0.05793153649114844,0.49556438265475006,0.26438620559091025,0.738778801940875,0.523716488297257,0.4622688655672164,1.0,2000,0.5291718683836868,1.0,0.472000841684421,1.0,1.0,1.0
morph_vs_1gram,prophetische Gerichtsrede,1,342,0.0029154518950437317,0.010638297872340425,nan,nan,0.7309941520467836,nan,nan,0.21394413593702416,0.21510755377688845,0.3353323338330835,2000,0.8672807757293366,1.0,0.8361103628737446,1.0,1.0,1.0
morph_vs_1gram,"prophetische Schelt-, Droh- und Mahnrede",3,511,0.005836575875486381,0.01414935549163737,0.005416977229109436,0.024691358024691357,0.6927592954990215,0.2858795643388727,0.8778902741949266,0.12504974085955267,0.12743628185907047,0.4307846076961519,2000,0.738727137470885,1.0,0.677314120717419,1.0,1.0,1.0
morph_vs_1gram,prophetische Tora,0,172,0.0,nan,nan,nan,nan,nan,nan,nan,nan,0.0004997501249375312,2000,nan,nan,nan,nan,0.0004997501249375312,0.002577247589158399
morph_vs_1gram_psalm,Danklied Israels,6,676,0.008797653958944282,0.007445409182774904,0.004106653094463757,0.014779915745924525,0.34664694280078895,0.06987352422615666,0.581861358608195,0.9024433638935161,0.9240379810094953,1.0,2000,0.9948129362984726,1.0,0.999000499750125,1.0,1.0,1.0
morph_vs_1gram_psalm,Danklied des Einzelnen,78,2087,0.03602771362586605,0.04815232307849085,0.024823454821152027,0.11681711369755757,0.5664307741451967,0.47995752759644283,0.7101954174733581,0.02302737926500972,0.09645177411294353,0.9335332333833083,2000,0.0319093684100849,0.16455892395572344,0.12949004949580004,0.6677895636839879,0.993503248375812,1.0
morph_vs_1gram_psalm,Fluch,0,173,0.0,nan,nan,nan,nan,nan,nan,nan,nan,0.0004997501249375312,2000,nan,nan,nan,nan,0.0004997501249375312,0.002577247589158399
morph_vs_1gram_psalm,Hymnus,465,4421,0.09516987310683586,0.09756302372124859,0.06363887243114973,0.1470091432151364,0.48643643607124354,0.4073456466851633,0.5838295051318257,0.832399565265894,0.6586706646676662,1.0,2000,0.8499237666399129,1.0,0.672537415502775,1.0,1.0,1.0
morph_vs_1gram_psalm,Klagelied des Einzelnen,1176,6123,0.1611179613645705,0.19092709276784708,0.1343158100648555,0.26084199311185263,0.5831697369458971,0.5221284643414643,0.6470200281421039,7.242637568731784e-20,0.001999000499750125,0.8740629685157422,2000,1.0036226345242614e-19,5.175754614520161e-19,0.0028101891083443784,0.014492348762224041,1.0,1.0
morph_vs_1gram_psalm,Klagelied des Volkes,36,1484,0.02368421052631579,0.02629942184590421,0.011511168423566259,0.05277963403372045,0.5477875112309074,0.4015126262336658,0.6872181000533265,0.1633216407738633,0.21539230384807595,0.9760119940029985,2000,0.5424802914010157,1.0,0.6880430752365753,1.0,1.0,1.0
morph_vs_1gram_psalm,Königspsalm,45,1636,0.02676977989292088,0.031072576322812732,0.015050083106085129,0.05774930856432118,0.5714615593588699,0.4579811307115885,0.6958353386062641,0.05075298460797149,0.11494252873563218,0.9170414792603698,2000,0.11721522635650557,0.6044874117394601,0.27083197531668946,1.0,1.0,1.0
morph_vs_1gram_psalm,Liturgie,153,2800,0.05181171689806976,0.04895157883200952,0.029682249713899014,0.0821281599878858,0.4706979458450047,0.40742347833843856,0.5815079842465024,0.8892282647352536,0.7476261869065467,1.0,2000,0.9999958825739573,1.0,0.9995002498750625,1.0,1.0,1.0
morph_vs_1gram_psalm,Mischgedicht,45,1633,0.026817640047675805,0.025983735351149857,0.012219032452679687,0.05174759648900079,0.46054977206232567,0.40007963727809087,0.8025280548193203,0.8170688955269052,0.729135432283858,1.0,2000,0.8614748137620631,1.0,0.768762357951459,1.0,1.0,1.0
morph_vs_1gram_psalm,Thronbesteigungslied,15,1006,0.014691478942213516,0.015453177117118853,0.00666263572566361,0.034712745859317065,0.5193836978131213,0.3555516479509981,0.7513948695091268,0.39836749701870294,0.375312343828086,0.9980009995002499,2000,0.42463348583312294,1.0,0.4000582126519158,1.0,1.0,1.0
morph_vs_1gram_psalm,Wallfahrtslied,0,172,0.0,nan,nan,nan,nan,nan,nan,nan,nan,0.0004997501249375312,2000,nan,nan,nan,nan,0.0004997501249375312,0.002577247589158399
morph_vs_1gram_psalm,Weisheitsgedicht,45,1639,0.02672209026128266,0.032482561133097936,0.014310465810229418,0.06828424745545228,0.5594942715748085,0.402658771122911,0.715021931775342,0.08638376160068745,0.14742628685657172,0.9505247376311844,2000,0.2264655371693698,1.0,0.35585616282767707,1.0,1.0,1.0
morph_vs_1gram_psalm,Zionslied,15,1007,0.014677103718199608,0.01989073012341115,0.007744813435161605,0.05071841024011333,0.5974511751075803,0.41756629126538913,0.8787525172839709,0.09736035492790285,0.12593703148425786,0.8185907046476761,2000,0.11659202997538982,0.6012735428664837,0.15451649175412294,0.7968527389729125,0.9802876339607973,1.0
morph_vs_1gram_psalm,prophetische Gerichtsrede,1,342,0.0029154518950437317,0.00819672131147541,nan,nan,0.6491228070175439,nan,nan,0.30501713064999453,0.30115057528764383,0.592703648175912,2000,0.8672807757293366,1.0,0.8361103628737446,1.0,1.0,1.0
morph_vs_1gram_psalm,"prophetische Schelt-, Droh- und Mahnrede",3,511,0.005836575875486381,0.009887763885113709,0.004465231913825804,0.08695652173913043,0.5061969993476843,0.14766486709749288,0.9641477054830172,0.4860047715046647,0.4382808595702149,1.0,2000,0.738727137470885,1.0,0.677314120717419,1.0,1.0,1.0
morph_vs_1gram_psalm,prophetische Tora,0,172,0.0,nan,nan,nan,nan,nan,nan,nan,nan,0.0004997501249375312,2000,nan,nan,nan,nan,0.0004997501249375312,0.002577247589158399
morph_vs_sp_plus,Danklied Israels,6,676,0.008797653958944282,0.007809217624240045,0.003952606743694992,0.022405254948137946,0.33160749506903353,0.07254533448129384,0.9086482959013396,0.9225679200505473,0.9345327336331835,1.0,2000,0.9948129362984726,1.0,0.999000499750125,1.0,1.0,1.0
morph_vs_sp_plus,Danklied des Einzelnen,78,2087,0.03602771362586605,0.045575673554617654,0.023485030739913426,0.08332494018227733,0.6014030690599929,0.504966960655297,0.6943820838015059,0.0011628427540046424,0.04097951024487756,0.8020989505247377,2000,0.0027511157838646418,0.014187703349442997,0.08112270395414538,0.41835565967685523,0.993503248375812,1.0
morph_vs_sp_plus,Fluch,0,173,0.0,nan,nan,nan,nan,nan,nan,nan,nan,0.0004997501249375312,2000,nan,nan,nan,nan,0.0004997501249375312,0.002577247589158399
morph_vs_sp_plus,Hymnus,465,4421,0.09516987310683586,0.10253368053407005,0.06858230124667963,0.15356687335385066,0.5220650220234316,0.4321692381407987,0.6079498524658828,0.05847860869050434,0.25987006496751625,0.9995002498750625,2000,0.08086813615093638,0.41704283507840273,0.34530679865546676,1.0,1.0,1.0
morph_vs_sp_plus,Klagelied des Einzelnen,1176,6123,0.1611179613645705,0.20880295047076547,0.14406902881193706,0.2895953957855816,0.5874057445940977,0.52043176536688,0.6575949888456142,9.585236073757255e-22,0.001999000499750125,0.8605697151424287,2000,1.499625643797506e-21,7.733678056809587e-21,0.0028101891083443784,0.014492348762224041,1.0,1.0
morph_vs_sp_plus,Klagelied des Volkes,36,1484,0.02368421052631579,0.021803086896065645,0.009009761643077666,0.04425727958289412,0.44624138963761606,0.3404095290765455,0.668470281927246,0.8651752282901382,0.7946026986506747,1.0,2000,0.9424280079684193,1.0,0.8873172109597375,1.0,1.0,1.0
morph_vs_sp_plus,Königspsalm,45,1636,0.02676977989292088,0.034871447509089104,0.01537953716332583,0.07988428604262394,0.5664493344199946,0.416801131121053,0.7453986246002327,0.06391360218476327,0.127936031984008,0.9335332333833083,2000,0.1291587377483758,0.6660809650069676,0.27083197531668946,1.0,1.0,1.0
morph_vs_sp_plus,Liturgie,153,2800,0.05181171689806976,0.047832663007606364,0.027307112376706025,0.07659027514883837,0.4757142857142857,0.41000384197157774,0.5511341285411503,0.8445102709511147,0.712143928035982,1.0,2000,0.9999958825739573,1.0,0.9995002498750625,1.0,1.0,1.0
morph_vs_sp_plus,Mischgedicht,45,1633,0.026817640047675805,0.03304994375311875,0.014824895879599474,0.07859604347283876,0.5695788256106689,0.44864848833367377,0.706174017112447,0.05542240499056425,0.1329335332333833,0.9225387306346826,2000,0.17919910946949108,0.9241427861920155,0.405984507746127,1.0,1.0,1.0
morph_vs_sp_plus,Thronbesteigungslied,15,1006,0.014691478942213516,0.0285176623696021,0.008786394157565375,0.1533674421556113,0.6128893306825712,0.28885496738200556,0.846173955429914,0.06651933956562547,0.111944027986007,0.7566216891554223,2000,0.10081837402915111,0.5199276567304084,0.16966516741629187,0.8749755565192766,1.0,1.0
morph_vs_sp_plus,Wallfahrtslied,0,172,0.0,nan,nan,nan,nan,nan,nan,nan,nan,0.0004997501249375312,2000,nan,nan,nan,nan,0.0004997501249375312,0.002577247589158399
morph_vs_sp_plus,Weisheitsgedicht,45,1639,0.02672209026128266,0.03264067237432013,0.013325489672820701,0.10641990746640925,0.5277404921700224,0.4006678661720294,0.6444463766109172,0.2625135329524778,0.28585707146426786,0.9980009995002499,2000,0.4424836162675019,1.0,0.47807130917299967,1.0,1.0,1.0
morph_vs_sp_plus,Zionslied,15,1007,0.014677103718199608,0.047696208037906654,0.008114519800121766,0.3845397594647663,0.5593181065872228,0.37136458270318784,0.9495763078408199,0.2150129016797761,0.2288855572213893,0.9510244877561219,2000,0.2317361273659809,1.0,0.24668776722749736,1.0,1.0,1.0
morph_vs_sp_plus,prophetische Gerichtsrede,1,342,0.0029154518950437317,0.009615384615384616,nan,nan,0.7017543859649122,nan,nan,0.2445266066277646,0.26013006503251623,0.431784107946027,2000,0.8672807757293366,1.0,0.8361103628737446,1.0,1.0,1.0
morph_vs_sp_plus,"prophetische Schelt-, Droh- und Mahnrede",3,511,0.005836575875486381,0.016049382716049384,0.006390566737034369,0.3351526357779138,0.7286366601435095,0.41490963940788067,0.9977777777777778,0.08619967726903593,0.09995002498750624,0.36031984007996004,2000,0.738727137470885,1.0,0.677314120717419,1.0,1.0,1.0
morph_vs_sp_plus,prophetische Tora,0,172,0.0,nan,nan,nan,nan,nan,nan,nan,nan,0.0004997501249375312,2000,nan,nan,nan,nan,0.0004997501249375312,0.002577247589158399
morph_vs_sp_plus_psalm,Danklied Israels,6,676,0.008797653958944282,0.007923908697734322,0.00410394073362805,0.015349508293934508,0.376232741617357,0.08402901261375256,0.7558011385113472,0.8521839110814781,0.8495752123938031,1.0,2000,0.9948129362984726,1.0,0.999000499750125,1.0,1.0,1.0
morph_vs_sp_plus_psalm,Danklied des Einzelnen,78,2087,0.03602771362586605,0.04748492286363483,0.023810078376894604,0.09388045621751573,0.6056909070804615,0.5123494215264879,0.7021944871381222,0.0007519948529784291,0.030484757621189407,0.7851074462768616,2000,0.0019245501251659483,0.00992504438276717,0.06876794161059006,0.3546412554662849,0.993503248375812,1.0
morph_vs_sp_plus_psalm,Fluch,0,173,0.0,nan,nan,nan,nan,nan,nan,nan,nan,0.0004997501249375312,2000,nan,nan,nan,nan,0.0004997501249375312,0.002577247589158399
morph_vs_sp_plus_psalm,Hymnus,465,4421,0.09516987310683586,0.10069748560136833,0.06516548913728994,0.14306106627865237,0.5102509284864758,0.43907956381826346,0.5964797841187148,0.23321560477515696,0.37181409295352325,0.9995002498750625,2000,0.27928288473074353,1.0,0.4508245877061469,1.0,1.0,1.0
morph_vs_sp_plus_psalm,Klagelied des Einzelnen,1176,6123,0.1611179613645705,0.2147935355772439,0.1514632331076855,0.307050706544958,0.5949881177360704,0.5280340717363566,0.6651266368825274,2.4632260543183337e-25,0.0004997501249375312,0.8285857071464268,2000,4.344235041252334e-25,2.240353474289684e-24,0.0009146370211120854,0.0047168493612899,1.0,1.0
morph_vs_sp_plus_psalm,Klagelied des Volkes,36,1484,0.02368421052631579,0.021094773652004944,0.009146895008575504,0.04219841185500989,0.43970874513327346,0.3246074313719668,0.6477770736146594,0.8921395257819585,0.816591704147926,1.0,2000,0.9424280079684193,1.0,0.8873172109597375,1.0,1.0,1.0
morph_vs_sp_plus_psalm,Königspsalm,45,1636,0.02676977989292088,0.033622054643991886,0.01455403557696063,0.07431699299772179,0.5677533279000272,0.43926416702473714,0.7181537556524973,0.060258035035360126,0.12543728135932034,0.9295352323838081,2000,0.12436232762616876,0.6413455306223975,0.27083197531668946,1.0,1.0,1.0
morph_vs_sp_plus_psalm,Liturgie,153,2800,0.05181171689806976,0.05062703878878161,0.028832459203883106,0.08279966720102612,0.48810224089635856,0.41203522185488045,0.5829151329766528,0.6901882954213461,0.5997001499250375,1.0,2000,0.9999958825739573,1.0,0.9995002498750625,1.0,1.0,1.0
morph_vs_sp_plus_psalm,Mischgedicht,45,1633,0.026817640047675805,0.03365028784445956,0.014513216804714419,0.0705934446287145,0.5499829897257944,0.45410611372515297,0.760860155883068,0.1260377946241138,0.20339830084957522,0.9735132433783108,2000,0.2910872875842628,1.0,0.43729177078127607,1.0,1.0,1.0
morph_vs_sp_plus_psalm,Thronbesteigungslied,15,1006,0.014691478942213516,0.03919520606607804,0.008160898604778255,0.3010105970360286,0.640258449304175,0.33246114522307985,0.9020316778029762,0.030983205815413792,0.0769615192403798,0.6481759120439781,2000,0.052725806387633994,0.27191080225532344,0.1265299553613024,0.6525241438448841,1.0,1.0
morph_vs_sp_plus_psalm,Wallfahrtslied,0,172,0.0,nan,nan,nan,nan,nan,nan,nan,nan,0.0004997501249375312,2000,nan,nan,nan,nan,0.0004997501249375312,0.002577247589158399
morph_vs_sp_plus_psalm,Weisheitsgedicht,45,1639,0.02672209026128266,0.029148134584272935,0.012683810651944164,0.09349698730165393,0.4847061216188733,0.38045033330067685,0.6420342645765188,0.6370814098679128,0.568215892053973,1.0,2000,0.8025571007426955,1.0,0.7122208126705878,1.0,1.0,1.0
morph_vs_sp_plus_psalm,Zionslied,15,1007,0.014677103718199608,0.045528362152138784,0.009732155049809581,0.4149009729491888,0.6235352532274081,0.4273580294711467,0.9565981968917701,0.05009356148935857,0.10044977511244378,0.7151424287856072,2000,0.07054943541953201,0.36382854806530157,0.13232572902737819,0.6824133684049956,0.9634557721139431,1.0
morph_vs_sp_plus_psalm,prophetische Gerichtsrede,1,342,0.0029154518950437317,0.010638297872340425,nan,nan,0.7309941520467836,nan,nan,0.21394413593702416,0.2336168084042021,0.35132433783108447,2000,0.8672807757293366,1.0,0.8361103628737446,1.0,1.0,1.0
morph_vs_sp_plus_psalm,"prophetische Schelt-, Droh- und Mahnrede",3,511,0.005836575875486381,0.01741217882784679,0.00468384074941452,0.5,0.5577299412915852,0.17998780646132195,0.9980739525565844,0.36576801021211636,0.33933033483258374,0.9535232383808095,2000,0.738727137470885,1.0,0.677314120717419,1.0,1.0,1.0
morph_vs_sp_plus_psalm,prophetische Tora,0,172,0.0,nan,nan,nan,nan,nan,nan,nan,nan,0.0004997501249375312,2000,nan,nan,nan,nan,0.0004997501249375312,0.002577247589158399
morph_vt_1_2_3gram,Danklied Israels,6,676,0.008797653958944282,0.010265016514406526,0.003947933987229269,0.027505911238271404,0.4031065088757396,0.019693824464802584,0.8336568061584257,0.7936027444012315,0.7596201899050474,1.0,2000,0.9948129362984726,1.0,0.999000499750125,1.0,1.0,1.0
morph_vt_1_2_3gram,Danklied des Einzelnen,78,2087,0.03602771362586605,0.043932553666388076,0.02079520328738621,0.09400263253141519,0.5675918076493065,0.43823727626409625,0.6625405602032706,0.02119056648194417,0.1054472763618191,0.9320339830084957,2000,0.029789636938385284,0.1536273152326963,0.13005692275813313,0.6707129701541492,0.993503248375812,1.0
morph_vt_1_2_3gram,Fluch,0,173,0.0,nan,nan,nan,nan,nan,nan,nan,nan,0.0004997501249375312,2000,nan,nan,nan,nan,0.0004997501249375312,0.002577247589158399
morph_vt_1_2_3gram,Hymnus,465,4421,0.09516987310683586,0.1118771821255198,0.07004250812831371,0.17284797569041696,0.5222547324232099,0.4309533697991439,0.6230820259390039,0.05692155871417259,0.248375812093953,1.0,2000,0.08002016225035857,0.41266977225784496,0.3393303348325837,1.0,1.0,1.0
morph_vt_1_2_3gram,Klagelied des Einzelnen,1176,6123,0.1611179613645705,0.18575289651939367,0.13454046218488003,0.2597141311998421,0.5615694587487127,0.5045081681734638,0.6228138794541068,1.0525963038337326e-11,0.015992003998001,0.9455272363818091,2000,1.1735843847341617e-11,6.052259669986352e-11,0.01762754986143292,0.09090655132667808,1.0,1.0
morph_vt_1_2_3gram,Klagelied des Volkes,36,1484,0.02368421052631579,0.024421014405857117,0.009910702730683733,0.05283385340081699,0.5023584905660378,0.3505248496923591,0.6883396435179918,0.4807671633224159,0.4612693653173413,1.0,2000,0.8428644837296503,1.0,0.7574337831084458,1.0,1.0,1.0
morph_vt_1_2_3gram,Königspsalm,45,1636,0.02676977989292088,0.053783810564080735,0.019520263982678993,0.23226942905703757,0.5765417006248302,0.43393398690166973,0.7609148166139688,0.03971332464395793,0.1184407796101949,0.9005497251374313,2000,0.10467387322579855,0.5398107453255415,0.27083197531668946,1.0,1.0,1.0
morph_vt_1_2_3gram,Liturgie,153,2800,0.05181171689806976,0.05012453735719743,0.027590202815566043,0.0814520581910805,0.4873459383753501,0.4047273495548528,0.5873062610738773,0.7012276368310633,0.6016991504247876,1.0,2000,0.9999958825739573,1.0,0.9995002498750625,1.0,1.0,1.0
morph_vt_1_2_3gram,Mischgedicht,45,1633,0.026817640047675805,0.027179861171697076,0.012071925934281242,0.0584936570790246,0.4915356875552834,0.3731989726166056,0.6829833450106678,0.5769651746647974,0.5492253873063468,1.0,2000,0.7084255942086753,1.0,0.6496934459599468,1.0,1.0,1.0
morph_vt_1_2_3gram,Thronbesteigungslied,15,1006,0.014691478942213516,0.03693492314193402,0.010155624805679922,0.20834492150194595,0.6390656063618291,0.4066795264430312,0.8407241499525807,0.032109377849145714,0.07246376811594203,0.6206896551724138,2000,0.053700166402881624,0.2769356474228623,0.12118940529735132,0.6249825403709118,1.0,1.0
morph_vt_1_2_3gram,Wallfahrtslied,0,172,0.0,nan,nan,nan,nan,nan,nan,nan,nan,0.0004997501249375312,2000,nan,nan,nan,nan,0.0004997501249375312,0.002577247589158399
morph_vt_1_2_3gram,Weisheitsgedicht,45,1639,0.02672209026128266,0.02840520991091515,0.012766988876396393,0.0706737925148944,0.514412582197817,0.3835397843114425,0.6515334822768596,0.3706396848602559,0.3733133433283358,1.0,2000,0.570667451292775,1.0,0.5660477453580902,1.0,1.0,1.0
morph_vt_1_2_3gram,Zionslied,15,1007,0.014677103718199608,0.03259159281638698,0.015027830802049095,0.07287392318266825,0.7713670969877524,0.6572751465633705,0.8568252205618656,0.00015206956881260608,0.00399800099950025,0.26036981509245377,2000,0.000867691069107223,0.004474745686697719,0.02154478316397357,0.111108007177051,0.9634557721139431,1.0
morph_vt_1_2_3gram,prophetische Gerichtsrede,1,342,0.0029154518950437317,0.025,nan,nan,0.8888888888888888,nan,nan,0.09041835722010433,0.0830415207603802,0.09245377311344327,2000,0.8672807757293366,1.0,0.8361103628737446,1.0,1.0,1.0
morph_vt_1_2_3gram,"prophetische Schelt-, Droh- und Mahnrede",3,511,0.005836575875486381,0.012876743139901035,0.004257874106789834,0.3333333333333333,0.4781474233529028,0.10959335063957748,0.9962339574705489,0.5527272574697443,0.527736131934033,1.0,2000,0.738727137470885,1.0,0.6799197803695556,1.0,1.0,1.0
morph_vt_1_2_3gram,prophetische Tora,0,172,0.0,nan,nan,nan,nan,nan,nan,nan,nan,0.0004997501249375312,2000,nan,nan,nan,nan,0.0004997501249375312,0.002577247589158399
morph_vt_1_2_3gram_psalm,Danklied Israels,6,676,0.008797653958944282,0.008101535086636306,0.004073214684341382,0.02396625858255258,0.38831360946745563,0.0653669973766842,0.912678943726024,0.827380151684046,0.8095952023988006,1.0,2000,0.9948129362984726,1.0,0.999000499750125,1.0,1.0,1.0
morph_vt_1_2_3gram_psalm,Danklied des Einzelnen,78,2087,0.03602771362586605,0.04461182746053462,0.020699788539318302,0.10202298316357701,0.5636848377624611,0.45106400014236303,0.6811913605485,0.02791066920681205,0.11694152923538231,0.9375312343828086,2000,0.03562437789974948,0.1837174969568516,0.13503962304562003,0.6964091164133018,0.993503248375812,1.0
morph_vt_1_2_3gram_psalm,Fluch,0,173,0.0,nan,nan,nan,nan,nan,nan,nan,nan,0.0004997501249375312,2000,nan,nan,nan,nan,0.0004997501249375312,0.002577247589158399
morph_vt_1_2_3gram_psalm,Hymnus,465,4421,0.09516987310683586,0.1080717550443396,0.06761070261021306,0.16017645499167485,0.5130732355108683,0.43307338241582055,0.6139355782421234,0.17649138724455954,0.3258370814592704,1.0,2000,0.2167046147180035,1.0,0.41047008963050946,1.0,1.0,1.0
morph_vt_1_2_3gram_psalm,Klagelied des Einzelnen,1176,6123,0.1611179613645705,0.19978820997170393,0.1410353770921878,0.27488341661815835,0.5895652724588121,0.5231260054554435,0.66075323021763,9.748072498199748e-23,0.001999000499750125,0.848575712143928,2000,1.5759383872089594e-22,8.12722840160203e-22,0.0028101891083443784,0.014492348762224041,1.0,1.0
morph_vt_1_2_3gram_psalm,Klagelied des Volkes,36,1484,0.02368421052631579,0.02051892411800082,0.008675612535347888,0.04757089718492903,0.43057427373465107,0.31973538065570206,0.6134413371294792,0.9229965026494827,0.862568715642179,1.0,2000,0.9424280079684193,1.0,0.8900975044392698,1.0,1.0,1.0
morph_vt_1_2_3gram_psalm,Königspsalm,45,1636,0.02676977989292088,0.03555026670281985,0.014308792598324125,0.1133138045715637,0.5680521597392013,0.4096777767330692,0.7385111341431944,0.05944380559876609,0.13943028485757122,0.928535732133933,2000,0.12436232762616876,0.6413455306223975,0.276015053697641,1.0,1.0,1.0
morph_vt_1_2_3gram_psalm,Liturgie,153,2800,0.05181171689806976,0.0555666928036468,0.030961849748241056,0.0952347113630863,0.516701680672269,0.43194031127700644,0.6364554874755461,0.24299821941635885,0.3403298350824588,1.0,2000,0.5481587740322513,1.0,0.7281902526997371,1.0,1.0,1.0
morph_vt_1_2_3gram_psalm,Mischgedicht,45,1633,0.026817640047675805,0.02476341849607449,0.01191259258862248,0.04843969996524922,0.4549976185616112,0.33975427817799,0.6235945975570304,0.8488449080293007,0.776111944027986,1.0,2000,0.8692387077919722,1.0,0.8008814741565388,1.0,1.0,1.0
morph_vt_1_2_3gram_psalm,Thronbesteigungslied,15,1006,0.014691478942213516,0.048377270775618764,0.014419051850448443,0.2563333488582772,0.6874420145791915,0.40160017833374195,0.9045077802254575,0.006305041587950401,0.029985007496251874,0.45577211394302847,2000,0.01548079644500207,0.07983558847758314,0.07457809556760081,0.3846046402282534,1.0,1.0
morph_vt_1_2_3gram_psalm,Wallfahrtslied,0,172,0.0,nan,nan,nan,nan,nan,nan,nan,nan,0.0004997501249375312,2000,nan,nan,nan,nan,0.0004997501249375312,0.002577247589158399
morph_vt_1_2_3gram_psalm,Weisheitsgedicht,45,1639,0.02672209026128266,0.02350668859503198,0.011319178979160039,0.045825444843373225,0.45950105077621856,0.33350699583544197,0.5968215328073377,0.8233820810410798,0.7271364317841079,1.0,2000,0.887943471366468,1.0,0.7836914875895385,1.0,1.0,1.0
morph_vt_1_2_3gram_psalm,Zionslied,15,1007,0.014677103718199608,0.041999907331197316,0.010349941492014991,0.10328253347833358,0.8083747103608077,0.5405235988038646,0.9096920125051349,2.0271776003232395e-05,0.0024987506246876563,0.20039980009995004,2000,0.000351865073535293,0.0018145936683682314,0.019960607931328454,0.1029383007669737,0.9634557721139431,1.0
morph_vt_1_2_3gram_psalm,prophetische Gerichtsrede,1,342,0.0029154518950437317,0.011494252873563218,nan,nan,0.7514619883040936,nan,nan,0.19392940970935213,0.19159579789894948,0.3028485757121439,2000,0.8672807757293366,1.0,0.8361103628737446,1.0,1.0,1.0
morph_vt_1_2_3gram_psalm,"prophetische Schelt-, Droh- und Mahnrede",3,511,0.005836575875486381,0.011919691969196919,0.004693398825148088,0.5,0.5518590998043053,0.18606786145652776,0.9980816831872386,0.3790430816956804,0.3553223388305847,0.9715142428785607,2000,0.738727137470885,1.0,0.677314120717419,1.0,1.0,1.0
morph_vt_1_2_3gram_psalm,prophetische Tora,0,172,0.0,nan,nan,nan,nan,nan,nan,nan,nan,0.0004997501249375312,2000,nan,nan,nan,nan,0.0004997501249375312,0.002577247589158399
morph_vt_1_2gram,Danklied Israels,6,676,0.008797653958944282,0.01303780952968936,0.003929273084479371,0.03477564524826318,0.4420611439842209,0.014729141617625358,0.851833411018057,0.6879835424681598,0.6501749125437282,1.0,2000,0.9948129362984726,1.0,0.999000499750125,1.0,1.0,1.0
morph_vt_1_2gram,Danklied des Einzelnen,78,2087,0.03602771362586605,0.04240544827735941,0.020878842546582406,0.08712345471565386,0.5679112454387969,0.4517423668804316,0.670309124816745,0.02070749707624597,0.09345327336331834,0.9220389805097451,2000,0.029538635535233223,0.15233288281763707,0.12949004949580004,0.6677895636839879,0.993503248375812,1.0
morph_vt_1_2gram,Fluch,0,173,0.0,nan,nan,nan,nan,nan,nan,nan,nan,0.0004997501249375312,2000,nan,nan,nan,nan,0.0004997501249375312,0.002577247589158399
morph_vt_1_2gram,Hymnus,465,4421,0.09516987310683586,0.11176919325872187,0.06993853208763792,0.1776448031713768,0.5219794091250702,0.4282505632974271,0.629004057620864,0.05919214089398436,0.2433783108445777,1.0,2000,0.08086813615093638,0.41704283507840273,0.3393303348325837,1.0,1.0,1.0
morph_vt_1_2gram,Klagelied des Einzelnen,1176,6123,0.1611179613645705,0.18669466949988045,0.13396705868269101,0.2598260501523957,0.5647837527955817,0.5067859005377066,0.6237721990643031,9.059809843332982e-13,0.010994502748625687,0.936031984007996,2000,1.0218622730270922e-12,5.2698177513016016e-12,0.012696032935912994,0.06547436137219076,1.0,1.0
morph_vt_1_2gram,Klagelied des Volkes,36,1484,0.02368421052631579,0.030031098171447914,0.011127440986181862,0.1489305966030104,0.5175576519916143,0.3703056475313474,0.709077647788698,0.3593222865271611,0.3698150924537731,1.0,2000,0.8428644837296503,1.0,0.7574337831084458,1.0,1.0,1.0
morph_vt_1_2gram,Königspsalm,45,1636,0.02676977989292088,0.036719907402191984,0.013657043972016517,0.09519576635361308,0.5764330345014942,0.4411287888017765,0.7611840759079446,0.039927147519119036,0.10844577711144428,0.8935532233883059,2000,0.10467387322579855,0.5398107453255415,0.27083197531668946,1.0,1.0,1.0
morph_vt_1_2gram,Liturgie,153,2800,0.05181171689806976,0.05256238158172404,0.028503842449921372,0.08550612608913133,0.49539449112978523,0.40954778437250017,0.6135817028913185,0.5761975933144897,0.5237381309345327,1.0,2000,0.9999958825739573,1.0,0.9961293862872485,1.0,1.0,1.0
morph_vt_1_2gram,Mischgedicht,45,1633,0.026817640047675805,0.02820863494661801,0.012788480876190908,0.0698919868467053,0.508668435735184,0.3985623965956501,0.6914289311439095,0.4213262478592235,0.42628685657171417,1.0,2000,0.5598444663334887,1.0,0.5584407796101949,1.0,1.0,1.0
morph_vt_1_2gram,Thronbesteigungslied,15,1006,0.014691478942213516,0.058946869587495954,0.009061575129655922,0.5,0.576441351888668,0.3098934293741181,0.8320554763195693,0.1545605268977901,0.17691154422788605,0.8935532233883059,2000,0.19726804090902159,1.0,0.225794997238223,1.0,1.0,1.0
morph_vt_1_2gram,Wallfahrtslied,0,172,0.0,nan,nan,nan,nan,nan,nan,nan,nan,0.0004997501249375312,2000,nan,nan,nan,nan,0.0004997501249375312,0.002577247589158399
morph_vt_1_2gram,Weisheitsgedicht,45,1639,0.02672209026128266,0.029152852055510322,0.011839498794421425,0.08307663077154136,0.5074977967595418,0.3745997100132699,0.6712316007400607,0.4318433784110883,0.4012993503248376,1.0,2000,0.6160118780275818,1.0,0.5724417203163125,1.0,1.0,1.0
morph_vt_1_2gram,Zionslied,15,1007,0.014677103718199608,0.025433643214025893,0.010819511439057882,0.058113915837419365,0.7065541211519365,0.5290047008451374,0.8291355284702431,0.0029887051588105185,0.013993003498250875,0.4107946026986507,2000,0.008440194888073722,0.0435266963265574,0.0452440446443445,0.2333268150718071,0.9634557721139431,1.0
morph_vt_1_2gram,prophetische Gerichtsrede,1,342,0.0029154518950437317,0.021739130434782608,nan,nan,0.8713450292397661,nan,nan,0.1006976750177721,0.09854927463731866,0.11744127936031984,2000,0.8672807757293366,1.0,0.8361103628737446,1.0,1.0,1.0
morph_vt_1_2gram,"prophetische Schelt-, Droh- und Mahnrede",3,511,0.005836575875486381,0.010183572734336966,0.00416464779704526,0.26653681970643106,0.4553163731245923,0.08942737539877162,0.993677697241958,0.6060383371392148,0.5877061469265368,1.0,2000,0.7402693032451889,1.0,0.7085839796151308,1.0,1.0,1.0
morph_vt_1_2gram,prophetische Tora,0,172,0.0,nan,nan,nan,nan,nan,nan,nan,nan,0.0004997501249375312,2000,nan,nan,nan,nan,0.0004997501249375312,0.002577247589158399
morph_vt_1_2gram_psalm,Danklied Israels,6,676,0.008797653958944282,0.008084522747476666,0.0040102467779581505,0.019685979300868767,0.3791913214990138,0.04825138412372552,0.8639301366832671,0.8463420993509084,0.8355822088955522,1.0,2000,0.9948129362984726,1.0,0.999000499750125,1.0,1.0,1.0
morph_vt_1_2gram_psalm,Danklied des Einzelnen,78,2087,0.03602771362586605,0.042533498231555465,0.020717256211703533,0.08687805207127326,0.5611784797218434,0.44614068370804516,0.6762834247845998,0.03309318476367387,0.12593703148425786,0.9515242378810594,2000,0.040125486525954566,0.2069300401390613,0.13943590002751433,0.7190810352132738,0.993503248375812,1.0
morph_vt_1_2gram_psalm,Fluch,0,173,0.0,nan,nan,nan,nan,nan,nan,nan,nan,0.0004997501249375312,2000,nan,nan,nan,nan,0.0004997501249375312,0.002577247589158399
morph_vt_1_2gram_psalm,Hymnus,465,4421,0.09516987310683586,0.10633503189008381,0.06499758382330104,0.1587628161648393,0.5077360495971086,0.4264561235683895,0.6132584577793335,0.2912903408479702,0.37681159420289856,0.9995002498750625,2000,0.3404236513524471,1.0,0.45106105483843445,1.0,1.0,1.0
morph_vt_1_2gram_psalm,Klagelied des Einzelnen,1176,6123,0.1611179613645705,0.19963228188718132,0.14025521946438413,0.26908905074496386,0.5914520470935394,0.5259554783055109,0.6591566782526601,1.2652754884139075e-23,0.0009995002498750624,0.8325837081459271,2000,2.080198684341509e-23,1.0727735275423444e-22,0.0017312772185335903,0.00892832200529874,1.0,1.0
morph_vt_1_2gram_psalm,Klagelied des Volkes,36,1484,0.02368421052631579,0.023808858904967825,0.010175244933406893,0.13043992634907575,0.453447888589398,0.3367869603640432,0.6345581345187565,0.8304433540694018,0.7561219390304847,1.0,2000,0.9424280079684193,1.0,0.8873172109597375,1.0,1.0,1.0
morph_vt_1_2gram_psalm,Königspsalm,45,1636,0.02676977989292088,0.03834828438082392,0.012996959139231185,0.09150467248475314,0.5786063569682152,0.4444860955620685,0.8076599611718187,0.03582463869782665,0.09995002498750624,0.881559220389805,2000,0.10220558687321132,0.527081613837374,0.27083197531668946,1.0,1.0,1.0
morph_vt_1_2gram_psalm,Liturgie,153,2800,0.05181171689806976,0.06191740064137465,0.035403553562152475,0.10701742174455042,0.5421008403361345,0.4399908957702802,0.676895857579449,0.039521996932854804,0.15342328835582209,0.9885057471264368,2000,0.1666797261950833,0.859579419918219,0.5864003482129903,1.0,1.0,1.0
morph_vt_1_2gram_psalm,Mischgedicht,45,1633,0.026817640047675805,0.024905184121528878,0.011862735026610768,0.050616118574951324,0.4620330679730557,0.3532837510733123,0.6205736787762098,0.8079202817341982,0.7256371814092953,1.0,2000,0.8611897508595299,1.0,0.768762357951459,1.0,1.0,1.0
morph_vt_1_2gram_psalm,Thronbesteigungslied,15,1006,0.014691478942213516,0.0664690573741764,0.016399664400343843,0.5,0.6633863485752154,0.3660107193801534,0.9223919658573103,0.014837893577817993,0.04597701149425287,0.5332333833083458,2000,0.032710810842007845,0.16869202062234429,0.09488872584984104,0.48934803160956497,1.0,1.0
morph_vt_1_2gram_psalm,Wallfahrtslied,0,172,0.0,nan,nan,nan,nan,nan,nan,nan,nan,0.0004997501249375312,2000,nan,nan,nan,nan,0.0004997501249375312,0.002577247589158399
morph_vt_1_2gram_psalm,Weisheitsgedicht,45,1639,0.02672209026128266,0.023354969528447726,0.011263135023912402,0.04999416325573515,0.4493864822723883,0.32351633799778556,0.5887353326769855,0.877004501608931,0.7891054472763618,1.0,2000,0.9023313236112812,1.0,0.8142896636787988,1.0,1.0,1.0
morph_vt_1_2gram_psalm,Zionslied,15,1007,0.014677103718199608,0.038683800328264954,0.011015220351773594,0.11642609540641628,0.7932141674942073,0.5411530325698886,0.9250198915455653,4.759092821437087e-05,0.0029985007496251873,0.21989005497251374,2000,0.000436794596416547,0.0022525813689644953,0.019960607931328454,0.1029383007669737,0.9634557721139431,1.0
morph_vt_1_2gram_psalm,prophetische Gerichtsrede,1,342,0.0029154518950437317,0.013333333333333334,nan,nan,0.7865497076023392,nan,nan,0.1623855132839162,0.15407703851925963,0.22988505747126436,2000,0.8672807757293366,1.0,0.8361103628737446,1.0,1.0,1.0
morph_vt_1_2gram_psalm,"prophetische Schelt-, Droh- und Mahnrede",3,511,0.005836575875486381,0.009596626109328188,0.004469272908547139,0.3333333333333333,0.5042400521852577,0.14851766552957837,0.9963699545359966,0.4906687841236954,0.4572713643178411,0.9995002498750625,2000,0.738727137470885,1.0,0.677314120717419,1.0,1.0,1.0
morph_vt_1_2gram_psalm,prophetische Tora,0,172,0.0,nan,nan,nan,nan,nan,nan,nan,nan,0.0004997501249375312,2000,nan,nan,nan,nan,0.0004997501249375312,0.002577247589158399
morph_vt_1gram,Danklied Israels,6,676,0.008797653958944282,0.015974338819630573,0.003914977966792174,0.07700957924185364,0.4376232741617357,0.011925120556215968,0.9513760182953023,0.7011135342055452,0.6536731634182908,1.0,2000,0.9948129362984726,1.0,0.999000499750125,1.0,1.0,1.0
morph_vt_1gram,Danklied des Einzelnen,78,2087,0.03602771362586605,0.04651005666238653,0.02192790536165427,0.0918274294452492,0.5943938667944417,0.47277631771875167,0.6954492095187398,0.002293788205832064,0.03298350824587706,0.7881059470264867,2000,0.004635363665952296,0.023904906145728936,0.0727136431784108,0.3749895242225471,0.993503248375812,1.0
morph_vt_1gram,Fluch,0,173,0.0,nan,nan,nan,nan,nan,nan,nan,nan,0.0004997501249375312,2000,nan,nan,nan,nan,0.0004997501249375312,0.002577247589158399
morph_vt_1gram,Hymnus,465,4421,0.09516987310683586,0.10240236024797117,0.06686459324603727,0.16297628512574855,0.49342410246307333,0.4056472802295586,0.5964325962729025,0.6798310160803795,0.5567216391804098,1.0,2000,0.7090710597827614,1.0,0.5806666559193522,1.0,1.0,1.0
morph_vt_1gram,Klagelied des Einzelnen,1176,6123,0.1611179613645705,0.1976793112721765,0.14081955877254104,0.26930442030145935,0.5848958315973785,0.526386614447871,0.6405567384436969,1.2750896751728635e-20,0.001999000499750125,0.8350824587706147,2000,1.873995431693451e-20,9.664330167060026e-20,0.0028101891083443784,0.014492348762224041,1.0,1.0
morph_vt_1gram,Klagelied des Volkes,36,1484,0.02368421052631579,0.025641280065001222,0.011116942399975224,0.05930396600753415,0.5262241689128482,0.39258727531955523,0.7244288859026553,0.2952206429215689,0.3153423288355822,0.9960019990004998,2000,0.7342667272664662,1.0,0.7574337831084458,1.0,1.0,1.0
morph_vt_1gram,Königspsalm,45,1636,0.02676977989292088,0.04058421911166294,0.01543853757010835,0.09121674930034336,0.6097392013039935,0.4851127865422949,0.8473506194308014,0.005954306026414761,0.03548225887056472,0.7201399300349826,2000,0.050757639604240505,0.2617608236071009,0.25356552492984274,1.0,1.0,1.0
morph_vt_1gram,Liturgie,153,2800,0.05181171689806976,0.04944093942126076,0.02682393793342188,0.07871036179625358,0.4799906629318394,0.4024235865914224,0.5880205462055119,0.7980771084706941,0.6836581709145427,1.0,2000,0.9999958825739573,1.0,0.9995002498750625,1.0,1.0,1.0
morph_vt_1gram,Mischgedicht,45,1633,0.026817640047675805,0.026700618148757342,0.012399002897707042,0.06007604293836862,0.49761856161121315,0.37822961328450255,0.6940470016198078,0.5218241022489801,0.4962518740629685,1.0,2000,0.6573628301058582,1.0,0.6251484647286747,1.0,1.0,1.0
morph_vt_1gram,Thronbesteigungslied,15,1006,0.014691478942213516,0.022130700905827798,0.00630265011796374,0.11508969806114813,0.5118290258449304,0.1961126599009389,0.81874648606963,0.4376165749059696,0.384807596201899,0.9995002498750625,2000,0.45643879318149516,1.0,0.4057210525172196,1.0,1.0,1.0
morph_vt_1gram,Wallfahrtslied,0,172,0.0,nan,nan,nan,nan,nan,nan,nan,nan,0.0004997501249375312,2000,nan,nan,nan,nan,0.0004997501249375312,0.002577247589158399
morph_vt_1gram,Weisheitsgedicht,45,1639,0.02672209026128266,0.028355235825257397,0.01318490629882679,0.06543355821908921,0.5230357263914311,0.4014678009958344,0.6769719816034193,0.29882280762011487,0.3023488255872064,0.9975012493753124,2000,0.48102434892053014,1.0,0.48879726803265033,1.0,1.0,1.0
morph_vt_1gram,Zionslied,15,1007,0.014677103718199608,0.02200257033741182,0.007921873147671534,0.05286448306375172,0.623733862959285,0.3751883029547574,0.8267028550765548,0.04982108685246942,0.07796101949025487,0.6616691654172914,2000,0.07054943541953201,0.36382854806530157,0.118917103948026,0.6132641177389573,0.9634557721139431,1.0
morph_vt_1gram,prophetische Gerichtsrede,1,342,0.0029154518950437317,0.010309278350515464,nan,nan,0.7222222222222222,nan,nan,0.22287725574981876,0.22861430715357678,0.37181409295352325,2000,0.8672807757293366,1.0,0.8361103628737446,1.0,1.0,1.0
morph_vt_1gram,"prophetische Schelt-, Droh- und Mahnrede",3,511,0.005836575875486381,0.010394748575693,0.004024144869215292,0.1340504297074602,0.41291585127201563,0.05484057963693667,0.9801502368785734,0.6993116734469644,0.6916541729135433,1.0,2000,0.7753055682071512,1.0,0.7623915315069738,1.0,1.0,1.0
morph_vt_1gram,prophetische Tora,0,172,0.0,nan,nan,nan,nan,nan,nan,nan,nan,0.0004997501249375312,2000,nan,nan,nan,nan,0.0004997501249375312,0.002577247589158399
morph_vt_1gram_psalm,Danklied Israels,6,676,0.008797653958944282,0.00782616875808868,0.00396447980278681,0.01909487370159612,0.3557692307692308,0.022752462747875533,0.8348363239200166,0.888500571420301,0.895552223888056,1.0,2000,0.9948129362984726,1.0,0.999000499750125,1.0,1.0,1.0
morph_vt_1gram_psalm,Danklied des Einzelnen,78,2087,0.03602771362586605,0.0503271812942544,0.022982680248727388,0.10159773780793475,0.597041514626565,0.46167134805425647,0.7186050587976758,0.0017832204870296526,0.027486256871564217,0.7876061969015492,2000,0.0038049534677828205,0.019622420610558033,0.06876794161059006,0.3546412554662849,0.993503248375812,1.0
morph_vt_1gram_psalm,Fluch,0,173,0.0,nan,nan,nan,nan,nan,nan,nan,nan,0.0004997501249375312,2000,nan,nan,nan,nan,0.0004997501249375312,0.002577247589158399
morph_vt_1gram_psalm,Hymnus,465,4421,0.09516987310683586,0.10028424493051637,0.06222792204262878,0.15094866014977557,0.491228812631794,0.41604801908202077,0.5891593657806429,0.7334230633323895,0.5792103948025987,1.0,2000,0.7568301823749125,1.0,0.5976958329345966,1.0,1.0,1.0
morph_vt_1gram_psalm,Klagelied des Einzelnen,1176,6123,0.1611179613645705,0.20006687031025436,0.143913499998941,0.26928133261959425,0.5939727924486796,0.5317688563956389,0.6565032916270741,7.7484827699272885e-25,0.0014992503748125937,0.8030984507746127,2000,1.3421479083624054e-24,6.921553969703115e-24,0.002308369624711454,0.01190442934039832,1.0,1.0
morph_vt_1gram_psalm,Klagelied des Volkes,36,1484,0.02368421052631579,0.02179336716071965,0.008911721296999993,0.0585262399099005,0.46555855046421085,0.3436677315440247,0.6526016712599806,0.7603049324685965,0.6836581709145427,1.0,2000,0.9383934792599956,1.0,0.8440842078960519,1.0,1.0,1.0
morph_vt_1gram_psalm,Königspsalm,45,1636,0.02676977989292088,0.04416169824811357,0.015581585918825601,0.1120272600000175,0.597948926922032,0.4486857778314723,0.8601745055167073,0.012395881410495975,0.05847076461769116,0.7831084457771115,2000,0.06454207991986376,0.33284818066534794,0.25356552492984274,1.0,1.0,1.0
morph_vt_1gram_psalm,Liturgie,153,2800,0.05181171689806976,0.05510423751338832,0.030622830981600322,0.09225952413346049,0.5138958916900094,0.426926419420283,0.6323089915443243,0.28107793075266535,0.36081959020489757,1.0,2000,0.5800970060214583,1.0,0.7331959020489756,1.0,1.0,1.0
morph_vt_1gram_psalm,Mischgedicht,45,1633,0.026817640047675805,0.024523825290013183,0.012069047758093499,0.04995894130723935,0.4653126488398993,0.35295959947706496,0.6423033640459299,0.7867219336530695,0.7216391804097951,1.0,2000,0.8479114173816416,1.0,0.768762357951459,1.0,1.0,1.0
morph_vt_1gram_psalm,Thronbesteigungslied,15,1006,0.014691478942213516,0.060087150575489426,0.015133943297220967,0.5,0.6407886017229953,0.35185628508872296,0.893674946417285,0.030493282058025106,0.06846576711644178,0.6021989005497251,2000,0.052725806387633994,0.27191080225532344,0.11906327537985394,0.6140179343994923,1.0,1.0
morph_vt_1gram_psalm,Wallfahrtslied,0,172,0.0,nan,nan,nan,nan,nan,nan,nan,nan,0.0004997501249375312,2000,nan,nan,nan,nan,0.0004997501249375312,0.002577247589158399
morph_vt_1gram_psalm,Weisheitsgedicht,45,1639,0.02672209026128266,0.023420519519410023,0.01149907577901083,0.04467982146684133,0.45615212527964205,0.34900207455187965,0.5768771702412611,0.8425716809981396,0.7476261869065467,1.0,2000,0.8938561719396262,1.0,0.7882580448905981,1.0,1.0,1.0
morph_vt_1gram_psalm,Zionslied,15,1007,0.014677103718199608,0.036847917597449244,0.008983287649271355,0.12478937128622798,0.7462760675273088,0.4638692979996208,0.9337442177017758,0.0005231715093231754,0.00849575212393803,0.3278360819590205,2000,0.0026709282318077908,0.013774170335829708,0.03924228362009471,0.20237529878677143,0.9634557721139431,1.0
morph_vt_1gram_psalm,prophetische Gerichtsrede,1,342,0.0029154518950437317,0.009259259259259259,nan,nan,0.6900584795321637,nan,nan,0.257388509492517,0.2531265632816408,0.44677661169415295,2000,0.8672807757293366,1.0,0.8361103628737446,1.0,1.0,1.0
morph_vt_1gram_psalm,"prophetische Schelt-, Droh- und Mahnrede",3,511,0.005836575875486381,0.010527513576294063,0.004344425330061521,0.25,0.4911937377690802,0.12667297918831086,0.9942037431053349,0.5217640158640683,0.48225887056471767,1.0,2000,0.738727137470885,1.0,0.677314120717419,1.0,1.0,1.0
morph_vt_1gram_psalm,prophetische Tora,0,172,0.0,nan,nan,nan,nan,nan,nan,nan,nan,0.0004997501249375312,2000,nan,nan,nan,nan,0.0004997501249375312,0.002577247589158399
morph_vt_sp_plus,Danklied Israels,6,676,0.008797653958944282,0.009276851640675056,0.004061118257004158,0.03513217192011639,0.34714003944773175,0.03295631136188068,0.8973888108247687,0.9017240091988938,0.9120439780109945,1.0,2000,0.9948129362984726,1.0,0.999000499750125,1.0,1.0,1.0
morph_vt_sp_plus,Danklied des Einzelnen,78,2087,0.03602771362586605,0.04954966857074951,0.022987169528017295,0.09290863198694525,0.6224368188910594,0.5153992065298837,0.7242270146881927,0.00011808474241632875,0.015992003998001,0.6991504247876063,2000,0.00044438411429264304,0.002291721062329231,0.053490496131244715,0.2758543626464714,0.993503248375812,1.0
morph_vt_sp_plus,Fluch,0,173,0.0,nan,nan,nan,nan,nan,nan,nan,nan,0.0004997501249375312,2000,nan,nan,nan,nan,0.0004997501249375312,0.002577247589158399
morph_vt_sp_plus,Hymnus,465,4421,0.09516987310683586,0.10573788848307647,0.07107960877175622,0.16270993623384095,0.5195837072817175,0.4278621500777928,0.6167580727534796,0.08205513523675673,0.26936531734132935,1.0,2000,0.10755875835088381,0.554688306856025,0.35308697002849926,1.0,1.0,1.0
morph_vt_sp_plus,Klagelied des Einzelnen,1176,6123,0.1611179613645705,0.22955227553567872,0.16240504443165182,0.3199776919971498,0.6035903990863044,0.5388642601324082,0.6735818388111012,9.200559933418259e-30,0.0004997501249375312,0.7741129435282359,2000,1.924094758860767e-29,9.922696025751032e-29,0.0009146370211120854,0.0047168493612899,1.0,1.0
morph_vt_sp_plus,Klagelied des Volkes,36,1484,0.02368421052631579,0.02159399902438784,0.009663632450364971,0.043845426020392715,0.4533917340521114,0.349539152392589,0.7223985196551664,0.8307344424578694,0.7551224387806097,1.0,2000,0.9424280079684193,1.0,0.8873172109597375,1.0,1.0,1.0
morph_vt_sp_plus,Königspsalm,45,1636,0.02676977989292088,0.042705940259379564,0.017278981839240832,0.1417495132395907,0.591388209725618,0.45886048805089535,0.8076835613095288,0.018117792559548002,0.07746126936531735,0.8290854572713643,2000,0.0663540980741998,0.34219288952431526,0.2666166916541729,1.0,1.0,1.0
morph_vt_sp_plus,Liturgie,153,2800,0.05181171689806976,0.0501982201650954,0.027444926560232938,0.08047407999074332,0.4885574229691877,0.41098509405170064,0.573509777690806,0.6834597207237088,0.5997001499250375,1.0,2000,0.9999958825739573,1.0,0.9995002498750625,1.0,1.0,1.0
morph_vt_sp_plus,Mischgedicht,45,1633,0.026817640047675805,0.03652404597502465,0.01526302251015891,0.08781928124432944,0.5800299380826018,0.40868572540755677,0.7118782443130852,0.033332980506509374,0.10444777611194403,0.8765617191404298,2000,0.13472079621380872,0.6947649033503286,0.3949876913395154,1.0,1.0,1.0
morph_vt_sp_plus,Thronbesteigungslied,15,1006,0.014691478942213516,0.03527329135602,0.00864671783562348,0.19971969031150386,0.6023525513585156,0.2593047731624589,0.877801385698154,0.0866034474987829,0.12693653173413294,0.7756121939030485,2000,0.12728082435427185,0.6563964296239947,0.18655823603349841,0.9620943348740097,1.0,1.0
morph_vt_sp_plus,Wallfahrtslied,0,172,0.0,nan,nan,nan,nan,nan,nan,nan,nan,0.0004997501249375312,2000,nan,nan,nan,nan,0.0004997501249375312,0.002577247589158399
morph_vt_sp_plus,Weisheitsgedicht,45,1639,0.02672209026128266,0.026882434941669125,0.012277634746803955,0.05353686162190171,0.5060877228662464,0.3851838389645713,0.6223930344993139,0.44458039229245283,0.4077961019490255,1.0,2000,0.624989826845912,1.0,0.5732785781022532,1.0,1.0,1.0
morph_vt_sp_plus,Zionslied,15,1007,0.014677103718199608,0.06359304464886129,0.011157665346239536,0.5333206803292251,0.6062562065541212,0.3972745783557669,0.9677140136661968,0.07868912207872192,0.11894052973513243,0.7666166916541729,2000,0.10177126455514701,0.5248417821869289,0.14915619113520162,0.7692092804565068,0.9802876339607973,1.0
morph_vt_sp_plus,prophetische Gerichtsrede,1,342,0.0029154518950437317,0.010869565217391304,nan,nan,0.7368421052631579,nan,nan,0.20810632462403994,0.22461230615307654,0.3373313343328336,2000,0.8672807757293366,1.0,0.8361103628737446,1.0,1.0,1.0
morph_vt_sp_plus,"prophetische Schelt-, Droh- und Mahnrede",3,511,0.005836575875486381,0.018112858464384828,0.004705882352941176,0.5,0.5322896281800391,0.17439689900722594,0.9980377570151393,0.42424914405457953,0.40879560219890054,0.9975012493753124,2000,0.738727137470885,1.0,0.677314120717419,1.0,1.0,1.0
morph_vt_sp_plus,prophetische Tora,0,172,0.0,nan,nan,nan,nan,nan,nan,nan,nan,0.0004997501249375312,2000,nan,nan,nan,nan,0.0004997501249375312,0.002577247589158399
morph_vt_sp_plus_psalm,Danklied Israels,6,676,0.008797653958944282,0.008043552696009567,0.004005140934593706,0.018020600049335464,0.38042406311637084,0.040193844449526624,0.8222761026258913,0.8438634960949412,0.8265867066466767,1.0,2000,0.9948129362984726,1.0,0.999000499750125,1.0,1.0,1.0
morph_vt_sp_plus_psalm,Danklied des Einzelnen,78,2087,0.03602771362586605,0.051840389815775316,0.023464291689763713,0.09944627601107527,0.6321858145049328,0.522965504503289,0.7367547815948354,3.599949331768439e-05,0.008995502248875561,0.6531734132933533,2000,0.00015842059510203337,0.0008169864826963085,0.036841579210394805,0.1899946922727572,0.993503248375812,1.0
morph_vt_sp_plus_psalm,Fluch,0,173,0.0,nan,nan,nan,nan,nan,nan,nan,nan,0.0004997501249375312,2000,nan,nan,nan,nan,0.0004997501249375312,0.002577247589158399
morph_vt_sp_plus_psalm,Hymnus,465,4421,0.09516987310683586,0.10557042556565488,0.07003110367754102,0.15246568469523553,0.519368702161969,0.4473161760977437,0.6113869546073408,0.08439471598175835,0.2593703148425787,0.999000499750125,2000,0.10915049933640746,0.5628970304016534,0.34530679865546676,1.0,1.0,1.0
morph_vt_sp_plus_psalm,Klagelied des Einzelnen,1176,6123,0.1611179613645705,0.22580744169472156,0.15946245531389835,0.31989888146839945,0.6062173848798053,0.5350900822278033,0.6750891822101573,3.439114560240835e-31,0.0004997501249375312,0.7636181909045477,2000,7.581684371440023e-31,3.9099295413875475e-30,0.0009146370211120854,0.0047168493612899,1.0,1.0
morph_vt_sp_plus_psalm,Klagelied des Volkes,36,1484,0.02368421052631579,0.019713719530354244,0.009007255307778557,0.03924189994092769,0.41778975741239893,0.3040938359291217,0.6397046669814811,0.9542933457368942,0.9085457271364318,1.0,2000,0.9542933457368942,1.0,0.9085457271364318,1.0,1.0,1.0
morph_vt_sp_plus_psalm,Königspsalm,45,1636,0.02676977989292088,0.042102343226845876,0.016522018811539793,0.12254194479503817,0.5954224395544689,0.4610248992529021,0.8084643240422941,0.014381113807751958,0.06646676661669165,0.815592203898051,2000,0.06454207991986376,0.33284818066534794,0.25356552492984274,1.0,1.0,1.0
morph_vt_sp_plus_psalm,Liturgie,153,2800,0.05181171689806976,0.055612196609869456,0.03032624968373077,0.09462901142840476,0.5123762838468721,0.4181914786990071,0.6247155403646839,0.3028401687780333,0.36281859070464767,0.9995002498750625,2000,0.6119895077389423,1.0,0.7331959020489756,1.0,1.0,1.0
morph_vt_sp_plus_psalm,Mischgedicht,45,1633,0.026817640047675805,0.03309863192240514,0.015165441992851199,0.06579624721718785,0.5561202966591822,0.41486941113294884,0.6921866288432376,0.09922617195943018,0.18840579710144928,0.9650174912543729,2000,0.2601334778395872,1.0,0.43729177078127607,1.0,1.0,1.0
morph_vt_sp_plus_psalm,Thronbesteigungslied,15,1006,0.014691478942213516,0.09084164448255254,0.015625500486201316,0.34077965154816936,0.6521868787276341,0.3607908710664127,0.9762757098451399,0.02141751156646149,0.06096951524237881,0.5837081459270365,2000,0.04154997243893529,0.21427621716198564,0.11373159574059125,0.5865220763480865,1.0,1.0
morph_vt_sp_plus_psalm,Wallfahrtslied,0,172,0.0,nan,nan,nan,nan,nan,nan,nan,nan,0.0004997501249375312,2000,nan,nan,nan,nan,0.0004997501249375312,0.002577247589158399
morph_vt_sp_plus_psalm,Weisheitsgedicht,45,1639,0.02672209026128266,0.02369378853408916,0.010924316655580756,0.0492157601258973,0.45425394888482135,0.35477003649260824,0.6151884987530243,0.8528158553163514,0.7711144427786107,1.0,2000,0.8938561719396262,1.0,0.8042806553712392,1.0,1.0,1.0
morph_vt_sp_plus_psalm,Zionslied,15,1007,0.014677103718199608,0.054770452403064815,0.011940258522177963,0.40522580462389235,0.6674942072161536,0.35155051809464216,0.944168182123106,0.012904014208460582,0.04697651174412794,0.5342328835582209,2000,0.02781531951601503,0.14344561729380495,0.09299431916694714,0.47957843914176096,0.9634557721139431,1.0
morph_vt_sp_plus_psalm,prophetische Gerichtsrede,1,342,0.0029154518950437317,0.010526315789473684,nan,nan,0.7280701754385965,nan,nan,0.21689843650339974,0.23561780890445222,0.3583208395802099,2000,0.8672807757293366,1.0,0.8361103628737446,1.0,1.0,1.0
morph_vt_sp_plus_psalm,"prophetische Schelt-, Droh- und Mahnrede",3,511,0.005836575875486381,0.023348001082280502,0.00454471096972453,0.5,0.5394651011089368,0.14609014008446394,0.9980823938097426,0.40752345504817344,0.38580709645177413,0.9955022488755623,2000,0.738727137470885,1.0,0.677314120717419,1.0,1.0,1.0
morph_vt_sp_plus_psalm,prophetische Tora,0,172,0.0,nan,nan,nan,nan,nan,nan,nan,nan,0.0004997501249375312,2000,nan,nan,nan,nan,0.0004997501249375312,0.002577247589158399
sp_1_2_3gram,Danklied Israels,6,676,0.008797653958944282,0.008551763253551411,0.003921199807202116,0.02183830610728916,0.31903353057199213,0.032532352623965144,0.8834831713898692,0.9368310960708787,0.9460269865067467,1.0,2000,0.9948129362984726,1.0,0.999000499750125,1.0,1.0,1.0
sp_1_2_3gram,Danklied des Einzelnen,78,2087,0.03602771362586605,0.04681761069588898,0.023729058621085826,0.08287284499415756,0.6354907670192769,0.5514999834883293,0.7270488736848199,2.362464527541088e-05,0.01249375312343828,0.6496751624187906,2000,0.0001091233615102312,0.0005627570786665808,0.04328193046333976,0.22320805013246847,0.993503248375812,1.0
sp_1_2_3gram,Fluch,0,173,0.0,nan,nan,nan,nan,nan,nan,nan,nan,0.0004997501249375312,2000,nan,nan,nan,nan,0.0004997501249375312,0.002577247589158399
sp_1_2_3gram,Hymnus,465,4421,0.09516987310683586,0.09704863579643537,0.06668339288703357,0.1407834472751245,0.5010232200664959,0.4244558899608118,0.5797632565154421,0.47102991051605925,0.4892553723138431,1.0,2000,0.5251712795408937,1.0,0.5392928535732134,1.0,1.0,1.0
sp_1_2_3gram,Klagelied des Einzelnen,1176,6123,0.1611179613645705,0.20527353306820983,0.14201713482474787,0.29066650952016726,0.583964526525946,0.5147808642225281,0.6490612629757189,3.2691187028529745e-20,0.004497751124437781,0.8920539730134932,2000,4.5957175967643266e-20,2.37004484955241e-19,0.005740550777242957,0.029604436122832662,1.0,1.0
sp_1_2_3gram,Klagelied des Volkes,36,1484,0.02368421052631579,0.02397212628586501,0.009879492955907891,0.05181780147504508,0.4694144953578916,0.34785871070626584,0.7433994777769558,0.7350374228522532,0.6461769115442278,1.0,2000,0.9381398686403758,1.0,0.8357221389305346,1.0,1.0,1.0
sp_1_2_3gram,Königspsalm,45,1636,0.02676977989292088,0.03324287644755912,0.015541934664624633,0.0744431076666055,0.5806030969845151,0.4416779570428481,0.7249898238979889,0.03236622597698677,0.10694652673663169,0.9045477261369316,2000,0.09721066291370925,0.5013224292163287,0.27083197531668946,1.0,1.0,1.0
sp_1_2_3gram,Liturgie,153,2800,0.05181171689806976,0.04215748905588153,0.025046083395380333,0.06511780495262112,0.4360200746965453,0.36943702555016666,0.5109847762901636,0.9961970465665378,0.9245377311344328,1.0,2000,0.9999958825739573,1.0,0.9995002498750625,1.0,1.0,1.0
sp_1_2_3gram,Mischgedicht,45,1633,0.026817640047675805,0.0468133531783414,0.018767639959665138,0.09567210060166663,0.6638429611485337,0.4597684081344066,0.8012105957297829,8.677701779614691e-05,0.012993503248375811,0.5402298850574713,2000,0.00841737072622625,0.043408990470849396,0.2973180076628352,1.0,1.0,1.0
sp_1_2_3gram,Thronbesteigungslied,15,1006,0.014691478942213516,0.02084067723977852,0.007431216438770397,0.06328129250524538,0.561066931742876,0.2681263435966486,0.7981705887334685,0.20827548064237167,0.23638180909545228,0.9655172413793104,2000,0.2521517993622989,1.0,0.27625343954528764,1.0,1.0,1.0
sp_1_2_3gram,Wallfahrtslied,0,172,0.0,nan,nan,nan,nan,nan,nan,nan,nan,0.0004997501249375312,2000,nan,nan,nan,nan,0.0004997501249375312,0.002577247589158399
sp_1_2_3gram,Weisheitsgedicht,45,1639,0.02672209026128266,0.029040974363465855,0.011860662462520918,0.06369337146035328,0.4891668361467019,0.3533455717799132,0.6831204310722194,0.5981012227974691,0.5312343828085957,1.0,2000,0.7633660343599278,1.0,0.6780228306899182,1.0,1.0,1.0
sp_1_2_3gram,Zionslied,15,1007,0.014677103718199608,0.01658372623144806,0.006644518272425249,0.042880017925806986,0.4846408474015227,0.2752575018539283,0.8222710075636915,0.581170005389771,0.5547226386806596,1.0,2000,0.581170005389771,1.0,0.5547226386806596,1.0,1.0,1.0
sp_1_2_3gram,prophetische Gerichtsrede,1,342,0.0029154518950437317,0.0078125,nan,nan,0.631578947368421,nan,nan,0.3265616213751474,0.32116058029014505,0.663168415792104,2000,0.8672807757293366,1.0,0.8361103628737446,1.0,1.0,1.0
sp_1_2_3gram,"prophetische Schelt-, Droh- und Mahnrede",3,511,0.005836575875486381,0.170737015185221,0.004545454545454545,0.5,0.47227658186562294,0.1481569577573851,0.9981010000427744,0.566567862416007,0.5502248875562219,1.0,2000,0.738727137470885,1.0,0.6842540268327375,1.0,1.0,1.0
sp_1_2_3gram,prophetische Tora,0,172,0.0,nan,nan,nan,nan,nan,nan,nan,nan,0.0004997501249375312,2000,nan,nan,nan,nan,0.0004997501249375312,0.002577247589158399
sp_1_2_3gram_psalm,Danklied Israels,6,676,0.008797653958944282,0.008767518900558649,0.00413038788175161,0.023809523809523808,0.3782051282051282,0.056005354337558835,0.8380198839732185,0.8483061230394535,0.8525737131434283,1.0,2000,0.9948129362984726,1.0,0.999000499750125,1.0,1.0,1.0
sp_1_2_3gram_psalm,Danklied des Einzelnen,78,2087,0.03602771362586605,0.04694480536133369,0.02318778557486398,0.08366977644496866,0.6207781995994741,0.5277216918016917,0.7088884936461376,0.00014336706008130407,0.0239880059970015,0.7201399300349826,2000,0.0005150594380698702,0.0026561988257727443,0.0646343494919207,0.333324021531153,0.993503248375812,1.0
sp_1_2_3gram_psalm,Fluch,0,173,0.0,nan,nan,nan,nan,nan,nan,nan,nan,0.0004997501249375312,2000,nan,nan,nan,nan,0.0004997501249375312,0.002577247589158399
sp_1_2_3gram_psalm,Hymnus,465,4421,0.09516987310683586,0.10063868818646642,0.06515028698043882,0.14825004671387604,0.5149304516810044,0.43988104121791227,0.5820735588110779,0.1443967542194164,0.3473263368315842,1.0,2000,0.18190240466601806,0.9380838753091088,0.4319314701623547,1.0,1.0,1.0
sp_1_2_3gram_psalm,Klagelied des Einzelnen,1176,6123,0.1611179613645705,0.21327494259460256,0.14905654425899792,0.3081698850723157,0.5920456047844583,0.5211218326195011,0.6586673210951184,6.599046699516664e-24,0.0034982508745627187,0.8520739630184908,2000,1.1036336721605455e-23,5.691518779000484e-23,0.004648360751131284,0.023971933055322647,1.0,1.0
sp_1_2_3gram_psalm,Klagelied des Volkes,36,1484,0.02368421052631579,0.02164547197565183,0.009604365016798986,0.0447087085279922,0.44757038035339924,0.3084265283108504,0.6414145006373069,0.8591672494765685,0.7626186906546727,1.0,2000,0.9424280079684193,1.0,0.8873172109597375,1.0,1.0,1.0
sp_1_2_3gram_psalm,Königspsalm,45,1636,0.02676977989292088,0.03712194765072675,0.014720073025522815,0.08546341661737218,0.6026215702254822,0.47423960408566423,0.7503909258804315,0.009343432251083476,0.06096951524237881,0.8045977011494253,2000,0.05471131966112549,0.2821502380093167,0.25356552492984274,1.0,1.0,1.0
sp_1_2_3gram_psalm,Liturgie,153,2800,0.05181171689806976,0.04057836183228441,0.0247084958308927,0.06344019440024358,0.41618347338935574,0.3617811134023252,0.48968330793373765,0.9997643852469967,0.975512243878061,1.0,2000,0.9999958825739573,1.0,0.9995002498750625,1.0,1.0,1.0
sp_1_2_3gram_psalm,Mischgedicht,45,1633,0.026817640047675805,0.04076199331608048,0.017964885888873683,0.08226705123577786,0.6262978839218888,0.4498796809996854,0.765653405039275,0.0019002738548217332,0.035982008995502246,0.6941529235382309,2000,0.023040820489713516,0.11882318001775055,0.2973180076628352,1.0,1.0,1.0
sp_1_2_3gram_psalm,Thronbesteigungslied,15,1006,0.014691478942213516,0.05818407673109535,0.012078245041101264,0.5,0.5881709741550696,0.33368204100575094,0.9172231344011453,0.1203576463252834,0.15742128935532235,0.8685657171414293,2000,0.15992728347332177,0.8247565837503131,0.21208145927036484,1.0,1.0,1.0
sp_1_2_3gram_psalm,Wallfahrtslied,0,172,0.0,nan,nan,nan,nan,nan,nan,nan,nan,0.0004997501249375312,2000,nan,nan,nan,nan,0.0004997501249375312,0.002577247589158399
sp_1_2_3gram_psalm,Weisheitsgedicht,45,1639,0.02672209026128266,0.027108714377431724,0.011599819456116425,0.062439972149557675,0.4629448850925361,0.3232863059864218,0.6650325207132894,0.8021716108977432,0.6806596701649176,1.0,2000,0.8842118892850125,1.0,0.7588964138620345,1.0,1.0,1.0
sp_1_2_3gram_psalm,Zionslied,15,1007,0.014677103718199608,0.019704030366851547,0.007211864278487636,0.08972618095408003,0.520125786163522,0.27509464146130774,0.836340842365098,0.39455929399378276,0.38780609695152424,1.0,2000,0.41600273388474923,1.0,0.40888251526410707,1.0,1.0,1.0
sp_1_2_3gram_psalm,prophetische Gerichtsrede,1,342,0.0029154518950437317,0.006172839506172839,nan,nan,0.5321637426900585,nan,nan,0.45777343983070024,0.4527263631815908,0.999000499750125,2000,0.8880804732715585,1.0,0.8620192449165759,1.0,1.0,1.0
sp_1_2_3gram_psalm,"prophetische Schelt-, Droh- und Mahnrede",3,511,0.005836575875486381,0.11565055315055314,0.004584455547661858,0.5,0.5264187866927593,0.19064440447255562,0.9980733018476287,0.4380374707054652,0.40379810094952523,0.9995002498750625,2000,0.738727137470885,1.0,0.677314120717419,1.0,1.0,1.0
sp_1_2_3gram_psalm,prophetische Tora,0,172,0.0,nan,nan,nan,nan,nan,nan,nan,nan,0.0004997501249375312,2000,nan,nan,nan,nan,0.0004997501249375312,0.002577247589158399
sp_1_2gram,Danklied Israels,6,676,0.008797653958944282,0.011068410811000535,0.003979025197436429,0.04921125693947718,0.34418145956607493,0.029392897532652798,0.9356167951933377,0.9059822724867652,0.9175412293853074,1.0,2000,0.9948129362984726,1.0,0.999000499750125,1.0,1.0,1.0
sp_1_2gram,Danklied des Einzelnen,78,2087,0.03602771362586605,0.044178345404479194,0.022030546431786677,0.07587507705788489,0.6117417959775411,0.5336943741753328,0.712086865277384,0.00039592656905400054,0.02948525737131434,0.7706146926536732,2000,0.0012001524124449392,0.006189272913104308,0.06876794161059006,0.3546412554662849,0.993503248375812,1.0
sp_1_2gram,Fluch,0,173,0.0,nan,nan,nan,nan,nan,nan,nan,nan,0.0004997501249375312,2000,nan,nan,nan,nan,0.0004997501249375312,0.002577247589158399
sp_1_2gram,Hymnus,465,4421,0.09516987310683586,0.10007458846199863,0.06797999502107614,0.14328474779959427,0.5203167677239373,0.4386742799359181,0.5935477306443849,0.07444506485140363,0.2848575712143928,1.0,2000,0.09892015466556373,0.5101384019921312,0.368415792103948,1.0,1.0,1.0
sp_1_2gram,Klagelied des Einzelnen,1176,6123,0.1611179613645705,0.21375007723383652,0.14642380870070906,0.2944767379696153,0.5866087329918085,0.5183901550719783,0.6523026502178932,2.1977379608193703e-21,0.001999000499750125,0.8755622188905547,2000,3.279701264607368e-21,1.6913656956915553e-20,0.0028101891083443784,0.014492348762224041,1.0,1.0
sp_1_2gram,Klagelied des Volkes,36,1484,0.02368421052631579,0.02359766335350917,0.009758896419156142,0.052721479241399985,0.4633872416891285,0.35071917572686045,0.7270146557551566,0.7739327663999964,0.6876561719140429,1.0,2000,0.9383934792599956,1.0,0.8440842078960519,1.0,1.0,1.0
sp_1_2gram,Königspsalm,45,1636,0.02676977989292088,0.03416968754673878,0.014435420693633724,0.09365859884225416,0.5736620483564249,0.41235359762277596,0.7274555693151629,0.04570304083965515,0.12293853073463268,0.9225387306346826,2000,0.11082987403616373,0.5715576873585305,0.27083197531668946,1.0,1.0,1.0
sp_1_2gram,Liturgie,153,2800,0.05181171689806976,0.04370900214846256,0.02645475124086831,0.06794611380451206,0.45110410830999065,0.37950984427258105,0.5305212195220173,0.9793161102005119,0.8725637181409296,1.0,2000,0.9999958825739573,1.0,0.9995002498750625,1.0,1.0,1.0
sp_1_2gram,Mischgedicht,45,1633,0.026817640047675805,0.04353473913700895,0.01847572924585829,0.0910604747332068,0.650275566442131,0.4513931348807812,0.7924514428394024,0.0002868379905650934,0.017491254372813594,0.5992003998001,2000,0.01391164254240703,0.07174334815450753,0.2973180076628352,1.0,1.0,1.0
sp_1_2gram,Thronbesteigungslied,15,1006,0.014691478942213516,0.028019940106609152,0.007742238470017179,0.13011117564796312,0.5916169648774022,0.29073137039602154,0.8806867217708333,0.11140875538495898,0.15442278860569716,0.855072463768116,2000,0.154380703890586,0.7961524711260937,0.21097197879933274,1.0,1.0,1.0
sp_1_2gram,Wallfahrtslied,0,172,0.0,nan,nan,nan,nan,nan,nan,nan,nan,0.0004997501249375312,2000,nan,nan,nan,nan,0.0004997501249375312,0.002577247589158399
sp_1_2gram,Weisheitsgedicht,45,1639,0.02672209026128266,0.02779091871751411,0.01289487310989568,0.05962197758924262,0.48202155786048406,0.36588810364319535,0.6775930943369873,0.6599015852444547,0.5727136431784108,1.0,2000,0.8136092980829029,1.0,0.7122208126705878,1.0,1.0,1.0
sp_1_2gram,Zionslied,15,1007,0.014677103718199608,0.019981353630210988,0.006572060248203492,0.06577650284263356,0.5115855676928169,0.2945764455448969,0.8690425135530062,0.43889325361684955,0.4267866066966517,1.0,2000,0.4557701550949444,1.0,0.44040745584654484,1.0,1.0,1.0
sp_1_2gram,prophetische Gerichtsrede,1,342,0.0029154518950437317,0.008064516129032258,nan,nan,0.6432748538011696,nan,nan,0.3121286712037492,0.31315657828914456,0.631184407796102,2000,0.8672807757293366,1.0,0.8361103628737446,1.0,1.0,1.0
sp_1_2gram,"prophetische Schelt-, Droh- und Mahnrede",3,511,0.005836575875486381,0.17090453406242878,0.00468384074941452,0.5,0.4918460534898891,0.16617743053387313,0.9980882301619899,0.5202108251307914,0.49725137431284355,1.0,2000,0.738727137470885,1.0,0.677314120717419,1.0,1.0,1.0
sp_1_2gram,prophetische Tora,0,172,0.0,nan,nan,nan,nan,nan,nan,nan,nan,0.0004997501249375312,2000,nan,nan,nan,nan,0.0004997501249375312,0.002577247589158399
sp_1_2gram_psalm,Danklied Israels,6,676,0.008797653958944282,0.008962549838615302,0.004098360655737705,0.020202020202020204,0.40532544378698226,0.08110103069300863,0.8453781312255906,0.7882182446849789,0.7681159420289855,1.0,2000,0.9948129362984726,1.0,0.999000499750125,1.0,1.0,1.0
sp_1_2gram_psalm,Danklied des Einzelnen,78,2087,0.03602771362586605,0.04535926405801272,0.022808136164395833,0.08046401465291753,0.6054144705318639,0.5086184558524336,0.7009371219741936,0.0007737881946543503,0.03548225887056472,0.792103948025987,2000,0.0019245501251659483,0.00992504438276717,0.07473346660003333,0.38540589989539564,0.993503248375812,1.0
sp_1_2gram_psalm,Fluch,0,173,0.0,nan,nan,nan,nan,nan,nan,nan,nan,0.0004997501249375312,2000,nan,nan,nan,nan,0.0004997501249375312,0.002577247589158399
sp_1_2gram_psalm,Hymnus,465,4421,0.09516987310683586,0.10374777619551667,0.06925460303442478,0.150838306977067,0.5289826414984203,0.4596091039573353,0.5974393709652712,0.019739360916406594,0.20889555222388806,0.9995002498750625,2000,0.029917468888928742,0.15428655385999374,0.30774764133084975,1.0,1.0,1.0
sp_1_2gram_psalm,Klagelied des Einzelnen,1176,6123,0.1611179613645705,0.22013073803007233,0.15249047439043362,0.30934978836726956,0.5954025248838716,0.5233776607025344,0.6622051026747392,1.5376326614219243e-25,0.001999000499750125,0.8360819590204898,2000,2.7620438547764194e-25,1.424406020261047e-24,0.0028101891083443784,0.014492348762224041,1.0,1.0
sp_1_2gram_psalm,Klagelied des Volkes,36,1484,0.02368421052631579,0.021612220651484854,0.009589596599589637,0.04746247927314319,0.43751871817909554,0.3192816591710524,0.6576727549511542,0.9002449620802289,0.8190904547726137,1.0,2000,0.9424280079684193,1.0,0.8873172109597375,1.0,1.0,1.0
sp_1_2gram_psalm,Königspsalm,45,1636,0.02676977989292088,0.035702048324125574,0.01510688259988245,0.08571670915182819,0.5905188807389297,0.45601021683543597,0.7411446926870658,0.019023376107510377,0.07546226886556721,0.8540729635182409,2000,0.0663540980741998,0.34219288952431526,0.2666166916541729,1.0,1.0,1.0
sp_1_2gram_psalm,Liturgie,153,2800,0.05181171689806976,0.04242313887178557,0.025969570829453528,0.06608365572244186,0.4371638655462185,0.37535476694730296,0.5120165549449603,0.9956210903260291,0.9375312343828086,1.0,2000,0.9999958825739573,1.0,0.9995002498750625,1.0,1.0,1.0
sp_1_2gram_psalm,Mischgedicht,45,1633,0.026817640047675805,0.03778201297005,0.017286279178101407,0.07573994583502984,0.6193985167040893,0.4489870345603629,0.7616337394747447,0.0031081957042482723,0.03698150924537731,0.7271364317841079,2000,0.0274032620603749,0.14132060715143424,0.2973180076628352,1.0,1.0,1.0
sp_1_2gram_psalm,Thronbesteigungslied,15,1006,0.014691478942213516,0.06058433059138027,0.012706106688124856,0.46019369702972174,0.5991716368455932,0.35151369070538213,0.9377161051811322,0.09347922902127254,0.13693153423288357,0.8210894552723638,2000,0.1353356002248274,0.6979354921628894,0.19532880618514273,1.0,1.0,1.0
sp_1_2gram_psalm,Wallfahrtslied,0,172,0.0,nan,nan,nan,nan,nan,nan,nan,nan,0.0004997501249375312,2000,nan,nan,nan,nan,0.0004997501249375312,0.002577247589158399
sp_1_2gram_psalm,Weisheitsgedicht,45,1639,0.02672209026128266,0.026985437016216106,0.011015494973771484,0.07981289626436838,0.45345400311843265,0.33366124030183963,0.6533142028251625,0.856996123612219,0.7446276861569215,1.0,2000,0.8938561719396262,1.0,0.7882580448905981,1.0,1.0,1.0
sp_1_2gram_psalm,Zionslied,15,1007,0.014677103718199608,0.030579526267408123,0.00905073388431134,0.20308491344340263,0.5541542535584244,0.32449502951863185,0.8825405020227136,0.2356359795276497,0.2563718140929535,0.9705147426286856,2000,0.251172417738264,1.0,0.2732754501869944,1.0,1.0,1.0
sp_1_2gram_psalm,prophetische Gerichtsrede,1,342,0.0029154518950437317,0.006896551724137931,nan,nan,0.5818713450292398,nan,nan,0.39060745714420875,0.38019009504752377,0.8860569715142429,2000,0.8811377521625174,1.0,0.8620192449165759,1.0,1.0,1.0
sp_1_2gram_psalm,"prophetische Schelt-, Droh- und Mahnrede",3,511,0.005836575875486381,0.11552826870450549,0.004427304052146023,0.5,0.512720156555773,0.1570099622400725,0.9980750967569012,0.47047545789923056,0.440279860069965,1.0,2000,0.738727137470885,1.0,0.677314120717419,1.0,1.0,1.0
sp_1_2gram_psalm,prophetische Tora,0,172,0.0,nan,nan,nan,nan,nan,nan,nan,nan,0.0004997501249375312,2000,nan,nan,nan,nan,0.0004997501249375312,0.002577247589158399
sp_1gram,Danklied Israels,6,676,0.008797653958944282,0.0078062432135446854,0.004225068109733042,0.023167974808772047,0.34960552268244577,0.08679868930655024,0.8614517014057729,0.8980689094275099,0.9075462268865567,1.0,2000,0.9948129362984726,1.0,0.999000499750125,1.0,1.0,1.0
sp_1gram,Danklied des Einzelnen,78,2087,0.03602771362586605,0.042682222944501344,0.02099207233004777,0.0723935214923227,0.5829248215448503,0.49942145226774504,0.691237818605645,0.006383129895455462,0.06546726636681659,0.8705647176411794,2000,0.011027136443434093,0.05686774128913664,0.10320646128548629,0.532243195670712,0.993503248375812,1.0
sp_1gram,Fluch,0,173,0.0,nan,nan,nan,nan,nan,nan,nan,nan,0.0004997501249375312,2000,nan,nan,nan,nan,0.0004997501249375312,0.002577247589158399
sp_1gram,Hymnus,465,4421,0.09516987310683586,0.10885286499077391,0.07260499750779627,0.16504831149770402,0.5533531313160794,0.4804051119340145,0.6381687126707248,7.512561197826514e-05,0.06096951524237881,0.9685157421289355,2000,0.0001550464757849302,0.000799585905004359,0.11596162702962244,0.5980225092176569,1.0,1.0
sp_1gram,Klagelied des Einzelnen,1176,6123,0.1611179613645705,0.2211844704628366,0.15286970628731048,0.3093312748255548,0.589192111598845,0.5185241418757585,0.6589318052344485,1.452606792666149e-22,0.0014992503748125937,0.8520739630184908,2000,2.3098829326002694e-22,1.1912233578783637e-21,0.002308369624711454,0.01190442934039832,1.0,1.0
sp_1gram,Klagelied des Volkes,36,1484,0.02368421052631579,0.021794851864409086,0.008519695199580676,0.0478004320527483,0.4373876909254268,0.3376049115201049,0.6775276642207092,0.9007153988010144,0.8390804597701149,1.0,2000,0.9424280079684193,1.0,0.8873172109597375,1.0,1.0,1.0
sp_1gram,Königspsalm,45,1636,0.02676977989292088,0.03203809052106697,0.014126801822901252,0.07619314434567331,0.5317712578103776,0.3873424292166287,0.7314363625518632,0.23331409120508873,0.27886056971514245,0.9950024987506247,2000,0.33778308726706874,1.0,0.3977864009171885,1.0,1.0,1.0
sp_1gram,Liturgie,153,2800,0.05181171689806976,0.047609771474192125,0.027459717046172123,0.0739162144227227,0.48301353874883285,0.41061854705335316,0.5775489309950701,0.7607347659189383,0.6441779110444777,1.0,2000,0.9999958825739573,1.0,0.9995002498750625,1.0,1.0,1.0
sp_1gram,Mischgedicht,45,1633,0.026817640047675805,0.03521354769327955,0.015416303587300312,0.07883611096883583,0.5940736204667619,0.42122811958534173,0.7252376923430619,0.015551065051698069,0.0769615192403798,0.8250874562718641,2000,0.07542266550073563,0.3889601485421722,0.3481441097633002,1.0,1.0,1.0
sp_1gram,Thronbesteigungslied,15,1006,0.014691478942213516,0.0323974843735357,0.007445954372212952,0.11317271579464694,0.623558648111332,0.2508828588273047,0.9043862714620439,0.05006276879112065,0.09345327336331834,0.7041479260369815,2000,0.07960800938915906,0.4105442701020947,0.14620915348777222,0.7540111938668419,1.0,1.0
sp_1gram,Wallfahrtslied,0,172,0.0,nan,nan,nan,nan,nan,nan,nan,nan,0.0004997501249375312,2000,nan,nan,nan,nan,0.0004997501249375312,0.002577247589158399
sp_1gram,Weisheitsgedicht,45,1639,0.02672209026128266,0.027843167502377093,0.012083064483130934,0.08938323197526196,0.4683682462205952,0.3746023685400966,0.6211841912941461,0.7658071639400179,0.6796601699150425,1.0,2000,0.8637592430486248,1.0,0.7588964138620345,1.0,1.0,1.0
sp_1gram,Zionslied,15,1007,0.014677103718199608,0.052806107237970065,0.008618144131115163,0.33784643562277245,0.5730883813306852,0.3608699720377243,0.9700681274691407,0.16541467179500324,0.1924037981009495,0.9060469765117442,2000,0.18442785246109558,0.9511077924961681,0.2145191771930127,1.0,1.0,1.0
sp_1gram,prophetische Gerichtsrede,1,342,0.0029154518950437317,0.008771929824561403,nan,nan,0.672514619883041,nan,nan,0.2773203420752366,0.2896448224112056,0.5217391304347826,2000,0.8672807757293366,1.0,0.8361103628737446,1.0,1.0,1.0
sp_1gram,"prophetische Schelt-, Droh- und Mahnrede",3,511,0.005836575875486381,0.028940606297163673,0.006578947368421052,0.5,0.7286366601435095,0.42715252559403466,0.9980694980694981,0.08619967726903593,0.10044977511244378,0.3538230884557721,2000,0.738727137470885,1.0,0.677314120717419,1.0,1.0,1.0
sp_1gram,prophetische Tora,0,172,0.0,nan,nan,nan,nan,nan,nan,nan,nan,0.0004997501249375312,2000,nan,nan,nan,nan,0.0004997501249375312,0.002577247589158399
sp_1gram_psalm,Danklied Israels,6,676,0.008797653958944282,0.008748486010503893,0.004417787782563678,0.020652856352648963,0.41222879684418146,0.12187222947418103,0.821525651762964,0.7709497423518064,0.7481259370314842,1.0,2000,0.9948129362984726,1.0,0.999000499750125,1.0,1.0,1.0
sp_1gram_psalm,Danklied des Einzelnen,78,2087,0.03602771362586605,0.04378545386329054,0.022293333451070197,0.07846421692187869,0.5907510473873675,0.4988561551773515,0.6906018572853142,0.003212606666676916,0.043478260869565216,0.847576211894053,2000,0.0062324569333532176,0.03214123179664227,0.08434782608695651,0.4349878480981546,0.993503248375812,1.0
sp_1gram_psalm,Fluch,0,173,0.0,nan,nan,nan,nan,nan,nan,nan,nan,0.0004997501249375312,2000,nan,nan,nan,nan,0.0004997501249375312,0.002577247589158399
sp_1gram_psalm,Hymnus,465,4421,0.09516987310683586,0.11025577261955471,0.07208662086853344,0.15677722014371032,0.5497311219910836,0.4768087851521856,0.6250729385791717,0.00020519177380883512,0.07396301849075462,0.9780109945027486,2000,0.0003902667070481766,0.0020126336736672693,0.1379694768000615,0.7115185844222689,1.0,1.0
sp_1gram_psalm,Klagelied des Einzelnen,1176,6123,0.1611179613645705,0.2145363407151122,0.15234894675240998,0.3094646742506699,0.5847459839725536,0.5171673543588653,0.6534497954590435,1.4846670071074942e-20,0.0029985007496251873,0.8760619690154923,2000,2.1494432789466706e-20,1.108483466490476e-19,0.004039646843245044,0.02083275134569706,1.0,1.0
sp_1gram_psalm,Klagelied des Volkes,36,1484,0.02368421052631579,0.02015719964952523,0.008880201612206838,0.03978597978072893,0.42173929320155734,0.30609095973426564,0.6324419711998032,0.9459623075821161,0.8950524737631185,1.0,2000,0.9542933457368942,1.0,0.9043759370314843,1.0,1.0,1.0
sp_1gram_psalm,Königspsalm,45,1636,0.02676977989292088,0.03275996576070901,0.014291668285960226,0.07821202673127087,0.5441999456669383,0.41719985547639327,0.709868342987995,0.15557400719293746,0.21539230384807595,0.9845077461269365,2000,0.2743759763220897,1.0,0.36356821589205396,1.0,1.0,1.0
sp_1gram_psalm,Liturgie,153,2800,0.05181171689806976,0.04782956530373449,0.027843167204281507,0.0762572604516807,0.4803641456582633,0.40055862305267276,0.577432372044751,0.7936615831147729,0.6696651674162919,1.0,2000,0.9999958825739573,1.0,0.9995002498750625,1.0,1.0,1.0
sp_1gram_psalm,Mischgedicht,45,1633,0.026817640047675805,0.034781078273495074,0.014608983009136763,0.07341037773198764,0.5786555079267878,0.46593950319814736,0.7406680510739231,0.03573959125263149,0.09845077461269365,0.8950524737631185,2000,0.1386696140602102,0.715129242980931,0.3949876913395154,1.0,1.0,1.0
sp_1gram_psalm,Thronbesteigungslied,15,1006,0.014691478942213516,0.06623984672636822,0.013149691900854235,0.3653077844159638,0.6417826375082837,0.3203937630950459,0.9454497743933321,0.029591971427215265,0.06946526736631684,0.6231884057971014,2000,0.052725806387633994,0.27191080225532344,0.11906327537985394,0.6140179343994923,1.0,1.0
sp_1gram_psalm,Wallfahrtslied,0,172,0.0,nan,nan,nan,nan,nan,nan,nan,nan,0.0004997501249375312,2000,nan,nan,nan,nan,0.0004997501249375312,0.002577247589158399
sp_1gram_psalm,Weisheitsgedicht,45,1639,0.02672209026128266,0.02649317985709094,0.01124544782881868,0.10136201064229343,0.4459833231645312,0.35169188505709365,0.6369083723030087,0.8921674316237537,0.8145927036481759,1.0,2000,0.9023313236112812,1.0,0.8317420237249797,1.0,1.0,1.0
sp_1gram_psalm,Zionslied,15,1007,0.014677103718199608,0.04963738767143972,0.01110159390661973,0.29769880005175214,0.6040052962595167,0.35654902444377845,0.9619248452379828,0.08318193786092254,0.12743628185907047,0.7896051974012993,2000,0.10478763600661671,0.5403974282255932,0.15451649175412294,0.7968527389729125,0.9802876339607973,1.0
sp_1gram_psalm,prophetische Gerichtsrede,1,342,0.0029154518950437317,0.010638297872340425,nan,nan,0.7309941520467836,nan,nan,0.21394413593702416,0.2336168084042021,0.351824087956022,2000,0.8672807757293366,1.0,0.8361103628737446,1.0,1.0,1.0
sp_1gram_psalm,"prophetische Schelt-, Droh- und Mahnrede",3,511,0.005836575875486381,0.030897311647594315,0.004935053141276927,0.5,0.5851272015655578,0.21991386485439895,0.9980694980694981,0.3061380495157021,0.28735632183908044,0.8740629685157422,2000,0.738727137470885,1.0,0.677314120717419,1.0,1.0,1.0
sp_1gram_psalm,prophetische Tora,0,172,0.0,nan,nan,nan,nan,nan,nan,nan,nan,0.0004997501249375312,2000,nan,nan,nan,nan,0.0004997501249375312,0.002577247589158399
