model,genre,n_same_genre,n_different_genre,prevalence,average_precision,ap_ci_low,ap_ci_high,separation_auc,auc_ci_low,auc_ci_high,separation_p_naive,separation_p_perm,separation_p_maxT,n_permutations,naive_q,naive_q_by,perm_q,perm_q_by,maxT_q,maxT_q_by
clause_kind_1_2_3gram,Danklied Israels,6,2097,0.0028530670470756064,0.008134789040021805,0.0022831272079536567,0.02353506854882475,0.7300906056270863,0.4230885527140027,0.9504258085054473,0.025655319334280856,0.03498250874562719,0.3773113443278361,2000,0.6755900758027291,1.0,0.7501249375312344,1.0,1.0,1.0
clause_kind_1_2_3gram,Danklied des Einzelnen,1596,26866,0.056074766355140186,0.05913510012798334,0.04504993695771665,0.0834541996356745,0.5179805274184494,0.4794392017525296,0.5634699994670859,0.00781286264039779,0.2283858070964518,1.0,2000,0.011222111792571371,0.05558288717461613,0.32804506837490344,1.0,1.0,1.0
clause_kind_1_2_3gram,Fluch,15,3142,0.004751346214760849,0.005868366919167078,0.0023634417873334077,0.8382020407189357,0.49914067472947166,0.3276951946932491,0.9402619796675276,0.5046444682439515,0.4577711144427786,1.0,2000,0.988782647201491,1.0,0.9860069965017492,1.0,1.0,1.0
clause_kind_1_2_3gram,Hymnus,11026,56707,0.16278623418422336,0.14084993362216885,0.11693884268551455,0.16484421273643945,0.4322451381642848,0.40378454653282764,0.4662820545833478,1.0,1.0,1.0,2000,1.0,1.0,1.0,1.0,1.0,1.0
clause_kind_1_2_3gram,Klagelied des Einzelnen,5565,44872,0.11033566627674128,0.13828439096093187,0.10286770175450503,0.22666747930405523,0.5814890277097663,0.5368236610810051,0.6132906595235811,4.297561329508677e-88,0.0004997501249375312,0.936031984007996,2000,1.476118891439937e-87,7.311186282562034e-87,0.0008773391082236659,0.004345442423640355,1.0,1.0
clause_kind_1_2_3gram,Klagelied des Volkes,496,15918,0.030218106494455953,0.034327985807761495,0.02006811636605259,0.0508805823375112,0.5537229105617905,0.48179023624784273,0.6391557798010201,2.2376639773906887e-05,0.06596701649175413,0.9870064967516242,2000,7.071018168554576e-05,0.0003502260646989809,0.19301460380920651,0.9559973332008782,1.0,1.0
clause_kind_1_2_3gram,Königspsalm,325,13088,0.024230224409155298,0.025570940327697113,0.01449869809333516,0.04397990827942682,0.4787523509497837,0.4120932846787825,0.5836549392803505,0.9050210534893546,0.7066466766616691,1.0,2000,0.9997904174423975,1.0,0.8824094446283351,1.0,1.0,1.0
clause_kind_1_2_3gram,Legende,3,1579,0.0018963337547408343,0.02119281045751634,0.005862495148423573,0.06521739130434782,0.9263246780662867,0.8398679432800297,0.9885003873520729,0.005320722856138751,0.005497251374312844,0.06546726636681659,2000,0.009137763165977421,0.04525915161699774,0.009240060820653503,0.0457658297808931,0.11004072431869172,0.545029427390636
clause_kind_1_2_3gram,Liturgie,153,9176,0.01640047164755065,0.025638013131400017,0.013212282620516198,0.04476493477768219,0.6515116872090306,0.5730314444333873,0.7269729031167543,6.042706703257409e-11,0.0029985007496251873,0.6711644177911045,2000,2.273208712177787e-10,1.1259155648135003e-09,0.009475262368815593,0.04693077817531584,1.0,1.0
clause_kind_1_2_3gram,Mischgedicht,45,5099,0.008748055987558321,0.02172375066297336,0.008837647255486608,0.06505913348254426,0.7262665882199124,0.6308011691798713,0.868784825684801,8.276787958264187e-08,0.0034982508745627187,0.38630684657671166,2000,2.42172684704767e-07,1.1994762892693164e-06,0.008636306846576711,0.04277544885770975,1.0,1.0
clause_kind_1_2_3gram,Segensspruch,253,11656,0.021244436980434964,0.018057165566286504,0.009784391277370644,0.031714972016891566,0.44744992146405116,0.39811602167293786,0.5235569915617146,0.9979118225509942,0.9160419790104948,1.0,2000,0.9999999994948561,1.0,0.9985007496251874,1.0,1.0,1.0
clause_kind_1_2_3gram,Segenswunsch,45,5196,0.008586147681740127,0.009816252651516078,0.0033494838515910107,0.03141350306139297,0.48939568899153196,0.3572839104411903,0.7126844155523725,0.5969235835628659,0.527736131934033,1.0,2000,0.9999999999519258,1.0,1.0,1.0,1.0,1.0
clause_kind_1_2_3gram,Siegeslied,10,2622,0.003799392097264438,0.006873068925178959,0.0015988081223121003,0.05689601275601899,0.4412280701754386,0.1611625553399009,0.9279778976775078,0.7397892711661173,0.6891554222888556,1.0,2000,0.9208285219226607,1.0,0.9063042008407561,1.0,1.0,1.0
clause_kind_1_2_3gram,Thronbesteigungslied,36,4685,0.007625503071383181,0.00866788192197214,0.0033344459480290738,0.017892765695162308,0.581373769714218,0.4801172472212418,0.7583965486413691,0.04602934180713636,0.12693653173413294,0.936031984007996,2000,0.07421057148497495,0.3675634228437859,0.19662717660777457,0.973890331415868,1.0,1.0
clause_kind_1_2_3gram,Tora,3,1578,0.0018975332068311196,0.0016921579233152159,0.0012224700658336593,0.003146112872143882,0.28432615124630334,0.2555729155121305,0.33162017012063444,0.9020204735141357,0.952023988005997,1.0,2000,0.9274361627994324,1.0,0.9767518837983605,1.0,1.0,1.0
clause_kind_1_2_3gram,Wallfahrtslied,0,528,0.0,nan,nan,nan,nan,nan,nan,nan,nan,0.0004997501249375312,2000,nan,nan,nan,nan,0.0004997501249375312,0.002475252013466025
clause_kind_1_2_3gram,Weisheitsgedicht,465,15452,0.029214047873342967,0.028813188010134265,0.019238972966554448,0.043276955550813324,0.4967311187750342,0.4368210365384105,0.5899113265535038,0.5950633575329152,0.5212393803098451,1.0,2000,0.999985157416146,1.0,0.8930058780133743,1.0,1.0,1.0
clause_kind_1_2_3gram,Zionslied,15,3140,0.004754358161648178,0.012021480940743757,0.00419487795021527,0.03962130178133266,0.7720276008492569,0.5272467008876524,0.8947278553910878,0.00013616471660495306,0.004997501249375313,0.2613693153423288,2000,0.00045670999827979305,0.0022620751579670575,0.014476095285690488,0.07169979999006587,0.7907018712865791,1.0
clause_kind_1_2_3gram,prophetische Gerichtsrede,1,1050,0.0009514747859181732,0.005917159763313609,nan,nan,0.840952380952381,nan,nan,0.11929835241453907,0.10291164658634538,0.14642678660669664,2000,0.390983073497538,1.0,0.36427190242451285,1.0,0.5424244399539361,1.0
clause_kind_1_2_3gram,prophetische Redeweise,91,7217,0.012452107279693486,0.012615429346611511,0.0058097989250687375,0.028681929253318292,0.4622510647174635,0.41767163211007724,0.6011020563327878,0.8924390115280023,0.750624687656172,1.0,2000,0.9999613427340172,1.0,0.9930034982508745,1.0,1.0,1.0
clause_kind_1_2_3gram,"prophetische Schelt-, Droh- und Mahnrede",21,3656,0.005711177590426979,0.007973811821874833,0.002690453187166965,0.02595597100424201,0.62509117432531,0.5259396811530032,0.990865360173822,0.023865319631986962,0.07596201899050475,0.7886056971514243,2000,0.2916989963951698,1.0,0.7514409461935699,1.0,1.0,1.0
clause_kind_1_2_3gram,prophetische Tora,0,525,0.0,nan,nan,nan,nan,nan,nan,nan,nan,0.0004997501249375312,2000,nan,nan,nan,nan,0.0004997501249375312,0.002475252013466025
clause_kind_1_2_3gram,prophetisches Stück,28,4173,0.006665079742918353,0.009664447797001185,0.003847951452385402,0.03591573864309367,0.5928032248125706,0.4071192382278949,0.7258912189152492,0.045021405522439245,0.11344327836081959,0.9055472263868066,2000,0.5109434815090951,1.0,0.5625937031484257,1.0,1.0,1.0
clause_kind_1_2_3gram_psalm,Danklied Israels,6,2097,0.0028530670470756064,0.002881974464634837,0.001394903114854515,0.0053656561006561534,0.4546574471467175,0.22123660135351841,0.645788153289389,0.6496803275254149,0.6266866566716641,1.0,2000,0.9789087076252553,1.0,0.9895372826407309,1.0,1.0,1.0
clause_kind_1_2_3gram_psalm,Danklied des Einzelnen,1596,26866,0.056074766355140186,0.06518322909093369,0.048026350598904935,0.09261583317099817,0.5543971407712313,0.5090634275159026,0.6060453217812029,1.2981489904364558e-13,0.02048975512243878,0.9905047476261869,2000,4.1021508097792006e-13,2.0317867959945947e-12,0.0652942759389536,0.32340119575938797,1.0,1.0
clause_kind_1_2_3gram_psalm,Fluch,15,3142,0.004751346214760849,0.006019266404254286,0.002889939383344343,0.019701293483626068,0.5857415658816041,0.4267286675096979,0.8442459675738464,0.12562743005085758,0.15342328835582209,0.9320339830084957,2000,0.988782647201491,1.0,0.9860069965017492,1.0,1.0,1.0
clause_kind_1_2_3gram_psalm,Hymnus,11026,56707,0.16278623418422336,0.1755317916691576,0.14247463052650933,0.2160238112735761,0.5144109981351469,0.47815236436635483,0.5581722368410902,8.079580019203256e-07,0.1729135432283858,1.0,2000,2.1276227383901907e-06,1.0538071336659932e-05,0.4553389971680826,1.0,1.0,1.0
clause_kind_1_2_3gram_psalm,Klagelied des Einzelnen,5565,44872,0.11033566627674128,0.1414443184100879,0.08699269617935147,0.21950994466983312,0.5550702271106137,0.501875731116348,0.6433578285886753,2.2160821583751694e-41,0.004997501249375313,0.9900049975012494,2000,2.8237175888973933e-41,1.3985814707402783e-40,0.006168790604697652,0.03055389204122125,1.0,1.0
clause_kind_1_2_3gram_psalm,Klagelied des Volkes,496,15918,0.030218106494455953,0.02680694002113046,0.012746122792333791,0.04021270614160706,0.46585411017756323,0.38200578186455214,0.5276672796190259,0.9952587240940731,0.8570714642678661,1.0,2000,0.9999906926869576,1.0,0.9272799497687054,1.0,1.0,1.0
clause_kind_1_2_3gram_psalm,Königspsalm,325,13088,0.024230224409155298,0.023246977698312885,0.011036104971313758,0.037609681515793206,0.48750434925709984,0.3952837493399865,0.5662482928981052,0.7795933271921642,0.623688155922039,1.0,2000,0.9997904174423975,1.0,0.8824094446283351,1.0,1.0,1.0
clause_kind_1_2_3gram_psalm,Legende,3,1579,0.0018963337547408343,0.013655192431363917,0.003165784040641774,0.02189116394742935,0.9026810217437197,0.73873476287276,0.9533722599452407,0.007919838047148905,0.010494752623688156,0.08545727136431784,2000,0.012267984425975756,0.06076307265628422,0.016256577593556164,0.08051849196745366,0.1281246169368146,0.6345985728108745
clause_kind_1_2_3gram_psalm,Liturgie,153,9176,0.01640047164755065,0.015716240691304846,0.007213505791061861,0.030796655383809043,0.4417502179598954,0.3406045423795071,0.5082268024970656,0.9933429708346044,0.9320339830084957,1.0,2000,0.9999999998364674,1.0,1.0,1.0,1.0,1.0
clause_kind_1_2_3gram_psalm,Mischgedicht,45,5099,0.008748055987558321,0.009654649189515759,0.00451296376707009,0.020867238293458257,0.5058268505807239,0.3734401320389673,0.6418738104951375,0.44640570890758313,0.4292853573213393,1.0,2000,0.5343341061166526,1.0,0.5138415640664517,1.0,1.0,1.0
clause_kind_1_2_3gram_psalm,Segensspruch,253,11656,0.021244436980434964,0.020895876734722464,0.009759500667629529,0.033444645121830416,0.47324623393675347,0.4028737138802584,0.5641435689352859,0.9276263380805118,0.7611194402798601,1.0,2000,0.9999999994948561,1.0,0.9985007496251874,1.0,1.0,1.0
clause_kind_1_2_3gram_psalm,Segenswunsch,45,5196,0.008586147681740127,0.008257865524434832,0.0026961004327932746,0.026293190351620137,0.41069198528782824,0.26616663046694783,0.5460934466523064,0.9805984674644079,0.9405297351324338,1.0,2000,0.9999999999519258,1.0,1.0,1.0,1.0,1.0
clause_kind_1_2_3gram_psalm,Siegeslied,10,2622,0.003799392097264438,0.0026011087782306986,0.0013793169440477237,0.005745654161637407,0.24740655987795576,0.15250055896952816,0.372553512361146,0.9971233816343443,0.9945027486256871,1.0,2000,0.9971233816343443,1.0,0.9945027486256871,1.0,1.0,1.0
clause_kind_1_2_3gram_psalm,Thronbesteigungslied,36,4685,0.007625503071383181,0.01787462197517835,0.0010536165233140595,0.05376555794154763,0.43619115380054546,0.1353338845760236,0.6125972899137659,0.9067687695805124,0.8305847076461769,1.0,2000,0.9551297706248063,1.0,0.8854106280193236,1.0,1.0,1.0
clause_kind_1_2_3gram_psalm,Tora,3,1578,0.0018975332068311196,1.0,1.0,1.0,1.0,1.0,1.0,0.0013664705614714284,0.0009995002498750624,0.0009995002498750624,2000,0.0027897801675024784,0.013817723362452928,0.0019740129935032482,0.009777245453190798,0.0026320173246709975,0.013036327270921067
clause_kind_1_2_3gram_psalm,Wallfahrtslied,0,528,0.0,nan,nan,nan,nan,nan,nan,nan,nan,0.0004997501249375312,2000,nan,nan,nan,nan,0.0004997501249375312,0.002475252013466025
clause_kind_1_2_3gram_psalm,Weisheitsgedicht,465,15452,0.029214047873342967,0.029426104398567434,0.020515428313609342,0.04708347427051354,0.5034273323702398,0.4465388849055598,0.5820798118526439,0.4004278385318294,0.42278860569715143,1.0,2000,0.999985157416146,1.0,0.8930058780133743,1.0,1.0,1.0
clause_kind_1_2_3gram_psalm,Zionslied,15,3140,0.004754358161648178,0.00436096538709421,0.0017566867454793112,0.020544516652612307,0.40767515923566877,0.19772277010883393,0.6654396566433727,0.8917131752475479,0.8670664667666167,1.0,2000,0.9439600988636554,1.0,0.9267190728959844,1.0,1.0,1.0
clause_kind_1_2_3gram_psalm,prophetische Gerichtsrede,1,1050,0.0009514747859181732,0.006493506493506494,nan,nan,0.8552380952380952,nan,nan,0.10972684536831773,0.10893574297188754,0.14492753623188406,2000,0.390983073497538,1.0,0.36427190242451285,1.0,0.5424244399539361,1.0
clause_kind_1_2_3gram_psalm,prophetische Redeweise,91,7217,0.012452107279693486,0.018064903163689323,0.0026086668549610225,0.05959342519643515,0.409130913426327,0.30098752682326935,0.4868781810537078,0.9985769552260797,0.9765117441279361,1.0,2000,0.9999613427340172,1.0,0.9930034982508745,1.0,1.0,1.0
clause_kind_1_2_3gram_psalm,"prophetische Schelt-, Droh- und Mahnrede",21,3656,0.005711177590426979,0.01566043667486009,0.0027041395067119557,0.14211012557417657,0.5338126497863915,0.24625307962002044,0.6779703093371234,0.29630549886953017,0.2913543228385807,1.0,2000,0.8287155809202843,1.0,0.7514409461935699,1.0,1.0,1.0
clause_kind_1_2_3gram_psalm,prophetische Tora,0,525,0.0,nan,nan,nan,nan,nan,nan,nan,nan,0.0004997501249375312,2000,nan,nan,nan,nan,0.0004997501249375312,0.002475252013466025
clause_kind_1_2_3gram_psalm,prophetisches Stück,28,4173,0.006665079742918353,0.013446841563449205,0.002698653009732982,0.13016341041993681,0.5369210229023313,0.3301065254734857,0.9448724156020333,0.2500401206809011,0.29685157421289354,0.999000499750125,2000,0.5378526444902835,1.0,0.5625937031484257,1.0,1.0,1.0
clause_kind_1_2gram,Danklied Israels,6,2097,0.0028530670470756064,0.0073843587983913215,0.0021386332447890046,0.02057432772513506,0.7145922746781116,0.38923291180262365,0.9496899401806717,0.034564242459403274,0.041979010494752625,0.4332833583208396,2000,0.6826437885732146,1.0,0.7501249375312344,1.0,1.0,1.0
clause_kind_1_2gram,Danklied des Einzelnen,1596,26866,0.056074766355140186,0.06055721341155485,0.0466064086827022,0.08530792962087431,0.5228348778967444,0.4833229049962039,0.5704696176825622,0.0010694698801783913,0.1724137931034483,1.0,2000,0.0018352595869615713,0.009090002705706769,0.2932819304633397,1.0,1.0,1.0
clause_kind_1_2gram,Fluch,15,3142,0.004751346214760849,0.005962199161379645,0.002448077971203517,0.03780300604380922,0.5284744324209633,0.35179558447746573,0.7559327374120387,0.3516276308382067,0.33833083458270863,0.9995002498750625,2000,0.988782647201491,1.0,0.9860069965017492,1.0,1.0,1.0
clause_kind_1_2gram,Hymnus,11026,56707,0.16278623418422336,0.14056127153466497,0.11625194083910322,0.16424111779451026,0.43140336313562916,0.4052424805011146,0.4639056758093216,1.0,1.0,1.0,2000,1.0,1.0,1.0,1.0,1.0,1.0
clause_kind_1_2gram,Klagelied des Einzelnen,5565,44872,0.11033566627674128,0.13784380692731815,0.1026613060258269,0.22176592555696323,0.5807031024615971,0.5363484330474679,0.612495147810728,1.913732461293271e-86,0.0004997501249375312,0.935032483758121,2000,6.047394577686737e-86,2.995262003488988e-85,0.0008773391082236659,0.004345442423640355,1.0,1.0
clause_kind_1_2gram,Klagelied des Volkes,496,15918,0.030218106494455953,0.03596610323028519,0.02114993604013311,0.053356968505161084,0.5695411260938115,0.49330537538729285,0.6554554143282163,6.346938065451227e-08,0.026986506746626688,0.9610194902548725,2000,2.3876576531935567e-07,1.1826018881483368e-06,0.09612585011841907,0.476109343807552,1.0,1.0
clause_kind_1_2gram,Königspsalm,325,13088,0.024230224409155298,0.024738931409531248,0.014000341578291145,0.042529562295566974,0.4708932433703216,0.40783065003739355,0.5752429195013774,0.9637134270918252,0.7811094452773614,1.0,2000,0.9997904174423975,1.0,0.8824094446283351,1.0,1.0,1.0
clause_kind_1_2gram,Legende,3,1579,0.0018963337547408343,0.025981908960632363,0.005452628713411109,0.04495415424890691,0.9278024065864471,0.8138037801654138,0.9781807502473856,0.005186893538117199,0.0069965017491254375,0.07246376811594203,2000,0.00910587976691686,0.04510123380210844,0.011280074248589992,0.05586997401823314,0.11926328502415459,0.5907085794636108
clause_kind_1_2gram,Liturgie,153,9176,0.01640047164755065,0.025379318935852324,0.013309419943504342,0.04365961827657178,0.6447542181650341,0.5636314591436378,0.7211153429986339,3.8471982357400896e-10,0.0034982508745627187,0.6921539230384808,2000,1.2663694192644461e-09,6.272301493107068e-09,0.01062930073424826,0.052646706286412,1.0,1.0
clause_kind_1_2gram,Mischgedicht,45,5099,0.008748055987558321,0.01950362748469347,0.008281448045295568,0.05032012563492582,0.7155673225686954,0.6174917546136316,0.8640156600214038,3.0682917890314987e-07,0.0034982508745627187,0.42978510744627685,2000,8.079835044449614e-07,4.001925555245676e-06,0.008636306846576711,0.04277544885770975,1.0,1.0
clause_kind_1_2gram,Segensspruch,253,11656,0.021244436980434964,0.020327114282691794,0.010003811973529769,0.03908509003309119,0.4636588121675108,0.4095988460515948,0.5514704612603428,0.9762029672365428,0.8285857071464268,1.0,2000,0.9999999994948561,1.0,0.9985007496251874,1.0,1.0,1.0
clause_kind_1_2gram,Segenswunsch,45,5196,0.008586147681740127,0.009547951401986866,0.003243251686455586,0.03032796678076394,0.4863548883756736,0.36227122419814495,0.7039914077756096,0.6239017899867868,0.5467266366816592,1.0,2000,0.9999999999519258,1.0,1.0,1.0,1.0,1.0
clause_kind_1_2gram,Siegeslied,10,2622,0.003799392097264438,0.0065062736896556485,0.0015831625614835998,0.057649758940566356,0.4268497330282227,0.14497826239592831,0.9150378044969458,0.7881093079226476,0.7456271864067966,1.0,2000,0.9208285219226607,1.0,0.9063042008407561,1.0,1.0,1.0
clause_kind_1_2gram,Thronbesteigungslied,36,4685,0.007625503071383181,0.008743436781390324,0.003384633536409336,0.018261473255886503,0.5794586742558995,0.4641419067043315,0.7401395522505892,0.04998613015581107,0.13093453273363317,0.9385307346326837,2000,0.07897808564618149,0.39117682169632123,0.19891977088378884,0.9852455033599958,1.0,1.0
clause_kind_1_2gram,Tora,3,1578,0.0018975332068311196,0.00165018803487339,0.0011822410895933639,0.0030648138931900814,0.2662653147444022,0.23985612791840843,0.30839565232605587,0.919450993351395,0.9655172413793104,1.0,2000,0.9286847469377614,1.0,0.97789566755084,1.0,1.0,1.0
clause_kind_1_2gram,Wallfahrtslied,0,528,0.0,nan,nan,nan,nan,nan,nan,nan,nan,0.0004997501249375312,2000,nan,nan,nan,nan,0.0004997501249375312,0.002475252013466025
clause_kind_1_2gram,Weisheitsgedicht,465,15452,0.029214047873342967,0.0287521162272768,0.019199742641279802,0.04264320637104155,0.49285000514948824,0.43377592561824335,0.5903868216656167,0.7006369342052826,0.567216391804098,1.0,2000,0.999985157416146,1.0,0.8930058780133743,1.0,1.0,1.0
clause_kind_1_2gram,Zionslied,15,3140,0.004754358161648178,0.01148136839607024,0.003879832978047391,0.036191523504673494,0.7619214437367303,0.5053894209508268,0.8925491211917946,0.00022826462579938342,0.0069965017491254375,0.2898550724637681,2000,0.0006218243254534927,0.0030798829991154227,0.015792103948025986,0.0782179636255264,0.7907018712865791,1.0
clause_kind_1_2gram,prophetische Gerichtsrede,1,1050,0.0009514747859181732,0.004464285714285714,nan,nan,0.7885714285714286,nan,nan,0.15933507475665154,0.15110441767068272,0.2273863068465767,2000,0.390983073497538,1.0,0.3869721309480346,1.0,0.5832890006609599,1.0
clause_kind_1_2gram,prophetische Redeweise,91,7217,0.012452107279693486,0.012235970480220727,0.005762867300210691,0.027985323446547042,0.4506210153986238,0.41059414758463986,0.6254984583131434,0.947545430807619,0.8340829585207397,1.0,2000,0.9999613427340172,1.0,0.9930034982508745,1.0,1.0,1.0
clause_kind_1_2gram,"prophetische Schelt-, Droh- und Mahnrede",21,3656,0.005711177590426979,0.0078883991592633,0.0026984693439942513,0.021412450847319745,0.6192690424090862,0.5108301178656219,0.9929082471359889,0.02953913887546023,0.08445777111444278,0.809095452273863,2000,0.2916989963951698,1.0,0.7514409461935699,1.0,1.0,1.0
clause_kind_1_2gram,prophetische Tora,0,525,0.0,nan,nan,nan,nan,nan,nan,nan,nan,0.0004997501249375312,2000,nan,nan,nan,nan,0.0004997501249375312,0.002475252013466025
clause_kind_1_2gram,prophetisches Stück,28,4173,0.006665079742918353,0.00913759536209289,0.0036346975885609427,0.02680674885284275,0.5920843175516073,0.3949056198614427,0.729738668133946,0.046280572600799846,0.11244377811094453,0.9085457271364318,2000,0.5109434815090951,1.0,0.5625937031484257,1.0,1.0,1.0
clause_kind_1_2gram_psalm,Danklied Israels,6,2097,0.0028530670470756064,0.003543896701832689,0.0012665952126529301,0.01152178320731859,0.39886345573040854,0.07776364997182093,0.8908214609292902,0.8043102112893784,0.7926036981509246,1.0,2000,0.9789087076252553,1.0,0.9895372826407309,1.0,1.0,1.0
clause_kind_1_2gram_psalm,Danklied des Einzelnen,1596,26866,0.056074766355140186,0.06472950402296433,0.04784400424045262,0.09323850622892656,0.5488917008892364,0.5039916499105874,0.6046397386744784,2.4554574512681774e-11,0.02848575712143928,0.9875062468765617,2000,7.184486616673556e-11,3.55846133422455e-10,0.07759913146874838,0.3843468902288797,1.0,1.0
clause_kind_1_2gram_psalm,Fluch,15,3142,0.004751346214760849,0.004864385810865207,0.002363481177116213,0.0271206195726148,0.5103755569700827,0.38603589487782514,0.8977768765337298,0.44483949268249207,0.40429785107446276,1.0,2000,0.988782647201491,1.0,0.9860069965017492,1.0,1.0,1.0
clause_kind_1_2gram_psalm,Hymnus,11026,56707,0.16278623418422336,0.1762404143455314,0.14492921816372092,0.21590124881760964,0.5150500930840006,0.48330350857187326,0.5535005556964382,2.735035201657037e-07,0.16741629185407297,1.0,2000,7.45061313554848e-07,3.69027324758109e-06,0.4553389971680826,1.0,1.0,1.0
clause_kind_1_2gram_psalm,Klagelied des Einzelnen,5565,44872,0.11033566627674128,0.14385272584011863,0.08859864289364804,0.2189802153739593,0.5551897805109456,0.5078978502225496,0.6369733029665524,1.4948489810285848e-41,0.004497751124437781,0.984007996001999,2000,1.9359519590370198e-41,9.588729938144337e-41,0.00582495637427188,0.028850888222530225,1.0,1.0
clause_kind_1_2gram_psalm,Klagelied des Volkes,496,15918,0.030218106494455953,0.027631181588312605,0.013872251691621108,0.04236142578919368,0.47582538686169845,0.40700182515203304,0.5360166134375915,0.9668660426666931,0.7711144427786107,1.0,2000,0.9999906926869576,1.0,0.9272799497687054,1.0,1.0,1.0
clause_kind_1_2gram_psalm,Königspsalm,325,13088,0.024230224409155298,0.02146027304610234,0.010514768026494902,0.03308513320868571,0.4662510579274027,0.39382791447369286,0.5386896666539792,0.9813224661480124,0.8355822088955522,1.0,2000,0.9997904174423975,1.0,0.8824094446283351,1.0,1.0,1.0
clause_kind_1_2gram_psalm,Legende,3,1579,0.0018963337547408343,0.048022951076167844,0.003432102046099093,0.13636363636363635,0.881148406164239,0.6340436734794405,0.9703948461813141,0.011199102307638127,0.012993503248375811,0.09745127436281859,2000,0.016693001552894566,0.08268009079489212,0.01900901401151276,0.09415125251220768,0.14256760508634572,0.7061343938415576
clause_kind_1_2gram_psalm,Liturgie,153,9176,0.01640047164755065,0.01375719462997451,0.006204009244086812,0.025004485667100992,0.4133890769327202,0.34803928498394543,0.4822548182363202,0.9998835760666739,0.9960019990004998,1.0,2000,0.9999999998364674,1.0,1.0,1.0,1.0,1.0
clause_kind_1_2gram_psalm,Mischgedicht,45,5099,0.008748055987558321,0.008868206638329186,0.004633691700224084,0.016230353119524192,0.5106077444379072,0.3637080652643131,0.6436390625716681,0.40309327938055434,0.3888055972013993,1.0,2000,0.5192644958578634,1.0,0.4898019740129935,1.0,1.0,1.0
clause_kind_1_2gram_psalm,Segensspruch,253,11656,0.021244436980434964,0.018937526544894195,0.009526652228355718,0.02884018532898641,0.4671583414943804,0.4095457608276692,0.5367014515788148,0.9632879161442134,0.8100949525237381,1.0,2000,0.9999999994948561,1.0,0.9985007496251874,1.0,1.0,1.0
clause_kind_1_2gram_psalm,Segenswunsch,45,5196,0.008586147681740127,0.006136887799113576,0.002322138173209451,0.012851757038070214,0.3363228124198101,0.27279411912543616,0.56432599641566,0.9999237202497421,1.0,1.0,2000,0.9999999999519258,1.0,1.0,1.0,1.0,1.0
clause_kind_1_2gram_psalm,Siegeslied,10,2622,0.003799392097264438,0.0038266781691657847,0.001536358575113382,0.01440074666251589,0.4314645308924485,0.21128378308861592,0.7285250837112499,0.7732004607216997,0.7381309345327336,1.0,2000,0.9208285219226607,1.0,0.9063042008407561,1.0,1.0,1.0
clause_kind_1_2gram_psalm,Thronbesteigungslied,36,4685,0.007625503071383181,0.017920953022393372,0.0011041464922652323,0.04655697381808528,0.5889244634175264,0.2912561128517854,0.7995252574544784,0.03281292387071506,0.09695152423788106,0.9255372313843079,2000,0.05400460387055187,0.26748368393850425,0.162856071964018,0.806622749888241,1.0,1.0
clause_kind_1_2gram_psalm,Tora,3,1578,0.0018975332068311196,1.0,1.0,1.0,1.0,1.0,1.0,0.0013664701025341282,0.0009995002498750624,0.0009995002498750624,2000,0.0027897801675024784,0.013817723362452928,0.0019740129935032482,0.009777245453190798,0.0026320173246709975,0.013036327270921067
clause_kind_1_2gram_psalm,Wallfahrtslied,0,528,0.0,nan,nan,nan,nan,nan,nan,nan,nan,0.0004997501249375312,2000,nan,nan,nan,nan,0.0004997501249375312,0.002475252013466025
clause_kind_1_2gram_psalm,Weisheitsgedicht,465,15452,0.029214047873342967,0.028105385422382542,0.019694517262350317,0.04294458355744669,0.4806882360636755,0.4293334167334773,0.5587159276282955,0.9223871450289945,0.712143928035982,1.0,2000,0.999985157416146,1.0,0.8930058780133743,1.0,1.0,1.0
clause_kind_1_2gram_psalm,Zionslied,15,3140,0.004754358161648178,0.008075443863183287,0.0016388050556182935,0.026964485631248637,0.633343949044586,0.44883783099967905,0.9644218859079332,0.037183444635854504,0.05747126436781609,0.7576211894052973,2000,0.061197752629843866,0.30311120069365016,0.10089399744572158,0.4997258787186409,1.0,1.0
clause_kind_1_2gram_psalm,prophetische Gerichtsrede,1,1050,0.0009514747859181732,0.0026246719160104987,nan,nan,0.6390476190476191,nan,nan,0.31573644992930544,0.3232931726907631,0.7436281859070465,2000,0.5307059477535134,1.0,0.5320866800535475,1.0,1.0,1.0
clause_kind_1_2gram_psalm,prophetische Redeweise,91,7217,0.012452107279693486,0.017234785682471665,0.003474571372980288,0.0657217267549684,0.4464230517992469,0.34348937207841435,0.5165268093688433,0.9607392173754778,0.8600699650174912,1.0,2000,0.9999613427340172,1.0,0.9930034982508745,1.0,1.0,1.0
clause_kind_1_2gram_psalm,"prophetische Schelt-, Droh- und Mahnrede",21,3656,0.005711177590426979,0.011886394508071586,0.0021063532252035303,0.09769226586202896,0.5215952901948525,0.23149185067749606,0.6515038561715943,0.36629220736720713,0.3403298350824588,1.0,2000,0.8287155809202843,1.0,0.7514409461935699,1.0,1.0,1.0
clause_kind_1_2gram_psalm,prophetische Tora,0,525,0.0,nan,nan,nan,nan,nan,nan,nan,nan,0.0004997501249375312,2000,nan,nan,nan,nan,0.0004997501249375312,0.002475252013466025
clause_kind_1_2gram_psalm,prophetisches Stück,28,4173,0.006665079742918353,0.011957770438100342,0.002553283208962233,0.11157558626761553,0.4810773338810722,0.26885228507085557,0.7073612766618191,0.6352314098658641,0.5777111444277861,1.0,2000,0.9714858056745862,1.0,0.8745250016501182,1.0,1.0,1.0
clause_kind_1gram,Danklied Israels,6,2097,0.0028530670470756064,0.004759500416993193,0.0018088523668056847,0.020861538954336747,0.5876649181370212,0.45516727499927717,0.9586218242031576,0.2289097692801057,0.20839580209895053,0.9090454772613693,2000,0.835369597573365,1.0,0.7811451417148568,1.0,1.0,1.0
clause_kind_1gram,Danklied des Einzelnen,1596,26866,0.056074766355140186,0.07227026999926187,0.05469922209171026,0.11032688670154371,0.5642996817772116,0.5210777759414754,0.631069745011817,2.661227100388257e-18,0.005997001499250375,0.9660169915042479,2000,1.1065102154245912e-17,5.48052216893954e-17,0.034545227386306845,0.171101795430839,1.0,1.0
clause_kind_1gram,Fluch,15,3142,0.004751346214760849,0.007862256122878681,0.003421759738700367,0.02036273408909898,0.6002864417568428,0.3235002822696217,0.8892261325593345,0.08971071473427533,0.13793103448275862,0.8740629685157422,2000,0.988782647201491,1.0,0.9860069965017492,1.0,1.0,1.0
clause_kind_1gram,Hymnus,11026,56707,0.16278623418422336,0.14641418622997357,0.12379572383375712,0.17361601216716677,0.44080023960666753,0.42083704031356234,0.46726742721737186,1.0,1.0,1.0,2000,1.0,1.0,1.0,1.0,1.0,1.0
clause_kind_1gram,Klagelied des Einzelnen,5565,44872,0.11033566627674128,0.1313882903655571,0.10071520868394884,0.20386555055122624,0.5714354012779808,0.52413742211106,0.6065319667791669,3.317339661771993e-68,0.0004997501249375312,0.9485257371314343,2000,6.239757935237796e-68,3.090539175886867e-67,0.0008773391082236659,0.004345442423640355,1.0,1.0
clause_kind_1gram,Klagelied des Volkes,496,15918,0.030218106494455953,0.03546057830025844,0.02022585491312278,0.05344045216684993,0.5614740134925363,0.4813502593054615,0.6449224387836722,1.5033497435112714e-06,0.02798600699650175,0.9715142428785607,2000,5.163679553799585e-06,2.5575597833083973e-05,0.09612585011841907,0.476109343807552,1.0,1.0
clause_kind_1gram,Königspsalm,325,13088,0.024230224409155298,0.023140084076816468,0.014058942224485517,0.03568783510633286,0.4777353300733496,0.4239898006344623,0.5648548182272093,0.9152010786179581,0.7286356821589205,1.0,2000,0.9997904174423975,1.0,0.8824094446283351,1.0,1.0,1.0
clause_kind_1gram,Legende,3,1579,0.0018963337547408343,0.005061879244845809,0.002557551515148759,0.006976583235990716,0.7470973189782563,0.5666352941626825,0.8528445966784131,0.06935259960156141,0.07496251874062969,0.36481759120439783,2000,0.08057140247828459,0.399068486950523,0.08972786334105676,0.44442024787230905,0.4366756015931429,1.0
clause_kind_1gram,Liturgie,153,9176,0.01640047164755065,0.02305649727505302,0.012215626720121164,0.038555755660713856,0.5946198807916075,0.5203376200371168,0.6669577778634086,2.9005899695852454e-05,0.0239880059970015,0.8910544727636182,2000,7.39182605152369e-05,0.0003661156126676649,0.05862220404949041,0.29035456194324194,1.0,1.0
clause_kind_1gram,Mischgedicht,45,5099,0.008748055987558321,0.017419074715128356,0.007456833191514867,0.04851053727932752,0.6675971323353163,0.5409583293326689,0.8504987379354401,5.2825138765063896e-05,0.01199400299850075,0.5987006496751625,2000,0.00012274076360117787,0.0006079324587985841,0.027072178196615976,0.13408793764375954,1.0,1.0
clause_kind_1gram,Segensspruch,253,11656,0.021244436980434964,0.020567729554717987,0.011341706072605453,0.03691273915951514,0.46428886308701894,0.4132188431965777,0.5418112826682081,0.9742157291066998,0.8440779610194903,1.0,2000,0.9999999994948561,1.0,0.9985007496251874,1.0,1.0,1.0
clause_kind_1gram,Segenswunsch,45,5196,0.008586147681740127,0.01195634078192325,0.004312728622701727,0.033217505279137464,0.4942926182533573,0.3639030933423379,0.7367236111094084,0.5525741488146927,0.49025487256371814,1.0,2000,0.9999999999519258,1.0,1.0,1.0,1.0,1.0
clause_kind_1gram,Siegeslied,10,2622,0.003799392097264438,0.0035181471115687747,0.0015998760905122605,0.011379414576462991,0.38447749809305876,0.2184605350951338,0.9191040483400029,0.896804481062971,0.9155422288855573,1.0,2000,0.9322046579470356,1.0,0.9408607384619379,1.0,1.0,1.0
clause_kind_1gram,Thronbesteigungslied,36,4685,0.007625503071383181,0.007860330399299842,0.0026473153436096433,0.015156927895907845,0.5304992292185462,0.36706094783962573,0.6932453754877668,0.26388527066357576,0.29735132433783107,0.999000499750125,2000,0.33624090939391105,1.0,0.3850943380768632,1.0,1.0,1.0
clause_kind_1gram,Tora,3,1578,0.0018975332068311196,0.001573041524388141,0.0011199502885260119,0.0028759025507889987,0.25559780312632024,0.2291394857509601,0.3020920848451729,0.9286847469377614,0.9850074962518741,1.0,2000,0.9286847469377614,1.0,0.9850074962518741,1.0,1.0,1.0
clause_kind_1gram,Wallfahrtslied,0,528,0.0,nan,nan,nan,nan,nan,nan,nan,nan,0.0004997501249375312,2000,nan,nan,nan,nan,0.0004997501249375312,0.002475252013466025
clause_kind_1gram,Weisheitsgedicht,465,15452,0.029214047873342967,0.027927374388667,0.018820063071348453,0.03972074926516727,0.4925745771156742,0.44051314024607363,0.5777547298750765,0.7076453222223443,0.5757121439280359,1.0,2000,0.999985157416146,1.0,0.8930058780133743,1.0,1.0,1.0
clause_kind_1gram,Zionslied,15,3140,0.004754358161648178,0.015832710087796433,0.0046931355092284886,0.10972809646393211,0.7716454352441614,0.5955457741219221,0.9022432052934994,0.00013874734124955738,0.004497751124437781,0.31084457771114443,2000,0.00045670999827979305,0.0022620751579670575,0.013666243801176333,0.067688622368244,0.7907018712865791,1.0
clause_kind_1gram,prophetische Gerichtsrede,1,1050,0.0009514747859181732,0.0049261083743842365,nan,nan,0.8085714285714286,nan,nan,0.14295492937609827,0.1576305220883534,0.25087456271864067,2000,0.390983073497538,1.0,0.3869721309480346,1.0,0.6193465767116442,1.0
clause_kind_1gram,prophetische Redeweise,91,7217,0.012452107279693486,0.010757246939466574,0.005372767522685528,0.02195165207633148,0.43514625875717744,0.3960614443047824,0.7965390761971634,0.9834063895849192,0.935032483758121,1.0,2000,0.9999613427340172,1.0,0.9930034982508745,1.0,1.0,1.0
clause_kind_1gram,"prophetische Schelt-, Droh- und Mahnrede",21,3656,0.005711177590426979,0.006341692168293124,0.002267651579045655,0.016077747531323,0.5503021777638846,0.36597439372891705,0.7390945595072993,0.21297819473551022,0.2518740629685157,0.9860069965017492,2000,0.7655368811980237,1.0,0.7514409461935699,1.0,1.0,1.0
clause_kind_1gram,prophetische Tora,0,525,0.0,nan,nan,nan,nan,nan,nan,nan,nan,0.0004997501249375312,2000,nan,nan,nan,nan,0.0004997501249375312,0.002475252013466025
clause_kind_1gram,prophetisches Stück,28,4173,0.006665079742918353,0.010064439502435588,0.003548714178952224,0.025308357420019082,0.6215851905104242,0.33851393299984334,0.8018996621631123,0.013173822085622056,0.05997001499250375,0.7821089455272364,2000,0.4005414204363068,1.0,0.5625937031484257,1.0,1.0,1.0
clause_kind_1gram_psalm,Danklied Israels,6,2097,0.0028530670470756064,0.002568329282453166,0.0012328914451911668,0.0051839699634834814,0.3846367827054522,0.1738061851887688,0.733930295838111,0.8358743923373952,0.8335832083958021,1.0,2000,0.9789087076252553,1.0,0.9895372826407309,1.0,1.0,1.0
clause_kind_1gram_psalm,Danklied des Einzelnen,1596,26866,0.056074766355140186,0.06524489600839165,0.04898356566039735,0.09105270136201235,0.5659099896506695,0.5108095706041765,0.618982073406868,3.9377859290870327e-19,0.0069965017491254375,0.9710144927536232,2000,1.9442818024867222e-18,9.629987480147575e-18,0.034545227386306845,0.171101795430839,1.0,1.0
clause_kind_1gram_psalm,Fluch,15,3142,0.004751346214760849,0.004290646662029404,0.0018970969854772497,0.01079448811638472,0.42771058773604925,0.277234960925554,0.8002929043572011,0.8333696541295075,0.7976011994002998,1.0,2000,0.988782647201491,1.0,0.9860069965017492,1.0,1.0,1.0
clause_kind_1gram_psalm,Hymnus,11026,56707,0.16278623418422336,0.17102969042043395,0.14210740818920017,0.20988822201651228,0.5080380342126137,0.47699079953488177,0.5432072861729248,0.0037335711257962725,0.2798600699650175,1.0,2000,0.008427203398225872,0.04173976381087199,0.6316841579210395,1.0,1.0,1.0
clause_kind_1gram_psalm,Klagelied des Einzelnen,5565,44872,0.11033566627674128,0.1378260570312958,0.08771588930056601,0.21747342093871613,0.5464353472158482,0.506901517880724,0.6185084799706025,5.322750379157105e-30,0.008995502248875561,0.9940029985007496,2000,6.37117090838502e-30,3.155627749185148e-29,0.010606636980017453,0.052534453181323694,1.0,1.0
clause_kind_1gram_psalm,Klagelied des Volkes,496,15918,0.030218106494455953,0.028281009252800846,0.014642906229276456,0.04298235342963791,0.483261113407828,0.43321120005320957,0.5413409264537559,0.8982597275819812,0.6906546726636682,1.0,2000,0.9999906926869576,1.0,0.9272799497687054,1.0,1.0,1.0
clause_kind_1gram_psalm,Königspsalm,325,13088,0.024230224409155298,0.023152495086398495,0.011574362855289731,0.03641683215117473,0.47392596859131086,0.42218738660572835,0.5595350773836572,0.9461287887556317,0.7806096951524237,1.0,2000,0.9997904174423975,1.0,0.8824094446283351,1.0,1.0,1.0
clause_kind_1gram_psalm,Legende,3,1579,0.0018963337547408343,0.020715249662618083,0.0026350511360377204,0.10402257417223701,0.7705298712265146,0.5782096300809988,0.9900435056959977,0.05254856778845148,0.06446776611694154,0.3073463268365817,2000,0.0648646383638698,0.32127320975254153,0.0795773988005997,0.3941452073317541,0.3854025368268247,1.0
clause_kind_1gram_psalm,Liturgie,153,9176,0.01640047164755065,0.018504858958497468,0.00852501270212368,0.033755792997978346,0.4841672792336929,0.40960130636278497,0.560600753646976,0.7494640197329792,0.6271864067966016,1.0,2000,0.9999999998364674,1.0,1.0,1.0,1.0,1.0
clause_kind_1gram_psalm,Mischgedicht,45,5099,0.008748055987558321,0.008675848153513473,0.004266863273404636,0.016392677328567275,0.48499487917020767,0.37915239148058627,0.6519900094536003,0.6357712663328168,0.5552223888055972,1.0,2000,0.6707351208684001,1.0,0.5927374150762456,1.0,1.0,1.0
clause_kind_1gram_psalm,Segensspruch,253,11656,0.021244436980434964,0.01769919663406112,0.00950899658039965,0.026998084597428005,0.43657950849246246,0.39727531567638785,0.49728223710177044,0.999726904152912,0.9875062468765617,1.0,2000,0.9999999994948561,1.0,0.9985007496251874,1.0,1.0,1.0
clause_kind_1gram_psalm,Segenswunsch,45,5196,0.008586147681740127,0.007215697981471347,0.0027052704891775583,0.0143684546500174,0.42735223676332224,0.3251087529523681,0.5619332825539891,0.9536010903400584,0.9175412293853074,1.0,2000,0.9999999999519258,1.0,1.0,1.0,1.0,1.0
clause_kind_1gram_psalm,Siegeslied,10,2622,0.003799392097264438,0.004984583675900234,0.001252332484142223,0.01721227554321533,0.5543096872616323,0.2247994785871586,0.9227764139023551,0.27642390059369515,0.25087456271864067,0.9875062468765617,2000,0.9208285219226607,1.0,0.9063042008407561,1.0,1.0,1.0
clause_kind_1gram_psalm,Thronbesteigungslied,36,4685,0.007625503071383181,0.01540630805167118,0.0009706585743612995,0.039858433089616736,0.5610696074943674,0.31234906923372424,0.7889623350060448,0.10306411575385238,0.16991504247876063,0.9800099950024987,2000,0.14803754808280614,0.7332269081600394,0.23970157778253734,1.0,1.0,1.0
clause_kind_1gram_psalm,Tora,3,1578,0.0018975332068311196,0.24848484848484848,0.06839323276567295,0.7333333333333334,0.9970426700464723,0.9884168337182697,0.9996108234750295,0.00144786059326078,0.0014992503748125937,0.004497751124437781,2000,0.0027897801675024784,0.013817723362452928,0.00288879950268768,0.014308164077840193,0.00866639850806304,0.04292449223352058
clause_kind_1gram_psalm,Wallfahrtslied,0,528,0.0,nan,nan,nan,nan,nan,nan,nan,nan,0.0004997501249375312,2000,nan,nan,nan,nan,0.0004997501249375312,0.002475252013466025
clause_kind_1gram_psalm,Weisheitsgedicht,465,15452,0.029214047873342967,0.026364994234971798,0.017649547387748685,0.038701133378224686,0.4486750505902427,0.4130271649066508,0.5088636072672204,0.9999207699882505,0.9780109945027486,1.0,2000,0.999985157416146,1.0,0.9880059970014993,1.0,1.0,1.0
clause_kind_1gram_psalm,Zionslied,15,3140,0.004754358161648178,0.014493805820549537,0.0035047987302505986,0.04102736561817069,0.7559341825902336,0.5629350259028981,0.9262694628453659,0.0003074765445998075,0.0069965017491254375,0.33933033483258374,2000,0.0007720476982877999,0.0038239362519770525,0.015792103948025986,0.0782179636255264,0.7907018712865791,1.0
clause_kind_1gram_psalm,prophetische Gerichtsrede,1,1050,0.0009514747859181732,0.004329004329004329,nan,nan,0.7819047619047619,nan,nan,0.1649899893840322,0.17520080321285142,0.28835582208895555,2000,0.390983073497538,1.0,0.40708421922986066,1.0,0.69030636197053,1.0
clause_kind_1gram_psalm,prophetische Redeweise,91,7217,0.012452107279693486,0.011476923144070764,0.003401396198884312,0.03515256416502381,0.4344184290145216,0.2892205858325246,0.4998055547563347,0.9843614487358691,0.9465267366316842,1.0,2000,0.9999613427340172,1.0,0.9930034982508745,1.0,1.0,1.0
clause_kind_1gram_psalm,"prophetische Schelt-, Droh- und Mahnrede",21,3656,0.005711177590426979,0.013323313829018177,0.0021932753993875384,0.10565199751768503,0.5329464936959466,0.2391887085727508,0.7330928850553072,0.3010622473324918,0.272863568215892,1.0,2000,0.8287155809202843,1.0,0.7514409461935699,1.0,1.0,1.0
clause_kind_1gram_psalm,prophetische Tora,0,525,0.0,nan,nan,nan,nan,nan,nan,nan,nan,0.0004997501249375312,2000,nan,nan,nan,nan,0.0004997501249375312,0.002475252013466025
clause_kind_1gram_psalm,prophetisches Stück,28,4173,0.006665079742918353,0.013217275615826599,0.0027166579333468676,0.0990494656569976,0.5422272431618226,0.2444160941707204,0.7469910174722263,0.220266493829808,0.23638180909545228,0.9975012493753124,2000,0.5314026917097007,1.0,0.5625937031484257,1.0,1.0,1.0
clause_marginal_typ_rela,Danklied Israels,6,2097,0.0028530670470756064,0.0029074985419973074,0.0013982182836063002,0.005593953247282183,0.4290255921157209,0.10281042830957834,0.6704669593745226,0.7262710070722621,0.6996501749125438,1.0,2000,0.9789087076252553,1.0,0.9895372826407309,1.0,1.0,1.0
clause_marginal_typ_rela,Danklied des Einzelnen,1596,26866,0.056074766355140186,0.053915029474933075,0.04273516220602591,0.07161819857990118,0.4898479612080152,0.44860177826939623,0.5412908102081133,0.9138684954373322,0.6361819090454772,1.0,2000,0.999999999427889,1.0,0.7078643776703197,1.0,1.0,1.0
clause_marginal_typ_rela,Fluch,15,3142,0.004751346214760849,0.003789705845767032,0.001792597511496289,0.008338304088040482,0.3840123063865903,0.24094492541485513,0.8193504721765077,0.939709658847216,0.9075462268865567,1.0,2000,0.988782647201491,1.0,0.9860069965017492,1.0,1.0,1.0
clause_marginal_typ_rela,Hymnus,11026,56707,0.16278623418422336,0.14037213519294595,0.1188169543864116,0.1686571902103632,0.4462114847432676,0.4194065981348108,0.47376258131007504,1.0,0.999000499750125,1.0,2000,1.0,1.0,1.0,1.0,1.0,1.0
clause_marginal_typ_rela,Klagelied des Einzelnen,5565,44872,0.11033566627674128,0.16914489016158984,0.1217251108599988,0.2131045747336357,0.6177767084154477,0.5685262862523658,0.6864101216586171,1.548666182739913e-181,0.0004997501249375312,0.8415792103948025,2000,1.2234462843645312e-179,6.059704095360407e-179,0.0008773391082236659,0.004345442423640355,1.0,1.0
clause_marginal_typ_rela,Klagelied des Volkes,496,15918,0.030218106494455953,0.03671901280033032,0.02315243674992216,0.05440350524699943,0.5861547487324149,0.5181267422759973,0.6797975299113738,2.967413700261035e-11,0.005997001499250375,0.9305347326336831,2000,7.814189410687393e-10,3.870351823289013e-09,0.06316841579210394,0.31287185450210553,1.0,1.0
clause_marginal_typ_rela,Königspsalm,325,13088,0.024230224409155298,0.02977121055525501,0.017778275385250484,0.04719645893495013,0.5588720142937746,0.4728259413683282,0.6618447886740754,0.00014083506923055859,0.07246376811594203,0.9870064967516242,2000,0.011125970469214128,0.0551067011921773,0.8824094446283351,1.0,1.0,1.0
clause_marginal_typ_rela,Legende,3,1579,0.0018963337547408343,0.23015873015873015,0.05264743898300489,0.3988117174335647,0.9932446696221237,0.9813837885621329,0.9990248252155892,0.0015628452204953158,0.0004997501249375312,0.008995502248875561,2000,0.005232462259904652,0.025916277151172167,0.0011963715112140898,0.005925603304964121,0.029610194902548723,0.14665868179786198
clause_marginal_typ_rela,Liturgie,153,9176,0.01640047164755065,0.03115287698702696,0.016182731314585818,0.054159019773645234,0.7005003105572366,0.5848156478631898,0.792421072139057,7.981810672512112e-18,0.0004997501249375312,0.4892553723138431,2000,9.00804347326367e-17,4.461665266691535e-16,0.003760024749529997,0.01862332467274438,1.0,1.0
clause_marginal_typ_rela,Mischgedicht,45,5099,0.008748055987558321,0.03398227608845813,0.015525484544874254,0.08275770895967553,0.8428471813645377,0.7561304266998027,0.9197402386892403,1.0842905142796507e-15,0.0004997501249375312,0.12493753123438281,2000,1.993752689190077e-14,9.875015756900351e-14,0.0017165330378289116,0.008501952567991999,1.0,1.0
clause_marginal_typ_rela,Segensspruch,253,11656,0.021244436980434964,0.01975256242126691,0.011614971636785067,0.043543713279846984,0.4568389687511021,0.38089876651364146,0.5837973166713717,0.9906807629662966,0.8535732133933034,1.0,2000,0.9999999994948561,1.0,0.9985007496251874,1.0,1.0,1.0
clause_marginal_typ_rela,Segenswunsch,45,5196,0.008586147681740127,0.007403578215827659,0.0033645175877163006,0.01803773168781444,0.4390620990505517,0.3534039199669883,0.6434822655370384,0.9207145724130246,0.8295852073963018,1.0,2000,0.9999999999519258,1.0,1.0,1.0,1.0,1.0
clause_marginal_typ_rela,Siegeslied,10,2622,0.003799392097264438,0.004614684798800299,0.0019387398463656948,0.012429966105347192,0.5302822273073989,0.3215256714489034,0.8149455765044658,0.3703885058773599,0.35932033983008493,1.0,2000,0.9208285219226607,1.0,0.9063042008407561,1.0,1.0,1.0
clause_marginal_typ_rela,Thronbesteigungslied,36,4685,0.007625503071383181,0.033754394475495594,0.004284984428192479,0.22351009567458524,0.628806474564212,0.48140891763445165,0.9448538248555237,0.0038308627786227435,0.0384807596201899,0.7951024487756122,2000,0.01210552638044787,0.05995842132308662,0.1065967016491754,0.5279712544723032,1.0,1.0
clause_marginal_typ_rela,Tora,3,1578,0.0018975332068311196,0.002603051382596433,0.002037110269782733,0.005029432682968498,0.5156316011829319,0.4796552287978261,0.5688580319287775,0.46293608102633493,0.424287856071964,1.0,2000,0.6416131649312362,1.0,0.5880480812225466,1.0,1.0,1.0
clause_marginal_typ_rela,Wallfahrtslied,0,528,0.0,nan,nan,nan,nan,nan,nan,nan,nan,0.0004997501249375312,2000,nan,nan,nan,nan,0.0004997501249375312,0.002475252013466025
clause_marginal_typ_rela,Weisheitsgedicht,465,15452,0.029214047873342967,0.029729828791905954,0.01887412049671026,0.04851874029599892,0.5027219916550455,0.44013603616215596,0.5815116352955626,0.4206120729593799,0.4542728635682159,1.0,2000,0.999985157416146,1.0,0.8930058780133743,1.0,1.0,1.0
clause_marginal_typ_rela,Zionslied,15,3140,0.004754358161648178,0.015675956328665187,0.006992307773695671,0.04225803845103692,0.8413269639065818,0.7508955751278187,0.9191497289939138,2.4664839068247643e-06,0.0009995002498750624,0.127936031984008,2000,1.544202197556257e-05,7.648401486998271e-05,0.00438669554111833,0.021727212118201774,0.7219247519097595,1.0
clause_marginal_typ_rela,prophetische Gerichtsrede,1,1050,0.0009514747859181732,0.02,nan,nan,0.9542857142857143,nan,nan,0.058143579895323,0.024096385542168676,0.02798600699650175,2000,0.390983073497538,1.0,0.36427190242451285,1.0,0.5132433783108447,1.0
clause_marginal_typ_rela,prophetische Redeweise,91,7217,0.012452107279693486,0.011167211050255352,0.0053958905746648135,0.04073712897428002,0.439893139976277,0.3680260881261558,0.57340827214844,0.9757947735000572,0.888055972013993,1.0,2000,0.9999613427340172,1.0,0.9930034982508745,1.0,1.0,1.0
clause_marginal_typ_rela,"prophetische Schelt-, Droh- und Mahnrede",21,3656,0.005711177590426979,0.02995663295597432,0.0036947355054277524,0.5,0.49527847243930395,0.3803287848557561,0.9024526403202279,0.5298252896750156,0.4817591204397801,1.0,2000,0.8287155809202843,1.0,0.7514409461935699,1.0,1.0,1.0
clause_marginal_typ_rela,prophetische Tora,0,525,0.0,nan,nan,nan,nan,nan,nan,nan,nan,0.0004997501249375312,2000,nan,nan,nan,nan,0.0004997501249375312,0.002475252013466025
clause_marginal_typ_rela,prophetisches Stück,28,4173,0.006665079742918353,0.007880992302321794,0.0033063658056095117,0.019148285514824073,0.5447134641059874,0.45055178677075475,0.703759634422732,0.2070496641103502,0.2683658170914543,0.9980009995002499,2000,0.5314026917097007,1.0,0.5625937031484257,1.0,1.0,1.0
clause_marginal_typ_rela_psalm,Danklied Israels,6,2097,0.0028530670470756064,0.0023040844629997944,0.0012066424858360565,0.004808912579892582,0.3149737720553171,0.16603144203951062,0.7697220143005208,0.9415305526707501,0.9540229885057471,1.0,2000,0.9789087076252553,1.0,0.9895372826407309,1.0,1.0,1.0
clause_marginal_typ_rela_psalm,Danklied des Einzelnen,1596,26866,0.056074766355140186,0.06999112053517624,0.05085992396099258,0.10161032696348495,0.5735129787358294,0.5079068979856918,0.6373349282585388,2.4422738232305905e-23,0.004997501249375313,0.9665167416291854,2000,3.215660533920277e-22,1.5927099992630009e-21,0.034545227386306845,0.171101795430839,1.0,1.0
clause_marginal_typ_rela_psalm,Fluch,15,3142,0.004751346214760849,0.0037921407587516603,0.001884146732321099,0.00754511487617156,0.38964566093783154,0.249686157124344,0.6471262754077046,0.9301566336959077,0.9085457271364318,1.0,2000,0.988782647201491,1.0,0.9860069965017492,1.0,1.0,1.0
clause_marginal_typ_rela_psalm,Hymnus,11026,56707,0.16278623418422336,0.17676831338844268,0.14198927670995729,0.21773636882559608,0.5162805973613985,0.48132098018183134,0.5565255172592526,3.0037233554475805e-08,0.1619190404797601,1.0,2000,8.474790895727103e-08,4.1975463699932446e-07,0.4553389971680826,1.0,1.0,1.0
clause_marginal_typ_rela_psalm,Klagelied des Einzelnen,5565,44872,0.11033566627674128,0.14621525462684526,0.09570156471940273,0.22172941905792784,0.5900194115092594,0.5448860147114565,0.6468233061603927,5.2063094757376005e-107,0.0004997501249375312,0.9225387306346826,2000,3.163834219871311e-106,1.5670405333041356e-105,0.0008773391082236659,0.004345442423640355,1.0,1.0
clause_marginal_typ_rela_psalm,Klagelied des Volkes,496,15918,0.030218106494455953,0.029590992563990115,0.015375149669590313,0.04713232987460892,0.48594010280510197,0.4095839329279684,0.5609759838420304,0.857277602586892,0.6661669165417291,1.0,2000,0.9999906926869576,1.0,0.9272799497687054,1.0,1.0,1.0
clause_marginal_typ_rela_psalm,Königspsalm,325,13088,0.024230224409155298,0.025504145308451572,0.013388400995107463,0.03999063595032455,0.5084691790483356,0.42952107452969607,0.5760490661962938,0.30068666453822024,0.39430284857571213,1.0,2000,0.9300732712125533,1.0,0.8824094446283351,1.0,1.0,1.0
clause_marginal_typ_rela_psalm,Legende,3,1579,0.0018963337547408343,0.0696078431372549,0.025641362538236106,0.13044252652861288,0.9816339455351488,0.9467468833991822,0.993916868164436,0.001953244686272896,0.0009995002498750624,0.008995502248875561,2000,0.005232462259904652,0.025916277151172167,0.0020779084142139455,0.010291837319148211,0.029610194902548723,0.14665868179786198
clause_marginal_typ_rela_psalm,Liturgie,153,9176,0.01640047164755065,0.01385972979472279,0.006601725900665029,0.02290898202963935,0.43258379347089027,0.34566141156770525,0.5120556009448332,0.9979134169499566,0.9560219890054973,1.0,2000,0.9999999998364674,1.0,1.0,1.0,1.0,1.0
clause_marginal_typ_rela_psalm,Mischgedicht,45,5099,0.008748055987558321,0.009304321497459245,0.004702599316605914,0.020252423718756487,0.5187596696520015,0.40063438858892225,0.659614643259533,0.33216853013542114,0.35332333833083457,1.0,2000,0.48595025704996797,1.0,0.4898019740129935,1.0,1.0,1.0
clause_marginal_typ_rela_psalm,Segensspruch,253,11656,0.021244436980434964,0.018417336207947506,0.010061860146993533,0.02984701942243905,0.45478146931401087,0.3960233476495178,0.5347344941330194,0.993146219224931,0.8860569715142429,1.0,2000,0.9999999994948561,1.0,0.9985007496251874,1.0,1.0,1.0
clause_marginal_typ_rela_psalm,Segenswunsch,45,5196,0.008586147681740127,0.0076893634996263805,0.0030104352380368785,0.015381852551399311,0.44244504319562056,0.275826547819641,0.596336784942651,0.9085088943070576,0.8135932033983009,1.0,2000,0.9999999999519258,1.0,1.0,1.0,1.0,1.0
clause_marginal_typ_rela_psalm,Siegeslied,10,2622,0.003799392097264438,0.005965124647058781,0.0015469563316795614,0.01416854887487273,0.6177726926010679,0.32045476729784234,0.8802816901408451,0.09900449012106788,0.12693653173413294,0.8290854572713643,2000,0.7110322472331239,1.0,0.8488255872063969,1.0,1.0,1.0
clause_marginal_typ_rela_psalm,Thronbesteigungslied,36,4685,0.007625503071383181,0.015506361796030687,0.0019138879790833556,0.03429200254888039,0.6401695719198387,0.42206570833329243,0.7842806083867372,0.0018545473502406303,0.03298350824587706,0.7411294352823589,2000,0.006396545947273174,0.031681959533666953,0.1065967016491754,0.5279712544723032,1.0,1.0
clause_marginal_typ_rela_psalm,Tora,3,1578,0.0018975332068311196,0.5,0.5,0.5,0.9990494296577946,0.9982698703790477,0.9993438263891475,0.0013912624973409654,0.0009995002498750624,0.0009995002498750624,2000,0.0027897801675024784,0.013817723362452928,0.0019740129935032482,0.009777245453190798,0.0026320173246709975,0.013036327270921067
clause_marginal_typ_rela_psalm,Wallfahrtslied,0,528,0.0,nan,nan,nan,nan,nan,nan,nan,nan,0.0004997501249375312,2000,nan,nan,nan,nan,0.0004997501249375312,0.002475252013466025
clause_marginal_typ_rela_psalm,Weisheitsgedicht,465,15452,0.029214047873342967,0.02544282263763366,0.017596833178240595,0.03785590619812055,0.4491144271959784,0.40776504494366844,0.5057416596945727,0.9999098308747408,0.9540229885057471,1.0,2000,0.999985157416146,1.0,0.9880059970014993,1.0,1.0,1.0
clause_marginal_typ_rela_psalm,Zionslied,15,3140,0.004754358161648178,0.011150234458730857,0.0033332276278977635,0.25483195015183974,0.6105414012738853,0.25289903125725594,0.7886128424465515,0.06954677959753562,0.10594702648675662,0.856071964017991,2000,0.10843258454287638,0.5370643444033746,0.1648881441632125,0.8166875613841726,1.0,1.0
clause_marginal_typ_rela_psalm,prophetische Gerichtsrede,1,1050,0.0009514747859181732,0.005681818181818182,nan,nan,0.8342857142857143,nan,nan,0.12397572739278334,0.10040160642570281,0.14392803598200898,2000,0.390983073497538,1.0,0.36427190242451285,1.0,0.5424244399539361,1.0
clause_marginal_typ_rela_psalm,prophetische Redeweise,91,7217,0.012452107279693486,0.011553812969369186,0.0022947041245434236,0.04178704110848366,0.41958242671835577,0.29050670420625824,0.4845721599527304,0.9958631079104361,0.9570214892553723,1.0,2000,0.9999613427340172,1.0,0.9930034982508745,1.0,1.0,1.0
clause_marginal_typ_rela_psalm,"prophetische Schelt-, Droh- und Mahnrede",21,3656,0.005711177590426979,0.04091409253013576,0.0020183233617911745,0.186540938333501,0.5198108783994998,0.19670656556027474,0.9237995007258712,0.37697134558852036,0.3758120939530235,1.0,2000,0.8287155809202843,1.0,0.7514409461935699,1.0,1.0,1.0
clause_marginal_typ_rela_psalm,prophetische Tora,0,525,0.0,nan,nan,nan,nan,nan,nan,nan,nan,0.0004997501249375312,2000,nan,nan,nan,nan,0.0004997501249375312,0.002475252013466025
clause_marginal_typ_rela_psalm,prophetisches Stück,28,4173,0.006665079742918353,0.015343806200517925,0.0030428609660775184,0.20411316863115847,0.4757197631029407,0.18847600457463676,0.7010105450030106,0.6713362469603863,0.6061969015492253,1.0,2000,0.9714858056745862,1.0,0.8791407867494825,1.0,1.0,1.0
clause_mother_edge_distance,Danklied Israels,6,2097,0.0028530670470756064,0.004699359157818912,0.002381234994469393,0.01039153998314017,0.6683357176919409,0.4514645836384153,0.8448662041960296,0.0769804467516476,0.09495252373813093,0.6116941529235382,2000,0.7055107657242036,1.0,0.7501249375312344,1.0,1.0,1.0
clause_mother_edge_distance,Danklied des Einzelnen,1596,26866,0.056074766355140186,0.053279376493952146,0.04157748994213128,0.06753587128578949,0.4787267105081247,0.4467959000791225,0.5283598220573439,0.997883478244457,0.8075962018990505,1.0,2000,0.999999999427889,1.0,0.8669651660656159,1.0,1.0,1.0
clause_mother_edge_distance,Fluch,15,3142,0.004751346214760849,0.0037475793327050515,0.0016974099769229943,0.011652265295809873,0.3806810948440484,0.25734634120649835,0.79027363443618,0.9448716738933143,0.9405297351324338,1.0,2000,0.988782647201491,1.0,0.9860069965017492,1.0,1.0,1.0
clause_mother_edge_distance,Hymnus,11026,56707,0.16278623418422336,0.1445190306945385,0.12083605014864729,0.17110900764214187,0.44412465528944645,0.4107018630747726,0.47318861055857303,1.0,1.0,1.0,2000,1.0,1.0,1.0,1.0,1.0,1.0
clause_mother_edge_distance,Klagelied des Einzelnen,5565,44872,0.11033566627674128,0.1324257135314024,0.09822933860988484,0.2105028558869933,0.5635315715645677,0.5037635810335024,0.597917008608829,2.177033523817721e-54,0.0014992503748125937,0.9725137431284357,2000,3.307416315030768e-54,1.6381564475193732e-53,0.002153468720185362,0.010666085948935419,1.0,1.0
clause_mother_edge_distance,Klagelied des Volkes,496,15918,0.030218106494455953,0.03383930129472645,0.02110724282005765,0.04852731059795553,0.5500039390383782,0.48911178976766384,0.6597342449181824,7.266666750291481e-05,0.0559720139930035,0.9880059970014993,2000,0.0002126172863974174,0.0010530890138720328,0.17845077461269368,0.8838629889684483,1.0,1.0
clause_mother_edge_distance,Königspsalm,325,13088,0.024230224409155298,0.0260916250704711,0.016095479417507524,0.03804263789847287,0.5223574148956178,0.4339798207884627,0.6260553208499239,0.08392479188986673,0.2518740629685157,0.9995002498750625,2000,0.72289934561864,1.0,0.8824094446283351,1.0,1.0,1.0
clause_mother_edge_distance,Legende,3,1579,0.0018963337547408343,0.007042189488997999,0.004016777389854531,0.009605353444233335,0.8184504960945747,0.6955126376897031,0.9107345923783606,0.02821616235247494,0.0384807596201899,0.19990004997501248,2000,0.037780963149924074,0.18712832762017806,0.050666333499916706,0.2509492999652305,0.26320173246709977,1.0
clause_mother_edge_distance,Liturgie,153,9176,0.01640047164755065,0.03452307382204698,0.017224970608707833,0.0656079020114201,0.7286962009447778,0.6570431670372769,0.8215763093849463,1.2624299335688593e-22,0.0004997501249375312,0.4002998500749625,2000,9.97319647519399e-21,4.9397035486488287e-20,0.003760024749529997,0.01862332467274438,1.0,1.0
clause_mother_edge_distance,Mischgedicht,45,5099,0.008748055987558321,0.027191439747844416,0.011286432336171815,0.06748756165450596,0.8118084155934715,0.7169680387202976,0.9339495744495048,2.731241468203764e-13,0.0009995002498750624,0.20839580209895053,2000,1.659754430677672e-12,8.220729303284522e-12,0.0031584207896051975,0.01564359272510528,1.0,1.0
clause_mother_edge_distance,Segensspruch,253,11656,0.021244436980434964,0.018813835293862914,0.011114227724334376,0.03169620139715665,0.43465578466772103,0.37632874361177365,0.523170487197289,0.9998159093254135,0.9690154922538731,1.0,2000,0.9999999994948561,1.0,0.9985007496251874,1.0,1.0,1.0
clause_mother_edge_distance,Segenswunsch,45,5196,0.008586147681740127,0.009529163975079172,0.0035815295887252326,0.02892550477559292,0.45655204858438114,0.2759650530964367,0.7285553779927815,0.8426151842399343,0.7546226886556722,1.0,2000,0.9999999999519258,1.0,1.0,1.0,1.0,1.0
clause_mother_edge_distance,Siegeslied,10,2622,0.003799392097264438,0.010565614010193394,0.002171667589905112,0.14335703906654365,0.6476353928299008,0.42480624682003537,0.9366895936458174,0.053297470433854306,0.07796101949025487,0.6981509245377311,2000,0.5813892358731498,1.0,0.8488255872063969,1.0,1.0,1.0
clause_mother_edge_distance,Thronbesteigungslied,36,4685,0.007625503071383181,0.00858215434913098,0.0030940006437814257,0.02022446835441458,0.5367129135538954,0.42173645606748467,0.8498589414085134,0.2236244438799323,0.28235882058970513,0.9985007496251874,2000,0.29443885110857754,1.0,0.3717724471097784,1.0,1.0,1.0
clause_mother_edge_distance,Tora,3,1578,0.0018975332068311196,0.002949532856635505,0.0023166693303146297,0.0056533556167975285,0.5936839881706801,0.554965383519784,0.6608510840270069,0.28747180815256573,0.25087456271864067,0.8905547226386806,2000,0.4215208806565554,1.0,0.36702019360690025,1.0,1.0,1.0
clause_mother_edge_distance,Wallfahrtslied,0,528,0.0,nan,nan,nan,nan,nan,nan,nan,nan,0.0004997501249375312,2000,nan,nan,nan,nan,0.0004997501249375312,0.002475252013466025
clause_mother_edge_distance,Weisheitsgedicht,465,15452,0.029214047873342967,0.026737053241804785,0.018400927498955274,0.04083095679217628,0.4677501468300029,0.4251225193128513,0.5242764184463238,0.9911905164733261,0.8415792103948025,1.0,2000,0.999985157416146,1.0,0.9371078349714033,1.0,1.0,1.0
clause_mother_edge_distance,Zionslied,15,3140,0.004754358161648178,0.030442370485536156,0.00517210230576762,0.44201587888590266,0.7286942675159236,0.6114873696470573,0.8758019041327878,0.001105440351299642,0.009995002498750625,0.4002998500749625,2000,0.002298152309280835,0.011382700767728763,0.02077908414213946,0.10291837319148212,0.8118761132254386,1.0
clause_mother_edge_distance,prophetische Gerichtsrede,1,1050,0.0009514747859181732,0.006134969325153374,nan,nan,0.8466666666666667,nan,nan,0.11543206971981212,0.10993975903614457,0.15242378810594703,2000,0.390983073497538,1.0,0.36427190242451285,1.0,0.5424244399539361,1.0
clause_mother_edge_distance,prophetische Redeweise,91,7217,0.012452107279693486,0.010337545050323542,0.004758466740993887,0.024862696765149826,0.41002547404099293,0.3657323103201813,0.5823422759232071,0.9984343084260133,0.992503748125937,1.0,2000,0.9999613427340172,1.0,0.9930034982508745,1.0,1.0,1.0
clause_mother_edge_distance,"prophetische Schelt-, Droh- und Mahnrede",21,3656,0.005711177590426979,0.011282960468298676,0.0029773306984075343,0.031057617023925746,0.5994842138168177,0.4256918786517445,0.9064077420769497,0.057693339462626725,0.111944027986007,0.8770614692653673,2000,0.5064193130608347,1.0,0.7514409461935699,1.0,1.0,1.0
clause_mother_edge_distance,prophetische Tora,0,525,0.0,nan,nan,nan,nan,nan,nan,nan,nan,0.0004997501249375312,2000,nan,nan,nan,nan,0.0004997501249375312,0.002475252013466025
clause_mother_edge_distance,prophetisches Stück,28,4173,0.006665079742918353,0.00783133674363189,0.002997958990017539,0.038572349001327985,0.5653906062784567,0.4315555414042675,0.7318372145515991,0.11615838841970827,0.17491254372813594,0.9700149925037481,2000,0.5109434815090951,1.0,0.5625937031484257,1.0,1.0,1.0
clause_mother_edge_distance_psalm,Danklied Israels,6,2097,0.0028530670470756064,0.003077927990657656,0.0017476183063734388,0.005981923887701366,0.49324431727865203,0.24111423197264867,0.6830534880326171,0.522953436819516,0.46676661669165415,1.0,2000,0.9789087076252553,1.0,0.9895372826407309,1.0,1.0,1.0
clause_mother_edge_distance_psalm,Danklied des Einzelnen,1596,26866,0.056074766355140186,0.06215841198839826,0.0472312078797568,0.08637345307066827,0.5373189963295046,0.5013716377351535,0.5860279465530509,2.6156429480306445e-07,0.03948025987006497,0.9965017491254373,2000,6.887859763147364e-07,3.4115426683151467e-06,0.10396468432450441,0.5149349272013821,1.0,1.0
clause_mother_edge_distance_psalm,Fluch,15,3142,0.004751346214760849,0.003955050932565192,0.0018740313948282096,0.009507372891895172,0.39935285380861446,0.2627181778814306,0.6808984343100517,0.9110204620358039,0.9150424787606197,1.0,2000,0.988782647201491,1.0,0.9860069965017492,1.0,1.0,1.0
clause_mother_edge_distance_psalm,Hymnus,11026,56707,0.16278623418422336,0.16693596254783255,0.13624981740927228,0.2054630542311968,0.4873688507896813,0.45068819188383935,0.518970380634312,0.9999868857317136,0.8195902048975512,1.0,2000,1.0,1.0,1.0,1.0,1.0,1.0
clause_mother_edge_distance_psalm,Klagelied des Einzelnen,5565,44872,0.11033566627674128,0.1284471851323024,0.08686032762691463,0.21533309898296685,0.515835629572355,0.48093511333396444,0.5771124451777737,5.6730776237275934e-05,0.1329335332333833,0.9995002498750625,2000,6.139357976362739e-05,0.00030408112842953517,0.1438595770607847,0.7125335042599322,1.0,1.0
clause_mother_edge_distance_psalm,Klagelied des Volkes,496,15918,0.030218106494455953,0.03057721602105324,0.01835374936823146,0.045699036022704316,0.5137846078085673,0.46764258907991185,0.6004304382435983,0.14749346332344254,0.28585707146426786,0.9995002498750625,2000,0.32366621118199895,1.0,0.6272974623799212,1.0,1.0,1.0
clause_mother_edge_distance_psalm,Königspsalm,325,13088,0.024230224409155298,0.0253645883693807,0.0155212514551894,0.037137358904236174,0.5161840558585669,0.4475966402415296,0.6073069430865418,0.15905948676205356,0.2843578210894553,0.9995002498750625,2000,0.8377132969468154,1.0,0.8824094446283351,1.0,1.0,1.0
clause_mother_edge_distance_psalm,Legende,3,1579,0.0018963337547408343,0.004800125223586059,0.0024970696558277734,0.007035975109364193,0.7213426219126029,0.4972996643234647,0.8875416360666205,0.09244577102205626,0.10594702648675662,0.47976011994003,2000,0.10286219592594993,0.5094743250080639,0.11788471961202499,0.5838805735426618,0.533817598243132,1.0
clause_mother_edge_distance_psalm,Liturgie,153,9176,0.01640047164755065,0.018000891300870507,0.008791160117185622,0.03274250610377049,0.5167494344439316,0.4269902678386747,0.6629879508912605,0.2383165967195181,0.30684657671164417,0.9995002498750625,2000,0.48274387540620334,1.0,0.6215610143646125,1.0,1.0,1.0
clause_mother_edge_distance_psalm,Mischgedicht,45,5099,0.008748055987558321,0.010095829624811441,0.004937687262947803,0.018530056607754357,0.5719334945849949,0.3949920980512994,0.6706737098592982,0.048050771787896976,0.10494752623688156,0.9535232383808095,2000,0.09989502555904897,0.4947779916637024,0.2181803834924643,1.0,1.0,1.0
clause_mother_edge_distance_psalm,Segensspruch,253,11656,0.021244436980434964,0.022297774740917743,0.012193143963946322,0.03829245327290773,0.5121929095195337,0.44793607408939745,0.6175679329510574,0.25314753983396543,0.3333333333333333,0.9995002498750625,2000,0.9999999994948561,1.0,0.9985007496251874,1.0,1.0,1.0
clause_mother_edge_distance_psalm,Segenswunsch,45,5196,0.008586147681740127,0.008128439997834613,0.0030728378396117626,0.020341291729733552,0.44206013172525876,0.323275371252659,0.6718200318575286,0.9099649141010344,0.8685657171414293,1.0,2000,0.9999999999519258,1.0,1.0,1.0,1.0,1.0
clause_mother_edge_distance_psalm,Siegeslied,10,2622,0.003799392097264438,0.004228979597977955,0.001732741203838012,0.011114170100828654,0.5062166285278413,0.2282121170616609,0.773216722375057,0.47299203271677853,0.42128935532233885,1.0,2000,0.9208285219226607,1.0,0.9063042008407561,1.0,1.0,1.0
clause_mother_edge_distance_psalm,Thronbesteigungslied,36,4685,0.007625503071383181,0.041803495473293685,0.0035473170601342517,0.33782916924565803,0.5416459148582948,0.2752249360045429,0.7107722299779327,0.19430199284383776,0.23888055972013994,0.9940029985007496,2000,0.26016707516378274,1.0,0.31985702064222127,1.0,1.0,1.0
clause_mother_edge_distance_psalm,Tora,3,1578,0.0018975332068311196,1.0,1.0,1.0,1.0,1.0,1.0,0.0013666233622081014,0.0009995002498750624,0.0009995002498750624,2000,0.0027897801675024784,0.013817723362452928,0.0019740129935032482,0.009777245453190798,0.0026320173246709975,0.013036327270921067
clause_mother_edge_distance_psalm,Wallfahrtslied,0,528,0.0,nan,nan,nan,nan,nan,nan,nan,nan,0.0004997501249375312,2000,nan,nan,nan,nan,0.0004997501249375312,0.002475252013466025
clause_mother_edge_distance_psalm,Weisheitsgedicht,465,15452,0.029214047873342967,0.0283195073581572,0.019780402026093675,0.043631965628435625,0.4887217160878364,0.4371789400180068,0.5512274021885237,0.7967487174114506,0.6456771614192903,1.0,2000,0.999985157416146,1.0,0.8930058780133743,1.0,1.0,1.0
clause_mother_edge_distance_psalm,Zionslied,15,3140,0.004754358161648178,0.005760216960497637,0.00256660522417862,0.014731512259040193,0.581963906581741,0.4301260558088787,0.8500889018601808,0.13637560635335183,0.16091954022988506,0.9335332333833083,2000,0.1890118052967508,0.936171555110891,0.22701149425287356,1.0,1.0,1.0
clause_mother_edge_distance_psalm,prophetische Gerichtsrede,1,1050,0.0009514747859181732,0.0027472527472527475,nan,nan,0.6552380952380953,nan,nan,0.29608562196240895,0.31676706827309237,0.6976511744127936,2000,0.5182474132699125,1.0,0.5320866800535475,1.0,1.0,1.0
clause_mother_edge_distance_psalm,prophetische Redeweise,91,7217,0.012452107279693486,0.01644288484504281,0.002464407806384836,0.05058716638329244,0.5176422579775773,0.3862428678759584,0.6414932485619067,0.2811956936925438,0.30834582708645675,0.9995002498750625,2000,0.9999613427340172,1.0,0.9930034982508745,1.0,1.0,1.0
clause_mother_edge_distance_psalm,"prophetische Schelt-, Droh- und Mahnrede",21,3656,0.005711177590426979,0.014438713587391065,0.003946111133266112,0.1599125372465535,0.6531728665207878,0.46971989079220205,0.8151715251407345,0.007671257210980537,0.034482758620689655,0.7031484257871065,2000,0.20476974719169144,1.0,0.7514409461935699,1.0,1.0,1.0
clause_mother_edge_distance_psalm,prophetische Tora,0,525,0.0,nan,nan,nan,nan,nan,nan,nan,nan,0.0004997501249375312,2000,nan,nan,nan,nan,0.0004997501249375312,0.002475252013466025
clause_mother_edge_distance_psalm,prophetisches Stück,28,4173,0.006665079742918353,0.010925202550337522,0.0038484867426289374,0.06681803796480247,0.5287177775495533,0.25565008132621575,0.7143520773305814,0.29996076846733855,0.2843578210894553,0.999000499750125,2000,0.5385659252027215,1.0,0.5625937031484257,1.0,1.0,1.0
clause_rela_1_2_3gram,Danklied Israels,6,2097,0.0028530670470756064,0.0026155289070860068,0.0015257247575590949,0.0048543193761562235,0.3985058019392783,0.16634003819963805,0.5378554090661236,0.8051556121884434,0.7901049475262368,1.0,2000,0.9789087076252553,1.0,0.9895372826407309,1.0,1.0,1.0
clause_rela_1_2_3gram,Danklied des Einzelnen,1596,26866,0.056074766355140186,0.05383772997098673,0.041502900548170796,0.07820200285215533,0.473866716127772,0.436360502884909,0.5269972334350851,0.9997790773489396,0.8455772113943029,1.0,2000,0.999999999427889,1.0,0.8906746626686656,1.0,1.0,1.0
clause_rela_1_2_3gram,Fluch,15,3142,0.004751346214760849,0.004045854175263814,0.0018958539674766774,0.011023096483965204,0.4049119456821557,0.25048200160816714,0.6304337059276279,0.8984401206943509,0.8755622188905547,1.0,2000,0.988782647201491,1.0,0.9860069965017492,1.0,1.0,1.0
clause_rela_1_2_3gram,Hymnus,11026,56707,0.16278623418422336,0.15597105089899685,0.1280805967251559,0.18944391878829955,0.4698900585556802,0.4446479431021068,0.49838777828682296,1.0,0.9695152423788106,1.0,2000,1.0,1.0,1.0,1.0,1.0,1.0
clause_rela_1_2_3gram,Klagelied des Einzelnen,5565,44872,0.11033566627674128,0.13672698517851092,0.10311760995902823,0.2215478506122709,0.6007017424986189,0.5437392722237673,0.631947445858389,2.4142260159816843e-133,0.0004997501249375312,0.881559220389805,2000,4.768096381563827e-132,2.361628257790073e-131,0.0008773391082236659,0.004345442423640355,1.0,1.0
clause_rela_1_2_3gram,Klagelied des Volkes,496,15918,0.030218106494455953,0.0319493633095725,0.01876736392315847,0.04616085154595086,0.5403031387676357,0.4775975787559883,0.6164738928040531,0.0010995900393735013,0.11894052973513243,0.9965017491254373,2000,0.0031024147539466646,0.015366195990992681,0.29733570714642676,1.0,1.0,1.0
clause_rela_1_2_3gram,Königspsalm,325,13088,0.024230224409155298,0.02690469565660896,0.014894962700692408,0.04391629143172077,0.5214940285875493,0.45557178845163754,0.5983249912460898,0.0924369577337783,0.27586206896551724,1.0,2000,0.72289934561864,1.0,0.8824094446283351,1.0,1.0,1.0
clause_rela_1_2_3gram,Legende,3,1579,0.0018963337547408343,0.146031746031746,0.051362168157148023,0.24982328389237132,0.989022588135951,0.9756755588907573,0.9956107520456615,0.0016935173486132562,0.0004997501249375312,0.00849575212393803,2000,0.005232462259904652,0.025916277151172167,0.0011963715112140898,0.005925603304964121,0.029610194902548723,0.14665868179786198
clause_rela_1_2_3gram,Liturgie,153,9176,0.01640047164755065,0.022206999556371204,0.012096987714132914,0.03743217920018294,0.6215938424192694,0.5516102111273441,0.6937436621353446,1.1897115395265027e-07,0.004997501249375313,0.8040979510244878,2000,3.4810078378738413e-07,1.7241359690836067e-06,0.014622318470394434,0.07242404039400592,1.0,1.0
clause_rela_1_2_3gram,Mischgedicht,45,5099,0.008748055987558321,0.01805047666110545,0.007617011711425311,0.047518581010160606,0.7506199472663485,0.6435436916326457,0.8428528284521015,3.3592210931810264e-09,0.0004997501249375312,0.35132433783108447,2000,1.1057436098387545e-08,5.4767251873577663e-08,0.0017165330378289116,0.008501952567991999,1.0,1.0
clause_rela_1_2_3gram,Segensspruch,253,11656,0.021244436980434964,0.018023396665390413,0.009620394329301176,0.03242699037550887,0.4542634914993991,0.4022216933326616,0.561368360972354,0.9936681643953537,0.879560219890055,1.0,2000,0.9999999994948561,1.0,0.9985007496251874,1.0,1.0,1.0
clause_rela_1_2_3gram,Segenswunsch,45,5196,0.008586147681740127,0.008341038927264439,0.0035938743210187922,0.021143689064467855,0.44401248823881617,0.32932113752009146,0.6518752911509597,0.9024175894778669,0.8160919540229885,1.0,2000,0.9999999999519258,1.0,1.0,1.0,1.0,1.0
clause_rela_1_2_3gram,Siegeslied,10,2622,0.003799392097264438,0.00862309494573121,0.0012985336284433257,0.07454432248553304,0.6083905415713196,0.21444853703326094,0.9810304671144866,0.11805940338243909,0.12893553223388307,0.8520739630184908,2000,0.7772244056010573,1.0,0.8488255872063969,1.0,1.0,1.0
clause_rela_1_2_3gram,Thronbesteigungslied,36,4685,0.007625503071383181,0.011379716850217917,0.002091702545736298,0.03188284323387336,0.6015237756433061,0.3970315981728327,0.7961451668380807,0.017784143471549083,0.07896051974012994,0.8785607196401799,2000,0.032673193819822734,0.16182965196655272,0.13949691820756288,0.6909253453588166,1.0,1.0
clause_rela_1_2_3gram,Tora,3,1578,0.0018975332068311196,0.00262329663624162,0.0017404150683549232,0.004897391464361476,0.5257710181664554,0.499745862494416,0.5539716076832093,0.4388737191163039,0.38630684657671166,1.0,2000,0.6303822510943274,1.0,0.5548771069010949,1.0,1.0,1.0
clause_rela_1_2_3gram,Wallfahrtslied,0,528,0.0,nan,nan,nan,nan,nan,nan,nan,nan,0.0004997501249375312,2000,nan,nan,nan,nan,0.0004997501249375312,0.002475252013466025
clause_rela_1_2_3gram,Weisheitsgedicht,465,15452,0.029214047873342967,0.02681086191036229,0.017940893953131715,0.04185709890353611,0.48236049757974053,0.4204406291929161,0.5454717506745664,0.902898963283786,0.6766616691654173,1.0,2000,0.999985157416146,1.0,0.8930058780133743,1.0,1.0,1.0
clause_rela_1_2_3gram,Zionslied,15,3140,0.004754358161648178,0.007677708874666039,0.0025066173155492096,0.019664227603689747,0.6470169851380042,0.4070189433339264,0.8571126725961362,0.02457049563816392,0.06196901549225387,0.7006496751624188,2000,0.043134870120332215,0.21364611790601157,0.1041606856146395,0.5159057175300676,1.0,1.0
clause_rela_1_2_3gram,prophetische Gerichtsrede,1,1050,0.0009514747859181732,0.00980392156862745,nan,nan,0.9047619047619048,nan,nan,0.08081385212674186,0.08132530120481928,0.09845077461269365,2000,0.390983073497538,1.0,0.36427190242451285,1.0,0.5424244399539361,1.0
clause_rela_1_2_3gram,prophetische Redeweise,91,7217,0.012452107279693486,0.013097143572394589,0.005702969038758391,0.027130153091776344,0.509406971025372,0.45056000131606194,0.6324586279540564,0.3787059435472258,0.4027986006996502,1.0,2000,0.9999613427340172,1.0,0.9930034982508745,1.0,1.0,1.0
clause_rela_1_2_3gram,"prophetische Schelt-, Droh- und Mahnrede",21,3656,0.005711177590426979,0.0060894972937885865,0.0022614304641382834,0.018878292909143855,0.5051969365426696,0.31875284388576,0.8142712986684224,0.46726305256011536,0.42828585707146427,1.0,2000,0.8287155809202843,1.0,0.7514409461935699,1.0,1.0,1.0
clause_rela_1_2_3gram,prophetische Tora,0,525,0.0,nan,nan,nan,nan,nan,nan,nan,nan,0.0004997501249375312,2000,nan,nan,nan,nan,0.0004997501249375312,0.002475252013466025
clause_rela_1_2_3gram,prophetisches Stück,28,4173,0.006665079742918353,0.008273242723916073,0.0034953215472622173,0.03241186043995944,0.5451798979836363,0.4457963508667402,0.7102168463733703,0.20461809853581886,0.2543728135932034,0.9950024987506247,2000,0.5314026917097007,1.0,0.5625937031484257,1.0,1.0,1.0
clause_rela_1_2_3gram_psalm,Danklied Israels,6,2097,0.0028530670470756064,0.00355346432915875,0.0014041365626492753,0.017483149160272955,0.3307105388650453,0.10590828582648996,0.9040861321899423,0.9242773044199877,0.9545227386306847,1.0,2000,0.9789087076252553,1.0,0.9895372826407309,1.0,1.0,1.0
clause_rela_1_2_3gram_psalm,Danklied des Einzelnen,1596,26866,0.056074766355140186,0.057934811093639696,0.044690803225721845,0.07967907761132957,0.5192789280765376,0.4752055240894431,0.5701907429810744,0.00476965288941345,0.21639180409795103,1.0,2000,0.006977825523401158,0.034561025229503085,0.31657319488403945,1.0,1.0,1.0
clause_rela_1_2_3gram_psalm,Fluch,15,3142,0.004751346214760849,0.00414761912983894,0.0020832787406647717,0.008707360239716144,0.41730320390409503,0.24135917197484943,0.6397698475219202,0.865816786278125,0.8350824587706147,1.0,2000,0.988782647201491,1.0,0.9860069965017492,1.0,1.0,1.0
clause_rela_1_2_3gram_psalm,Hymnus,11026,56707,0.16278623418422336,0.17823437059721497,0.1448125849068809,0.21169637739449704,0.5371683304811952,0.5011326665184032,0.5775906671331557,1.8868320140893498e-35,0.013993003498250875,0.9980009995002499,2000,1.863246613913233e-34,9.22862187027764e-34,0.13571339330334833,0.6721856249068675,1.0,1.0
clause_rela_1_2_3gram_psalm,Klagelied des Einzelnen,5565,44872,0.11033566627674128,0.14198327478777278,0.08902276358644595,0.22367991556703581,0.5657654809519485,0.5136946389726308,0.6345956800431602,3.9514071937372696e-58,0.0009995002498750624,0.974512743628186,2000,6.641726985217964e-58,3.289633613419785e-57,0.001518471533464037,0.007520958040915999,1.0,1.0
clause_rela_1_2_3gram_psalm,Klagelied des Volkes,496,15918,0.030218106494455953,0.03810473936191446,0.021084845661507957,0.06755195029714876,0.49678297089113965,0.42087977941898447,0.5975751319816669,0.596543349959393,0.519240379810095,1.0,2000,0.9999906926869576,1.0,0.9272799497687054,1.0,1.0,1.0
clause_rela_1_2_3gram_psalm,Königspsalm,325,13088,0.024230224409155298,0.02544409616968714,0.01358748446533114,0.04198459415835997,0.49689110400601844,0.4109873987978176,0.5560180679594796,0.5760443545465621,0.5022488755622189,1.0,2000,0.9997904174423975,1.0,0.8824094446283351,1.0,1.0,1.0
clause_rela_1_2_3gram_psalm,Legende,3,1579,0.0018963337547408343,0.001820506444427647,0.0009250694228368946,0.0025165218546895247,0.3272113151783829,0.05776199177069883,0.48504108439569793,0.8499206973643096,0.9120439780109945,1.0,2000,0.8499206973643096,1.0,0.9120439780109945,1.0,1.0,1.0
clause_rela_1_2_3gram_psalm,Liturgie,153,9176,0.01640047164755065,0.016729031753076728,0.008577608389852897,0.02809105234009264,0.4804480714110695,0.39997401731595794,0.6141370557211521,0.7969695116153328,0.6586706646676662,1.0,2000,0.9999999998364674,1.0,1.0,1.0,1.0,1.0
clause_rela_1_2_3gram_psalm,Mischgedicht,45,5099,0.008748055987558321,0.006970172816298641,0.003989185322990718,0.012740012920617967,0.41076681702294565,0.3462619501967068,0.5109196026157145,0.980508133238362,0.9490254872563718,1.0,2000,0.980508133238362,1.0,0.9490254872563718,1.0,1.0,1.0
clause_rela_1_2_3gram_psalm,Segensspruch,253,11656,0.021244436980434964,0.017869170184421055,0.009874387386684363,0.0281544021982218,0.4468178359344693,0.3956826936150067,0.51712600472487,0.9981278001581207,0.9225387306346826,1.0,2000,0.9999999994948561,1.0,0.9985007496251874,1.0,1.0,1.0
clause_rela_1_2_3gram_psalm,Segenswunsch,45,5196,0.008586147681740127,0.007145524561300579,0.002713085578888877,0.013856851554623368,0.4348109657001112,0.30609721601252055,0.6093050857520061,0.934254687353139,0.8605697151424287,1.0,2000,0.9999999999519258,1.0,1.0,1.0,1.0,1.0
clause_rela_1_2_3gram_psalm,Siegeslied,10,2622,0.003799392097264438,0.0038193176784352212,0.0015244650794343194,0.009542542683912806,0.4155987795575896,0.2570602476177204,0.8561562723064294,0.8219591018206226,0.8085957021489255,1.0,2000,0.9208285219226607,1.0,0.9101800451125789,1.0,1.0,1.0
clause_rela_1_2_3gram_psalm,Thronbesteigungslied,36,4685,0.007625503071383181,0.021650092841346842,0.0014991838820858194,0.07501773688444144,0.6345458318510613,0.14496726539846508,0.8326243471699025,0.0026724964039930087,0.03548225887056472,0.7671164417791104,2000,0.008796967329810319,0.043571196902111184,0.1065967016491754,0.5279712544723032,1.0,1.0
clause_rela_1_2_3gram_psalm,Tora,3,1578,0.0018975332068311196,1.0,1.0,1.0,1.0,1.0,1.0,0.0013650284316154603,0.0009995002498750624,0.0009995002498750624,2000,0.0027897801675024784,0.013817723362452928,0.0019740129935032482,0.009777245453190798,0.0026320173246709975,0.013036327270921067
clause_rela_1_2_3gram_psalm,Wallfahrtslied,0,528,0.0,nan,nan,nan,nan,nan,nan,nan,nan,0.0004997501249375312,2000,nan,nan,nan,nan,0.0004997501249375312,0.002475252013466025
clause_rela_1_2_3gram_psalm,Weisheitsgedicht,465,15452,0.029214047873342967,0.025193981522901674,0.016846708579069353,0.03710941289660046,0.44326112915751587,0.41016731769006604,0.4886856048166091,0.999985157416146,0.9695152423788106,1.0,2000,0.999985157416146,1.0,0.9880059970014993,1.0,1.0,1.0
clause_rela_1_2_3gram_psalm,Zionslied,15,3140,0.004754358161648178,0.00364780207355271,0.0016707540895214874,0.008191833125605662,0.35871549893842886,0.19218983600404937,0.5264763244993149,0.9706797953830457,0.9800099950024987,1.0,2000,0.9831244081443667,1.0,0.9961173259524083,1.0,1.0,1.0
clause_rela_1_2_3gram_psalm,prophetische Gerichtsrede,1,1050,0.0009514747859181732,0.0027472527472527475,nan,nan,0.6552380952380953,nan,nan,0.29610113880890443,0.27660642570281124,0.6846576711644178,2000,0.5182474132699125,1.0,0.5092529207740051,1.0,1.0,1.0
clause_rela_1_2_3gram_psalm,prophetische Redeweise,91,7217,0.012452107279693486,0.011593665197692234,0.002787952521915376,0.04362812205206982,0.4131210344318284,0.33321055886796724,0.4954031417143891,0.9978336222989937,0.9760119940029985,1.0,2000,0.9999613427340172,1.0,0.9930034982508745,1.0,1.0,1.0
clause_rela_1_2_3gram_psalm,"prophetische Schelt-, Droh- und Mahnrede",21,3656,0.005711177590426979,0.022525769642051524,0.00303215495421196,0.10789336903873252,0.7526049807231426,0.4844223215443091,0.8941196663051619,3.195427144513293e-05,0.004497751124437781,0.31084457771114443,2000,0.0025243874441655016,0.01250323870298196,0.35532233883058467,1.0,1.0,1.0
clause_rela_1_2_3gram_psalm,prophetische Tora,0,525,0.0,nan,nan,nan,nan,nan,nan,nan,nan,0.0004997501249375312,2000,nan,nan,nan,nan,0.0004997501249375312,0.002475252013466025
clause_rela_1_2_3gram_psalm,prophetisches Stück,28,4173,0.006665079742918353,0.01292408041764529,0.0033427226966557216,0.13389873528169804,0.5593911540173222,0.25217587001240793,0.8093493454867827,0.13900016980723662,0.16691654172913542,0.9820089955022488,2000,0.5109434815090951,1.0,0.5625937031484257,1.0,1.0,1.0
clause_rela_1_2gram,Danklied Israels,6,2097,0.0028530670470756064,0.002545372385010513,0.001510298865344939,0.004797279979984925,0.3846765220155778,0.1653667002020717,0.5236716278891189,0.8358009851454828,0.8275862068965517,1.0,2000,0.9789087076252553,1.0,0.9895372826407309,1.0,1.0,1.0
clause_rela_1_2gram,Danklied des Einzelnen,1596,26866,0.056074766355140186,0.055288841735086094,0.043001086083366245,0.078992052385948,0.47791302075258124,0.4399832824269349,0.5326081070182319,0.9985096227728534,0.8120939530234883,1.0,2000,0.999999999427889,1.0,0.8669651660656159,1.0,1.0,1.0
clause_rela_1_2gram,Fluch,15,3142,0.004751346214760849,0.004183274797619222,0.0019106081083313403,0.010163612576142175,0.4259707192870783,0.28227781341929264,0.6809907954469406,0.8391314698481087,0.7971014492753623,1.0,2000,0.988782647201491,1.0,0.9860069965017492,1.0,1.0,1.0
clause_rela_1_2gram,Hymnus,11026,56707,0.16278623418422336,0.15684025158637013,0.128787929412236,0.18972593365896726,0.47131591865877714,0.44573022616499475,0.49807108787549864,1.0,0.9640179910044977,1.0,2000,1.0,1.0,1.0,1.0,1.0,1.0
clause_rela_1_2gram,Klagelied des Einzelnen,5565,44872,0.11033566627674128,0.13529870346633302,0.10267786615675197,0.22146523508959004,0.5995963040403074,0.5447110437259222,0.629219304718221,1.7519495677660013e-130,0.0004997501249375312,0.8775612193903048,2000,2.3067335975585683e-129,1.1425203710755035e-128,0.0008773391082236659,0.004345442423640355,1.0,1.0
clause_rela_1_2gram,Klagelied des Volkes,496,15918,0.030218106494455953,0.033061655366089876,0.019490966718765122,0.047704208414031474,0.5537341830510398,0.48946519032389474,0.6276884679196024,2.2294242263189853e-05,0.062468765617191405,0.9855072463768116,2000,7.071018168554576e-05,0.0003502260646989809,0.18980894168300463,0.9401197551145,1.0,1.0
clause_rela_1_2gram,Königspsalm,325,13088,0.024230224409155298,0.026603198833139108,0.014387626925295521,0.04422450493103937,0.5188227618958059,0.4527736341540044,0.5974301073846129,0.12279701932667669,0.2988505747126437,1.0,2000,0.7462280405236507,1.0,0.8824094446283351,1.0,1.0,1.0
clause_rela_1_2gram,Legende,3,1579,0.0018963337547408343,0.14145299145299145,0.05130437178078569,0.20759636591312836,0.9869115473928647,0.9734583878831607,0.9948781693935949,0.0017636625914793284,0.0004997501249375312,0.009995002498750625,2000,0.005232462259904652,0.025916277151172167,0.0011963715112140898,0.005925603304964121,0.02961019490254873,0.14665868179786198
clause_rela_1_2gram,Liturgie,153,9176,0.01640047164755065,0.021793015076062613,0.012054795831899834,0.036561805573662884,0.6127650420819302,0.5478146634670202,0.6941890273997633,8.265202887315785e-07,0.009495252373813094,0.8365817091454273,2000,2.2515552693032653e-06,1.1151906594259666e-05,0.025866377156249464,0.12811563007629323,1.0,1.0
clause_rela_1_2gram,Mischgedicht,45,5099,0.008748055987558321,0.017015783209970808,0.007024769356362856,0.04436565220944359,0.7334444662352095,0.6259019416905852,0.8268306243877666,3.323157356411322e-08,0.001999000499750125,0.40729635182408797,2000,1.0097285813711323e-07,5.00116474089027e-07,0.005848927388157773,0.028969616157602365,1.0,1.0
clause_rela_1_2gram,Segensspruch,253,11656,0.021244436980434964,0.01870430009707883,0.01011805618458221,0.03293736490239877,0.46918091345853874,0.4107549257909545,0.5801812905885863,0.953516286617206,0.7786106946526736,1.0,2000,0.9999999994948561,1.0,0.9985007496251874,1.0,1.0,1.0
clause_rela_1_2gram,Segenswunsch,45,5196,0.008586147681740127,0.008410352584494785,0.003723011490898946,0.02102246919996376,0.4528953896159439,0.34039059996872667,0.6457837771267602,0.8621384342026365,0.7716141929035483,1.0,2000,0.9999999999519258,1.0,1.0,1.0,1.0,1.0
clause_rela_1_2gram,Siegeslied,10,2622,0.003799392097264438,0.007469140665924036,0.0012913625648674225,0.05375758448659401,0.5845156369183829,0.20082624048435535,0.9671950402916145,0.17780992783252964,0.1729135432283858,0.9220389805097451,2000,0.9208285219226607,1.0,0.9063042008407561,1.0,1.0,1.0
clause_rela_1_2gram,Thronbesteigungslied,36,4685,0.007625503071383181,0.011980843787289116,0.0019625767366276614,0.03035438264972333,0.6021759753349935,0.35527525774798374,0.80807928077665,0.017200722599146852,0.07496251874062969,0.8700649675162418,2000,0.0323537401269667,0.16024740444525415,0.13949691820756288,0.6909253453588166,1.0,1.0
clause_rela_1_2gram,Tora,3,1578,0.0018975332068311196,0.00248289620241065,0.0016538370414403117,0.004633935220156895,0.5021123785382341,0.4781981548195925,0.531328773555433,0.49520177030443097,0.44177911044477763,1.0,2000,0.6744989630008629,1.0,0.6017336159506453,1.0,1.0,1.0
clause_rela_1_2gram,Wallfahrtslied,0,528,0.0,nan,nan,nan,nan,nan,nan,nan,nan,0.0004997501249375312,2000,nan,nan,nan,nan,0.0004997501249375312,0.002475252013466025
clause_rela_1_2gram,Weisheitsgedicht,465,15452,0.029214047873342967,0.026452093552734986,0.017771886316485838,0.040925492900340685,0.47499074483868187,0.41566536553222316,0.5359450910758701,0.9671639770496585,0.7631184407796102,1.0,2000,0.999985157416146,1.0,0.9274824126398339,1.0,1.0,1.0
clause_rela_1_2gram,Zionslied,15,3140,0.004754358161648178,0.006994994348757295,0.002487987430377172,0.01734839569567584,0.6237048832271762,0.3809163911688971,0.8374326789404399,0.04892307196817438,0.08295852073963018,0.7916041979010495,2000,0.0788759731731791,0.3906710607334185,0.1337494518047099,0.6624582633590501,1.0,1.0
clause_rela_1_2gram,prophetische Gerichtsrede,1,1050,0.0009514747859181732,0.011111111111111112,nan,nan,0.9161904761904762,nan,nan,0.07504642604128023,0.08383534136546185,0.09995002498750624,2000,0.390983073497538,1.0,0.36427190242451285,1.0,0.5424244399539361,1.0
clause_rela_1_2gram,prophetische Redeweise,91,7217,0.012452107279693486,0.012647974269103104,0.005893479845672342,0.026049376171114316,0.4961750872101433,0.43836084363640465,0.6143284342517791,0.5499869343956666,0.5032483758120939,1.0,2000,0.9999613427340172,1.0,0.9930034982508745,1.0,1.0,1.0
clause_rela_1_2gram,"prophetische Schelt-, Droh- und Mahnrede",21,3656,0.005711177590426979,0.006042545371495918,0.0021865220050255887,0.017833239021742386,0.49879519641554654,0.3079795606241425,0.8505065395064852,0.5076481444800205,0.456271864067966,1.0,2000,0.8287155809202843,1.0,0.7514409461935699,1.0,1.0,1.0
clause_rela_1_2gram,prophetische Tora,0,525,0.0,nan,nan,nan,nan,nan,nan,nan,nan,0.0004997501249375312,2000,nan,nan,nan,nan,0.0004997501249375312,0.002475252013466025
clause_rela_1_2gram,prophetisches Stück,28,4173,0.006665079742918353,0.007697129373548493,0.0033257093355547364,0.021514784073356788,0.540652493923522,0.44554556970327225,0.7068273070775464,0.22888141414811342,0.2723638180909545,0.9975012493753124,2000,0.53181269757944,1.0,0.5625937031484257,1.0,1.0,1.0
clause_rela_1_2gram_psalm,Danklied Israels,6,2097,0.0028530670470756064,0.00227959604004587,0.0011554593275700754,0.006294258229493102,0.23772055317119695,0.019437997734067205,0.7586010539020686,0.9868649170439255,0.9970014992503748,1.0,2000,0.9868649170439255,1.0,0.9970014992503748,1.0,1.0,1.0
clause_rela_1_2gram_psalm,Danklied des Einzelnen,1596,26866,0.056074766355140186,0.059462411887224544,0.04515551614738466,0.09017922311302096,0.5227421266633419,0.4696745085836819,0.5781123448297022,0.0011150944325842458,0.18190904547726136,1.0,2000,0.0018352595869615713,0.009090002705706769,0.2932819304633397,1.0,1.0,1.0
clause_rela_1_2gram_psalm,Fluch,15,3142,0.004751346214760849,0.004108140948736088,0.0018756331274478678,0.009712074547051669,0.4129323148737534,0.24785380068677565,0.6574364702149675,0.8780565567479052,0.8465767116441779,1.0,2000,0.988782647201491,1.0,0.9860069965017492,1.0,1.0,1.0
clause_rela_1_2gram_psalm,Hymnus,11026,56707,0.16278623418422336,0.18380027261894377,0.14517078820992993,0.22378660621374852,0.5435070009969206,0.5084280743142522,0.5860920000938363,8.082345942906873e-48,0.0069965017491254375,0.999000499750125,2000,6.38505329489643e-46,3.162503666458481e-45,0.13571339330334833,0.6721856249068675,1.0,1.0
clause_rela_1_2gram_psalm,Klagelied des Einzelnen,5565,44872,0.11033566627674128,0.1350070773458533,0.08478492685664517,0.22078506710619508,0.5410081338280459,0.48656802958384116,0.6177018915842845,7.977434151926315e-24,0.02448775612193903,0.9995002498750625,2000,9.267901441208514e-24,4.590372379761506e-23,0.02803670628453889,0.13886522527720266,1.0,1.0
clause_rela_1_2gram_psalm,Klagelied des Volkes,496,15918,0.030218106494455953,0.029248577050104835,0.01287697308994381,0.04512053229902643,0.48298772387923594,0.40395611348184324,0.5618693349415684,0.901902268032062,0.6781609195402298,1.0,2000,0.9999906926869576,1.0,0.9272799497687054,1.0,1.0,1.0
clause_rela_1_2gram_psalm,Königspsalm,325,13088,0.024230224409155298,0.023957361156608695,0.011953198383112013,0.03717053210424775,0.4916803413579086,0.39997504968007713,0.5562172686520752,0.696100521321105,0.5702148925537232,1.0,2000,0.9997904174423975,1.0,0.8824094446283351,1.0,1.0,1.0
clause_rela_1_2gram_psalm,Legende,3,1579,0.0018963337547408343,0.0027538739544818573,0.00103359492103787,0.00463178839074721,0.5364154528182394,0.20752970889583652,0.8414735731830556,0.4138733963802545,0.39080459770114945,0.9995002498750625,2000,0.43594664418720136,1.0,0.4062310949788264,1.0,1.0,1.0
clause_rela_1_2gram_psalm,Liturgie,153,9176,0.01640047164755065,0.013419314516079056,0.006182837232982065,0.022569539378733055,0.4323594229903528,0.349712209911766,0.5297734264779146,0.9979753877865057,0.9515242378810594,1.0,2000,0.9999999998364674,1.0,1.0,1.0,1.0,1.0
clause_rela_1_2gram_psalm,Mischgedicht,45,5099,0.008748055987558321,0.007115876827703483,0.003830723073007913,0.012977250177698761,0.4249874703100826,0.3396411164552724,0.4967658739948877,0.9586632354653712,0.8810594702648675,1.0,2000,0.9709537897662093,1.0,0.8923551044990324,1.0,1.0,1.0
clause_rela_1_2gram_psalm,Segensspruch,253,11656,0.021244436980434964,0.020330603205811253,0.010064803185489071,0.033539795449758124,0.4916311401141009,0.42268616943405396,0.5876754474964104,0.6758731407373073,0.5627186406796602,1.0,2000,0.9999999994948561,1.0,0.9985007496251874,1.0,1.0,1.0
clause_rela_1_2gram_psalm,Segenswunsch,45,5196,0.008586147681740127,0.006380547689978093,0.002596168919372095,0.012163702800072066,0.365586776152596,0.2830911734528994,0.5052018911230397,0.9990639506060889,0.9950024987506247,1.0,2000,0.9999999999519258,1.0,1.0,1.0,1.0,1.0
clause_rela_1_2gram_psalm,Siegeslied,10,2622,0.003799392097264438,0.0040710183125782975,0.0015526832387382883,0.012175149441778665,0.46781083142639207,0.23278205353196266,0.7458483485586664,0.6376148645029459,0.5837081459270365,1.0,2000,0.9208285219226607,1.0,0.9063042008407561,1.0,1.0,1.0
clause_rela_1_2gram_psalm,Thronbesteigungslied,36,4685,0.007625503071383181,0.017758498271988974,0.00134318621018725,0.042154152873418047,0.5728507055614847,0.330459527706263,0.7729093986966988,0.06575379483929279,0.14392803598200898,0.9725137431284357,2000,0.09989518831354097,0.4947787977833287,0.21453424231280582,1.0,1.0,1.0
clause_rela_1_2gram_psalm,Tora,3,1578,0.0018975332068311196,1.0,1.0,1.0,1.0,1.0,1.0,0.0013650061416942611,0.0009995002498750624,0.0009995002498750624,2000,0.0027897801675024784,0.013817723362452928,0.0019740129935032482,0.009777245453190798,0.0026320173246709975,0.013036327270921067
clause_rela_1_2gram_psalm,Wallfahrtslied,0,528,0.0,nan,nan,nan,nan,nan,nan,nan,nan,0.0004997501249375312,2000,nan,nan,nan,nan,0.0004997501249375312,0.002475252013466025
clause_rela_1_2gram_psalm,Weisheitsgedicht,465,15452,0.029214047873342967,0.028180558854908864,0.020632963855074727,0.04465216806981877,0.4805855942370268,0.4292891098533975,0.5501609988714776,0.9234786492638778,0.7081459270364817,1.0,2000,0.999985157416146,1.0,0.8930058780133743,1.0,1.0,1.0
clause_rela_1_2gram_psalm,Zionslied,15,3140,0.004754358161648178,0.004271809304277082,0.0016441544248862357,0.010894126584745053,0.41247346072186836,0.23122052473249222,0.761265001468476,0.8792939700384972,0.8405797101449275,1.0,2000,0.9439600988636554,1.0,0.9267190728959844,1.0,1.0,1.0
clause_rela_1_2gram_psalm,prophetische Gerichtsrede,1,1050,0.0009514747859181732,0.0045662100456621,nan,nan,0.7933333333333333,nan,nan,0.15538442302560057,0.12449799196787148,0.20789605197401298,2000,0.390983073497538,1.0,0.36427190242451285,1.0,0.5832890006609599,1.0
clause_rela_1_2gram_psalm,prophetische Redeweise,91,7217,0.012452107279693486,0.012551896940138533,0.002517307856332217,0.04189528093076678,0.4745305269761415,0.34189335945305493,0.56949292115098,0.7985248223929018,0.6656671664167916,1.0,2000,0.9999613427340172,1.0,0.9930034982508745,1.0,1.0,1.0
clause_rela_1_2gram_psalm,"prophetische Schelt-, Droh- und Mahnrede",21,3656,0.005711177590426979,0.013252892364432601,0.001652523787269358,0.08492090035055083,0.5643365114098156,0.13557986734203942,0.7986303970976231,0.15430202300325674,0.21039480259870064,0.9810094952523738,2000,0.7655368811980237,1.0,0.7514409461935699,1.0,1.0,1.0
clause_rela_1_2gram_psalm,prophetische Tora,0,525,0.0,nan,nan,nan,nan,nan,nan,nan,nan,0.0004997501249375312,2000,nan,nan,nan,nan,0.0004997501249375312,0.002475252013466025
clause_rela_1_2gram_psalm,prophetisches Stück,28,4173,0.006665079742918353,0.008875792118252764,0.0027665941959538047,0.1295310122968218,0.44144757112046834,0.15940024258737254,0.6026940219211246,0.8576132937476018,0.7916041979010495,1.0,2000,0.9714858056745862,1.0,0.9288827808318064,1.0,1.0,1.0
clause_rela_1gram,Danklied Israels,6,2097,0.0028530670470756064,0.0024780782924530547,0.0014723500783546087,0.00466148760025972,0.3663169607375616,0.15485183766148544,0.5044437518929458,0.8715700042676785,0.887056471764118,1.0,2000,0.9789087076252553,1.0,0.9895372826407309,1.0,1.0,1.0
clause_rela_1gram,Danklied des Einzelnen,1596,26866,0.056074766355140186,0.05775408689856556,0.04446242787053459,0.08272441678542457,0.48406320647893836,0.4414773452160586,0.5443499998616733,0.9840076277379981,0.7391304347826086,1.0,2000,0.999999999427889,1.0,0.8109903381642513,1.0,1.0,1.0
clause_rela_1gram,Fluch,15,3142,0.004751346214760849,0.004482324290943347,0.001994463142332311,0.010688003012657245,0.4489603225122003,0.253406446103926,0.679733240604624,0.7529472407777543,0.7106446776611695,1.0,2000,0.988782647201491,1.0,0.9860069965017492,1.0,1.0,1.0
clause_rela_1gram,Hymnus,11026,56707,0.16278623418422336,0.17238409683369213,0.1369820478130107,0.22025320763116674,0.4901634595667315,0.4612492633282323,0.5252516456453535,0.9994750959542585,0.7141429285357321,1.0,2000,1.0,1.0,1.0,1.0,1.0,1.0
clause_rela_1gram,Klagelied des Einzelnen,5565,44872,0.11033566627674128,0.12791289758493302,0.09746307693888168,0.20666468131519336,0.5890423045397615,0.5460072277494639,0.6175927577810955,7.942534755839122e-105,0.0004997501249375312,0.9150424787606197,2000,4.183068304741938e-104,2.0718650635800568e-103,0.0008773391082236659,0.004345442423640355,1.0,1.0
clause_rela_1gram,Klagelied des Volkes,496,15918,0.030218106494455953,0.02980052636432141,0.017054266613084422,0.04246354089099463,0.522232831872216,0.4704370721934138,0.572127669399269,0.045583964030796696,0.24087956021989004,1.0,2000,0.10591568113038057,0.5245981739541755,0.5436995787820376,1.0,1.0,1.0
clause_rela_1gram,Königspsalm,325,13088,0.024230224409155298,0.027741406986052396,0.014464271555742592,0.045868532544854373,0.5400808726725597,0.4753454459803087,0.6131598621187082,0.006656005518958146,0.1454272863568216,0.9970014992503748,2000,0.24332028308698267,1.0,0.8824094446283351,1.0,1.0,1.0
clause_rela_1gram,Legende,3,1579,0.0018963337547408343,0.09513677811550152,0.019110995678421193,0.5,0.9755119273801984,0.9449389805025895,0.9993792088189081,0.002161296517507958,0.0004997501249375312,0.01649175412293853,2000,0.005232462259904652,0.025916277151172167,0.0011963715112140898,0.005925603304964121,0.040608267294923964,0.20113190646563928
clause_rela_1gram,Liturgie,153,9176,0.01640047164755065,0.01877092037268937,0.00856464384958397,0.035362454456959604,0.5252000102569363,0.4578442049354861,0.607261603319517,0.14211343303363705,0.28285857071464265,1.0,2000,0.3034313840447926,1.0,0.5880480812225466,1.0,1.0,1.0
clause_rela_1gram,Mischgedicht,45,5099,0.008748055987558321,0.022626836773591487,0.006234133543093521,0.1263989706284752,0.7074567998082413,0.5974928440816923,0.9116851104081667,7.935983086316425e-07,0.0034982508745627187,0.495752123938031,2000,2.022395689738702e-06,1.0016883945104517e-05,0.008636306846576711,0.04277544885770975,1.0,1.0
clause_rela_1gram,Segensspruch,253,11656,0.021244436980434964,0.0181064883281043,0.009090280858212944,0.033805522307016334,0.4299056483488461,0.3832479691533412,0.5253158990824516,0.9999336088648392,0.9785107446276862,1.0,2000,0.9999999994948561,1.0,0.9985007496251874,1.0,1.0,1.0
clause_rela_1gram,Segenswunsch,45,5196,0.008586147681740127,0.011294536410125577,0.004304114225145383,0.028112800979988778,0.5220254896929262,0.3444945342519769,0.7596006864950469,0.3046105065083943,0.34632683658170915,1.0,2000,0.9999999999519258,1.0,1.0,1.0,1.0,1.0
clause_rela_1gram,Siegeslied,10,2622,0.003799392097264438,0.00734816598164951,0.002488231097103295,0.023183045857509684,0.5967963386727689,0.2021794272496136,0.8765102171825068,0.14321048436916206,0.1489255372313843,0.8905547226386806,2000,0.8081163046545574,1.0,0.8601056614549869,1.0,1.0,1.0
clause_rela_1gram,Thronbesteigungslied,36,4685,0.007625503071383181,0.01098987817648681,0.0035077364468299086,0.030833000569134128,0.6399887347325981,0.4761425286542708,0.8386429232970133,0.0018622855289529493,0.026486756621689155,0.7436281859070465,2000,0.006396545947273174,0.031681959533666953,0.09964065586254492,0.4935181038277261,1.0,1.0
clause_rela_1gram,Tora,3,1578,0.0018975332068311196,0.0037030171969931005,0.0022785078937084756,0.006400503453033263,0.6856780735107731,0.6349607483512223,0.7260201726274353,0.131880934553398,0.1294352823588206,0.5687156421789106,2000,0.21262436387180494,1.0,0.2175614320499325,1.0,0.9169088924925293,1.0
clause_rela_1gram,Wallfahrtslied,0,528,0.0,nan,nan,nan,nan,nan,nan,nan,nan,0.0004997501249375312,2000,nan,nan,nan,nan,0.0004997501249375312,0.002475252013466025
clause_rela_1gram,Weisheitsgedicht,465,15452,0.029214047873342967,0.025924866406151863,0.017724345978066634,0.03907072635911399,0.47267813749968685,0.419405321466305,0.540254818804298,0.9778439759538,0.7856071964017991,1.0,2000,0.999985157416146,1.0,0.9298485085815301,1.0,1.0,1.0
clause_rela_1gram,Zionslied,15,3140,0.004754358161648178,0.0065017823117354805,0.0016743486118613719,0.017720149644470124,0.6090127388535032,0.38307669782666703,0.8935937618000649,0.07223969227252332,0.12243878060969515,0.8565717141429285,2000,0.10974876326017965,0.5435833503175668,0.18601276284934454,0.92131736001221,1.0,1.0
clause_rela_1gram,prophetische Gerichtsrede,1,1050,0.0009514747859181732,0.00423728813559322,nan,nan,0.7771428571428571,nan,nan,0.1682711961888138,0.18674698795180722,0.31084457771114443,2000,0.390983073497538,1.0,0.42151462994836486,1.0,0.7174127222103234,1.0
clause_rela_1gram,prophetische Redeweise,91,7217,0.012452107279693486,0.011949044984161637,0.006186297721305687,0.026234499225080973,0.46058603998191083,0.41195967304572434,0.5970236407679477,0.9024015318345475,0.776111944027986,1.0,2000,0.9999613427340172,1.0,0.9930034982508745,1.0,1.0,1.0
clause_rela_1gram,"prophetische Schelt-, Droh- und Mahnrede",21,3656,0.005711177590426979,0.0054905798705828495,0.0019578226480709312,0.021406003360281773,0.47152756069605084,0.3292200288943911,0.852840177806671,0.6739637234632019,0.5982008995502249,1.0,2000,0.8489189786806046,1.0,0.7620316825714127,1.0,1.0,1.0
clause_rela_1gram,prophetische Tora,0,525,0.0,nan,nan,nan,nan,nan,nan,nan,nan,0.0004997501249375312,2000,nan,nan,nan,nan,0.0004997501249375312,0.002475252013466025
clause_rela_1gram,prophetisches Stück,28,4173,0.006665079742918353,0.007127561648213433,0.0030499893189345016,0.017513502284991583,0.5290173222416213,0.3579948827849335,0.6616264109702944,0.2978902172098621,0.31334332833583206,1.0,2000,0.5385659252027215,1.0,0.5625937031484257,1.0,1.0,1.0
clause_rela_1gram_psalm,Danklied Israels,6,2097,0.0028530670470756064,0.002520751932134732,0.0013024509563862828,0.005455089845859229,0.3690192338261008,0.2060315556127523,0.8331398780941099,0.8664831196728981,0.8885557221389305,1.0,2000,0.9789087076252553,1.0,0.9895372826407309,1.0,1.0,1.0
clause_rela_1gram_psalm,Danklied des Einzelnen,1596,26866,0.056074766355140186,0.05966188335069249,0.04622034075927976,0.08590417034263456,0.523622901891071,0.4764641041627099,0.5763763370846272,0.0007462002603220102,0.14392803598200898,0.999000499750125,2000,0.0013709260596613676,0.006790168366469179,0.2811764849282676,1.0,1.0,1.0
clause_rela_1gram_psalm,Fluch,15,3142,0.004751346214760849,0.004255485160127716,0.0018757207643490088,0.01299788620911966,0.4499257373223,0.25301339992126554,0.6778078669948263,0.748654639730923,0.6901549225387307,1.0,2000,0.988782647201491,1.0,0.9860069965017492,1.0,1.0,1.0
clause_rela_1gram_psalm,Hymnus,11026,56707,0.16278623418422336,0.17869600914871678,0.13983892662487918,0.21656504503816487,0.5223511901010081,0.49041497306884574,0.5535846641098534,5.07119487807642e-14,0.06696651674162919,0.999000499750125,2000,1.5408630591078354e-13,7.631862803453709e-13,0.2204314509411961,1.0,1.0,1.0
clause_rela_1gram_psalm,Klagelied des Einzelnen,5565,44872,0.11033566627674128,0.13263963024677497,0.08656099784551509,0.22089338927273247,0.5370839838809948,0.4995857419783449,0.5926864551025486,7.905410106272912e-20,0.01999000499750125,0.9945027486256871,2000,8.921819977079429e-20,4.418958947695657e-19,0.023223682276508808,0.11502641709636235,1.0,1.0
clause_rela_1gram_psalm,Klagelied des Volkes,496,15918,0.030218106494455953,0.030431291576888782,0.014563124733124048,0.04504520479318461,0.49201128819474,0.4347229174665985,0.5547827186181581,0.7280499351853198,0.5972013993003499,1.0,2000,0.9999906926869576,1.0,0.9272799497687054,1.0,1.0,1.0
clause_rela_1gram_psalm,Königspsalm,325,13088,0.024230224409155298,0.02435282172063022,0.012921806865111378,0.03689582006942723,0.49951558679706604,0.4368769343916141,0.5627371594322611,0.511922212306916,0.4847576211894053,1.0,2000,0.9997904174423975,1.0,0.8824094446283351,1.0,1.0,1.0
clause_rela_1gram_psalm,Legende,3,1579,0.0018963337547408343,0.05897563207648198,0.0032877857085554635,0.2,0.7954401519949335,0.6323029771344866,0.9950377371666482,0.03837722134873811,0.044977511244377814,0.27786106946526734,2000,0.04890000784758566,0.2422007256093649,0.05794683303509535,0.2870094633033428,0.3540487820605826,1.0
clause_rela_1gram_psalm,Liturgie,153,9176,0.01640047164755065,0.013874290845930632,0.00651042610041297,0.023345275956974477,0.4349770785966232,0.3664573203523749,0.5468942025910563,0.9971369580100032,0.9660169915042479,1.0,2000,0.9999999998364674,1.0,1.0,1.0,1.0,1.0
clause_rela_1gram_psalm,Mischgedicht,45,5099,0.008748055987558321,0.011354543022100825,0.004563317017656553,0.03705747144174706,0.5488309254537926,0.40316268773417624,0.8256980407248065,0.12932291551107927,0.17991004497751126,0.9875062468765617,2000,0.2554127581343816,1.0,0.34665594032252167,1.0,1.0,1.0
clause_rela_1gram_psalm,Segensspruch,253,11656,0.021244436980434964,0.020258254124952975,0.01111859652953915,0.03606100733337184,0.49119115568565,0.4299200356445313,0.6083538330132713,0.6844477085039584,0.5797101449275363,1.0,2000,0.9999999994948561,1.0,0.9985007496251874,1.0,1.0,1.0
clause_rela_1gram_psalm,Segenswunsch,45,5196,0.008586147681740127,0.007206113668987773,0.0029117657536147203,0.014398172384431245,0.43154777179026604,0.3350691517514134,0.5968354255204393,0.9433742932916077,0.889055472263868,1.0,2000,0.9999999999519258,1.0,1.0,1.0,1.0,1.0
clause_rela_1gram_psalm,Siegeslied,10,2622,0.003799392097264438,0.0037912049601721096,0.0015876039317121785,0.010441092172609431,0.46575133485888637,0.22956432812426106,0.8453498650764026,0.6460227034342644,0.5762118940529735,1.0,2000,0.9208285219226607,1.0,0.9063042008407561,1.0,1.0,1.0
clause_rela_1gram_psalm,Thronbesteigungslied,36,4685,0.007625503071383181,0.04465773648800261,0.006454595736369849,0.3413160995091147,0.6638681370805171,0.3700022625927137,0.8044034024135637,0.00034624070529318306,0.013993003498250875,0.6536731634182908,2000,0.0015196119843423036,0.007526606670484708,0.06502631037422466,0.32207396786981457,1.0,1.0
clause_rela_1gram_psalm,Tora,3,1578,0.0018975332068311196,0.5,0.5,0.5,0.9990494296577946,0.9982698703790477,0.9993438263891475,0.0013906547757067307,0.0009995002498750624,0.0009995002498750624,2000,0.0027897801675024784,0.013817723362452928,0.0019740129935032482,0.009777245453190798,0.0026320173246709975,0.013036327270921067
clause_rela_1gram_psalm,Wallfahrtslied,0,528,0.0,nan,nan,nan,nan,nan,nan,nan,nan,0.0004997501249375312,2000,nan,nan,nan,nan,0.0004997501249375312,0.002475252013466025
clause_rela_1gram_psalm,Weisheitsgedicht,465,15452,0.029214047873342967,0.028638625743824156,0.0204975659195942,0.049423252505791784,0.48294670418834323,0.43426482959280666,0.5637249973305647,0.8952775040943128,0.697151424287856,1.0,2000,0.999985157416146,1.0,0.8930058780133743,1.0,1.0,1.0
clause_rela_1gram_psalm,Zionslied,15,3140,0.004754358161648178,0.003947115021071651,0.0015647587288018859,0.008643060719923717,0.4018365180467091,0.19425675454774874,0.6076515917306775,0.9055455289132479,0.9045477261369316,1.0,2000,0.9439600988636554,1.0,0.9402535574318105,1.0,1.0,1.0
clause_rela_1gram_psalm,prophetische Gerichtsrede,1,1050,0.0009514747859181732,0.006944444444444444,nan,nan,0.8647619047619047,nan,nan,0.10368433898184842,0.11596385542168675,0.15792103948025987,2000,0.390983073497538,1.0,0.36427190242451285,1.0,0.5424244399539361,1.0
clause_rela_1gram_psalm,prophetische Redeweise,91,7217,0.012452107279693486,0.017292938259435328,0.002395536517777323,0.06513318512142818,0.44833626952235794,0.30082422928789043,0.5250824542282019,0.9551045957170158,0.8775612193903048,1.0,2000,0.9999613427340172,1.0,0.9930034982508745,1.0,1.0,1.0
clause_rela_1gram_psalm,"prophetische Schelt-, Droh- und Mahnrede",21,3656,0.005711177590426979,0.012093159895561208,0.001834897806389155,0.11445395048566973,0.4980788267166823,0.047558323138267876,0.7724398915902289,0.5121696913755415,0.47726136931534235,1.0,2000,0.8287155809202843,1.0,0.7514409461935699,1.0,1.0,1.0
clause_rela_1gram_psalm,prophetische Tora,0,525,0.0,nan,nan,nan,nan,nan,nan,nan,nan,0.0004997501249375312,2000,nan,nan,nan,nan,0.0004997501249375312,0.002475252013466025
clause_rela_1gram_psalm,prophetisches Stück,28,4173,0.006665079742918353,0.01243553003079661,0.0027780593649151426,0.4058637559364812,0.41157012769162304,0.21004105025795655,0.6892633226785984,0.9468912283157359,0.9250374812593704,1.0,2000,0.9714858056745862,1.0,0.9490644288245488,1.0,1.0,1.0
clause_signature_1_2_3gram,Danklied Israels,6,2097,0.0028530670470756064,0.008814125488476465,0.002687629338744668,0.06435846167171529,0.65172468605945,0.41638118289800713,0.9684836205799291,0.09911364148990459,0.11544227886056972,0.6691654172913544,2000,0.7055107657242036,1.0,0.7501249375312344,1.0,1.0,1.0
clause_signature_1_2_3gram,Danklied des Einzelnen,1596,26866,0.056074766355140186,0.06090763889803407,0.04700940013016617,0.08091473763368676,0.5282261686935271,0.4873763741793293,0.5730968503540181,6.500382715796638e-05,0.09145427286356822,0.9995002498750625,2000,0.00013167441911485496,0.0006521806694430641,0.19526723124924025,0.9671545502345494,1.0,1.0
clause_signature_1_2_3gram,Fluch,15,3142,0.004751346214760849,0.0044154161982413965,0.001829400500532004,0.015744626171410356,0.4031190324633991,0.2193682590456323,0.6532061203208591,0.9079443947433203,0.894552723638181,1.0,2000,0.988782647201491,1.0,0.9860069965017492,1.0,1.0,1.0
clause_signature_1_2_3gram,Hymnus,11026,56707,0.16278623418422336,0.15096652924098886,0.1273551041655898,0.1811853046524697,0.456626229416315,0.43119291632239687,0.4785286660976527,1.0,1.0,1.0,2000,1.0,1.0,1.0,1.0,1.0,1.0
clause_signature_1_2_3gram,Klagelied des Einzelnen,5565,44872,0.11033566627674128,0.14933561384904592,0.10738270638308374,0.191953112984333,0.587503550080036,0.5346908312973139,0.6301692513530215,6.2943002283437136e-102,0.0004997501249375312,0.9145427286356822,2000,2.9249983414067846e-101,1.4487456175937809e-100,0.0008773391082236659,0.004345442423640355,1.0,1.0
clause_signature_1_2_3gram,Klagelied des Volkes,496,15918,0.030218106494455953,0.034978232867759314,0.021440470115704106,0.04948767765297789,0.570709601931674,0.5199369352567056,0.6511968044887225,3.611427274410563e-08,0.0079960019990005,0.9625187406296851,2000,1.501593445675971e-07,7.437361221833485e-07,0.06316841579210394,0.31287185450210553,1.0,1.0
clause_signature_1_2_3gram,Königspsalm,325,13088,0.024230224409155298,0.0274638038059231,0.016386341225483846,0.04382343339920388,0.5261705378973105,0.4556756325862286,0.6114975564186784,0.052492016088351114,0.20089955022488756,1.0,2000,0.691144878496623,1.0,0.8824094446283351,1.0,1.0,1.0
clause_signature_1_2_3gram,Legende,3,1579,0.0018963337547408343,0.30000000000000004,0.125,0.3833333333333333,0.9955668144395187,0.9866784218952275,0.9988010136117562,0.0014888010817487951,0.0004997501249375312,0.0029985007496251873,2000,0.005232462259904652,0.025916277151172167,0.0011963715112140898,0.005925603304964121,0.029610194902548723,0.14665868179786198
clause_signature_1_2_3gram,Liturgie,153,9176,0.01640047164755065,0.02564141324147087,0.013546185371728223,0.044324624948747726,0.6499207936589341,0.5492891265392427,0.7469956249787869,9.303543130726745e-11,0.0009995002498750624,0.6751624187906047,2000,3.3408177605791494e-10,1.6547001142881692e-09,0.003760024749529997,0.01862332467274438,1.0,1.0
clause_signature_1_2_3gram,Mischgedicht,45,5099,0.008748055987558321,0.028955313144467833,0.014010419941537473,0.0629559772353794,0.8129066701531891,0.712436351238717,0.9057144243673189,2.2648709193676955e-13,0.0004997501249375312,0.22788605697151423,2000,1.491040021917066e-12,7.385090332633698e-12,0.0017165330378289116,0.008501952567991999,1.0,1.0
clause_signature_1_2_3gram,Segensspruch,253,11656,0.021244436980434964,0.025267254121952985,0.01392755396635915,0.04920522789403064,0.5437074936045423,0.4505196617962624,0.667708516413614,0.007677798232353726,0.10144927536231885,0.9930034982508745,2000,0.06739400670621605,0.3338011187410032,0.811139884603153,1.0,1.0,1.0
clause_signature_1_2_3gram,Segenswunsch,45,5196,0.008586147681740127,0.016361533387867916,0.004405161156380359,0.13558507037264697,0.4849606534941408,0.3325411990776952,0.6743842510546723,0.6418227995520949,0.5972013993003499,1.0,2000,0.9999999999519258,1.0,1.0,1.0,1.0,1.0
clause_signature_1_2_3gram,Siegeslied,10,2622,0.003799392097264438,0.007899231194089877,0.0011860351244504185,0.06999460885380981,0.5075133485888634,0.17147984951855966,0.9647523126165499,0.46691438481139574,0.44377811094452774,1.0,2000,0.9208285219226607,1.0,0.9063042008407561,1.0,1.0,1.0
clause_signature_1_2_3gram,Thronbesteigungslied,36,4685,0.007625503071383181,0.017767929709016476,0.003895542187756828,0.05066020359511136,0.6179710660500415,0.43489834771125185,0.8741282503923598,0.007116580437737849,0.034482758620689655,0.8055972013993004,2000,0.017650249358357364,0.08742131934016542,0.1065967016491754,0.5279712544723032,1.0,1.0
clause_signature_1_2_3gram,Tora,3,1578,0.0018975332068311196,0.002380274393851699,0.0018114208007467272,0.004554718780079834,0.4440219687367976,0.41521288182353944,0.49049448686425706,0.6328419424451897,0.6191904047976012,1.0,2000,0.7666801537275293,1.0,0.7395183005512169,1.0,1.0,1.0
clause_signature_1_2_3gram,Wallfahrtslied,0,528,0.0,nan,nan,nan,nan,nan,nan,nan,nan,0.0004997501249375312,2000,nan,nan,nan,nan,0.0004997501249375312,0.002475252013466025
clause_signature_1_2_3gram,Weisheitsgedicht,465,15452,0.029214047873342967,0.03236078206938338,0.020823340067252574,0.053858361771335274,0.529039703946178,0.44255783139511345,0.6125264502393893,0.015574663912843381,0.1539230384807596,0.9995002498750625,2000,0.14097867624598737,0.6982644622195437,0.8930058780133743,1.0,1.0,1.0
clause_signature_1_2_3gram,Zionslied,15,3140,0.004754358161648178,0.012195978323215435,0.0040903026258784425,0.03140759349758518,0.7623885350318471,0.5284981608317596,0.9004542426874876,0.00022275862968950633,0.005997001499250375,0.33183408295852074,2000,0.0006218243254534927,0.0030798829991154227,0.014805097451274363,0.07332934089893099,0.7907018712865791,1.0
clause_signature_1_2_3gram,prophetische Gerichtsrede,1,1050,0.0009514747859181732,0.024390243902439025,nan,nan,0.9628571428571429,nan,nan,0.05477073254932653,0.0286144578313253,0.03248375812093953,2000,0.390983073497538,1.0,0.36427190242451285,1.0,0.5132433783108447,1.0
clause_signature_1_2_3gram,prophetische Redeweise,91,7217,0.012452107279693486,0.015306278097756837,0.005588407310341429,0.0660345037834749,0.46869418512760624,0.36095928578859376,0.6208967381997351,0.851406443664767,0.7656171914042978,1.0,2000,0.9999613427340172,1.0,0.9930034982508745,1.0,1.0,1.0
clause_signature_1_2_3gram,"prophetische Schelt-, Droh- und Mahnrede",21,3656,0.005711177590426979,0.0288071455553579,0.003010183189285972,0.5,0.414335208919454,0.2692542895822297,0.9991778973794628,0.9137229695082877,0.8780609695152424,1.0,2000,0.9531847284681182,1.0,0.9231108130145453,1.0,1.0,1.0
clause_signature_1_2_3gram,prophetische Tora,0,525,0.0,nan,nan,nan,nan,nan,nan,nan,nan,0.0004997501249375312,2000,nan,nan,nan,nan,0.0004997501249375312,0.002475252013466025
clause_signature_1_2_3gram,prophetisches Stück,28,4173,0.006665079742918353,0.007630304759657841,0.002914068040134826,0.01660537143425457,0.5540592584985108,0.3953693296946671,0.791096810664885,0.16058226986252794,0.19640179910044978,0.9860069965017492,2000,0.5109434815090951,1.0,0.5625937031484257,1.0,1.0,1.0
clause_signature_1_2_3gram_psalm,Danklied Israels,6,2097,0.0028530670470756064,0.00292006123404327,0.0014199208231462168,0.006478213996088806,0.46192974089969796,0.24692828110307016,0.7295628612370592,0.626600681684502,0.6096951524237881,1.0,2000,0.9789087076252553,1.0,0.9895372826407309,1.0,1.0,1.0
clause_signature_1_2_3gram_psalm,Danklied des Einzelnen,1596,26866,0.056074766355140186,0.061945728544392765,0.0453828102147488,0.0872591676274495,0.5484636272434977,0.49667726951024743,0.5958054722246331,3.6085788360473885e-11,0.02798600699650175,0.9945027486256871,2000,1.0181347430276561e-10,5.042800285390498e-10,0.07759913146874838,0.3843468902288797,1.0,1.0
clause_signature_1_2_3gram_psalm,Fluch,15,3142,0.004751346214760849,0.00480365554711427,0.0021007108352207354,0.02263003686788497,0.47262889879057923,0.2923547398626347,0.827639236317546,0.642984138093068,0.6021989005497251,1.0,2000,0.988782647201491,1.0,0.9860069965017492,1.0,1.0,1.0
clause_signature_1_2_3gram_psalm,Hymnus,11026,56707,0.16278623418422336,0.17890902465012937,0.1450294247056019,0.21347006455379913,0.530998306533931,0.49887896125032777,0.5689873890724566,2.950187904341551e-25,0.035982008995502246,1.0,2000,1.5537656296198834e-24,7.695768967845017e-24,0.14410294852573713,0.7137389180829283,1.0,1.0
clause_signature_1_2_3gram_psalm,Klagelied des Einzelnen,5565,44872,0.11033566627674128,0.15239724671715324,0.09401766886755797,0.24325189474581776,0.5922401237293997,0.5478510220885191,0.6608803068464721,3.018519021185046e-112,0.0004997501249375312,0.9060469765117442,2000,2.1678454788510783e-111,1.0737293736705114e-110,0.0008773391082236659,0.004345442423640355,1.0,1.0
clause_signature_1_2_3gram_psalm,Klagelied des Volkes,496,15918,0.030218106494455953,0.03316632894466888,0.018160222411744933,0.05700664017966476,0.4588049413526582,0.34338179559919463,0.5348887620121335,0.9991250562438793,0.9145427286356822,1.0,2000,0.9999906926869576,1.0,0.9272799497687054,1.0,1.0,1.0
clause_signature_1_2_3gram_psalm,Königspsalm,325,13088,0.024230224409155298,0.026115145607267354,0.013148963176369108,0.04207889921015934,0.5121292552191086,0.39845313207345573,0.5887852435545056,0.22716811270874154,0.367816091954023,1.0,2000,0.9300732712125533,1.0,0.8824094446283351,1.0,1.0,1.0
clause_signature_1_2_3gram_psalm,Legende,3,1579,0.0018963337547408343,0.017908114377931314,0.0028028075623686326,0.03670937471795564,0.8933924424741397,0.6479705512430706,0.9636277663545391,0.009209256915995383,0.011494252873563218,0.08595702148925537,2000,0.013990986468531447,0.06929706607064336,0.017462422634836428,0.08649101747053399,0.1281246169368146,0.6345985728108745
clause_signature_1_2_3gram_psalm,Liturgie,153,9176,0.01640047164755065,0.015426642139368906,0.007033481340806368,0.030987261326630103,0.40860784883555284,0.29905154794126115,0.5177742391582041,0.9999485399002502,0.9830084957521239,1.0,2000,0.9999999998364674,1.0,1.0,1.0,1.0,1.0
clause_signature_1_2_3gram_psalm,Mischgedicht,45,5099,0.008748055987558321,0.00874624744150823,0.005084037691504731,0.016384042481231133,0.5029766185090758,0.3973352578685963,0.6274641569482161,0.4725699787530378,0.46776611694152925,1.0,2000,0.5490151223748527,1.0,0.5243645782742432,1.0,1.0,1.0
clause_signature_1_2_3gram_psalm,Segensspruch,253,11656,0.021244436980434964,0.016915495417981225,0.009059496844866706,0.026567257857054227,0.4238043613901541,0.3516953858359152,0.4968207438560942,0.9999836205898384,0.9715142428785607,1.0,2000,0.9999999994948561,1.0,0.9985007496251874,1.0,1.0,1.0
clause_signature_1_2_3gram_psalm,Segenswunsch,45,5196,0.008586147681740127,0.007179700779058673,0.002584056206540191,0.013562528795493512,0.4269972628517663,0.267949476689387,0.5539754638158289,0.9543944659308068,0.8925537231384307,1.0,2000,0.9999999999519258,1.0,1.0,1.0,1.0,1.0
clause_signature_1_2_3gram_psalm,Siegeslied,10,2622,0.003799392097264438,0.004131746172184602,0.0015641002145795726,0.010098129428637947,0.4770785659801678,0.1627827740509314,0.6906717415603707,0.5990113461402863,0.5872063968015993,1.0,2000,0.9208285219226607,1.0,0.9063042008407561,1.0,1.0,1.0
clause_signature_1_2_3gram_psalm,Thronbesteigungslied,36,4685,0.007625503071383181,0.041083339692406184,0.0028746610812926563,0.3412329233781271,0.5242321830902407,0.2825986016841668,0.7730099887049597,0.3079610867137792,0.3633183408295852,1.0,2000,0.38617342619664374,1.0,0.44157152193134197,1.0,1.0,1.0
clause_signature_1_2_3gram_psalm,Tora,3,1578,0.0018975332068311196,0.5,0.5,0.5,0.9990494296577946,0.9982698703790477,0.9993438263891475,0.0013768541022870955,0.0004997501249375312,0.0009995002498750624,2000,0.0027897801675024784,0.013817723362452928,0.0019740129935032482,0.009777245453190798,0.0026320173246709975,0.013036327270921067
clause_signature_1_2_3gram_psalm,Wallfahrtslied,0,528,0.0,nan,nan,nan,nan,nan,nan,nan,nan,0.0004997501249375312,2000,nan,nan,nan,nan,0.0004997501249375312,0.002475252013466025
clause_signature_1_2_3gram_psalm,Weisheitsgedicht,465,15452,0.029214047873342967,0.02799257898498208,0.019434040390134424,0.04994420205755239,0.49049947252539255,0.42827720296927896,0.5507481483340041,0.7577950188017406,0.6046976511744128,1.0,2000,0.999985157416146,1.0,0.8930058780133743,1.0,1.0,1.0
clause_signature_1_2_3gram_psalm,Zionslied,15,3140,0.004754358161648178,0.011785157533905537,0.0027118136801765028,0.04194886035507629,0.7161995753715499,0.44427539989392145,0.8280518761243694,0.001906520750101756,0.012993503248375811,0.4007996001999001,2000,0.0036735399819033832,0.018194967410745343,0.025662168915542228,0.12710419089148037,0.8118761132254386,1.0
clause_signature_1_2_3gram_psalm,prophetische Gerichtsrede,1,1050,0.0009514747859181732,0.0027548209366391185,nan,nan,0.659047619047619,nan,nan,0.29151152276907927,0.26857429718875503,0.6261869065467266,2000,0.5182474132699125,1.0,0.5092529207740051,1.0,1.0,1.0
clause_signature_1_2_3gram_psalm,prophetische Redeweise,91,7217,0.012452107279693486,0.01058147983363151,0.0025715365236909492,0.03322307932277106,0.37963249165964974,0.22927005642484377,0.43721773776721484,0.9999613427340172,0.9930034982508745,1.0,2000,0.9999613427340172,1.0,0.9930034982508745,1.0,1.0,1.0
clause_signature_1_2_3gram_psalm,"prophetische Schelt-, Droh- und Mahnrede",21,3656,0.005711177590426979,0.015364086255246108,0.0017671376080228487,0.1304530781600838,0.48191492132958214,0.1651165607877169,0.9361377023211049,0.6126949221361854,0.5627186406796602,1.0,2000,0.8287155809202843,1.0,0.7514409461935699,1.0,1.0,1.0
clause_signature_1_2_3gram_psalm,prophetische Tora,0,525,0.0,nan,nan,nan,nan,nan,nan,nan,nan,0.0004997501249375312,2000,nan,nan,nan,nan,0.0004997501249375312,0.002475252013466025
clause_signature_1_2_3gram_psalm,prophetisches Stück,28,4173,0.006665079742918353,0.028587022726561558,0.0033361518370571422,0.19157863758308394,0.5419105816302078,0.24121091100287237,0.9611891434640973,0.22197833957493823,0.2863568215892054,0.999000499750125,2000,0.5314026917097007,1.0,0.5625937031484257,1.0,1.0,1.0
clause_signature_1_2gram,Danklied Israels,6,2097,0.0028530670470756064,0.008094874044798028,0.0025387169592786243,0.055072428189160035,0.6467970116038786,0.42021479930091626,0.9672248368006303,0.10659875527215151,0.12243878060969515,0.6891554222888556,2000,0.7055107657242036,1.0,0.7501249375312344,1.0,1.0,1.0
clause_signature_1_2gram,Danklied des Einzelnen,1596,26866,0.056074766355140186,0.06108372933886565,0.0473249345373857,0.08150436754833199,0.5287389358529951,0.4878793211162955,0.5751061462984277,4.890592215955041e-05,0.08345827086456771,1.0,2000,0.00010167283817380216,0.0005035834607064228,0.18837723995145284,0.9330285661044934,1.0,1.0
clause_signature_1_2gram,Fluch,15,3142,0.004751346214760849,0.004487435924345154,0.0018328242448094629,0.015715908463348985,0.4061531932951411,0.22046654083490255,0.6661104569184745,0.9008848450002716,0.8905547226386806,1.0,2000,0.988782647201491,1.0,0.9860069965017492,1.0,1.0,1.0
clause_signature_1_2gram,Hymnus,11026,56707,0.16278623418422336,0.1509219794795349,0.1268510337283427,0.1813142907819176,0.4572402024694765,0.4339560063779659,0.4780880548815055,1.0,1.0,1.0,2000,1.0,1.0,1.0,1.0,1.0,1.0
clause_signature_1_2gram,Klagelied des Einzelnen,5565,44872,0.11033566627674128,0.15003736169486753,0.10820927222731762,0.1903407937843467,0.5885414789509287,0.5370770518477338,0.6379524832703444,2.6308773979920673e-104,0.0004997501249375312,0.9095452273863068,2000,1.2989957152585832e-103,6.433898861114773e-103,0.0008773391082236659,0.004345442423640355,1.0,1.0
clause_signature_1_2gram,Klagelied des Volkes,496,15918,0.030218106494455953,0.03540582030529914,0.021771133663127426,0.05047763697205511,0.5736702135744075,0.5221098777556473,0.6565998000133749,1.0056293579070048e-08,0.005497251374312844,0.9510244877561219,2000,4.9652949546658363e-08,2.45930030243126e-07,0.06316841579210394,0.31287185450210553,1.0,1.0
clause_signature_1_2gram,Königspsalm,325,13088,0.024230224409155298,0.027301145420218047,0.01648805160282503,0.04386912237864517,0.5238914096294903,0.45467373948967615,0.6103323226739066,0.06944015892282238,0.21639180409795103,1.0,2000,0.6928844285567521,1.0,0.8824094446283351,1.0,1.0,1.0
clause_signature_1_2gram,Legende,3,1579,0.0018963337547408343,0.3,0.125,0.36228367101495546,0.9955668144395187,0.9866784218952275,0.9988010136117562,0.001488801114491212,0.0004997501249375312,0.0034982508745627187,2000,0.005232462259904652,0.025916277151172167,0.0011963715112140898,0.005925603304964121,0.029610194902548723,0.14665868179786198
clause_signature_1_2gram,Liturgie,153,9176,0.01640047164755065,0.02538850617662378,0.013519738328523916,0.043566260253800775,0.6475545754483136,0.5460513620691639,0.7450310622025226,1.7840175450277577e-10,0.0009995002498750624,0.6866566716641679,2000,6.127712437269255e-10,3.0350432729131347e-09,0.003760024749529997,0.01862332467274438,1.0,1.0
clause_signature_1_2gram,Mischgedicht,45,5099,0.008748055987558321,0.02799189757943952,0.013689094154572182,0.06074188945061988,0.8081519252140943,0.7061797776295273,0.9002682270124506,5.065566056098093e-13,0.0004997501249375312,0.239880059970015,2000,2.8584265602267813e-12,1.4157727523190756e-11,0.0017165330378289116,0.008501952567991999,1.0,1.0
clause_signature_1_2gram,Segensspruch,253,11656,0.021244436980434964,0.027087815789304068,0.014415142665078944,0.054420565494579756,0.5494400074873651,0.453668333948165,0.6738691307633622,0.0030552640808085346,0.079960019990005,0.9900049975012494,2000,0.030170732797984278,0.14943501437901802,0.7896051974012994,1.0,1.0,1.0
clause_signature_1_2gram,Segenswunsch,45,5196,0.008586147681740127,0.015576602298511495,0.004612921525061125,0.1060180180287715,0.48734710461038405,0.34207931046902645,0.6858735909620969,0.6200793884691123,0.5817091454272864,1.0,2000,0.9999999999519258,1.0,1.0,1.0,1.0,1.0
clause_signature_1_2gram,Siegeslied,10,2622,0.003799392097264438,0.007593347554527876,0.001208099074119329,0.06795778550176096,0.5041571319603356,0.1722467639587871,0.9613966913433745,0.4817167649155267,0.456271864067966,1.0,2000,0.9208285219226607,1.0,0.9063042008407561,1.0,1.0,1.0
clause_signature_1_2gram,Thronbesteigungslied,36,4685,0.007625503071383181,0.01780018435199893,0.003914833681142727,0.05898606816297532,0.6160974742084667,0.4231266302812664,0.8717495167289143,0.00792411556217841,0.03648175912043978,0.8135932033983009,2000,0.018809816546032875,0.09316463159326735,0.1065967016491754,0.5279712544723032,1.0,1.0
clause_signature_1_2gram,Tora,3,1578,0.0018975332068311196,0.00234157651895883,0.0017937281083641682,0.004423048039340606,0.44064216307562315,0.4118951332261603,0.48785651708989025,0.6405175967850244,0.6271864067966016,1.0,2000,0.7666801537275293,1.0,0.7395183005512169,1.0,1.0,1.0
clause_signature_1_2gram,Wallfahrtslied,0,528,0.0,nan,nan,nan,nan,nan,nan,nan,nan,0.0004997501249375312,2000,nan,nan,nan,nan,0.0004997501249375312,0.002475252013466025
clause_signature_1_2gram,Weisheitsgedicht,465,15452,0.029214047873342967,0.03234058906132842,0.02091774960900749,0.053872663381057485,0.5283022833109261,0.44316557601306245,0.6116950900411392,0.017845402056454095,0.15942028985507245,1.0,2000,0.14097867624598737,0.6982644622195437,0.8930058780133743,1.0,1.0,1.0
clause_signature_1_2gram,Zionslied,15,3140,0.004754358161648178,0.011638173611619548,0.003987701614730823,0.03002602477102388,0.7555732484076433,0.5237009719104063,0.8936388687843942,0.00031272818158493157,0.005997001499250375,0.3498250874562719,2000,0.0007720476982877999,0.0038239362519770525,0.014805097451274363,0.07332934089893099,0.7907018712865791,1.0
clause_signature_1_2gram,prophetische Gerichtsrede,1,1050,0.0009514747859181732,0.030303030303030304,nan,nan,0.9704761904761905,nan,nan,0.0519082400958584,0.02459839357429719,0.027486256871564217,2000,0.390983073497538,1.0,0.36427190242451285,1.0,0.5132433783108447,1.0
clause_signature_1_2gram,prophetische Redeweise,91,7217,0.012452107279693486,0.01472658865630799,0.005227409236181221,0.061719980041577645,0.4659899474226757,0.35967087784549406,0.6160397939788269,0.871294893596225,0.7961019490254873,1.0,2000,0.9999613427340172,1.0,0.9930034982508745,1.0,1.0,1.0
clause_signature_1_2gram,"prophetische Schelt-, Droh- und Mahnrede",21,3656,0.005711177590426979,0.02883309259169848,0.0030094173784771974,0.5,0.41486922996769826,0.26920992962210927,0.9991781969459551,0.9123772650502591,0.8770614692653673,1.0,2000,0.9531847284681182,1.0,0.9231108130145453,1.0,1.0,1.0
clause_signature_1_2gram,prophetische Tora,0,525,0.0,nan,nan,nan,nan,nan,nan,nan,nan,0.0004997501249375312,2000,nan,nan,nan,nan,0.0004997501249375312,0.002475252013466025
clause_signature_1_2gram,prophetisches Stück,28,4173,0.006665079742918353,0.007556622029348812,0.002896694249291349,0.016295465146237326,0.55316918284208,0.39555225228142765,0.7889003754907797,0.16459861577933854,0.19740129935032483,0.9865067466266867,2000,0.5109434815090951,1.0,0.5625937031484257,1.0,1.0,1.0
clause_signature_1_2gram_psalm,Danklied Israels,6,2097,0.0028530670470756064,0.0027535512080908136,0.0013536260934683866,0.005828938858455678,0.4250516611031632,0.21865145095409366,0.7405860032087846,0.7373665388004618,0.7361319340329835,1.0,2000,0.9789087076252553,1.0,0.9895372826407309,1.0,1.0,1.0
clause_signature_1_2gram_psalm,Danklied des Einzelnen,1596,26866,0.056074766355140186,0.06926833376750907,0.05174701199516108,0.1016159363009603,0.5689570554093116,0.5168396186731494,0.6272458262183609,9.182642975944182e-21,0.00399800099950025,0.968015992003998,2000,6.594807228178094e-20,3.266394354980622e-19,0.034545227386306845,0.171101795430839,1.0,1.0
clause_signature_1_2gram_psalm,Fluch,15,3142,0.004751346214760849,0.0038498757589412493,0.0019306117831130256,0.009133442525488412,0.3819966051347337,0.23690829553146042,0.7573859573610677,0.942868806287047,0.9325337331334332,1.0,2000,0.988782647201491,1.0,0.9860069965017492,1.0,1.0,1.0
clause_signature_1_2gram_psalm,Hymnus,11026,56707,0.16278623418422336,0.18090246502175816,0.14814655002588606,0.21967663993963682,0.5289046246362396,0.4921639010867172,0.5694777364211919,3.286483528447124e-22,0.04147926036981509,0.9980009995002499,2000,1.298160993736614e-21,6.429764502712769e-21,0.15604102710549486,0.7728679739188918,1.0,1.0
clause_signature_1_2gram_psalm,Klagelied des Einzelnen,5565,44872,0.11033566627674128,0.1540680311407756,0.10215898638698054,0.22376349434921886,0.6066868250342754,0.562909417710871,0.678634363734644,2.2209189499377157e-149,0.0004997501249375312,0.8555722138930535,2000,8.772629852253978e-148,4.3450653880072816e-147,0.0008773391082236659,0.004345442423640355,1.0,1.0
clause_signature_1_2gram_psalm,Klagelied des Volkes,496,15918,0.030218106494455953,0.030177337809267346,0.01618669727694952,0.05137385032362421,0.46213368209655126,0.37942753926335226,0.5301840090240239,0.9979913299631517,0.8940529735132434,1.0,2000,0.9999906926869576,1.0,0.9272799497687054,1.0,1.0,1.0
clause_signature_1_2gram_psalm,Königspsalm,325,13088,0.024230224409155298,0.02521068338421882,0.013299783060003881,0.038726422622302546,0.4765825418469061,0.389489273581734,0.5465577737091966,0.9257075593165622,0.7321339330334833,1.0,2000,0.9997904174423975,1.0,0.8824094446283351,1.0,1.0,1.0
clause_signature_1_2gram_psalm,Legende,3,1579,0.0018963337547408343,0.1008044243338361,0.027032700460556475,0.15257010289849074,0.9845894025754697,0.9508419431712931,0.9941733430444283,0.0018461155553925086,0.0009995002498750624,0.0074962518740629685,2000,0.005232462259904652,0.025916277151172167,0.0020779084142139455,0.010291837319148211,0.029610194902548723,0.14665868179786198
clause_signature_1_2gram_psalm,Liturgie,153,9176,0.01640047164755065,0.014069761673355915,0.00638655243840463,0.02348180813846787,0.4101481699916235,0.3249993528242968,0.5054079644142464,0.9999327678572837,0.9890054972513743,1.0,2000,0.9999999998364674,1.0,1.0,1.0,1.0,1.0
clause_signature_1_2gram_psalm,Mischgedicht,45,5099,0.008748055987558321,0.009622171421623173,0.005199746044610128,0.019750774273255896,0.5067769279379399,0.3959400258879557,0.6708515264447904,0.4377303809385051,0.42828585707146427,1.0,2000,0.5320107706791062,1.0,0.5138415640664517,1.0,1.0,1.0
clause_signature_1_2gram_psalm,Segensspruch,253,11656,0.021244436980434964,0.017562704295519913,0.009483280501411076,0.027298946873244113,0.4438568000737885,0.37573044346875467,0.5100669331818167,0.9988945420865193,0.9445277361319341,1.0,2000,0.9999999994948561,1.0,0.9985007496251874,1.0,1.0,1.0
clause_signature_1_2gram_psalm,Segenswunsch,45,5196,0.008586147681740127,0.006240951703365173,0.0024528606430950016,0.011298525007611863,0.3574330681720982,0.20764626730646196,0.47782342399866223,0.9995138949473961,0.9940029985007496,1.0,2000,0.9999999999519258,1.0,1.0,1.0,1.0,1.0
clause_signature_1_2gram_psalm,Siegeslied,10,2622,0.003799392097264438,0.010551635569030944,0.002313326922010807,0.0700411393457782,0.6882913806254768,0.3975504138075248,0.9453949971172322,0.019788727537814726,0.04097951024487756,0.5282358820589705,2000,0.31266189509747266,1.0,0.8093453273363318,1.0,1.0,1.0
clause_signature_1_2gram_psalm,Thronbesteigungslied,36,4685,0.007625503071383181,0.02405591844844886,0.001488887352170275,0.1173853960460233,0.5977113719909878,0.39091593716384393,0.8251627623572295,0.021542921801707374,0.07946026986506746,0.8920539730134932,2000,0.037819796051886276,0.1873206661789382,0.13949691820756288,0.6909253453588166,1.0,1.0
clause_signature_1_2gram_psalm,Tora,3,1578,0.0018975332068311196,0.5,0.5,0.5,0.9980988593155894,0.9965397407580946,0.9986876527782951,0.001417504840565648,0.0009995002498750624,0.0014992503748125937,2000,0.0027897801675024784,0.013817723362452928,0.0019740129935032482,0.009777245453190798,0.0031168626213209185,0.015437755978722316
clause_signature_1_2gram_psalm,Wallfahrtslied,0,528,0.0,nan,nan,nan,nan,nan,nan,nan,nan,0.0004997501249375312,2000,nan,nan,nan,nan,0.0004997501249375312,0.002475252013466025
clause_signature_1_2gram_psalm,Weisheitsgedicht,465,15452,0.029214047873342967,0.026950250141442623,0.018484091840707394,0.04276903594329984,0.46817003888559505,0.4208233719445075,0.5317017378705968,0.990425651908873,0.8540729635182409,1.0,2000,0.999985157416146,1.0,0.9371078349714033,1.0,1.0,1.0
clause_signature_1_2gram_psalm,Zionslied,15,3140,0.004754358161648178,0.023677391043945614,0.006348644454427511,0.08694296046237661,0.868036093418259,0.7791990092085148,0.939184852766725,4.216088782672561e-07,0.0004997501249375312,0.12243878060969515,2000,4.163387672889154e-06,2.0621172874037173e-05,0.0026320173246709975,0.013036327270921067,0.7219247519097595,1.0
clause_signature_1_2gram_psalm,prophetische Gerichtsrede,1,1050,0.0009514747859181732,0.002777777777777778,nan,nan,0.659047619047619,nan,nan,0.2915621513599064,0.2791164658634538,0.6491754122938531,2000,0.5182474132699125,1.0,0.5092529207740051,1.0,1.0,1.0
clause_signature_1_2gram_psalm,prophetische Redeweise,91,7217,0.012452107279693486,0.012591216216613604,0.0020185631834475706,0.04665274299974451,0.405974446780876,0.26782446167599455,0.5094233115963525,0.9989908683413329,0.9785107446276862,1.0,2000,0.9999613427340172,1.0,0.9930034982508745,1.0,1.0,1.0
clause_signature_1_2gram_psalm,"prophetische Schelt-, Droh- und Mahnrede",21,3656,0.005711177590426979,0.021565800217771585,0.0013997962951611696,0.11121746806084014,0.4870206835469418,0.1663678075028295,0.9167539759132928,0.5814199805319153,0.5402298850574713,1.0,2000,0.8287155809202843,1.0,0.7514409461935699,1.0,1.0,1.0
clause_signature_1_2gram_psalm,prophetische Tora,0,525,0.0,nan,nan,nan,nan,nan,nan,nan,nan,0.0004997501249375312,2000,nan,nan,nan,nan,0.0004997501249375312,0.002475252013466025
clause_signature_1_2gram_psalm,prophetisches Stück,28,4173,0.006665079742918353,0.016498650943845103,0.003501002511613716,0.1467416376614654,0.5612526103180309,0.26003517050000463,0.916630239533316,0.13160741803975606,0.19090454772613694,0.9780109945027486,2000,0.5109434815090951,1.0,0.5625937031484257,1.0,1.0,1.0
clause_signature_1gram,Danklied Israels,6,2097,0.0028530670470756064,0.008056131195678683,0.0024911066747225394,0.0547474217700548,0.643379430933079,0.438153397855228,0.9717690653493619,0.11202417918510016,0.12593703148425786,0.7021489255372314,2000,0.7055107657242036,1.0,0.7501249375312344,1.0,1.0,1.0
clause_signature_1gram,Danklied des Einzelnen,1596,26866,0.056074766355140186,0.06185142847105754,0.04780701380867403,0.08162412681138652,0.530784885331769,0.48967950953627476,0.5746398719722721,1.501006680429801e-05,0.062468765617191405,1.0,2000,3.2048521014582235e-05,0.00015873566050607577,0.1542197651174413,0.7638473010305312,1.0,1.0
clause_signature_1gram,Fluch,15,3142,0.004751346214760849,0.0044787833143603815,0.00182524583724718,0.01398437259125006,0.40493316359007003,0.21971686557576378,0.6692335232029415,0.9037696774069535,0.8935532233883059,1.0,2000,0.988782647201491,1.0,0.9860069965017492,1.0,1.0,1.0
clause_signature_1gram,Hymnus,11026,56707,0.16278623418422336,0.1529491764106828,0.13050480947238174,0.18550060422565295,0.46063767436822717,0.43825846766007737,0.4805938417746006,1.0,0.9995002498750625,1.0,2000,1.0,1.0,1.0,1.0,1.0,1.0
clause_signature_1gram,Klagelied des Einzelnen,5565,44872,0.11033566627674128,0.14814472706528894,0.10721416177319278,0.18624052561106438,0.5843982051692369,0.5347741575501591,0.6351513632557144,5.615119186609777e-95,0.0004997501249375312,0.9180409795102449,2000,2.1123543606770114e-94,1.046244737822344e-93,0.0008773391082236659,0.004345442423640355,1.0,1.0
clause_signature_1gram,Klagelied des Volkes,496,15918,0.030218106494455953,0.03462258962941388,0.021385228129607452,0.04942191347729922,0.567466291457429,0.5173060599470286,0.6438553521147536,1.3846037076156312e-07,0.009495252373813094,0.9570214892553723,2000,4.971986040983403e-07,2.462614383619715e-06,0.06316841579210394,0.31287185450210553,1.0,1.0
clause_signature_1gram,Königspsalm,325,13088,0.024230224409155298,0.028698041327499566,0.016906501108605164,0.04382683356425997,0.5380308444611623,0.4635811168368608,0.6273752718716739,0.009240010750138583,0.11044477761119441,0.9950024987506247,2000,0.24332028308698267,1.0,0.8824094446283351,1.0,1.0,1.0
clause_signature_1gram,Legende,3,1579,0.0018963337547408343,0.28596491228070176,0.09090984123839367,0.4233199403062457,0.9947223981422841,0.9861975881330549,0.9989081190502659,0.0015135169219528842,0.0004997501249375312,0.0069965017491254375,2000,0.005232462259904652,0.025916277151172167,0.0011963715112140898,0.005925603304964121,0.029610194902548723,0.14665868179786198
clause_signature_1gram,Liturgie,153,9176,0.01640047164755065,0.02438996928541299,0.01299097598513195,0.041369832515338927,0.6362256468992712,0.5362397898439072,0.731463533313913,3.5130126009898656e-09,0.0009995002498750624,0.7266366816591704,2000,1.1101119819127976e-08,5.498361643723226e-08,0.003760024749529997,0.01862332467274438,1.0,1.0
clause_signature_1gram,Mischgedicht,45,5099,0.008748055987558321,0.025295131312363998,0.011885615969553464,0.05405462748897026,0.802665010568521,0.7039310253529416,0.8854673713335867,1.2636551888582564e-12,0.0004997501249375312,0.25787106446776614,2000,6.65525066132015e-12,3.296331862170715e-11,0.0017165330378289116,0.008501952567991999,1.0,1.0
clause_signature_1gram,Segensspruch,253,11656,0.021244436980434964,0.028839463969393346,0.015448408082234105,0.05637825486951988,0.5632221170253459,0.4657068411218225,0.6948918908922567,0.00022735578955444423,0.034482758620689655,0.9660169915042479,2000,0.002565872482114442,0.012708713236329331,0.3891625615763547,1.0,1.0,1.0
clause_signature_1gram,Segenswunsch,45,5196,0.008586147681740127,0.014148360195943226,0.00462023529430537,0.11187989518504945,0.4875481139337952,0.3518147911652887,0.6945121913911043,0.6182293888942245,0.5822088955522239,1.0,2000,0.9999999999519258,1.0,1.0,1.0,1.0,1.0
clause_signature_1gram,Siegeslied,10,2622,0.003799392097264438,0.006489186065363712,0.0013441747647551553,0.0324443422660857,0.5167620137299771,0.17044590655070163,0.9524518789266468,0.42642076087652325,0.4112943528235882,1.0,2000,0.9208285219226607,1.0,0.9063042008407561,1.0,1.0,1.0
clause_signature_1gram,Thronbesteigungslied,36,4685,0.007625503071383181,0.021376314850088368,0.0028586419257615324,0.08707747923889972,0.6034922328945808,0.4359206693678009,0.8900088672110883,0.015759380973232772,0.04397801099450275,0.855072463768116,2000,0.030365636509399732,0.15040036842304833,0.10857071464267866,0.537748499925494,1.0,1.0
clause_signature_1gram,Tora,3,1578,0.0018975332068311196,0.0027892305933030132,0.0020460973957061256,0.005267781353722364,0.47253907900295733,0.44677722119999264,0.5083908171011353,0.5662438294789094,0.5317341329335332,1.0,2000,0.7333321726038335,1.0,0.6775322016411149,1.0,1.0,1.0
clause_signature_1gram,Wallfahrtslied,0,528,0.0,nan,nan,nan,nan,nan,nan,nan,nan,0.0004997501249375312,2000,nan,nan,nan,nan,0.0004997501249375312,0.002475252013466025
clause_signature_1gram,Weisheitsgedicht,465,15452,0.029214047873342967,0.033418657341941466,0.021316618348358206,0.05900837442136272,0.5286646263559159,0.4466573065431499,0.6189511903722829,0.016696598303785923,0.14942528735632185,1.0,2000,0.14097867624598737,0.6982644622195437,0.8930058780133743,1.0,1.0,1.0
clause_signature_1gram,Zionslied,15,3140,0.004754358161648178,0.011558102505744936,0.003853961739913271,0.028801053427585276,0.7545966029723992,0.5161386775610688,0.8953212432189286,0.0003280955849495538,0.005497251374312844,0.36031984007996004,2000,0.0007854409457883258,0.0038902727293249457,0.014476095285690488,0.07169979999006587,0.7907018712865791,1.0
clause_signature_1gram,prophetische Gerichtsrede,1,1050,0.0009514747859181732,0.023809523809523808,nan,nan,0.9619047619047619,nan,nan,0.055137061620871744,0.027610441767068273,0.030984507746126936,2000,0.390983073497538,1.0,0.36427190242451285,1.0,0.5132433783108447,1.0
clause_signature_1gram,prophetische Redeweise,91,7217,0.012452107279693486,0.014058402922794427,0.005083283972426144,0.053411267089776046,0.45972345515091806,0.35776769130937525,0.6060806336643587,0.9100726833637963,0.8435782108945528,1.0,2000,0.9999613427340172,1.0,0.9930034982508745,1.0,1.0,1.0
clause_signature_1gram,"prophetische Schelt-, Droh- und Mahnrede",21,3656,0.005711177590426979,0.028756055497735564,0.003001681424804603,0.5,0.4130131812024591,0.26985985081010866,0.9991746639293455,0.9169878400452782,0.888055972013993,1.0,2000,0.9531847284681182,1.0,0.9231108130145453,1.0,1.0,1.0
clause_signature_1gram,prophetische Tora,0,525,0.0,nan,nan,nan,nan,nan,nan,nan,nan,0.0004997501249375312,2000,nan,nan,nan,nan,0.0004997501249375312,0.002475252013466025
clause_signature_1gram,prophetisches Stück,28,4173,0.006665079742918353,0.007644182393823376,0.002803490515876852,0.016598757953283146,0.554970730204375,0.3806991493796877,0.7990621721513741,0.15653626568155216,0.18940529735132433,0.9775112443778111,2000,0.5109434815090951,1.0,0.5625937031484257,1.0,1.0,1.0
clause_signature_1gram_psalm,Danklied Israels,6,2097,0.0028530670470756064,0.002687481848418194,0.001443001443001443,0.005028298147861323,0.41853441424256876,0.24622759730854604,0.6100625173642137,0.755046752538371,0.7606196901549226,1.0,2000,0.9789087076252553,1.0,0.9895372826407309,1.0,1.0,1.0
clause_signature_1gram_psalm,Danklied des Einzelnen,1596,26866,0.056074766355140186,0.07056365303901418,0.052255905455997516,0.10125432200785249,0.5799898344461616,0.524652360853119,0.6379970568016694,2.812119730451355e-27,0.0004997501249375312,0.936031984007996,2000,7.405248623521902e-26,3.6678042987743784e-25,0.034545227386306845,0.171101795430839,1.0,1.0
clause_signature_1gram_psalm,Fluch,15,3142,0.004751346214760849,0.003559749401454046,0.0017690678402052054,0.00709450847626964,0.34923615531508595,0.2031907649796833,0.6091377977716628,0.9781907457977335,0.9790104947526237,1.0,2000,0.988782647201491,1.0,0.9860069965017492,1.0,1.0,1.0
clause_signature_1gram_psalm,Hymnus,11026,56707,0.16278623418422336,0.1737451061472439,0.14260765780392215,0.2116776918074733,0.5085324961344907,0.4690887163412391,0.542635393981891,0.002256942428341965,0.2673663168415792,1.0,2000,0.005244072112912213,0.02597378051255022,0.6212335008966106,1.0,1.0,1.0
clause_signature_1gram_psalm,Klagelied des Einzelnen,5565,44872,0.11033566627674128,0.15021718842394832,0.10122673131991014,0.2301276857125218,0.5999559073251707,0.5576809827687783,0.6568464105484277,2.0820000015480398e-131,0.0004997501249375312,0.8750624687656172,2000,3.289560002445903e-130,1.6293122528962517e-129,0.0008773391082236659,0.004345442423640355,1.0,1.0
clause_signature_1gram_psalm,Klagelied des Volkes,496,15918,0.030218106494455953,0.029683056459968944,0.016920395219056503,0.04749042637770543,0.4812579034081928,0.41705885372979257,0.5441711241433539,0.9227601816382963,0.728135932033983,1.0,2000,0.9999906926869576,1.0,0.9272799497687054,1.0,1.0,1.0
clause_signature_1gram_psalm,Königspsalm,325,13088,0.024230224409155298,0.026202974208141643,0.01526234962920198,0.04200734054547032,0.5075537192025579,0.43791604963715913,0.5792764780371426,0.32062379411319797,0.3893053473263368,1.0,2000,0.9300732712125533,1.0,0.8824094446283351,1.0,1.0,1.0
clause_signature_1gram_psalm,Legende,3,1579,0.0018963337547408343,0.10795582600856435,0.02777802198932342,0.16239316239316237,0.986700443318556,0.9522772708040472,0.9950402975821451,0.001772878725654747,0.0004997501249375312,0.005997001499250375,2000,0.005232462259904652,0.025916277151172167,0.0011963715112140898,0.005925603304964121,0.029610194902548723,0.14665868179786198
clause_signature_1gram_psalm,Liturgie,153,9176,0.01640047164755065,0.015192077742652629,0.007614222943641454,0.02442347101152753,0.45311013100386915,0.36109876228713295,0.562077491979551,0.9768435570858826,0.8850574712643678,1.0,2000,0.9999999998364674,1.0,1.0,1.0,1.0,1.0
clause_signature_1gram_psalm,Mischgedicht,45,5099,0.008748055987558321,0.009376996873734708,0.004976839181202996,0.01864604881946702,0.5390468719356737,0.43462462014419057,0.6639487426148853,0.18319548820807124,0.24287856071964017,0.9955022488755623,2000,0.29623592320978975,1.0,0.3900649675162419,1.0,1.0,1.0
clause_signature_1gram_psalm,Segensspruch,253,11656,0.021244436980434964,0.018565425250722113,0.010692182799536858,0.028878408032313913,0.4665143874060349,0.40720097306279096,0.5446724809576355,0.9660209463577832,0.8465767116441779,1.0,2000,0.9999999994948561,1.0,0.9985007496251874,1.0,1.0,1.0
clause_signature_1gram_psalm,Segenswunsch,45,5196,0.008586147681740127,0.009606406029005629,0.003501252631485052,0.019740784428274292,0.5081708151569584,0.3332279373653444,0.7121415851331396,0.42505080620156377,0.4112943528235882,1.0,2000,0.9999999999519258,1.0,1.0,1.0,1.0,1.0
clause_signature_1gram_psalm,Siegeslied,10,2622,0.003799392097264438,0.011223717044399877,0.0026600937611223883,0.027211517897295732,0.7696033562166286,0.4173205398871317,0.911810269255472,0.001604318898236831,0.00849575212393803,0.2908545727136432,2000,0.12674119296070965,0.6277465025232303,0.6711644177911044,1.0,1.0,1.0
clause_signature_1gram_psalm,Thronbesteigungslied,36,4685,0.007625503071383181,0.044602920304196096,0.0032298809372341966,0.3123322811270244,0.613536108146567,0.4568855110335493,0.856586699536263,0.009374105368329142,0.054972513743128434,0.8220889555222389,2000,0.02057095344716673,0.10188750617196965,0.11428496278176702,0.5660510525531516,1.0,1.0
clause_signature_1gram_psalm,Tora,3,1578,0.0018975332068311196,1.0,1.0,1.0,1.0,1.0,1.0,0.0013655006997627507,0.0004997501249375312,0.0004997501249375312,2000,0.0027897801675024784,0.013817723362452928,0.0019740129935032482,0.009777245453190798,0.0026320173246709975,0.013036327270921067
clause_signature_1gram_psalm,Wallfahrtslied,0,528,0.0,nan,nan,nan,nan,nan,nan,nan,nan,0.0004997501249375312,2000,nan,nan,nan,nan,0.0004997501249375312,0.002475252013466025
clause_signature_1gram_psalm,Weisheitsgedicht,465,15452,0.029214047873342967,0.0273875115975711,0.018258232368889245,0.04781379894482686,0.4700367283770205,0.424174388997148,0.531747859372119,0.9862813391466008,0.8490754622688655,1.0,2000,0.999985157416146,1.0,0.9371078349714033,1.0,1.0,1.0
clause_signature_1gram_psalm,Zionslied,15,3140,0.004754358161648178,0.012386042971734679,0.0035997749268741673,0.03659031181728616,0.7331104033970276,0.49378253814866635,0.9089549783778751,0.0009059414815540338,0.005497251374312844,0.391304347826087,2000,0.0019343074876423964,0.009580584905401951,0.014476095285690488,0.07169979999006587,0.8118761132254386,1.0
clause_signature_1gram_psalm,prophetische Gerichtsrede,1,1050,0.0009514747859181732,0.01098901098901099,nan,nan,0.9152380952380952,nan,nan,0.07556916746015566,0.055220883534136546,0.06996501749125437,2000,0.390983073497538,1.0,0.36427190242451285,1.0,0.5424244399539361,1.0
clause_signature_1gram_psalm,prophetische Redeweise,91,7217,0.012452107279693486,0.011948293593196178,0.002243374032107575,0.040606462727732114,0.4182204105995155,0.303519565476587,0.5493475971090132,0.9963779829729394,0.9720139930034982,1.0,2000,0.9999613427340172,1.0,0.9930034982508745,1.0,1.0,1.0
clause_signature_1gram_psalm,"prophetische Schelt-, Droh- und Mahnrede",21,3656,0.005711177590426979,0.0556670742406382,0.0016198663272244038,0.3333333333333333,0.5519107533604252,0.25327358719337656,0.9837479039481413,0.20568316944488052,0.21839080459770116,0.9890054972513743,2000,0.7655368811980237,1.0,0.7514409461935699,1.0,1.0,1.0
clause_signature_1gram_psalm,prophetische Tora,0,525,0.0,nan,nan,nan,nan,nan,nan,nan,nan,0.0004997501249375312,2000,nan,nan,nan,nan,0.0004997501249375312,0.002475252013466025
clause_signature_1gram_psalm,prophetisches Stück,28,4173,0.006665079742918353,0.015206891031785737,0.0039079631279142855,0.15844141656296662,0.5595452055732429,0.24572466534369283,0.8506125507176854,0.1383779545226752,0.18790604697651175,0.9790104947526237,2000,0.5109434815090951,1.0,0.5625937031484257,1.0,1.0,1.0
clause_tab_1gram,Danklied Israels,6,2097,0.0028530670470756064,0.010923940142219384,0.0023593990786195053,0.04127513794776813,0.8044031155619138,0.5223056662777978,0.9703523884513916,0.0049621834981184105,0.015492253873063468,0.239880059970015,2000,0.19600624817567722,0.9708148857579817,0.611944027986007,1.0,1.0,1.0
clause_tab_1gram,Danklied des Einzelnen,1596,26866,0.056074766355140186,0.05041860041150009,0.03990300461258703,0.06561641910182767,0.4548127978324431,0.42388323832292163,0.48746674368943904,0.999999999427889,0.9890054972513743,1.0,2000,0.999999999427889,1.0,0.9890054972513743,1.0,1.0,1.0
clause_tab_1gram,Fluch,15,3142,0.004751346214760849,0.0044199505946661295,0.001832475648624076,0.011129807418448151,0.4415446636961596,0.24620009279503474,0.7630107891236425,0.7836788372399865,0.7531234382808596,1.0,2000,0.988782647201491,1.0,0.9860069965017492,1.0,1.0,1.0
clause_tab_1gram,Hymnus,11026,56707,0.16278623418422336,0.14367812051862594,0.12105273313129901,0.17060274043532997,0.4428357752914171,0.42356605285437277,0.46111119048706806,1.0,1.0,1.0,2000,1.0,1.0,1.0,1.0,1.0,1.0
clause_tab_1gram,Klagelied des Einzelnen,5565,44872,0.11033566627674128,0.13408044463176055,0.10153558480899438,0.1870829664119877,0.5637235842408964,0.5096566670704806,0.6044004603152497,9.726167047935403e-55,0.0004997501249375312,0.974512743628186,2000,1.5066023466409742e-54,7.462170204523436e-54,0.0008773391082236659,0.004345442423640355,1.0,1.0
clause_tab_1gram,Klagelied des Volkes,496,15918,0.030218106494455953,0.03426186512758594,0.020049302171306755,0.05024996754258194,0.5375727265542356,0.4841193516744799,0.615249592002946,0.0021493512073178156,0.0944527736131934,0.9980009995002499,2000,0.005855129150969221,0.029000333360300407,0.2664917541229386,1.0,1.0,1.0
clause_tab_1gram,Königspsalm,325,13088,0.024230224409155298,0.024056971829559258,0.013726680694915276,0.036463046190352996,0.4723557692307692,0.41598851224950906,0.5694594390337043,0.9561325757955319,0.8145927036481759,1.0,2000,0.9997904174423975,1.0,0.8824094446283351,1.0,1.0,1.0
clause_tab_1gram,Legende,3,1579,0.0018963337547408343,0.03394383394383395,0.010752688172043012,0.06976744186046512,0.9573569769896559,0.8892701273839703,0.9884229995859608,0.0030662337841554765,0.0024987506246876563,0.0399800099950025,2000,0.00654682348508872,0.032426281064558304,0.004814665837812801,0.02384694012973366,0.07896051974012994,0.391089818127632
clause_tab_1gram,Liturgie,153,9176,0.01640047164755065,0.02908234831199101,0.014488073225547855,0.046935913682960996,0.701686268811506,0.6190251624767718,0.7840943277369354,5.156455891244872e-18,0.0004997501249375312,0.4942528735632184,2000,6.789333590139081e-17,3.362742858980764e-16,0.003760024749529997,0.01862332467274438,1.0,1.0
clause_tab_1gram,Mischgedicht,45,5099,0.008748055987558321,0.022592059931565846,0.007367926984745456,0.06535197062989928,0.7156152622518577,0.5495795408058659,0.8437219825204364,3.051196446661335e-07,0.0014992503748125937,0.4497751124437781,2000,8.079835044449614e-07,4.001925555245676e-06,0.004555414600392112,0.022562874122747996,1.0,1.0
clause_tab_1gram,Segensspruch,253,11656,0.021244436980434964,0.021871979064109967,0.009976258856127065,0.04024479842791665,0.4729167966556436,0.3977227862893431,0.5497375150337069,0.9303208693398178,0.7801099450274862,1.0,2000,0.9999999994948561,1.0,0.9985007496251874,1.0,1.0,1.0
clause_tab_1gram,Segenswunsch,45,5196,0.008586147681740127,0.007788040860387251,0.0030961196476836273,0.019966079397087468,0.4057907792318878,0.2983956862310253,0.6425304547957417,0.985551990598128,0.9725137431284357,1.0,2000,0.9999999999519258,1.0,1.0,1.0,1.0,1.0
clause_tab_1gram,Siegeslied,10,2622,0.003799392097264438,0.003629331701487051,0.0014721836820389962,0.014340533975570929,0.37580091533180776,0.20669513967728914,0.9085413622890899,0.9140261791771898,0.9170414792603698,1.0,2000,0.9377671188960778,1.0,0.9408607384619379,1.0,1.0,1.0
clause_tab_1gram,Thronbesteigungslied,36,4685,0.007625503071383181,0.01406039425315591,0.004305972851489006,0.042047944577842694,0.6160796869441479,0.42038908932444863,0.8558813288824116,0.008095364083102756,0.04047976011994003,0.8195902048975512,2000,0.018809816546032875,0.09316463159326735,0.1065967016491754,0.5279712544723032,1.0,1.0
clause_tab_1gram,Tora,3,1578,0.0018975332068311196,0.002377034198446923,0.001645554558255227,0.0044292912670033605,0.49408534009294464,0.4541282182923057,0.5345100003161303,0.5143964305589722,0.4612693653173413,1.0,2000,0.688768101934895,1.0,0.6176318620350841,1.0,1.0,1.0
clause_tab_1gram,Wallfahrtslied,0,528,0.0,nan,nan,nan,nan,nan,nan,nan,nan,0.0004997501249375312,2000,nan,nan,nan,nan,0.0004997501249375312,0.002475252013466025
clause_tab_1gram,Weisheitsgedicht,465,15452,0.029214047873342967,0.02990624104500926,0.019864441074496787,0.04629959868708642,0.49583893514149957,0.45366728640159837,0.5534101271820755,0.6203931641368822,0.5327336331834083,1.0,2000,0.999985157416146,1.0,0.8930058780133743,1.0,1.0,1.0
clause_tab_1gram,Zionslied,15,3140,0.004754358161648178,0.028255296375989215,0.007671259668017315,0.10392769292100597,0.8861464968152867,0.8029880856569676,0.9489066500417447,1.1867447778219945e-07,0.0004997501249375312,0.11794102948525736,2000,1.8750567489587514e-06,9.287117224439639e-06,0.0026320173246709975,0.013036327270921067,0.7219247519097595,1.0
clause_tab_1gram,prophetische Gerichtsrede,1,1050,0.0009514747859181732,0.005025125628140704,nan,nan,0.8123809523809524,nan,nan,0.14019438166406112,0.15210843373493976,0.2288855572213893,2000,0.390983073497538,1.0,0.3869721309480346,1.0,0.5832890006609599,1.0
clause_tab_1gram,prophetische Redeweise,91,7217,0.012452107279693486,0.01278111827301805,0.005877553295654495,0.03112236482856531,0.48605018370849046,0.40953581262632066,0.5859230833560671,0.6767286536807959,0.6136931534232883,1.0,2000,0.9999613427340172,1.0,0.9930034982508745,1.0,1.0,1.0
clause_tab_1gram,"prophetische Schelt-, Droh- und Mahnrede",21,3656,0.005711177590426979,0.013388713873485412,0.0041990292480897275,0.2253514336386403,0.6315319891632802,0.4083697085443538,0.8183937168542517,0.018673722962582476,0.049475262368815595,0.7566216891554223,2000,0.2916989963951698,1.0,0.7514409461935699,1.0,1.0,1.0
clause_tab_1gram,prophetische Tora,0,525,0.0,nan,nan,nan,nan,nan,nan,nan,nan,0.0004997501249375312,2000,nan,nan,nan,nan,0.0004997501249375312,0.002475252013466025
clause_tab_1gram,prophetisches Stück,28,4173,0.006665079742918353,0.006561196964789974,0.0029151078798198907,0.013722924851636979,0.5191152305638287,0.41837485258489127,0.697067422617281,0.363494604642072,0.3343328335832084,1.0,2000,0.6263015589579812,1.0,0.5869398634016325,1.0,1.0,1.0
clause_tab_1gram_psalm,Danklied Israels,6,2097,0.0028530670470756064,0.031001543928109276,0.003486487176450134,0.09844342476516489,0.8474010491177874,0.5396158382776213,0.9368287952003311,0.0016272466502079586,0.0074962518740629685,0.18790604697651175,2000,0.12855248536642874,0.6367177962768682,0.5922038980509745,1.0,1.0,1.0
clause_tab_1gram_psalm,Danklied des Einzelnen,1596,26866,0.056074766355140186,0.05637923426995489,0.04466517433709757,0.07668595652451447,0.4993107792745468,0.4718150686257374,0.5295092147154624,0.5369167211283262,0.504247876061969,1.0,2000,0.6147307386831561,1.0,0.5773272783897906,1.0,1.0,1.0
clause_tab_1gram_psalm,Fluch,15,3142,0.004751346214760849,0.005418027176531789,0.00231419760330983,0.027189303315712416,0.5127731805643964,0.35151634668359283,0.8753662499883053,0.4321923625825993,0.3818090954522739,1.0,2000,0.988782647201491,1.0,0.9860069965017492,1.0,1.0,1.0
clause_tab_1gram_psalm,Hymnus,11026,56707,0.16278623418422336,0.16321073562558386,0.13331451137314215,0.21019279442416822,0.4739743158216642,0.45159614007661414,0.4960275012794173,1.0,0.9845077461269365,1.0,2000,1.0,1.0,1.0,1.0,1.0,1.0
clause_tab_1gram_psalm,Klagelied des Einzelnen,5565,44872,0.11033566627674128,0.13672785640322277,0.08585272723573117,0.2080314573784827,0.5457682064843483,0.5060386997442416,0.6246137354791461,3.358609507440962e-29,0.005497251374312844,0.9865067466266867,2000,3.960151508773672e-29,1.961454836444082e-28,0.006580043311677495,0.032590818177302666,1.0,1.0
clause_tab_1gram_psalm,Klagelied des Volkes,496,15918,0.030218106494455953,0.029316309655607324,0.015611595335092815,0.04384618973214273,0.4974450713130601,0.4435504235985312,0.5778214973755005,0.576954611902218,0.49075462268865566,1.0,2000,0.9999906926869576,1.0,0.9272799497687054,1.0,1.0,1.0
clause_tab_1gram_psalm,Königspsalm,325,13088,0.024230224409155298,0.023722518202879607,0.01244300868822281,0.03618129149866135,0.4859850479593756,0.4321789616358153,0.5529998609763217,0.8063544570421971,0.6506746626686657,1.0,2000,0.9997904174423975,1.0,0.8824094446283351,1.0,1.0,1.0
clause_tab_1gram_psalm,Legende,3,1579,0.0018963337547408343,0.02581173378148363,0.0070448924202905355,0.06896551724137931,0.9381465062275702,0.8307607606898579,0.9910713107922742,0.004332085615950356,0.004997501249375313,0.04997501249375312,2000,0.008347189357562882,0.04134345592544349,0.008582665189144559,0.042509762839960004,0.09181455783736038,0.45475560247399066
clause_tab_1gram_psalm,Liturgie,153,9176,0.01640047164755065,0.01678155142917026,0.006746240640425062,0.029528166002495655,0.5226172567254161,0.4289983231389396,0.6310218678444441,0.16825804240537806,0.2513743128435782,0.999000499750125,2000,0.3497996144743386,1.0,0.536718127422775,1.0,1.0,1.0
clause_tab_1gram_psalm,Mischgedicht,45,5099,0.008748055987558321,0.010137710873839176,0.004496323292799524,0.028640199260094333,0.5445599354993353,0.41386938844325294,0.7122762210260609,0.15131890791121666,0.1934032983508246,0.9885057471264368,2000,0.2698870653309048,1.0,0.3598087319976376,1.0,1.0,1.0
clause_tab_1gram_psalm,Segensspruch,253,11656,0.021244436980434964,0.020729049424648757,0.0109390754370865,0.03309763826653639,0.49752218403183757,0.4409347637092682,0.5787693560061521,0.5537229693842425,0.5002498750624688,1.0,2000,0.9999999994948561,1.0,0.9985007496251874,1.0,1.0,1.0
clause_tab_1gram_psalm,Segenswunsch,45,5196,0.008586147681740127,0.007361700146344206,0.0029351805335753435,0.014392775236046209,0.44456633307672566,0.3529539011298515,0.6222623951552516,0.9001754218982478,0.855072463768116,1.0,2000,0.9999999999519258,1.0,1.0,1.0,1.0,1.0
clause_tab_1gram_psalm,Siegeslied,10,2622,0.003799392097264438,0.0037340058356496197,0.0017135808910212088,0.008433107379132769,0.476697177726926,0.27017222645582917,0.7161227125356957,0.6006183725207063,0.5347326336831584,1.0,2000,0.9208285219226607,1.0,0.9063042008407561,1.0,1.0,1.0
clause_tab_1gram_psalm,Thronbesteigungslied,36,4685,0.007625503071383181,0.023748903266372228,0.002098876347773283,0.05292403482364061,0.5558579390489743,0.3939775936955313,0.7544630874025563,0.12376311104012633,0.1664167916041979,0.9740129935032483,2000,0.17459438878874967,0.8647623898908343,0.23903502794057516,1.0,1.0,1.0
clause_tab_1gram_psalm,Tora,3,1578,0.0018975332068311196,1.0,1.0,1.0,1.0,1.0,1.0,0.0013680236830744005,0.0009995002498750624,0.0009995002498750624,2000,0.0027897801675024784,0.013817723362452928,0.0019740129935032482,0.009777245453190798,0.0026320173246709975,0.013036327270921067
clause_tab_1gram_psalm,Wallfahrtslied,0,528,0.0,nan,nan,nan,nan,nan,nan,nan,nan,0.0004997501249375312,2000,nan,nan,nan,nan,0.0004997501249375312,0.002475252013466025
clause_tab_1gram_psalm,Weisheitsgedicht,465,15452,0.029214047873342967,0.028439754066987892,0.019984530987993108,0.04848764166508615,0.4918641564999068,0.4585083433804399,0.562625240639665,0.7253422703594818,0.5902048975512244,1.0,2000,0.999985157416146,1.0,0.8930058780133743,1.0,1.0,1.0
clause_tab_1gram_psalm,Zionslied,15,3140,0.004754358161648178,0.00874700424581621,0.0023615974110370495,0.021569602561177383,0.718927813163482,0.5056528909631677,0.8364968075406707,0.001696678717877474,0.014992503748125937,0.49025487256371814,2000,0.0033509404678080112,0.01659713870203307,0.028887995026876806,0.14308164077840194,0.9446374373788715,1.0
clause_tab_1gram_psalm,prophetische Gerichtsrede,1,1050,0.0009514747859181732,0.0020408163265306124,nan,nan,0.5352380952380953,nan,nan,0.45211671577164775,0.43373493975903615,0.993503248375812,2000,0.5855282056714782,1.0,0.5457783515012431,1.0,1.0,1.0
clause_tab_1gram_psalm,prophetische Redeweise,91,7217,0.012452107279693486,0.015857090843473486,0.0031276539567506837,0.05217147820730504,0.5628819012496441,0.4603730019714359,0.6821311298382029,0.019469905436607052,0.09095452273863068,0.9630184907546226,2000,0.5127075098306524,1.0,0.9930034982508745,1.0,1.0,1.0
clause_tab_1gram_psalm,"prophetische Schelt-, Droh- und Mahnrede",21,3656,0.005711177590426979,0.02825966682045759,0.0019458068793454756,0.09265244645139925,0.6461329061164948,0.36086981366701504,0.8058647282680224,0.010368088465402098,0.04397801099450275,0.7106446776611695,2000,0.20476974719169144,1.0,0.7514409461935699,1.0,1.0,1.0
clause_tab_1gram_psalm,prophetische Tora,0,525,0.0,nan,nan,nan,nan,nan,nan,nan,nan,0.0004997501249375312,2000,nan,nan,nan,nan,0.0004997501249375312,0.002475252013466025
clause_tab_1gram_psalm,prophetisches Stück,28,4173,0.006665079742918353,0.012336419645044146,0.0031608445573153214,0.06796488312366274,0.5899404333983773,0.4140209720746029,0.71956015835932,0.05020514883529386,0.08395802098950525,0.9005497251374313,2000,0.5109434815090951,1.0,0.5625937031484257,1.0,1.0,1.0
clause_tab_transition_psalm,Danklied Israels,6,2097,0.0028530670470756064,0.00451450848715184,0.00206640770303652,0.011292953462440632,0.6052694325226514,0.3970700103785687,0.8294061856834875,0.18634185418335536,0.18840579710144928,0.8495752123938031,2000,0.8178336933602819,1.0,0.7738130934532734,1.0,1.0,1.0
clause_tab_transition_psalm,Danklied des Einzelnen,1596,26866,0.056074766355140186,0.06236994560487475,0.04594409271784367,0.08658853794700803,0.5346001164789439,0.49094803907729334,0.580552028624367,1.6430917399065796e-06,0.049475262368815595,0.9970014992503748,2000,4.187233788794186e-06,2.0739282191998134e-05,0.12608212023020748,0.624482128945735,1.0,1.0
clause_tab_transition_psalm,Fluch,15,3142,0.004751346214760849,0.005077631606706454,0.0019845225842843183,0.016881122263700508,0.498631444939529,0.2835102077956226,0.7447529025537711,0.5073628126894901,0.45827086456771615,1.0,2000,0.988782647201491,1.0,0.9860069965017492,1.0,1.0,1.0
clause_tab_transition_psalm,Hymnus,11026,56707,0.16278623418422336,0.16818947093580625,0.13674366867202972,0.20321996846611057,0.49771822975354896,0.46851204731317286,0.5241896144863,0.7762024938754291,0.5562218890554723,1.0,2000,1.0,1.0,1.0,1.0,1.0,1.0
clause_tab_transition_psalm,Klagelied des Einzelnen,5565,44872,0.11033566627674128,0.1394351838291997,0.09678420963513704,0.2199889952715683,0.554427999010703,0.5144654831565817,0.6041497526318927,1.8104874518615867e-40,0.001999000499750125,0.9805097451274363,2000,2.270293788842307e-40,1.1244718093254656e-39,0.002722776542763101,0.01348585579750455,1.0,1.0
clause_tab_transition_psalm,Klagelied des Volkes,496,15918,0.030218106494455953,0.02816492734457508,0.016088002723514544,0.03995047220081201,0.48521733359272723,0.4470905033160765,0.5378485350228387,0.8692980235165552,0.6911544227886057,1.0,2000,0.9999906926869576,1.0,0.9272799497687054,1.0,1.0,1.0
clause_tab_transition_psalm,Königspsalm,325,13088,0.024230224409155298,0.02407647368163305,0.013801018310387915,0.03622563476335538,0.48653505266127517,0.416157399784728,0.576869238687451,0.79690386673239,0.6536731634182908,1.0,2000,0.9997904174423975,1.0,0.8824094446283351,1.0,1.0,1.0
clause_tab_transition_psalm,Legende,3,1579,0.0018963337547408343,0.0063001732533100405,0.0016054013970550223,0.024780966168340277,0.5963690099218915,0.34608480055152396,0.9733305041532793,0.2820047748461575,0.26186906546726635,0.8810594702648675,2000,0.3010591515249519,1.0,0.27956292124208165,1.0,0.9405905155530342,1.0
clause_tab_transition_psalm,Liturgie,153,9176,0.01640047164755065,0.013449421504995951,0.006854429735867898,0.021400725103326322,0.4135945718014029,0.3613899245694927,0.4862386089789003,0.9998795254619687,0.9970014992503748,1.0,2000,0.9999999998364674,1.0,1.0,1.0,1.0,1.0
clause_tab_transition_psalm,Mischgedicht,45,5099,0.008748055987558321,0.011135017287330056,0.004975285268802084,0.026720846703908185,0.5462400034865225,0.41725507997799455,0.7305301867014107,0.1423854371354744,0.20039980009995004,0.9910044977511244,2000,0.26159184962098786,1.0,0.3598087319976376,1.0,1.0,1.0
clause_tab_transition_psalm,Segensspruch,253,11656,0.021244436980434964,0.02275017998658143,0.012871948414435163,0.03617788559884158,0.5412749477105211,0.47681036964084345,0.6215080587763214,0.012228934426505701,0.10594702648675662,0.9930034982508745,2000,0.08782598360854094,0.4350002769661119,0.811139884603153,1.0,1.0,1.0
clause_tab_transition_psalm,Segenswunsch,45,5196,0.008586147681740127,0.0060452206686664005,0.0029701614011105756,0.011197352932852133,0.33669275511076896,0.2636818965633685,0.49912563106027014,0.9999210621804004,1.0,1.0,2000,0.9999999999519258,1.0,1.0,1.0,1.0,1.0
clause_tab_transition_psalm,Siegeslied,10,2622,0.003799392097264438,0.008324426155826741,0.002736439517798829,0.02261673606436,0.7237223493516399,0.26078128724953686,0.8908679111536104,0.007232720646616211,0.030484757621189407,0.4452773613193403,2000,0.19046164369422688,0.9433525746514096,0.8093453273363318,1.0,1.0,1.0
clause_tab_transition_psalm,Thronbesteigungslied,36,4685,0.007625503071383181,0.037723552993378026,0.002735096415959975,0.3383043798332253,0.4512480730463655,0.19176672879922932,0.5985437256894957,0.8436072738774811,0.7926036981509246,1.0,2000,0.9129448580317947,1.0,0.857749207587987,1.0,1.0,1.0
clause_tab_transition_psalm,Tora,3,1578,0.0018975332068311196,1.0,1.0,1.0,1.0,1.0,1.0,0.0013600432158998171,0.0004997501249375312,0.0004997501249375312,2000,0.0027897801675024784,0.013817723362452928,0.0019740129935032482,0.009777245453190798,0.0026320173246709975,0.013036327270921067
clause_tab_transition_psalm,Wallfahrtslied,0,528,0.0,nan,nan,nan,nan,nan,nan,nan,nan,0.0004997501249375312,2000,nan,nan,nan,nan,0.0004997501249375312,0.002475252013466025
clause_tab_transition_psalm,Weisheitsgedicht,465,15452,0.029214047873342967,0.028348667560226595,0.019389701646166116,0.044218519785271165,0.48502869795885417,0.44053941474208913,0.5415842638043763,0.864739586035491,0.6901549225387307,1.0,2000,0.999985157416146,1.0,0.8930058780133743,1.0,1.0,1.0
clause_tab_transition_psalm,Zionslied,15,3140,0.004754358161648178,0.007945597322814631,0.001591474172135064,0.06065134216199201,0.5495435244161359,0.28008652874900847,0.9544395588770853,0.25370362226143073,0.24087956021989004,0.9890054972513743,2000,0.30834747936389273,1.0,0.3020553215455764,1.0,1.0,1.0
clause_tab_transition_psalm,prophetische Gerichtsrede,1,1050,0.0009514747859181732,0.047619047619047616,nan,nan,0.9828571428571429,nan,nan,0.0474865725097932,0.013052208835341365,0.013993003498250875,2000,0.390983073497538,1.0,0.36427190242451285,1.0,0.5132433783108447,1.0
clause_tab_transition_psalm,prophetische Redeweise,91,7217,0.012452107279693486,0.013406071904196836,0.0025804776358840198,0.04233603474053229,0.4731426256990896,0.35422668819921865,0.6028391908623802,0.8110953673426047,0.7141429285357321,1.0,2000,0.9999613427340172,1.0,0.9930034982508745,1.0,1.0,1.0
clause_tab_transition_psalm,"prophetische Schelt-, Droh- und Mahnrede",21,3656,0.005711177590426979,0.011158666720515712,0.0018643446668072158,0.10340772165308115,0.4323747004272168,0.20211681451933083,0.6766593063377886,0.8577852397575305,0.8210894552723638,1.0,2000,0.9411810269561794,1.0,0.900917596757177,1.0,1.0,1.0
clause_tab_transition_psalm,prophetische Tora,0,525,0.0,nan,nan,nan,nan,nan,nan,nan,nan,0.0004997501249375312,2000,nan,nan,nan,nan,0.0004997501249375312,0.002475252013466025
clause_tab_transition_psalm,prophetisches Stück,28,4173,0.006665079742918353,0.011556106829902876,0.002236067812454807,0.08242804805041817,0.4769864092293999,0.27293154763503225,0.7139142646882976,0.6629292223835028,0.5867066466766616,1.0,2000,0.9714858056745862,1.0,0.8745250016501182,1.0,1.0,1.0
clause_tree_summary_psalm,Danklied Israels,6,2097,0.0028530670470756064,0.005062120450021275,0.0013656049626421661,0.02136435150463218,0.6586393260213003,0.24994739255762743,0.9742363197286024,0.08954562872583788,0.11094452773613193,0.638680659670165,2000,0.7055107657242036,1.0,0.7501249375312344,1.0,1.0,1.0
clause_tree_summary_psalm,Danklied des Einzelnen,1596,26866,0.056074766355140186,0.06313644583055275,0.04660679496721557,0.09399548684120362,0.5397540835263921,0.4971299900183692,0.603892233294265,4.519903871781786e-08,0.02798600699650175,0.9930034982508745,2000,1.231284158175038e-07,6.098524921934837e-07,0.07759913146874838,0.3843468902288797,1.0,1.0
clause_tree_summary_psalm,Fluch,15,3142,0.004751346214760849,0.0066129244271016735,0.001653663007467994,0.02519815568999652,0.5363568852111181,0.21408947207099696,0.9075517828295686,0.3133395066585746,0.2748625687156422,0.9950024987506247,2000,0.988782647201491,1.0,0.9860069965017492,1.0,1.0,1.0
clause_tree_summary_psalm,Hymnus,11026,56707,0.16278623418422336,0.17576806207658677,0.13553213686180204,0.21132335990585155,0.512113423845259,0.475280380949931,0.5495690145761195,2.7692822131467842e-05,0.19940029985007496,1.0,2000,6.836665463706124e-05,0.0003386186237881887,0.49226949025487254,1.0,1.0,1.0
clause_tree_summary_psalm,Klagelied des Einzelnen,5565,44872,0.11033566627674128,0.13150444271001543,0.09152943873278294,0.2357348421408531,0.5073837700192076,0.4690235881947663,0.5419781716940976,0.03594948199223419,0.3028485757121439,1.0,2000,0.03736854049192764,0.18508560674095412,0.31480312475341277,1.0,1.0,1.0
clause_tree_summary_psalm,Klagelied des Volkes,496,15918,0.030218106494455953,0.03241571747597684,0.020830813586680846,0.04872440541074101,0.5331676530728046,0.4766008609018108,0.6627316075701799,0.005870756308826353,0.12043978010994502,0.9965017491254373,2000,0.01496095962571877,0.07410132301932554,0.29733570714642676,1.0,1.0,1.0
clause_tree_summary_psalm,Königspsalm,325,13088,0.024230224409155298,0.026455921614449936,0.017126662290500628,0.0415067644660846,0.5271874412262554,0.4705740282544747,0.6720696412706149,0.04676237300067081,0.18990504747626186,0.9985007496251874,2000,0.691144878496623,1.0,0.8824094446283351,1.0,1.0,1.0
clause_tree_summary_psalm,Legende,3,1579,0.0018963337547408343,0.0028089985914872247,0.0013504390080817281,0.003883495145631068,0.5307156428119063,0.1623563191383669,0.7054156196527199,0.4272274974256346,0.3713143428285857,0.9975012493753124,2000,0.4440917407450675,1.0,0.39111777444611023,1.0,1.0,1.0
clause_tree_summary_psalm,Liturgie,153,9176,0.01640047164755065,0.01979983423356435,0.010555939023373697,0.035046612575432276,0.5324931193052636,0.43288388494734414,0.6893185925639633,0.08368064720416785,0.19490254872563717,0.9970014992503748,2000,0.18363253136470167,0.90952812278968,0.42770281525903714,1.0,1.0,1.0
clause_tree_summary_psalm,Mischgedicht,45,5099,0.008748055987558321,0.01054429909440995,0.004272942136241988,0.02271851742433581,0.5379159312283455,0.3705060171762185,0.6616049658552821,0.19021825684431887,0.23088455772113944,0.9940029985007496,2000,0.3005448458140238,1.0,0.38808255446744716,1.0,1.0,1.0
clause_tree_summary_psalm,Segensspruch,253,11656,0.021244436980434964,0.02326204393055157,0.013251333440741865,0.0391721972766807,0.542383810200721,0.4935189701528275,0.6301609018522516,0.01043574552708103,0.11294352823588207,0.991504247876062,2000,0.08244238966394014,0.40833544771224745,0.811139884603153,1.0,1.0,1.0
clause_tree_summary_psalm,Segenswunsch,45,5196,0.008586147681740127,0.008040190547618155,0.0035558981866858374,0.023351812043695987,0.47761312120434524,0.3396705700907748,0.7533223319838042,0.6977667604798358,0.617191404297851,1.0,2000,0.9999999999519258,1.0,1.0,1.0,1.0,1.0
clause_tree_summary_psalm,Siegeslied,10,2622,0.003799392097264438,0.006102337630801444,0.00189064200777123,0.015934598974703437,0.6186880244088482,0.3090663849669711,0.8644780131046247,0.09727128330393076,0.12693653173413294,0.782608695652174,2000,0.7110322472331239,1.0,0.8488255872063969,1.0,1.0,1.0
clause_tree_summary_psalm,Thronbesteigungslied,36,4685,0.007625503071383181,0.019313315927074765,0.0016835621460399813,0.16706200296766624,0.470052175975335,0.25347500232452486,0.7538524011213151,0.7323973183429935,0.6511744127936032,1.0,2000,0.8265626878442355,1.0,0.7348968372956379,1.0,1.0,1.0
clause_tree_summary_psalm,Tora,3,1578,0.0018975332068311196,0.5,0.5,0.5,0.9980988593155894,0.9965397407580946,0.9986876527782951,0.001415662845943111,0.0009995002498750624,0.0029985007496251873,2000,0.0027897801675024784,0.013817723362452928,0.0019740129935032482,0.009777245453190798,0.005922038980509746,0.029331736359572397
clause_tree_summary_psalm,Wallfahrtslied,0,528,0.0,nan,nan,nan,nan,nan,nan,nan,nan,0.0004997501249375312,2000,nan,nan,nan,nan,0.0004997501249375312,0.002475252013466025
clause_tree_summary_psalm,Weisheitsgedicht,465,15452,0.029214047873342967,0.030485131828091015,0.021437268022151977,0.04922613344987135,0.5178674020692592,0.46745075495548744,0.5900820825983236,0.09425478053934766,0.24387806096951525,1.0,2000,0.4964085108405643,1.0,0.8930058780133743,1.0,1.0,1.0
clause_tree_summary_psalm,Zionslied,15,3140,0.004754358161648178,0.007080553262549281,0.0026270353097422217,0.018355748680273613,0.6423885350318471,0.42490253161984765,0.8421290081769361,0.028365661716674512,0.06346826586706647,0.7041479260369815,2000,0.04871494077428884,0.24128409223011066,0.10445818757288022,0.5173792385646798,1.0,1.0
clause_tree_summary_psalm,prophetische Gerichtsrede,1,1050,0.0009514747859181732,0.0012903225806451613,nan,nan,0.2638095238095238,nan,nan,0.7936488424099262,0.767570281124498,1.0,2000,0.8038238275690277,1.0,0.7875071715433162,1.0,1.0,1.0
clause_tree_summary_psalm,prophetische Redeweise,91,7217,0.012452107279693486,0.016999724996022165,0.002197446674336047,0.057125681755125,0.5080046045128489,0.3925059379894921,0.602898738874967,0.39634399682197397,0.39280359820089955,1.0,2000,0.9999613427340172,1.0,0.9930034982508745,1.0,1.0,1.0
clause_tree_summary_psalm,"prophetische Schelt-, Droh- und Mahnrede",21,3656,0.005711177590426979,0.018479835812242218,0.0016728417819597628,0.08741373436984046,0.6501120141710951,0.2582034653925655,0.8560736768940695,0.008757017438248964,0.035982008995502246,0.6721639180409795,2000,0.20476974719169144,1.0,0.7514409461935699,1.0,1.0,1.0
clause_tree_summary_psalm,prophetische Tora,0,525,0.0,nan,nan,nan,nan,nan,nan,nan,nan,0.0004997501249375312,2000,nan,nan,nan,nan,0.0004997501249375312,0.002475252013466025
clause_tree_summary_psalm,prophetisches Stück,28,4173,0.006665079742918353,0.01320513340551842,0.0037526191391864558,0.12154489389276478,0.6184998801821232,0.46618100876310803,0.9398196683806355,0.01521043368745469,0.04297851074462768,0.782608695652174,2000,0.4005414204363068,1.0,0.5625937031484257,1.0,1.0,1.0
clause_typ_1_2_3gram,Danklied Israels,6,2097,0.0028530670470756064,0.005770632843947446,0.0019190627217712272,0.019777325751753748,0.6502145922746781,0.3873565266479526,0.9584827886572205,0.1015512527842452,0.10594702648675662,0.6736631684157921,2000,0.7055107657242036,1.0,0.7501249375312344,1.0,1.0,1.0
clause_typ_1_2_3gram,Danklied des Einzelnen,1596,26866,0.056074766355140186,0.056529889090396,0.04413899240905533,0.07506629666963793,0.5108104629361687,0.4732732963057944,0.5518585878617742,0.07225552168228837,0.2813593203398301,1.0,2000,0.09513643688167968,0.4712088005476675,0.3704564384474429,1.0,1.0,1.0
clause_typ_1_2_3gram,Fluch,15,3142,0.004751346214760849,0.004309813842449784,0.0018649554702426516,0.010802146242679186,0.4245385105028644,0.22126844302606338,0.6638837942149158,0.8468327503033832,0.8160919540229885,1.0,2000,0.988782647201491,1.0,0.9860069965017492,1.0,1.0,1.0
clause_typ_1_2_3gram,Hymnus,11026,56707,0.16278623418422336,0.1493417180319651,0.1263360325593456,0.17882554971724787,0.44684035980267534,0.4193929458860216,0.4706608277797444,1.0,1.0,1.0,2000,1.0,1.0,1.0,1.0,1.0,1.0
clause_typ_1_2_3gram,Klagelied des Einzelnen,5565,44872,0.11033566627674128,0.1530798236621895,0.11155480311454284,0.19946495500261077,0.5961129426827665,0.5414561769675179,0.6418415530044843,5.310266289443344e-122,0.0004997501249375312,0.8855572213893054,2000,5.243887960825303e-121,2.5972868411079582e-120,0.0008773391082236659,0.004345442423640355,1.0,1.0
clause_typ_1_2_3gram,Klagelied des Volkes,496,15918,0.030218106494455953,0.03530916418159355,0.021424217775810418,0.05130437384393028,0.5734464103327943,0.5209680660662153,0.6511130282539282,1.1785624531009211e-08,0.005997001499250375,0.9545227386306847,2000,5.476849046763104e-08,2.7126719842530156e-07,0.06316841579210394,0.31287185450210553,1.0,1.0
clause_typ_1_2_3gram,Königspsalm,325,13088,0.024230224409155298,0.027319630737459147,0.015966838784157153,0.0457033551163568,0.5099308820763588,0.439443987986972,0.6012886984228408,0.2696542414213788,0.3683158420789605,1.0,2000,0.9300732712125533,1.0,0.8824094446283351,1.0,1.0,1.0
clause_typ_1_2_3gram,Legende,3,1579,0.0018963337547408343,0.2958333333333333,0.125,0.3476190476190476,0.9953557103652101,0.9862064639313803,0.9987929214232277,0.0014994786114018253,0.0004997501249375312,0.0024987506246876563,2000,0.005232462259904652,0.025916277151172167,0.0011963715112140898,0.005925603304964121,0.029610194902548723,0.14665868179786198
clause_typ_1_2_3gram,Liturgie,153,9176,0.01640047164755065,0.029770670293565248,0.01523556849832759,0.05143017178475662,0.680177331031221,0.5929018825820973,0.7687577820290676,9.5317102381459e-15,0.0004997501249375312,0.559720139930035,2000,5.792346990873278e-14,2.868937462225776e-13,0.003760024749529997,0.01862332467274438,1.0,1.0
clause_typ_1_2_3gram,Mischgedicht,45,5099,0.008748055987558321,0.026810304084156033,0.01051435343666203,0.06484243369307001,0.7728421694885708,0.6535031394949941,0.8873598509823163,1.3786742280369642e-10,0.0004997501249375312,0.2978510744627686,2000,5.186441143567628e-10,2.5688335515560947e-09,0.0017165330378289116,0.008501952567991999,1.0,1.0
clause_typ_1_2_3gram,Segensspruch,253,11656,0.021244436980434964,0.03408839318804385,0.0173026171445032,0.07602589846377293,0.5937890814685002,0.4921679631643196,0.7202326121720354,1.3683979957507617e-07,0.00849575212393803,0.8915542228885557,2000,1.8017240277385029e-06,8.923901775767062e-06,0.1118607362985174,0.5540439090141452,1.0,1.0
clause_typ_1_2_3gram,Segenswunsch,45,5196,0.008586147681740127,0.012795858274627257,0.004116831208199008,0.08917742420061629,0.4346420323325635,0.26228560820300745,0.6650885161958676,0.9373047642181207,0.8840579710144928,1.0,2000,0.9999999999519258,1.0,1.0,1.0,1.0,1.0
clause_typ_1_2_3gram,Siegeslied,10,2622,0.003799392097264438,0.005628971028091299,0.0013643700746313525,0.0351639365009411,0.531578947368421,0.25242170854129303,0.9435258296598402,0.364645288536917,0.3538230884557721,1.0,2000,0.9208285219226607,1.0,0.9063042008407561,1.0,1.0,1.0
clause_typ_1_2_3gram,Thronbesteigungslied,36,4685,0.007625503071383181,0.017530850216756627,0.0037444754655784505,0.04603670984678351,0.6181815486778134,0.41835114059206346,0.8685476899438447,0.007149468094524502,0.0384807596201899,0.8025987006496752,2000,0.017650249358357364,0.08742131934016542,0.1065967016491754,0.5279712544723032,1.0,1.0
clause_typ_1_2_3gram,Tora,3,1578,0.0018975332068311196,0.0018470328562796724,0.00143432335463214,0.0035091359259754626,0.3603717786227292,0.31998731614557174,0.42881414657312567,0.7995519576806983,0.8150924537731135,1.0,2000,0.8652685569421257,1.0,0.8780409795102448,1.0,1.0,1.0
clause_typ_1_2_3gram,Wallfahrtslied,0,528,0.0,nan,nan,nan,nan,nan,nan,nan,nan,0.0004997501249375312,2000,nan,nan,nan,nan,0.0004997501249375312,0.002475252013466025
clause_typ_1_2_3gram,Weisheitsgedicht,465,15452,0.029214047873342967,0.03254297853761952,0.021428274118916128,0.051134611002933365,0.5317547368333152,0.4396037926795267,0.60985106657348,0.009500013628635041,0.13693153423288357,1.0,2000,0.14097867624598737,0.6982644622195437,0.8930058780133743,1.0,1.0,1.0
clause_typ_1_2_3gram,Zionslied,15,3140,0.004754358161648178,0.012475274111183618,0.006025726073904397,0.02700680652561813,0.8078662420382166,0.6772670240999092,0.8673077447979709,1.8954562305465982e-05,0.0014992503748125937,0.2318840579710145,2000,7.487052110659064e-05,0.0003708321396447963,0.005922038980509746,0.029331736359572397,0.7907018712865791,1.0
clause_typ_1_2_3gram,prophetische Gerichtsrede,1,1050,0.0009514747859181732,0.013513513513513514,nan,nan,0.9314285714285714,nan,nan,0.06792009597349165,0.05321285140562249,0.06146926536731634,2000,0.390983073497538,1.0,0.36427190242451285,1.0,0.5424244399539361,1.0
clause_typ_1_2_3gram,prophetische Redeweise,91,7217,0.012452107279693486,0.012933940048477477,0.005553700434220583,0.05651124989858329,0.4502685204500363,0.35404297568437176,0.5902877309427133,0.9501336724047751,0.879560219890055,1.0,2000,0.9999613427340172,1.0,0.9930034982508745,1.0,1.0,1.0
clause_typ_1_2_3gram,"prophetische Schelt-, Droh- und Mahnrede",21,3656,0.005711177590426979,0.02871649484816019,0.0032459725797177527,0.5,0.4500104199228926,0.32716233659473987,0.772022344306431,0.7860135433199618,0.7496251874062968,1.0,2000,0.9183398374012084,1.0,0.8572856428928393,1.0,1.0,1.0
clause_typ_1_2_3gram,prophetische Tora,0,525,0.0,nan,nan,nan,nan,nan,nan,nan,nan,0.0004997501249375312,2000,nan,nan,nan,nan,0.0004997501249375312,0.002475252013466025
clause_typ_1_2_3gram,prophetisches Stück,28,4173,0.006665079742918353,0.007106034619021035,0.0028723358339244466,0.014250913065969041,0.5340197185991579,0.35648370055325096,0.7342678140021895,0.2668464171569672,0.2733633183408296,0.999000499750125,2000,0.5378526444902835,1.0,0.5625937031484257,1.0,1.0,1.0
clause_typ_1_2_3gram_psalm,Danklied Israels,6,2097,0.0028530670470756064,0.0034731520207825694,0.0013407877138478768,0.0069866452656652134,0.5473692576696868,0.2270641253389052,0.7764015603107833,0.3442210397334487,0.3408295852073963,0.9960019990004998,2000,0.8688138050964302,1.0,0.8267630890437135,1.0,1.0,1.0
clause_typ_1_2_3gram_psalm,Danklied des Einzelnen,1596,26866,0.056074766355140186,0.06575657950476065,0.05007289064793706,0.09381675751089728,0.5655582252922562,0.5167096720403532,0.6133850150148559,6.011202487707377e-19,0.0069965017491254375,0.9760119940029985,2000,2.7934411560522518e-18,1.3835856162880412e-17,0.034545227386306845,0.171101795430839,1.0,1.0
clause_typ_1_2_3gram_psalm,Fluch,15,3142,0.004751346214760849,0.004226080214728381,0.002116545682021305,0.008833866612680265,0.4348398047952472,0.22163387021337436,0.6420995367379072,0.8084434751725537,0.7666166916541729,1.0,2000,0.988782647201491,1.0,0.9860069965017492,1.0,1.0,1.0
clause_typ_1_2_3gram_psalm,Hymnus,11026,56707,0.16278623418422336,0.17872475823548484,0.14564198967794761,0.21541732943170688,0.5255758962880629,0.4897202942292433,0.5642829563031483,8.522633733221256e-18,0.057971014492753624,1.0,2000,2.927339412715127e-17,1.4499051453618563e-16,0.19911783238815375,0.9862264978870721,1.0,1.0
clause_typ_1_2_3gram_psalm,Klagelied des Einzelnen,5565,44872,0.11033566627674128,0.15373835889327667,0.09583036670098437,0.24326184020564767,0.585151130491251,0.5360227208873236,0.6636232731465062,5.470281291763436e-96,0.0004997501249375312,0.9330334832583708,2000,2.2744853792069024e-95,1.1265478953476323e-94,0.0008773391082236659,0.004345442423640355,1.0,1.0
clause_typ_1_2_3gram_psalm,Klagelied des Volkes,496,15918,0.030218106494455953,0.03153606477938385,0.015100651488913472,0.04951546914553604,0.492473270268189,0.3695254992836081,0.5586614834249223,0.7162810060005591,0.5887056471764118,1.0,2000,0.9999906926869576,1.0,0.9272799497687054,1.0,1.0,1.0
clause_typ_1_2_3gram_psalm,Königspsalm,325,13088,0.024230224409155298,0.02346267611121927,0.011510671242618406,0.03477595431655918,0.46116125164566485,0.36031872671370796,0.5276160705794094,0.9917087976274801,0.8520739630184908,1.0,2000,0.9997904174423975,1.0,0.8824094446283351,1.0,1.0,1.0
clause_typ_1_2_3gram_psalm,Legende,3,1579,0.0018963337547408343,0.023091975203843786,0.0023204590498400604,0.06666666666666667,0.7975511927380199,0.5338012679861904,0.9768866735917968,0.03731856646058405,0.037481259370314844,0.1854072963518241,2000,0.04833060246534656,0.23938047254981457,0.050186771021269026,0.24857403694552882,0.25253752434127763,1.0
clause_typ_1_2_3gram_psalm,Liturgie,153,9176,0.01640047164755065,0.013988423869017398,0.006055053049048848,0.023329574581085224,0.4209318426585979,0.30104387864117965,0.5172993973610008,0.9996101616166646,0.968015992003998,1.0,2000,0.9999999998364674,1.0,1.0,1.0,1.0,1.0
clause_typ_1_2_3gram_psalm,Mischgedicht,45,5099,0.008748055987558321,0.00869628929383131,0.004984555287356665,0.017908783271252116,0.490250811705999,0.35585273597940437,0.6301861585695016,0.5892396874051862,0.5507246376811594,1.0,2000,0.6376703466439687,1.0,0.5927374150762456,1.0,1.0,1.0
clause_typ_1_2_3gram_psalm,Segensspruch,253,11656,0.021244436980434964,0.017683165132072968,0.00910410533476948,0.02709975902865782,0.44947079791981465,0.3622303625728852,0.5200657829591575,0.9970593486894712,0.9060469765117442,1.0,2000,0.9999999994948561,1.0,0.9985007496251874,1.0,1.0,1.0
clause_typ_1_2_3gram_psalm,Segenswunsch,45,5196,0.008586147681740127,0.00653403450372584,0.0024400304922528953,0.012694450487029213,0.38312163202463434,0.25285329006607354,0.5149861770299763,0.9965760517725595,0.9775112443778111,1.0,2000,0.9999999999519258,1.0,1.0,1.0,1.0,1.0
clause_typ_1_2_3gram_psalm,Siegeslied,10,2622,0.003799392097264438,0.002832746847857513,0.0014197755884473675,0.005962304232899131,0.3096872616323417,0.1697574980427461,0.4471784197143868,0.9812709162626635,0.975512243878061,1.0,2000,0.9938513126250053,1.0,0.9880188111072669,1.0,1.0,1.0
clause_typ_1_2_3gram_psalm,Thronbesteigungslied,36,4685,0.007625503071383181,0.04051152444280716,0.0026484748457036847,0.34340543549136,0.5322245938574647,0.24290397198694666,0.7431318182353611,0.2523504067860035,0.3173413293353323,1.0,2000,0.3268144612474472,1.0,0.40435427447566535,1.0,1.0,1.0
clause_typ_1_2_3gram_psalm,Tora,3,1578,0.0018975332068311196,0.5,0.5,0.5,0.9990494296577946,0.9982698703790477,0.9993438263891475,0.0013768541022870955,0.0004997501249375312,0.0004997501249375312,2000,0.0027897801675024784,0.013817723362452928,0.0019740129935032482,0.009777245453190798,0.0026320173246709975,0.013036327270921067
clause_typ_1_2_3gram_psalm,Wallfahrtslied,0,528,0.0,nan,nan,nan,nan,nan,nan,nan,nan,0.0004997501249375312,2000,nan,nan,nan,nan,0.0004997501249375312,0.002475252013466025
clause_typ_1_2_3gram_psalm,Weisheitsgedicht,465,15452,0.029214047873342967,0.026089973460140456,0.018163192919203944,0.039807653375213393,0.46382157440732175,0.4130204018020718,0.5219590573408771,0.9961238855179784,0.8685657171414293,1.0,2000,0.999985157416146,1.0,0.9399546801941496,1.0,1.0,1.0
clause_typ_1_2_3gram_psalm,Zionslied,15,3140,0.004754358161648178,0.009661443511375097,0.0026986889648593056,0.11657401562475145,0.5552866242038217,0.3493709913096717,0.7244521412519582,0.2297253971979491,0.25037481259370314,0.9910044977511244,2000,0.29271461901029,1.0,0.30905640929535233,1.0,1.0,1.0
clause_typ_1_2_3gram_psalm,prophetische Gerichtsrede,1,1050,0.0009514747859181732,0.0021231422505307855,nan,nan,0.5561904761904762,nan,nan,0.4235253452048933,0.39407630522088355,0.9900049975012494,2000,0.5705530296931787,1.0,0.5457783515012431,1.0,1.0,1.0
clause_typ_1_2_3gram_psalm,prophetische Redeweise,91,7217,0.012452107279693486,0.011724847532821839,0.0018728288230628217,0.030945650008814638,0.38408093223113315,0.19394694121413572,0.4662408835564127,0.9999295267240345,0.9875062468765617,1.0,2000,0.9999613427340172,1.0,0.9930034982508745,1.0,1.0,1.0
clause_typ_1_2_3gram_psalm,"prophetische Schelt-, Droh- und Mahnrede",21,3656,0.005711177590426979,0.015983674191873527,0.0019099983247871215,0.13336955977695447,0.5119894237782641,0.21910621270622233,0.8496226471141544,0.4247866122273907,0.41529235382308843,1.0,2000,0.8287155809202843,1.0,0.7514409461935699,1.0,1.0,1.0
clause_typ_1_2_3gram_psalm,prophetische Tora,0,525,0.0,nan,nan,nan,nan,nan,nan,nan,nan,0.0004997501249375312,2000,nan,nan,nan,nan,0.0004997501249375312,0.002475252013466025
clause_typ_1_2_3gram_psalm,prophetisches Stück,28,4173,0.006665079742918353,0.013310539997968072,0.003291213104790635,0.13166942864771364,0.5593611995481155,0.22177828588790155,0.7897403585125194,0.13911361397060296,0.19590204897551225,0.9865067466266867,2000,0.5109434815090951,1.0,0.5625937031484257,1.0,1.0,1.0
clause_typ_1_2gram,Danklied Israels,6,2097,0.0028530670470756064,0.005674024812654204,0.001900595941616125,0.01972817963778394,0.6450484819583532,0.3848303940955813,0.9582118985176425,0.10953998918995494,0.11444277861069466,0.6876561719140429,2000,0.7055107657242036,1.0,0.7501249375312344,1.0,1.0,1.0
clause_typ_1_2gram,Danklied des Einzelnen,1596,26866,0.056074766355140186,0.056687073375311835,0.04424595555017904,0.07481564106560332,0.5111469514439714,0.4736475305476125,0.5527901233245361,0.06621144973934008,0.2783608195902049,1.0,2000,0.08865600897301468,0.4391113753973495,0.3704564384474429,1.0,1.0,1.0
clause_typ_1_2gram,Fluch,15,3142,0.004751346214760849,0.004448836557285308,0.0018585410942208113,0.012356729648353658,0.4278909399533206,0.2248710073554522,0.671725820764622,0.8358404061304624,0.8055972013993004,1.0,2000,0.988782647201491,1.0,0.9860069965017492,1.0,1.0,1.0
clause_typ_1_2gram,Hymnus,11026,56707,0.16278623418422336,0.14948062626461228,0.1262116351582558,0.1791264379533561,0.44771453699881625,0.42134684826626645,0.4707846177882626,1.0,1.0,1.0,2000,1.0,1.0,1.0,1.0,1.0,1.0
clause_typ_1_2gram,Klagelied des Einzelnen,5565,44872,0.11033566627674128,0.15391694504023373,0.11322487405766662,0.19701018425258676,0.5977779342242452,0.5438338170704953,0.6499433239719887,3.478515468085033e-126,0.0004997501249375312,0.8775612193903048,2000,3.9257531711245376e-125,1.9444174110834486e-124,0.0008773391082236659,0.004345442423640355,1.0,1.0
clause_typ_1_2gram,Klagelied des Volkes,496,15918,0.030218106494455953,0.03629281606972953,0.02195491404039722,0.05317711586930224,0.5793720032910602,0.5259298967570581,0.6567521573913548,7.998348114407264e-10,0.00399800099950025,0.9420289855072463,2000,4.513353578844099e-09,2.235454675456941e-08,0.06316841579210394,0.31287185450210553,1.0,1.0
clause_typ_1_2gram,Königspsalm,325,13088,0.024230224409155298,0.026646035173286585,0.015572653068647243,0.0435056494121768,0.5091442542787286,0.4403620483433945,0.6027695634074502,0.28595712927072986,0.3683158420789605,1.0,2000,0.9300732712125533,1.0,0.8824094446283351,1.0,1.0,1.0
clause_typ_1_2gram,Legende,3,1579,0.0018963337547408343,0.2958333333333333,0.125,0.3476190476190476,0.9953557103652101,0.9862064639313803,0.9987929214232277,0.0014994786443134015,0.0004997501249375312,0.0029985007496251873,2000,0.005232462259904652,0.025916277151172167,0.0011963715112140898,0.005925603304964121,0.029610194902548723,0.14665868179786198
clause_typ_1_2gram,Liturgie,153,9176,0.01640047164755065,0.029666417961424864,0.015162540763882364,0.05297302689903369,0.6758523229111464,0.5872366152126063,0.7651491966909099,3.919425978110237e-14,0.0004997501249375312,0.5707146426786607,2000,2.2116760876479195e-13,1.0954385833859431e-12,0.003760024749529997,0.01862332467274438,1.0,1.0
clause_typ_1_2gram,Mischgedicht,45,5099,0.008748055987558321,0.026095256777385903,0.010453082976883278,0.06461452753441202,0.7657514545335686,0.6426334139986825,0.8842403632693677,3.9281082543754547e-10,0.0004997501249375312,0.3188405797101449,2000,1.3492197917202649e-09,6.6826576711336576e-09,0.0017165330378289116,0.008501952567991999,1.0,1.0
clause_typ_1_2gram,Segensspruch,253,11656,0.021244436980434964,0.03546216129203068,0.01783878430956033,0.07863450528190782,0.5984237536656891,0.4959395635986572,0.7277158713544061,3.430768108373339e-08,0.006496751624187906,0.8765617191404298,2000,5.420613611229876e-07,2.68481868955916e-06,0.10264867566216891,0.5084167635659215,1.0,1.0
clause_typ_1_2gram,Segenswunsch,45,5196,0.008586147681740127,0.012739189831326457,0.004048349613732953,0.08771392585644489,0.43497562227354375,0.26360970760769004,0.6626727999693862,0.9363346652640281,0.8825587206396801,1.0,2000,0.9999999999519258,1.0,1.0,1.0,1.0,1.0
clause_typ_1_2gram,Siegeslied,10,2622,0.003799392097264438,0.005389450230168704,0.0013618941690583077,0.032443263922526173,0.5231884057971015,0.24800972158699516,0.9400568122027996,0.39972343716084013,0.38830584707646176,1.0,2000,0.9208285219226607,1.0,0.9063042008407561,1.0,1.0,1.0
clause_typ_1_2gram,Thronbesteigungslied,36,4685,0.007625503071383181,0.017473466849511173,0.003651396330813285,0.04665038536124475,0.6148968338669513,0.4159137389194309,0.8658296971590024,0.00861933539219743,0.04047976011994003,0.8175912043978011,2000,0.019455071313817057,0.0963605650877432,0.1065967016491754,0.5279712544723032,1.0,1.0
clause_typ_1_2gram,Tora,3,1578,0.0018975332068311196,0.0018207399710576016,0.0014034460702961199,0.0034209530893409565,0.3527672158850866,0.31230829711632535,0.42076604557373337,0.8121204807068718,0.8290854572713643,1.0,2000,0.8669934861600388,1.0,0.8780409795102448,1.0,1.0,1.0
clause_typ_1_2gram,Wallfahrtslied,0,528,0.0,nan,nan,nan,nan,nan,nan,nan,nan,0.0004997501249375312,2000,nan,nan,nan,nan,0.0004997501249375312,0.002475252013466025
clause_typ_1_2gram,Weisheitsgedicht,465,15452,0.029214047873342967,0.03223034748699107,0.02134357197628209,0.0509444870493873,0.5292634283344329,0.43907790539651437,0.6082029043842189,0.015327900287426774,0.1504247876061969,1.0,2000,0.14097867624598737,0.6982644622195437,0.8930058780133743,1.0,1.0,1.0
clause_typ_1_2gram,Zionslied,15,3140,0.004754358161648178,0.011915602383004795,0.005700556764877493,0.026118549617755234,0.7987579617834395,0.6599366691315477,0.8609895819580798,3.1943251883228436e-05,0.001999000499750125,0.25087456271864067,2000,0.0001201674713702403,0.0005951869957000789,0.007178229067284539,0.03555361982978473,0.7907018712865791,1.0
clause_typ_1_2gram,prophetische Gerichtsrede,1,1050,0.0009514747859181732,0.014285714285714285,nan,nan,0.9352380952380952,nan,nan,0.0662075084076283,0.05070281124497992,0.057971014492753624,2000,0.390983073497538,1.0,0.36427190242451285,1.0,0.5424244399539361,1.0
clause_typ_1_2gram,prophetische Redeweise,91,7217,0.012452107279693486,0.012722810764367692,0.005661962300645067,0.05624062772293676,0.4491280508323601,0.35335563479250676,0.5999558629339734,0.9538995938916458,0.8875562218890555,1.0,2000,0.9999613427340172,1.0,0.9930034982508745,1.0,1.0,1.0
clause_typ_1_2gram,"prophetische Schelt-, Droh- und Mahnrede",21,3656,0.005711177590426979,0.028734078463125735,0.0032523916834527483,0.5,0.44877956653120765,0.325375014556652,0.7711556837407997,0.7916557697995918,0.7591204397801099,1.0,2000,0.9183398374012084,1.0,0.8572856428928393,1.0,1.0,1.0
clause_typ_1_2gram,prophetische Tora,0,525,0.0,nan,nan,nan,nan,nan,nan,nan,nan,0.0004997501249375312,2000,nan,nan,nan,nan,0.0004997501249375312,0.002475252013466025
clause_typ_1_2gram,prophetisches Stück,28,4173,0.006665079742918353,0.007059247036051739,0.002871416660685006,0.01399007567511056,0.5331125261031803,0.3566807949220289,0.7324110159273984,0.2723304529064726,0.2753623188405797,1.0,2000,0.5378526444902835,1.0,0.5625937031484257,1.0,1.0,1.0
clause_typ_1_2gram_psalm,Danklied Israels,6,2097,0.0028530670470756064,0.0031073320363044516,0.0013556355121168025,0.00675355689279824,0.46208869814020026,0.17831488188032713,0.795745170572295,0.6260825630040602,0.6146926536731634,1.0,2000,0.9789087076252553,1.0,0.9895372826407309,1.0,1.0,1.0
clause_typ_1_2gram_psalm,Danklied des Einzelnen,1596,26866,0.056074766355140186,0.06896803852606073,0.0520466075549626,0.1034347557963027,0.5703445574219924,0.5159716750250488,0.6325675041119732,1.5695777613951211e-21,0.005497251374312844,0.9665167416291854,2000,1.3777404794468287e-20,6.823920046464603e-20,0.034545227386306845,0.171101795430839,1.0,1.0
clause_typ_1_2gram_psalm,Fluch,15,3142,0.004751346214760849,0.0041556812997302975,0.0020240897037891396,0.009576879149579866,0.41599830256736686,0.18271844362491477,0.6470975043512697,0.8695559246001022,0.8385807096451774,1.0,2000,0.988782647201491,1.0,0.9860069965017492,1.0,1.0,1.0
clause_typ_1_2gram_psalm,Hymnus,11026,56707,0.16278623418422336,0.18137915573678295,0.14896434363627423,0.2187758101172919,0.5230862000717657,0.4851462149760669,0.5666287231202511,7.731166125075905e-15,0.08245877061469266,0.9995002498750625,2000,2.5448421828374855e-14,1.2604550599780542e-13,0.25054780302156615,1.0,1.0,1.0
clause_typ_1_2gram_psalm,Klagelied des Einzelnen,5565,44872,0.11033566627674128,0.1542763829934559,0.10226730583714778,0.22564253153984493,0.6040732232740444,0.560829439701983,0.6777975238369367,2.908242678477752e-142,0.0004997501249375312,0.8820589705147426,2000,7.65837238665808e-141,3.7931759741565993e-140,0.0008773391082236659,0.004345442423640355,1.0,1.0
clause_typ_1_2gram_psalm,Klagelied des Volkes,496,15918,0.030218106494455953,0.03009642055654374,0.015007126452046153,0.04649148216250771,0.4867735703950488,0.4008618106735971,0.5524630022023859,0.8425148351689515,0.6486756621689156,1.0,2000,0.9999906926869576,1.0,0.9272799497687054,1.0,1.0,1.0
clause_typ_1_2gram_psalm,Königspsalm,325,13088,0.024230224409155298,0.02579484738200783,0.013008899959334415,0.03928409938669302,0.4879259921008087,0.40803384179195495,0.559039884752899,0.7718068086658324,0.6146926536731634,1.0,2000,0.9997904174423975,1.0,0.8824094446283351,1.0,1.0,1.0
clause_typ_1_2gram_psalm,Legende,3,1579,0.0018963337547408343,0.11082621082621083,0.028174489547142408,0.16666666666666666,0.9843782985011611,0.9522879293528078,0.9947444228481901,0.0018535553718262612,0.0009995002498750624,0.0079960019990005,2000,0.005232462259904652,0.025916277151172167,0.0020779084142139455,0.010291837319148211,0.029610194902548723,0.14665868179786198
clause_typ_1_2gram_psalm,Liturgie,153,9176,0.01640047164755065,0.013198570722504717,0.006343665153994916,0.02137798766766624,0.4145540227134155,0.323908046713786,0.5008069006883954,0.9998587909791545,0.9835082458770614,1.0,2000,0.9999999998364674,1.0,1.0,1.0,1.0,1.0
clause_typ_1_2gram_psalm,Mischgedicht,45,5099,0.008748055987558321,0.008445128066167202,0.004242677676189268,0.016078651973438256,0.47352857858839426,0.362484453137112,0.6024278352425413,0.7298754915545425,0.6511744127936032,1.0,2000,0.7488332965299851,1.0,0.6680880339051254,1.0,1.0,1.0
clause_typ_1_2gram_psalm,Segensspruch,253,11656,0.021244436980434964,0.018676291630167603,0.010180348188698635,0.030216467116157397,0.46183953165988917,0.38821625082710987,0.5337149762110658,0.98124215808123,0.8510744627686156,1.0,2000,0.9999999994948561,1.0,0.9985007496251874,1.0,1.0,1.0
clause_typ_1_2gram_psalm,Segenswunsch,45,5196,0.008586147681740127,0.006096530295395522,0.00256071689141345,0.0121045808240158,0.3302390727910358,0.17862656347731032,0.4845784871406,0.999957101619048,0.9985007496251874,1.0,2000,0.9999999999519258,1.0,1.0,1.0,1.0,1.0
clause_typ_1_2gram_psalm,Siegeslied,10,2622,0.003799392097264438,0.006156980995740763,0.0015206210696926137,0.020418982613529226,0.6318459191456903,0.3085299015474566,0.9172242803043605,0.07477970008055879,0.0944527736131934,0.768615692153923,2000,0.6563995895960161,1.0,0.8488255872063969,1.0,1.0,1.0
clause_typ_1_2gram_psalm,Thronbesteigungslied,36,4685,0.007625503071383181,0.03214292124529811,0.0015186744549025195,0.11167914097267422,0.6205205739357287,0.33756981662784336,0.8195598269443856,0.00629605350230481,0.047976011994003,0.8205897051474262,2000,0.017650249358357364,0.08742131934016542,0.10941672021132291,0.5419387479768615,1.0,1.0
clause_typ_1_2gram_psalm,Tora,3,1578,0.0018975332068311196,1.0,1.0,1.0,1.0,1.0,1.0,0.0013682221816550039,0.0009995002498750624,0.0009995002498750624,2000,0.0027897801675024784,0.013817723362452928,0.0019740129935032482,0.009777245453190798,0.0026320173246709975,0.013036327270921067
clause_typ_1_2gram_psalm,Wallfahrtslied,0,528,0.0,nan,nan,nan,nan,nan,nan,nan,nan,0.0004997501249375312,2000,nan,nan,nan,nan,0.0004997501249375312,0.002475252013466025
clause_typ_1_2gram_psalm,Weisheitsgedicht,465,15452,0.029214047873342967,0.02672587849368542,0.018707133169128892,0.043561057732281167,0.4622776325714874,0.4117883518493947,0.5253519286313867,0.9972508622969118,0.8860569715142429,1.0,2000,0.999985157416146,1.0,0.9459256858057458,1.0,1.0,1.0
clause_typ_1_2gram_psalm,Zionslied,15,3140,0.004754358161648178,0.012245966567805217,0.003145206980705627,0.027059354250824376,0.7671868365180468,0.5496382196735077,0.8832550979830335,0.00017479355670646315,0.0034982508745627187,0.2698650674662669,2000,0.0005294910786220199,0.002622558340801376,0.011515075795435615,0.05703393181027966,0.7907018712865791,1.0
clause_typ_1_2gram_psalm,prophetische Gerichtsrede,1,1050,0.0009514747859181732,0.0021598272138228943,nan,nan,0.560952380952381,nan,nan,0.4171018671354054,0.41315261044176704,0.9815092453773113,2000,0.5705530296931787,1.0,0.5457783515012431,1.0,1.0,1.0
clause_typ_1_2gram_psalm,prophetische Redeweise,91,7217,0.012452107279693486,0.013909305421807048,0.0023177082934224373,0.04994364063053304,0.4218778311891794,0.32947348110196784,0.5119472567250012,0.9948458811605779,0.9475262368815592,1.0,2000,0.9999613427340172,1.0,0.9930034982508745,1.0,1.0,1.0
clause_typ_1_2gram_psalm,"prophetische Schelt-, Droh- und Mahnrede",21,3656,0.005711177590426979,0.026325186130037013,0.0015603151387793232,0.1090485464626266,0.5246300927373138,0.14891302059635325,0.6744279871108865,0.3483713691928906,0.3498250874562719,0.9995002498750625,2000,0.8287155809202843,1.0,0.7514409461935699,1.0,1.0,1.0
clause_typ_1_2gram_psalm,prophetische Tora,0,525,0.0,nan,nan,nan,nan,nan,nan,nan,nan,0.0004997501249375312,2000,nan,nan,nan,nan,0.0004997501249375312,0.002475252013466025
clause_typ_1_2gram_psalm,prophetisches Stück,28,4173,0.006665079742918353,0.011643789792780353,0.0031903916231318867,0.09823645631450938,0.5627931258772381,0.12771659345249564,0.7659715725142986,0.12569786365180524,0.1874062968515742,0.9800099950024987,2000,0.5109434815090951,1.0,0.5625937031484257,1.0,1.0,1.0
clause_typ_1gram,Danklied Israels,6,2097,0.0028530670470756064,0.005217542610677757,0.0018262826346478504,0.018386330502196912,0.625099348275314,0.3993823881666643,0.9606185619144175,0.1445937922206988,0.1519240379810095,0.7716141929035483,2000,0.7139318490897003,1.0,0.7501249375312344,1.0,1.0,1.0
clause_typ_1gram,Danklied des Einzelnen,1596,26866,0.056074766355140186,0.05746141336553723,0.044131202894197114,0.07519644068412612,0.5129491286654811,0.4764225927519762,0.5515793864437438,0.0402429247014374,0.24537731134432783,1.0,2000,0.05481363881747508,0.27149081726655766,0.3400843437930158,1.0,1.0,1.0
clause_typ_1gram,Fluch,15,3142,0.004751346214760849,0.004501915314189382,0.0019032025387010134,0.015150581637898878,0.420560152768937,0.23185742235665968,0.6661281381103237,0.8592299844563899,0.8340829585207397,1.0,2000,0.988782647201491,1.0,0.9860069965017492,1.0,1.0,1.0
clause_typ_1gram,Hymnus,11026,56707,0.16278623418422336,0.15116144623830313,0.1275435718539855,0.18320017960917104,0.4518430380694464,0.42928649398209184,0.4733197102281193,1.0,1.0,1.0,2000,1.0,1.0,1.0,1.0,1.0,1.0
clause_typ_1gram,Klagelied des Einzelnen,5565,44872,0.11033566627674128,0.15149124031877345,0.10643893874785126,0.18967474635377282,0.5916840406342201,0.5386316242442464,0.6498398356013666,3.201610041972943e-111,0.0004997501249375312,0.895552223888056,2000,2.1077266109655206e-110,1.043952622979428e-109,0.0008773391082236659,0.004345442423640355,1.0,1.0
clause_typ_1gram,Klagelied des Volkes,496,15918,0.030218106494455953,0.03578122351998535,0.021635714961902676,0.05256735901409199,0.5698134390363516,0.5161243497433325,0.6444179752470666,5.562269852670898e-08,0.0079960019990005,0.9580209895052474,2000,2.1970965918050048e-07,1.0882173893052003e-06,0.06316841579210394,0.31287185450210553,1.0,1.0
clause_typ_1gram,Königspsalm,325,13088,0.024230224409155298,0.02790878595329884,0.01627511217887333,0.04322110638988926,0.5206721365431635,0.44743596416528475,0.6124587176125279,0.10065687090892456,0.2478760619690155,1.0,2000,0.72289934561864,1.0,0.8824094446283351,1.0,1.0,1.0
clause_typ_1gram,Legende,3,1579,0.0018963337547408343,0.27485380116959063,0.1111111111111111,0.3646061209944251,0.9943001899936669,0.9865911659394092,0.9987589745275324,0.0015306212276577288,0.0004997501249375312,0.005997001499250375,2000,0.005232462259904652,0.025916277151172167,0.0011963715112140898,0.005925603304964121,0.029610194902548723,0.14665868179786198
clause_typ_1gram,Liturgie,153,9176,0.01640047164755065,0.030373129332921675,0.014919322519034793,0.07072174304032554,0.6578207714355722,0.5703135676102884,0.7461371877163451,9.951750230235788e-12,0.0004997501249375312,0.631184407796102,2000,3.9309413409431366e-11,1.9469871008441655e-10,0.003760024749529997,0.01862332467274438,1.0,1.0
clause_typ_1gram,Mischgedicht,45,5099,0.008748055987558321,0.022225835946068903,0.00919017976598832,0.04976591611393804,0.7466845350940271,0.6211867745723453,0.866151170555032,5.75888392596104e-09,0.0004997501249375312,0.3633183408295852,2000,1.819807320603689e-08,9.01346795062343e-08,0.0017165330378289116,0.008501952567991999,1.0,1.0
clause_typ_1gram,Segensspruch,253,11656,0.021244436980434964,0.034838326277221665,0.018629690861833755,0.06736447342901748,0.6146226408696195,0.5097177405098715,0.7302103119675792,1.6642682774542885e-10,0.0024987506246876563,0.8145927036481759,2000,3.28692984797222e-09,1.628009542835394e-08,0.10264867566216891,0.5084167635659215,1.0,1.0
clause_typ_1gram,Segenswunsch,45,5196,0.008586147681740127,0.00936225785502461,0.003501782785963098,0.03152930613111412,0.4339384997006244,0.26463726787536374,0.6545827558522855,0.9393128938832842,0.8920539730134932,1.0,2000,0.9999999999519258,1.0,1.0,1.0,1.0,1.0
clause_typ_1gram,Siegeslied,10,2622,0.003799392097264438,0.005127239371448366,0.0015079952166759574,0.016228569147424758,0.5344012204424103,0.25937180905848295,0.9140632047340066,0.35308045823289635,0.34132933533233384,0.9980009995002499,2000,0.9208285219226607,1.0,0.9063042008407561,1.0,1.0,1.0
clause_typ_1gram,Thronbesteigungslied,36,4685,0.007625503071383181,0.023859033349894435,0.003346588912355427,0.11324426932368727,0.6087809794853551,0.41543837216961277,0.8776303339098898,0.012072784255620462,0.04247876061969016,0.8375812093953023,2000,0.024455127081897857,0.12112573770061942,0.10825232545017814,0.5361715248523987,1.0,1.0
clause_typ_1gram,Tora,3,1578,0.0018975332068311196,0.0019002811122396804,0.0014844178243133188,0.0036167111347065093,0.37389100126742714,0.3354573233954213,0.44004374772709376,0.7759992934312714,0.782608695652174,1.0,2000,0.8514436691815339,1.0,0.864179021600311,1.0,1.0,1.0
clause_typ_1gram,Wallfahrtslied,0,528,0.0,nan,nan,nan,nan,nan,nan,nan,nan,0.0004997501249375312,2000,nan,nan,nan,nan,0.0004997501249375312,0.002475252013466025
clause_typ_1gram,Weisheitsgedicht,465,15452,0.029214047873342967,0.033523259677890584,0.021050666383650808,0.0545670783889869,0.5330430831238744,0.4407827017820403,0.6209185169951635,0.007329553668198444,0.12443778110944528,0.999000499750125,2000,0.14097867624598737,0.6982644622195437,0.8930058780133743,1.0,1.0,1.0
clause_typ_1gram,Zionslied,15,3140,0.004754358161648178,0.013241159923324888,0.006266399700569989,0.02916754668329109,0.8119851380042463,0.6570098554907455,0.8766387262758721,1.4900045347763298e-05,0.001999000499750125,0.2273863068465767,2000,6.242783531667107e-05,0.00030920377475289495,0.007178229067284539,0.03555361982978473,0.7907018712865791,1.0
clause_typ_1gram,prophetische Gerichtsrede,1,1050,0.0009514747859181732,0.011627906976744186,nan,nan,0.92,nan,nan,0.07326315629417128,0.07028112449799197,0.08345827086456771,2000,0.390983073497538,1.0,0.36427190242451285,1.0,0.5424244399539361,1.0
clause_typ_1gram,prophetische Redeweise,91,7217,0.012452107279693486,0.013285919235998868,0.005786456931750203,0.05494033572437214,0.4464641635211124,0.3530112534122593,0.5881550090261051,0.9618090703590656,0.9020489755122438,1.0,2000,0.9999613427340172,1.0,0.9930034982508745,1.0,1.0,1.0
clause_typ_1gram,"prophetische Schelt-, Droh- und Mahnrede",21,3656,0.005711177590426979,0.02070701596538277,0.002616260361677593,0.2516553955080991,0.4406064395123476,0.3172265857066231,0.7536765181604173,0.8268425190141269,0.7891054472763618,1.0,2000,0.9200078732692398,1.0,0.8780187371103181,1.0,1.0,1.0
clause_typ_1gram,prophetische Tora,0,525,0.0,nan,nan,nan,nan,nan,nan,nan,nan,0.0004997501249375312,2000,nan,nan,nan,nan,0.0004997501249375312,0.002475252013466025
clause_typ_1gram,prophetisches Stück,28,4173,0.006665079742918353,0.0072211828835196164,0.0028794457835856152,0.014407192801875133,0.5387781999931532,0.35965504581645247,0.7413786792006194,0.23902433379068067,0.24437781109445278,0.9970014992503748,2000,0.5378526444902835,1.0,0.5625937031484257,1.0,1.0,1.0
clause_typ_1gram_psalm,Danklied Israels,6,2097,0.0028530670470756064,0.0025181059589350946,0.0012340239876032274,0.0050872543321431474,0.3631378159275155,0.10468744118761447,0.6815132358794365,0.8769234403456596,0.8760619690154923,1.0,2000,0.9789087076252553,1.0,0.9895372826407309,1.0,1.0,1.0
clause_typ_1gram_psalm,Danklied des Einzelnen,1596,26866,0.056074766355140186,0.06925338321389495,0.052374703758651234,0.10273035573172379,0.5730480098295317,0.5219266147400572,0.6382337654567096,4.54983447171901e-23,0.001999000499750125,0.960519740129935,2000,5.134813189511455e-22,2.543262332890637e-21,0.034545227386306845,0.171101795430839,1.0,1.0
clause_typ_1gram_psalm,Fluch,15,3142,0.004751346214760849,0.0041799807130381015,0.001894958750102788,0.01255012513261226,0.42984298748143435,0.2379219307278096,0.8190920206199545,0.8261396941511481,0.784607696151924,1.0,2000,0.988782647201491,1.0,0.9860069965017492,1.0,1.0,1.0
clause_typ_1gram_psalm,Hymnus,11026,56707,0.16278623418422336,0.17465493560352036,0.143671766804026,0.2225958734910084,0.5033352065425742,0.46711368206518367,0.5408821127306364,0.1334913340940283,0.39480259870064965,1.0,2000,0.2704055229084163,1.0,0.7997283409577262,1.0,1.0,1.0
clause_typ_1gram_psalm,Klagelied des Einzelnen,5565,44872,0.11033566627674128,0.14927879607831196,0.10050824628593848,0.21724436674079087,0.5957410592846146,0.5551794747137151,0.6504624586488512,9.508006412256043e-121,0.0004997501249375312,0.88055972013993,2000,8.345916739646972e-120,4.133715267527597e-119,0.0008773391082236659,0.004345442423640355,1.0,1.0
clause_typ_1gram_psalm,Klagelied des Volkes,496,15918,0.030218106494455953,0.030042461249249718,0.01641707495359518,0.044465049766601296,0.5024019901389783,0.4340070362656684,0.5633387948673031,0.42760303535300076,0.46026986506746626,1.0,2000,0.8889642050759753,1.0,0.9272799497687054,1.0,1.0,1.0
clause_typ_1gram_psalm,Königspsalm,325,13088,0.024230224409155298,0.02592450383676279,0.014771209695724884,0.03869426967245067,0.5105435395899943,0.43887266701041233,0.5693520479705171,0.25772124061034396,0.3553223388305847,1.0,2000,0.9300732712125533,1.0,0.8824094446283351,1.0,1.0,1.0
clause_typ_1gram_psalm,Legende,3,1579,0.0018963337547408343,0.10966810966810966,0.028572196434663872,0.1699346405228758,0.9871226514671733,0.9528963074682218,0.9954106115259129,0.0017584531477934807,0.0004997501249375312,0.010494752623688156,2000,0.005232462259904652,0.025916277151172167,0.0011963715112140898,0.005925603304964121,0.02961019490254873,0.14665868179786198
clause_typ_1gram_psalm,Liturgie,153,9176,0.01640047164755065,0.015435536706542984,0.00753450488878507,0.02479226540458275,0.46097022069507837,0.3817098421117997,0.5687005684814589,0.9513945226200337,0.8405797101449275,1.0,2000,0.9999999998364674,1.0,1.0,1.0,1.0,1.0
clause_typ_1gram_psalm,Mischgedicht,45,5099,0.008748055987558321,0.00850693742074449,0.004092303970837763,0.016632243469179405,0.4848793881153167,0.3566362704000921,0.6321449218268538,0.6367738489256964,0.5792103948025987,1.0,2000,0.6707351208684001,1.0,0.6093466424682396,1.0,1.0,1.0
clause_typ_1gram_psalm,Segensspruch,253,11656,0.021244436980434964,0.02009460339752167,0.011263679996069443,0.03250866899781738,0.49262063881330687,0.4231796587497688,0.5735059704384026,0.6562509529793883,0.5762118940529735,1.0,2000,0.9999999994948561,1.0,0.9985007496251874,1.0,1.0,1.0
clause_typ_1gram_psalm,Segenswunsch,45,5196,0.008586147681740127,0.008892306302984501,0.003349575319255919,0.02153996572470309,0.4745081686767599,0.30306071077475927,0.6596026492914808,0.7223454804561008,0.6416791604197901,1.0,2000,0.9999999999519258,1.0,1.0,1.0,1.0,1.0
clause_typ_1gram_psalm,Siegeslied,10,2622,0.003799392097264438,0.0071997556367269025,0.0016029917442387024,0.017730674097793372,0.694279176201373,0.2866894843862483,0.8831488825007968,0.016852054106244314,0.0384807596201899,0.495752123938031,2000,0.31266189509747266,1.0,0.8093453273363318,1.0,1.0,1.0
clause_typ_1gram_psalm,Thronbesteigungslied,36,4685,0.007625503071383181,0.05927026985716476,0.002046105013452212,0.25233317340907546,0.6736629906320408,0.4466303796204749,0.822561528796637,0.0001619934018134594,0.0069965017491254375,0.5847076461769115,2000,0.000984421441789484,0.004875819002932985,0.06502631037422466,0.32207396786981457,1.0,1.0
clause_typ_1gram_psalm,Tora,3,1578,0.0018975332068311196,0.8333333333333333,0.8333333333333334,0.8333333333333334,0.9997887621461766,0.9996155267508994,0.9998541836420327,0.0013737103449824332,0.0004997501249375312,0.0004997501249375312,2000,0.0027897801675024784,0.013817723362452928,0.0019740129935032482,0.009777245453190798,0.0026320173246709975,0.013036327270921067
clause_typ_1gram_psalm,Wallfahrtslied,0,528,0.0,nan,nan,nan,nan,nan,nan,nan,nan,0.0004997501249375312,2000,nan,nan,nan,nan,0.0004997501249375312,0.002475252013466025
clause_typ_1gram_psalm,Weisheitsgedicht,465,15452,0.029214047873342967,0.02703700710232033,0.018440579346265248,0.043949767986998546,0.47210313450741664,0.4231169110643713,0.5338077767825974,0.9799712908590896,0.8200899550224887,1.0,2000,0.999985157416146,1.0,0.9371078349714033,1.0,1.0,1.0
clause_typ_1gram_psalm,Zionslied,15,3140,0.004754358161648178,0.012333562654385389,0.004159848602297737,0.03077752631543253,0.7665074309978769,0.5563500418724415,0.8829360774416964,0.0001809653053518296,0.005497251374312844,0.3028485757121439,2000,0.0005294910786220199,0.002622558340801376,0.014476095285690488,0.07169979999006587,0.7907018712865791,1.0
clause_typ_1gram_psalm,prophetische Gerichtsrede,1,1050,0.0009514747859181732,0.004830917874396135,nan,nan,0.8047619047619048,nan,nan,0.14613140499397997,0.1390562248995984,0.2193903048475762,2000,0.390983073497538,1.0,0.3788083367954577,1.0,0.5832890006609599,1.0
clause_typ_1gram_psalm,prophetische Redeweise,91,7217,0.012452107279693486,0.017714075571211463,0.002988528881460423,0.07332096946878792,0.41924820364615295,0.3359655782607063,0.5393418589958047,0.9959951966790551,0.9735132433783108,1.0,2000,0.9999613427340172,1.0,0.9930034982508745,1.0,1.0,1.0
clause_typ_1gram_psalm,"prophetische Schelt-, Droh- und Mahnrede",21,3656,0.005711177590426979,0.033408218496645124,0.002138126632985232,0.13205208040601693,0.5926461394185683,0.35232283949710314,0.8816159063509578,0.07129362489351405,0.10944527736131934,0.8905547226386806,2000,0.5202279188601776,1.0,0.7514409461935699,1.0,1.0,1.0
clause_typ_1gram_psalm,prophetische Tora,0,525,0.0,nan,nan,nan,nan,nan,nan,nan,nan,0.0004997501249375312,2000,nan,nan,nan,nan,0.0004997501249375312,0.002475252013466025
clause_typ_1gram_psalm,prophetisches Stück,28,4173,0.006665079742918353,0.01663284168309967,0.0030865360291555725,0.13408293280963993,0.5603411386121666,0.27395363634055403,0.8118978050977098,0.13519255281633835,0.1809095452273863,0.9780109945027486,2000,0.5109434815090951,1.0,0.5625937031484257,1.0,1.0,1.0
phrase_complexity_core,Danklied Israels,6,2097,0.0028530670470756064,0.0037345718817916886,0.0017670839576933892,0.011525260272111013,0.5476076935304404,0.3401742478675761,0.9297688354371755,0.3434903925556665,0.3023488255872064,0.9905047476261869,2000,0.8688138050964302,1.0,0.7961852407129768,1.0,1.0,1.0
phrase_complexity_core,Danklied des Einzelnen,1596,26866,0.056074766355140186,0.05467148792094943,0.04355627788827921,0.06949540352956539,0.4958959736496008,0.46790094262287263,0.529685835535296,0.7094564003912851,0.5412293853073463,1.0,2000,0.800672223298736,1.0,0.610816020561148,1.0,1.0,1.0
phrase_complexity_core,Fluch,15,3142,0.004751346214760849,0.0037680927356603723,0.0017167567692340708,0.014865232810770495,0.36862932314873753,0.2486989612494298,0.9073890388359366,0.9606427901292895,0.9780109945027486,1.0,2000,0.988782647201491,1.0,0.9860069965017492,1.0,1.0,1.0
phrase_complexity_core,Hymnus,11026,56707,0.16278623418422336,0.14896144677570827,0.12440754562867598,0.1754404540875014,0.45031108223923927,0.42267543484772435,0.4788525733861592,1.0,1.0,1.0,2000,1.0,1.0,1.0,1.0,1.0,1.0
phrase_complexity_core,Klagelied des Einzelnen,5565,44872,0.11033566627674128,0.13137480908025229,0.10074572012983071,0.20563326223412326,0.5693396366576179,0.5199663446034577,0.6052853820874281,2.210039857518396e-64,0.0004997501249375312,0.9610194902548725,2000,3.879847749865628e-64,1.9216805510547845e-63,0.0008773391082236659,0.004345442423640355,1.0,1.0
phrase_complexity_core,Klagelied des Volkes,496,15918,0.030218106494455953,0.03664758315323225,0.02110865099843364,0.053042395223850514,0.5854450885384369,0.501364045148755,0.6620417617085331,4.250563548389403e-11,0.005997001499250375,0.9255372313843079,2000,8.394863008069072e-10,4.157958252855234e-09,0.06316841579210394,0.31287185450210553,1.0,1.0
phrase_complexity_core,Königspsalm,325,13088,0.024230224409155298,0.025056556194034185,0.015011180673058707,0.03877203770300964,0.5239042223058116,0.467411592897569,0.6046548652285882,0.0701655117525825,0.2273863068465767,1.0,2000,0.6928844285567521,1.0,0.8824094446283351,1.0,1.0,1.0
phrase_complexity_core,Legende,3,1579,0.0018963337547408343,0.11404228927558713,0.002743652058861909,1.0,0.7606079797340088,0.5945114176563042,1.0,0.05925711903408422,0.07946026986506746,0.37231384307846077,2000,0.07092897581352506,0.35130974748121724,0.09369195999015417,0.46405433643502597,0.43899691945072244,1.0
phrase_complexity_core,Liturgie,153,9176,0.01640047164755065,0.01930432385623509,0.010883729126273903,0.03191955859029941,0.5813524625194454,0.49006711734548314,0.7077968316151845,0.00027317974788163604,0.037481259370314844,0.9390304847576212,2000,0.0006347411789014485,0.003143859906592323,0.08708880853690802,0.4313490641113588,1.0,1.0
phrase_complexity_core,Mischgedicht,45,5099,0.008748055987558321,0.015269189413006392,0.006382845393357185,0.04305253937604975,0.660105467302957,0.47413340587172925,0.8197105983668237,0.00010619877688346152,0.00849575212393803,0.6636681659170415,2000,0.00023970581067981315,0.0011872579133399514,0.019740129935032484,0.097772454531908,1.0,1.0
phrase_complexity_core,Segensspruch,253,11656,0.021244436980434964,0.0178113828643702,0.010288338583761467,0.02862914207292525,0.4309402475713538,0.3893786477983221,0.5064779939343234,0.9999165255585318,0.9900049975012494,1.0,2000,0.9999999994948561,1.0,0.9985007496251874,1.0,1.0,1.0
phrase_complexity_core,Segenswunsch,45,5196,0.008586147681740127,0.006669588309246287,0.0030533102356348463,0.012552752234188485,0.39658497989906766,0.3412218989983554,0.6880073151579373,0.991635955231089,0.9890054972513743,1.0,2000,0.9999999999519258,1.0,1.0,1.0,1.0,1.0
phrase_complexity_core,Siegeslied,10,2622,0.003799392097264438,0.006433050140885051,0.0021164021164021165,0.10434326974618863,0.4507627765064836,0.22332740868162748,0.9317334912058709,0.7048659607629534,0.6336831584207896,1.0,2000,0.9208285219226607,1.0,0.9063042008407561,1.0,1.0,1.0
phrase_complexity_core,Thronbesteigungslied,36,4685,0.007625503071383181,0.009130449434869656,0.002935319268998095,0.028795103328941297,0.4973022649116566,0.38063848563482927,0.6729285801359004,0.522294300429087,0.4657671164417791,1.0,2000,0.59798912657823,1.0,0.5491880925209037,1.0,1.0,1.0
phrase_complexity_core,Tora,3,1578,0.0018975332068311196,0.028225004969191014,0.013696347591041007,0.06032950091732846,0.8400929446556823,0.8134941034180211,0.8676916019178675,0.020807706243606925,0.03298350824587706,0.20589705147426288,2000,0.039138304601070165,0.19385121170215852,0.062040408367244955,0.3072848571002823,0.36967879696515377,1.0
phrase_complexity_core,Wallfahrtslied,0,528,0.0,nan,nan,nan,nan,nan,nan,nan,nan,0.0004997501249375312,2000,nan,nan,nan,nan,0.0004997501249375312,0.002475252013466025
phrase_complexity_core,Weisheitsgedicht,465,15452,0.029214047873342967,0.030666276185913884,0.019821744276096707,0.04684690092516884,0.5044200702000506,0.46358898397319487,0.563566400914176,0.3724760318887458,0.4062968515742129,1.0,2000,0.999985157416146,1.0,0.8930058780133743,1.0,1.0,1.0
phrase_complexity_core,Zionslied,15,3140,0.004754358161648178,0.009704464128889657,0.0021980258243553394,0.04041626074721538,0.7222823779193206,0.42014673979698797,0.9553368115043483,0.0014672333030638324,0.012993503248375811,0.4782608695652174,2000,0.002972087972872891,0.014720690144842613,0.025662168915542228,0.12710419089148037,0.9445652173913044,1.0
phrase_complexity_core,prophetische Gerichtsrede,1,1050,0.0009514747859181732,0.0013297872340425532,nan,nan,0.2857142857142857,nan,nan,0.7713352530594555,0.7816265060240963,1.0,2000,0.7913699349571037,1.0,0.7916473586654309,1.0,1.0,1.0
phrase_complexity_core,prophetische Redeweise,91,7217,0.012452107279693486,0.012845855559806676,0.004988383318602403,0.023342763348127994,0.5123076314014376,0.41455698227161675,0.6315402453258371,0.34306292830164775,0.3598200899550225,1.0,2000,0.9999613427340172,1.0,0.9930034982508745,1.0,1.0,1.0
phrase_complexity_core,"prophetische Schelt-, Droh- und Mahnrede",21,3656,0.005711177590426979,0.007885741436323982,0.0023344510198877897,0.031456773796844084,0.55323278107742,0.2621984557526597,0.8267972975950958,0.1997791931665393,0.21739130434782608,0.9825087456271864,2000,0.7655368811980237,1.0,0.7514409461935699,1.0,1.0,1.0
phrase_complexity_core,prophetische Tora,0,525,0.0,nan,nan,nan,nan,nan,nan,nan,nan,0.0004997501249375312,2000,nan,nan,nan,nan,0.0004997501249375312,0.002475252013466025
phrase_complexity_core,prophetisches Stück,28,4173,0.006665079742918353,0.006398633480926195,0.002751062928917119,0.018245001057219292,0.4722792783540447,0.38512439160882145,0.8183630995093574,0.6937299648691553,0.6231884057971014,1.0,2000,0.9714858056745862,1.0,0.8791407867494825,1.0,1.0,1.0
phrase_complexity_core_psalm,Danklied Israels,6,2097,0.0028530670470756064,0.002540594987124014,0.0013088968500539395,0.0049482436087435865,0.37994754411063425,0.15590650805283734,0.6743282028440127,0.8455059408178398,0.8655672163918041,1.0,2000,0.9789087076252553,1.0,0.9895372826407309,1.0,1.0,1.0
phrase_complexity_core_psalm,Danklied des Einzelnen,1596,26866,0.056074766355140186,0.06422886787255419,0.04716729660144851,0.08876125683464996,0.5542860934999599,0.5050750283619837,0.6088700345665126,1.4506774370040712e-13,0.011494252873563218,0.9830084957521239,2000,4.407827597050832e-13,2.1831878753356977e-12,0.03948025987006497,0.195544909063816,1.0,1.0
phrase_complexity_core_psalm,Fluch,15,3142,0.004751346214760849,0.004005314814947753,0.0020214841476903435,0.00817620817817651,0.42098451092722255,0.28935851402719026,0.6948334835994857,0.854874331055214,0.8365817091454273,1.0,2000,0.988782647201491,1.0,0.9860069965017492,1.0,1.0,1.0
phrase_complexity_core_psalm,Hymnus,11026,56707,0.16278623418422336,0.17319686423867592,0.14164027959059333,0.21934359980365653,0.5064371341125641,0.47779853072366935,0.5513719099963654,0.016079207512281996,0.30834582708645675,1.0,2000,0.035284927596396606,0.1747655152440452,0.6766477872175024,1.0,1.0,1.0
phrase_complexity_core_psalm,Klagelied des Einzelnen,5565,44872,0.11033566627674128,0.13764054721702845,0.0897546767206799,0.2197472821692465,0.5479805971406818,0.5036439338114469,0.6233371792194681,6.763262421532548e-32,0.005497251374312844,0.9895052473763118,2000,8.219965096939557e-32,4.0713316798797e-31,0.006580043311677495,0.032590818177302666,1.0,1.0
phrase_complexity_core_psalm,Klagelied des Volkes,496,15918,0.030218106494455953,0.03164427524509254,0.014844507135744641,0.04905849441408073,0.5314403024168217,0.4637271672087229,0.5966897796813084,0.008456620594305566,0.12043978010994502,0.999000499750125,2000,0.020877282092191866,0.10340474560332662,0.29733570714642676,1.0,1.0,1.0
phrase_complexity_core_psalm,Königspsalm,325,13088,0.024230224409155298,0.023784771150377734,0.011808068933151993,0.03651464739930957,0.4912384803460598,0.43778170745989614,0.5576769270553652,0.7055651751901101,0.5762118940529735,1.0,2000,0.9997904174423975,1.0,0.8824094446283351,1.0,1.0,1.0
phrase_complexity_core_psalm,Legende,3,1579,0.0018963337547408343,0.0024125226056744935,0.0009732392458885565,0.00404551005155789,0.4751952712687355,0.21391519382061056,0.8100302414775938,0.559333645081501,0.5052473763118441,1.0,2000,0.5665045892492125,1.0,0.5117249067773806,1.0,1.0,1.0
phrase_complexity_core_psalm,Liturgie,153,9176,0.01640047164755065,0.014897743949375347,0.006948470783036847,0.024619248229150185,0.46961204563196973,0.39748072266679424,0.5697190107139438,0.9017013192463152,0.7681159420289855,1.0,2000,0.9999999998364674,1.0,1.0,1.0,1.0,1.0
phrase_complexity_core_psalm,Mischgedicht,45,5099,0.008748055987558321,0.010014691836389826,0.0046567296834036445,0.02363800209903002,0.5241637793902943,0.410208651000508,0.7205321831103964,0.2880973607534892,0.29485257371314344,1.0,2000,0.43145644254599036,1.0,0.44794910237189095,1.0,1.0,1.0
phrase_complexity_core_psalm,Segensspruch,253,11656,0.021244436980434964,0.018887072802768988,0.009883023813639476,0.028861850999823555,0.46012706818113996,0.40507645239196644,0.5229935273453377,0.9851268837771228,0.8985507246376812,1.0,2000,0.9999999994948561,1.0,0.9985007496251874,1.0,1.0,1.0
phrase_complexity_core_psalm,Segenswunsch,45,5196,0.008586147681740127,0.009696285222546164,0.0032031821277699077,0.022522637558517137,0.5345180053032247,0.3095848289489066,0.7901752827945338,0.2122748636553401,0.24687656171914044,0.9985007496251874,2000,0.9999999999519258,1.0,1.0,1.0,1.0,1.0
phrase_complexity_core_psalm,Siegeslied,10,2622,0.003799392097264438,0.003984989606270074,0.0014290937473090618,0.007926514541028698,0.5006102212051868,0.1880173591250804,0.7097561097797455,0.4974219268925705,0.4447776111944028,1.0,2000,0.9208285219226607,1.0,0.9063042008407561,1.0,1.0,1.0
phrase_complexity_core_psalm,Thronbesteigungslied,36,4685,0.007625503071383181,0.020749113132230348,0.0011828898785463397,0.057294816405727186,0.4072097711371991,0.10789291448072512,0.5616470026261153,0.9726415094451731,0.9750124937531235,1.0,2000,0.9726415094451731,1.0,0.9750124937531235,1.0,1.0,1.0
phrase_complexity_core_psalm,Tora,3,1578,0.0018975332068311196,0.5,0.5,0.5,0.9990494296577946,0.9982698703790477,0.9993438263891475,0.0013894610373099538,0.0009995002498750624,0.0014992503748125937,2000,0.0027897801675024784,0.013817723362452928,0.0019740129935032482,0.009777245453190798,0.0031168626213209185,0.015437755978722316
phrase_complexity_core_psalm,Wallfahrtslied,0,528,0.0,nan,nan,nan,nan,nan,nan,nan,nan,0.0004997501249375312,2000,nan,nan,nan,nan,0.0004997501249375312,0.002475252013466025
phrase_complexity_core_psalm,Weisheitsgedicht,465,15452,0.029214047873342967,0.027328492398437605,0.01913366731847333,0.0432367422446319,0.4714026649297582,0.4253322284273892,0.5384301752824854,0.9823417272146109,0.8460769615192404,1.0,2000,0.999985157416146,1.0,0.9371078349714033,1.0,1.0,1.0
phrase_complexity_core_psalm,Zionslied,15,3140,0.004754358161648178,0.008548141866680601,0.00173396709168284,0.033650609493190146,0.6882908704883227,0.2930941018088632,0.941758956679897,0.005873340946227102,0.027486256871564217,0.5662168915542228,2000,0.011047474636950978,0.05471791296149434,0.05170034030603746,0.25607071425023525,1.0,1.0
phrase_complexity_core_psalm,prophetische Gerichtsrede,1,1050,0.0009514747859181732,0.001076426264800861,nan,nan,0.11714285714285715,nan,nan,0.9077107955029251,0.9497991967871486,1.0,2000,0.9077107955029251,1.0,0.9497991967871486,1.0,1.0,1.0
phrase_complexity_core_psalm,prophetische Redeweise,91,7217,0.012452107279693486,0.03417365924192119,0.002684682014784186,0.09219501825639466,0.47519973444872987,0.3018558056795637,0.5518662832872607,0.7922891128588382,0.664167916041979,1.0,2000,0.9999613427340172,1.0,0.9930034982508745,1.0,1.0,1.0
phrase_complexity_core_psalm,"prophetische Schelt-, Droh- und Mahnrede",21,3656,0.005711177590426979,0.012134109968024002,0.002052898114291646,0.18187439903486827,0.48232520579347715,0.2078449291710333,0.7312418137696771,0.6102013489657313,0.5322338830584707,1.0,2000,0.8287155809202843,1.0,0.7514409461935699,1.0,1.0,1.0
phrase_complexity_core_psalm,prophetische Tora,0,525,0.0,nan,nan,nan,nan,nan,nan,nan,nan,0.0004997501249375312,2000,nan,nan,nan,nan,0.0004997501249375312,0.002475252013466025
phrase_complexity_core_psalm,prophetisches Stück,28,4173,0.006665079742918353,0.0165254689403923,0.003463132930871171,0.1588778794812008,0.6964970387867584,0.4625610962566004,0.8688426260847367,0.00016575409795654736,0.006496751624187906,0.5422288855572214,2000,0.013094573738567242,0.06485715239374767,0.5132433783108445,1.0,1.0,1.0
phrase_det_1_2_3gram,Danklied Israels,6,2097,0.0028530670470756064,0.005198568007044035,0.0018892904397397807,0.010857516819482958,0.6417103799078048,0.329118613989108,0.8617051636970017,0.1150475391491495,0.1329335332333833,0.7276361819090454,2000,0.7055107657242036,1.0,0.7501249375312344,1.0,1.0,1.0
phrase_det_1_2_3gram,Danklied des Einzelnen,1596,26866,0.056074766355140186,0.06028510254400758,0.04667615669579035,0.08132054968442538,0.519825407055941,0.47029933567753945,0.5814639356979967,0.0038428963586522964,0.19940029985007496,1.0,2000,0.00583824639102945,0.028916713400147308,0.29721931487086645,1.0,1.0,1.0
phrase_det_1_2_3gram,Fluch,15,3142,0.004751346214760849,0.004839470004187539,0.0019014912819453607,0.012595656287863207,0.4685444515170804,0.15694683702135723,0.7546581969690932,0.6631560552871328,0.6211894052973513,1.0,2000,0.988782647201491,1.0,0.9860069965017492,1.0,1.0,1.0
phrase_det_1_2_3gram,Hymnus,11026,56707,0.16278623418422336,0.13993816312413415,0.1161724165641971,0.16281351954542916,0.44377702790907225,0.4086365939617128,0.47706400939044113,1.0,1.0,1.0,2000,1.0,1.0,1.0,1.0,1.0,1.0
phrase_det_1_2_3gram,Klagelied des Einzelnen,5565,44872,0.11033566627674128,0.1543491899869675,0.11209550445305909,0.20753078588287877,0.5898911781332049,0.5403935809571975,0.6451584053583262,1.0352256179659967e-106,0.0004997501249375312,0.9250374812593704,2000,5.841630272808125e-106,2.8933473696479482e-105,0.0008773391082236659,0.004345442423640355,1.0,1.0
phrase_det_1_2_3gram,Klagelied des Volkes,496,15918,0.030218106494455953,0.03428130597687608,0.02165064215995316,0.05157565787372386,0.5510515839240624,0.4876465414702477,0.6472193329078108,5.255096416542074e-05,0.05647176411794103,0.9930034982508745,2000,0.00015967408342570146,0.0007908624265921171,0.17845077461269368,0.8838629889684483,1.0,1.0
phrase_det_1_2_3gram,Königspsalm,325,13088,0.024230224409155298,0.024394791819807048,0.014582452723746694,0.03838197318350073,0.49247437464735755,0.42194840576232917,0.5959362872357838,0.6787608016467971,0.5712143928035982,1.0,2000,0.9997904174423975,1.0,0.8824094446283351,1.0,1.0,1.0
phrase_det_1_2_3gram,Legende,3,1579,0.0018963337547408343,0.02988607000234907,0.007454455135672401,0.11697987219492009,0.906480895081275,0.8365160437666013,0.9924273989712263,0.007442398302455776,0.0024987506246876563,0.05747126436781609,2000,0.011758989317880126,0.05824203043280193,0.004814665837812801,0.02384694012973366,0.09870064967516243,0.48886227265954
phrase_det_1_2_3gram,Liturgie,153,9176,0.01640047164755065,0.029844460945867086,0.016719292710177528,0.059576977077719834,0.6614876261460702,0.5891687617160268,0.7811157599816032,3.3914739524528326e-12,0.0009995002498750624,0.6516741629185407,2000,1.4884802346876323e-11,7.3724117595278e-11,0.003760024749529997,0.01862332467274438,1.0,1.0
phrase_det_1_2_3gram,Mischgedicht,45,5099,0.008748055987558321,0.027247208490063214,0.013198294167499118,0.062383357842658645,0.8227517378135146,0.747209113325882,0.8899701061567542,4.1203316417493224e-14,0.0004997501249375312,0.17491254372813594,2000,3.255061996981965e-13,1.6122254622734683e-12,0.0017165330378289116,0.008501952567991999,1.0,1.0
phrase_det_1_2_3gram,Segensspruch,253,11656,0.021244436980434964,0.015992078905706492,0.010072555699313491,0.02460738502903881,0.38794978446697287,0.32507167001646975,0.47102363562793115,0.9999999994948561,0.9985007496251874,1.0,2000,0.9999999994948561,1.0,0.9985007496251874,1.0,1.0,1.0
phrase_det_1_2_3gram,Segenswunsch,45,5196,0.008586147681740127,0.006934817907594788,0.003114746492055555,0.013666831976971536,0.41723975707809424,0.31520351607319863,0.6488800366954393,0.9722388858826082,0.9105447276361819,1.0,2000,0.9999999999519258,1.0,1.0,1.0,1.0,1.0
phrase_det_1_2_3gram,Siegeslied,10,2622,0.003799392097264438,0.004516243779382773,0.0018545650389156882,0.012560553243865782,0.4948893974065599,0.20584477298164222,0.7944571576340195,0.5223590667564368,0.4732633683158421,1.0,2000,0.9208285219226607,1.0,0.9063042008407561,1.0,1.0,1.0
phrase_det_1_2_3gram,Thronbesteigungslied,36,4685,0.007625503071383181,0.010337059147760296,0.0037738643957610707,0.022448824040630005,0.6129313411597296,0.4978545086625653,0.8637700962974914,0.009694704060166827,0.06896551724137931,0.8455772113943029,2000,0.02069950326359944,0.10252421074907313,0.1328847771236333,0.6581755475806489,1.0,1.0
phrase_det_1_2_3gram,Tora,3,1578,0.0018975332068311196,0.014479595642203654,0.0076637197681459195,0.030044654693074956,0.38360794254330377,0.36573355985371525,0.4099996461387167,0.7574432792222854,0.7511244377811095,1.0,2000,0.8514436691815339,1.0,0.8476975797815378,1.0,1.0,1.0
phrase_det_1_2_3gram,Wallfahrtslied,0,528,0.0,nan,nan,nan,nan,nan,nan,nan,nan,0.0004997501249375312,2000,nan,nan,nan,nan,0.0004997501249375312,0.002475252013466025
phrase_det_1_2_3gram,Weisheitsgedicht,465,15452,0.029214047873342967,0.034646061238683856,0.02086479126444462,0.062120608433154326,0.516405643282423,0.43066015946425495,0.600584859031205,0.11363615144925998,0.2938530734632684,1.0,2000,0.5610784977807212,1.0,0.8930058780133743,1.0,1.0,1.0
phrase_det_1_2_3gram,Zionslied,15,3140,0.004754358161648178,0.01778252738283378,0.00602634317376703,0.3353594541389054,0.7951273885350318,0.6355527587794664,0.9378810611183998,3.918055982099674e-05,0.0014992503748125937,0.22138930534732634,2000,0.00014069382844812464,0.0006968536169790767,0.005922038980509746,0.029331736359572397,0.7907018712865791,1.0
phrase_det_1_2_3gram,prophetische Gerichtsrede,1,1050,0.0009514747859181732,0.0030303030303030303,nan,nan,0.6876190476190476,nan,nan,0.25860063534668476,0.2469879518072289,0.545727136431784,2000,0.5182474132699125,1.0,0.5092529207740051,1.0,1.0,1.0
phrase_det_1_2_3gram,prophetische Redeweise,91,7217,0.012452107279693486,0.010462945513328301,0.0051311977590932645,0.0197558834847013,0.44181473230939766,0.36030061698088256,0.558729658229033,0.9719747248678677,0.8865567216391804,1.0,2000,0.9999613427340172,1.0,0.9930034982508745,1.0,1.0,1.0
phrase_det_1_2_3gram,"prophetische Schelt-, Droh- und Mahnrede",21,3656,0.005711177590426979,0.009350643609052016,0.0023105558031968837,0.21831041608870033,0.4773757424195061,0.35133565328705785,0.9718960973258289,0.6398943093181941,0.5847076461769115,1.0,2000,0.8287155809202843,1.0,0.7572443286553445,1.0,1.0,1.0
phrase_det_1_2_3gram,prophetische Tora,0,525,0.0,nan,nan,nan,nan,nan,nan,nan,nan,0.0004997501249375312,2000,nan,nan,nan,nan,0.0004997501249375312,0.002475252013466025
phrase_det_1_2_3gram,prophetisches Stück,28,4173,0.006665079742918353,0.006880786722965151,0.0027688793794891447,0.0172374522251372,0.5001497723460341,0.36009717303976463,0.8259602302248626,0.49893972657281827,0.47226386806596704,1.0,2000,0.8044130285561764,1.0,0.7614050117798244,1.0,1.0,1.0
phrase_det_1_2_3gram_psalm,Danklied Israels,6,2097,0.0028530670470756064,0.0027105542848350006,0.0012633298796838578,0.00621231235996514,0.3958830074709903,0.07292816745617978,0.7332849397405221,0.8112046630653612,0.8100949525237381,1.0,2000,0.9789087076252553,1.0,0.9895372826407309,1.0,1.0,1.0
phrase_det_1_2_3gram_psalm,Danklied des Einzelnen,1596,26866,0.056074766355140186,0.07145449475952109,0.04880394847656392,0.10839419841470295,0.5814513835209627,0.5301035980550194,0.6389182754435458,3.2738908073394897e-28,0.0024987506246876563,0.9325337331334332,2000,2.586373737798197e-26,1.2810255530923334e-25,0.034545227386306845,0.171101795430839,1.0,1.0
phrase_det_1_2_3gram_psalm,Fluch,15,3142,0.004751346214760849,0.004657116033215238,0.0021590339024153797,0.011164976619403473,0.5001379164014428,0.37498526884828914,0.700841207761678,0.49932032576835855,0.43928035982008995,1.0,2000,0.988782647201491,1.0,0.9860069965017492,1.0,1.0,1.0
phrase_det_1_2_3gram_psalm,Hymnus,11026,56707,0.16278623418422336,0.18038821745321948,0.14870860271616862,0.22077250647747926,0.5134050307464975,0.47915782403465174,0.5640237906451356,4.069026161379174e-06,0.18590704647676162,1.0,2000,1.0369453766095315e-05,5.1359689637453644e-05,0.4737631184407796,1.0,1.0,1.0
phrase_det_1_2_3gram_psalm,Klagelied des Einzelnen,5565,44872,0.11033566627674128,0.14551084225181288,0.0900187672278048,0.22066528533946841,0.5655713878846681,0.5157325936742654,0.6477411992188494,8.449452554664766e-58,0.0009995002498750624,0.9675162418790605,2000,1.390639066288576e-57,6.887806479819457e-57,0.001518471533464037,0.007520958040915999,1.0,1.0
phrase_det_1_2_3gram_psalm,Klagelied des Volkes,496,15918,0.030218106494455953,0.027419748960952367,0.013262391815802887,0.04148209042174596,0.47646361240470314,0.4225370581781629,0.5251274146412448,0.963121582189154,0.7706146926536732,1.0,2000,0.9999906926869576,1.0,0.9272799497687054,1.0,1.0,1.0
phrase_det_1_2_3gram_psalm,Königspsalm,325,13088,0.024230224409155298,0.022537341788685248,0.01067394188921418,0.033652024459947756,0.4839095119428249,0.409862737864842,0.5393958645123149,0.8395409182770768,0.6806596701649176,1.0,2000,0.9997904174423975,1.0,0.8824094446283351,1.0,1.0,1.0
phrase_det_1_2_3gram_psalm,Legende,3,1579,0.0018963337547408343,0.005389527922304279,0.0023041548764685484,0.006835003106449219,0.7667299978889592,0.5462932617575482,0.8398386559387022,0.05504632175124137,0.0704647676161919,0.32233883058470764,2000,0.06690245258997027,0.3313664613887576,0.08564179448737169,0.42418203350766237,0.39176565563372157,1.0
phrase_det_1_2_3gram_psalm,Liturgie,153,9176,0.01640047164755065,0.013460307324347371,0.0062182583622578886,0.02184418378567571,0.41297986791345426,0.35382731033112386,0.4996050622123692,0.9998912646169065,0.993503248375812,1.0,2000,0.9999999998364674,1.0,1.0,1.0,1.0,1.0
phrase_det_1_2_3gram_psalm,Mischgedicht,45,5099,0.008748055987558321,0.009688012516715949,0.004645823231259693,0.020483928947712438,0.5434987252402432,0.43659160983294826,0.6880378027184076,0.15714943044584329,0.19990004997501248,0.9950024987506247,2000,0.2698870653309048,1.0,0.3598087319976376,1.0,1.0,1.0
phrase_det_1_2_3gram_psalm,Segensspruch,253,11656,0.021244436980434964,0.019632254642296343,0.010380772513801616,0.02950079229007124,0.47860081899837503,0.4159285315826992,0.5469165471675301,0.8782862008627825,0.7131434282858571,1.0,2000,0.9999999994948561,1.0,0.9985007496251874,1.0,1.0,1.0
phrase_det_1_2_3gram_psalm,Segenswunsch,45,5196,0.008586147681740127,0.006444825897001339,0.002642181704458259,0.012732943291268109,0.37307330425113333,0.2674109572539417,0.5642287914391673,0.9983408319855293,0.9960019990004998,1.0,2000,0.9999999999519258,1.0,1.0,1.0,1.0,1.0
phrase_det_1_2_3gram_psalm,Siegeslied,10,2622,0.003799392097264438,0.003953205119499394,0.0017678763082112968,0.009100345310635707,0.49420289855072463,0.3374516939713865,0.7821348033762291,0.525347866433211,0.4702648675662169,1.0,2000,0.9208285219226607,1.0,0.9063042008407561,1.0,1.0,1.0
phrase_det_1_2_3gram_psalm,Thronbesteigungslied,36,4685,0.007625503071383181,0.017975052186588653,0.0012578626310686578,0.0401435938747298,0.5203604885568599,0.23257506227347072,0.7837434945218176,0.3367078463220051,0.3403298350824588,1.0,2000,0.40922953629905234,1.0,0.42009464017991005,1.0,1.0,1.0
phrase_det_1_2_3gram_psalm,Tora,3,1578,0.0018975332068311196,1.0,1.0,1.0,1.0,1.0,1.0,0.0013683161553936984,0.0009995002498750624,0.0009995002498750624,2000,0.0027897801675024784,0.013817723362452928,0.0019740129935032482,0.009777245453190798,0.0026320173246709975,0.013036327270921067
phrase_det_1_2_3gram_psalm,Wallfahrtslied,0,528,0.0,nan,nan,nan,nan,nan,nan,nan,nan,0.0004997501249375312,2000,nan,nan,nan,nan,0.0004997501249375312,0.002475252013466025
phrase_det_1_2_3gram_psalm,Weisheitsgedicht,465,15452,0.029214047873342967,0.02991155923373539,0.019492964261526684,0.04933438920107507,0.509783888503837,0.4360815182511351,0.5899391114574314,0.23574139298108338,0.3468265867066467,1.0,2000,0.999985157416146,1.0,0.8930058780133743,1.0,1.0,1.0
phrase_det_1_2_3gram_psalm,Zionslied,15,3140,0.004754358161648178,0.005468902636844532,0.0016460671731108995,0.017774744700845335,0.5342569002123142,0.32473783367104425,0.9092101696956819,0.3233685421046194,0.30684657671164417,0.9985007496251874,2000,0.387062345852499,1.0,0.3672860539427256,1.0,1.0,1.0
phrase_det_1_2_3gram_psalm,prophetische Gerichtsrede,1,1050,0.0009514747859181732,0.0017301038062283738,nan,nan,0.4514285714285714,nan,nan,0.567399403471705,0.5441767068273092,1.0,2000,0.6791598920343136,1.0,0.651363027869052,1.0,1.0,1.0
phrase_det_1_2_3gram_psalm,prophetische Redeweise,91,7217,0.012452107279693486,0.012274763505595067,0.002932493978377176,0.03750862418573258,0.471579618940018,0.3760859535022458,0.543891237398335,0.824657442614717,0.6936531734132934,1.0,2000,0.9999613427340172,1.0,0.9930034982508745,1.0,1.0,1.0
phrase_det_1_2_3gram_psalm,"prophetische Schelt-, Droh- und Mahnrede",21,3656,0.005711177590426979,0.01165307884713582,0.00187433630581462,0.1018749119913405,0.4822991559862457,0.13075442571256152,0.6974991404789779,0.6103591925590992,0.5482258870564718,1.0,2000,0.8287155809202843,1.0,0.7514409461935699,1.0,1.0,1.0
phrase_det_1_2_3gram_psalm,prophetische Tora,0,525,0.0,nan,nan,nan,nan,nan,nan,nan,nan,0.0004997501249375312,2000,nan,nan,nan,nan,0.0004997501249375312,0.002475252013466025
phrase_det_1_2_3gram_psalm,prophetisches Stück,28,4173,0.006665079742918353,0.012546140645983804,0.002800834592262774,0.11438838001955862,0.546861627469104,0.3703424458639774,0.822930532788769,0.19601426879650624,0.23388305847076463,0.992503748125937,2000,0.5314026917097007,1.0,0.5625937031484257,1.0,1.0,1.0
phrase_det_1_2gram,Danklied Israels,6,2097,0.0028530670470756064,0.005343467482909896,0.0019054944583667876,0.017458552666533678,0.6201716738197425,0.30799017499816356,0.9327291541404148,0.15442067117051778,0.16391804097951024,0.8245877061469266,2000,0.7176019424982886,1.0,0.7617367786694889,1.0,1.0,1.0
phrase_det_1_2gram,Danklied des Einzelnen,1596,26866,0.056074766355140186,0.06103208742941921,0.04790880126284575,0.08276473703196159,0.5237633697509612,0.47315653039662137,0.5800601688685527,0.0006990617891777408,0.14592703648175911,1.0,2000,0.001314901936786703,0.0065126820467498675,0.2811764849282676,1.0,1.0,1.0
phrase_det_1_2gram,Fluch,15,3142,0.004751346214760849,0.004205048820419588,0.0016693760456254116,0.010944752078611406,0.4044239338001273,0.21193208868250182,0.7146328432051191,0.8995826398679871,0.8725637181409296,1.0,2000,0.988782647201491,1.0,0.9860069965017492,1.0,1.0,1.0
phrase_det_1_2gram,Hymnus,11026,56707,0.16278623418422336,0.143835014641004,0.11914626313017986,0.1665677413971212,0.45470523086344816,0.42273373709798595,0.4848863558246678,1.0,0.9985007496251874,1.0,2000,1.0,1.0,1.0,1.0,1.0,1.0
phrase_det_1_2gram,Klagelied des Einzelnen,5565,44872,0.11033566627674128,0.14988493532964603,0.1138780829823403,0.22894255095588387,0.5926385996898516,0.5470013962116794,0.6347680510601552,3.4073293661911156e-113,0.0004997501249375312,0.9140429785107447,2000,2.691790199290981e-112,1.3332381080356852e-111,0.0008773391082236659,0.004345442423640355,1.0,1.0
phrase_det_1_2gram,Klagelied des Volkes,496,15918,0.030218106494455953,0.03292584888049282,0.020753470517590016,0.04837066799480617,0.5367617406141961,0.4778830200632503,0.636093585089631,0.002612141104744872,0.11144427786106946,0.9975012493753124,2000,0.00687863824249483,0.0340697526824391,0.29733570714642676,1.0,1.0,1.0
phrase_det_1_2gram,Königspsalm,325,13088,0.024230224409155298,0.02677695050096794,0.015611568223376818,0.04410884582260293,0.516685043257476,0.4502253539494405,0.62391114735822,0.15168489246767047,0.31134432783608196,1.0,2000,0.8377132969468154,1.0,0.8824094446283351,1.0,1.0,1.0
phrase_det_1_2gram,Legende,3,1579,0.0018963337547408343,0.028150276713495105,0.007338328857044718,0.059274586950870636,0.934768841038632,0.8391214147235573,0.9859924581919194,0.004597963675494221,0.0014992503748125937,0.049475262368815595,2000,0.008648550722953416,0.04283609252369754,0.003036943066928074,0.015041916081831997,0.09181455783736038,0.45475560247399066
phrase_det_1_2gram,Liturgie,153,9176,0.01640047164755065,0.02980725653513612,0.015201498506634787,0.07423775351260234,0.6171171171171171,0.5417393816589832,0.7544966048791928,3.2339081882166223e-07,0.005997001499250375,0.8365817091454273,2000,9.124240959611185e-07,4.519217640906015e-06,0.01692011137288499,0.0838049610273497,1.0,1.0
phrase_det_1_2gram,Mischgedicht,45,5099,0.008748055987558321,0.025509707970748068,0.009893136012801082,0.06572342726893866,0.7985073325924473,0.7305447109415814,0.8794138642587752,2.5003909329676356e-12,0.0004997501249375312,0.2448775612193903,2000,1.161946374732019e-11,5.755096317293552e-11,0.0017165330378289116,0.008501952567991999,1.0,1.0
phrase_det_1_2gram,Segensspruch,253,11656,0.021244436980434964,0.017569161022409106,0.010194568690818959,0.029483409624385042,0.403532015267714,0.3438184765853883,0.49397830486690086,0.9999999273435067,0.9985007496251874,1.0,2000,0.9999999994948561,1.0,0.9985007496251874,1.0,1.0,1.0
phrase_det_1_2gram,Segenswunsch,45,5196,0.008586147681740127,0.006957278944676355,0.003028901038615562,0.013777573375302134,0.41794115131297577,0.32559670001650337,0.6773971716274827,0.9711874894075025,0.9220389805097451,1.0,2000,0.9999999999519258,1.0,1.0,1.0,1.0,1.0
phrase_det_1_2gram,Siegeslied,10,2622,0.003799392097264438,0.004460150965555159,0.0016724231247368195,0.014258236659397622,0.4845919145690313,0.24502726560961324,0.8762293154620117,0.5669611322117954,0.5147426286856571,1.0,2000,0.9208285219226607,1.0,0.9063042008407561,1.0,1.0,1.0
phrase_det_1_2gram,Thronbesteigungslied,36,4685,0.007625503071383181,0.01158789971123238,0.003860812643714421,0.03365541057402702,0.6237697142179532,0.5246092992736329,0.9332490210061697,0.005198393023291668,0.047476261869065464,0.8115942028985508,2000,0.015210112920001548,0.07533537412318914,0.10941672021132291,0.5419387479768615,1.0,1.0
phrase_det_1_2gram,Tora,3,1578,0.0018975332068311196,0.015039336019462488,0.007628787533221978,0.02704743876169406,0.38508660752006757,0.36845344514101236,0.41341695535531325,0.7546642461573045,0.7391304347826086,1.0,2000,0.8514436691815339,1.0,0.8462507876496533,1.0,1.0,1.0
phrase_det_1_2gram,Wallfahrtslied,0,528,0.0,nan,nan,nan,nan,nan,nan,nan,nan,0.0004997501249375312,2000,nan,nan,nan,nan,0.0004997501249375312,0.002475252013466025
phrase_det_1_2gram,Weisheitsgedicht,465,15452,0.029214047873342967,0.03565531552504992,0.021736054014004805,0.06361326772170553,0.5293692016066404,0.4450181103957153,0.6157483491272677,0.0153281627414372,0.16491754122938532,0.999000499750125,2000,0.14097867624598737,0.6982644622195437,0.8930058780133743,1.0,1.0,1.0
phrase_det_1_2gram,Zionslied,15,3140,0.004754358161648178,0.011146541175022302,0.004149641667490198,0.09317661681634763,0.753895966029724,0.5990685177833965,0.9116086341817475,0.00033991821172883497,0.0069965017491254375,0.3503248375812094,2000,0.0007898099625464107,0.0039119123787971066,0.015792103948025986,0.0782179636255264,0.7907018712865791,1.0
phrase_det_1_2gram,prophetische Gerichtsrede,1,1050,0.0009514747859181732,0.0023923444976076554,nan,nan,0.6038095238095238,nan,nan,0.36031502378981184,0.35993975903614456,0.8810594702648675,2000,0.5705530296931787,1.0,0.5457783515012431,1.0,1.0,1.0
phrase_det_1_2gram,prophetische Redeweise,91,7217,0.012452107279693486,0.011346896417487144,0.005186759648878436,0.021382186204869445,0.46304284602746565,0.3531936601004394,0.6070114952105831,0.887545792336264,0.767616191904048,1.0,2000,0.9999613427340172,1.0,0.9930034982508745,1.0,1.0,1.0
phrase_det_1_2gram,"prophetische Schelt-, Droh- und Mahnrede",21,3656,0.005711177590426979,0.009000519601334706,0.0024304531045535255,0.22229093174609313,0.47860008335938314,0.35251961357770806,0.9988649757194389,0.6326193117770322,0.5707146426786607,1.0,2000,0.8287155809202843,1.0,0.7514409461935699,1.0,1.0,1.0
phrase_det_1_2gram,prophetische Tora,0,525,0.0,nan,nan,nan,nan,nan,nan,nan,nan,0.0004997501249375312,2000,nan,nan,nan,nan,0.0004997501249375312,0.002475252013466025
phrase_det_1_2gram,prophetisches Stück,28,4173,0.006665079742918353,0.006291487177102392,0.0026338883272393246,0.016305429287222395,0.4607296908698778,0.3449848901128924,0.8722361447756238,0.7634445362175901,0.6856571714142928,1.0,2000,0.9714858056745862,1.0,0.9205480593036816,1.0,1.0,1.0
phrase_det_1_2gram_psalm,Danklied Israels,6,2097,0.0028530670470756064,0.002694642661371552,0.0013082962044140701,0.005434901792248073,0.394690828167223,0.0999558182669227,0.6826962319715685,0.8139237096715228,0.8160919540229885,1.0,2000,0.9789087076252553,1.0,0.9895372826407309,1.0,1.0,1.0
phrase_det_1_2gram_psalm,Danklied des Einzelnen,1596,26866,0.056074766355140186,0.06960917378968269,0.050714037519677936,0.1039726135846486,0.5802169665211193,0.5274490896304703,0.6412520578788338,2.0181825983229546e-27,0.0014992503748125937,0.9330334832583708,2000,7.405248623521902e-26,3.6678042987743784e-25,0.034545227386306845,0.171101795430839,1.0,1.0
phrase_det_1_2gram_psalm,Fluch,15,3142,0.004751346214760849,0.005444785353917843,0.0017412934520334106,0.04665159940020448,0.517907914279652,0.36237911537678125,0.7368666530168969,0.40535461445872084,0.36531734132933535,1.0,2000,0.988782647201491,1.0,0.9860069965017492,1.0,1.0,1.0
phrase_det_1_2gram_psalm,Hymnus,11026,56707,0.16278623418422336,0.17768759147048724,0.14640419187970616,0.22299423496881654,0.5095513343463509,0.474286916403441,0.5574897687979649,0.0007391314394558385,0.24387806096951525,1.0,2000,0.001769435870212462,0.008763979200585251,0.5838292974724759,1.0,1.0,1.0
phrase_det_1_2gram_psalm,Klagelied des Einzelnen,5565,44872,0.11033566627674128,0.14114953797866656,0.08780482158548429,0.2207411520104599,0.5599531069067057,0.5109862445124437,0.6441927054448491,1.1575923933399911e-48,0.0009995002498750624,0.974512743628186,2000,1.6330321263189162e-48,8.088374283509929e-48,0.001518471533464037,0.007520958040915999,1.0,1.0
phrase_det_1_2gram_psalm,Klagelied des Volkes,496,15918,0.030218106494455953,0.028205339352310583,0.015206430356644617,0.041483178696074985,0.47551381019255945,0.43407721211169503,0.5231964359576387,0.9685768765281033,0.7866066966516742,1.0,2000,0.9999906926869576,1.0,0.9272799497687054,1.0,1.0,1.0
phrase_det_1_2gram_psalm,Königspsalm,325,13088,0.024230224409155298,0.02320531941184128,0.012115387812848969,0.03484635088134528,0.4896959046454768,0.42742702385732195,0.5461388040792062,0.7374914313381108,0.6181909045477262,1.0,2000,0.9997904174423975,1.0,0.8824094446283351,1.0,1.0,1.0
phrase_det_1_2gram_psalm,Legende,3,1579,0.0018963337547408343,0.005047942344986734,0.001597584718271099,0.0076135872575124434,0.7449862782351699,0.47179421977527625,0.8572506187680856,0.0711214730695252,0.09045477261369315,0.3888055972013993,2000,0.08142893293467378,0.4033158175320833,0.103564159949011,0.5129511382688506,0.45170062027809627,1.0
phrase_det_1_2gram_psalm,Liturgie,153,9176,0.01640047164755065,0.014250190810284528,0.006651190444871631,0.024086408692251704,0.4306225105560969,0.3835604409132101,0.5333300514529284,0.9984013796482122,0.975512243878061,1.0,2000,0.9999999998364674,1.0,1.0,1.0,1.0,1.0
phrase_det_1_2gram_psalm,Mischgedicht,45,5099,0.008748055987558321,0.010203618891796915,0.004219126073854672,0.021280034414109326,0.5558540890370661,0.43981607317369353,0.7086124279229484,0.09816629587173908,0.1409295352323838,0.9810094952523738,2000,0.19884967625300992,0.9848983261061824,0.285472648291239,1.0,1.0,1.0
phrase_det_1_2gram_psalm,Segensspruch,253,11656,0.021244436980434964,0.019994102655262212,0.01044239946045261,0.029951784085545195,0.4823580656012544,0.42588495897303497,0.5516707140525806,0.8318892442189717,0.6846576711644178,1.0,2000,0.9999999994948561,1.0,0.9985007496251874,1.0,1.0,1.0
phrase_det_1_2gram_psalm,Segenswunsch,45,5196,0.008586147681740127,0.006943832529559755,0.002851088181590282,0.013734569650351006,0.41955777948849543,0.3007812082361488,0.5932131443161457,0.9686381574317359,0.9475262368815592,1.0,2000,0.9999999999519258,1.0,1.0,1.0,1.0,1.0
phrase_det_1_2gram_psalm,Siegeslied,10,2622,0.003799392097264438,0.004333677844515549,0.0018363180029809007,0.009370648476064327,0.5331045003813882,0.30320007422832657,0.7535621092162598,0.3587954171138477,0.3173413293353323,0.9980009995002499,2000,0.9208285219226607,1.0,0.9063042008407561,1.0,1.0,1.0
phrase_det_1_2gram_psalm,Thronbesteigungslied,36,4685,0.007625503071383181,0.031840408474723594,0.0012671632360068874,0.08010333893095743,0.5950136369026444,0.3213415700240915,0.8850669867214233,0.02459024660804611,0.07796101949025487,0.8875562218890555,2000,0.04223107569642701,0.2091696428519826,0.13949691820756288,0.6909253453588166,1.0,1.0
phrase_det_1_2gram_psalm,Tora,3,1578,0.0018975332068311196,1.0,1.0,1.0,1.0,1.0,1.0,0.0013679225574930046,0.0009995002498750624,0.0009995002498750624,2000,0.0027897801675024784,0.013817723362452928,0.0019740129935032482,0.009777245453190798,0.0026320173246709975,0.013036327270921067
phrase_det_1_2gram_psalm,Wallfahrtslied,0,528,0.0,nan,nan,nan,nan,nan,nan,nan,nan,0.0004997501249375312,2000,nan,nan,nan,nan,0.0004997501249375312,0.002475252013466025
phrase_det_1_2gram_psalm,Weisheitsgedicht,465,15452,0.029214047873342967,0.029950891808957082,0.018708465796408762,0.05117849871332994,0.5040473585908773,0.4378489266962732,0.5859340003807267,0.3829004050189253,0.4172913543228386,1.0,2000,0.999985157416146,1.0,0.8930058780133743,1.0,1.0,1.0
phrase_det_1_2gram_psalm,Zionslied,15,3140,0.004754358161648178,0.006048165749583917,0.002189218507030353,0.026156213619829827,0.5785031847133758,0.4029697082960908,0.9222103420453874,0.14676096336503236,0.16391804097951024,0.9340329835082459,2000,0.19989855354892339,0.9900933936189982,0.2271846532873914,1.0,1.0,1.0
phrase_det_1_2gram_psalm,prophetische Gerichtsrede,1,1050,0.0009514747859181732,0.001644736842105263,nan,nan,0.4228571428571429,nan,nan,0.6059007257235185,0.5793172690763052,1.0,2000,0.6923652733263479,1.0,0.6813356921716055,1.0,1.0,1.0
phrase_det_1_2gram_psalm,prophetische Redeweise,91,7217,0.012452107279693486,0.012809710684379298,0.0029670496067709827,0.03587034671907041,0.47315328429364734,0.39362862460653636,0.5539662164259855,0.8110000579273509,0.6926536731634183,1.0,2000,0.9999613427340172,1.0,0.9930034982508745,1.0,1.0,1.0
phrase_det_1_2gram_psalm,"prophetische Schelt-, Droh- und Mahnrede",21,3656,0.005711177590426979,0.018978301022141278,0.002336011742656692,0.16804691977574024,0.49099979160154217,0.11784362253719906,0.7108005135976276,0.5566772612332123,0.48875562218890556,1.0,2000,0.8287155809202843,1.0,0.7514409461935699,1.0,1.0,1.0
phrase_det_1_2gram_psalm,prophetische Tora,0,525,0.0,nan,nan,nan,nan,nan,nan,nan,nan,0.0004997501249375312,2000,nan,nan,nan,nan,0.0004997501249375312,0.002475252013466025
phrase_det_1_2gram_psalm,prophetisches Stück,28,4173,0.006665079742918353,0.014083346358595724,0.002273338094608364,0.08574158050190904,0.5307332854061826,0.33622036209294626,0.8318950407869061,0.28728686584962027,0.30184907546226886,0.9985007496251874,2000,0.5385659252027215,1.0,0.5625937031484257,1.0,1.0,1.0
phrase_det_1gram,Danklied Israels,6,2097,0.0028530670470756064,0.005946899132900143,0.0019515068231902048,0.038461538461538464,0.5584962645048482,0.2976775976815643,0.9622341770175232,0.310231402054556,0.2768615692153923,0.9760119940029985,2000,0.8581015886644944,1.0,0.7811451417148568,1.0,1.0,1.0
phrase_det_1gram,Danklied des Einzelnen,1596,26866,0.056074766355140186,0.062004128808226464,0.04967880059369111,0.08076270398948181,0.5318242612038919,0.48723955341596287,0.5760192046424044,9.39333962917324e-06,0.06696651674162919,0.9985007496251874,2000,2.1825700903079e-05,0.00010810224432141273,0.16031378250268807,0.7940308428651922,1.0,1.0
phrase_det_1gram,Fluch,15,3142,0.004751346214760849,0.007844192681775063,0.0019413285050609078,0.08220051615750221,0.48557182261828985,0.2640797944983652,0.9557090464144408,0.5766087536722121,0.5327336331834083,1.0,2000,0.988782647201491,1.0,0.9860069965017492,1.0,1.0,1.0
phrase_det_1gram,Hymnus,11026,56707,0.16278623418422336,0.15161627024565782,0.12687943308025182,0.17510917362703904,0.4696086573384015,0.4432385803112121,0.5015165619861806,1.0,0.9885057471264368,1.0,2000,1.0,1.0,1.0,1.0,1.0,1.0
phrase_det_1gram,Klagelied des Einzelnen,5565,44872,0.11033566627674128,0.13259216336004273,0.10064767215677539,0.2220478247775356,0.5712425196029293,0.5352125539779649,0.6007714049478567,7.613718239938095e-68,0.0004997501249375312,0.9585207396301849,2000,1.398799397570022e-67,6.928224431565791e-67,0.0008773391082236659,0.004345442423640355,1.0,1.0
phrase_det_1gram,Klagelied des Volkes,496,15918,0.030218106494455953,0.03046895981661421,0.018388636848278305,0.0433156238984804,0.5011081236903647,0.4476672692294505,0.5821962358418615,0.4664559068623888,0.46326836581709147,1.0,2000,0.944872221593044,1.0,0.9272799497687054,1.0,1.0,1.0
phrase_det_1gram,Königspsalm,325,13088,0.024230224409155298,0.026886935784307956,0.015562089056413764,0.0438736700238908,0.5301047348128644,0.4575081854545585,0.6206709159323788,0.0316522271536079,0.17641179410294852,0.9985007496251874,2000,0.625131486283756,1.0,0.8824094446283351,1.0,1.0,1.0
phrase_det_1gram,Legende,3,1579,0.0018963337547408343,0.007597838211113771,0.003975483483950603,0.016444365599274424,0.8211948490605868,0.7240265308305275,0.9555449923835123,0.0271708855599212,0.04547726136931534,0.2353823088455772,2000,0.03700861998678922,0.1833029279369359,0.05794683303509535,0.2870094633033428,0.3048393835868951,1.0
phrase_det_1gram,Liturgie,153,9176,0.01640047164755065,0.022814008369323097,0.011826195796560364,0.042004453219012666,0.5651315452074466,0.4960978254991794,0.6957102624358091,0.0028230988743131913,0.05547226386806597,0.9675162418790605,2000,0.00637213745916406,0.03156106479783212,0.1252088241593489,0.6201567116023878,1.0,1.0
phrase_det_1gram,Mischgedicht,45,5099,0.008748055987558321,0.015385326356505965,0.007237956051282138,0.03915451883740014,0.6906168965592382,0.5883205717396612,0.7916917249004295,5.17712227057953e-06,0.0034982508745627187,0.5617191404297851,2000,1.2781020605493215e-05,6.330413022278357e-05,0.008636306846576711,0.04277544885770975,1.0,1.0
phrase_det_1gram,Segensspruch,253,11656,0.021244436980434964,0.018474348103906774,0.009921728293254935,0.03016631388197671,0.4182215608985923,0.38107987869263305,0.4970168565523035,0.9999958575487298,0.9985007496251874,1.0,2000,0.9999999994948561,1.0,0.9985007496251874,1.0,1.0,1.0
phrase_det_1gram,Segenswunsch,45,5196,0.008586147681740127,0.008469370361947141,0.0031658373881997366,0.01897032659185433,0.4717175605166367,0.35100766281378937,0.7525941137476587,0.7435677984469846,0.6571714142928535,1.0,2000,0.9999999999519258,1.0,1.0,1.0,1.0,1.0
phrase_det_1gram,Siegeslied,10,2622,0.003799392097264438,0.00528274901503149,0.0017528005220252857,0.018413801405596175,0.4986270022883295,0.17428605990571616,0.842690947862572,0.5060706502310137,0.4492753623188406,1.0,2000,0.9208285219226607,1.0,0.9063042008407561,1.0,1.0,1.0
phrase_det_1gram,Thronbesteigungslied,36,4685,0.007625503071383181,0.013470137815185869,0.004476267084037755,0.046021637281404335,0.6115795090715048,0.49165293224111983,0.9301659473614011,0.010444863570907488,0.05697151424287856,0.84007996001999,2000,0.021714321634255043,0.10755058511082358,0.11540383654326682,0.5715928111096159,1.0,1.0
phrase_det_1gram,Tora,3,1578,0.0018975332068311196,0.04297331640314214,0.017991366577841558,0.08590310160838686,0.4628221377270807,0.43682636588915225,0.4931564580790157,0.5883949544345953,0.5142428785607196,1.0,2000,0.7426498028281683,1.0,0.6718116351660236,1.0,1.0,1.0
phrase_det_1gram,Wallfahrtslied,0,528,0.0,nan,nan,nan,nan,nan,nan,nan,nan,0.0004997501249375312,2000,nan,nan,nan,nan,0.0004997501249375312,0.002475252013466025
phrase_det_1gram,Weisheitsgedicht,465,15452,0.029214047873342967,0.03983628978170507,0.024749105517079716,0.06442763178204837,0.5750287397114616,0.4680740253425323,0.6975408873157101,1.6762915219010538e-08,0.009495252373813094,0.9510244877561219,2000,1.3242703023018326e-06,6.559083367023891e-06,0.7501249375312344,1.0,1.0,1.0
phrase_det_1gram,Zionslied,15,3140,0.004754358161648178,0.009105547169403597,0.002857026295455079,0.06553595655502739,0.6604140127388535,0.4786166957094805,0.8493335863767698,0.015913528911741484,0.04697651174412794,0.6666666666666666,2000,0.02923648334947854,0.14480769621920284,0.08630568436711877,0.4274702663255513,1.0,1.0
phrase_det_1gram,prophetische Gerichtsrede,1,1050,0.0009514747859181732,0.0032679738562091504,nan,nan,0.7104761904761905,nan,nan,0.23368305817117735,0.2580321285140562,0.5032483758120939,2000,0.4989449079871084,1.0,0.5092529207740051,1.0,1.0,1.0
phrase_det_1gram,prophetische Redeweise,91,7217,0.012452107279693486,0.013131262666264328,0.006154258644969501,0.02835917606086857,0.513943725666048,0.38263874761580774,0.655847528273352,0.32353290138224955,0.335832083958021,1.0,2000,0.9999613427340172,1.0,0.9930034982508745,1.0,1.0,1.0
phrase_det_1gram,"prophetische Schelt-, Droh- und Mahnrede",21,3656,0.005711177590426979,0.005096930797859318,0.0018976997290028664,0.015255672171281143,0.44418828800666876,0.3333959905310181,0.9464017806338202,0.8114988131018035,0.7541229385307346,1.0,2000,0.9183398374012084,1.0,0.8572856428928393,1.0,1.0,1.0
phrase_det_1gram,prophetische Tora,0,525,0.0,nan,nan,nan,nan,nan,nan,nan,nan,0.0004997501249375312,2000,nan,nan,nan,nan,0.0004997501249375312,0.002475252013466025
phrase_det_1gram,prophetisches Stück,28,4173,0.006665079742918353,0.006638690051325481,0.0025349683959919674,0.020125195449275567,0.4737812810242717,0.35618738683377277,0.8437173412975448,0.6840356776868894,0.6221889055472264,1.0,2000,0.9714858056745862,1.0,0.8791407867494825,1.0,1.0,1.0
phrase_det_1gram_psalm,Danklied Israels,6,2097,0.0028530670470756064,0.0025222563247528224,0.00132527381545007,0.005154623839088027,0.3629788586870132,0.10742364812908002,0.627936784351358,0.8772037042068057,0.9170414792603698,1.0,2000,0.9789087076252553,1.0,0.9895372826407309,1.0,1.0,1.0
phrase_det_1gram_psalm,Danklied des Einzelnen,1596,26866,0.056074766355140186,0.06707883129181265,0.049482077193661156,0.09670728112332622,0.5700169195787802,0.5208318019412821,0.6254999161511361,2.38907269715326e-21,0.001999000499750125,0.9550224887556222,2000,1.8873674307510754e-20,9.348091776266712e-20,0.034545227386306845,0.171101795430839,1.0,1.0
phrase_det_1gram_psalm,Fluch,15,3142,0.004751346214760849,0.0051453773210366205,0.0020097413037906253,0.02518143165305166,0.4910142159983026,0.33423486960524185,0.7889553166892654,0.5479151866851333,0.47976011994003,1.0,2000,0.988782647201491,1.0,0.9860069965017492,1.0,1.0,1.0
phrase_det_1gram_psalm,Hymnus,11026,56707,0.16278623418422336,0.1738235508339178,0.14294891894650502,0.21486222039364725,0.5052714917469786,0.4709320848106137,0.5471706740286688,0.03967373703192092,0.33983008495752126,1.0,2000,0.08470878987896628,0.4195608810150697,0.7255831543687616,1.0,1.0,1.0
phrase_det_1gram_psalm,Klagelied des Einzelnen,5565,44872,0.11033566627674128,0.1408333484538002,0.08910773585050834,0.21961011056107343,0.5627396654426999,0.510564884583703,0.6469262386142242,4.294243200281074e-53,0.0004997501249375312,0.9665167416291854,2000,6.400853072117072e-53,3.1703292633770614e-52,0.0008773391082236659,0.004345442423640355,1.0,1.0
phrase_det_1gram_psalm,Klagelied des Volkes,496,15918,0.030218106494455953,0.029157572016146674,0.01669336805916352,0.043928333461080986,0.48504659971061365,0.44355032537914807,0.5499665517077629,0.8720321704198928,0.6966516741629185,1.0,2000,0.9999906926869576,1.0,0.9272799497687054,1.0,1.0,1.0
phrase_det_1gram_psalm,Königspsalm,325,13088,0.024230224409155298,0.022935576037049408,0.011954137508570295,0.03430047525314206,0.4800303272522099,0.4267760268916496,0.5395107492445036,0.8910006903584238,0.7446276861569215,1.0,2000,0.9997904174423975,1.0,0.8824094446283351,1.0,1.0,1.0
phrase_det_1gram_psalm,Legende,3,1579,0.0018963337547408343,0.0030180484937947626,0.0014716703461798628,0.0037884058391035778,0.6003799873337555,0.4122634949372288,0.6985548854904093,0.2739405348391617,0.25487256371814093,0.8730634682658671,2000,0.29645619523690103,1.0,0.27582099361278267,1.0,0.9405905155530342,1.0
phrase_det_1gram_psalm,Liturgie,153,9176,0.01640047164755065,0.015614445991192112,0.007329306906909021,0.026246977793584793,0.4582799117903482,0.40542357196642703,0.5701390836072786,0.9618733048302839,0.8765617191404298,1.0,2000,0.9999999998364674,1.0,1.0,1.0,1.0,1.0
phrase_det_1gram_psalm,Mischgedicht,45,5099,0.008748055987558321,0.010204170647814781,0.004592440814573031,0.023808949081986115,0.5468327122965287,0.434034785470261,0.7140464668609823,0.13932084103293302,0.17041479260369816,0.9880059970014993,2000,0.26159184962098786,1.0,0.3365692153923039,1.0,1.0,1.0
phrase_det_1gram_psalm,Segensspruch,253,11656,0.021244436980434964,0.01955036659412234,0.010229896050399732,0.030005192392260256,0.47072416519948673,0.42311229651606996,0.5404927173989812,0.944734924346084,0.8295852073963018,1.0,2000,0.9999999994948561,1.0,0.9985007496251874,1.0,1.0,1.0
phrase_det_1gram_psalm,Segenswunsch,45,5196,0.008586147681740127,0.00856584364863997,0.0030720778323851303,0.021807584405579925,0.4851916003763579,0.31118012102150133,0.7136477469279774,0.6340710415401473,0.5652173913043478,1.0,2000,0.9999999999519258,1.0,1.0,1.0,1.0,1.0
phrase_det_1gram_psalm,Siegeslied,10,2622,0.003799392097264438,0.004957367085372465,0.00167928644156156,0.013167454326683448,0.5626620900076278,0.24068613560231653,0.8482829815915595,0.24673300087484878,0.23088455772113944,0.9665167416291854,2000,0.9208285219226607,1.0,0.9063042008407561,1.0,1.0,1.0
phrase_det_1gram_psalm,Thronbesteigungslied,36,4685,0.007625503071383181,0.036034228516589564,0.0012024779287257079,0.07061431183153892,0.6506106960749437,0.3542332790705237,0.8945416696606563,0.0009101488957577573,0.018490754622688656,0.6881559220389805,2000,0.0035950881382431415,0.017806397054701092,0.07688261132591599,0.3807979808084838,1.0,1.0
phrase_det_1gram_psalm,Tora,3,1578,0.0018975332068311196,1.0,1.0,1.0,1.0,1.0,1.0,0.0013661299639988835,0.0009995002498750624,0.0014992503748125937,2000,0.0027897801675024784,0.013817723362452928,0.0019740129935032482,0.009777245453190798,0.0031168626213209185,0.015437755978722316
phrase_det_1gram_psalm,Wallfahrtslied,0,528,0.0,nan,nan,nan,nan,nan,nan,nan,nan,0.0004997501249375312,2000,nan,nan,nan,nan,0.0004997501249375312,0.002475252013466025
phrase_det_1gram_psalm,Weisheitsgedicht,465,15452,0.029214047873342967,0.02915279650212873,0.018935867190959875,0.05159093836830165,0.4863734798571504,0.43435434319119737,0.5793157801059787,0.842042960126572,0.6836581709145427,1.0,2000,0.999985157416146,1.0,0.8930058780133743,1.0,1.0,1.0
phrase_det_1gram_psalm,Zionslied,15,3140,0.004754358161648178,0.008815767234181617,0.002345645938125475,0.08076404457137179,0.6102866242038216,0.453868336471734,0.8738779365886505,0.07000078242641386,0.10644677661169415,0.8315842078960519,2000,0.10843258454287638,0.5370643444033746,0.1648881441632125,0.8166875613841726,1.0,1.0
phrase_det_1gram_psalm,prophetische Gerichtsrede,1,1050,0.0009514747859181732,0.0029239766081871343,nan,nan,0.6761904761904762,nan,nan,0.2715162524533621,0.2761044176706827,0.5987006496751625,2000,0.5182474132699125,1.0,0.5092529207740051,1.0,1.0,1.0
phrase_det_1gram_psalm,prophetische Redeweise,91,7217,0.012452107279693486,0.01467931220802142,0.0029387610271735557,0.0517803858216109,0.48043538836111926,0.409828755592774,0.6627519304795619,0.7397152743735258,0.6301849075462269,1.0,2000,0.9999613427340172,1.0,0.9930034982508745,1.0,1.0,1.0
phrase_det_1gram_psalm,"prophetische Schelt-, Droh- und Mahnrede",21,3656,0.005711177590426979,0.012673937405722323,0.001852101883596713,0.09071543021014115,0.4940085443367719,0.13285270382228048,0.7831812774533582,0.5378152376483389,0.47226386806596704,1.0,2000,0.8287155809202843,1.0,0.7514409461935699,1.0,1.0,1.0
phrase_det_1gram_psalm,prophetische Tora,0,525,0.0,nan,nan,nan,nan,nan,nan,nan,nan,0.0004997501249375312,2000,nan,nan,nan,nan,0.0004997501249375312,0.002475252013466025
phrase_det_1gram_psalm,prophetisches Stück,28,4173,0.006665079742918353,0.019719019781207017,0.0031187917353533135,0.14898088546234442,0.5534259354352812,0.3494505614380596,0.896754675421834,0.16456635342443665,0.19890054972513743,0.9805097451274363,2000,0.5109434815090951,1.0,0.5625937031484257,1.0,1.0,1.0
phrase_full_signature_1_2_3gram,Danklied Israels,6,2097,0.0028530670470756064,0.004103913101484228,0.002085523890072054,0.010510270427093803,0.5693848354792561,0.4031640001944927,0.9141553584800899,0.2784564478499401,0.27436281859070466,0.9720139930034982,2000,0.835369597573365,1.0,0.7811451417148568,1.0,1.0,1.0
phrase_full_signature_1_2_3gram,Danklied des Einzelnen,1596,26866,0.056074766355140186,0.05930268180948252,0.046245862290664345,0.07816481044570923,0.5233429223695731,0.468979294244266,0.5758812011345452,0.0008490165933710324,0.18790604697651175,1.0,2000,0.0015243707017343535,0.00755017649912189,0.2938242417252912,1.0,1.0,1.0
phrase_full_signature_1_2_3gram,Fluch,15,3142,0.004751346214760849,0.004654939090533408,0.001923745894548867,0.013796344010907183,0.4565032887757267,0.30018420141650637,0.8788739264504114,0.7197968623808663,0.6521739130434783,1.0,2000,0.988782647201491,1.0,0.9860069965017492,1.0,1.0,1.0
phrase_full_signature_1_2_3gram,Hymnus,11026,56707,0.16278623418422336,0.14057624559028548,0.11647321814507432,0.1663554403524933,0.4495867591700901,0.4182366463708,0.4809367893714023,1.0,0.9985007496251874,1.0,2000,1.0,1.0,1.0,1.0,1.0,1.0
phrase_full_signature_1_2_3gram,Klagelied des Einzelnen,5565,44872,0.11033566627674128,0.1528665470847819,0.11221789671654675,0.19393211652916928,0.5772650431688131,0.5234052846109261,0.65061503121329,2.0323639585246302e-79,0.0004997501249375312,0.9575212393803099,2000,4.722257433042524e-79,2.3389243215706064e-78,0.0008773391082236659,0.004345442423640355,1.0,1.0
phrase_full_signature_1_2_3gram,Klagelied des Volkes,496,15918,0.030218106494455953,0.03774696773674641,0.02396453000087099,0.05620349337032839,0.5838532610678112,0.5100482866874745,0.6855573260003301,9.419287180072008e-11,0.01249375312343828,0.9430284857571214,2000,1.2402061453761477e-09,6.14271533966895e-09,0.06316841579210394,0.31287185450210553,1.0,1.0
phrase_full_signature_1_2_3gram,Königspsalm,325,13088,0.024230224409155298,0.028166233809720546,0.017268800598515516,0.05191906577976487,0.5025285640398721,0.4439529762958767,0.6124716653970697,0.43802768032932166,0.4527736131934033,1.0,2000,0.9997904174423975,1.0,0.8824094446283351,1.0,1.0,1.0
phrase_full_signature_1_2_3gram,Legende,3,1579,0.0018963337547408343,0.25326797385620914,0.16666666666666666,0.2913862134973542,0.9955668144395187,0.990882987973251,0.9985353336226365,0.0014938057506887587,0.0004997501249375312,0.0034982508745627187,2000,0.005232462259904652,0.025916277151172167,0.0011963715112140898,0.005925603304964121,0.029610194902548723,0.14665868179786198
phrase_full_signature_1_2_3gram,Liturgie,153,9176,0.01640047164755065,0.030423438897861116,0.017650854714210476,0.05278609279276493,0.7138086853456872,0.6288625483252508,0.794641759521189,5.1631345893776305e-20,0.0004997501249375312,0.4177911044477761,2000,1.019719081402082e-18,5.050647480529869e-18,0.003760024749529997,0.01862332467274438,1.0,1.0
phrase_full_signature_1_2_3gram,Mischgedicht,45,5099,0.008748055987558321,0.033655347898271765,0.013507338599171609,0.07665578540763676,0.8289795384715958,0.7262088968346286,0.9159072068923442,1.3652763021589812e-14,0.0004997501249375312,0.12193903048475763,2000,1.348210348381994e-13,6.677657919195932e-13,0.0017165330378289116,0.008501952567991999,1.0,1.0
phrase_full_signature_1_2_3gram,Segensspruch,253,11656,0.021244436980434964,0.017583953712902965,0.006843033959713812,0.029815126552942953,0.42420568822720356,0.3676135271563028,0.5524706096954101,0.9999820034859609,0.9785107446276862,1.0,2000,0.9999999994948561,1.0,0.9985007496251874,1.0,1.0,1.0
phrase_full_signature_1_2_3gram,Segenswunsch,45,5196,0.008586147681740127,0.007779323324347139,0.00279986861452275,0.03187584217213028,0.4198828158412454,0.2734777965473467,0.612550502902411,0.9681062395117964,0.9010494752623688,1.0,2000,0.9999999999519258,1.0,1.0,1.0,1.0,1.0
phrase_full_signature_1_2_3gram,Siegeslied,10,2622,0.003799392097264438,0.003394504357977152,0.001680926718731559,0.006983281192093564,0.4221586575133486,0.26730224813406356,0.6855986189032212,0.8026582698753641,0.7496251874062968,1.0,2000,0.9208285219226607,1.0,0.9063042008407561,1.0,1.0,1.0
phrase_full_signature_1_2_3gram,Thronbesteigungslied,36,4685,0.007625503071383181,0.013456314856135942,0.00538310621031911,0.028907334630824837,0.6963951144314005,0.5790907234013886,0.8155578874037401,2.3922574018700657e-05,0.009495252373813094,0.4847576211894053,2000,0.00021912472106315592,0.0010853202029305273,0.06502631037422466,0.32207396786981457,1.0,1.0
phrase_full_signature_1_2_3gram,Tora,3,1578,0.0018975332068311196,0.0026188097306689834,0.0020510864977022806,0.005110255322627204,0.4596535699197296,0.4198322779307746,0.5312465571209403,0.5957669592316465,0.5687156421789106,1.0,2000,0.7426498028281683,1.0,0.7020083708145928,1.0,1.0,1.0
phrase_full_signature_1_2_3gram,Wallfahrtslied,0,528,0.0,nan,nan,nan,nan,nan,nan,nan,nan,0.0004997501249375312,2000,nan,nan,nan,nan,0.0004997501249375312,0.002475252013466025
phrase_full_signature_1_2_3gram,Weisheitsgedicht,465,15452,0.029214047873342967,0.028916745686980373,0.018331524575664695,0.04315504766521366,0.49898756885700846,0.42347854161642984,0.574710667439522,0.5297009228665506,0.4917541229385307,1.0,2000,0.999985157416146,1.0,0.8930058780133743,1.0,1.0,1.0
phrase_full_signature_1_2_3gram,Zionslied,15,3140,0.004754358161648178,0.014238651823214777,0.00567178583191827,0.03173332270558668,0.815276008492569,0.6872753190426797,0.9029499372437456,1.2269747588944265e-05,0.0009995002498750624,0.15092453773113443,2000,5.701823879568218e-05,0.0002824101552769812,0.00438669554111833,0.021727212118201774,0.7451899050474763,1.0
phrase_full_signature_1_2_3gram,prophetische Gerichtsrede,1,1050,0.0009514747859181732,0.006711409395973154,nan,nan,0.86,nan,nan,0.1067050809934777,0.05321285140562249,0.07946026986506746,2000,0.390983073497538,1.0,0.36427190242451285,1.0,0.5424244399539361,1.0
phrase_full_signature_1_2_3gram,prophetische Redeweise,91,7217,0.012452107279693486,0.010211005389395943,0.005276728912495618,0.019494585052672715,0.42696426477776067,0.33019750801700143,0.5538307895133825,0.9917640994909082,0.9250374812593704,1.0,2000,0.9999613427340172,1.0,0.9930034982508745,1.0,1.0,1.0
phrase_full_signature_1_2_3gram,"prophetische Schelt-, Droh- und Mahnrede",21,3656,0.005711177590426979,0.03017534544047523,0.003801075172528279,0.5,0.5588986141502553,0.3949106664336242,0.8512414102308558,0.17564650640700263,0.2288855572213893,0.9860069965017492,2000,0.7655368811980237,1.0,0.7514409461935699,1.0,1.0,1.0
phrase_full_signature_1_2_3gram,prophetische Tora,0,525,0.0,nan,nan,nan,nan,nan,nan,nan,nan,0.0004997501249375312,2000,nan,nan,nan,nan,0.0004997501249375312,0.002475252013466025
phrase_full_signature_1_2_3gram,prophetisches Stück,28,4173,0.006665079742918353,0.007656312915339782,0.003474219205159232,0.017003190434625795,0.5839538187669029,0.45062734822486245,0.7093575279094909,0.06257588129363026,0.12693653173413294,0.9425287356321839,2000,0.5109434815090951,1.0,0.5625937031484257,1.0,1.0,1.0
phrase_full_signature_1_2_3gram_psalm,Danklied Israels,6,2097,0.0028530670470756064,0.002336926697062728,0.0011950639078293953,0.0050900026496235335,0.3144174217135591,0.08579812655110658,0.732570025433637,0.9420908719897866,0.9515242378810594,1.0,2000,0.9789087076252553,1.0,0.9895372826407309,1.0,1.0,1.0
phrase_full_signature_1_2_3gram_psalm,Danklied des Einzelnen,1596,26866,0.056074766355140186,0.06718489299919195,0.04891195434403081,0.09966075428427709,0.574377498592756,0.5162468325024087,0.6314684509582892,7.599204838379271e-24,0.006496751624187906,0.9730134932533733,2000,1.200674364463925e-22,5.946915247950897e-22,0.034545227386306845,0.171101795430839,1.0,1.0
phrase_full_signature_1_2_3gram_psalm,Fluch,15,3142,0.004751346214760849,0.0041091120607687,0.002197054830728806,0.00821091436501177,0.42824103543390624,0.2402525288041627,0.601145481781899,0.8315944730364728,0.777111444277861,1.0,2000,0.988782647201491,1.0,0.9860069965017492,1.0,1.0,1.0
phrase_full_signature_1_2_3gram_psalm,Hymnus,11026,56707,0.16278623418422336,0.18803865915630022,0.15247727295893446,0.22397150742978972,0.5379930459713882,0.5012529457387275,0.5878073765272878,5.954246514404425e-37,0.01899050474762619,0.9995002498750625,2000,7.839757910632493e-36,3.883015848331193e-35,0.13571339330334833,0.6721856249068675,1.0,1.0
phrase_full_signature_1_2_3gram_psalm,Klagelied des Einzelnen,5565,44872,0.11033566627674128,0.1506587325933183,0.0898467426640452,0.24255011799355125,0.580407258453996,0.5257418534822316,0.6653300800901532,7.863864774743566e-86,0.0004997501249375312,0.9600199900049975,2000,2.3894050661720834e-85,1.183467378175777e-84,0.0008773391082236659,0.004345442423640355,1.0,1.0
phrase_full_signature_1_2_3gram_psalm,Klagelied des Volkes,496,15918,0.030218106494455953,0.026702718501104367,0.01147545748209942,0.04184113684638721,0.46374349488710287,0.3628119547371283,0.5285784002446564,0.9970609021986399,0.8525737131434283,1.0,2000,0.9999906926869576,1.0,0.9272799497687054,1.0,1.0,1.0
phrase_full_signature_1_2_3gram_psalm,Königspsalm,325,13088,0.024230224409155298,0.02172777082620485,0.009689552736134591,0.03397860818589633,0.4687789166823397,0.3507487963613052,0.5530143910792773,0.9729434604400556,0.7906046976511744,1.0,2000,0.9997904174423975,1.0,0.8824094446283351,1.0,1.0,1.0
phrase_full_signature_1_2_3gram_psalm,Legende,3,1579,0.0018963337547408343,0.06701940035273368,0.029417022011487094,0.09654862152219626,0.982689465906692,0.962213295803964,0.9945867004032564,0.001912276582431785,0.0004997501249375312,0.005497251374312844,2000,0.005232462259904652,0.025916277151172167,0.0011963715112140898,0.005925603304964121,0.029610194902548723,0.14665868179786198
phrase_full_signature_1_2_3gram_psalm,Liturgie,153,9176,0.01640047164755065,0.012044096923378364,0.0060283444414097505,0.019976401712968793,0.3814333783498869,0.30789232441471637,0.4601738931291872,0.9999997652128414,0.9985007496251874,1.0,2000,0.9999999998364674,1.0,1.0,1.0,1.0,1.0
phrase_full_signature_1_2_3gram_psalm,Mischgedicht,45,5099,0.008748055987558321,0.008891690775702125,0.004629486147003492,0.01822781578512433,0.5087947527837703,0.4134916982925832,0.6230820630110887,0.4194077887890149,0.3968015992003998,1.0,2000,0.5192644958578634,1.0,0.4898019740129935,1.0,1.0,1.0
phrase_full_signature_1_2_3gram_psalm,Segensspruch,253,11656,0.021244436980434964,0.01807172830817204,0.009395320115828686,0.027063182383196927,0.4513617984325364,0.38681358126933074,0.5173680934801823,0.9959902620566249,0.8830584707646177,1.0,2000,0.9999999994948561,1.0,0.9985007496251874,1.0,1.0,1.0
phrase_full_signature_1_2_3gram_psalm,Segenswunsch,45,5196,0.008586147681740127,0.005583959437536161,0.002555795545457143,0.010496242316917237,0.2925091951073475,0.21026563068392795,0.4778170872587402,0.9999992089061018,1.0,1.0,2000,0.9999999999519258,1.0,1.0,1.0,1.0,1.0
phrase_full_signature_1_2_3gram_psalm,Siegeslied,10,2622,0.003799392097264438,0.003565757532708774,0.001511180196968697,0.008450016712448445,0.440884820747521,0.22878984097793875,0.7258334255081884,0.7410106156431229,0.6976511744127936,1.0,2000,0.9208285219226607,1.0,0.9063042008407561,1.0,1.0,1.0
phrase_full_signature_1_2_3gram_psalm,Thronbesteigungslied,36,4685,0.007625503071383181,0.0187714014593561,0.0014372380863630512,0.10259411479643114,0.5908869915806949,0.30622984719628166,0.7974420089818572,0.029941849069973426,0.09895052473763119,0.9365317341329336,2000,0.05032778886229576,0.24927249539009583,0.162856071964018,0.806622749888241,1.0,1.0
phrase_full_signature_1_2_3gram_psalm,Tora,3,1578,0.0018975332068311196,0.5,0.5,0.5,0.9990494296577946,0.9982698703790477,0.9993438263891475,0.0013768541022870955,0.0004997501249375312,0.0014992503748125937,2000,0.0027897801675024784,0.013817723362452928,0.0019740129935032482,0.009777245453190798,0.0031168626213209185,0.015437755978722316
phrase_full_signature_1_2_3gram_psalm,Wallfahrtslied,0,528,0.0,nan,nan,nan,nan,nan,nan,nan,nan,0.0004997501249375312,2000,nan,nan,nan,nan,0.0004997501249375312,0.002475252013466025
phrase_full_signature_1_2_3gram_psalm,Weisheitsgedicht,465,15452,0.029214047873342967,0.02895332609341939,0.02012515978170642,0.046961995783154034,0.49698434833922045,0.4321696873293669,0.5664912736856155,0.5878243034229993,0.511744127936032,1.0,2000,0.999985157416146,1.0,0.8930058780133743,1.0,1.0,1.0
phrase_full_signature_1_2_3gram_psalm,Zionslied,15,3140,0.004754358161648178,0.004298212992571466,0.001590640091101297,0.008840520350338527,0.4419108280254777,0.2738386237169803,0.6163627872660284,0.7815803966777825,0.7371314342828585,1.0,2000,0.8820693048220688,1.0,0.8319054758335118,1.0,1.0,1.0
phrase_full_signature_1_2_3gram_psalm,prophetische Gerichtsrede,1,1050,0.0009514747859181732,0.0021141649048625794,nan,nan,0.5542857142857143,nan,nan,0.42610922470756385,0.4211847389558233,0.9960019990004998,2000,0.5705530296931787,1.0,0.5457783515012431,1.0,1.0,1.0
phrase_full_signature_1_2_3gram_psalm,prophetische Redeweise,91,7217,0.012452107279693486,0.011563991085166724,0.0022435546327352657,0.04054519407713221,0.45539149779138693,0.3109273025087489,0.5282417001149297,0.9285191004596045,0.7726136931534233,1.0,2000,0.9999613427340172,1.0,0.9930034982508745,1.0,1.0,1.0
phrase_full_signature_1_2_3gram_psalm,"prophetische Schelt-, Droh- und Mahnrede",21,3656,0.005711177590426979,0.015881053761298173,0.0014860856505297254,0.08758300531140914,0.4930186516619777,0.24838544962105924,0.704321274853529,0.5440341717104983,0.5012493753123438,1.0,2000,0.8287155809202843,1.0,0.7514409461935699,1.0,1.0,1.0
phrase_full_signature_1_2_3gram_psalm,prophetische Tora,0,525,0.0,nan,nan,nan,nan,nan,nan,nan,nan,0.0004997501249375312,2000,nan,nan,nan,nan,0.0004997501249375312,0.002475252013466025
phrase_full_signature_1_2_3gram_psalm,prophetisches Stück,28,4173,0.006665079742918353,0.008848703760744515,0.00263199262823144,0.13145296334662734,0.43127588921981447,0.2613939223682009,0.6336365116617344,0.8953522303973221,0.8185907046476761,1.0,2000,0.9714858056745862,1.0,0.9288827808318064,1.0,1.0,1.0
phrase_full_signature_1_2gram,Danklied Israels,6,2097,0.0028530670470756064,0.004186278671177745,0.002015064941315264,0.011287530213678624,0.5669209982514704,0.38350504131202845,0.9243707138105324,0.28550606499342857,0.2768615692153923,0.9765117441279361,2000,0.835369597573365,1.0,0.7811451417148568,1.0,1.0,1.0
phrase_full_signature_1_2gram,Danklied des Einzelnen,1596,26866,0.056074766355140186,0.06151918221928289,0.047787720493796544,0.08124781598761303,0.5314328029558001,0.4720539524005647,0.581935742576096,1.188209945035591e-05,0.11544227886056972,0.9995002498750625,2000,2.6819595902231912e-05,0.00013283690277344674,0.23384461615346172,1.0,1.0,1.0
phrase_full_signature_1_2gram,Fluch,15,3142,0.004751346214760849,0.004606203306132129,0.0017746207819124458,0.01287691821133548,0.4457882452790155,0.2917657618425413,0.8676884758064315,0.765967979003606,0.7011494252873564,1.0,2000,0.988782647201491,1.0,0.9860069965017492,1.0,1.0,1.0
phrase_full_signature_1_2gram,Hymnus,11026,56707,0.16278623418422336,0.1426310080059418,0.11907531981536865,0.16843152128636235,0.455253591906495,0.42590729429500074,0.4852602566256559,1.0,0.9950024987506247,1.0,2000,1.0,1.0,1.0,1.0,1.0,1.0
phrase_full_signature_1_2gram,Klagelied des Einzelnen,5565,44872,0.11033566627674128,0.15354771950045892,0.1116482861651124,0.1947701693280677,0.57797073821001,0.5254801982537898,0.6493590086236225,7.776691530307315e-81,0.0004997501249375312,0.9550224887556222,2000,1.981802035142832e-80,9.815824415034501e-80,0.0008773391082236659,0.004345442423640355,1.0,1.0
phrase_full_signature_1_2gram,Klagelied des Volkes,496,15918,0.030218106494455953,0.038302859608272635,0.02378442091974378,0.05723532131573258,0.5842546376793972,0.5101232697046829,0.6856345559069249,7.717337289771567e-11,0.011494252873563218,0.9395302348825587,2000,1.2193392917839076e-09,6.039362246209795e-09,0.06316841579210394,0.31287185450210553,1.0,1.0
phrase_full_signature_1_2gram,Königspsalm,325,13088,0.024230224409155298,0.028716217677582055,0.017638844770363114,0.05178555268307292,0.5114072785405304,0.4547066070452844,0.6225566558124097,0.24081892192841675,0.36881559220389803,1.0,2000,0.9300732712125533,1.0,0.8824094446283351,1.0,1.0,1.0
phrase_full_signature_1_2gram,Legende,3,1579,0.0018963337547408343,0.26587301587301587,0.1253993201822856,0.3333333333333333,0.9959890225881359,0.9926124551449128,0.9989138646934964,0.0014815525413237197,0.0004997501249375312,0.0034982508745627187,2000,0.005232462259904652,0.025916277151172167,0.0011963715112140898,0.005925603304964121,0.029610194902548723,0.14665868179786198
phrase_full_signature_1_2gram,Liturgie,153,9176,0.01640047164755065,0.02922734187452471,0.0165448475106742,0.05352813338591632,0.6915789128787231,0.6126241998572026,0.7763778866528671,1.962755071311148e-16,0.0009995002498750624,0.5072463768115942,2000,1.5505765063358068e-15,7.679973306300983e-15,0.003760024749529997,0.01862332467274438,1.0,1.0
phrase_full_signature_1_2gram,Mischgedicht,45,5099,0.008748055987558321,0.03431832593769996,0.012472093860033225,0.07966345101850085,0.8212525331764399,0.7022185198748585,0.906049437603188,5.3590479012839624e-14,0.0004997501249375312,0.14642678660669664,2000,3.848770765467573e-13,1.9062881850772164e-12,0.0017165330378289116,0.008501952567991999,1.0,1.0
phrase_full_signature_1_2gram,Segensspruch,253,11656,0.021244436980434964,0.017882266185839272,0.010802736336212154,0.03141771509137691,0.4427820173023241,0.3857135795966068,0.5746296761492128,0.9990931207838116,0.9290354822588706,1.0,2000,0.9999999994948561,1.0,0.9985007496251874,1.0,1.0,1.0
phrase_full_signature_1_2gram,Segenswunsch,45,5196,0.008586147681740127,0.008243671225562434,0.0026107849257114945,0.03502812936654128,0.43245231374561627,0.2838347396058449,0.6332316525203039,0.9409561547577459,0.855072463768116,1.0,2000,0.9999999999519258,1.0,1.0,1.0,1.0,1.0
phrase_full_signature_1_2gram,Siegeslied,10,2622,0.003799392097264438,0.0034001315375528055,0.0016584474660450836,0.007204360655485322,0.4193363844393593,0.27720944498088657,0.7454633379777594,0.8111135330886143,0.7571214392803598,1.0,2000,0.9208285219226607,1.0,0.9063042008407561,1.0,1.0,1.0
phrase_full_signature_1_2gram,Thronbesteigungslied,36,4685,0.007625503071383181,0.016791208512034143,0.00555955152586761,0.04887030024573056,0.7131388592434483,0.60681108713215,0.8463123057785965,5.107835945360359e-06,0.0069965017491254375,0.4292853573213393,2000,0.00015683883162833373,0.0007768194831891616,0.06502631037422466,0.32207396786981457,1.0,1.0
phrase_full_signature_1_2gram,Tora,3,1578,0.0018975332068311196,0.0033408310064914574,0.002635355592785378,0.006661730774690852,0.5198563582594001,0.48076922140268075,0.5839547215013091,0.452893358394113,0.40929535232383807,1.0,2000,0.6389031305916951,1.0,0.5773988005997002,1.0,1.0,1.0
phrase_full_signature_1_2gram,Wallfahrtslied,0,528,0.0,nan,nan,nan,nan,nan,nan,nan,nan,0.0004997501249375312,2000,nan,nan,nan,nan,0.0004997501249375312,0.002475252013466025
phrase_full_signature_1_2gram,Weisheitsgedicht,465,15452,0.029214047873342967,0.028667899943044854,0.018677422171255512,0.04293570202985148,0.4977111916472517,0.4263847488649021,0.5629265184868165,0.5668880987479681,0.5067466266866567,1.0,2000,0.999985157416146,1.0,0.8930058780133743,1.0,1.0,1.0
phrase_full_signature_1_2gram,Zionslied,15,3140,0.004754358161648178,0.013965281325561902,0.005480073154933245,0.03148826927603089,0.8118577494692144,0.6688213056234696,0.894174413988303,1.5014289506541143e-05,0.0004997501249375312,0.1619190404797601,2000,6.242783531667107e-05,0.00030920377475289495,0.0026320173246709975,0.013036327270921067,0.7524473057588853,1.0
phrase_full_signature_1_2gram,prophetische Gerichtsrede,1,1050,0.0009514747859181732,0.005263157894736842,nan,nan,0.820952380952381,nan,nan,0.13369209451852787,0.09538152610441768,0.14642678660669664,2000,0.390983073497538,1.0,0.36427190242451285,1.0,0.5424244399539361,1.0
phrase_full_signature_1_2gram,prophetische Redeweise,91,7217,0.012452107279693486,0.010461185416886922,0.0052550838622967095,0.01985773344637685,0.43500693569974436,0.3446670124874299,0.5584911352889929,0.9835865563244947,0.9015492253873063,1.0,2000,0.9999613427340172,1.0,0.9930034982508745,1.0,1.0,1.0
phrase_full_signature_1_2gram,"prophetische Schelt-, Droh- und Mahnrede",21,3656,0.005711177590426979,0.029953321840053854,0.0037817227116534497,0.5,0.5502631030530374,0.4026850136606747,0.8329488129637507,0.2131874859032471,0.2543728135932034,0.9910044977511244,2000,0.7655368811980237,1.0,0.7514409461935699,1.0,1.0,1.0
phrase_full_signature_1_2gram,prophetische Tora,0,525,0.0,nan,nan,nan,nan,nan,nan,nan,nan,0.0004997501249375312,2000,nan,nan,nan,nan,0.0004997501249375312,0.002475252013466025
phrase_full_signature_1_2gram,prophetisches Stück,28,4173,0.006665079742918353,0.007237216846628387,0.0034071726857506195,0.015792383285231592,0.5609744616753962,0.4215432782980653,0.6740828251800233,0.13269524823737228,0.1874062968515742,0.9820089955022488,2000,0.5109434815090951,1.0,0.5625937031484257,1.0,1.0,1.0
phrase_full_signature_1_2gram_psalm,Danklied Israels,6,2097,0.0028530670470756064,0.0025143107482804425,0.001199492104381669,0.005405723411852913,0.34231441742171353,0.059396741398499986,0.7291021793204849,0.9092483239819306,0.9160419790104948,1.0,2000,0.9789087076252553,1.0,0.9895372826407309,1.0,1.0,1.0
phrase_full_signature_1_2gram_psalm,Danklied des Einzelnen,1596,26866,0.056074766355140186,0.06718574118681625,0.049994794755082624,0.1009687947210556,0.5726391067932617,0.5178691497349692,0.6319379096171838,7.838508827581441e-23,0.004997501249375313,0.9715142428785607,2000,7.740527467236674e-22,3.8338672153331865e-21,0.034545227386306845,0.171101795430839,1.0,1.0
phrase_full_signature_1_2gram_psalm,Fluch,15,3142,0.004751346214760849,0.004126859947946052,0.00225663706066224,0.00858158406258889,0.4354551241247613,0.2892354740133613,0.5883662801484165,0.8061823844416469,0.7536231884057971,1.0,2000,0.988782647201491,1.0,0.9860069965017492,1.0,1.0,1.0
phrase_full_signature_1_2gram_psalm,Hymnus,11026,56707,0.16278623418422336,0.1868006917702192,0.15236337440569975,0.22889935900751393,0.5310839456889037,0.493898711901688,0.5809023774973389,2.193161085078051e-25,0.043478260869565216,0.9995002498750625,2000,1.2375694694369e-24,6.129655938376562e-24,0.15612648221343872,0.7732912312978178,1.0,1.0
phrase_full_signature_1_2gram_psalm,Klagelied des Einzelnen,5565,44872,0.11033566627674128,0.14686622078215295,0.09059221430670661,0.2200023539479138,0.580804855404219,0.5300283721821769,0.6633229371373915,1.1751487625409264e-86,0.0004997501249375312,0.9600199900049975,2000,3.868198010030549e-86,1.915910459053959e-85,0.0008773391082236659,0.004345442423640355,1.0,1.0
phrase_full_signature_1_2gram_psalm,Klagelied des Volkes,496,15918,0.030218106494455953,0.02771562792679204,0.012554100263099596,0.043309562182404816,0.47336171467480515,0.38856222375789046,0.535079653654424,0.9785034605389613,0.7841079460269865,1.0,2000,0.9999906926869576,1.0,0.9272799497687054,1.0,1.0,1.0
phrase_full_signature_1_2gram_psalm,Königspsalm,325,13088,0.024230224409155298,0.022569621693836195,0.010449696020565538,0.035459907935514096,0.4872406902388565,0.38372838613817706,0.5684518615550087,0.7843837041804183,0.6226886556721639,1.0,2000,0.9997904174423975,1.0,0.8824094446283351,1.0,1.0,1.0
phrase_full_signature_1_2gram_psalm,Legende,3,1579,0.0018963337547408343,0.06483142037302726,0.027778380367808327,0.1111111111111111,0.9822672577580748,0.9531417026511193,0.9948554914001837,0.0019298396544095988,0.0004997501249375312,0.0074962518740629685,2000,0.005232462259904652,0.025916277151172167,0.0011963715112140898,0.005925603304964121,0.029610194902548723,0.14665868179786198
phrase_full_signature_1_2gram_psalm,Liturgie,153,9176,0.01640047164755065,0.014083145903443107,0.007015990184973751,0.027617317917362296,0.39840932013607533,0.3344814752965617,0.4763308167925859,0.9999920903600956,0.9955022488755623,1.0,2000,0.9999999998364674,1.0,1.0,1.0,1.0,1.0
phrase_full_signature_1_2gram_psalm,Mischgedicht,45,5099,0.008748055987558321,0.009909632191821872,0.00434453445679724,0.02164603915904533,0.5086552918872982,0.4027989269464947,0.629203822775739,0.4206699713278893,0.39580209895052476,1.0,2000,0.5192644958578634,1.0,0.4898019740129935,1.0,1.0,1.0
phrase_full_signature_1_2gram_psalm,Segensspruch,253,11656,0.021244436980434964,0.01836410800041315,0.009665672780182186,0.027585628396233037,0.4566146529904699,0.39629855595363594,0.5256727129615689,0.9909828077583843,0.8620689655172413,1.0,2000,0.9999999994948561,1.0,0.9985007496251874,1.0,1.0,1.0
phrase_full_signature_1_2gram_psalm,Segenswunsch,45,5196,0.008586147681740127,0.0058456167994659185,0.002500705345094227,0.01106677648116485,0.3201586690616714,0.23030166393523013,0.5157186393547929,0.9999841446509938,0.9995002498750625,1.0,2000,0.9999999999519258,1.0,1.0,1.0,1.0,1.0
phrase_full_signature_1_2gram_psalm,Siegeslied,10,2622,0.003799392097264438,0.0035156293711827696,0.0015155442202364436,0.008274941793167475,0.4329900839054157,0.22395917563760445,0.7303983386219105,0.7681412093650022,0.7276361819090454,1.0,2000,0.9208285219226607,1.0,0.9063042008407561,1.0,1.0,1.0
phrase_full_signature_1_2gram_psalm,Thronbesteigungslied,36,4685,0.007625503071383181,0.02841493551031274,0.0015498496471950522,0.1297852885953842,0.642102454642476,0.36122482948876244,0.8625527210408035,0.001630990923442606,0.031984007996002,0.7381309345327336,2000,0.006135632521522184,0.03038966074232361,0.1065967016491754,0.5279712544723032,1.0,1.0
phrase_full_signature_1_2gram_psalm,Tora,3,1578,0.0018975332068311196,1.0,1.0,1.0,1.0,1.0,1.0,0.0013683169821595545,0.0009995002498750624,0.0009995002498750624,2000,0.0027897801675024784,0.013817723362452928,0.0019740129935032482,0.009777245453190798,0.0026320173246709975,0.013036327270921067
phrase_full_signature_1_2gram_psalm,Wallfahrtslied,0,528,0.0,nan,nan,nan,nan,nan,nan,nan,nan,0.0004997501249375312,2000,nan,nan,nan,nan,0.0004997501249375312,0.002475252013466025
phrase_full_signature_1_2gram_psalm,Weisheitsgedicht,465,15452,0.029214047873342967,0.029576390280368185,0.020053410052179588,0.04530917365580918,0.501981717924951,0.43591554375759384,0.5663093011988382,0.4420217994697725,0.44627686156921537,1.0,2000,0.999985157416146,1.0,0.8930058780133743,1.0,1.0,1.0
phrase_full_signature_1_2gram_psalm,Zionslied,15,3140,0.004754358161648178,0.0060533742367427645,0.001939903473399913,0.013931016064211005,0.5658704883227176,0.3439170219932663,0.8021974919495954,0.1890594500685699,0.2063968015992004,0.9815092453773113,2000,0.2491962241038875,1.0,0.2724785148409402,1.0,1.0,1.0
phrase_full_signature_1_2gram_psalm,prophetische Gerichtsrede,1,1050,0.0009514747859181732,0.0021598272138228943,nan,nan,0.560952380952381,nan,nan,0.41710230293064016,0.39959839357429716,0.9870064967516242,2000,0.5705530296931787,1.0,0.5457783515012431,1.0,1.0,1.0
phrase_full_signature_1_2gram_psalm,prophetische Redeweise,91,7217,0.012452107279693486,0.012053786530358473,0.0022063637259266975,0.046612552010337184,0.46103217829696974,0.35796381832205443,0.548021631365181,0.8996581543530643,0.7446276861569215,1.0,2000,0.9999613427340172,1.0,0.9930034982508745,1.0,1.0,1.0
phrase_full_signature_1_2gram_psalm,"prophetische Schelt-, Droh- und Mahnrede",21,3656,0.005711177590426979,0.01652573325933062,0.0014902243014576573,0.08966335630536505,0.5115009898926748,0.1768733713975071,0.682417905102041,0.42782128429208927,0.41829085457271364,1.0,2000,0.8287155809202843,1.0,0.7514409461935699,1.0,1.0,1.0
phrase_full_signature_1_2gram_psalm,prophetische Tora,0,525,0.0,nan,nan,nan,nan,nan,nan,nan,nan,0.0004997501249375312,2000,nan,nan,nan,nan,0.0004997501249375312,0.002475252013466025
phrase_full_signature_1_2gram_psalm,prophetisches Stück,28,4173,0.006665079742918353,0.010156543422849258,0.002757740220606082,0.13141455270740487,0.44904744787922357,0.28838676867296636,0.6664467941744466,0.8240291823601429,0.7526236881559221,1.0,2000,0.9714858056745862,1.0,0.9288827808318064,1.0,1.0,1.0
phrase_full_signature_1gram,Danklied Israels,6,2097,0.0028530670470756064,0.004128216311439234,0.0018075655209033627,0.01470881701051988,0.538070259100302,0.3767651788076758,0.957475981057529,0.3736648225650935,0.3488255872063968,0.9980009995002499,2000,0.8688138050964302,1.0,0.8267630890437135,1.0,1.0,1.0
phrase_full_signature_1gram,Danklied des Einzelnen,1596,26866,0.056074766355140186,0.0629564106336803,0.04897476430654523,0.08365044005724037,0.5320997745797532,0.4740560480711333,0.5822852031715992,7.94757131234705e-06,0.1024487756121939,0.9985007496251874,2000,1.9026004050770214e-05,9.423540382459831e-05,0.21298561245692943,1.0,1.0,1.0
phrase_full_signature_1gram,Fluch,15,3142,0.004751346214760849,0.005208133036618765,0.001827460151321626,0.030662607948726665,0.48107362614046256,0.29917170505505636,0.8429504705738281,0.6000300183161982,0.544727636181909,1.0,2000,0.988782647201491,1.0,0.9860069965017492,1.0,1.0,1.0
phrase_full_signature_1gram,Hymnus,11026,56707,0.16278623418422336,0.14484669831161207,0.12110931734800624,0.16947415173825917,0.4593298323969158,0.43243295288156586,0.489204887776138,1.0,0.991504247876062,1.0,2000,1.0,1.0,1.0,1.0,1.0,1.0
phrase_full_signature_1gram,Klagelied des Einzelnen,5565,44872,0.11033566627674128,0.15574940263977066,0.11420297726296497,0.20300710597008192,0.5777922170391988,0.5252255890098924,0.638136969907128,1.7804070394656037e-80,0.0004997501249375312,0.953023488255872,2000,4.395379878680709e-80,2.177022546219961e-79,0.0008773391082236659,0.004345442423640355,1.0,1.0
phrase_full_signature_1gram,Klagelied des Volkes,496,15918,0.030218106494455953,0.037650179503929966,0.02267149470969687,0.05562114409159821,0.580742750649498,0.5077363715466374,0.6798965116190611,4.279185317209785e-10,0.010494752623688156,0.9465267366316842,2000,3.3805564005957304e-09,1.674382580345729e-08,0.06316841579210394,0.31287185450210553,1.0,1.0
phrase_full_signature_1gram,Königspsalm,325,13088,0.024230224409155298,0.025353127413080552,0.015129975399676006,0.03891068886701199,0.5082343191649427,0.4567318908096621,0.6141320666444541,0.305747297703442,0.38130934532733635,1.0,2000,0.9300732712125533,1.0,0.8824094446283351,1.0,1.0,1.0
phrase_full_signature_1gram,Legende,3,1579,0.0018963337547408343,0.24523809523809526,0.11111111523598928,0.2692633810110441,0.9962001266624446,0.9927039953269249,0.998794097178161,0.0014754603095024767,0.0004997501249375312,0.00399800099950025,2000,0.005232462259904652,0.025916277151172167,0.0011963715112140898,0.005925603304964121,0.029610194902548723,0.14665868179786198
phrase_full_signature_1gram,Liturgie,153,9176,0.01640047164755065,0.02580479264588368,0.015172272927586735,0.04417965090312877,0.6721918787858067,0.5991692959511942,0.7600380328076448,1.2677309403443999e-13,0.0009995002498750624,0.5967016491754122,2000,6.676716285813839e-13,3.306963741503402e-12,0.003760024749529997,0.01862332467274438,1.0,1.0
phrase_full_signature_1gram,Mischgedicht,45,5099,0.008748055987558321,0.030282942184181396,0.00994635236894615,0.07384521751284762,0.7796757534157024,0.6302154978212211,0.8768188756985364,4.903115720487641e-11,0.0004997501249375312,0.248375812093953,2000,1.9367307095926183e-10,9.592587073509685e-10,0.0017165330378289116,0.008501952567991999,1.0,1.0
phrase_full_signature_1gram,Segensspruch,253,11656,0.021244436980434964,0.01850123608451307,0.009265788399978644,0.03378259418318898,0.4441762338553691,0.39234368628090915,0.5562534575644278,0.9988293951908019,0.9320339830084957,1.0,2000,0.9999999994948561,1.0,0.9985007496251874,1.0,1.0,1.0
phrase_full_signature_1gram,Segenswunsch,45,5196,0.008586147681740127,0.008890901756959821,0.00327434850383055,0.0414771269385942,0.42451886066204775,0.30121680268100115,0.604845599207036,0.9596293784748922,0.8970514742628686,1.0,2000,0.9999999999519258,1.0,1.0,1.0,1.0,1.0
phrase_full_signature_1gram,Siegeslied,10,2622,0.003799392097264438,0.0034861545117810732,0.0017271598882097586,0.007712260815480981,0.4278794813119756,0.27839498052993483,0.7582860926908942,0.7848316807711296,0.7306346826586707,1.0,2000,0.9208285219226607,1.0,0.9063042008407561,1.0,1.0,1.0
phrase_full_signature_1gram,Thronbesteigungslied,36,4685,0.007625503071383181,0.01873319943137267,0.005988023952095809,0.09613115655636793,0.7194948416933475,0.6282750591883626,0.8838813577749766,2.7579286183641023e-06,0.00399800099950025,0.4122938530734633,2000,0.00015683883162833373,0.0007768194831891616,0.06502631037422466,0.32207396786981457,1.0,1.0
phrase_full_signature_1gram,Tora,3,1578,0.0018975332068311196,0.11320320978834225,0.0352583772286553,0.1717117715239362,0.6673003802281369,0.6348352553058926,0.7054668682220114,0.15819594868718978,0.13993003498250875,0.6196901549225388,2000,0.24994959892575985,1.0,0.22640720456098481,1.0,0.9791104447776113,1.0
phrase_full_signature_1gram,Wallfahrtslied,0,528,0.0,nan,nan,nan,nan,nan,nan,nan,nan,0.0004997501249375312,2000,nan,nan,nan,nan,0.0004997501249375312,0.002475252013466025
phrase_full_signature_1gram,Weisheitsgedicht,465,15452,0.029214047873342967,0.0287926064893453,0.019093600881020557,0.043290276615088275,0.49883705070715,0.43690955540980264,0.5654252632896632,0.5341061806606179,0.4777611194402799,1.0,2000,0.999985157416146,1.0,0.8930058780133743,1.0,1.0,1.0
phrase_full_signature_1gram,Zionslied,15,3140,0.004754358161648178,0.023351669014516543,0.005025026716416877,0.0618201536707087,0.8533864118895966,0.6486405883271577,0.9416784522057942,1.1281370852478764e-06,0.0004997501249375312,0.11944027986006997,2000,8.912282973458224e-06,4.414235289563751e-05,0.0026320173246709975,0.013036327270921067,0.7219247519097595,1.0
phrase_full_signature_1gram,prophetische Gerichtsrede,1,1050,0.0009514747859181732,0.004694835680751174,nan,nan,0.799047619047619,nan,nan,0.150732125023175,0.13453815261044177,0.20389805097451275,2000,0.390983073497538,1.0,0.3788083367954577,1.0,0.5832890006609599,1.0
phrase_full_signature_1gram,prophetische Redeweise,91,7217,0.012452107279693486,0.010700374912058237,0.005321601002557745,0.019912516320723148,0.4477020831461735,0.36011291958342934,0.5883061344968803,0.9570401173902878,0.8450774612693653,1.0,2000,0.9999613427340172,1.0,0.9930034982508745,1.0,1.0,1.0
phrase_full_signature_1gram,"prophetische Schelt-, Droh- und Mahnrede",21,3656,0.005711177590426979,0.029572273673392706,0.003543729650290926,0.5,0.5299703032197561,0.417200959537122,0.9811771889251333,0.317665683074687,0.3233383308345827,0.999000499750125,2000,0.8287155809202843,1.0,0.7514409461935699,1.0,1.0,1.0
phrase_full_signature_1gram,prophetische Tora,0,525,0.0,nan,nan,nan,nan,nan,nan,nan,nan,0.0004997501249375312,2000,nan,nan,nan,nan,0.0004997501249375312,0.002475252013466025
phrase_full_signature_1gram,prophetisches Stück,28,4173,0.006665079742918353,0.0073076725021687826,0.003395050337568308,0.015435085008448864,0.5695072061894492,0.4421201258192197,0.7076398335295883,0.10211215278541041,0.1519240379810095,0.9660169915042479,2000,0.5109434815090951,1.0,0.5625937031484257,1.0,1.0,1.0
phrase_full_signature_1gram_psalm,Danklied Israels,6,2097,0.0028530670470756064,0.0029835524225926245,0.0011978979718903228,0.008061923358165062,0.38117946272452713,0.055753599253701415,0.8486730420293948,0.8430092199416513,0.8490754622688655,1.0,2000,0.9789087076252553,1.0,0.9895372826407309,1.0,1.0,1.0
phrase_full_signature_1gram_psalm,Danklied des Einzelnen,1596,26866,0.056074766355140186,0.06695970361811017,0.05066811853015974,0.0980242401908976,0.5651487392082529,0.5128891279035744,0.6247104493238392,9.814494629626218e-19,0.009495252373813094,0.9750124937531235,2000,4.307472643002619e-18,2.1334822745416643e-17,0.037506246876561726,0.1857676636106252,1.0,1.0
phrase_full_signature_1gram_psalm,Fluch,15,3142,0.004751346214760849,0.004103520163761268,0.0020426835836812682,0.009467129908925172,0.4307659664757055,0.27825028969881666,0.6619602733518134,0.8229499746754054,0.7806096951524237,1.0,2000,0.988782647201491,1.0,0.9860069965017492,1.0,1.0,1.0
phrase_full_signature_1gram_psalm,Hymnus,11026,56707,0.16278623418422336,0.1828326364573229,0.14858263085233583,0.225862995203196,0.5224096753775748,0.48718151393263487,0.5712128357225804,4.3762311681687375e-14,0.08695652173913043,0.9995002498750625,2000,1.3828890491413212e-13,6.849420805477631e-13,0.25442834138486314,1.0,1.0,1.0
phrase_full_signature_1gram_psalm,Klagelied des Einzelnen,5565,44872,0.11033566627674128,0.1445737267664639,0.091445802666535,0.21692554656714863,0.5776403525043262,0.5316458733283023,0.6502000437181036,3.596982151768677e-80,0.0004997501249375312,0.953023488255872,2000,8.610957272415925e-80,4.264989294216127e-79,0.0008773391082236659,0.004345442423640355,1.0,1.0
phrase_full_signature_1gram_psalm,Klagelied des Volkes,496,15918,0.030218106494455953,0.02846268527139683,0.01491852615732408,0.04269815700340363,0.4842213648375343,0.420154758445641,0.5406338513764539,0.8846863215472961,0.6746626686656672,1.0,2000,0.9999906926869576,1.0,0.9272799497687054,1.0,1.0,1.0
phrase_full_signature_1gram_psalm,Königspsalm,325,13088,0.024230224409155298,0.023848519714796998,0.011440107726642319,0.037849372142923055,0.4944143784088772,0.40980780173396514,0.5708508914044919,0.6347891508520408,0.5497251374312844,1.0,2000,0.9997904174423975,1.0,0.8824094446283351,1.0,1.0,1.0
phrase_full_signature_1gram_psalm,Legende,3,1579,0.0018963337547408343,0.0707070707070707,0.020622136074630718,0.13508750982769788,0.9799451129406798,0.9524135764625793,0.9962607682923007,0.002016987217830054,0.0004997501249375312,0.010494752623688156,2000,0.005232462259904652,0.025916277151172167,0.0011963715112140898,0.005925603304964121,0.02961019490254873,0.14665868179786198
phrase_full_signature_1gram_psalm,Liturgie,153,9176,0.01640047164755065,0.01332348631602971,0.006566499429208827,0.021957217048239504,0.4165306198038646,0.35379258565106325,0.49556212497650187,0.9998051202749981,0.984007996001999,1.0,2000,0.9999999998364674,1.0,1.0,1.0,1.0,1.0
phrase_full_signature_1gram_psalm,Mischgedicht,45,5099,0.008748055987558321,0.010654314698535918,0.004127955599842368,0.025772619222257945,0.4930400296354405,0.37110824601421816,0.6156256885068505,0.5639774534874176,0.48075962018990503,1.0,2000,0.6188085947986943,1.0,0.5275001388194792,1.0,1.0,1.0
phrase_full_signature_1gram_psalm,Segensspruch,253,11656,0.021244436980434964,0.019425807945001233,0.01008990624032351,0.029907197804919697,0.4756029906055271,0.4194826332461008,0.5439436991247123,0.9082197111837444,0.736631684157921,1.0,2000,0.9999999994948561,1.0,0.9985007496251874,1.0,1.0,1.0
phrase_full_signature_1gram_psalm,Segenswunsch,45,5196,0.008586147681740127,0.006287855044091739,0.00252162343482408,0.011425667100693083,0.3592057993328201,0.23956805851277377,0.5078142234978564,0.9994378779753114,0.9970014992503748,1.0,2000,0.9999999999519258,1.0,1.0,1.0,1.0,1.0
phrase_full_signature_1gram_psalm,Siegeslied,10,2622,0.003799392097264438,0.004248120429667219,0.0017966596571924157,0.019365841171863914,0.5164759725400457,0.3033405477953164,0.8585857746318976,0.42861493858709093,0.3853073463268366,1.0,2000,0.9208285219226607,1.0,0.9063042008407561,1.0,1.0,1.0
phrase_full_signature_1gram_psalm,Thronbesteigungslied,36,4685,0.007625503071383181,0.044280197838551465,0.0021587980923545775,0.21418954054025235,0.708277006996324,0.4415123646885462,0.9382500919249752,8.091844174436703e-06,0.004497751124437781,0.4707646176911544,2000,0.0001598139224451249,0.0007915550463577093,0.06502631037422466,0.32207396786981457,1.0,1.0
phrase_full_signature_1gram_psalm,Tora,3,1578,0.0018975332068311196,1.0,1.0,1.0,1.0,1.0,1.0,0.0013683108273543742,0.0009995002498750624,0.0009995002498750624,2000,0.0027897801675024784,0.013817723362452928,0.0019740129935032482,0.009777245453190798,0.0026320173246709975,0.013036327270921067
phrase_full_signature_1gram_psalm,Wallfahrtslied,0,528,0.0,nan,nan,nan,nan,nan,nan,nan,nan,0.0004997501249375312,2000,nan,nan,nan,nan,0.0004997501249375312,0.002475252013466025
phrase_full_signature_1gram_psalm,Weisheitsgedicht,465,15452,0.029214047873342967,0.02993477207839923,0.020419774377350847,0.045825310316571014,0.5050546402456166,0.4408940413030002,0.5687086114127664,0.3549442673691105,0.4112943528235882,1.0,2000,0.999985157416146,1.0,0.8930058780133743,1.0,1.0,1.0
phrase_full_signature_1gram_psalm,Zionslied,15,3140,0.004754358161648178,0.012993271371604442,0.0032622630154315714,0.034523445618643935,0.7470169851380043,0.4962481251535538,0.9140546174288062,0.00047394293597649356,0.009495252373813094,0.3488255872063968,2000,0.0010697569126326568,0.005298483821778279,0.020273646960303635,0.10041495330304066,0.7907018712865791,1.0
phrase_full_signature_1gram_psalm,prophetische Gerichtsrede,1,1050,0.0009514747859181732,0.002183406113537118,nan,nan,0.5657142857142857,nan,nan,0.41068103705848447,0.3890562248995984,0.9750124937531235,2000,0.5705530296931787,1.0,0.5457783515012431,1.0,1.0,1.0
phrase_full_signature_1gram_psalm,prophetische Redeweise,91,7217,0.012452107279693486,0.014046915296920464,0.0024235403208089225,0.04955390044948466,0.4776177127569673,0.38769404201719315,0.6057025033886545,0.7688270982132188,0.6301849075462269,1.0,2000,0.9999613427340172,1.0,0.9930034982508745,1.0,1.0,1.0
phrase_full_signature_1gram_psalm,"prophetische Schelt-, Droh- und Mahnrede",21,3656,0.005711177590426979,0.016397899910111646,0.0016872964852998515,0.08880848606533659,0.5104068979889549,0.2402040996009308,0.6958321466520178,0.4346264652392994,0.41529235382308843,1.0,2000,0.8287155809202843,1.0,0.7514409461935699,1.0,1.0,1.0
phrase_full_signature_1gram_psalm,prophetische Tora,0,525,0.0,nan,nan,nan,nan,nan,nan,nan,nan,0.0004997501249375312,2000,nan,nan,nan,nan,0.0004997501249375312,0.002475252013466025
phrase_full_signature_1gram_psalm,prophetisches Stück,28,4173,0.006665079742918353,0.009753104876338545,0.002827122064799991,0.12867908076195692,0.4608880216356852,0.2537160164533549,0.6231192881751433,0.7625526249198904,0.6991504247876063,1.0,2000,0.9714858056745862,1.0,0.9205480593036816,1.0,1.0,1.0
phrase_function_1_2_3gram,Danklied Israels,6,2097,0.0028530670470756064,0.004116012018203993,0.0018071046917198365,0.01071699463595568,0.5704180575425211,0.2651889229575367,0.8711265641780279,0.27552560722498726,0.2688655672163918,0.9620189905047476,2000,0.835369597573365,1.0,0.7811451417148568,1.0,1.0,1.0
phrase_function_1_2_3gram,Danklied des Einzelnen,1596,26866,0.056074766355140186,0.05584715407597668,0.043621456552771956,0.07275863879105393,0.5006092265764538,0.4565756367500497,0.5573732929032695,0.46735896115373693,0.47226386806596704,1.0,2000,0.5429611460462532,1.0,0.5486594937825205,1.0,1.0,1.0
phrase_function_1_2_3gram,Fluch,15,3142,0.004751346214760849,0.004071041750087629,0.001760382293946191,0.010279275763769859,0.3971780182474008,0.2251519836260403,0.7697280122233284,0.915612161417912,0.8785607196401799,1.0,2000,0.988782647201491,1.0,0.9860069965017492,1.0,1.0,1.0
phrase_function_1_2_3gram,Hymnus,11026,56707,0.16278623418422336,0.14137876827152368,0.1162536199446887,0.16581267210210154,0.4482341104205668,0.4182854532168999,0.47636140190145315,1.0,1.0,1.0,2000,1.0,1.0,1.0,1.0,1.0,1.0
phrase_function_1_2_3gram,Klagelied des Einzelnen,5565,44872,0.11033566627674128,0.15100126031710093,0.11006192241657986,0.18962189752382935,0.5711068416709957,0.5210742066108905,0.6466730654634297,1.3538219566512904e-67,0.0009995002498750624,0.9600199900049975,2000,2.4307257858057258e-67,1.203933444989432e-66,0.001518471533464037,0.007520958040915999,1.0,1.0
phrase_function_1_2_3gram,Klagelied des Volkes,496,15918,0.030218106494455953,0.03656759315262347,0.023672322948141884,0.054584259338519146,0.5798248660473637,0.5134213416215336,0.6870766664160554,6.619316579074755e-10,0.012993503248375811,0.9430284857571214,2000,4.022507767283889e-09,1.9923397620754498e-08,0.06316841579210394,0.31287185450210553,1.0,1.0
phrase_function_1_2_3gram,Königspsalm,325,13088,0.024230224409155298,0.026030279025285284,0.014800952656463771,0.041731069155849655,0.48835033853676885,0.42808517361063214,0.6043986700086991,0.7638167326200969,0.5957021489255372,1.0,2000,0.9997904174423975,1.0,0.8824094446283351,1.0,1.0,1.0
phrase_function_1_2_3gram,Legende,3,1579,0.0018963337547408343,0.1746031746031746,0.04545469044236217,0.25,0.9924002533248891,0.9792360759750703,0.9977046391091522,0.0015886927519603985,0.0004997501249375312,0.006496751624187906,2000,0.005232462259904652,0.025916277151172167,0.0011963715112140898,0.005925603304964121,0.029610194902548723,0.14665868179786198
phrase_function_1_2_3gram,Liturgie,153,9176,0.01640047164755065,0.03290354910547124,0.018519649894366122,0.05598206777700294,0.7247843194237881,0.6380619418418956,0.8024622055343661,6.369961645890883e-22,0.0004997501249375312,0.4012993503248376,2000,1.6774232334179325e-20,8.308242517140808e-20,0.003760024749529997,0.01862332467274438,1.0,1.0
phrase_function_1_2_3gram,Mischgedicht,45,5099,0.008748055987558321,0.03796753154145702,0.015826494823142166,0.0833909595057015,0.8514196683445556,0.7581944998217559,0.9232935355681468,2.1532485337376216e-16,0.0004997501249375312,0.11244377811094453,2000,8.505331708263606e-15,4.212673171158791e-14,0.0017165330378289116,0.008501952567991999,1.0,1.0
phrase_function_1_2_3gram,Segensspruch,253,11656,0.021244436980434964,0.02543627166168653,0.014167618014273927,0.07006267087474902,0.49945116393260286,0.41339383665904905,0.6994705214767993,0.5119370122174575,0.48075962018990503,1.0,2000,0.9999999994948561,1.0,0.9985007496251874,1.0,1.0,1.0
phrase_function_1_2_3gram,Segenswunsch,45,5196,0.008586147681740127,0.007946412150409551,0.0033892115629694606,0.024225765661855532,0.46020443075870326,0.3542605936734127,0.6628128936777695,0.8214091230581599,0.729135432283858,1.0,2000,0.9999999999519258,1.0,1.0,1.0,1.0,1.0
phrase_function_1_2_3gram,Siegeslied,10,2622,0.003799392097264438,0.003795453401186996,0.0017145549600662635,0.01554796716746302,0.41922196796338673,0.28484824965048294,0.9090249752994493,0.8114459688106949,0.7721139430284858,1.0,2000,0.9208285219226607,1.0,0.9063042008407561,1.0,1.0,1.0
phrase_function_1_2_3gram,Thronbesteigungslied,36,4685,0.007625503071383181,0.015194406637922904,0.004917458796566981,0.031755626071158116,0.6684038894817977,0.5353592695961674,0.8965993181591486,0.00024477713425501987,0.01649175412293853,0.6216891554222889,2000,0.0011374937415380335,0.005633982931768087,0.07238047642845245,0.35849899995032936,1.0,1.0
phrase_function_1_2_3gram,Tora,3,1578,0.0018975332068311196,0.0019496200039810741,0.001485106356418509,0.0036870436809939627,0.3736797634136037,0.3330831089407749,0.445011425858667,0.7756535080864875,0.7876061969015492,1.0,2000,0.8514436691815339,1.0,0.864179021600311,1.0,1.0,1.0
phrase_function_1_2_3gram,Wallfahrtslied,0,528,0.0,nan,nan,nan,nan,nan,nan,nan,nan,0.0004997501249375312,2000,nan,nan,nan,nan,0.0004997501249375312,0.002475252013466025
phrase_function_1_2_3gram,Weisheitsgedicht,465,15452,0.029214047873342967,0.0296036118966405,0.01902907788645383,0.04343022893734908,0.5148679643377062,0.4276979827329236,0.5785086504078449,0.13692368036769836,0.31384307846076964,1.0,2000,0.6362923970028336,1.0,0.8930058780133743,1.0,1.0,1.0
phrase_function_1_2_3gram,Zionslied,15,3140,0.004754358161648178,0.02963420119746077,0.00710428222370781,0.09885086830358837,0.8764437367303609,0.778037015037671,0.9507102483967663,2.3574916615150314e-07,0.0004997501249375312,0.07946026986506746,2000,2.66059773228125e-06,1.317788543759846e-05,0.0026320173246709975,0.013036327270921067,0.7219247519097595,1.0
phrase_function_1_2_3gram,prophetische Gerichtsrede,1,1050,0.0009514747859181732,0.008849557522123894,nan,nan,0.8942857142857142,nan,nan,0.0864571327636936,0.048694779116465865,0.06546726636681659,2000,0.390983073497538,1.0,0.36427190242451285,1.0,0.5424244399539361,1.0
phrase_function_1_2_3gram,prophetische Redeweise,91,7217,0.012452107279693486,0.01107497405332366,0.006032293583600526,0.020332721572937973,0.46782170303023846,0.3962257537838088,0.6176344342337557,0.8546659241679706,0.7351324337831084,1.0,2000,0.9999613427340172,1.0,0.9930034982508745,1.0,1.0,1.0
phrase_function_1_2_3gram,"prophetische Schelt-, Droh- und Mahnrede",21,3656,0.005711177590426979,0.031308649358918854,0.0041523503925518755,0.5,0.5838152547671147,0.46326142140529947,0.7583693166314548,0.09234731736602769,0.15292353823088456,0.9345327336331835,2000,0.5485772286249473,1.0,0.7514409461935699,1.0,1.0,1.0
phrase_function_1_2_3gram,prophetische Tora,0,525,0.0,nan,nan,nan,nan,nan,nan,nan,nan,0.0004997501249375312,2000,nan,nan,nan,nan,0.0004997501249375312,0.002475252013466025
phrase_function_1_2_3gram,prophetisches Stück,28,4173,0.006665079742918353,0.007454827457158296,0.0035455799752291857,0.01638431774618064,0.5676414706788538,0.4735296394480934,0.7609795284661137,0.10831765507682445,0.16441779110444776,0.9705147426286856,2000,0.5109434815090951,1.0,0.5625937031484257,1.0,1.0,1.0
phrase_function_1_2_3gram_psalm,Danklied Israels,6,2097,0.0028530670470756064,0.002197106789478691,0.0012113575258472233,0.004858986959209767,0.27499602606898743,0.12990385942595856,0.720711184195247,0.9717101806123369,0.9770114942528736,1.0,2000,0.9841680034407002,1.0,0.9895372826407309,1.0,1.0,1.0
phrase_function_1_2_3gram_psalm,Danklied des Einzelnen,1596,26866,0.056074766355140186,0.0655509040681929,0.04658382360133781,0.09628696272654026,0.5585482540565663,0.5039763075208211,0.6186819879244136,1.7453078919960661e-15,0.02148925537231384,0.9910044977511244,2000,6.267241975804055e-15,3.1041519642295046e-14,0.0652942759389536,0.32340119575938797,1.0,1.0
phrase_function_1_2_3gram_psalm,Fluch,15,3142,0.004751346214760849,0.004178012466454329,0.0022730409113205755,0.008128151975838454,0.43662210906004667,0.20142578878552664,0.5963030021433936,0.8018707069513089,0.7481259370314842,1.0,2000,0.988782647201491,1.0,0.9860069965017492,1.0,1.0,1.0
phrase_function_1_2_3gram_psalm,Hymnus,11026,56707,0.16278623418422336,0.18813828199585503,0.15192234538119728,0.22370797892350391,0.5427031443170804,0.5071732521356995,0.5892674106548272,3.818598028725528e-46,0.010494752623688156,0.999000499750125,2000,1.5083462213465834e-44,7.470807579805395e-44,0.13571339330334833,0.6721856249068675,1.0,1.0
phrase_function_1_2_3gram_psalm,Klagelied des Einzelnen,5565,44872,0.11033566627674128,0.1503716721846888,0.08998626511528351,0.24161962791317138,0.5786459702406782,0.5226458418962641,0.6612787127027512,3.306240666975099e-82,0.0004997501249375312,0.9585207396301849,2000,9.006655610035615e-82,4.460977860910479e-81,0.0008773391082236659,0.004345442423640355,1.0,1.0
phrase_function_1_2_3gram_psalm,Klagelied des Volkes,496,15918,0.030218106494455953,0.025905835195631995,0.010556872297254192,0.04180230293835531,0.4579460156690134,0.3396847543696282,0.5280922420554061,0.9993007203507891,0.9045477261369316,1.0,2000,0.9999906926869576,1.0,0.9272799497687054,1.0,1.0,1.0
phrase_function_1_2_3gram_psalm,Königspsalm,325,13088,0.024230224409155298,0.021339540985568582,0.00888536210185272,0.034328911091722286,0.4659915130712808,0.3442042099503213,0.5494005577941113,0.9820419403716146,0.8095952023988006,1.0,2000,0.9997904174423975,1.0,0.8824094446283351,1.0,1.0,1.0
phrase_function_1_2_3gram_psalm,Legende,3,1579,0.0018963337547408343,0.04029489204844655,0.0033600146074670473,0.09170944736217619,0.9465906691999155,0.6685516903397472,0.9836295674352595,0.0037261151545035904,0.0004997501249375312,0.009995002498750625,2000,0.007746397294889043,0.03836774528806503,0.0011963715112140898,0.005925603304964121,0.02961019490254873,0.14665868179786198
phrase_function_1_2_3gram_psalm,Liturgie,153,9176,0.01640047164755065,0.01221586097774599,0.0055715261068879866,0.01993315134230585,0.38804554079696396,0.3023117936317039,0.4649646192496034,0.9999990193429055,0.9970014992503748,1.0,2000,0.9999999998364674,1.0,1.0,1.0,1.0,1.0
phrase_function_1_2_3gram_psalm,Mischgedicht,45,5099,0.008748055987558321,0.008810960835558702,0.0049178400827800456,0.01639905791190103,0.5135582140288946,0.398424246020628,0.605058681894926,0.3769096338575013,0.3743128435782109,1.0,2000,0.5115090762617722,1.0,0.4898019740129935,1.0,1.0,1.0
phrase_function_1_2_3gram_psalm,Segensspruch,253,11656,0.021244436980434964,0.01793857714659004,0.009262510186480768,0.027152010937224025,0.44797027299041564,0.3771833431467258,0.5136046412469586,0.9977167276614832,0.9085457271364318,1.0,2000,0.9999999994948561,1.0,0.9985007496251874,1.0,1.0,1.0
phrase_function_1_2_3gram_psalm,Segenswunsch,45,5196,0.008586147681740127,0.0060429172581883805,0.0025359685322965944,0.01167974985292622,0.3451650842528441,0.23597928973617335,0.4744943058508843,0.9998297193169832,0.999000499750125,1.0,2000,0.9999999999519258,1.0,1.0,1.0,1.0,1.0
phrase_function_1_2_3gram_psalm,Siegeslied,10,2622,0.003799392097264438,0.003906497976260525,0.0013795979199550843,0.009248084278535275,0.5070175438596491,0.2521935233520393,0.761644492633352,0.4695073392147136,0.4512743628185907,1.0,2000,0.9208285219226607,1.0,0.9063042008407561,1.0,1.0,1.0
phrase_function_1_2_3gram_psalm,Thronbesteigungslied,36,4685,0.007625503071383181,0.04383215529306281,0.002571517979147587,0.3246829562527105,0.6185284003320289,0.37541835228573806,0.8281773796724446,0.007065177145408376,0.0544727636181909,0.84007996001999,2000,0.017650249358357364,0.08742131934016542,0.11428496278176702,0.5660510525531516,1.0,1.0
phrase_function_1_2_3gram_psalm,Tora,3,1578,0.0018975332068311196,0.5,0.5,0.5,0.9990494296577946,0.9982698703790477,0.9993438263891475,0.0013768541022870955,0.0004997501249375312,0.0014992503748125937,2000,0.0027897801675024784,0.013817723362452928,0.0019740129935032482,0.009777245453190798,0.0031168626213209185,0.015437755978722316
phrase_function_1_2_3gram_psalm,Wallfahrtslied,0,528,0.0,nan,nan,nan,nan,nan,nan,nan,nan,0.0004997501249375312,2000,nan,nan,nan,nan,0.0004997501249375312,0.002475252013466025
phrase_function_1_2_3gram_psalm,Weisheitsgedicht,465,15452,0.029214047873342967,0.02902875599530718,0.01994233176559684,0.044949165932366815,0.49245175486209114,0.4258784250560529,0.5509622796163923,0.710738270649178,0.5707146426786607,1.0,2000,0.999985157416146,1.0,0.8930058780133743,1.0,1.0,1.0
phrase_function_1_2_3gram_psalm,Zionslied,15,3140,0.004754358161648178,0.005696516917145917,0.0018036018138714901,0.01195104090283868,0.5834394904458599,0.28469977792879436,0.6803050035401762,0.13210032563051144,0.16741629185407297,0.9500249875062469,2000,0.1863558165144715,0.92301649770715,0.22803253545640972,1.0,1.0,1.0
phrase_function_1_2_3gram_psalm,prophetische Gerichtsrede,1,1050,0.0009514747859181732,0.002145922746781116,nan,nan,0.560952380952381,nan,nan,0.41708025160084894,0.4211847389558233,0.9900049975012494,2000,0.5705530296931787,1.0,0.5457783515012431,1.0,1.0,1.0
phrase_function_1_2_3gram_psalm,prophetische Redeweise,91,7217,0.012452107279693486,0.017700834153721885,0.0032136311147765704,0.0730357870024273,0.46103674626606594,0.2629539441494817,0.5358446452462781,0.8996351080176976,0.7421289355322339,1.0,2000,0.9999613427340172,1.0,0.9930034982508745,1.0,1.0,1.0
phrase_function_1_2_3gram_psalm,"prophetische Schelt-, Droh- und Mahnrede",21,3656,0.005711177590426979,0.026101766815962026,0.0015026431916762646,0.11283518844135075,0.48055381890174015,0.24838562268285994,0.6690835906943251,0.6209181710654027,0.5657171414292853,1.0,2000,0.8287155809202843,1.0,0.7514409461935699,1.0,1.0,1.0
phrase_function_1_2_3gram_psalm,prophetische Tora,0,525,0.0,nan,nan,nan,nan,nan,nan,nan,nan,0.0004997501249375312,2000,nan,nan,nan,nan,0.0004997501249375312,0.002475252013466025
phrase_function_1_2_3gram_psalm,prophetisches Stück,28,4173,0.006665079742918353,0.017505705693404032,0.002654479031073687,0.14613927309698727,0.4247629317722776,0.24883995158242064,0.6440306980076625,0.915353825461966,0.8465767116441779,1.0,2000,0.9714858056745862,1.0,0.9288827808318064,1.0,1.0,1.0
phrase_function_1_2gram,Danklied Israels,6,2097,0.0028530670470756064,0.0039054902596952173,0.0016909799653773865,0.010697871541354775,0.5379907804800509,0.2265056281229886,0.8781395932052101,0.3739198654845396,0.35582208895552225,0.9980009995002499,2000,0.8688138050964302,1.0,0.8267630890437135,1.0,1.0,1.0
phrase_function_1_2gram,Danklied des Einzelnen,1596,26866,0.056074766355140186,0.05686213868631978,0.04428198558296688,0.07399437585203122,0.5053962583634699,0.46021671397066766,0.5567588101405467,0.23406079970432675,0.39430284857571213,1.0,2000,0.2889187996350283,1.0,0.48671757871064464,1.0,1.0,1.0
phrase_function_1_2gram,Fluch,15,3142,0.004751346214760849,0.004012393893157433,0.0016991864838368097,0.010126504143115675,0.3838107362614046,0.2201887182720957,0.7777068469061282,0.9400311299212099,0.9190404797601199,1.0,2000,0.988782647201491,1.0,0.9860069965017492,1.0,1.0,1.0
phrase_function_1_2gram,Hymnus,11026,56707,0.16278623418422336,0.1432291479380305,0.11857270111468748,0.1680122395384949,0.4538559348598129,0.42877727898100076,0.47873203523701935,1.0,0.9995002498750625,1.0,2000,1.0,1.0,1.0,1.0,1.0,1.0
phrase_function_1_2gram,Klagelied des Einzelnen,5565,44872,0.11033566627674128,0.1523876120696377,0.11192226876426417,0.19050563433270634,0.5717089536662696,0.5210177041256775,0.6442023906525669,1.043673743744271e-68,0.0009995002498750624,0.9600199900049975,2000,2.0109811159950586e-68,9.960347797874256e-68,0.001518471533464037,0.007520958040915999,1.0,1.0
phrase_function_1_2gram,Klagelied des Volkes,496,15918,0.030218106494455953,0.037335747405551414,0.023355278511824097,0.05567550649126883,0.5809492018570983,0.5162541091067873,0.6846289200503213,3.8767812058335424e-10,0.01249375312343828,0.9355322338830585,2000,3.3805564005957304e-09,1.674382580345729e-08,0.06316841579210394,0.31287185450210553,1.0,1.0
phrase_function_1_2gram,Königspsalm,325,13088,0.024230224409155298,0.02650452663209954,0.015660531645203847,0.04369479134627419,0.49702604852360355,0.437949067613658,0.6127979652099871,0.5727813918461611,0.49725137431284355,1.0,2000,0.9997904174423975,1.0,0.8824094446283351,1.0,1.0,1.0
phrase_function_1_2gram,Legende,3,1579,0.0018963337547408343,0.16666666666666666,0.05357142857142857,0.2222222222222222,0.9924002533248891,0.980306841012921,0.9972258489606801,0.0015886927864424097,0.0004997501249375312,0.0074962518740629685,2000,0.005232462259904652,0.025916277151172167,0.0011963715112140898,0.005925603304964121,0.029610194902548723,0.14665868179786198
phrase_function_1_2gram,Liturgie,153,9176,0.01640047164755065,0.030692267844679162,0.017189742385727673,0.05405089154859375,0.696853399889453,0.6176990945766232,0.7842181092782617,3.006527255498094e-17,0.0004997501249375312,0.5077461269365318,2000,2.639062813159438e-16,1.307122342941436e-15,0.003760024749529997,0.01862332467274438,1.0,1.0
phrase_function_1_2gram,Mischgedicht,45,5099,0.008748055987558321,0.03621441191504113,0.015579771251213032,0.08322644588127358,0.8393345100346473,0.7206500603556055,0.9162388033725325,2.0795011304737995e-15,0.0004997501249375312,0.13193403298350825,2000,2.7380098217905026e-14,1.3561305912877666e-13,0.0017165330378289116,0.008501952567991999,1.0,1.0
phrase_function_1_2gram,Segensspruch,253,11656,0.021244436980434964,0.027187938993708576,0.015217085122300694,0.07926086549270367,0.5225655212264086,0.4330168423110598,0.716671451992216,0.10934293231703318,0.25837081459270367,1.0,2000,0.664468588695817,1.0,0.9985007496251874,1.0,1.0,1.0
phrase_function_1_2gram,Segenswunsch,45,5196,0.008586147681740127,0.008531559781199495,0.003420238891597043,0.02577446764116136,0.4814515439226756,0.35815373712857,0.6760637462340702,0.6661043540652951,0.5962018990504747,1.0,2000,0.9999999999519258,1.0,1.0,1.0,1.0,1.0
phrase_function_1_2gram,Siegeslied,10,2622,0.003799392097264438,0.005397219880415943,0.0018862613128237031,0.06115698578993524,0.41231884057971013,0.2706322574075817,0.9728794666388713,0.8311448440244837,0.7976011994002998,1.0,2000,0.9208285219226607,1.0,0.9101800451125789,1.0,1.0,1.0
phrase_function_1_2gram,Thronbesteigungslied,36,4685,0.007625503071383181,0.01721531700571448,0.004825763198238308,0.042891024487142854,0.6686944147990039,0.5460163873159041,0.9315903336176133,0.00023933027304520195,0.013993003498250875,0.6176911544227887,2000,0.0011374937415380335,0.005633982931768087,0.06502631037422466,0.32207396786981457,1.0,1.0
phrase_function_1_2gram,Tora,3,1578,0.0018975332068311196,0.0022996936331174506,0.0017676239160027516,0.0044826813883252796,0.45711871567384876,0.41474269535736885,0.5270908034344968,0.6016403465949718,0.5642178910544727,1.0,2000,0.7426498028281683,1.0,0.7020083708145928,1.0,1.0,1.0
phrase_function_1_2gram,Wallfahrtslied,0,528,0.0,nan,nan,nan,nan,nan,nan,nan,nan,0.0004997501249375312,2000,nan,nan,nan,nan,0.0004997501249375312,0.002475252013466025
phrase_function_1_2gram,Weisheitsgedicht,465,15452,0.029214047873342967,0.029980265924455844,0.01954331043734342,0.04486693096725542,0.5192581118357508,0.4418760800170928,0.5831299786640349,0.07819017713324616,0.2673663168415792,1.0,2000,0.4412159995376034,1.0,0.8930058780133743,1.0,1.0,1.0
phrase_function_1_2gram,Zionslied,15,3140,0.004754358161648178,0.028195670511722722,0.006218166855008013,0.08341057760033437,0.8764861995753715,0.7702846807966413,0.9457689390449248,2.3505049091506198e-07,0.0004997501249375312,0.09045477261369315,2000,2.66059773228125e-06,1.317788543759846e-05,0.0026320173246709975,0.013036327270921067,0.7219247519097595,1.0
phrase_function_1_2gram,prophetische Gerichtsrede,1,1050,0.0009514747859181732,0.006802721088435374,nan,nan,0.861904761904762,nan,nan,0.10549734579752484,0.07630522088353414,0.10394802598700649,2000,0.390983073497538,1.0,0.36427190242451285,1.0,0.5424244399539361,1.0
phrase_function_1_2gram,prophetische Redeweise,91,7217,0.012452107279693486,0.01164382174054118,0.005857640719542638,0.021440559071929637,0.48089523058346667,0.40937684401119107,0.6082808161228939,0.7347897744141692,0.6361819090454772,1.0,2000,0.9999613427340172,1.0,0.9930034982508745,1.0,1.0,1.0
phrase_function_1_2gram,"prophetische Schelt-, Droh- und Mahnrede",21,3656,0.005711177590426979,0.030810004501419498,0.004025865253042111,0.5,0.5594586850057309,0.42545214100925566,0.7666870634249358,0.17336588629088617,0.22138930534732634,0.9810094952523738,2000,0.7655368811980237,1.0,0.7514409461935699,1.0,1.0,1.0
phrase_function_1_2gram,prophetische Tora,0,525,0.0,nan,nan,nan,nan,nan,nan,nan,nan,0.0004997501249375312,2000,nan,nan,nan,nan,0.0004997501249375312,0.002475252013466025
phrase_function_1_2gram,prophetisches Stück,28,4173,0.006665079742918353,0.007097226457852236,0.003115078023487785,0.01427765812343194,0.5526385608161309,0.4720660109495108,0.889199781540035,0.1681586141675503,0.2098950524737631,0.9920039980009995,2000,0.5109434815090951,1.0,0.5625937031484257,1.0,1.0,1.0
phrase_function_1_2gram_psalm,Danklied Israels,6,2097,0.0028530670470756064,0.002248124814327939,0.0011817271469123285,0.004517427698489952,0.3009855348911143,0.12317383791331472,0.6147720536535668,0.9541262086980337,0.9675162418790605,1.0,2000,0.9789087076252553,1.0,0.9895372826407309,1.0,1.0,1.0
phrase_function_1_2gram_psalm,Danklied des Einzelnen,1596,26866,0.056074766355140186,0.06498851121664576,0.047332493455140616,0.09620164134834738,0.5570124596834154,0.5038675477567319,0.6175251395295143,8.909652827523284e-15,0.020989505247376312,0.9890054972513743,2000,2.932760722393081e-14,1.4525903088118213e-13,0.0652942759389536,0.32340119575938797,1.0,1.0
phrase_function_1_2gram_psalm,Fluch,15,3142,0.004751346214760849,0.004243952232638369,0.0021446179120336744,0.009133242442719167,0.43866963717377466,0.22390993679904214,0.6250478416995672,0.7941469272954784,0.750624687656172,1.0,2000,0.988782647201491,1.0,0.9860069965017492,1.0,1.0,1.0
phrase_function_1_2gram_psalm,Hymnus,11026,56707,0.16278623418422336,0.18731893425726664,0.14926817770308917,0.23026728305713917,0.5376917071732278,0.5013250873703438,0.5867283728945203,2.1247945397782992e-36,0.017491254372813594,0.9985007496251874,2000,2.3979824091783663e-35,1.1877157183936297e-34,0.13571339330334833,0.6721856249068675,1.0,1.0
phrase_function_1_2gram_psalm,Klagelied des Einzelnen,5565,44872,0.11033566627674128,0.14811331538509157,0.0908372805467156,0.2207230843568803,0.5822392559320576,0.5271265857025172,0.6629203208414035,1.1102959615173073e-89,0.0004997501249375312,0.9430284857571214,2000,3.986971861812149e-89,1.9747389017294404e-88,0.0008773391082236659,0.004345442423640355,1.0,1.0
phrase_function_1_2gram_psalm,Klagelied des Volkes,496,15918,0.030218106494455953,0.02652769857644177,0.011376820218898062,0.04168003962214365,0.4643007231618496,0.35956013542849274,0.5323693988938439,0.9966577021726108,0.8700649675162418,1.0,2000,0.9999906926869576,1.0,0.9272799497687054,1.0,1.0,1.0
phrase_function_1_2gram_psalm,Königspsalm,325,13088,0.024230224409155298,0.02232058213244195,0.009543272486494642,0.03563264747719728,0.4809750564227948,0.37143346692655693,0.5602494599896465,0.8797201717376927,0.6941529235382309,1.0,2000,0.9997904174423975,1.0,0.8824094446283351,1.0,1.0,1.0
phrase_function_1_2gram_psalm,Legende,3,1579,0.0018963337547408343,0.0554577385305776,0.01515514907661863,0.16260549947668967,0.9769896559003589,0.9260307842471475,0.9952872583297799,0.0021330711222863697,0.0004997501249375312,0.011494252873563218,2000,0.005232462259904652,0.025916277151172167,0.0011963715112140898,0.005925603304964121,0.030268199233716476,0.14991776361559228
phrase_function_1_2gram_psalm,Liturgie,153,9176,0.01640047164755065,0.012817269806277773,0.005208718163292378,0.02036219529441902,0.4074867087201053,0.3293191366329011,0.48583620348305284,0.999957743794153,0.9920039980009995,1.0,2000,0.9999999998364674,1.0,1.0,1.0,1.0,1.0
phrase_function_1_2gram_psalm,Mischgedicht,45,5099,0.008748055987558321,0.009039907824227847,0.004702497767959066,0.01713214069262905,0.5087075897234752,0.3787663118131306,0.6109723293440872,0.4201969426355518,0.39080459770114945,1.0,2000,0.5192644958578634,1.0,0.4898019740129935,1.0,1.0,1.0
phrase_function_1_2gram_psalm,Segensspruch,253,11656,0.021244436980434964,0.0183780580787251,0.009794876328110741,0.028615395946023355,0.4549944251683979,0.38864540839064565,0.5205392467363014,0.9929209866853733,0.8825587206396801,1.0,2000,0.9999999994948561,1.0,0.9985007496251874,1.0,1.0,1.0
phrase_function_1_2gram_psalm,Segenswunsch,45,5196,0.008586147681740127,0.007220293108154006,0.0025221923402842373,0.013559928834306427,0.421937815413566,0.24095099926076136,0.5681910627325234,0.9645470350392426,0.912543728135932,1.0,2000,0.9999999999519258,1.0,1.0,1.0,1.0,1.0
phrase_function_1_2gram_psalm,Siegeslied,10,2622,0.003799392097264438,0.004479208759373495,0.0012678473020180257,0.01597885996455737,0.5203661327231122,0.20111498706922729,0.9339405498908755,0.41199055984348154,0.38580709645177413,1.0,2000,0.9208285219226607,1.0,0.9063042008407561,1.0,1.0,1.0
phrase_function_1_2gram_psalm,Thronbesteigungslied,36,4685,0.007625503071383181,0.03656352118998542,0.0018581027830930062,0.14942068268726194,0.6763132930155342,0.42390801107649206,0.9030681989248533,0.00013102894168876434,0.01199400299850075,0.5797101449275363,2000,0.0008626071994510319,0.004272475584750183,0.06502631037422466,0.32207396786981457,1.0,1.0
phrase_function_1_2gram_psalm,Tora,3,1578,0.0018975332068311196,1.0,1.0,1.0,1.0,1.0,1.0,0.0013683171658853423,0.0009995002498750624,0.0009995002498750624,2000,0.0027897801675024784,0.013817723362452928,0.0019740129935032482,0.009777245453190798,0.0026320173246709975,0.013036327270921067
phrase_function_1_2gram_psalm,Wallfahrtslied,0,528,0.0,nan,nan,nan,nan,nan,nan,nan,nan,0.0004997501249375312,2000,nan,nan,nan,nan,0.0004997501249375312,0.002475252013466025
phrase_function_1_2gram_psalm,Weisheitsgedicht,465,15452,0.029214047873342967,0.0290660738181555,0.019793327764626452,0.043723382779593443,0.49162658416351435,0.4314167820339143,0.5554686935596217,0.7311421462152459,0.5692153923038481,1.0,2000,0.999985157416146,1.0,0.8930058780133743,1.0,1.0,1.0
phrase_function_1_2gram_psalm,Zionslied,15,3140,0.004754358161648178,0.013206537894116292,0.0027197446908181306,0.03533135028075798,0.7455732484076433,0.4009545087802776,0.8499550520506431,0.000507683387000302,0.00849575212393803,0.32533733133433285,2000,0.0011140829881395517,0.005518029955280903,0.018643456049752902,0.09234065150235754,0.7907018712865791,1.0
phrase_function_1_2gram_psalm,prophetische Gerichtsrede,1,1050,0.0009514747859181732,0.0022522522522522522,nan,nan,0.579047619047619,nan,nan,0.39283372508069325,0.3890562248995984,0.9485257371314343,2000,0.5705530296931787,1.0,0.5457783515012431,1.0,1.0,1.0
phrase_function_1_2gram_psalm,prophetische Redeweise,91,7217,0.012452107279693486,0.020845088989963578,0.0025044239577032223,0.06501867007172316,0.4653755555792413,0.3285239682387795,0.5485375908454517,0.8722273396681941,0.7191404297851074,1.0,2000,0.9999613427340172,1.0,0.9930034982508745,1.0,1.0,1.0
phrase_function_1_2gram_psalm,"prophetische Schelt-, Droh- und Mahnrede",21,3656,0.005711177590426979,0.019961649597996678,0.0017383346506936537,0.11298311118221852,0.4902573720954465,0.25472526384993205,0.6899430049329621,0.5613134790629615,0.5087456271864068,1.0,2000,0.8287155809202843,1.0,0.7514409461935699,1.0,1.0,1.0
phrase_function_1_2gram_psalm,prophetische Tora,0,525,0.0,nan,nan,nan,nan,nan,nan,nan,nan,0.0004997501249375312,2000,nan,nan,nan,nan,0.0004997501249375312,0.002475252013466025
phrase_function_1_2gram_psalm,prophetisches Stück,28,4173,0.006665079742918353,0.0100160579487324,0.0027613970372972977,0.13045954921940636,0.4306468453664715,0.2633293200063508,0.6718728297299655,0.8974141372830715,0.8420789605197402,1.0,2000,0.9714858056745862,1.0,0.9288827808318064,1.0,1.0,1.0
phrase_function_1gram,Danklied Israels,6,2097,0.0028530670470756064,0.003498073878689832,0.001475017420462456,0.009630704340340935,0.503656016531553,0.18733689539890064,0.8543168326698688,0.4877806952530661,0.4472763618190905,1.0,2000,0.9789087076252553,1.0,0.9815231273252264,1.0,1.0,1.0
phrase_function_1gram,Danklied des Einzelnen,1596,26866,0.056074766355140186,0.05661125423400731,0.04386838039251127,0.07341429038248538,0.5040818588755818,0.45891577016285545,0.5529727397301472,0.2915663936390863,0.4142928535732134,1.0,2000,0.34899613784072453,1.0,0.49589599139824025,1.0,1.0,1.0
phrase_function_1gram,Fluch,15,3142,0.004751346214760849,0.0047542658012821445,0.001718951862864641,0.027241283970643942,0.40645024400594104,0.2135780792354717,0.9072838364998873,0.8947266722459923,0.8680659670164917,1.0,2000,0.988782647201491,1.0,0.9860069965017492,1.0,1.0,1.0
phrase_function_1gram,Hymnus,11026,56707,0.16278623418422336,0.14553091863265624,0.11925069017193919,0.17073148016537554,0.45529912159394476,0.4320380389117617,0.477156969196242,1.0,0.9995002498750625,1.0,2000,1.0,1.0,1.0,1.0,1.0,1.0
phrase_function_1gram,Klagelied des Einzelnen,5565,44872,0.11033566627674128,0.155461154466903,0.11238342381560693,0.20152947811379257,0.5770037308477888,0.5298535616120742,0.637868786641486,6.75575227494121e-79,0.0004997501249375312,0.9480259870064968,2000,1.524869799201016e-78,7.552648518532443e-78,0.0008773391082236659,0.004345442423640355,1.0,1.0
phrase_function_1gram,Klagelied des Volkes,496,15918,0.030218106494455953,0.03784040343219752,0.022854092775140233,0.05639601733695252,0.582137689529808,0.5139943346938376,0.6666265169973568,2.1852774676129113e-10,0.00849575212393803,0.9345327336331835,2000,2.466241713448857e-09,1.2215244103583274e-08,0.06316841579210394,0.31287185450210553,1.0,1.0
phrase_function_1gram,Königspsalm,325,13088,0.024230224409155298,0.026398190099643053,0.015804071181943408,0.043890055544342665,0.49801885461726536,0.44380223900674337,0.620594137489911,0.5486364734600082,0.487256371814093,1.0,2000,0.9997904174423975,1.0,0.8824094446283351,1.0,1.0,1.0
phrase_function_1gram,Legende,3,1579,0.0018963337547408343,0.1359126984126984,0.02206279206167849,0.3333333333333333,0.9858560270213215,0.9562930051933416,0.9975601700270691,0.0018024152515799313,0.0004997501249375312,0.013993003498250875,2000,0.005232462259904652,0.025916277151172167,0.0011963715112140898,0.005925603304964121,0.03565958956005868,0.1766212081866725
phrase_function_1gram,Liturgie,153,9176,0.01640047164755065,0.026745008120622096,0.014906891512253283,0.04541817571818309,0.6685891299268908,0.5939838093053378,0.7521347513767185,3.920039648406272e-13,0.0014992503748125937,0.6186906546726637,2000,1.935519576400597e-12,9.58658835590556e-12,0.005149599113486735,0.025505857703976,1.0,1.0
phrase_function_1gram,Mischgedicht,45,5099,0.008748055987558321,0.026874301328967298,0.0117693652758788,0.061347060001355154,0.7956788912858731,0.6411517172847273,0.8874959515274397,3.956298633112155e-12,0.0004997501249375312,0.23438280859570215,2000,1.6449873263992644e-11,8.147588141783542e-11,0.0017165330378289116,0.008501952567991999,1.0,1.0
phrase_function_1gram,Segensspruch,253,11656,0.021244436980434964,0.030026227879712965,0.016742866938452314,0.10089489827561393,0.5302334579418969,0.43893590666319665,0.708789334137251,0.04967564100799768,0.2013993003498251,0.999000499750125,2000,0.32703130330265134,1.0,0.9985007496251874,1.0,1.0,1.0
phrase_function_1gram,Segenswunsch,45,5196,0.008586147681740127,0.008615228540524017,0.0033663983961936587,0.01947493731942262,0.500147549396972,0.3985577301291266,0.6371572983705178,0.4986578858021139,0.4737631184407796,1.0,2000,0.9999999999519258,1.0,1.0,1.0,1.0,1.0
phrase_function_1gram,Siegeslied,10,2622,0.003799392097264438,0.006441451929183195,0.0019714429361687748,0.10454041735736155,0.4024408848207475,0.27449244740035444,0.9856360224279892,0.8569419409152126,0.8455772113943029,1.0,2000,0.9208285219226607,1.0,0.9101800451125789,1.0,1.0,1.0
phrase_function_1gram,Thronbesteigungslied,36,4685,0.007625503071383181,0.017483905749553247,0.005164357010288728,0.05256435002012125,0.6684987548914977,0.5488344913850809,0.932295157164528,0.00024298597039685427,0.012993503248375811,0.6191904047976012,2000,0.0011374937415380335,0.005633982931768087,0.06502631037422466,0.32207396786981457,1.0,1.0
phrase_function_1gram,Tora,3,1578,0.0018975332068311196,0.011539505522676496,0.007487582842429535,0.022854231542871584,0.7594000844951415,0.7277340510534999,0.7845894178462481,0.06011613872817347,0.06496751624187906,0.31984007996002,2000,0.1079357945346751,0.5346037537867665,0.1193589251885685,0.5911822832161879,0.5614970292631463,1.0
phrase_function_1gram,Wallfahrtslied,0,528,0.0,nan,nan,nan,nan,nan,nan,nan,nan,0.0004997501249375312,2000,nan,nan,nan,nan,0.0004997501249375312,0.002475252013466025
phrase_function_1gram,Weisheitsgedicht,465,15452,0.029214047873342967,0.03055120366659062,0.02046198398058558,0.04665710031783777,0.5279450897541885,0.45662145918514246,0.5853125123930127,0.019857834436574403,0.17991004497751126,1.0,2000,0.14261535640812525,0.7063709051488741,0.8930058780133743,1.0,1.0,1.0
phrase_function_1gram,Zionslied,15,3140,0.004754358161648178,0.042236817496744114,0.009344098720349437,0.17186706667116705,0.9033227176220807,0.7234892125512615,0.9642639447096345,3.383194891290336e-08,0.0004997501249375312,0.079960019990005,2000,9.976900981001147e-07,4.941538382698987e-06,0.0026320173246709975,0.013036327270921067,0.7219247519097595,1.0
phrase_function_1gram,prophetische Gerichtsrede,1,1050,0.0009514747859181732,0.005376344086021506,nan,nan,0.8247619047619048,nan,nan,0.13086941632115412,0.12449799196787148,0.18640679660169915,2000,0.390983073497538,1.0,0.36427190242451285,1.0,0.5663898819820858,1.0
phrase_function_1gram,prophetische Redeweise,91,7217,0.012452107279693486,0.01541313758071474,0.004867989876527468,0.04150954683049745,0.5203122359142867,0.4442902377521795,0.7388551682842119,0.25239767598257185,0.3353323338330835,1.0,2000,0.9999613427340172,1.0,0.9930034982508745,1.0,1.0,1.0
phrase_function_1gram,"prophetische Schelt-, Droh- und Mahnrede",21,3656,0.005711177590426979,0.02955274206520073,0.0036045322374890676,0.5,0.5282379910388663,0.4109018172636905,0.7707501916169078,0.327503005606722,0.3188405797101449,1.0,2000,0.8287155809202843,1.0,0.7514409461935699,1.0,1.0,1.0
phrase_function_1gram,prophetische Tora,0,525,0.0,nan,nan,nan,nan,nan,nan,nan,nan,0.0004997501249375312,2000,nan,nan,nan,nan,0.0004997501249375312,0.002475252013466025
phrase_function_1gram,prophetisches Stück,28,4173,0.006665079742918353,0.007766240195800661,0.002986787488832992,0.01677669581019552,0.5697896340419705,0.4663476461131912,0.8860246399540528,0.10119621140930363,0.1454272863568216,0.960519740129935,2000,0.5109434815090951,1.0,0.5625937031484257,1.0,1.0,1.0
phrase_function_1gram_psalm,Danklied Israels,6,2097,0.0028530670470756064,0.002501919425590622,0.0011748057470376612,0.00541914856768527,0.3676680972818312,0.01812066141372485,0.7105255374868831,0.8689330207868589,0.8830584707646177,1.0,2000,0.9789087076252553,1.0,0.9895372826407309,1.0,1.0,1.0
phrase_function_1gram_psalm,Danklied des Einzelnen,1596,26866,0.056074766355140186,0.06532606588862266,0.048495885397362964,0.09412212251779348,0.5583448753462604,0.5053727660385274,0.6205789728947626,2.171578591261117e-15,0.011494252873563218,0.9835082458770614,2000,7.458900378679489e-15,3.6943779019318376e-14,0.03948025987006497,0.195544909063816,1.0,1.0
phrase_function_1gram_psalm,Fluch,15,3142,0.004751346214760849,0.004445460503589826,0.0019426058643383967,0.012377286830392388,0.4395820072140887,0.24422389718277815,0.7448968645642394,0.790651960063121,0.7546226886556722,1.0,2000,0.988782647201491,1.0,0.9860069965017492,1.0,1.0,1.0
phrase_function_1gram_psalm,Hymnus,11026,56707,0.16278623418422336,0.1831686001028549,0.14657141619523717,0.22728292730895308,0.5309002867585825,0.49698991109625495,0.5793237757628732,4.144290697804043e-25,0.027486256871564217,0.9980009995002499,2000,2.0462435320407464e-24,1.0135001813874102e-23,0.13571339330334833,0.6721856249068675,1.0,1.0
phrase_function_1gram_psalm,Klagelied des Einzelnen,5565,44872,0.11033566627674128,0.1504835003292176,0.0945664999463932,0.22501106129254017,0.5863686157226777,0.5356795202447251,0.664018037437213,1.1017486346679271e-98,0.0004997501249375312,0.9205397301349325,2000,4.8354523410425694e-98,2.394989524951243e-97,0.0008773391082236659,0.004345442423640355,1.0,1.0
phrase_function_1gram_psalm,Klagelied des Volkes,496,15918,0.030218106494455953,0.027241815053717207,0.012466099373408727,0.04141666809705515,0.4709355330139546,0.3908550449573884,0.5299887972295977,0.9863813443755131,0.8340829585207397,1.0,2000,0.9999906926869576,1.0,0.9272799497687054,1.0,1.0,1.0
phrase_function_1gram_psalm,Königspsalm,325,13088,0.024230224409155298,0.023244947097736585,0.01073993673660328,0.037258052244541824,0.4762739796877939,0.395755997947056,0.553665862442827,0.928345898677204,0.7521239380309845,1.0,2000,0.9997904174423975,1.0,0.8824094446283351,1.0,1.0,1.0
phrase_function_1gram_psalm,Legende,3,1579,0.0018963337547408343,0.05400948258091115,0.016668464413719497,0.10364095260858798,0.9761452396031244,0.927466344518357,0.9914307767108812,0.0021673298028209555,0.0004997501249375312,0.017991004497751123,2000,0.005232462259904652,0.025916277151172167,0.0011963715112140898,0.005925603304964121,0.040608267294923964,0.20113190646563928
phrase_function_1gram_psalm,Liturgie,153,9176,0.01640047164755065,0.013710313649567422,0.00663416895338794,0.022110534604893036,0.4368308061382065,0.3523978661888245,0.5059911792374758,0.9963658649667763,0.9550224887556222,1.0,2000,0.9999999998364674,1.0,1.0,1.0,1.0,1.0
phrase_function_1gram_psalm,Mischgedicht,45,5099,0.008748055987558321,0.00867583080543014,0.004468074276587635,0.01645271275213238,0.49813906866270075,0.3674732313054527,0.6113696519058803,0.5171894572035617,0.456271864067966,1.0,2000,0.5754643256208645,1.0,0.5223982211792654,1.0,1.0,1.0
phrase_function_1gram_psalm,Segensspruch,253,11656,0.021244436980434964,0.018936432441098505,0.009729806497186527,0.03117286159041489,0.4660415101147249,0.40851067831342447,0.5269759876543397,0.9679195824534153,0.8285857071464268,1.0,2000,0.9999999994948561,1.0,0.9985007496251874,1.0,1.0,1.0
phrase_function_1gram_psalm,Segenswunsch,45,5196,0.008586147681740127,0.008960241701886078,0.003203865765893729,0.01816746667284998,0.48341245402446326,0.2982581244563653,0.6604214510569753,0.6494423590250371,0.5757121439280359,1.0,2000,0.9999999999519258,1.0,1.0,1.0,1.0,1.0
phrase_function_1gram_psalm,Siegeslied,10,2622,0.003799392097264438,0.009391545685664068,0.0012501611012908731,0.043423190121071424,0.5993897787948131,0.12377742811593356,0.9587042268905215,0.1386757208552966,0.15242378810594703,0.888055972013993,2000,0.8081163046545574,1.0,0.8601056614549869,1.0,1.0,1.0
phrase_function_1gram_psalm,Thronbesteigungslied,36,4685,0.007625503071383181,0.0521447210295097,0.002795232263009269,0.21460945398432485,0.7115261472785486,0.4555736817270763,0.9390101145029709,5.955904998544319e-06,0.004497751124437781,0.47276361819090457,2000,0.00015683883162833373,0.0007768194831891616,0.06502631037422466,0.32207396786981457,1.0,1.0
phrase_function_1gram_psalm,Tora,3,1578,0.0018975332068311196,1.0,1.0,1.0,1.0,1.0,1.0,0.0013683120215689877,0.0009995002498750624,0.0009995002498750624,2000,0.0027897801675024784,0.013817723362452928,0.0019740129935032482,0.009777245453190798,0.0026320173246709975,0.013036327270921067
phrase_function_1gram_psalm,Wallfahrtslied,0,528,0.0,nan,nan,nan,nan,nan,nan,nan,nan,0.0004997501249375312,2000,nan,nan,nan,nan,0.0004997501249375312,0.002475252013466025
phrase_function_1gram_psalm,Weisheitsgedicht,465,15452,0.029214047873342967,0.02887629544534856,0.01935924675864611,0.043548013569118534,0.4855306338880863,0.43717718129968464,0.5515853309293596,0.8565439606848552,0.6586706646676662,1.0,2000,0.999985157416146,1.0,0.8930058780133743,1.0,1.0,1.0
phrase_function_1gram_psalm,Zionslied,15,3140,0.004754358161648178,0.03316867480013956,0.010099164124450544,0.22514043463412955,0.9007537154989385,0.7678543992621112,0.9518379669058598,4.094102924448053e-08,0.0009995002498750624,0.0864567716141929,2000,9.976900981001147e-07,4.941538382698987e-06,0.00438669554111833,0.021727212118201774,0.7219247519097595,1.0
phrase_function_1gram_psalm,prophetische Gerichtsrede,1,1050,0.0009514747859181732,0.0029239766081871343,nan,nan,0.6761904761904762,nan,nan,0.2715410284088616,0.2836345381526104,0.5947026486756621,2000,0.5182474132699125,1.0,0.5092529207740051,1.0,1.0,1.0
phrase_function_1gram_psalm,prophetische Redeweise,91,7217,0.012452107279693486,0.021642109578300532,0.0024547555838949544,0.05858773971179977,0.4821719779458452,0.3761083344412812,0.5932726393368168,0.7208746401784217,0.5987006496751625,1.0,2000,0.9999613427340172,1.0,0.9930034982508745,1.0,1.0,1.0
phrase_function_1gram_psalm,"prophetische Schelt-, Droh- und Mahnrede",21,3656,0.005711177590426979,0.020035226142354604,0.0018380755284580213,0.11295771939179472,0.4907002188183807,0.2710519690493093,0.6767935175509133,0.5585489269074881,0.4962518740629685,1.0,2000,0.8287155809202843,1.0,0.7514409461935699,1.0,1.0,1.0
phrase_function_1gram_psalm,prophetische Tora,0,525,0.0,nan,nan,nan,nan,nan,nan,nan,nan,0.0004997501249375312,2000,nan,nan,nan,nan,0.0004997501249375312,0.002475252013466025
phrase_function_1gram_psalm,prophetisches Stück,28,4173,0.006665079742918353,0.009649653396051339,0.0029630423688004758,0.12989629473034245,0.4491886618054842,0.25998655782725755,0.6231778464874532,0.8233611035208861,0.7671164417791104,1.0,2000,0.9714858056745862,1.0,0.9288827808318064,1.0,1.0,1.0
phrase_marginal_typ_function,Danklied Israels,6,2097,0.0028530670470756064,0.003868061165860583,0.0018014664967845985,0.01092928311925776,0.5569066920998251,0.3483983497509807,0.9040822305192875,0.31499931735785236,0.2893553223388306,0.9845077461269365,2000,0.8581015886644944,1.0,0.7882438091299178,1.0,1.0,1.0
phrase_marginal_typ_function,Danklied des Einzelnen,1596,26866,0.056074766355140186,0.057435907214481274,0.04473686697822498,0.07552115676017923,0.5043587715660027,0.45405375935217585,0.5597610847407093,0.2789225386714722,0.40429785107446276,1.0,2000,0.33899816238532776,1.0,0.4913773882289624,1.0,1.0,1.0
phrase_marginal_typ_function,Fluch,15,3142,0.004751346214760849,0.004130569677169533,0.0016613550108932984,0.016016328660747686,0.3762677699978782,0.1956984908420908,0.7961985717024512,0.9511364035075021,0.9320339830084957,1.0,2000,0.988782647201491,1.0,0.9860069965017492,1.0,1.0,1.0
phrase_marginal_typ_function,Hymnus,11026,56707,0.16278623418422336,0.14234702262673318,0.11862413134449298,0.16554119811267873,0.44792549055093495,0.4202771098192305,0.47733978040784786,1.0,1.0,1.0,2000,1.0,1.0,1.0,1.0,1.0,1.0
phrase_marginal_typ_function,Klagelied des Einzelnen,5565,44872,0.11033566627674128,0.16156431884927733,0.11704756958739063,0.21090003625044798,0.5750429513631427,0.5194368154069334,0.6424914227213361,4.863695396195447e-75,0.0004997501249375312,0.9490254872563718,2000,1.0035181404362323e-74,4.970404555626595e-74,0.0008773391082236659,0.004345442423640355,1.0,1.0
phrase_marginal_typ_function,Klagelied des Volkes,496,15918,0.030218106494455953,0.03914755349655566,0.023518681376510378,0.057962349642031605,0.5912836046836812,0.5197097502230409,0.6794645529434717,2.030811400848789e-12,0.004497751124437781,0.9140429785107447,2000,1.6043410066705434e-10,7.946267762401792e-10,0.06316841579210394,0.31287185450210553,1.0,1.0
phrase_marginal_typ_function,Königspsalm,325,13088,0.024230224409155298,0.026190740251452755,0.015763928124218334,0.04399590811754296,0.5012006300545421,0.4357406573287434,0.6202128026277741,0.47048316841208354,0.4687656171914043,1.0,2000,0.9997904174423975,1.0,0.8824094446283351,1.0,1.0,1.0
phrase_marginal_typ_function,Legende,3,1579,0.0018963337547408343,0.10863918690005646,0.016185319959404202,0.4801484976700668,0.9791006966434452,0.9345518376474385,0.9989560196387226,0.0020501668339311927,0.0004997501249375312,0.017491254372813594,2000,0.005232462259904652,0.025916277151172167,0.0011963715112140898,0.005925603304964121,0.040608267294923964,0.20113190646563928
phrase_marginal_typ_function,Liturgie,153,9176,0.01640047164755065,0.026568004552999853,0.014522387794451308,0.04616503419392656,0.6802642300744768,0.6153990149519762,0.7606824942115215,9.293908192388446e-15,0.0009995002498750624,0.5662168915542228,2000,5.792346990873278e-14,2.868937462225776e-13,0.003760024749529997,0.01862332467274438,1.0,1.0
phrase_marginal_typ_function,Mischgedicht,45,5099,0.008748055987558321,0.03156097006017028,0.014488294813598741,0.08114381857245337,0.8274367523043734,0.7272371791536617,0.9088273499899043,1.798390701867333e-14,0.0004997501249375312,0.16091954022988506,2000,1.578587393861326e-13,7.818710651799751e-13,0.0017165330378289116,0.008501952567991999,1.0,1.0
phrase_marginal_typ_function,Segensspruch,253,11656,0.021244436980434964,0.02259666265046882,0.012760842194774823,0.0558959433640657,0.46513017435251924,0.3906180992085615,0.6510579891083194,0.9713316597058358,0.8100949525237381,1.0,2000,0.9999999994948561,1.0,0.9985007496251874,1.0,1.0,1.0
phrase_marginal_typ_function,Segenswunsch,45,5196,0.008586147681740127,0.008525401840934432,0.003634290216496681,0.022907780086743504,0.5067915490548285,0.39209959924570437,0.6611738460217601,0.43759173589899497,0.44627686156921537,1.0,2000,0.9999999999519258,1.0,1.0,1.0,1.0,1.0
phrase_marginal_typ_function,Siegeslied,10,2622,0.003799392097264438,0.00885328737093971,0.002016507060484718,0.21287081843466968,0.4063310450038139,0.2766212175493717,0.9904691624367248,0.8471189370408163,0.8350824587706147,1.0,2000,0.9208285219226607,1.0,0.9101800451125789,1.0,1.0,1.0
phrase_marginal_typ_function,Thronbesteigungslied,36,4685,0.007625503071383181,0.018411605293509894,0.006047766345376841,0.07471964143001106,0.6977469465196253,0.591299291359393,0.8936442063662074,2.1209097423376695e-05,0.0069965017491254375,0.5027486256871564,2000,0.00021912472106315592,0.0010853202029305273,0.06502631037422466,0.32207396786981457,1.0,1.0
phrase_marginal_typ_function,Tora,3,1578,0.0018975332068311196,0.007419663625795927,0.005194769438752068,0.015763034243340367,0.5933671313899451,0.5621482001523515,0.6426965671915956,0.2881281969044809,0.24737631184407796,0.9080459770114943,2000,0.4215208806565554,1.0,0.36702019360690025,1.0,1.0,1.0
phrase_marginal_typ_function,Wallfahrtslied,0,528,0.0,nan,nan,nan,nan,nan,nan,nan,nan,0.0004997501249375312,2000,nan,nan,nan,nan,0.0004997501249375312,0.002475252013466025
phrase_marginal_typ_function,Weisheitsgedicht,465,15452,0.029214047873342967,0.029904961272848266,0.01964523767462339,0.04392978199158517,0.5213972370907897,0.4623486899150805,0.5830706078584911,0.05765294925655875,0.24237881059470265,1.0,2000,0.3795485826056784,1.0,0.8930058780133743,1.0,1.0,1.0
phrase_marginal_typ_function,Zionslied,15,3140,0.004754358161648178,0.05571956131884884,0.011519015591297537,0.3561359425301751,0.9132802547770701,0.8541614269714606,0.9673272499296217,1.5963996848362996e-08,0.0004997501249375312,0.06346826586706647,2000,9.976900981001147e-07,4.941538382698987e-06,0.0026320173246709975,0.013036327270921067,0.7219247519097595,1.0
phrase_marginal_typ_function,prophetische Gerichtsrede,1,1050,0.0009514747859181732,0.005263157894736842,nan,nan,0.820952380952381,nan,nan,0.13369209204600402,0.11947791164658635,0.17191404297851073,2000,0.390983073497538,1.0,0.36427190242451285,1.0,0.5658837248042645,1.0
phrase_marginal_typ_function,prophetische Redeweise,91,7217,0.012452107279693486,0.011879610514483656,0.004526454489214362,0.028456084546553996,0.4662046419701955,0.3984452228082997,0.76602089610367,0.8664479230063313,0.751624187906047,1.0,2000,0.9999613427340172,1.0,0.9930034982508745,1.0,1.0,1.0
phrase_marginal_typ_function,"prophetische Schelt-, Droh- und Mahnrede",21,3656,0.005711177590426979,0.021676901098526425,0.0034447384123073204,0.5,0.5235099510263624,0.36869000782181277,0.7420042874971374,0.35495089615268427,0.35732133933033483,1.0,2000,0.8287155809202843,1.0,0.7514409461935699,1.0,1.0,1.0
phrase_marginal_typ_function,prophetische Tora,0,525,0.0,nan,nan,nan,nan,nan,nan,nan,nan,0.0004997501249375312,2000,nan,nan,nan,nan,0.0004997501249375312,0.002475252013466025
phrase_marginal_typ_function,prophetisches Stück,28,4173,0.006665079742918353,0.006685082791609197,0.0029048397535933594,0.013230627002168675,0.5189440621683612,0.41123517740560217,0.7940730919184278,0.3646819204059131,0.36481759120439783,1.0,2000,0.6263015589579812,1.0,0.6132040362797325,1.0,1.0,1.0
phrase_marginal_typ_function_psalm,Danklied Israels,6,2097,0.0028530670470756064,0.0025568054777877955,0.0012127528292086894,0.005744412842159092,0.35185185185185186,0.10309982950705382,0.8075645354164075,0.8953233906679039,0.9110444777611194,1.0,2000,0.9789087076252553,1.0,0.9895372826407309,1.0,1.0,1.0
phrase_marginal_typ_function_psalm,Danklied des Einzelnen,1596,26866,0.056074766355140186,0.06599790280610912,0.04844765467454908,0.0934135446299131,0.567002644424655,0.5123388410407957,0.6250684850639562,1.0429187925829489e-19,0.00399800099950025,0.9695152423788106,2000,5.88504175814664e-19,2.91484898838294e-18,0.034545227386306845,0.171101795430839,1.0,1.0
phrase_marginal_typ_function_psalm,Fluch,15,3142,0.004751346214760849,0.004282508595610225,0.0019415184410044757,0.01255813537807094,0.4267769997878209,0.21759017964243527,0.676609331922314,0.836468792975094,0.8010994502748626,1.0,2000,0.988782647201491,1.0,0.9860069965017492,1.0,1.0,1.0
phrase_marginal_typ_function_psalm,Hymnus,11026,56707,0.16278623418422336,0.18322402606629873,0.14757907889534258,0.22337483466391603,0.5328904175057065,0.4980712766067369,0.5747049303626698,3.444594750010973e-28,0.020989505247376312,0.9975012493753124,2000,2.267691543757224e-27,1.12318292272695e-26,0.13571339330334833,0.6721856249068675,1.0,1.0
phrase_marginal_typ_function_psalm,Klagelied des Einzelnen,5565,44872,0.11033566627674128,0.1502643112819917,0.09397584071296147,0.2308896850178668,0.5849541921539587,0.5354299286123723,0.66716916159911,1.4978114234166159e-95,0.0004997501249375312,0.9295352323838081,2000,5.916355122495633e-95,2.9303584328604027e-94,0.0008773391082236659,0.004345442423640355,1.0,1.0
phrase_marginal_typ_function_psalm,Klagelied des Volkes,496,15918,0.030218106494455953,0.02737426856159789,0.012133688387188502,0.042494429952406494,0.47160567616696863,0.3797055637556816,0.5352259018961856,0.9845044727421455,0.8200899550224887,1.0,2000,0.9999906926869576,1.0,0.9272799497687054,1.0,1.0,1.0
phrase_marginal_typ_function_psalm,Königspsalm,325,13088,0.024230224409155298,0.02295831694814582,0.010823530043658216,0.036452194337142245,0.47564486552567237,0.39178587737968396,0.5448812415876629,0.9335017657944221,0.7611194402798601,1.0,2000,0.9997904174423975,1.0,0.8824094446283351,1.0,1.0,1.0
phrase_marginal_typ_function_psalm,Legende,3,1579,0.0018963337547408343,0.029952786319509577,0.002605356115527411,0.08242716599304266,0.9313911758496939,0.6701469065184241,0.9828843226928659,0.004875629142237752,0.004497751124437781,0.05647176411794103,2000,0.008957551214808894,0.044366565557041694,0.007896051974012993,0.0391089818127632,0.09870064967516243,0.48886227265954
phrase_marginal_typ_function_psalm,Liturgie,153,9176,0.01640047164755065,0.012952865069261785,0.006230860171099313,0.02147837224715337,0.4120788245551054,0.31923403014527324,0.47953567352113263,0.9999065498662124,0.993503248375812,1.0,2000,0.9999999998364674,1.0,1.0,1.0,1.0,1.0
phrase_marginal_typ_function_psalm,Mischgedicht,45,5099,0.008748055987558321,0.009338643840899597,0.0046844417099811625,0.017470342929242835,0.5239916323462117,0.3880323955281129,0.6352580691425621,0.28945811968275303,0.30334832583708143,1.0,2000,0.43145644254599036,1.0,0.4521607120967817,1.0,1.0,1.0
phrase_marginal_typ_function_psalm,Segensspruch,253,11656,0.021244436980434964,0.018907776143685863,0.010053708772492493,0.03270389031841182,0.4458344410654846,0.38446097836317683,0.5023466412159391,0.998424105523722,0.9445277361319341,1.0,2000,0.9999999994948561,1.0,0.9985007496251874,1.0,1.0,1.0
phrase_marginal_typ_function_psalm,Segenswunsch,45,5196,0.008586147681740127,0.00746880996060917,0.0024975013228213383,0.014594535568960634,0.4283038234539389,0.24880865019115936,0.589678847117473,0.9514216324805496,0.9065467266366817,1.0,2000,0.9999999999519258,1.0,1.0,1.0,1.0,1.0
phrase_marginal_typ_function_psalm,Siegeslied,10,2622,0.003799392097264438,0.006599949077883841,0.0012103566519872102,0.04687333528427272,0.5208237986270023,0.2175692188047134,0.9800458743295993,0.41004448908042423,0.3773113443278361,1.0,2000,0.9208285219226607,1.0,0.9063042008407561,1.0,1.0,1.0
phrase_marginal_typ_function_psalm,Thronbesteigungslied,36,4685,0.007625503071383181,0.06032514290568548,0.0020754914543072885,0.24134325720287203,0.6684691094509665,0.428687246470468,0.9487145418275554,0.00024352485438700224,0.012993503248375811,0.6166916541729135,2000,0.0011374937415380335,0.005633982931768087,0.06502631037422466,0.32207396786981457,1.0,1.0
phrase_marginal_typ_function_psalm,Tora,3,1578,0.0018975332068311196,1.0,1.0,1.0,1.0,1.0,1.0,0.0013683181763774373,0.0009995002498750624,0.0009995002498750624,2000,0.0027897801675024784,0.013817723362452928,0.0019740129935032482,0.009777245453190798,0.0026320173246709975,0.013036327270921067
phrase_marginal_typ_function_psalm,Wallfahrtslied,0,528,0.0,nan,nan,nan,nan,nan,nan,nan,nan,0.0004997501249375312,2000,nan,nan,nan,nan,0.0004997501249375312,0.002475252013466025
phrase_marginal_typ_function_psalm,Weisheitsgedicht,465,15452,0.029214047873342967,0.029140790743734296,0.01983226757990504,0.04339076917457068,0.487035049922201,0.4346542267249415,0.5498609540169184,0.8300083499713646,0.6481759120439781,1.0,2000,0.999985157416146,1.0,0.8930058780133743,1.0,1.0,1.0
phrase_marginal_typ_function_psalm,Zionslied,15,3140,0.004754358161648178,0.031061883180653088,0.00860209963351357,0.08239876486177257,0.8979087048832272,0.7807295667670869,0.9432686886820886,5.051595433418302e-08,0.0004997501249375312,0.08095952023988005,2000,9.976900981001147e-07,4.941538382698987e-06,0.0026320173246709975,0.013036327270921067,0.7219247519097595,1.0
phrase_marginal_typ_function_psalm,prophetische Gerichtsrede,1,1050,0.0009514747859181732,0.002288329519450801,nan,nan,0.5857142857142857,nan,nan,0.3839913352239402,0.3714859437751004,0.9280359820089955,2000,0.5705530296931787,1.0,0.5457783515012431,1.0,1.0,1.0
phrase_marginal_typ_function_psalm,prophetische Redeweise,91,7217,0.012452107279693486,0.02330109054741701,0.0030787647985659797,0.08267968759985864,0.46188182054885674,0.3578971527907952,0.5807741364054292,0.8946615823887641,0.750624687656172,1.0,2000,0.9999613427340172,1.0,0.9930034982508745,1.0,1.0,1.0
phrase_marginal_typ_function_psalm,"prophetische Schelt-, Droh- und Mahnrede",21,3656,0.005711177590426979,0.017226037094962225,0.0015102195638130352,0.0917493896003867,0.44366729186204024,0.23132562779366175,0.6846175334477406,0.8137188432668935,0.7596201899050474,1.0,2000,0.9183398374012084,1.0,0.8572856428928393,1.0,1.0,1.0
phrase_marginal_typ_function_psalm,prophetische Tora,0,525,0.0,nan,nan,nan,nan,nan,nan,nan,nan,0.0004997501249375312,2000,nan,nan,nan,nan,0.0004997501249375312,0.002475252013466025
phrase_marginal_typ_function_psalm,prophetisches Stück,28,4173,0.006665079742918353,0.011728556860478084,0.0027774681023476676,0.18949935812755594,0.43434408270856867,0.29269906409179075,0.653704058657658,0.8848169828780486,0.8270864567716142,1.0,2000,0.9714858056745862,1.0,0.9288827808318064,1.0,1.0,1.0
phrase_rela_1_2_3gram,Danklied Israels,6,2097,0.0028530670470756064,0.004104553565338944,0.0019138968306241118,0.007661537161994668,0.5963280877443967,0.3309503796376027,0.7315610018454466,0.20720889272505194,0.18290854572713644,0.8740629685157422,2000,0.835369597573365,1.0,0.7738130934532734,1.0,1.0,1.0
phrase_rela_1_2_3gram,Danklied des Einzelnen,1596,26866,0.056074766355140186,0.05828080816238018,0.04642999366483175,0.0739494889017473,0.5065497133550768,0.46200234802297807,0.5538810547669534,0.18919971944624148,0.384807596201899,1.0,2000,0.24107706187504963,1.0,0.48671757871064464,1.0,1.0,1.0
phrase_rela_1_2_3gram,Fluch,15,3142,0.004751346214760849,0.004137960396098149,0.0016919437403911531,0.012138623395295532,0.3677912157861235,0.25262493119702495,0.9092733669630338,0.9617283529549991,0.9725137431284357,1.0,2000,0.988782647201491,1.0,0.9860069965017492,1.0,1.0,1.0
phrase_rela_1_2_3gram,Hymnus,11026,56707,0.16278623418422336,0.15626758379852523,0.13191147168184292,0.18781949133040635,0.4643095838850941,0.43551379449061167,0.49640777965136573,1.0,0.9910044977511244,1.0,2000,1.0,1.0,1.0,1.0,1.0,1.0
phrase_rela_1_2_3gram,Klagelied des Einzelnen,5565,44872,0.11033566627674128,0.12398416061837539,0.09688620581748106,0.18041933175261776,0.5638404065023851,0.5232238846041598,0.6081641917512346,6.57650219833383e-55,0.0014992503748125937,0.9685157421289355,2000,1.0390873473367451e-54,5.146578100373361e-54,0.002153468720185362,0.010666085948935419,1.0,1.0
phrase_rela_1_2_3gram,Klagelied des Volkes,496,15918,0.030218106494455953,0.03028391551546812,0.018066562520765463,0.042823206416350824,0.5302146408610257,0.4752814741404511,0.5945746334863852,0.01085001022124096,0.15942028985507245,0.9980009995002499,2000,0.025974266893273815,0.12865000570818572,0.38164251207729466,1.0,1.0,1.0
phrase_rela_1_2_3gram,Königspsalm,325,13088,0.024230224409155298,0.02413920221902384,0.014133083238532839,0.03640326107253532,0.49648180364867406,0.44055003577999846,0.5738125614461019,0.5859244421382259,0.5097451274362819,1.0,2000,0.9997904174423975,1.0,0.8824094446283351,1.0,1.0,1.0
phrase_rela_1_2_3gram,Legende,3,1579,0.0018963337547408343,0.0631729667812142,0.0030567046806302513,0.3333333333333333,0.8722820350432763,0.6096432735981304,0.9969241151003434,0.012790032863348044,0.01249375312343828,0.08545727136431784,2000,0.018371138112809007,0.09099186640338926,0.018622764089653285,0.09223816465274338,0.1281246169368146,0.6345985728108745
phrase_rela_1_2_3gram,Liturgie,153,9176,0.01640047164755065,0.027166142962465094,0.014758333590314367,0.04735895292670492,0.6662969895892097,0.5922129839564602,0.7572888568350986,7.93134017171933e-13,0.0009995002498750624,0.6291854072963519,2000,3.68574043274016e-12,1.8255395990933692e-11,0.003760024749529997,0.01862332467274438,1.0,1.0
phrase_rela_1_2_3gram,Mischgedicht,45,5099,0.008748055987558321,0.02131372222865408,0.009308463347869516,0.04848343162303564,0.7678433679806498,0.5991381733474087,0.8724176928205193,2.8820611317840234e-10,0.0004997501249375312,0.3538230884557721,2000,1.0349219518678993e-09,5.125946982927555e-09,0.0017165330378289116,0.008501952567991999,1.0,1.0
phrase_rela_1_2_3gram,Segensspruch,253,11656,0.021244436980434964,0.024304429118111412,0.01214413468881461,0.04822997202104543,0.4319565353031976,0.35427606231779984,0.5986896898368075,0.9998979193015265,0.9770114942528736,1.0,2000,0.9999999994948561,1.0,0.9985007496251874,1.0,1.0,1.0
phrase_rela_1_2_3gram,Segenswunsch,45,5196,0.008586147681740127,0.007763046525582798,0.003622991105168997,0.016613021304952454,0.4184009066803524,0.3497747129168475,0.6787096784097677,0.9705710272548721,0.9375312343828086,1.0,2000,0.9999999999519258,1.0,1.0,1.0,1.0,1.0
phrase_rela_1_2_3gram,Siegeslied,10,2622,0.003799392097264438,0.0036238424811817706,0.0015609193229759674,0.008624747084882697,0.4733409610983982,0.17180986315187058,0.7209879154315476,0.614766796780302,0.5327336331834083,1.0,2000,0.9208285219226607,1.0,0.9063042008407561,1.0,1.0,1.0
phrase_rela_1_2_3gram,Thronbesteigungslied,36,4685,0.007625503071383181,0.008966322486574927,0.0032915480844169375,0.021354233242322704,0.5782491402822246,0.47110093232314915,0.7193069339689566,0.05255058873861919,0.11394302848575712,0.9325337331334332,2000,0.08140189235982188,0.40318188612515116,0.18002998500749626,0.8916847853310008,1.0,1.0
phrase_rela_1_2_3gram,Tora,3,1578,0.0018975332068311196,0.0032911232911232917,0.0021514431634823195,0.005717766165982526,0.5982256020278834,0.5646033936366245,0.629342994050762,0.27765448839688067,0.22988505747126436,0.8680659670164917,2000,0.4215208806565554,1.0,0.35919295254333616,1.0,1.0,1.0
phrase_rela_1_2_3gram,Wallfahrtslied,0,528,0.0,nan,nan,nan,nan,nan,nan,nan,nan,0.0004997501249375312,2000,nan,nan,nan,nan,0.0004997501249375312,0.002475252013466025
phrase_rela_1_2_3gram,Weisheitsgedicht,465,15452,0.029214047873342967,0.030382340628596412,0.020994977383780058,0.052246098773476704,0.4915299964649459,0.4517417529115339,0.5553085345243097,0.7335759897927914,0.5962018990504747,1.0,2000,0.999985157416146,1.0,0.8930058780133743,1.0,1.0,1.0
phrase_rela_1_2_3gram,Zionslied,15,3140,0.004754358161648178,0.0072393028554979325,0.0016617685004009478,0.03890121615470018,0.6480997876857749,0.29464224820716617,0.9254986231414346,0.023723214824524958,0.05697151424287856,0.7041479260369815,2000,0.042593953889487994,0.21096697102299483,0.10089399744572158,0.4997258787186409,1.0,1.0
phrase_rela_1_2_3gram,prophetische Gerichtsrede,1,1050,0.0009514747859181732,0.0015503875968992248,nan,nan,0.38761904761904764,nan,nan,0.6522687093534403,0.6470883534136547,1.0,2000,0.7257637751960815,1.0,0.7199997171785736,1.0,1.0,1.0
phrase_rela_1_2_3gram,prophetische Redeweise,91,7217,0.012452107279693486,0.014991115828006028,0.006244358525941046,0.04231398216948933,0.49273540648073,0.39693640908841665,0.6854232036851041,0.5943938394836619,0.5252373813093453,1.0,2000,0.9999613427340172,1.0,0.9930034982508745,1.0,1.0,1.0
phrase_rela_1_2_3gram,"prophetische Schelt-, Droh- und Mahnrede",21,3656,0.005711177590426979,0.005535427800702208,0.001928893978575816,0.015274533820871447,0.46898770449098676,0.27934841121676324,0.7179360204768788,0.6883260576279029,0.6296851574212894,1.0,2000,0.8489189786806046,1.0,0.7653096528658747,1.0,1.0,1.0
phrase_rela_1_2_3gram,prophetische Tora,0,525,0.0,nan,nan,nan,nan,nan,nan,nan,nan,0.0004997501249375312,2000,nan,nan,nan,nan,0.0004997501249375312,0.002475252013466025
phrase_rela_1_2_3gram,prophetisches Stück,28,4173,0.006665079742918353,0.00876309956717173,0.0032747435883598536,0.026316484395160232,0.5424112491869502,0.40903315774725946,0.8469570656604544,0.21924112601738327,0.2538730634682659,0.993503248375812,2000,0.5314026917097007,1.0,0.5625937031484257,1.0,1.0,1.0
phrase_rela_1_2_3gram_psalm,Danklied Israels,6,2097,0.0028530670470756064,0.0029841004965596558,0.0012167974577512123,0.007655598903306136,0.41154029566046735,0.027561562934808423,0.829681979991128,0.7732934505285829,0.7576211894052973,1.0,2000,0.9789087076252553,1.0,0.9895372826407309,1.0,1.0,1.0
phrase_rela_1_2_3gram_psalm,Danklied des Einzelnen,1596,26866,0.056074766355140186,0.05815641525761168,0.045464211328711,0.07881117696140855,0.519745471211715,0.47978974294414456,0.5598514343601358,0.003967092459633677,0.1934032983508246,1.0,2000,0.005913213288887933,0.0292880228918472,0.2938242417252912,1.0,1.0,1.0
phrase_rela_1_2_3gram_psalm,Fluch,15,3142,0.004751346214760849,0.004653024331857204,0.002112450084321387,0.026582331028149754,0.45929344366645447,0.2579542085424216,0.764030580974318,0.7070959030288166,0.6481759120439781,1.0,2000,0.988782647201491,1.0,0.9860069965017492,1.0,1.0,1.0
phrase_rela_1_2_3gram_psalm,Hymnus,11026,56707,0.16278623418422336,0.18166069254153008,0.14979948195962817,0.22108843804977657,0.5390102408442178,0.5030381410615075,0.5749168784850021,7.565552922068732e-39,0.010994502748625687,0.9995002498750625,2000,1.4941967021085746e-37,7.400725304212497e-37,0.13571339330334833,0.6721856249068675,1.0,1.0
phrase_rela_1_2_3gram_psalm,Klagelied des Einzelnen,5565,44872,0.11033566627674128,0.1418938206893293,0.09002291471736551,0.21855884259391134,0.5646943058718524,0.5106820162264262,0.6563399604610376,2.5442742059743955e-56,0.0024987506246876563,0.9790104947526237,2000,4.101993107591372e-56,2.0317086864277393e-55,0.0033457847347512686,0.016571602463035254,1.0,1.0
phrase_rela_1_2_3gram_psalm,Klagelied des Volkes,496,15918,0.030218106494455953,0.027524945869882814,0.013129623928978797,0.040843445256940475,0.4782004623493793,0.4142176975726354,0.5316526410367329,0.9511560866574952,0.7551224387806097,1.0,2000,0.9999906926869576,1.0,0.9272799497687054,1.0,1.0,1.0
phrase_rela_1_2_3gram_psalm,Königspsalm,325,13088,0.024230224409155298,0.022063873983125613,0.01126688113153142,0.03356214680102269,0.4668504325747602,0.4007293900229171,0.5514003730024684,0.9795672895593341,0.8445777111444278,1.0,2000,0.9997904174423975,1.0,0.8824094446283351,1.0,1.0,1.0
phrase_rela_1_2_3gram_psalm,Legende,3,1579,0.0018963337547408343,0.018139264899600906,0.0014953428631962955,0.15384615384615385,0.5195271268735486,0.23628391678252306,0.9936927741367059,0.4536697003315577,0.41529235382308843,1.0,2000,0.46545332891159813,1.0,0.4260791682081037,1.0,1.0,1.0
phrase_rela_1_2_3gram_psalm,Liturgie,153,9176,0.01640047164755065,0.01534515014877957,0.006668738562956916,0.027043128633583453,0.48452876500789216,0.4126823512157293,0.5672712482878672,0.744552177284868,0.6056971514242878,1.0,2000,0.9999999998364674,1.0,1.0,1.0,1.0,1.0
phrase_rela_1_2_3gram_psalm,Mischgedicht,45,5099,0.008748055987558321,0.009959989849054907,0.004303534050446134,0.019705366174637116,0.5129785796779325,0.4103495888332228,0.6758627150030397,0.38201310758790585,0.367816091954023,1.0,2000,0.5115090762617722,1.0,0.4898019740129935,1.0,1.0,1.0
phrase_rela_1_2_3gram_psalm,Segensspruch,253,11656,0.021244436980434964,0.018379007328863252,0.009565009863017514,0.026734080101320855,0.44702214469604284,0.39575905961949753,0.5278065122889981,0.9980602600895373,0.9290354822588706,1.0,2000,0.9999999994948561,1.0,0.9985007496251874,1.0,1.0,1.0
phrase_rela_1_2_3gram_psalm,Segenswunsch,45,5196,0.008586147681740127,0.007311107661513874,0.0029982235881376154,0.013967890935704982,0.417068685313489,0.340040398523385,0.5943622124660748,0.9724924051570556,0.9485257371314343,1.0,2000,0.9999999999519258,1.0,1.0,1.0,1.0,1.0
phrase_rela_1_2_3gram_psalm,Siegeslied,10,2622,0.003799392097264438,0.003913278598490439,0.001635322976287817,0.008173381864973208,0.4648741418764302,0.2703451007381057,0.7248176022469127,0.6495860972857359,0.5922038980509745,1.0,2000,0.9208285219226607,1.0,0.9063042008407561,1.0,1.0,1.0
phrase_rela_1_2_3gram_psalm,Thronbesteigungslied,36,4685,0.007625503071383181,0.008483523830179127,0.00175745437986619,0.02843655193858906,0.41071979129609865,0.2555901239155163,0.5863702402684002,0.9677372979649824,0.9415292353823088,1.0,2000,0.9726415094451731,1.0,0.9536001230154153,1.0,1.0,1.0
phrase_rela_1_2_3gram_psalm,Tora,3,1578,0.0018975332068311196,0.5,0.5,0.5,0.9990494296577946,0.9982698703790477,0.9993438263891475,0.0013911737894303428,0.0009995002498750624,0.0009995002498750624,2000,0.0027897801675024784,0.013817723362452928,0.0019740129935032482,0.009777245453190798,0.0026320173246709975,0.013036327270921067
phrase_rela_1_2_3gram_psalm,Wallfahrtslied,0,528,0.0,nan,nan,nan,nan,nan,nan,nan,nan,0.0004997501249375312,2000,nan,nan,nan,nan,0.0004997501249375312,0.002475252013466025
phrase_rela_1_2_3gram_psalm,Weisheitsgedicht,465,15452,0.029214047873342967,0.029484633890271252,0.02075573657341037,0.045827459225012065,0.4925880075377374,0.43560657801537034,0.5765749883648174,0.7073002519903556,0.551224387806097,1.0,2000,0.999985157416146,1.0,0.8930058780133743,1.0,1.0,1.0
phrase_rela_1_2_3gram_psalm,Zionslied,15,3140,0.004754358161648178,0.003432575557812687,0.0016064787605146206,0.00872178819936395,0.3234501061571125,0.2005619058964858,0.6985887764417258,0.9909327201188125,0.9985007496251874,1.0,2000,0.9909327201188125,1.0,0.9985007496251874,1.0,1.0,1.0
phrase_rela_1_2_3gram_psalm,prophetische Gerichtsrede,1,1050,0.0009514747859181732,0.0014144271570014145,nan,nan,0.32857142857142857,nan,nan,0.7241017523287122,0.7299196787148594,1.0,2000,0.7526847162364245,1.0,0.7587322976114986,1.0,1.0,1.0
phrase_rela_1_2_3gram_psalm,prophetische Redeweise,91,7217,0.012452107279693486,0.011060360513146744,0.003638560202061422,0.05923703461719735,0.4332033492349413,0.32443967947176827,0.5242773804856251,0.9858619049519021,0.928535732133933,1.0,2000,0.9999613427340172,1.0,0.9930034982508745,1.0,1.0,1.0
phrase_rela_1_2_3gram_psalm,"prophetische Schelt-, Droh- und Mahnrede",21,3656,0.005711177590426979,0.005656853016786345,0.0013099093875646325,0.03373818141208836,0.45549390434510784,0.1951115846843428,0.7229584921883577,0.7594435324726518,0.6811594202898551,1.0,2000,0.9090308949293864,1.0,0.8153271848924023,1.0,1.0,1.0
phrase_rela_1_2_3gram_psalm,prophetische Tora,0,525,0.0,nan,nan,nan,nan,nan,nan,nan,nan,0.0004997501249375312,2000,nan,nan,nan,nan,0.0004997501249375312,0.002475252013466025
phrase_rela_1_2_3gram_psalm,prophetisches Stück,28,4173,0.006665079742918353,0.010645923438966915,0.00225729725499565,0.08146486400426065,0.4893961179007908,0.2529796138279055,0.6278156514112432,0.5768265829661238,0.5247376311844077,1.0,2000,0.9113860010864756,1.0,0.8290854572713643,1.0,1.0,1.0
phrase_rela_1_2gram,Danklied Israels,6,2097,0.0028530670470756064,0.0026087684782116465,0.0014714974003210734,0.005565395005065077,0.4359004927674456,0.292122004932616,0.6787283808178326,0.7073196835973874,0.6881559220389805,1.0,2000,0.9789087076252553,1.0,0.9895372826407309,1.0,1.0,1.0
phrase_rela_1_2gram,Danklied des Einzelnen,1596,26866,0.056074766355140186,0.059243911199226035,0.046490375051385056,0.0814675285915596,0.5242266944626511,0.4737347612925817,0.5765051037680873,0.0004989130397705516,0.1809095452273863,1.0,2000,0.00096132024736277,0.004761399265618579,0.2932819304633397,1.0,1.0,1.0
phrase_rela_1_2gram,Fluch,15,3142,0.004751346214760849,0.004950807492111346,0.0022958383182639522,0.01135971848864113,0.4390091237004031,0.30911242706055986,0.780249539563809,0.7975162436689877,0.743128435782109,1.0,2000,0.988782647201491,1.0,0.9860069965017492,1.0,1.0,1.0
phrase_rela_1_2gram,Hymnus,11026,56707,0.16278623418422336,0.16330151575506366,0.13786301102964138,0.1930497081364031,0.48128530645934664,0.44617494350867776,0.5173494912684364,0.9999999998449466,0.8525737131434283,1.0,2000,1.0,1.0,1.0,1.0,1.0,1.0
phrase_rela_1_2gram,Klagelied des Einzelnen,5565,44872,0.11033566627674128,0.11826993191904243,0.083751281104966,0.20456008233060322,0.5404367311263489,0.498423961165668,0.5836920818987844,1.5579161438802092e-23,0.034482758620689655,0.9975012493753124,2000,1.7837010922686454e-23,8.834634549839084e-23,0.03891625615763547,0.19275141036290433,1.0,1.0
phrase_rela_1_2gram,Klagelied des Volkes,496,15918,0.030218106494455953,0.02603430764900453,0.015085987775257898,0.036662194390787245,0.45718961897466454,0.4291525637194517,0.4990467394610846,0.9994455432191666,0.9150424787606197,1.0,2000,0.9999906926869576,1.0,0.9272799497687054,1.0,1.0,1.0
phrase_rela_1_2gram,Königspsalm,325,13088,0.024230224409155298,0.022282191604130697,0.012387560865559918,0.0335624158962281,0.4764865055482415,0.4250463418338641,0.5331566416592622,0.9275446685456673,0.7276361819090454,1.0,2000,0.9997904174423975,1.0,0.8824094446283351,1.0,1.0,1.0
phrase_rela_1_2gram,Legende,3,1579,0.0018963337547408343,0.20042735042735044,0.028749302147162818,0.5,0.9799451129406798,0.954457046016806,0.99886014302783,0.0018861544220035607,0.0004997501249375312,0.0074962518740629685,2000,0.005232462259904652,0.025916277151172167,0.0011963715112140898,0.005925603304964121,0.029610194902548723,0.14665868179786198
phrase_rela_1_2gram,Liturgie,153,9176,0.01640047164755065,0.014688116934837302,0.007902037823768861,0.02321548625976971,0.48763932338410515,0.4526971964064139,0.5318809949320245,0.7004619299453194,0.559720139930035,1.0,2000,0.9999999998364674,1.0,1.0,1.0,1.0,1.0
phrase_rela_1_2gram,Mischgedicht,45,5099,0.008748055987558321,0.010945765152394272,0.005204229896238659,0.03525613516724642,0.6187618487285088,0.5164861671140721,0.8119964754464495,0.002987403872152607,0.04897551224387806,0.8025987006496752,2000,0.006378510970271783,0.0315926326662828,0.10456933695314505,0.5179297591419991,1.0,1.0
phrase_rela_1_2gram,Segensspruch,253,11656,0.021244436980434964,0.02120290538414169,0.01008835638618398,0.03512138966612391,0.4459861890668193,0.36308326304175365,0.596596810019043,0.9985953685443205,0.9325337331334332,1.0,2000,0.9999999994948561,1.0,0.9985007496251874,1.0,1.0,1.0
phrase_rela_1_2gram,Segenswunsch,45,5196,0.008586147681740127,0.009595024468163762,0.004373122836356984,0.022094560989801157,0.4786160294243435,0.34411855078286124,0.742689109853103,0.6935955248116472,0.5892053973013494,1.0,2000,0.9999999999519258,1.0,1.0,1.0,1.0,1.0
phrase_rela_1_2gram,Siegeslied,10,2622,0.003799392097264438,0.0052166321073884095,0.0025463882914393498,0.014933933748531407,0.5705186880244089,0.3340371980300407,0.7817861639484189,0.21251387567455216,0.21689155422288856,0.9600199900049975,2000,0.9208285219226607,1.0,0.9063042008407561,1.0,1.0,1.0
phrase_rela_1_2gram,Thronbesteigungslied,36,4685,0.007625503071383181,0.008183294312580563,0.002967080819872056,0.02031048546508781,0.5204494248784537,0.4010705628611968,0.6745558749043976,0.33425276605684395,0.3328335832083958,1.0,2000,0.40922953629905234,1.0,0.4173627471978296,1.0,1.0,1.0
phrase_rela_1_2gram,Tora,3,1578,0.0018975332068311196,0.0037313432835820895,0.0022371392327470182,0.006180350749196069,0.7442965779467681,0.6891803626768117,0.7808864979593193,0.05849260966044425,0.14042978510744628,0.5252373813093453,2000,0.10746316658546734,0.53226283734769,0.22640720456098481,1.0,0.8767907712810261,1.0
phrase_rela_1_2gram,Wallfahrtslied,0,528,0.0,nan,nan,nan,nan,nan,nan,nan,nan,0.0004997501249375312,2000,nan,nan,nan,nan,0.0004997501249375312,0.002475252013466025
phrase_rela_1_2gram,Weisheitsgedicht,465,15452,0.029214047873342967,0.03139902397943645,0.02177001808153914,0.048750608122504174,0.5291207040046317,0.4734062833350641,0.6025303217700901,0.015145858279984272,0.19490254872563717,1.0,2000,0.14097867624598737,0.6982644622195437,0.8930058780133743,1.0,1.0,1.0
phrase_rela_1_2gram,Zionslied,15,3140,0.004754358161648178,0.005371732117095121,0.0016597352847776262,0.016482884058644807,0.5648301486199575,0.25602364076943845,0.8842552706078407,0.19241733759920426,0.21039480259870064,0.968015992003998,2000,0.2491962241038875,1.0,0.2724785148409402,1.0,1.0,1.0
phrase_rela_1_2gram,prophetische Gerichtsrede,1,1050,0.0009514747859181732,0.0012300123001230013,nan,nan,0.3523809523809524,nan,nan,0.6987816314983007,0.7243975903614458,1.0,2000,0.7526847162364245,1.0,0.7587322976114986,1.0,1.0,1.0
phrase_rela_1_2gram,prophetische Redeweise,91,7217,0.012452107279693486,0.017731454257582373,0.007882315086585021,0.04034755263209608,0.6189552445614521,0.5057343399757793,0.7422150360439941,2.7681168877407604e-05,0.02048975512243878,0.8025987006496752,2000,0.0021868123413152007,0.010831236213476519,0.9930034982508745,1.0,1.0,1.0
phrase_rela_1_2gram,"prophetische Schelt-, Droh- und Mahnrede",21,3656,0.005711177590426979,0.007278567482387634,0.002596178553001083,0.019661051654980555,0.5587162654996353,0.21371893414819712,0.749764367264616,0.17056913977592664,0.20689655172413793,0.9780109945027486,2000,0.7655368811980237,1.0,0.7514409461935699,1.0,1.0,1.0
phrase_rela_1_2gram,prophetische Tora,0,525,0.0,nan,nan,nan,nan,nan,nan,nan,nan,0.0004997501249375312,2000,nan,nan,nan,nan,0.0004997501249375312,0.002475252013466025
phrase_rela_1_2gram,prophetisches Stück,28,4173,0.006665079742918353,0.008191549522787046,0.0032375411680944117,0.020407683866852416,0.5647744000547739,0.2937257342835019,0.7126830379956756,0.11455584177693323,0.1924037981009495,0.9685157421289355,2000,0.5109434815090951,1.0,0.5625937031484257,1.0,1.0,1.0
phrase_rela_1_2gram_psalm,Danklied Israels,6,2097,0.0028530670470756064,0.0028626140116760467,0.0012345299273580303,0.006597181146556216,0.40454617707836593,0.05584136791330882,0.771426901871968,0.7907410689642966,0.7796101949025487,1.0,2000,0.9789087076252553,1.0,0.9895372826407309,1.0,1.0,1.0
phrase_rela_1_2gram_psalm,Danklied des Einzelnen,1596,26866,0.056074766355140186,0.058897278184854136,0.04609591229306696,0.07985787464450134,0.5227751388259975,0.4821070290694114,0.5643121141985217,0.0010985665986884688,0.16441779110444776,0.9995002498750625,2000,0.0018352595869615713,0.009090002705706769,0.2932819304633397,1.0,1.0,1.0
phrase_rela_1_2gram_psalm,Fluch,15,3142,0.004751346214760849,0.004470535009733517,0.0021707339007365845,0.01159603768703076,0.46764269043072354,0.29448428196843807,0.7073142494672018,0.6675576522816141,0.6181909045477262,1.0,2000,0.988782647201491,1.0,0.9860069965017492,1.0,1.0,1.0
phrase_rela_1_2gram_psalm,Hymnus,11026,56707,0.16278623418422336,0.18023254227578328,0.1491822271286612,0.2196336821526135,0.5292816298005399,0.49327984407519654,0.567896394961633,9.618360608945213e-23,0.029985007496251874,0.9995002498750625,2000,3.9992130952982725e-22,1.9808019593099908e-21,0.13934209365905284,0.6901585025781741,1.0,1.0
phrase_rela_1_2gram_psalm,Klagelied des Einzelnen,5565,44872,0.11033566627674128,0.1444822865045875,0.08950943386370619,0.22537289369979768,0.5602622081505833,0.504505602609473,0.646171204920292,3.8119765350937935e-49,0.0014992503748125937,0.9765117441279361,2000,5.475384477680176e-49,2.7119465862209833e-48,0.002153468720185362,0.010666085948935419,1.0,1.0
phrase_rela_1_2gram_psalm,Klagelied des Volkes,496,15918,0.030218106494455953,0.029673808403571665,0.01437475827334036,0.04488582457535458,0.4984509826570853,0.43627291807832574,0.5641892244686693,0.5468423191390034,0.4877561219390305,1.0,2000,0.9999906926869576,1.0,0.9272799497687054,1.0,1.0,1.0
phrase_rela_1_2gram_psalm,Königspsalm,325,13088,0.024230224409155298,0.022347590692544474,0.01150399354952396,0.03451498050545774,0.4674468685348881,0.40389631414560484,0.5507882163680745,0.9776837371216882,0.855072463768116,1.0,2000,0.9997904174423975,1.0,0.8824094446283351,1.0,1.0,1.0
phrase_rela_1_2gram_psalm,Legende,3,1579,0.0018963337547408343,0.004464237083722378,0.0015657627962020063,0.007145585012039857,0.7266202237703188,0.4296275691754136,0.8714146941202465,0.08730542185546797,0.0944527736131934,0.42278860569715143,2000,0.0985304046654567,0.4880190526541237,0.10659670164917541,0.5279712544723032,0.47714714071535663,1.0
phrase_rela_1_2gram_psalm,Liturgie,153,9176,0.01640047164755065,0.0159883769592606,0.007613750777284804,0.029262908059070884,0.4837000188043831,0.4145465222625589,0.5751000290737678,0.7557386711104837,0.6166916541729135,1.0,2000,0.9999999998364674,1.0,1.0,1.0,1.0,1.0
phrase_rela_1_2gram_psalm,Mischgedicht,45,5099,0.008748055987558321,0.009799649940621668,0.0043679170268327815,0.01920471399745706,0.5272646052602907,0.431231330252891,0.7038633918260218,0.26412024296591635,0.28585707146426786,0.9995002498750625,2000,0.4091274351824979,1.0,0.4427982087387679,1.0,1.0,1.0
phrase_rela_1_2gram_psalm,Segensspruch,253,11656,0.021244436980434964,0.018830435387959612,0.00971075314606084,0.027362009486470502,0.4597045474891555,0.40132501599169634,0.5324684619937343,0.9859715529362615,0.88055972013993,1.0,2000,0.9999999994948561,1.0,0.9985007496251874,1.0,1.0,1.0
phrase_rela_1_2gram_psalm,Segenswunsch,45,5196,0.008586147681740127,0.007243410032633691,0.0030555645710030202,0.014191279069535177,0.401481909160893,0.3307257816444135,0.5541411760072238,0.9886777012126718,0.9850074962518741,1.0,2000,0.9999999999519258,1.0,1.0,1.0,1.0,1.0
phrase_rela_1_2gram_psalm,Siegeslied,10,2622,0.003799392097264438,0.0037734397477978427,0.0016228681097601389,0.008426857361178914,0.4450419527078566,0.27210283983046557,0.757801851994168,0.7260840119632019,0.672663668165917,1.0,2000,0.9208285219226607,1.0,0.9063042008407561,1.0,1.0,1.0
phrase_rela_1_2gram_psalm,Thronbesteigungslied,36,4685,0.007625503071383181,0.013310027558074172,0.0019525600285803689,0.04323666613607348,0.4126022767698328,0.2626872672990718,0.5809427537102367,0.9648182585939474,0.9415292353823088,1.0,2000,0.9726415094451731,1.0,0.9536001230154153,1.0,1.0,1.0
phrase_rela_1_2gram_psalm,Tora,3,1578,0.0018975332068311196,0.5,0.5,0.5,0.998943810730883,0.9980776337544972,0.9992709182101639,0.0013934726548795171,0.0004997501249375312,0.0004997501249375312,2000,0.0027897801675024784,0.013817723362452928,0.0019740129935032482,0.009777245453190798,0.0026320173246709975,0.013036327270921067
phrase_rela_1_2gram_psalm,Wallfahrtslied,0,528,0.0,nan,nan,nan,nan,nan,nan,nan,nan,0.0004997501249375312,2000,nan,nan,nan,nan,0.0004997501249375312,0.002475252013466025
phrase_rela_1_2gram_psalm,Weisheitsgedicht,465,15452,0.029214047873342967,0.02969445322637738,0.020209753168405325,0.04422522531172446,0.5017820708736594,0.44028455934922567,0.5736378725053299,0.44782741428099293,0.4427786106946527,1.0,2000,0.999985157416146,1.0,0.8930058780133743,1.0,1.0,1.0
phrase_rela_1_2gram_psalm,Zionslied,15,3140,0.004754358161648178,0.003647927464172964,0.0017139317586701583,0.008980832729532649,0.3609660297239915,0.19383522838514505,0.6395304539960485,0.9686139075612472,0.9835082458770614,1.0,2000,0.9831244081443667,1.0,0.9961173259524083,1.0,1.0,1.0
phrase_rela_1_2gram_psalm,prophetische Gerichtsrede,1,1050,0.0009514747859181732,0.0019801980198019802,nan,nan,0.520952380952381,nan,nan,0.4717451500363178,0.4352409638554217,1.0,2000,0.5915534421090334,1.0,0.5457783515012431,1.0,1.0,1.0
phrase_rela_1_2gram_psalm,prophetische Redeweise,91,7217,0.012452107279693486,0.03292824532975569,0.003240462738292148,0.10288662202773449,0.4483423601478195,0.30122669441733707,0.551083392005718,0.9550865983966622,0.8685657171414293,1.0,2000,0.9999613427340172,1.0,0.9930034982508745,1.0,1.0,1.0
phrase_rela_1_2gram_psalm,"prophetische Schelt-, Droh- und Mahnrede",21,3656,0.005711177590426979,0.006553443609739001,0.0012389071943156985,0.04508093356892736,0.4999869750963843,0.1927889399698263,0.8477734150027573,0.500123362616604,0.4332833583208396,1.0,2000,0.8287155809202843,1.0,0.7514409461935699,1.0,1.0,1.0
phrase_rela_1_2gram_psalm,prophetische Tora,0,525,0.0,nan,nan,nan,nan,nan,nan,nan,nan,0.0004997501249375312,2000,nan,nan,nan,nan,0.0004997501249375312,0.002475252013466025
phrase_rela_1_2gram_psalm,prophetisches Stück,28,4173,0.006665079742918353,0.011582909774884985,0.0026825611793289445,0.07061530162969913,0.5293339837732361,0.32881095236463553,0.6709198385393278,0.2960575471589718,0.3073463268365817,0.9995002498750625,2000,0.5385659252027215,1.0,0.5625937031484257,1.0,1.0,1.0
phrase_rela_1gram,Danklied Israels,6,2097,0.0028530670470756064,0.002563028626268586,0.0012683964344169262,0.007578701310197603,0.4131298680654904,0.18157895685967385,0.8955712899671411,0.7731733801968245,0.769615192403798,1.0,2000,0.9789087076252553,1.0,0.9895372826407309,1.0,1.0,1.0
phrase_rela_1gram,Danklied des Einzelnen,1596,26866,0.056074766355140186,0.05945857453273575,0.04553623884638553,0.07968560847325176,0.5238945205080743,0.47061101075395473,0.5829947967123099,0.0004612171437668544,0.1729135432283858,1.0,2000,0.0009109038589395376,0.004511687938439039,0.2932819304633397,1.0,1.0,1.0
phrase_rela_1gram,Fluch,15,3142,0.004751346214760849,0.004601432850620223,0.002139836809703412,0.009803517371759246,0.4321557394440908,0.317406939431455,0.7297923112115509,0.8264868704504205,0.7886056971514243,1.0,2000,0.988782647201491,1.0,0.9860069965017492,1.0,1.0,1.0
phrase_rela_1gram,Hymnus,11026,56707,0.16278623418422336,0.17007244266189028,0.14255786551677252,0.20138491817124302,0.5041999315404951,0.4670924801880262,0.5366036427708096,0.07448919423220783,0.3793103448275862,1.0,2000,0.15485911432485314,0.7670139844068524,0.7885662431941923,1.0,1.0,1.0
phrase_rela_1gram,Klagelied des Einzelnen,5565,44872,0.11033566627674128,0.11545913477796846,0.08277728156078003,0.19003284953330224,0.5299827926239068,0.4943743239299205,0.5749383627467882,3.161569527414966e-14,0.06446776611694154,1.0,2000,3.517802713602568e-14,1.7423603947891827e-13,0.07173173976392087,0.3552858206934122,1.0,1.0
phrase_rela_1gram,Klagelied des Volkes,496,15918,0.030218106494455953,0.025558805078727265,0.014145737250312417,0.035989196344312975,0.44409358293917617,0.4157550221791539,0.4791192252929527,0.9999906926869576,0.9740129935032483,1.0,2000,0.9999906926869576,1.0,0.9740129935032483,1.0,1.0,1.0
phrase_rela_1gram,Königspsalm,325,13088,0.024230224409155298,0.021562593641936394,0.011818044348067352,0.03249359881652502,0.4607438405115667,0.4040439081668695,0.5305090277266752,0.9928409548355411,0.8600699650174912,1.0,2000,0.9997904174423975,1.0,0.8824094446283351,1.0,1.0,1.0
phrase_rela_1gram,Legende,3,1579,0.0018963337547408343,0.3878136200716846,0.047967870721038676,1.0,0.9881781718387165,0.9660337151193376,1.0,0.00152780553603355,0.0004997501249375312,0.004997501249375313,2000,0.005232462259904652,0.025916277151172167,0.0011963715112140898,0.005925603304964121,0.029610194902548723,0.14665868179786198
phrase_rela_1gram,Liturgie,153,9176,0.01640047164755065,0.014036159438657958,0.007631417734059548,0.02260218303981802,0.45804841843741273,0.42010804610246655,0.5145446865886598,0.9633230993546115,0.8130934532733634,1.0,2000,0.9999999998364674,1.0,1.0,1.0,1.0,1.0
phrase_rela_1gram,Mischgedicht,45,5099,0.008748055987558321,0.008846094861162062,0.004362013907765773,0.01957871639628439,0.5466213418753132,0.46702832926638116,0.7345780254206447,0.13947384004154595,0.223888055972014,0.9950024987506247,2000,0.26159184962098786,1.0,0.38450340047367626,1.0,1.0,1.0
phrase_rela_1gram,Segensspruch,253,11656,0.021244436980434964,0.023242261486967113,0.013948926242895556,0.037187202645666384,0.5000064429319002,0.39488841957756415,0.6220803102472964,0.49985711645298964,0.487256371814093,1.0,2000,0.9999999994948561,1.0,0.9985007496251874,1.0,1.0,1.0
phrase_rela_1gram,Segenswunsch,45,5196,0.008586147681740127,0.010160632458650813,0.004549241387123964,0.022532622415006302,0.5267171328372252,0.3823024585224515,0.7160931351257012,0.25586706874907866,0.3053473263368316,1.0,2000,0.9999999999519258,1.0,1.0,1.0,1.0,1.0
phrase_rela_1gram,Siegeslied,10,2622,0.003799392097264438,0.0062932662051604785,0.002763158730954159,0.015749655562798653,0.6988939740655988,0.6379964205678432,0.7376729456906524,0.0069146118052586655,0.08045977011494253,0.4222888555722139,2000,0.19046164369422688,0.9433525746514096,0.8488255872063969,1.0,1.0,1.0
phrase_rela_1gram,Thronbesteigungslied,36,4685,0.007625503071383181,0.00750123169593617,0.0027016672482598402,0.019373531504742945,0.5014526265860311,0.37369516220481847,0.6105134861162151,0.4877861641734068,0.4332833583208396,1.0,2000,0.5838652571166536,1.0,0.518627050111308,1.0,1.0,1.0
phrase_rela_1gram,Tora,3,1578,0.0018975332068311196,0.003134796238244514,0.0019157108150850398,0.004822805392020959,0.6977186311787072,0.6404372501169325,0.7358516085402543,0.08973870399825812,0.2318840579710145,0.7411294352823589,2000,0.14769495033046648,0.7315300285916877,0.35919295254333616,1.0,1.0,1.0
phrase_rela_1gram,Wallfahrtslied,0,528,0.0,nan,nan,nan,nan,nan,nan,nan,nan,0.0004997501249375312,2000,nan,nan,nan,nan,0.0004997501249375312,0.002475252013466025
phrase_rela_1gram,Weisheitsgedicht,465,15452,0.029214047873342967,0.030327511608714757,0.021124942101829036,0.044342613535604355,0.5191392560798755,0.46305040469466613,0.5835828919237185,0.07409346985459868,0.2683658170914543,1.0,2000,0.4412159995376034,1.0,0.8930058780133743,1.0,1.0,1.0
phrase_rela_1gram,Zionslied,15,3140,0.004754358161648178,0.006288995878688512,0.0017430877973287618,0.07221065996797468,0.5520700636942675,0.30348197018465556,0.9694943243510046,0.2423169067136829,0.23788105947026486,0.9910044977511244,2000,0.2992953174277458,1.0,0.3020553215455764,1.0,1.0,1.0
phrase_rela_1gram,prophetische Gerichtsrede,1,1050,0.0009514747859181732,0.0011737089201877935,nan,nan,0.3404761904761905,nan,nan,0.715544876507159,0.7259036144578314,1.0,2000,0.7526847162364245,1.0,0.7587322976114986,1.0,1.0,1.0
phrase_rela_1gram,prophetische Redeweise,91,7217,0.012452107279693486,0.016599093193242653,0.00767417273329352,0.03677151451029404,0.5973632159720562,0.4723092973768178,0.7154265679627774,0.00028802026724237943,0.03398300849575212,0.9015492253873063,2000,0.011376800556073987,0.056349057414930286,0.9930034982508745,1.0,1.0,1.0
phrase_rela_1gram,"prophetische Schelt-, Droh- und Mahnrede",21,3656,0.005711177590426979,0.00634205823108496,0.0023237664679196784,0.01671123630685096,0.514718141085756,0.23478997661438158,0.7051810262488755,0.4040081324126815,0.37681159420289856,1.0,2000,0.8287155809202843,1.0,0.7514409461935699,1.0,1.0,1.0
phrase_rela_1gram,prophetische Tora,0,525,0.0,nan,nan,nan,nan,nan,nan,nan,nan,0.0004997501249375312,2000,nan,nan,nan,nan,0.0004997501249375312,0.002475252013466025
phrase_rela_1gram,prophetisches Stück,28,4173,0.006665079742918353,0.0069997206358562835,0.0029056136122723904,0.016808208382248068,0.50933723597275,0.2954735268884352,0.6499440705460034,0.43037876498532396,0.42128935532233885,1.0,2000,0.708331717371679,1.0,0.693372063968016,1.0,1.0,1.0
phrase_rela_1gram_psalm,Danklied Israels,6,2097,0.0028530670470756064,0.002441313639251237,0.0012800112433512419,0.005058825095828985,0.3582896200921952,0.21811052304034828,0.7011761432014214,0.8851064817732589,0.9195402298850575,1.0,2000,0.9789087076252553,1.0,0.9895372826407309,1.0,1.0,1.0
phrase_rela_1gram_psalm,Danklied des Einzelnen,1596,26866,0.056074766355140186,0.058206001118040446,0.04574408069190045,0.08069078226831326,0.522082349848417,0.47893291637727475,0.56210695834624,0.0014932903684451353,0.1584207896051974,1.0,2000,0.0024075497776972587,0.011924544161964408,0.29105214834443244,1.0,1.0,1.0
phrase_rela_1gram_psalm,Fluch,15,3142,0.004751346214760849,0.004607103925666607,0.002122953246352745,0.011656742524505596,0.46853384256312325,0.27078927541246006,0.7629820611082998,0.6632220270898873,0.6056971514242878,1.0,2000,0.988782647201491,1.0,0.9860069965017492,1.0,1.0,1.0
phrase_rela_1gram_psalm,Hymnus,11026,56707,0.16278623418422336,0.1758027966977286,0.14777874529725707,0.209824138708479,0.5200795325871027,0.4845345876895518,0.5589673103144179,1.168369836800068e-11,0.0814592703648176,1.0,2000,3.418563596563162e-11,1.69320746575348e-10,0.25054780302156615,1.0,1.0,1.0
phrase_rela_1gram_psalm,Klagelied des Einzelnen,5565,44872,0.11033566627674128,0.1420284968060814,0.08541506310164483,0.23913869480746258,0.5485167793641876,0.49009215380313964,0.637862310839655,1.4252558717871946e-32,0.004497751124437781,0.9885057471264368,2000,1.7593002167373184e-32,8.713777518944294e-32,0.00582495637427188,0.028850888222530225,1.0,1.0
phrase_rela_1gram_psalm,Klagelied des Volkes,496,15918,0.030218106494455953,0.03234687994617584,0.018100216345641153,0.050699085863146455,0.5202772449732297,0.4596636764717021,0.6048534888189216,0.061718354321929535,0.22138930534732634,1.0,2000,0.13930714261235524,0.6899853907681035,0.51440456242467,1.0,1.0,1.0
phrase_rela_1gram_psalm,Königspsalm,325,13088,0.024230224409155298,0.02218592373092712,0.011853210986722158,0.03434030000466337,0.4651986552567237,0.4039524896869169,0.538960669292706,0.9840951100210986,0.8750624687656172,1.0,2000,0.9997904174423975,1.0,0.8862812183651764,1.0,1.0,1.0
phrase_rela_1gram_psalm,Legende,3,1579,0.0018963337547408343,0.0190072505304653,0.006102722777032919,0.03830351963695376,0.919780451762719,0.816235325554356,0.9794032178301261,0.005946267376641296,0.00849575212393803,0.08195902048975512,2000,0.009786565057388799,0.04847265394129896,0.013423288355822089,0.06648526908169743,0.1281246169368146,0.6345985728108745
phrase_rela_1gram_psalm,Liturgie,153,9176,0.01640047164755065,0.016462574527053922,0.007720171364735509,0.030387686592618913,0.4816756984688674,0.4193087615157808,0.5859221809678214,0.7819166336749903,0.6366816591704147,1.0,2000,0.9999999998364674,1.0,1.0,1.0,1.0,1.0
phrase_rela_1gram_psalm,Mischgedicht,45,5099,0.008748055987558321,0.008990260688966394,0.004349144108372711,0.017197396208567316,0.5103527924865442,0.4053898061407461,0.6587763187880906,0.4053762725791467,0.38580709645177413,1.0,2000,0.5192644958578634,1.0,0.4898019740129935,1.0,1.0,1.0
phrase_rela_1gram_psalm,Segensspruch,253,11656,0.021244436980434964,0.019357475666528658,0.010007405542979965,0.02819522977221059,0.47361958488528866,0.4105836415292788,0.5411997202239521,0.9247826246342318,0.775112443778111,1.0,2000,0.9999999994948561,1.0,0.9985007496251874,1.0,1.0,1.0
phrase_rela_1gram_psalm,Segenswunsch,45,5196,0.008586147681740127,0.007174555090860965,0.0027815806672317513,0.01322895062639275,0.41396587118296124,0.35409260914217844,0.6961123431964124,0.9767359220654153,0.9655172413793104,1.0,2000,0.9999999999519258,1.0,1.0,1.0,1.0,1.0
phrase_rela_1gram_psalm,Siegeslied,10,2622,0.003799392097264438,0.004247170750315786,0.0016625780009785374,0.009465057978301664,0.5061022120518688,0.19739295936935336,0.7479740568243609,0.47348889754257284,0.4292853573213393,1.0,2000,0.9208285219226607,1.0,0.9063042008407561,1.0,1.0,1.0
phrase_rela_1gram_psalm,Thronbesteigungslied,36,4685,0.007625503071383181,0.008048994957772362,0.0021263914163531044,0.018727977025926004,0.4150717419660856,0.175033470024929,0.5286843850400912,0.9606677663395476,0.9390304847576212,1.0,2000,0.9726415094451731,1.0,0.9536001230154153,1.0,1.0,1.0
phrase_rela_1gram_psalm,Tora,3,1578,0.0018975332068311196,0.5,0.5,0.5,0.9990494296577946,0.9982698703790477,0.9993438263891475,0.0013880984925290234,0.0009995002498750624,0.0014992503748125937,2000,0.0027897801675024784,0.013817723362452928,0.0019740129935032482,0.009777245453190798,0.0031168626213209185,0.015437755978722316
phrase_rela_1gram_psalm,Wallfahrtslied,0,528,0.0,nan,nan,nan,nan,nan,nan,nan,nan,0.0004997501249375312,2000,nan,nan,nan,nan,0.0004997501249375312,0.002475252013466025
phrase_rela_1gram_psalm,Weisheitsgedicht,465,15452,0.029214047873342967,0.029243299727909105,0.020273352634141675,0.04302205334282531,0.496951642130051,0.4402450735460693,0.562655349969157,0.5887624901450416,0.49775112443778113,1.0,2000,0.999985157416146,1.0,0.8930058780133743,1.0,1.0,1.0
phrase_rela_1gram_psalm,Zionslied,15,3140,0.004754358161648178,0.0039804970865521955,0.0017680193599625184,0.010097718296980196,0.4152335456475584,0.2186686246283124,0.7210464511260812,0.8717218660794874,0.8480759620189905,1.0,2000,0.9439600988636554,1.0,0.9267190728959844,1.0,1.0,1.0
phrase_rela_1gram_psalm,prophetische Gerichtsrede,1,1050,0.0009514747859181732,0.0027100271002710027,nan,nan,0.6504761904761904,nan,nan,0.301764316587544,0.3032128514056225,0.6871564217891054,2000,0.5182474132699125,1.0,0.5320866800535475,1.0,1.0,1.0
phrase_rela_1gram_psalm,prophetische Redeweise,91,7217,0.012452107279693486,0.013873493299328098,0.004039075202943397,0.05798233861172815,0.498353247140832,0.38235776226342827,0.6588671959526252,0.5215722511340752,0.45527236381809094,1.0,2000,0.9999613427340172,1.0,0.9930034982508745,1.0,1.0,1.0
phrase_rela_1gram_psalm,"prophetische Schelt-, Droh- und Mahnrede",21,3656,0.005711177590426979,0.006442308039505041,0.001298808810414404,0.04023720532477969,0.4998046264457643,0.20063788441663688,0.7688929155682092,0.5012747582675968,0.42828585707146427,1.0,2000,0.8287155809202843,1.0,0.7514409461935699,1.0,1.0,1.0
phrase_rela_1gram_psalm,prophetische Tora,0,525,0.0,nan,nan,nan,nan,nan,nan,nan,nan,0.0004997501249375312,2000,nan,nan,nan,nan,0.0004997501249375312,0.002475252013466025
phrase_rela_1gram_psalm,prophetisches Stück,28,4173,0.006665079742918353,0.013284354130585535,0.003077383388098322,0.12073973893693421,0.534413405908733,0.336948182585046,0.6866855652986025,0.264816771014051,0.28835582208895555,0.999000499750125,2000,0.5378526444902835,1.0,0.5625937031484257,1.0,1.0,1.0
phrase_signature_1_2_3gram,Danklied Israels,6,2097,0.0028530670470756064,0.003964832807593594,0.0020854821534284766,0.009845495133253251,0.5805118423144174,0.4177695971438142,0.9035248710824162,0.24771697140430166,0.24087956021989004,0.9390304847576212,2000,0.835369597573365,1.0,0.7811451417148568,1.0,1.0,1.0
phrase_signature_1_2_3gram,Danklied des Einzelnen,1596,26866,0.056074766355140186,0.05798496362892029,0.04548278002837368,0.07573250223300844,0.5167330618103362,0.47051874017505657,0.5728838692756894,0.012230757033467252,0.25687156421789104,1.0,2000,0.01725410367221273,0.08545921796524739,0.3498767857450585,1.0,1.0,1.0
phrase_signature_1_2_3gram,Fluch,15,3142,0.004751346214760849,0.00421877754328506,0.0018624581225212828,0.011852969669296675,0.4143751326119245,0.26253315806311056,0.8260472901984031,0.8741055202852643,0.8235882058970515,1.0,2000,0.988782647201491,1.0,0.9860069965017492,1.0,1.0,1.0
phrase_signature_1_2_3gram,Hymnus,11026,56707,0.16278623418422336,0.13892556928282884,0.11482601214604897,0.16262159451958866,0.4423045921392302,0.40934946663487415,0.4746338885569306,1.0,1.0,1.0,2000,1.0,1.0,1.0,1.0,1.0,1.0
phrase_signature_1_2_3gram,Klagelied des Einzelnen,5565,44872,0.11033566627674128,0.15334210890949934,0.11234019809463684,0.19313831506212126,0.575038768555926,0.5190793105775041,0.65419617780196,4.954076895824438e-75,0.0004997501249375312,0.9535232383808095,2000,1.0035181404362323e-74,4.970404555626595e-74,0.0008773391082236659,0.004345442423640355,1.0,1.0
phrase_signature_1_2_3gram,Klagelied des Volkes,496,15918,0.030218106494455953,0.036892932021395874,0.023481019713794512,0.056016173248016256,0.5809766231371262,0.512132197984563,0.6831176952703165,3.8261704708034966e-10,0.014992503748125937,0.9375312343828086,2000,3.3805564005957304e-09,1.674382580345729e-08,0.06316841579210394,0.31287185450210553,1.0,1.0
phrase_signature_1_2_3gram,Königspsalm,325,13088,0.024230224409155298,0.027225855152242042,0.01570057711758688,0.044047342290357366,0.4988197056610871,0.43790226179719904,0.6150241502910256,0.5290235816490937,0.4817591204397801,1.0,2000,0.9997904174423975,1.0,0.8824094446283351,1.0,1.0,1.0
phrase_signature_1_2_3gram,Legende,3,1579,0.0018963337547408343,0.18225806451612903,0.04958793306629416,0.25,0.9917669411019633,0.9807045966084339,0.9974368238423823,0.0016083172402960142,0.0004997501249375312,0.004497751124437781,2000,0.005232462259904652,0.025916277151172167,0.0011963715112140898,0.005925603304964121,0.029610194902548723,0.14665868179786198
phrase_signature_1_2_3gram,Liturgie,153,9176,0.01640047164755065,0.03220698682898452,0.0188606856733621,0.05947825971054592,0.7043794268651954,0.6127466138247997,0.7878657288611393,1.8974408046586897e-18,0.0009995002498750624,0.4617691154422789,2000,2.9979564713607297e-17,1.4848816281830312e-16,0.003760024749529997,0.01862332467274438,1.0,1.0
phrase_signature_1_2_3gram,Mischgedicht,45,5099,0.008748055987558321,0.03531789398954829,0.013743206182413618,0.07905264568791713,0.8422544725545313,0.7596408747821549,0.9218434059703057,1.210780961562262e-15,0.0004997501249375312,0.11094452773613193,2000,1.993752689190077e-14,9.875015756900351e-14,0.0017165330378289116,0.008501952567991999,1.0,1.0
phrase_signature_1_2_3gram,Segensspruch,253,11656,0.021244436980434964,0.023223253843104696,0.013423754306060463,0.06272006402407933,0.47065227564354717,0.40199867379121257,0.6649292478577207,0.9451795069320628,0.7576211894052973,1.0,2000,0.9999999994948561,1.0,0.9985007496251874,1.0,1.0,1.0
phrase_signature_1_2_3gram,Segenswunsch,45,5196,0.008586147681740127,0.007327890922059586,0.002656021391411799,0.02428350996243663,0.39482507912069115,0.2701139348769649,0.6210374543648731,0.9925204243289975,0.9645177411294353,1.0,2000,0.9999999999519258,1.0,1.0,1.0,1.0,1.0
phrase_signature_1_2_3gram,Siegeslied,10,2622,0.003799392097264438,0.0039826187013865455,0.001895329570756104,0.014273717340213345,0.44168573607932876,0.282222316920749,0.8785347887322142,0.7381573578905354,0.6861569215392304,1.0,2000,0.9208285219226607,1.0,0.9063042008407561,1.0,1.0,1.0
phrase_signature_1_2_3gram,Thronbesteigungslied,36,4685,0.007625503071383181,0.015882681858127266,0.005287228664469569,0.05488169341894848,0.6818925649235148,0.5672005587666193,0.8345010225497697,8.305330326996543e-05,0.010494752623688156,0.5467266366816592,2000,0.0005964737234842972,0.002954321992853202,0.06502631037422466,0.32207396786981457,1.0,1.0
phrase_signature_1_2_3gram,Tora,3,1578,0.0018975332068311196,0.002057819916533885,0.0016137816783025791,0.0039801492023991405,0.4040980143641741,0.35774435397882237,0.4924938333245027,0.717461592385948,0.7201399300349826,1.0,2000,0.8335215558601455,1.0,0.8366331540112298,1.0,1.0,1.0
phrase_signature_1_2_3gram,Wallfahrtslied,0,528,0.0,nan,nan,nan,nan,nan,nan,nan,nan,0.0004997501249375312,2000,nan,nan,nan,nan,0.0004997501249375312,0.002475252013466025
phrase_signature_1_2_3gram,Weisheitsgedicht,465,15452,0.029214047873342967,0.028334154818364474,0.018306746836326604,0.04124222434873197,0.496869528668732,0.4229860466262827,0.5613197577159077,0.5911100555507351,0.5132433783108445,1.0,2000,0.999985157416146,1.0,0.8930058780133743,1.0,1.0,1.0
phrase_signature_1_2_3gram,Zionslied,15,3140,0.004754358161648178,0.021132718447171517,0.006542297891892052,0.06759546755627453,0.840859872611465,0.7160326146620688,0.9471550410866921,2.541092223826752e-06,0.0004997501249375312,0.111944027986007,2000,1.544202197556257e-05,7.648401486998271e-05,0.0026320173246709975,0.013036327270921067,0.7219247519097595,1.0
phrase_signature_1_2_3gram,prophetische Gerichtsrede,1,1050,0.0009514747859181732,0.006711409395973154,nan,nan,0.86,nan,nan,0.10670508158497755,0.060240963855421686,0.08745627186406797,2000,0.390983073497538,1.0,0.36427190242451285,1.0,0.5424244399539361,1.0
phrase_signature_1_2_3gram,prophetische Redeweise,91,7217,0.012452107279693486,0.010827035302712631,0.005840286450799215,0.020469808438519314,0.4496168235256499,0.3551679106858817,0.5903922199900751,0.9509817220791602,0.8295852073963018,1.0,2000,0.9999613427340172,1.0,0.9930034982508745,1.0,1.0,1.0
phrase_signature_1_2_3gram,"prophetische Schelt-, Droh- und Mahnrede",21,3656,0.005711177590426979,0.03276892140946102,0.004046446560314792,0.5,0.5856387412733146,0.44688102530139706,0.7857431993759644,0.08766125628328536,0.15242378810594703,0.9225387306346826,2000,0.5485772286249473,1.0,0.7514409461935699,1.0,1.0,1.0
phrase_signature_1_2_3gram,prophetische Tora,0,525,0.0,nan,nan,nan,nan,nan,nan,nan,nan,0.0004997501249375312,2000,nan,nan,nan,nan,0.0004997501249375312,0.002475252013466025
phrase_signature_1_2_3gram,prophetisches Stück,28,4173,0.006665079742918353,0.00734876767115337,0.0031872211549181144,0.015523790069131885,0.5661009551196468,0.4487256402812598,0.7537448956406281,0.11364197502111506,0.1724137931034483,0.9715142428785607,2000,0.5109434815090951,1.0,0.5625937031484257,1.0,1.0,1.0
phrase_signature_1_2_3gram_psalm,Danklied Israels,6,2097,0.0028530670470756064,0.002277856228256535,0.0012338637686311648,0.004748433053575287,0.309171832776983,0.10641036200784684,0.6783882049603036,0.9470620167640045,0.9555222388805598,1.0,2000,0.9789087076252553,1.0,0.9895372826407309,1.0,1.0,1.0
phrase_signature_1_2_3gram_psalm,Danklied des Einzelnen,1596,26866,0.056074766355140186,0.06750385442331393,0.04844492855396123,0.09857141534867014,0.5686038684144292,0.5103613817168317,0.6256328958478302,1.431263610153009e-20,0.009495252373813094,0.9800099950024987,2000,9.422485433507308e-20,4.666937510832766e-19,0.037506246876561726,0.1857676636106252,1.0,1.0
phrase_signature_1_2_3gram_psalm,Fluch,15,3142,0.004751346214760849,0.004110214243996323,0.0022624234555297267,0.0082101945700781,0.43144493952896246,0.28794276441091105,0.6294457698830475,0.8205878590567135,0.7691154422788605,1.0,2000,0.988782647201491,1.0,0.9860069965017492,1.0,1.0,1.0
phrase_signature_1_2_3gram_psalm,Hymnus,11026,56707,0.16278623418422336,0.18963101768758756,0.15294183770817782,0.23063493833890547,0.5411762856367425,0.5056914645213166,0.5910385017426314,4.767268189993617e-43,0.01199400299850075,0.999000499750125,2000,1.2553806233649857e-41,6.217874214716481e-41,0.13571339330334833,0.6721856249068675,1.0,1.0
phrase_signature_1_2_3gram_psalm,Klagelied des Einzelnen,5565,44872,0.11033566627674128,0.14876126517141533,0.09035432912846869,0.24207968350456285,0.5779754055741182,0.526310915788075,0.6556351932643673,7.5519272560199365e-81,0.0004997501249375312,0.9645177411294353,2000,1.981802035142832e-80,9.815824415034501e-80,0.0008773391082236659,0.004345442423640355,1.0,1.0
phrase_signature_1_2_3gram_psalm,Klagelied des Volkes,496,15918,0.030218106494455953,0.025774494069927864,0.010928735353794437,0.0405327036834422,0.455702347008256,0.3469579238513435,0.522602939980834,0.9996178433438436,0.9055472263868066,1.0,2000,0.9999906926869576,1.0,0.9272799497687054,1.0,1.0,1.0
phrase_signature_1_2_3gram_psalm,Königspsalm,325,13088,0.024230224409155298,0.022057694933733142,0.009729724620686284,0.03471117123173058,0.47083376434079366,0.3543237124393206,0.5573076472863857,0.9640043947096282,0.7621189405297352,1.0,2000,0.9997904174423975,1.0,0.8824094446283351,1.0,1.0,1.0
phrase_signature_1_2_3gram_psalm,Legende,3,1579,0.0018963337547408343,0.04729284369114877,0.0031140357620902848,0.08628797862539048,0.9430018999366688,0.6644271161022294,0.9836487839408741,0.003972232932513877,0.0009995002498750624,0.010994502748625687,2000,0.008046317991502468,0.03985324628371823,0.0020779084142139455,0.010291837319148211,0.029950541970394113,0.14834441377255006
phrase_signature_1_2_3gram_psalm,Liturgie,153,9176,0.01640047164755065,0.012279152625086873,0.005994617899815438,0.020351417594793936,0.3788321053501319,0.3020399315957021,0.45674690504089305,0.9999998689786419,0.999000499750125,1.0,2000,0.9999999998364674,1.0,1.0,1.0,1.0,1.0
phrase_signature_1_2_3gram_psalm,Mischgedicht,45,5099,0.008748055987558321,0.008956708054874458,0.004837767615372224,0.017570667139392024,0.5159203329628903,0.43147663181631896,0.6307162311729492,0.3563423053783359,0.36231884057971014,1.0,2000,0.502697180801581,1.0,0.4898019740129935,1.0,1.0,1.0
phrase_signature_1_2_3gram_psalm,Segensspruch,253,11656,0.021244436980434964,0.017987695227580695,0.009429748261601636,0.027003478706902097,0.450222755892909,0.380849440007495,0.5129605644787733,0.9966695362633953,0.8875562218890555,1.0,2000,0.9999999994948561,1.0,0.9985007496251874,1.0,1.0,1.0
phrase_signature_1_2_3gram_psalm,Segenswunsch,45,5196,0.008586147681740127,0.005529614042178025,0.00249604387844654,0.010199542276082484,0.28510606449405523,0.20748802328456664,0.453213652939184,0.9999996684045673,1.0,1.0,2000,0.9999999999519258,1.0,1.0,1.0,1.0,1.0
phrase_signature_1_2_3gram_psalm,Siegeslied,10,2622,0.003799392097264438,0.003597235901982169,0.0015106660930089453,0.007699415854670506,0.46441647597254004,0.25315376228335246,0.649907210448706,0.6514406067260727,0.6066966516741629,1.0,2000,0.9208285219226607,1.0,0.9063042008407561,1.0,1.0,1.0
phrase_signature_1_2_3gram_psalm,Thronbesteigungslied,36,4685,0.007625503071383181,0.01768614631283766,0.0014496111815070875,0.08241188932378052,0.6010020158899562,0.30631136878124887,0.8138200725758582,0.01826094722410629,0.08495752123938032,0.904047976011994,2000,0.0327867006978272,0.16239184918132665,0.1459053082154575,0.7226659682793201,1.0,1.0
phrase_signature_1_2_3gram_psalm,Tora,3,1578,0.0018975332068311196,0.5,0.5,0.5,0.9990494296577946,0.9982698703790477,0.9993438263891475,0.0013768541022870955,0.0004997501249375312,0.0014992503748125937,2000,0.0027897801675024784,0.013817723362452928,0.0019740129935032482,0.009777245453190798,0.0031168626213209185,0.015437755978722316
phrase_signature_1_2_3gram_psalm,Wallfahrtslied,0,528,0.0,nan,nan,nan,nan,nan,nan,nan,nan,0.0004997501249375312,2000,nan,nan,nan,nan,0.0004997501249375312,0.002475252013466025
phrase_signature_1_2_3gram_psalm,Weisheitsgedicht,465,15452,0.029214047873342967,0.029122713949145916,0.019967443693796542,0.044645187911207265,0.4928575902065084,0.42585045535182015,0.5576893411814353,0.7004426361125227,0.5622188905547226,1.0,2000,0.999985157416146,1.0,0.8930058780133743,1.0,1.0,1.0
phrase_signature_1_2_3gram_psalm,Zionslied,15,3140,0.004754358161648178,0.004513051144327856,0.001695086877431184,0.009257869057530366,0.480552016985138,0.2850969389891881,0.6221756295412304,0.6027269477463022,0.5642178910544727,1.0,2000,0.710678042865043,1.0,0.6652718416910948,1.0,1.0,1.0
phrase_signature_1_2_3gram_psalm,prophetische Gerichtsrede,1,1050,0.0009514747859181732,0.0018867924528301887,nan,nan,0.5,nan,nan,0.5006576846366241,0.5276104417670683,1.0,2000,0.6084916474814354,1.0,0.6412496138399753,1.0,1.0,1.0
phrase_signature_1_2_3gram_psalm,prophetische Redeweise,91,7217,0.012452107279693486,0.021227891435698365,0.003513656657602764,0.08302013648575039,0.46298270110103285,0.36109963209229307,0.5355108070381276,0.8879265964684311,0.7301349325337332,1.0,2000,0.9999613427340172,1.0,0.9930034982508745,1.0,1.0,1.0
phrase_signature_1_2_3gram_psalm,"prophetische Schelt-, Droh- und Mahnrede",21,3656,0.005711177590426979,0.01232300351508318,0.0013699746259109356,0.08409850874517888,0.4671511930811712,0.24235919785493387,0.6535102238541632,0.6984776406865735,0.6241879060469765,1.0,2000,0.8489189786806046,1.0,0.7653096528658747,1.0,1.0,1.0
phrase_signature_1_2_3gram_psalm,prophetische Tora,0,525,0.0,nan,nan,nan,nan,nan,nan,nan,nan,0.0004997501249375312,2000,nan,nan,nan,nan,0.0004997501249375312,0.002475252013466025
phrase_signature_1_2_3gram_psalm,prophetisches Stück,28,4173,0.006665079742918353,0.00986673067688213,0.0025867395738335846,0.14473296817513745,0.41442436068604294,0.2593455340811635,0.6232909843226181,0.941013957720413,0.8760619690154923,1.0,2000,0.9714858056745862,1.0,0.9329808779820616,1.0,1.0,1.0
phrase_signature_1_2gram,Danklied Israels,6,2097,0.0028530670470756064,0.004091873616755887,0.001936215533719107,0.011606050697901093,0.5689079637577492,0.3742314457411756,0.930483111578073,0.27981424850783015,0.26686656671664166,0.9685157421289355,2000,0.835369597573365,1.0,0.7811451417148568,1.0,1.0,1.0
phrase_signature_1_2gram,Danklied des Einzelnen,1596,26866,0.056074766355140186,0.059328660519471166,0.046802707244638926,0.07748970633628137,0.523246299699222,0.4751051220836536,0.57397890374119,0.0008874435515516308,0.17991004497751126,1.0,2000,0.0015579564571684185,0.007716526049854545,0.2932819304633397,1.0,1.0,1.0
phrase_signature_1_2gram,Fluch,15,3142,0.004751346214760849,0.004017092551724175,0.0017516549600010431,0.010060258232179122,0.40083810736261405,0.25429606630542023,0.8126558934411996,0.9077744216652635,0.8750624687656172,1.0,2000,0.988782647201491,1.0,0.9860069965017492,1.0,1.0,1.0
phrase_signature_1_2gram,Hymnus,11026,56707,0.16278623418422336,0.14074853821488553,0.1167462320637294,0.16451893771491016,0.4482632962816866,0.418507511932952,0.4787660279240412,1.0,0.9995002498750625,1.0,2000,1.0,1.0,1.0,1.0,1.0,1.0
phrase_signature_1_2gram,Klagelied des Einzelnen,5565,44872,0.11033566627674128,0.1553693719035841,0.11565734597795871,0.19583304232768806,0.5758684701153342,0.5200354786609549,0.6532284514485784,1.188291611733776e-76,0.0004997501249375312,0.952023988005997,2000,2.5371631709991433e-76,1.2566516613262458e-75,0.0008773391082236659,0.004345442423640355,1.0,1.0
phrase_signature_1_2gram,Klagelied des Volkes,496,15918,0.030218106494455953,0.037264945431315935,0.023082201141083596,0.05668741475786321,0.5799347411532491,0.5131926453302191,0.679949338547035,6.284090084593969e-10,0.015492253873063468,0.9410294852573713,2000,4.022507767283889e-09,1.9923397620754498e-08,0.06316841579210394,0.31287185450210553,1.0,1.0
phrase_signature_1_2gram,Königspsalm,325,13088,0.024230224409155298,0.027329287844611357,0.015377269478694357,0.0442320876275028,0.5078537003949596,0.44989292418732096,0.6311238689789901,0.31402936090270517,0.383808095952024,1.0,2000,0.9300732712125533,1.0,0.8824094446283351,1.0,1.0,1.0
phrase_signature_1_2gram,Legende,3,1579,0.0018963337547408343,0.18393939393939396,0.05883305241629197,0.2567261833375511,0.9928224614735064,0.984797370249229,0.9973041189993108,0.0015757316117585597,0.0004997501249375312,0.004497751124437781,2000,0.005232462259904652,0.025916277151172167,0.0011963715112140898,0.005925603304964121,0.029610194902548723,0.14665868179786198
phrase_signature_1_2gram,Liturgie,153,9176,0.01640047164755065,0.030425533165298002,0.01784701912612263,0.05942056056157689,0.6833085457373882,0.5960665888100677,0.7690840296500602,3.3663677178490105e-15,0.0009995002498750624,0.5542228885557221,2000,2.4176640882733804e-14,1.1974640132668758e-13,0.003760024749529997,0.01862332467274438,1.0,1.0
phrase_signature_1_2gram,Mischgedicht,45,5099,0.008748055987558321,0.03480395582307215,0.015260533715687455,0.09187196750065584,0.8350591619271752,0.7452166201907932,0.9124860478149752,4.553692262314977e-15,0.0004997501249375312,0.12293853073463268,2000,5.139166981755474e-14,2.5454187571675833e-13,0.0017165330378289116,0.008501952567991999,1.0,1.0
phrase_signature_1_2gram,Segensspruch,253,11656,0.021244436980434964,0.024116292669302056,0.015026775927399214,0.07061045848441126,0.4910234699054042,0.4149089217265809,0.6770327307530173,0.68769835686013,0.5692153923038481,1.0,2000,0.9999999994948561,1.0,0.9985007496251874,1.0,1.0,1.0
phrase_signature_1_2gram,Segenswunsch,45,5196,0.008586147681740127,0.007950903228501735,0.0016925162412780566,0.028404274996780655,0.4108416730818578,0.2805083948244153,0.6457682889912008,0.980434567048093,0.935032483758121,1.0,2000,0.9999999999519258,1.0,1.0,1.0,1.0,1.0
phrase_signature_1_2gram,Siegeslied,10,2622,0.003799392097264438,0.0052313232890908445,0.0019999347990906874,0.043218032431119414,0.43768115942028984,0.2754604021660007,0.9658551822962316,0.7522070076313936,0.7066466766616691,1.0,2000,0.9208285219226607,1.0,0.9063042008407561,1.0,1.0,1.0
phrase_signature_1_2gram,Thronbesteigungslied,36,4685,0.007625503071383181,0.024162375506118734,0.0058209928713111245,0.10525970764905127,0.6940116210126882,0.5861837526798099,0.8870350494450565,2.952619463628594e-05,0.009495252373813094,0.511744127936032,2000,0.00023325693762665895,0.0011553167787351284,0.06502631037422466,0.32207396786981457,1.0,1.0
phrase_signature_1_2gram,Tora,3,1578,0.0018975332068311196,0.0023682754703380207,0.0018680776887145178,0.0046652973971678694,0.47338403041825095,0.42818452026194914,0.5570798392263996,0.5636093966708392,0.5187406296851574,1.0,2000,0.7333321726038335,1.0,0.6718116351660236,1.0,1.0,1.0
phrase_signature_1_2gram,Wallfahrtslied,0,528,0.0,nan,nan,nan,nan,nan,nan,nan,nan,0.0004997501249375312,2000,nan,nan,nan,nan,0.0004997501249375312,0.002475252013466025
phrase_signature_1_2gram,Weisheitsgedicht,465,15452,0.029214047873342967,0.02810253158051685,0.018236561841433768,0.04037692139840059,0.49512141658246556,0.4264952916480743,0.5543742932166391,0.6402244632324002,0.5262368815592204,1.0,2000,0.999985157416146,1.0,0.8930058780133743,1.0,1.0,1.0
phrase_signature_1_2gram,Zionslied,15,3140,0.004754358161648178,0.020628811581717314,0.005565798176194042,0.08380209617181462,0.8321974522292994,0.6951646047510373,0.944478491218014,4.385553871248499e-06,0.0004997501249375312,0.12643678160919541,2000,2.270776043221335e-05,0.00011247106689201161,0.0026320173246709975,0.013036327270921067,0.7219247519097595,1.0
phrase_signature_1_2gram,prophetische Gerichtsrede,1,1050,0.0009514747859181732,0.005917159763313609,nan,nan,0.840952380952381,nan,nan,0.11933397450163602,0.07630522088353414,0.11244377811094453,2000,0.390983073497538,1.0,0.36427190242451285,1.0,0.5424244399539361,1.0
phrase_signature_1_2gram,prophetische Redeweise,91,7217,0.012452107279693486,0.011120852424366398,0.005932685862677584,0.020624562477195418,0.4559175755656288,0.36876966753716844,0.5801934457195173,0.9261286996355145,0.8000999500249875,1.0,2000,0.9999613427340172,1.0,0.9930034982508745,1.0,1.0,1.0
phrase_signature_1_2gram,"prophetische Schelt-, Droh- und Mahnrede",21,3656,0.005711177590426979,0.03222894070936339,0.004070484451099758,0.5,0.5819917682609149,0.45065691772159977,0.7810257272902816,0.09721621773100331,0.1634182908545727,0.9345327336331835,2000,0.5485772286249473,1.0,0.7514409461935699,1.0,1.0,1.0
phrase_signature_1_2gram,prophetische Tora,0,525,0.0,nan,nan,nan,nan,nan,nan,nan,nan,0.0004997501249375312,2000,nan,nan,nan,nan,0.0004997501249375312,0.002475252013466025
phrase_signature_1_2gram,prophetisches Stück,28,4173,0.006665079742918353,0.007056575413929747,0.0029701548428390685,0.014854765764328306,0.54956608811749,0.45300179930248735,0.7828996117844992,0.1826417850627654,0.22138930534732634,0.9930034982508745,2000,0.5314026917097007,1.0,0.5625937031484257,1.0,1.0,1.0
phrase_signature_1_2gram_psalm,Danklied Israels,6,2097,0.0028530670470756064,0.002428921135272509,0.0012130978278831173,0.00492836769279921,0.3374662215863933,0.10192996636109276,0.6801007530488613,0.9157765024167775,0.9325337331334332,1.0,2000,0.9789087076252553,1.0,0.9895372826407309,1.0,1.0,1.0
phrase_signature_1_2gram_psalm,Danklied des Einzelnen,1596,26866,0.056074766355140186,0.06608157669960912,0.048515014563722696,0.09954137605880632,0.5664639199801036,0.5105190122097744,0.6260997925755836,2.0133722154600209e-19,0.008995502248875561,0.9820089955022488,2000,1.060376033475611e-18,5.252020521695139e-18,0.037506246876561726,0.1857676636106252,1.0,1.0
phrase_signature_1_2gram_psalm,Fluch,15,3142,0.004751346214760849,0.004159323048566439,0.0021853585547933867,0.00840706829271765,0.43467006153193294,0.29529035488901145,0.61664881969885,0.809055003329338,0.7616191904047976,1.0,2000,0.988782647201491,1.0,0.9860069965017492,1.0,1.0,1.0
phrase_signature_1_2gram_psalm,Hymnus,11026,56707,0.16278623418422336,0.18758260494832796,0.14929912228043365,0.22464546301685748,0.5363184834991697,0.4998176123021967,0.5853540454149626,6.135990130719159e-34,0.020989505247376312,0.9995002498750625,2000,4.847432203268136e-33,2.4009231258880285e-32,0.13571339330334833,0.6721856249068675,1.0,1.0
phrase_signature_1_2gram_psalm,Klagelied des Einzelnen,5565,44872,0.11033566627674128,0.14886233108244518,0.0918321062640471,0.23362967068159515,0.5787596949422031,0.5298518366823962,0.656179192237093,1.9556068598209765e-82,0.0004997501249375312,0.9575212393803099,2000,5.517605068780613e-82,2.7328583575075123e-81,0.0008773391082236659,0.004345442423640355,1.0,1.0
phrase_signature_1_2gram_psalm,Klagelied des Volkes,496,15918,0.030218106494455953,0.026594501397598107,0.011522837599537806,0.041423630306725544,0.46156891771944114,0.36445042640690584,0.5261732082065282,0.9982481766408801,0.879560219890055,1.0,2000,0.9999906926869576,1.0,0.9272799497687054,1.0,1.0,1.0
phrase_signature_1_2gram_psalm,Königspsalm,325,13088,0.024230224409155298,0.022375712435802442,0.0101295668197181,0.03534476305153143,0.4843202228700395,0.38012014390829246,0.5672253479312185,0.8332873483761924,0.6486756621689156,1.0,2000,0.9997904174423975,1.0,0.8824094446283351,1.0,1.0,1.0
phrase_signature_1_2gram_psalm,Legende,3,1579,0.0018963337547408343,0.04117903169627308,0.0030383142040501295,0.1,0.9411019632678911,0.6433199924521226,0.9820309450609528,0.0041121465576902105,0.0034982508745627187,0.030484757621189407,2000,0.008121489451438165,0.04022556896714782,0.006280950433873972,0.03110941735106164,0.06508907708308008,0.3223848500781831
phrase_signature_1_2gram_psalm,Liturgie,153,9176,0.01640047164755065,0.013476316759043466,0.006756395671149175,0.02286347567366331,0.39702036001846247,0.33291414872773045,0.47792714138815073,0.9999939556453039,0.9960019990004998,1.0,2000,0.9999999998364674,1.0,1.0,1.0,1.0,1.0
phrase_signature_1_2gram_psalm,Mischgedicht,45,5099,0.008748055987558321,0.009468106287016945,0.004379262165487174,0.018440649570113883,0.5131006079623456,0.406743775651593,0.6174173365243949,0.3809384109012321,0.367816091954023,1.0,2000,0.5115090762617722,1.0,0.4898019740129935,1.0,1.0,1.0
phrase_signature_1_2gram_psalm,Segensspruch,253,11656,0.021244436980434964,0.018905691386858187,0.009056101225465695,0.031887722450032505,0.4541685430292903,0.39071252342310897,0.5230246756649308,0.993759539841326,0.879560219890055,1.0,2000,0.9999999994948561,1.0,0.9985007496251874,1.0,1.0,1.0
phrase_signature_1_2gram_psalm,Segenswunsch,45,5196,0.008586147681740127,0.005897254304676001,0.0022673883154527385,0.011007740473473315,0.32656530664613803,0.2444923314588803,0.558012839381772,0.9999699728542225,1.0,1.0,2000,0.9999999999519258,1.0,1.0,1.0,1.0,1.0
phrase_signature_1_2gram_psalm,Siegeslied,10,2622,0.003799392097264438,0.003672279559237568,0.0014713199305873188,0.0088853121224562,0.4724256292906179,0.27396359677240517,0.8137968502785021,0.6185377041004639,0.5847076461769115,1.0,2000,0.9208285219226607,1.0,0.9063042008407561,1.0,1.0,1.0
phrase_signature_1_2gram_psalm,Thronbesteigungslied,36,4685,0.007625503071383181,0.04084899874617387,0.0014633117543378553,0.12925650606466732,0.6507470651013874,0.3798331108449724,0.9029638222649646,0.000901565611275962,0.019490254872563718,0.6956521739130435,2000,0.0035950881382431415,0.017806397054701092,0.07698650674662669,0.38131257267444113,1.0,1.0
phrase_signature_1_2gram_psalm,Tora,3,1578,0.0018975332068311196,1.0,1.0,1.0,1.0,1.0,1.0,0.0013683171658853423,0.0009995002498750624,0.0009995002498750624,2000,0.0027897801675024784,0.013817723362452928,0.0019740129935032482,0.009777245453190798,0.0026320173246709975,0.013036327270921067
phrase_signature_1_2gram_psalm,Wallfahrtslied,0,528,0.0,nan,nan,nan,nan,nan,nan,nan,nan,0.0004997501249375312,2000,nan,nan,nan,nan,0.0004997501249375312,0.002475252013466025
phrase_signature_1_2gram_psalm,Weisheitsgedicht,465,15452,0.029214047873342967,0.02895552541479566,0.0202407007837631,0.044673101740888684,0.4934084462741365,0.4293853604734858,0.5552008080085914,0.6862078039847777,0.5552223888055972,1.0,2000,0.999985157416146,1.0,0.8930058780133743,1.0,1.0,1.0
phrase_signature_1_2gram_psalm,Zionslied,15,3140,0.004754358161648178,0.006190444716627903,0.001801807377603237,0.012683931043323503,0.5947876857749469,0.3249355821589633,0.7465643907637073,0.10233631234552137,0.1489255372313843,0.9185407296351824,2000,0.15253903160936202,0.7555226627915853,0.22198334794866714,1.0,1.0,1.0
phrase_signature_1_2gram_psalm,prophetische Gerichtsrede,1,1050,0.0009514747859181732,0.0019569471624266144,nan,nan,0.5152380952380953,nan,nan,0.47962613341755406,0.48293172690763053,1.0,2000,0.5920385084372933,1.0,0.5961188504016064,1.0,1.0,1.0
phrase_signature_1_2gram_psalm,prophetische Redeweise,91,7217,0.012452107279693486,0.015315569964471497,0.0023960879418975655,0.06506953126885441,0.46987500513896524,0.3804860791179067,0.5664137009200091,0.8387259962419332,0.6821589205397302,1.0,2000,0.9999613427340172,1.0,0.9930034982508745,1.0,1.0,1.0
phrase_signature_1_2gram_psalm,"prophetische Schelt-, Droh- und Mahnrede",21,3656,0.005711177590426979,0.01652368387055926,0.0014802377000180359,0.08896287495883315,0.4844352401792227,0.2948501934471109,0.7000810088492647,0.5973320447392331,0.5387306346826587,1.0,2000,0.8287155809202843,1.0,0.7514409461935699,1.0,1.0,1.0
phrase_signature_1_2gram_psalm,prophetische Tora,0,525,0.0,nan,nan,nan,nan,nan,nan,nan,nan,0.0004997501249375312,2000,nan,nan,nan,nan,0.0004997501249375312,0.002475252013466025
phrase_signature_1_2gram_psalm,prophetisches Stück,28,4173,0.006665079742918353,0.009906118683532285,0.002590568542774428,0.13264320724407958,0.42680411488822706,0.27834818256927396,0.6637676591184664,0.9094130451509048,0.8465767116441779,1.0,2000,0.9714858056745862,1.0,0.9288827808318064,1.0,1.0,1.0
phrase_signature_1gram,Danklied Israels,6,2097,0.0028530670470756064,0.004004841816532479,0.0016677259485216437,0.013538359387588725,0.5439516769988872,0.292693806692542,0.93906199242761,0.35495207130528394,0.33033483258370816,0.9950024987506247,2000,0.8688138050964302,1.0,0.8267630890437135,1.0,1.0,1.0
phrase_signature_1gram,Danklied des Einzelnen,1596,26866,0.056074766355140186,0.0598877428451679,0.04618549941322241,0.07873870570062262,0.5216784027178794,0.47304791089618686,0.5724407634820751,0.001780061892615726,0.18990504747626186,1.0,2000,0.0027573507748361245,0.01365710125254769,0.2938242417252912,1.0,1.0,1.0
phrase_signature_1gram,Fluch,15,3142,0.004751346214760849,0.0049720711552773324,0.0018358754638316886,0.04363550065967678,0.42053893486102273,0.25797789403411137,0.8135500355453043,0.8562287170718745,0.8115942028985508,1.0,2000,0.988782647201491,1.0,0.9860069965017492,1.0,1.0,1.0
phrase_signature_1gram,Hymnus,11026,56707,0.16278623418422336,0.14225817020911086,0.1182515254009415,0.16516770742941492,0.4502741746838714,0.4213893225267248,0.47972002267084657,1.0,0.9995002498750625,1.0,2000,1.0,1.0,1.0,1.0,1.0,1.0
phrase_signature_1gram,Klagelied des Einzelnen,5565,44872,0.11033566627674128,0.1603406863392352,0.1175145596830357,0.20664596631780835,0.579338137734936,0.5231569423285677,0.6486056509867675,1.283194011207957e-83,0.0004997501249375312,0.9420289855072463,2000,3.7545306253862445e-83,1.859611238970442e-82,0.0008773391082236659,0.004345442423640355,1.0,1.0
phrase_signature_1gram,Klagelied des Volkes,496,15918,0.030218106494455953,0.03792091126417951,0.02279598768426363,0.05845866856532373,0.5758902606706143,0.5087019637580718,0.6683707957383241,4.069515983194558e-09,0.015492253873063468,0.9515242378810594,2000,2.1432784178158006e-08,1.0615613592452793e-07,0.06316841579210394,0.31287185450210553,1.0,1.0
phrase_signature_1gram,Königspsalm,325,13088,0.024230224409155298,0.026889711126429006,0.015987869385720617,0.04395229287303314,0.5066238010156103,0.4527840066190253,0.6202060950568413,0.34141930209068416,0.383808095952024,1.0,2000,0.9300732712125533,1.0,0.8824094446283351,1.0,1.0,1.0
phrase_signature_1gram,Legende,3,1579,0.0018963337547408343,0.13550135501355012,0.02634423094536841,0.24007936507936506,0.9888114840616424,0.9641731846854535,0.9968468074737422,0.001702850422481203,0.0004997501249375312,0.00849575212393803,2000,0.005232462259904652,0.025916277151172167,0.0011963715112140898,0.005925603304964121,0.029610194902548723,0.14665868179786198
phrase_signature_1gram,Liturgie,153,9176,0.01640047164755065,0.027394393530252827,0.01539652556457069,0.05091068552320167,0.6604355778928834,0.5744841814043928,0.7468948336563521,4.633543084772531e-12,0.0014992503748125937,0.6471764117941029,2000,1.926578440510684e-11,9.542303095112586e-11,0.005149599113486735,0.025505857703976,1.0,1.0
phrase_signature_1gram,Mischgedicht,45,5099,0.008748055987558321,0.03037362614728014,0.013588442579231703,0.09149182907508033,0.8005120829792334,0.6821719879613919,0.8859676211833012,1.801590263301646e-12,0.0004997501249375312,0.20539730134932535,2000,8.895351925051877e-12,4.405849376371006e-11,0.0017165330378289116,0.008501952567991999,1.0,1.0
phrase_signature_1gram,Segensspruch,253,11656,0.021244436980434964,0.022410106495951355,0.01199159710130714,0.04534873651166952,0.4988728260191362,0.4223745879641988,0.6805457863915308,0.5245010232685209,0.4962518740629685,1.0,2000,0.9999999994948561,1.0,0.9985007496251874,1.0,1.0,1.0
phrase_signature_1gram,Segenswunsch,45,5196,0.008586147681740127,0.028922110448871524,0.004577582567148425,0.3071857215826107,0.39465614575314345,0.2750599037064161,0.5864394142104953,0.9926007880475379,0.9765117441279361,1.0,2000,0.9999999999519258,1.0,1.0,1.0,1.0,1.0
phrase_signature_1gram,Siegeslied,10,2622,0.003799392097264438,0.004606629282548728,0.0019378423656101107,0.033510231756078895,0.42749809305873376,0.28595289563717935,0.9519752143773438,0.7860435554902018,0.7451274362818591,1.0,2000,0.9208285219226607,1.0,0.9063042008407561,1.0,1.0,1.0
phrase_signature_1gram,Thronbesteigungslied,36,4685,0.007625503071383181,0.019178301172151038,0.005053070815841467,0.05071760102814134,0.6972607612949129,0.6005262853898997,0.8874081746577959,2.2149455235134702e-05,0.0074962518740629685,0.5012493753123438,2000,0.00021912472106315592,0.0010853202029305273,0.06502631037422466,0.32207396786981457,1.0,1.0
phrase_signature_1gram,Tora,3,1578,0.0018975332068311196,0.009263170754447048,0.006313845767351043,0.018511050861428055,0.7344740177439797,0.7007829719463641,0.7638017926234749,0.08009510206790338,0.07896051974012994,0.37681159420289856,2000,0.1346279375183908,0.6668093848957612,0.14093772648714947,0.698061638912542,0.6471329552614997,1.0
phrase_signature_1gram,Wallfahrtslied,0,528,0.0,nan,nan,nan,nan,nan,nan,nan,nan,0.0004997501249375312,2000,nan,nan,nan,nan,0.0004997501249375312,0.002475252013466025
phrase_signature_1gram,Weisheitsgedicht,465,15452,0.029214047873342967,0.02864304432926692,0.01894109404300708,0.0419905330449911,0.4995771156742072,0.44145118290656665,0.5551114569539739,0.5124164851063431,0.47176411794102946,1.0,2000,0.999985157416146,1.0,0.8930058780133743,1.0,1.0,1.0
phrase_signature_1gram,Zionslied,15,3140,0.004754358161648178,0.030717683582265044,0.005204117559935984,0.11226902278064159,0.8633014861995754,0.7148060257697119,0.9676750514086778,5.819450542994215e-07,0.0004997501249375312,0.10594702648675662,2000,5.108184365517145e-06,2.530073131543987e-05,0.0026320173246709975,0.013036327270921067,0.7219247519097595,1.0
phrase_signature_1gram,prophetische Gerichtsrede,1,1050,0.0009514747859181732,0.004975124378109453,nan,nan,0.8104761904761905,nan,nan,0.14166908823115681,0.1214859437751004,0.18590704647676162,2000,0.390983073497538,1.0,0.36427190242451285,1.0,0.5663898819820858,1.0
phrase_signature_1gram,prophetische Redeweise,91,7217,0.012452107279693486,0.012039670501164012,0.004550534385020383,0.030294825295818218,0.4707223634063041,0.3955314679184512,0.6420421491135686,0.8318267732399418,0.712143928035982,1.0,2000,0.9999613427340172,1.0,0.9930034982508745,1.0,1.0,1.0
phrase_signature_1gram,"prophetische Schelt-, Droh- und Mahnrede",21,3656,0.005711177590426979,0.022018264561082235,0.0035643945465906436,0.5,0.5455741377513806,0.43201936221531717,0.753001141067157,0.23539407923427186,0.272863568215892,0.9940029985007496,2000,0.8085274895438034,1.0,0.7514409461935699,1.0,1.0,1.0
phrase_signature_1gram,prophetische Tora,0,525,0.0,nan,nan,nan,nan,nan,nan,nan,nan,0.0004997501249375312,2000,nan,nan,nan,nan,0.0004997501249375312,0.002475252013466025
phrase_signature_1gram,prophetisches Stück,28,4173,0.006665079742918353,0.007147237715145766,0.0029723538925359367,0.015036444151263009,0.55890332409024,0.45142052852025616,0.8584302860447185,0.14098462534878348,0.18140929535232383,0.9810094952523738,2000,0.5109434815090951,1.0,0.5625937031484257,1.0,1.0,1.0
phrase_signature_1gram_psalm,Danklied Israels,6,2097,0.0028530670470756064,0.0028744470606162794,0.001134222135913071,0.0070440309191971175,0.4013670322683198,0.038886024741324694,0.8976970033945201,0.798390865446625,0.7966016991504248,1.0,2000,0.9789087076252553,1.0,0.9895372826407309,1.0,1.0,1.0
phrase_signature_1gram_psalm,Danklied des Einzelnen,1596,26866,0.056074766355140186,0.06631987240940976,0.049033411776962105,0.09663279045515581,0.5628721943509858,0.5102169401809354,0.6256542274816823,1.415738896061667e-17,0.011494252873563218,0.9790104947526237,2000,5.592168639443584e-17,2.7697895395533015e-16,0.03948025987006497,0.195544909063816,1.0,1.0
phrase_signature_1gram_psalm,Fluch,15,3142,0.004751346214760849,0.004189877122928753,0.0020509113487649686,0.00892814908720641,0.4427753023551878,0.2957568449945077,0.6624724589702856,0.7781472910547831,0.7311344327836082,1.0,2000,0.988782647201491,1.0,0.9860069965017492,1.0,1.0,1.0
phrase_signature_1gram_psalm,Hymnus,11026,56707,0.16278623418422336,0.18642986764729658,0.14838115918583514,0.22800852655941686,0.5319313256631875,0.4972545130774384,0.5825811490999652,1.1096920999221696e-26,0.025987006496751622,0.9995002498750625,2000,6.743513530296262e-26,3.340048278284611e-25,0.13571339330334833,0.6721856249068675,1.0,1.0
phrase_signature_1gram_psalm,Klagelied des Einzelnen,5565,44872,0.11033566627674128,0.14602464109657837,0.09345986974342703,0.22151802605298754,0.5766550781482142,0.53287771922293,0.6473284913066927,3.3318050177960456e-78,0.0004997501249375312,0.9545227386306847,2000,7.311461011274656e-78,3.62135148876614e-77,0.0008773391082236659,0.004345442423640355,1.0,1.0
phrase_signature_1gram_psalm,Klagelied des Volkes,496,15918,0.030218106494455953,0.027351906570088045,0.01320278427603066,0.040976640111999744,0.46668909765370103,0.38601079011738637,0.5210904722453942,0.9943084273030132,0.8675662168915542,1.0,2000,0.9999906926869576,1.0,0.9272799497687054,1.0,1.0,1.0
phrase_signature_1gram_psalm,Königspsalm,325,13088,0.024230224409155298,0.022577147338310056,0.010653788970132002,0.03566354481643659,0.4791695269889035,0.3930586597533804,0.5573337985287753,0.9005978893857092,0.7186406796601699,1.0,2000,0.9997904174423975,1.0,0.8824094446283351,1.0,1.0,1.0
phrase_signature_1gram_psalm,Legende,3,1579,0.0018963337547408343,0.051320037986704654,0.011777820861064811,0.12556577074277814,0.9712898458940258,0.9077475300301153,0.9907712185266233,0.002374197092301602,0.0004997501249375312,0.017991004497751123,2000,0.005516516773289017,0.02732319327005588,0.0011963715112140898,0.005925603304964121,0.040608267294923964,0.20113190646563928
phrase_signature_1gram_psalm,Liturgie,153,9176,0.01640047164755065,0.013848010936246788,0.0069700545881963595,0.02280956732170398,0.41878215976887706,0.35295149043846674,0.4957133171877727,0.9997209981577221,0.984007996001999,1.0,2000,0.9999999998364674,1.0,1.0,1.0,1.0,1.0
phrase_signature_1gram_psalm,Mischgedicht,45,5099,0.008748055987558321,0.0097918671516106,0.004684814448115715,0.020948767896490365,0.500915212133098,0.38123615117151777,0.6159182589731446,0.4915741790860546,0.4492753623188406,1.0,2000,0.5628168137362074,1.0,0.5219522591645355,1.0,1.0,1.0
phrase_signature_1gram_psalm,Segensspruch,253,11656,0.021244436980434964,0.0191205110200524,0.009641089639755365,0.02995448024249858,0.4732518291144563,0.41314373592195897,0.533107534204317,0.9275840852991277,0.7521239380309845,1.0,2000,0.9999999994948561,1.0,0.9985007496251874,1.0,1.0,1.0
phrase_signature_1gram_psalm,Segenswunsch,45,5196,0.008586147681740127,0.006619548507188384,0.0025527792680368807,0.012519923460510589,0.379169874262253,0.2568428363029654,0.554240517265895,0.9974094207803771,0.9885057471264368,1.0,2000,0.9999999999519258,1.0,1.0,1.0,1.0,1.0
phrase_signature_1gram_psalm,Siegeslied,10,2622,0.003799392097264438,0.004762202863151058,0.001239799730615779,0.019763467344498346,0.5263539282990084,0.21831250026267374,0.9419354119356363,0.3867177204968376,0.3538230884557721,0.9995002498750625,2000,0.9208285219226607,1.0,0.9063042008407561,1.0,1.0,1.0
phrase_signature_1gram_psalm,Thronbesteigungslied,36,4685,0.007625503071383181,0.054341641337839246,0.0016063245368251476,0.25877681151540444,0.6964484762243567,0.40973918653017066,0.9658724098664804,2.38069900329882e-05,0.004997501249375313,0.496751624187906,2000,0.00021912472106315592,0.0010853202029305273,0.06502631037422466,0.32207396786981457,1.0,1.0
phrase_signature_1gram_psalm,Tora,3,1578,0.0018975332068311196,1.0,1.0,1.0,1.0,1.0,1.0,0.0013683151449025144,0.0009995002498750624,0.0009995002498750624,2000,0.0027897801675024784,0.013817723362452928,0.0019740129935032482,0.009777245453190798,0.0026320173246709975,0.013036327270921067
phrase_signature_1gram_psalm,Wallfahrtslied,0,528,0.0,nan,nan,nan,nan,nan,nan,nan,nan,0.0004997501249375312,2000,nan,nan,nan,nan,0.0004997501249375312,0.002475252013466025
phrase_signature_1gram_psalm,Weisheitsgedicht,465,15452,0.029214047873342967,0.0292756300779095,0.01981875317868575,0.04427050243612679,0.49409945192743954,0.43783862249448385,0.5599618264049351,0.6679549236688539,0.545727136431784,1.0,2000,0.999985157416146,1.0,0.8930058780133743,1.0,1.0,1.0
phrase_signature_1gram_psalm,Zionslied,15,3140,0.004754358161648178,0.015460011205500031,0.003183584680294599,0.036433704589574185,0.760244161358811,0.3925655014310021,0.9046288471121838,0.00024831555553373353,0.004497751124437781,0.3053473263368316,2000,0.000653897629572165,0.0032387414098225243,0.013666243801176333,0.067688622368244,0.7907018712865791,1.0
phrase_signature_1gram_psalm,prophetische Gerichtsrede,1,1050,0.0009514747859181732,0.0021413276231263384,nan,nan,0.5571428571428572,nan,nan,0.42225534000102777,0.410140562248996,0.9880059970014993,2000,0.5705530296931787,1.0,0.5457783515012431,1.0,1.0,1.0
phrase_signature_1gram_psalm,prophetische Redeweise,91,7217,0.012452107279693486,0.024057405681777624,0.003157502532935055,0.08756545913942183,0.4859550176856537,0.4054310356143744,0.6180943401609756,0.6776790730348301,0.5687156421789106,1.0,2000,0.9999613427340172,1.0,0.9930034982508745,1.0,1.0,1.0
phrase_signature_1gram_psalm,"prophetische Schelt-, Droh- und Mahnrede",21,3656,0.005711177590426979,0.016336399016485568,0.0014731930913922755,0.08902134212548772,0.47043346879233094,0.280452712509113,0.6885169610006686,0.6801271000588133,0.607696151924038,1.0,2000,0.8489189786806046,1.0,0.7620316825714127,1.0,1.0,1.0
phrase_signature_1gram_psalm,prophetische Tora,0,525,0.0,nan,nan,nan,nan,nan,nan,nan,nan,0.0004997501249375312,2000,nan,nan,nan,nan,0.0004997501249375312,0.002475252013466025
phrase_signature_1gram_psalm,prophetisches Stück,28,4173,0.006665079742918353,0.010097743237305027,0.0026503533178284,0.13206387186745475,0.4431806511245764,0.2787917325978856,0.6378867828800958,0.8503646676178921,0.7926036981509246,1.0,2000,0.9714858056745862,1.0,0.9288827808318064,1.0,1.0,1.0
phrase_signature_posmean,Danklied Israels,6,2097,0.0028530670470756064,0.00303293247222073,0.0013156193797056847,0.007285663394694924,0.46494992846924177,0.1269458478308916,0.836685421202699,0.6168647561661011,0.6131934032983508,1.0,2000,0.9789087076252553,1.0,0.9895372826407309,1.0,1.0,1.0
phrase_signature_posmean,Danklied des Einzelnen,1596,26866,0.056074766355140186,0.061426648705489674,0.046709218262703044,0.08884975040239028,0.5311100743745018,0.49186471082922983,0.5778119037513827,1.4395644777123578e-05,0.09145427286356822,0.9995002498750625,2000,3.159044270535452e-05,0.00015646680813233646,0.19526723124924025,0.9671545502345494,1.0,1.0
phrase_signature_posmean,Fluch,15,3142,0.004751346214760849,0.004269513462642656,0.0019781286464678983,0.012001368710117486,0.4439104604286017,0.28252218480065583,0.7183084334091859,0.7736013095143366,0.7271364317841079,1.0,2000,0.988782647201491,1.0,0.9860069965017492,1.0,1.0,1.0
phrase_signature_posmean,Hymnus,11026,56707,0.16278623418422336,0.183102905401743,0.14829353598622286,0.21688052312378817,0.5287757172842202,0.4978204562404602,0.5680602110964095,4.982911936809634e-22,0.03298350824587706,1.0,2000,1.8745240143236243e-21,9.284478600830681e-21,0.14410294852573713,0.7137389180829283,1.0,1.0
phrase_signature_posmean,Klagelied des Einzelnen,5565,44872,0.11033566627674128,0.1449195295779026,0.0859453360598844,0.2392757761194847,0.555704862484356,0.5018066640174259,0.639394628535783,2.716089276068939e-42,0.001999000499750125,0.9895052473763118,2000,3.576184213490769e-42,1.771276630711185e-41,0.002722776542763101,0.01348585579750455,1.0,1.0
phrase_signature_posmean,Klagelied des Volkes,496,15918,0.030218106494455953,0.026788320259073017,0.011697389130197071,0.0399122945889913,0.46006106396086394,0.35308783646546976,0.5230655055302148,0.998794361595126,0.9155422288855573,1.0,2000,0.9999906926869576,1.0,0.9272799497687054,1.0,1.0,1.0
phrase_signature_posmean,Königspsalm,325,13088,0.024230224409155298,0.020991800050497604,0.009908161711363507,0.03108514698214618,0.4428123236787662,0.3485246819225495,0.5053869021507265,0.9997904174423975,0.9635182408795602,1.0,2000,0.9997904174423975,1.0,0.9635182408795602,1.0,1.0,1.0
phrase_signature_posmean,Legende,3,1579,0.0018963337547408343,0.006468370386548688,0.002227171626979982,0.010056587190540879,0.8087397086763775,0.5401772018492056,0.8919000160369377,0.03219103434876277,0.03248375812093953,0.19390304847576212,2000,0.042384861892537644,0.20993134269470642,0.04424511881990039,0.21914515670944895,0.25963289541669843,1.0
phrase_signature_posmean,Liturgie,153,9176,0.01640047164755065,0.013357467327259159,0.006392310650900234,0.021148596458151918,0.4304380281609883,0.3350987347621716,0.5210985824674741,0.9984414502831441,0.9665167416291854,1.0,2000,0.9999999998364674,1.0,1.0,1.0,1.0,1.0
phrase_signature_posmean,Mischgedicht,45,5099,0.008748055987558321,0.009560271232132805,0.0045577919138901,0.02202139720008481,0.5160946590834804,0.36269572153156,0.6442009400792268,0.3548418039876752,0.3538230884557721,1.0,2000,0.502697180801581,1.0,0.4898019740129935,1.0,1.0,1.0
phrase_signature_posmean,Segensspruch,253,11656,0.021244436980434964,0.021336703308679643,0.010147375741678004,0.03307191630817903,0.502647536358482,0.42225508843840165,0.582878597154799,0.44262944229209045,0.45527236381809094,1.0,2000,0.9999999994948561,1.0,0.9985007496251874,1.0,1.0,1.0
phrase_signature_posmean,Segenswunsch,45,5196,0.008586147681740127,0.007044160654270201,0.0029186882707996015,0.013326842992057601,0.42283808057480116,0.27167152786399884,0.5923348554382983,0.9628897032889463,0.9020489755122438,1.0,2000,0.9999999999519258,1.0,1.0,1.0,1.0,1.0
phrase_signature_posmean,Siegeslied,10,2622,0.003799392097264438,0.010299391229139667,0.0030332481150687185,0.06713734407811203,0.6502669717772692,0.2901108988758927,0.8018389787661869,0.05024722422457233,0.0704647676161919,0.6896551724137931,2000,0.5813892358731498,1.0,0.8488255872063969,1.0,1.0,1.0
phrase_signature_posmean,Thronbesteigungslied,36,4685,0.007625503071383181,0.014315407073259954,0.0014025693781074663,0.022668968069744718,0.4982331317443377,0.2581379197428669,0.69862679276929,0.5146144176465886,0.47976011994003,1.0,2000,0.5978608675600073,1.0,0.5492905721052517,1.0,1.0,1.0
phrase_signature_posmean,Tora,3,1578,0.0018975332068311196,0.75,0.75,0.75,0.9993662864385298,0.9988465802526986,0.9995625509260984,0.0013854537566043415,0.0009995002498750624,0.0009995002498750624,2000,0.0027897801675024784,0.013817723362452928,0.0019740129935032482,0.009777245453190798,0.0026320173246709975,0.013036327270921067
phrase_signature_posmean,Wallfahrtslied,0,528,0.0,nan,nan,nan,nan,nan,nan,nan,nan,0.0004997501249375312,2000,nan,nan,nan,nan,0.0004997501249375312,0.002475252013466025
phrase_signature_posmean,Weisheitsgedicht,465,15452,0.029214047873342967,0.031863566182860015,0.02248306670911427,0.04914677095522602,0.5357329252711832,0.47294690364664316,0.5957863638150183,0.004270961714212412,0.12993503248375812,0.9995002498750625,2000,0.14097867624598737,0.6982644622195437,0.8930058780133743,1.0,1.0,1.0
phrase_signature_posmean,Zionslied,15,3140,0.004754358161648178,0.005913022037735322,0.0018478009101267003,0.018937950482786556,0.5521974522292994,0.18494725340180088,0.7493703107582557,0.2424670925996928,0.2588705647176412,0.9920039980009995,2000,0.2992953174277458,1.0,0.3146273017337485,1.0,1.0,1.0
phrase_signature_posmean,prophetische Gerichtsrede,1,1050,0.0009514747859181732,0.0016286644951140066,nan,nan,0.41714285714285715,nan,nan,0.6134882168714475,0.6144578313253012,1.0,2000,0.6923652733263479,1.0,0.7035096909376637,1.0,1.0,1.0
phrase_signature_posmean,prophetische Redeweise,91,7217,0.012452107279693486,0.02088906438955649,0.002235863585125335,0.07577249038507244,0.5266891207725349,0.37735548618805004,0.6921762955902846,0.1904166264425824,0.2613693153423288,1.0,2000,0.9999613427340172,1.0,0.9930034982508745,1.0,1.0,1.0
phrase_signature_posmean,"prophetische Schelt-, Droh- und Mahnrede",21,3656,0.005711177590426979,0.01900771012274635,0.0015043857771303271,0.1136084152178771,0.4263311451495259,0.20147405312547526,0.5872353510859977,0.8782057602721723,0.8370814592703648,1.0,2000,0.9503870556370085,1.0,0.9058826751008059,1.0,1.0,1.0
phrase_signature_posmean,prophetische Tora,0,525,0.0,nan,nan,nan,nan,nan,nan,nan,nan,0.0004997501249375312,2000,nan,nan,nan,nan,0.0004997501249375312,0.002475252013466025
phrase_signature_posmean,prophetisches Stück,28,4173,0.006665079742918353,0.00864896028920593,0.0020619761716241603,0.101541160077709,0.3799467666290096,0.15893380794302442,0.6056079879606573,0.9858496855131728,0.9675162418790605,1.0,2000,0.9858496855131728,1.0,0.9799202962621253,1.0,1.0,1.0
phrase_subphrase_rela_1_2_3gram,Danklied Israels,6,1767,0.00338409475465313,0.003483543446087347,0.0018551609755016296,0.008549663735437047,0.43227692888134317,0.16619818958215846,0.7948549128703508,0.7170280216850461,0.6906546726636682,1.0,2000,0.9789087076252553,1.0,0.9895372826407309,1.0,1.0,1.0
phrase_subphrase_rela_1_2_3gram,Danklied des Einzelnen,903,17309,0.04958269273006809,0.04589837761365629,0.032601820821363446,0.06322388960434254,0.46004840554658033,0.4153491001207709,0.5207325795584726,0.9999748790424058,0.9405297351324338,1.0,2000,0.999999999427889,1.0,0.9690609240834129,1.0,1.0,1.0
phrase_subphrase_rela_1_2_3gram,Fluch,15,2644,0.005641218503196691,0.007664170016727205,0.002073781412429185,0.024950809124599547,0.45127332324760466,0.2587327483676799,0.8951008105720515,0.7429908395263795,0.6976511744127936,1.0,2000,0.988782647201491,1.0,0.9860069965017492,1.0,1.0,1.0
phrase_subphrase_rela_1_2_3gram,Hymnus,7140,39199,0.15408187487861197,0.14797732002071828,0.11935659479765932,0.18391180382613395,0.4766196784588985,0.4479403976359716,0.5192633460660562,0.9999999998461658,0.9000499750124937,1.0,2000,1.0,1.0,1.0,1.0,1.0,1.0
phrase_subphrase_rela_1_2_3gram,Klagelied des Einzelnen,3655,31007,0.1054468870809532,0.10489787277734433,0.08030301121635966,0.15245981344764253,0.5010277719822941,0.4517164346910498,0.5526113600047732,0.419338373680724,0.46026986506746626,1.0,2000,0.43023027949061293,1.0,0.4722249264977901,1.0,1.0,1.0
phrase_subphrase_rela_1_2_3gram,Klagelied des Volkes,435,12494,0.03364529352618145,0.032359883557529424,0.02196290425472236,0.049229147116446235,0.4968878854953826,0.44873227098275104,0.5486791234303696,0.5874698219013388,0.5057471264367817,1.0,2000,0.9999906926869576,1.0,0.9272799497687054,1.0,1.0,1.0
phrase_subphrase_rela_1_2_3gram,Königspsalm,210,8933,0.022968391118888768,0.022107729937624297,0.013788299635356006,0.03508173211878543,0.5140887453156567,0.47108889062558756,0.5748644551016389,0.2422637460722457,0.31784107946026985,1.0,2000,0.9300732712125533,1.0,0.8824094446283351,1.0,1.0,1.0
phrase_subphrase_rela_1_2_3gram,Legende,3,1330,0.002250562640660165,0.10683588503894709,0.019044562104210655,0.3333333333333333,0.9651629072681704,0.9361234101433211,0.9969953338754981,0.002662789055929906,0.0004997501249375312,0.03948025987006497,2000,0.006010295297670359,0.029768868069704964,0.0011963715112140898,0.005925603304964121,0.07896051974012994,0.391089818127632
phrase_subphrase_rela_1_2_3gram,Liturgie,153,7694,0.01949789728558685,0.02338849353041289,0.013523468573974103,0.0361188168280362,0.6113651075194829,0.5632379614609322,0.6827866650590153,1.1516399671952978e-06,0.013493253373313344,0.8660669665167416,2000,3.032651913614284e-06,1.5020662088386019e-05,0.03553223388305847,0.1759904181574344,1.0,1.0
phrase_subphrase_rela_1_2_3gram,Mischgedicht,45,4305,0.010344827586206896,0.023756123619090908,0.009906649677081932,0.06462492539459046,0.7164718028132663,0.6085221809230349,0.8581702534769973,2.8116130079722504e-07,0.0024987506246876563,0.5352323838080959,2000,7.932765272493135e-07,3.929082201939708e-06,0.007050046405368745,0.03491873376139571,1.0,1.0
phrase_subphrase_rela_1_2_3gram,Segensspruch,253,9747,0.0253,0.048937273552138894,0.02568433976007298,0.09672006593156275,0.6179848182738704,0.49929776810103643,0.7433206173920535,6.561276564229084e-11,0.005497251374312844,0.8495752123938031,2000,1.7278028285803254e-09,8.557771608061803e-09,0.10264867566216891,0.5084167635659215,1.0,1.0
phrase_subphrase_rela_1_2_3gram,Segenswunsch,15,2644,0.005641218503196691,0.005165179889111894,0.002261647301805589,0.011693110429903952,0.4362834089762985,0.28614131988570474,0.6587124904204597,0.8031126540064544,0.7661169415292354,1.0,2000,0.9999999999519258,1.0,1.0,1.0,1.0,1.0
phrase_subphrase_rela_1_2_3gram,Siegeslied,10,2207,0.0045105999097880016,0.0038429097808814314,0.0018900333482842011,0.011284477283594503,0.39311282283642957,0.22170310631545087,0.6601550867725524,0.8786762516207163,0.8750624687656172,1.0,2000,0.9255389850404877,1.0,0.9217324670997834,1.0,1.0,1.0
phrase_subphrase_rela_1_2_3gram,Thronbesteigungslied,21,3078,0.006776379477250726,0.008238774068685208,0.002917189252611942,0.020574608555755762,0.5577678764813268,0.41623601224820267,0.7209189326255326,0.18043948931498188,0.20939530234882558,0.9880059970014993,2000,0.2457710285497167,1.0,0.2852108428544348,1.0,1.0,1.0
phrase_subphrase_rela_1_2_3gram,Tora,1,888,0.0011248593925759281,0.005917159763313609,nan,nan,0.9054054054054054,nan,nan,0.07988733557292921,0.08028098344204716,0.15342328835582209,2000,0.1346279375183908,0.6668093848957612,0.14093772648714947,0.698061638912542,0.28858189952642727,1.0
phrase_subphrase_rela_1_2_3gram,Wallfahrtslied,0,446,0.0,nan,nan,nan,nan,nan,nan,nan,nan,0.0004997501249375312,2000,nan,nan,nan,nan,0.0004997501249375312,0.002475252013466025
phrase_subphrase_rela_1_2_3gram,Weisheitsgedicht,378,11715,0.03125775241875465,0.030171577519231253,0.01971268352958875,0.04846321329648417,0.4723285843004153,0.4201011503425747,0.574771921006534,0.9666988333546042,0.7886056971514243,1.0,2000,0.999985157416146,1.0,0.9298485085815301,1.0,1.0,1.0
phrase_subphrase_rela_1_2_3gram,Zionslied,15,2643,0.0056433408577878106,0.007196105829496712,0.003199318020787649,0.016727648115714276,0.5926976920166478,0.44425580509249546,0.7278973273018821,0.10752045089509377,0.1549225387306347,0.9220389805097451,2000,0.15729843742060015,0.7790959011547405,0.22252510108582071,1.0,1.0,1.0
phrase_subphrase_rela_1_2_3gram,prophetische Gerichtsrede,1,885,0.001128668171557562,0.0029154518950437317,nan,nan,0.6146892655367232,nan,nan,0.3463919871990624,0.3139126067302863,0.8570714642678661,2000,0.5701034789317901,1.0,0.5320866800535475,1.0,1.0,1.0
phrase_subphrase_rela_1_2_3gram,prophetische Redeweise,66,5214,0.0125,0.011100917727714564,0.00510346631475952,0.02050596762136305,0.45894357847752554,0.36666919150880095,0.5673838229641587,0.8745754446345133,0.7841079460269865,1.0,2000,0.9999613427340172,1.0,0.9930034982508745,1.0,1.0,1.0
phrase_subphrase_rela_1_2_3gram,"prophetische Schelt-, Droh- und Mahnrede",15,2642,0.005645464809936018,0.006402884122369371,0.002375230899899109,0.017029195358460484,0.5062957355538733,0.26772048375399465,0.7707427562004147,0.466509322593271,0.42278860569715143,1.0,2000,0.8287155809202843,1.0,0.7514409461935699,1.0,1.0,1.0
phrase_subphrase_rela_1_2_3gram,prophetische Tora,0,443,0.0,nan,nan,nan,nan,nan,nan,nan,nan,0.0004997501249375312,2000,nan,nan,nan,nan,0.0004997501249375312,0.002475252013466025
phrase_subphrase_rela_1_2_3gram,prophetisches Stück,28,3510,0.00791407574901074,0.007430488235051495,0.0032091915559003975,0.018146141427199582,0.4197751322751323,0.29722206418150104,0.7552475613582162,0.9285232579630037,0.8975512243878061,1.0,2000,0.9714858056745862,1.0,0.9329808779820616,1.0,1.0,1.0
phrase_subphrase_rela_1_2_3gram_psalm,Danklied Israels,6,2085,0.0028694404591104736,0.007763916679125453,0.001426186076595531,0.023255813953488372,0.5884892086330935,0.22784007359236844,0.9491419859570022,0.22684566023273034,0.19590204897551225,0.9270364817591205,2000,0.835369597573365,1.0,0.7738130934532734,1.0,1.0,1.0
phrase_subphrase_rela_1_2_3gram_psalm,Danklied des Einzelnen,1540,26282,0.0553518798073467,0.058412945658980316,0.0452233237617065,0.075820356858618,0.5341429791956769,0.49177202507357815,0.5728756290863332,3.22503397247051e-06,0.0734632683658171,0.9975012493753124,2000,7.961802619536572e-06,3.943464339761877e-05,0.17069406473233975,0.8454441656582633,1.0,1.0
phrase_subphrase_rela_1_2_3gram_psalm,Fluch,15,3124,0.004778591908251036,0.004217104655016781,0.0018614854396934947,0.020519977535067128,0.37403969270166454,0.2511688208204809,0.9629543442658017,0.9540814213218828,0.9560219890054973,1.0,2000,0.988782647201491,1.0,0.9860069965017492,1.0,1.0,1.0
phrase_subphrase_rela_1_2_3gram_psalm,Hymnus,10878,56031,0.16257902524324083,0.1771781546796059,0.14297014902488517,0.21855029245558963,0.5355741425334278,0.5022476714019992,0.5680059510679218,3.075547647588463e-32,0.02148925537231384,0.9975012493753124,2000,2.208802401449896e-31,1.0940152525666432e-30,0.13571339330334833,0.6721856249068675,1.0,1.0
phrase_subphrase_rela_1_2_3gram_psalm,Klagelied des Einzelnen,5460,44239,0.10986136541982736,0.12927397527845394,0.07730986794001889,0.21324832004291874,0.5240660826925209,0.46147383588903707,0.6187296443930435,3.088591836471113e-09,0.09795102448775612,1.0,2000,3.3888715983502493e-09,1.6785010805635755e-08,0.1074740407573991,0.5323166968959435,1.0,1.0
phrase_subphrase_rela_1_2_3gram_psalm,Klagelied des Volkes,496,15822,0.030395881848265718,0.028397242238852947,0.015118164054422002,0.04258101831103877,0.46778545135193544,0.3830963497672535,0.5357377793275067,0.9928013386045743,0.8460769615192404,1.0,2000,0.9999906926869576,1.0,0.9272799497687054,1.0,1.0,1.0
phrase_subphrase_rela_1_2_3gram_psalm,Königspsalm,325,13010,0.024371953505811773,0.023350395225651882,0.011055223967905673,0.036874820832658785,0.4884850706557086,0.4060256969283551,0.5666014716928214,0.7612319676585967,0.6011994002998501,1.0,2000,0.9997904174423975,1.0,0.8824094446283351,1.0,1.0,1.0
phrase_subphrase_rela_1_2_3gram_psalm,Legende,3,1570,0.0019071837253655435,0.02313925774599932,0.0024576454310777144,0.0682374066010224,0.9159235668789809,0.5776383801250883,0.9803697978194795,0.0063544954540047174,0.006496751624187906,0.08295852073963018,2000,0.010245002874823932,0.05074328695174018,0.010692570381475927,0.05296007953811682,0.1281246169368146,0.6345985728108745
phrase_subphrase_rela_1_2_3gram_psalm,Liturgie,153,9122,0.016495956873315364,0.015584592398963499,0.007022597531012713,0.02585249556658602,0.43813992746115477,0.3502170120230107,0.5154141037355985,0.9957123836395445,0.9450274862568716,1.0,2000,0.9999999998364674,1.0,1.0,1.0,1.0,1.0
phrase_subphrase_rela_1_2_3gram_psalm,Mischgedicht,45,5069,0.00879937426671881,0.011228779903280323,0.0053797691272183205,0.028616522115231004,0.4997303873216282,0.39321997281870363,0.7224736384369459,0.5025084223687473,0.47126436781609193,1.0,2000,0.5671166481018719,1.0,0.5243645782742432,1.0,1.0,1.0
phrase_subphrase_rela_1_2_3gram_psalm,Segensspruch,253,11587,0.021368243243243244,0.0184692523741337,0.010704013997442212,0.02971044411748883,0.43800125600756745,0.39357164353776064,0.49750099970380823,0.9996366455843656,0.9695152423788106,1.0,2000,0.9999999994948561,1.0,0.9985007496251874,1.0,1.0,1.0
phrase_subphrase_rela_1_2_3gram_psalm,Segenswunsch,45,5166,0.008635578583765112,0.007520524296581125,0.0029357974443326167,0.013337732208577582,0.4471286617628081,0.3182057602015972,0.5735243348395778,0.8893802771136924,0.8070964517741129,1.0,2000,0.9999999999519258,1.0,1.0,1.0,1.0,1.0
phrase_subphrase_rela_1_2_3gram_psalm,Siegeslied,10,2607,0.0038211692777990066,0.0049725204355849,0.0017657598656812031,0.016303784058352307,0.5176831607211354,0.2402459344333435,0.8556098527413843,0.4234423684537872,0.39780109945027486,1.0,2000,0.9208285219226607,1.0,0.9063042008407561,1.0,1.0,1.0
phrase_subphrase_rela_1_2_3gram_psalm,Thronbesteigungslied,36,4658,0.007669365146996165,0.017169863515380177,0.0011827772653820571,0.053910491898555055,0.456108964266972,0.27884607382694215,0.7975052527542856,0.8182521299570934,0.7416291854072964,1.0,2000,0.8978044203695886,1.0,0.8137320228774503,1.0,1.0,1.0
phrase_subphrase_rela_1_2_3gram_psalm,Tora,3,1569,0.0019083969465648854,1.0,1.0,1.0,1.0,1.0,1.0,0.001368315292465089,0.0004997501249375312,0.0009995002498750624,2000,0.0027897801675024784,0.013817723362452928,0.0019740129935032482,0.009777245453190798,0.0026320173246709975,0.013036327270921067
phrase_subphrase_rela_1_2_3gram_psalm,Wallfahrtslied,0,525,0.0,nan,nan,nan,nan,nan,nan,nan,nan,0.0004997501249375312,2000,nan,nan,nan,nan,0.0004997501249375312,0.002475252013466025
phrase_subphrase_rela_1_2_3gram_psalm,Weisheitsgedicht,465,15359,0.029385743174924164,0.028087208725518432,0.019652318146895484,0.04242080633493006,0.482498090503484,0.42841624893765823,0.5515852609498935,0.9011261795971753,0.7011494252873564,1.0,2000,0.999985157416146,1.0,0.8930058780133743,1.0,1.0,1.0
phrase_subphrase_rela_1_2_3gram_psalm,Zionslied,15,3122,0.004781638508128785,0.004145433520532168,0.001694508646491954,0.01018581667949832,0.40849882553918426,0.27345478627681985,0.7369558520082999,0.8896440503900807,0.8680659670164917,1.0,2000,0.9439600988636554,1.0,0.9267190728959844,1.0,1.0,1.0
phrase_subphrase_rela_1_2_3gram_psalm,prophetische Gerichtsrede,1,1044,0.0009569377990430622,0.006578947368421052,nan,nan,0.8563218390804598,nan,nan,0.10904980090242078,0.11228070175438597,0.1454272863568216,2000,0.390983073497538,1.0,0.36427190242451285,1.0,0.5424244399539361,1.0
phrase_subphrase_rela_1_2_3gram_psalm,prophetische Redeweise,91,7175,0.012524084778420038,0.013716290435702374,0.0028294358705898658,0.04361609085100983,0.49298158287705324,0.35751432567062247,0.6520706247293889,0.5911404102548977,0.5142428785607196,1.0,2000,0.9999613427340172,1.0,0.9930034982508745,1.0,1.0,1.0
phrase_subphrase_rela_1_2_3gram_psalm,"prophetische Schelt-, Droh- und Mahnrede",21,3635,0.0057439824945295405,0.01925018274796529,0.0020422315882364776,0.14070337868645585,0.5013296652911509,0.15409577844565234,0.8149740312309032,0.49164649233133584,0.4447776111944028,1.0,2000,0.8287155809202843,1.0,0.7514409461935699,1.0,1.0,1.0
phrase_subphrase_rela_1_2_3gram_psalm,prophetische Tora,0,522,0.0,nan,nan,nan,nan,nan,nan,nan,nan,0.0004997501249375312,2000,nan,nan,nan,nan,0.0004997501249375312,0.002475252013466025
phrase_subphrase_rela_1_2_3gram_psalm,prophetisches Stück,28,4149,0.006703375628441465,0.010121226379472888,0.0017691349051235559,0.057379051918985374,0.533734462693248,0.2634670767964466,0.8380842326835949,0.26890104539066106,0.27436281859070466,0.9980009995002499,2000,0.5378526444902835,1.0,0.5625937031484257,1.0,1.0,1.0
phrase_subphrase_rela_1_2gram,Danklied Israels,6,1767,0.00338409475465313,0.0036552335534143668,0.0020264128944517384,0.010288664659698554,0.4390681003584229,0.263199816530661,0.8332281067444784,0.6972515176331417,0.6531734132933533,1.0,2000,0.9789087076252553,1.0,0.9895372826407309,1.0,1.0,1.0
phrase_subphrase_rela_1_2gram,Danklied des Einzelnen,903,17309,0.04958269273006809,0.0462699331378959,0.03265979272543874,0.06394409737623577,0.46110598529356345,0.4213293957861892,0.5221018078204523,0.9999604598316201,0.9445277361319341,1.0,2000,0.999999999427889,1.0,0.9690609240834129,1.0,1.0,1.0
phrase_subphrase_rela_1_2gram,Fluch,15,2644,0.005641218503196691,0.007679635249972128,0.0020519356508197657,0.025342885318032127,0.4486510337871911,0.2486327287692594,0.8951288364218,0.7541805962845932,0.7161419290354822,1.0,2000,0.988782647201491,1.0,0.9860069965017492,1.0,1.0,1.0
phrase_subphrase_rela_1_2gram,Hymnus,7140,39199,0.15408187487861197,0.1500405954414844,0.12123706530371293,0.1857259221917378,0.4819357940375058,0.4546349899741979,0.526807426006082,0.9999994235595304,0.8450774612693653,1.0,2000,1.0,1.0,1.0,1.0,1.0,1.0
phrase_subphrase_rela_1_2gram,Klagelied des Einzelnen,3655,31007,0.1054468870809532,0.10279074936950272,0.07941515603072265,0.1517873584817676,0.49217285872123573,0.4486253475430082,0.5410228161991059,0.9394830498532208,0.6486756621689156,1.0,2000,0.9515277043385185,1.0,0.6569920168121068,1.0,1.0,1.0
phrase_subphrase_rela_1_2gram,Klagelied des Volkes,435,12494,0.03364529352618145,0.03209522706380375,0.021454329760103315,0.04808741119266289,0.4936698810831498,0.4468861641023692,0.544514825611927,0.6734994734749549,0.5357321339330335,1.0,2000,0.9999906926869576,1.0,0.9272799497687054,1.0,1.0,1.0
phrase_subphrase_rela_1_2gram,Königspsalm,210,8933,0.022968391118888768,0.02203202954092676,0.013453365234744741,0.03533676863515253,0.5144938777033258,0.4641656180230271,0.5780815135687479,0.23602694985773542,0.3193403298350825,1.0,2000,0.9300732712125533,1.0,0.8824094446283351,1.0,1.0,1.0
phrase_subphrase_rela_1_2gram,Legende,3,1330,0.002250562640660165,0.08809320829781188,0.019112961337402173,0.2857142857142857,0.9616541353383459,0.927648911801942,0.9962916149843282,0.0028406862645753875,0.0004997501249375312,0.05147426286856572,2000,0.006233728191707101,0.03087552656410377,0.0011963715112140898,0.005925603304964121,0.09241969924128844,0.4577528553084784
phrase_subphrase_rela_1_2gram,Liturgie,153,7694,0.01949789728558685,0.022500894553650404,0.012807839233870523,0.035479816258264095,0.593096054815653,0.5446311901634678,0.6782061235845754,3.912190112864305e-05,0.022988505747126436,0.9175412293853074,2000,9.658219341133754e-05,0.000478369602681463,0.0585836114200964,0.2901634134495334,1.0,1.0
phrase_subphrase_rela_1_2gram,Mischgedicht,45,4305,0.010344827586206896,0.018217401941417008,0.007320408152554911,0.048306831352028776,0.6803122983610789,0.5769721586753163,0.828099702463356,1.5371425199524616e-05,0.006496751624187906,0.657671164417791,2000,3.679826032613469e-05,0.00018226102089658798,0.015552829645783169,0.07703284296453357,1.0,1.0
phrase_subphrase_rela_1_2gram,Segensspruch,253,9747,0.0253,0.050343825382669814,0.027916376058523255,0.09867955062495454,0.6331010534912739,0.5205335368248489,0.7543760221090343,2.0991491885786371e-13,0.004997501249375313,0.8110944527736131,2000,8.291639294885617e-12,4.106831761605887e-11,0.10264867566216891,0.5084167635659215,1.0,1.0
phrase_subphrase_rela_1_2gram,Segenswunsch,15,2644,0.005641218503196691,0.00524539434169475,0.0023018032865701832,0.012346582395995875,0.4353252647503782,0.2933883883185344,0.6805685084280481,0.8066488867313626,0.7716141929035483,1.0,2000,0.9999999999519258,1.0,1.0,1.0,1.0,1.0
phrase_subphrase_rela_1_2gram,Siegeslied,10,2207,0.0045105999097880016,0.00393660539666708,0.0018439279099443534,0.008784116351562985,0.4001132759401903,0.16342697131260622,0.6589944376554621,0.862548235725024,0.8525737131434283,1.0,2000,0.9208285219226607,1.0,0.9101800451125789,1.0,1.0,1.0
phrase_subphrase_rela_1_2gram,Thronbesteigungslied,21,3078,0.006776379477250726,0.010064672846383581,0.002514467511898626,0.039612290018158657,0.559469661808843,0.37499436390147806,0.7417378484537139,0.17344398754271628,0.19740129935032483,0.9820089955022488,2000,0.2403872809802559,1.0,0.2735912745381695,1.0,1.0,1.0
phrase_subphrase_rela_1_2gram,Tora,1,888,0.0011248593925759281,0.005917159763313609,nan,nan,0.9054054054054054,nan,nan,0.0798872260391319,0.0868038133467135,0.16741629185407297,2000,0.1346279375183908,0.6668093848957612,0.14907611422587755,0.7383709047464864,0.30757876875515733,1.0
phrase_subphrase_rela_1_2gram,Wallfahrtslied,0,446,0.0,nan,nan,nan,nan,nan,nan,nan,nan,0.0004997501249375312,2000,nan,nan,nan,nan,0.0004997501249375312,0.002475252013466025
phrase_subphrase_rela_1_2gram,Weisheitsgedicht,378,11715,0.03125775241875465,0.030629267392803125,0.020238755357747253,0.050125698013051855,0.4759052632292069,0.4236568806864515,0.5791718774522862,0.944895000776128,0.7526236881559221,1.0,2000,0.999985157416146,1.0,0.9274824126398339,1.0,1.0,1.0
phrase_subphrase_rela_1_2gram,Zionslied,15,2643,0.0056433408577878106,0.007317470059248227,0.003263321492351837,0.025943006453115598,0.5652036826838189,0.43165353173938587,0.6984704421164548,0.19159243568423423,0.20939530234882558,0.9730134932533733,2000,0.2491962241038875,1.0,0.2724785148409402,1.0,1.0,1.0
phrase_subphrase_rela_1_2gram,prophetische Gerichtsrede,1,885,0.001128668171557562,0.0026246719160104987,nan,nan,0.5717514124293785,nan,nan,0.40267241673202875,0.35861376192867905,0.9575212393803099,2000,0.5705530296931787,1.0,0.5457783515012431,1.0,1.0,1.0
phrase_subphrase_rela_1_2gram,prophetische Redeweise,66,5214,0.0125,0.011328943695321145,0.005147602870447694,0.02204474863824482,0.4628564122235008,0.3745466282222896,0.5842109561524015,0.8505654381100916,0.7701149425287356,1.0,2000,0.9999613427340172,1.0,0.9930034982508745,1.0,1.0,1.0
phrase_subphrase_rela_1_2gram,"prophetische Schelt-, Droh- und Mahnrede",15,2642,0.005645464809936018,0.006262796154176679,0.0023668837468862093,0.017188056839513056,0.5067373202119606,0.248839896501986,0.7469791176516323,0.46416069619376815,0.4112943528235882,1.0,2000,0.8287155809202843,1.0,0.7514409461935699,1.0,1.0,1.0
phrase_subphrase_rela_1_2gram,prophetische Tora,0,443,0.0,nan,nan,nan,nan,nan,nan,nan,nan,0.0004997501249375312,2000,nan,nan,nan,nan,0.0004997501249375312,0.002475252013466025
phrase_subphrase_rela_1_2gram,prophetisches Stück,28,3510,0.00791407574901074,0.008006955546088577,0.0035016998102099773,0.019153820180280116,0.4620726495726496,0.36499807725759165,0.7674929953163224,0.7557169631951742,0.679160419790105,1.0,2000,0.9714858056745862,1.0,0.9205480593036816,1.0,1.0,1.0
phrase_subphrase_rela_1_2gram_psalm,Danklied Israels,6,2085,0.0028694404591104736,0.0041285482139887435,0.0014550000984699149,0.011228340362133639,0.5812150279776179,0.23183538603612985,0.9010901502274602,0.2458351017169687,0.223888055972014,0.9480259870064968,2000,0.835369597573365,1.0,0.7811451417148568,1.0,1.0,1.0
phrase_subphrase_rela_1_2gram_psalm,Danklied des Einzelnen,1540,26282,0.0553518798073467,0.05804664333694032,0.04336803685134578,0.07846478886129991,0.5221859289405518,0.4833335605582141,0.5698318487349692,0.0016878905583970563,0.15592203898050974,1.0,2000,0.002666867082267349,0.013208937398172067,0.29105214834443244,1.0,1.0,1.0
phrase_subphrase_rela_1_2gram_psalm,Fluch,15,3124,0.004778591908251036,0.004650813227600343,0.0016961122758263113,0.018757281737938204,0.4007682458386684,0.2632688271925127,0.9621254823853369,0.9079267781416231,0.895552223888056,1.0,2000,0.988782647201491,1.0,0.9860069965017492,1.0,1.0,1.0
phrase_subphrase_rela_1_2gram_psalm,Hymnus,10878,56031,0.16257902524324083,0.18036185679961997,0.14577186898225514,0.22355113058543988,0.528589284366061,0.49534633099507663,0.5670166004663401,1.6572645082047766e-21,0.03648175912043978,0.9995002498750625,2000,5.951086188553516e-21,2.947560657912442e-20,0.14410294852573713,0.7137389180829283,1.0,1.0
phrase_subphrase_rela_1_2gram_psalm,Klagelied des Einzelnen,5460,44239,0.10986136541982736,0.12561564366171996,0.07600057885977057,0.20707593816476746,0.5132408114200198,0.45767121158465074,0.6133886724183027,0.0006928398044209626,0.2193903048475762,1.0,2000,0.0007297912606567472,0.0036146409919883956,0.2310911211061136,1.0,1.0,1.0
phrase_subphrase_rela_1_2gram_psalm,Klagelied des Volkes,496,15822,0.030395881848265718,0.02817381948548013,0.014445698390840537,0.04279052189368764,0.48322600268715266,0.3993995716188917,0.5456000060266444,0.898712125576095,0.688655672163918,1.0,2000,0.9999906926869576,1.0,0.9272799497687054,1.0,1.0,1.0
phrase_subphrase_rela_1_2gram_psalm,Königspsalm,325,13010,0.024371953505811773,0.023506651302157067,0.010578648214386532,0.03647201125328365,0.4970228818068941,0.3935320878465356,0.5601515862818153,0.572852795348478,0.49025487256371814,1.0,2000,0.9997904174423975,1.0,0.8824094446283351,1.0,1.0,1.0
phrase_subphrase_rela_1_2gram_psalm,Legende,3,1570,0.0019071837253655435,0.006208305236382211,0.0013889703370247675,0.016331350521171965,0.7817409766454353,0.39561552236789216,0.9568555959108558,0.04573204753064536,0.05697151424287856,0.3153423288355822,2000,0.05734653579239656,0.28403620349904757,0.07144047024106993,0.3538431687821432,0.3892506871564218,1.0
phrase_subphrase_rela_1_2gram_psalm,Liturgie,153,9122,0.016495956873315364,0.01574876232076711,0.006686747029116528,0.025209209117941347,0.48444828490484115,0.3902116345430344,0.5552821784131805,0.7456394253658394,0.6136931534232883,1.0,2000,0.9999999998364674,1.0,1.0,1.0,1.0,1.0
phrase_subphrase_rela_1_2gram_psalm,Mischgedicht,45,5069,0.00879937426671881,0.009755566338508525,0.0050864539739699085,0.0224608928792986,0.504842068345718,0.4069772880904473,0.6933204085235617,0.4554267392967031,0.4452773613193403,1.0,2000,0.5369957075289484,1.0,0.5219522591645355,1.0,1.0,1.0
phrase_subphrase_rela_1_2gram_psalm,Segensspruch,253,11587,0.021368243243243244,0.018877818552777037,0.011047932760891136,0.030106444633259503,0.43589039918321987,0.3940769624496989,0.4996170752624689,0.9997623941024841,0.9860069965017492,1.0,2000,0.9999999994948561,1.0,0.9985007496251874,1.0,1.0,1.0
phrase_subphrase_rela_1_2gram_psalm,Segenswunsch,45,5166,0.008635578583765112,0.009371823969194205,0.0035285371023775986,0.018793901153388155,0.5211080999698886,0.4052273781573697,0.7315368169067233,0.3126720262474575,0.3148425787106447,1.0,2000,0.9999999999519258,1.0,1.0,1.0,1.0,1.0
phrase_subphrase_rela_1_2gram_psalm,Siegeslied,10,2607,0.0038211692777990066,0.004201501882285316,0.0016339351059333105,0.0088639647107,0.5336018411967779,0.31809988977811776,0.7294591265266431,0.35676810409282844,0.34132933533233384,0.999000499750125,2000,0.9208285219226607,1.0,0.9063042008407561,1.0,1.0,1.0
phrase_subphrase_rela_1_2gram_psalm,Thronbesteigungslied,36,4658,0.007669365146996165,0.021826529193038416,0.0011220709412370707,0.055914649920867275,0.44003745050331566,0.11028353546300249,0.5829978765346353,0.8927798976308869,0.8405797101449275,1.0,2000,0.9531028636870279,1.0,0.8854106280193236,1.0,1.0,1.0
phrase_subphrase_rela_1_2gram_psalm,Tora,3,1569,0.0019083969465648854,1.0,1.0,1.0,1.0,1.0,1.0,0.0013682222480948403,0.0004997501249375312,0.0009995002498750624,2000,0.0027897801675024784,0.013817723362452928,0.0019740129935032482,0.009777245453190798,0.0026320173246709975,0.013036327270921067
phrase_subphrase_rela_1_2gram_psalm,Wallfahrtslied,0,525,0.0,nan,nan,nan,nan,nan,nan,nan,nan,0.0004997501249375312,2000,nan,nan,nan,nan,0.0004997501249375312,0.002475252013466025
phrase_subphrase_rela_1_2gram_psalm,Weisheitsgedicht,465,15359,0.029385743174924164,0.026388397199927437,0.018840268911672214,0.041546125834879113,0.45084742440249037,0.4143554365053573,0.500649087978512,0.9998511037113764,0.9685157421289355,1.0,2000,0.999985157416146,1.0,0.9880059970014993,1.0,1.0,1.0
phrase_subphrase_rela_1_2gram_psalm,Zionslied,15,3122,0.004781638508128785,0.013230540161911001,0.0019503928082338427,0.2163851087742173,0.4006833226564168,0.2580468013714432,0.6029896120592382,0.9081135128308584,0.904047976011994,1.0,2000,0.9439600988636554,1.0,0.9402535574318105,1.0,1.0,1.0
phrase_subphrase_rela_1_2gram_psalm,prophetische Gerichtsrede,1,1044,0.0009569377990430622,0.0016501650165016502,nan,nan,0.421455938697318,nan,nan,0.6077676718248759,0.5864661654135338,1.0,2000,0.6923652733263479,1.0,0.6813356921716055,1.0,1.0,1.0
phrase_subphrase_rela_1_2gram_psalm,prophetische Redeweise,91,7175,0.012524084778420038,0.024346151776133692,0.003736211486631767,0.09615668414558633,0.48551901060611863,0.3673104777586398,0.6246672895196869,0.6827911268552239,0.5807096451774113,1.0,2000,0.9999613427340172,1.0,0.9930034982508745,1.0,1.0,1.0
phrase_subphrase_rela_1_2gram_psalm,"prophetische Schelt-, Droh- und Mahnrede",21,3635,0.0057439824945295405,0.020461298070557903,0.002057876019197208,0.12583925586169567,0.6210257417960307,0.32568626346271545,0.9397478776729413,0.02772417386670417,0.06846576711644178,0.8300849575212393,2000,0.2916989963951698,1.0,0.7514409461935699,1.0,1.0,1.0
phrase_subphrase_rela_1_2gram_psalm,prophetische Tora,0,522,0.0,nan,nan,nan,nan,nan,nan,nan,nan,0.0004997501249375312,2000,nan,nan,nan,nan,0.0004997501249375312,0.002475252013466025
phrase_subphrase_rela_1_2gram_psalm,prophetisches Stück,28,4149,0.006703375628441465,0.007861204741682557,0.0015819561404523353,0.03272796847936175,0.3843912474606618,0.169271247432137,0.4974239884528477,0.9826514089034993,0.9830084957521239,1.0,2000,0.9858496855131728,1.0,0.9830084957521239,1.0,1.0,1.0
phrase_subphrase_rela_1gram,Danklied Israels,6,1767,0.00338409475465313,0.004269370297924132,0.0018436570333579246,0.01700691796742464,0.42336351631767594,0.2507582121627757,0.9418740821962268,0.7422571673782933,0.711144427786107,1.0,2000,0.9789087076252553,1.0,0.9895372826407309,1.0,1.0,1.0
phrase_subphrase_rela_1gram,Danklied des Einzelnen,903,17309,0.04958269273006809,0.04583717976608222,0.031488607800244504,0.062447008005355284,0.4603289872755818,0.4251159016740774,0.5126014223308395,0.999971689156202,0.9615192403798101,1.0,2000,0.999999999427889,1.0,0.9738464101282691,1.0,1.0,1.0
phrase_subphrase_rela_1gram,Fluch,15,2644,0.005641218503196691,0.0066437822965734385,0.002382612651315984,0.022126499415462006,0.43217347453353505,0.2339410582248174,0.8641726624934883,0.8182416143051032,0.8050974512743628,1.0,2000,0.988782647201491,1.0,0.9860069965017492,1.0,1.0,1.0
phrase_subphrase_rela_1gram,Hymnus,7140,39199,0.15408187487861197,0.14792576491466125,0.119991552893662,0.17782595558961664,0.4821666726334913,0.45651416857535554,0.5160591004729356,0.9999992144518336,0.8700649675162418,1.0,2000,1.0,1.0,1.0,1.0,1.0,1.0
phrase_subphrase_rela_1gram,Klagelied des Einzelnen,3655,31007,0.1054468870809532,0.10087045750241921,0.07775518070536215,0.15298181923779022,0.48821499950785574,0.45066826937214666,0.5300956694173272,0.990218818510839,0.736631684157921,1.0,2000,0.990218818510839,1.0,0.736631684157921,1.0,1.0,1.0
phrase_subphrase_rela_1gram,Klagelied des Volkes,435,12494,0.03364529352618145,0.03444169345934492,0.02224845896308867,0.051163217558881,0.5038558278088425,0.45755066171976994,0.5558285489841724,0.3920767334292854,0.40929535232383807,1.0,2000,0.8371368092138796,1.0,0.8739008873941407,1.0,1.0,1.0
phrase_subphrase_rela_1gram,Königspsalm,210,8933,0.022968391118888768,0.023149537749134894,0.01433170941716294,0.03774347261448398,0.5236730581631511,0.4770697438197628,0.5914752571591071,0.12004317042437485,0.22788605697151423,1.0,2000,0.7462280405236507,1.0,0.8824094446283351,1.0,1.0,1.0
phrase_subphrase_rela_1gram,Legende,3,1330,0.002250562640660165,0.06342592592592593,0.024412705273238213,0.1111111111111111,0.975187969924812,0.9462192655596243,0.9907171424504639,0.00218571208325131,0.0009995002498750624,0.027486256871564217,2000,0.005232462259904652,0.025916277151172167,0.0020779084142139455,0.010291837319148211,0.06031706369037704,0.2987491666252744
phrase_subphrase_rela_1gram,Liturgie,153,7694,0.01949789728558685,0.022337125685259574,0.012601507601062266,0.03573443982571193,0.5920567083084859,0.5387364515478267,0.6856054888850852,4.696522204078068e-05,0.02448775612193903,0.9185407296351824,2000,0.00011243189518853557,0.0005568728471613908,0.05862220404949041,0.29035456194324194,1.0,1.0
phrase_subphrase_rela_1gram,Mischgedicht,45,4305,0.010344827586206896,0.015260474957894475,0.005696452758101487,0.038923917220936174,0.6569337979094076,0.532734605364918,0.8034705830821599,0.00014299312069831596,0.012993503248375811,0.7546226886556722,2000,0.0003137904593101934,0.0015541976428941839,0.028513521017269144,0.14122687876831153,1.0,1.0
phrase_subphrase_rela_1gram,Segensspruch,253,9747,0.0253,0.04294232570239762,0.026961984815880382,0.07201338930360959,0.6425064000639094,0.5286258855332702,0.7502119106162266,4.019113366365797e-15,0.0034982508745627187,0.792103948025987,2000,3.1750995594289794e-13,1.5726202326440774e-12,0.10264867566216891,0.5084167635659215,1.0,1.0
phrase_subphrase_rela_1gram,Segenswunsch,15,2644,0.005641218503196691,0.005459116994116429,0.0024659867220635646,0.014188787916309,0.4211169944528492,0.29093320987999155,0.7530085570703923,0.8546130629722029,0.8395802098950524,1.0,2000,0.9999999999519258,1.0,1.0,1.0,1.0,1.0
phrase_subphrase_rela_1gram,Siegeslied,10,2207,0.0045105999097880016,0.004076628165308993,0.0018106085498558093,0.009597498423529355,0.4118713185319438,0.17141154228331149,0.7329261975261246,0.8324030276505172,0.8305847076461769,1.0,2000,0.9208285219226607,1.0,0.9101800451125789,1.0,1.0,1.0
phrase_subphrase_rela_1gram,Thronbesteigungslied,21,3078,0.006776379477250726,0.010866590869104742,0.0022593664238996533,0.044576891174534554,0.5897072929236672,0.49711426754144145,0.9470234310354138,0.07793827466889867,0.10694652673663169,0.9220389805097451,2000,0.11617214526118858,0.5753982282693156,0.17242399208558987,0.8540124599929922,1.0,1.0
phrase_subphrase_rela_1gram,Tora,1,888,0.0011248593925759281,0.0031545741324921135,nan,nan,0.7545045045045045,nan,nan,0.1881765556789704,0.24335173105870547,0.5327336331834083,2000,0.291489174483111,1.0,0.36702019360690025,1.0,0.8767907712810261,1.0
phrase_subphrase_rela_1gram,Wallfahrtslied,0,446,0.0,nan,nan,nan,nan,nan,nan,nan,nan,0.0004997501249375312,2000,nan,nan,nan,nan,0.0004997501249375312,0.002475252013466025
phrase_subphrase_rela_1gram,Weisheitsgedicht,378,11715,0.03125775241875465,0.03416720234686468,0.022593856863650046,0.05642717545370061,0.48236478353849244,0.42786036305636027,0.5862413423620227,0.8788747515392805,0.6881559220389805,1.0,2000,0.999985157416146,1.0,0.8930058780133743,1.0,1.0,1.0
phrase_subphrase_rela_1gram,Zionslied,15,2643,0.0056433408577878106,0.009258038164864849,0.003575540207058,0.04627913320721691,0.5843485937697062,0.36425828449709935,0.7576508306373555,0.12959779536410387,0.15242378810594703,0.9375312343828086,2000,0.18614956061389465,0.9219949165054326,0.22252510108582071,1.0,1.0,1.0
phrase_subphrase_rela_1gram,prophetische Gerichtsrede,1,885,0.001128668171557562,0.002364066193853428,nan,nan,0.5242937853107345,nan,nan,0.4672263899700348,0.4193872425916625,0.9995002498750625,2000,0.5915534421090334,1.0,0.5457783515012431,1.0,1.0,1.0
phrase_subphrase_rela_1gram,prophetische Redeweise,66,5214,0.0125,0.01178948303637014,0.0051710493365544185,0.024160009244431152,0.46658181353233136,0.3788786255909793,0.6277629183169314,0.8250814125466661,0.7496251874062968,1.0,2000,0.9999613427340172,1.0,0.9930034982508745,1.0,1.0,1.0
phrase_subphrase_rela_1gram,"prophetische Schelt-, Droh- und Mahnrede",15,2642,0.005645464809936018,0.0055805460355601655,0.002155618767715277,0.017614905211194107,0.47774413323239967,0.26155380241247916,0.7134782724239699,0.6171270002266571,0.5562218890554723,1.0,2000,0.8287155809202843,1.0,0.7514409461935699,1.0,1.0,1.0
phrase_subphrase_rela_1gram,prophetische Tora,0,443,0.0,nan,nan,nan,nan,nan,nan,nan,nan,0.0004997501249375312,2000,nan,nan,nan,nan,0.0004997501249375312,0.002475252013466025
phrase_subphrase_rela_1gram,prophetisches Stück,28,3510,0.00791407574901074,0.012557642086329136,0.00484884360285965,0.037086915091754456,0.5125712250712251,0.3942536620534919,0.9268331660471418,0.4091939328902767,0.3633183408295852,1.0,2000,0.6877940574113163,1.0,0.6132040362797325,1.0,1.0,1.0
phrase_subphrase_rela_1gram_psalm,Danklied Israels,6,2085,0.0028694404591104736,0.004996899345587993,0.0015294867614824782,0.02255954682494167,0.5141087130295764,0.1618520120379615,0.9669299317033095,0.4525617036814491,0.3983008495752124,1.0,2000,0.9789087076252553,1.0,0.8990219176126223,1.0,1.0,1.0
phrase_subphrase_rela_1gram_psalm,Danklied des Einzelnen,1540,26282,0.0553518798073467,0.05776790800438489,0.04500120025249452,0.0797183542627035,0.5141193370209427,0.48040915322449346,0.5624535688403602,0.031055678268894528,0.23288355822088955,1.0,2000,0.0430420804077661,0.21318653238237228,0.32853216249018347,1.0,1.0,1.0
phrase_subphrase_rela_1gram_psalm,Fluch,15,3124,0.004778591908251036,0.00461784147303812,0.0016747028482969497,0.01728381152099461,0.3968736662398634,0.2779521396729763,0.9453341161764278,0.9162540920589095,0.920039980009995,1.0,2000,0.988782647201491,1.0,0.9860069965017492,1.0,1.0,1.0
phrase_subphrase_rela_1gram_psalm,Hymnus,10878,56031,0.16257902524324083,0.17962317870201389,0.14601741544524777,0.22087967480376325,0.5307748661472493,0.49749961586403446,0.5694588547546162,1.282440566195546e-24,0.022988505747126436,0.9980009995002499,2000,5.9595767487910674e-24,2.9517660148047646e-23,0.13571339330334833,0.6721856249068675,1.0,1.0
phrase_subphrase_rela_1gram_psalm,Klagelied des Einzelnen,5460,44239,0.10986136541982736,0.1270963181486755,0.07780245682429143,0.22005985197133343,0.514585958621199,0.4622517816144786,0.6174023057978042,0.00021375447966196819,0.18490754622688654,1.0,2000,0.00022819734990939846,0.0011302567456115303,0.19740129935032483,0.9777245453190799,1.0,1.0
phrase_subphrase_rela_1gram_psalm,Klagelied des Volkes,496,15822,0.030395881848265718,0.029944363893392285,0.015518142370117276,0.04421561712610925,0.4919084059149979,0.42030299553822,0.5526905136535207,0.7306191318888485,0.5727136431784108,1.0,2000,0.9999906926869576,1.0,0.9272799497687054,1.0,1.0,1.0
phrase_subphrase_rela_1gram_psalm,Königspsalm,325,13010,0.024371953505811773,0.024151449469052094,0.010911915710867302,0.03719897802269483,0.5078890794063738,0.42174763036182694,0.5766846395720482,0.31326826992484286,0.36731634182908546,1.0,2000,0.9300732712125533,1.0,0.8824094446283351,1.0,1.0,1.0
phrase_subphrase_rela_1gram_psalm,Legende,3,1570,0.0019071837253655435,0.005586777047209499,0.0013231220123401668,0.014388489208633094,0.7492569002123142,0.3784609579400054,0.9416485676249621,0.06769988819185521,0.08895552223888056,0.4147926036981509,2000,0.07982524130084422,0.3953727660999072,0.10334538613046419,0.5118675560788125,0.4749074737993322,1.0
phrase_subphrase_rela_1gram_psalm,Liturgie,153,9122,0.016495956873315364,0.016218936846164943,0.006928883689494588,0.0259010472023891,0.4883163306980323,0.4080826929724782,0.565661878552139,0.6902201927542116,0.5812093953023488,1.0,2000,0.9999999998364674,1.0,1.0,1.0,1.0,1.0
phrase_subphrase_rela_1gram_psalm,Mischgedicht,45,5069,0.00879937426671881,0.008905378308944362,0.004673596217278106,0.02322338996095078,0.4828784989368931,0.3916646852406086,0.6550764576353899,0.6539949713849942,0.5862068965517241,1.0,2000,0.6798105623607177,1.0,0.6093466424682396,1.0,1.0,1.0
phrase_subphrase_rela_1gram_psalm,Segensspruch,253,11587,0.021368243243243244,0.019178299987475108,0.011048255971572277,0.030990389853468085,0.43822622531520433,0.3985279913212974,0.5106251065973383,0.9996201184068755,0.9890054972513743,1.0,2000,0.9999999994948561,1.0,0.9985007496251874,1.0,1.0,1.0
phrase_subphrase_rela_1gram_psalm,Segenswunsch,45,5166,0.008635578583765112,0.009356699176215044,0.0036261121894921055,0.01760029903243641,0.5256914870736009,0.4151982193376184,0.733527394669996,0.27614413586272624,0.2753623188405797,0.9995002498750625,2000,0.9999999999519258,1.0,1.0,1.0,1.0,1.0
phrase_subphrase_rela_1gram_psalm,Siegeslied,10,2607,0.0038211692777990066,0.0059963981938265295,0.0019638075134078437,0.014424120477760368,0.643114691215957,0.39720978809575996,0.7970337546960162,0.05887485932892657,0.10694652673663169,0.7501249375312344,2000,0.5813892358731498,1.0,0.8488255872063969,1.0,1.0,1.0
phrase_subphrase_rela_1gram_psalm,Thronbesteigungslied,36,4658,0.007669365146996165,0.04157955301488425,0.003032919421203026,0.32701867570009796,0.46424311817184294,0.14134439696758533,0.6142940311495692,0.7704526931304719,0.7001499250374813,1.0,2000,0.8572642641874265,1.0,0.7790400574360707,1.0,1.0,1.0
phrase_subphrase_rela_1gram_psalm,Tora,3,1569,0.0019083969465648854,0.5,0.5,0.5,0.9990439770554493,0.99812274111512,0.9993638589124749,0.0013842523414066671,0.0004997501249375312,0.001999000499750125,2000,0.0027897801675024784,0.013817723362452928,0.0019740129935032482,0.009777245453190798,0.004049257422570765,0.02005588810910933
phrase_subphrase_rela_1gram_psalm,Wallfahrtslied,0,525,0.0,nan,nan,nan,nan,nan,nan,nan,nan,0.0004997501249375312,2000,nan,nan,nan,nan,0.0004997501249375312,0.002475252013466025
phrase_subphrase_rela_1gram_psalm,Weisheitsgedicht,465,15359,0.029385743174924164,0.025948485341278017,0.018130635994771625,0.039863636837037454,0.4459332099774081,0.4114118605202298,0.48841308994625304,0.9999653783154436,0.9880059970014993,1.0,2000,0.999985157416146,1.0,0.9880059970014993,1.0,1.0,1.0
phrase_subphrase_rela_1gram_psalm,Zionslied,15,3122,0.004781638508128785,0.004489217744451447,0.0018277902270379918,0.01071640340194661,0.45895793294896436,0.28520194152739253,0.6754519777553368,0.7086301625304585,0.6421789105447276,1.0,2000,0.8113301860855974,1.0,0.7426866277006424,1.0,1.0,1.0
phrase_subphrase_rela_1gram_psalm,prophetische Gerichtsrede,1,1044,0.0009569377990430622,0.0014204545454545455,nan,nan,0.3328544061302682,nan,nan,0.7191223384482337,0.6922305764411028,1.0,2000,0.7526847162364245,1.0,0.7491262402581798,1.0,1.0,1.0
phrase_subphrase_rela_1gram_psalm,prophetische Redeweise,91,7175,0.012524084778420038,0.013539864695654621,0.00288414407821697,0.04133991453394999,0.48901558371941645,0.37480307011034175,0.6041392627966544,0.640840981531744,0.5422288855572214,1.0,2000,0.9999613427340172,1.0,0.9930034982508745,1.0,1.0,1.0
phrase_subphrase_rela_1gram_psalm,"prophetische Schelt-, Droh- und Mahnrede",21,3635,0.0057439824945295405,0.011885279500690515,0.0016453624045835993,0.08605847094832741,0.5921202593829828,0.3176667826469762,0.906745585207305,0.07243679882863233,0.1054472763618191,0.9185407296351824,2000,0.5202279188601776,1.0,0.7514409461935699,1.0,1.0,1.0
phrase_subphrase_rela_1gram_psalm,prophetische Tora,0,522,0.0,nan,nan,nan,nan,nan,nan,nan,nan,0.0004997501249375312,2000,nan,nan,nan,nan,0.0004997501249375312,0.002475252013466025
phrase_subphrase_rela_1gram_psalm,prophetisches Stück,28,4149,0.006703375628441465,0.007607926323606565,0.0022778056624853434,0.0473601289148387,0.4279258341080467,0.20170141775955167,0.5841687769057606,0.9060236515999507,0.8730634682658671,1.0,2000,0.9714858056745862,1.0,0.9329808779820616,1.0,1.0,1.0
phrase_typ_1_2_3gram,Danklied Israels,6,2097,0.0028530670470756064,0.004472882384779837,0.00225972133106865,0.008651921893716032,0.6410745509457956,0.4529632287742853,0.8251434343097863,0.1160967082837297,0.12993503248375812,0.7216391804097951,2000,0.7055107657242036,1.0,0.7501249375312344,1.0,1.0,1.0
phrase_typ_1_2_3gram,Danklied des Einzelnen,1596,26866,0.056074766355140186,0.05662244092334399,0.043958773762797936,0.07404541187193266,0.5030987704316251,0.45757497457166213,0.5602593003938495,0.33847261325731104,0.43478260869565216,1.0,2000,0.39909457384071007,1.0,0.5126541207008436,1.0,1.0,1.0
phrase_typ_1_2_3gram,Fluch,15,3142,0.004751346214760849,0.004052209722317967,0.0019230248529956107,0.022093504762828252,0.3407489921493741,0.19334405273055189,0.9099867769405875,0.9834677486077101,0.974512743628186,1.0,2000,0.988782647201491,1.0,0.9860069965017492,1.0,1.0,1.0
phrase_typ_1_2_3gram,Hymnus,11026,56707,0.16278623418422336,0.1400653645918047,0.11707152156911318,0.16386237228957612,0.44238154758688725,0.4050905849521976,0.47829150928439623,1.0,1.0,1.0,2000,1.0,1.0,1.0,1.0,1.0,1.0
phrase_typ_1_2_3gram,Klagelied des Einzelnen,5565,44872,0.11033566627674128,0.14781383825222427,0.10766984557135367,0.1867149312516448,0.5592584425428456,0.5076714924678736,0.6364965743859297,1.3709717571460297e-47,0.004997501249375313,0.9875062468765617,2000,1.9001187511322168e-47,9.411248801893702e-47,0.006168790604697652,0.03055389204122125,1.0,1.0
phrase_typ_1_2_3gram,Klagelied des Volkes,496,15918,0.030218106494455953,0.03652254084857119,0.022981863844941244,0.053944349876761666,0.5801309331290606,0.5131294230597081,0.6788596077020871,5.726268345647097e-10,0.015992003998001,0.9510244877561219,2000,4.022507767283889e-09,1.9923397620754498e-08,0.06316841579210394,0.31287185450210553,1.0,1.0
phrase_typ_1_2_3gram,Königspsalm,325,13088,0.024230224409155298,0.024572706738275694,0.015295914960398371,0.03959324976297779,0.4884818741771676,0.4222069512771744,0.6043551652710618,0.7613090016678306,0.6036981509245377,1.0,2000,0.9997904174423975,1.0,0.8824094446283351,1.0,1.0,1.0
phrase_typ_1_2_3gram,Legende,3,1579,0.0018963337547408343,0.03185358597848706,0.006952338027832595,0.07320638406929542,0.9292801351066076,0.8264204875014269,0.9877946366664557,0.005058676954717447,0.0029985007496251873,0.03548225887056472,2000,0.009082624532333598,0.04498605110709053,0.005508873470241623,0.02728533614843944,0.07376574870459508,0.3653602248297615
phrase_typ_1_2_3gram,Liturgie,153,9176,0.01640047164755065,0.02846419232431009,0.016576032544868613,0.04649026722467998,0.7248192214985384,0.6677116491137968,0.8023975568785562,6.2793965780296485e-22,0.0004997501249375312,0.3983008495752124,2000,1.6774232334179325e-20,8.308242517140808e-20,0.003760024749529997,0.01862332467274438,1.0,1.0
phrase_typ_1_2_3gram,Mischgedicht,45,5099,0.008748055987558321,0.03562785717412014,0.015017093679052773,0.0727980887064461,0.8570896254167484,0.7796267320357014,0.927735711237324,7.235917001284396e-17,0.0004997501249375312,0.10294852573713144,2000,5.7163744310146726e-15,2.8313084107509642e-14,0.0017165330378289116,0.008501952567991999,1.0,1.0
phrase_typ_1_2_3gram,Segensspruch,253,11656,0.021244436980434964,0.019017064282531547,0.011321955612586844,0.044484015949921546,0.40335686925053105,0.3258732984792784,0.5199642314421257,0.9999999310216267,0.9970014992503748,1.0,2000,0.9999999994948561,1.0,0.9985007496251874,1.0,1.0,1.0
phrase_typ_1_2_3gram,Segenswunsch,45,5196,0.008586147681740127,0.008509237373901036,0.0031322000351225025,0.021500690864351656,0.46859122401847575,0.3311698755475856,0.6404056433011507,0.7662994125683471,0.6766616691654173,1.0,2000,0.9999999999519258,1.0,1.0,1.0,1.0,1.0
phrase_typ_1_2_3gram,Siegeslied,10,2622,0.003799392097264438,0.003572288146370754,0.0018680014295714574,0.007123122180317482,0.45892448512585815,0.33725010129314803,0.7117585816838181,0.6733661553458867,0.6341829085457271,1.0,2000,0.9208285219226607,1.0,0.9063042008407561,1.0,1.0,1.0
phrase_typ_1_2_3gram,Thronbesteigungslied,36,4685,0.007625503071383181,0.011781400492102106,0.004079468644815853,0.037498054804979954,0.6186351239179414,0.514754957654274,0.8774009474033632,0.0070238001624490015,0.062468765617191405,0.815592203898051,2000,0.017650249358357364,0.08742131934016542,0.12337581209395303,0.611077840824425,1.0,1.0
phrase_typ_1_2_3gram,Tora,3,1578,0.0018975332068311196,0.0017607639803315272,0.0013267186080312356,0.0032833654400560917,0.2824250105618927,0.24982300282868145,0.341996063200158,0.9039567662728645,0.9305347326336831,1.0,2000,0.9274361627994324,1.0,0.9672663668165917,1.0,1.0,1.0
phrase_typ_1_2_3gram,Wallfahrtslied,0,528,0.0,nan,nan,nan,nan,nan,nan,nan,nan,0.0004997501249375312,2000,nan,nan,nan,nan,0.0004997501249375312,0.002475252013466025
phrase_typ_1_2_3gram,Weisheitsgedicht,465,15452,0.029214047873342967,0.028756611318982894,0.018778130461006654,0.04291925077706754,0.49662840736070635,0.42707154171221906,0.578748898996575,0.5979897151558128,0.5252373813093453,1.0,2000,0.999985157416146,1.0,0.8930058780133743,1.0,1.0,1.0
phrase_typ_1_2_3gram,Zionslied,15,3140,0.004754358161648178,0.01931677073989552,0.005058466460148274,0.06224461074940837,0.8325371549893843,0.6821848673623079,0.9463219477623468,4.293740781680442e-06,0.0004997501249375312,0.13893053473263367,2000,2.270776043221335e-05,0.00011247106689201161,0.0026320173246709975,0.013036327270921067,0.7317008162585373,1.0
phrase_typ_1_2_3gram,prophetische Gerichtsrede,1,1050,0.0009514747859181732,0.003816793893129771,nan,nan,0.7523809523809524,nan,nan,0.19166036535938813,0.16164658634538154,0.31784107946026985,2000,0.42058802398310174,1.0,0.3869721309480346,1.0,0.7174127222103234,1.0
phrase_typ_1_2_3gram,prophetische Redeweise,91,7217,0.012452107279693486,0.01004447521153801,0.005221262232697798,0.01803701144231466,0.42691325578952016,0.3374579459858769,0.5737192724274002,0.9918015472392087,0.9300349825087456,1.0,2000,0.9999613427340172,1.0,0.9930034982508745,1.0,1.0,1.0
phrase_typ_1_2_3gram,"prophetische Schelt-, Droh- und Mahnrede",21,3656,0.005711177590426979,0.029592515634687656,0.0036636255340339744,0.5,0.5295665312076691,0.3861080519204213,0.7709969541431437,0.3199476320302789,0.33983008495752126,1.0,2000,0.8287155809202843,1.0,0.7514409461935699,1.0,1.0,1.0
phrase_typ_1_2_3gram,prophetische Tora,0,525,0.0,nan,nan,nan,nan,nan,nan,nan,nan,0.0004997501249375312,2000,nan,nan,nan,nan,0.0004997501249375312,0.002475252013466025
phrase_typ_1_2_3gram,prophetisches Stück,28,4173,0.006665079742918353,0.006167795051320141,0.0027574856335802413,0.012668730496788409,0.4776411283420629,0.3669993677743304,0.7897713035599487,0.6585490142703336,0.5837081459270365,1.0,2000,0.9714858056745862,1.0,0.8745250016501182,1.0,1.0,1.0
phrase_typ_1_2_3gram_psalm,Danklied Israels,6,2097,0.0028530670470756064,0.0025467853235587126,0.0012382657158044239,0.005496849132029612,0.378000317914481,0.14737137567827027,0.7172980543316737,0.8494094296635739,0.8495752123938031,1.0,2000,0.9789087076252553,1.0,0.9895372826407309,1.0,1.0,1.0
phrase_typ_1_2_3gram_psalm,Danklied des Einzelnen,1596,26866,0.056074766355140186,0.06678410467746619,0.04775770333642073,0.09866595670779561,0.5772065744648974,0.5147160782094247,0.6308219332137537,1.5185484895910154e-25,0.00399800099950025,0.960519740129935,2000,2.9991332669422552e-24,1.4854644925961162e-23,0.034545227386306845,0.171101795430839,1.0,1.0
phrase_typ_1_2_3gram_psalm,Fluch,15,3142,0.004751346214760849,0.004213143541634681,0.002177834432370427,0.00808673311641271,0.4198387438998515,0.21918420412468653,0.697096148770203,0.8583492530798504,0.8175912043978011,1.0,2000,0.988782647201491,1.0,0.9860069965017492,1.0,1.0,1.0
phrase_typ_1_2_3gram_psalm,Hymnus,11026,56707,0.16278623418422336,0.18493698916724907,0.14917088116203084,0.21662342322716152,0.5383801622688776,0.5030923783573485,0.5803814074052646,1.1462908458100286e-37,0.015492253873063468,0.999000499750125,2000,1.8111395363798454e-36,8.970536594968361e-36,0.13571339330334833,0.6721856249068675,1.0,1.0
phrase_typ_1_2_3gram_psalm,Klagelied des Einzelnen,5565,44872,0.11033566627674128,0.1508684695546486,0.08866298118753439,0.24151057763902178,0.574385201424293,0.5166969827733082,0.6628359151122426,9.026992247281546e-74,0.0009995002498750624,0.9645177411294353,2000,1.7828309688381054e-73,8.830324846517495e-73,0.001518471533464037,0.007520958040915999,1.0,1.0
phrase_typ_1_2_3gram_psalm,Klagelied des Volkes,496,15918,0.030218106494455953,0.027509989741374044,0.010769513223176543,0.04528914855211249,0.48048814438108206,0.3665062825721374,0.5605208605921472,0.9308787861253134,0.703648175912044,1.0,2000,0.9999906926869576,1.0,0.9272799497687054,1.0,1.0,1.0
phrase_typ_1_2_3gram_psalm,Königspsalm,325,13088,0.024230224409155298,0.022219388026484065,0.009409587235562658,0.03567717233190196,0.4860153752115855,0.3837222440145082,0.5739386260898311,0.8058409349722082,0.6356821589205397,1.0,2000,0.9997904174423975,1.0,0.8824094446283351,1.0,1.0,1.0
phrase_typ_1_2_3gram_psalm,Legende,3,1579,0.0018963337547408343,0.02134613280822667,0.0023563455745313554,0.08698950743942463,0.8471606502005489,0.45290544304121483,0.9280265698265663,0.01876215457861182,0.014492753623188406,0.10844577711144428,2000,0.026468039494827393,0.13109565117219163,0.020816864295125165,0.10310549750637571,0.1557675707600745,0.7715135503063286
phrase_typ_1_2_3gram_psalm,Liturgie,153,9176,0.01640047164755065,0.011410196407534361,0.005590041149249142,0.01839133679314435,0.35208714407006625,0.26063445781433153,0.4197326660636963,0.9999999998364674,1.0,1.0,2000,0.9999999998364674,1.0,1.0,1.0,1.0,1.0
phrase_typ_1_2_3gram_psalm,Mischgedicht,45,5099,0.008748055987558321,0.009352297543806513,0.0053393493118125135,0.017250155815271426,0.5389575297988712,0.43573769423840036,0.628364572323097,0.1837412688263253,0.24687656171914044,0.9985007496251874,2000,0.29623592320978975,1.0,0.3900649675162419,1.0,1.0,1.0
phrase_typ_1_2_3gram_psalm,Segensspruch,253,11656,0.021244436980434964,0.017562835775048462,0.009359868024860175,0.026727112345955754,0.44046103586068075,0.3680135268614555,0.5059010865035566,0.9994136594548179,0.935032483758121,1.0,2000,0.9999999994948561,1.0,0.9985007496251874,1.0,1.0,1.0
phrase_typ_1_2_3gram_psalm,Segenswunsch,45,5196,0.008586147681740127,0.005141339460532114,0.002332031900692543,0.009394587028465986,0.22022709776751348,0.11112621687175996,0.3227409723557712,0.9999999999519258,1.0,1.0,2000,0.9999999999519258,1.0,1.0,1.0,1.0,1.0
phrase_typ_1_2_3gram_psalm,Siegeslied,10,2622,0.003799392097264438,0.0033378134921028236,0.0014448830054963138,0.007681498235457084,0.4180396643783372,0.18148930057760476,0.6634923741375399,0.8149299009455977,0.7801099450274862,1.0,2000,0.9208285219226607,1.0,0.9063042008407561,1.0,1.0,1.0
phrase_typ_1_2_3gram_psalm,Thronbesteigungslied,36,4685,0.007625503071383181,0.013169696051933764,0.0013652039284389544,0.03226346943069198,0.4999881418237875,0.2692491203635969,0.7212163394087732,0.5001224303258193,0.4767616191904048,1.0,2000,0.5896965969513391,1.0,0.5492905721052517,1.0,1.0,1.0
phrase_typ_1_2_3gram_psalm,Tora,3,1578,0.0018975332068311196,0.5,0.5,0.5,0.9990494296577946,0.9982698703790477,0.9993438263891475,0.0013768541022870955,0.0004997501249375312,0.0004997501249375312,2000,0.0027897801675024784,0.013817723362452928,0.0019740129935032482,0.009777245453190798,0.0026320173246709975,0.013036327270921067
phrase_typ_1_2_3gram_psalm,Wallfahrtslied,0,528,0.0,nan,nan,nan,nan,nan,nan,nan,nan,0.0004997501249375312,2000,nan,nan,nan,nan,0.0004997501249375312,0.002475252013466025
phrase_typ_1_2_3gram_psalm,Weisheitsgedicht,465,15452,0.029214047873342967,0.02959742459860416,0.02020159281989618,0.046954246202375705,0.49975699982463906,0.4312539169563829,0.5666444570586102,0.5071365012401907,0.4947526236881559,1.0,2000,0.999985157416146,1.0,0.8930058780133743,1.0,1.0,1.0
phrase_typ_1_2_3gram_psalm,Zionslied,15,3140,0.004754358161648178,0.004454179094162213,0.0016231943314689921,0.010425381206141204,0.4612738853503185,0.1828356043368345,0.6934550153864659,0.6979133675801357,0.6486756621689156,1.0,2000,0.8108111182180988,1.0,0.7426866277006424,1.0,1.0,1.0
phrase_typ_1_2_3gram_psalm,prophetische Gerichtsrede,1,1050,0.0009514747859181732,0.0016474464579901153,nan,nan,0.4266666666666667,nan,nan,0.6008425738826679,0.6310240963855421,1.0,2000,0.6923652733263479,1.0,0.7121557659208261,1.0,1.0,1.0
phrase_typ_1_2_3gram_psalm,prophetische Redeweise,91,7217,0.012452107279693486,0.012112040019745716,0.0029047736250634474,0.05341692540757814,0.4578186120378167,0.33873733345776214,0.5499935932086412,0.9169967223948234,0.7736131934032984,1.0,2000,0.9999613427340172,1.0,0.9930034982508745,1.0,1.0,1.0
phrase_typ_1_2_3gram_psalm,"prophetische Schelt-, Droh- und Mahnrede",21,3656,0.005711177590426979,0.01354273575553976,0.001302530116539603,0.08826065587870686,0.3991742211107638,0.193239124170056,0.6849122408302469,0.9447502679134423,0.9030484757621189,1.0,2000,0.9587524091568367,1.0,0.9265042803273688,1.0,1.0,1.0
phrase_typ_1_2_3gram_psalm,prophetische Tora,0,525,0.0,nan,nan,nan,nan,nan,nan,nan,nan,0.0004997501249375312,2000,nan,nan,nan,nan,0.0004997501249375312,0.002475252013466025
phrase_typ_1_2_3gram_psalm,prophetisches Stück,28,4173,0.006665079742918353,0.010478885127129505,0.0023937850852248743,0.1352902120867641,0.41254150833590086,0.24093313760758672,0.660122857660381,0.944949310333678,0.8935532233883059,1.0,2000,0.9714858056745862,1.0,0.9329808779820616,1.0,1.0,1.0
phrase_typ_1_2gram,Danklied Israels,6,2097,0.0028530670470756064,0.004441126300992245,0.0020905769996281006,0.00875261105090806,0.633444603401685,0.39947019238144055,0.8293575070212268,0.1292184605577546,0.14142928535732133,0.7606196901549226,2000,0.7139318490897003,1.0,0.7501249375312344,1.0,1.0,1.0
phrase_typ_1_2gram,Danklied des Einzelnen,1596,26866,0.056074766355140186,0.0571309669417068,0.04458873041325112,0.07493619382706254,0.5058999183173447,0.4611989244403848,0.5582054344148294,0.21381433765467306,0.39030484757621187,1.0,2000,0.2681163916622091,1.0,0.48671757871064464,1.0,1.0,1.0
phrase_typ_1_2gram,Fluch,15,3142,0.004751346214760849,0.0035333177750131936,0.0016906732577149702,0.009329577872492787,0.32941862932314875,0.205468961567372,0.8686801915822849,0.988782647201491,0.9860069965017492,1.0,2000,0.988782647201491,1.0,0.9860069965017492,1.0,1.0,1.0
phrase_typ_1_2gram,Hymnus,11026,56707,0.16278623418422336,0.1435653703353008,0.11992773951213774,0.16732652761957767,0.45115069813632175,0.41404994847361337,0.488524214195119,1.0,0.9985007496251874,1.0,2000,1.0,1.0,1.0,1.0,1.0,1.0
phrase_typ_1_2gram,Klagelied des Einzelnen,5565,44872,0.11033566627674128,0.14579734390937374,0.10687527483836673,0.18839964897200737,0.556494305775742,0.5043144248248912,0.624715115144074,1.9287677620067663e-43,0.004997501249375313,0.9830084957521239,2000,2.582587342348043e-43,1.2791501592716828e-42,0.006168790604697652,0.03055389204122125,1.0,1.0
phrase_typ_1_2gram,Klagelied des Volkes,496,15918,0.030218106494455953,0.03763200449696287,0.022933592537789243,0.05578538478213948,0.587577362207118,0.5210706175312916,0.6821709243652642,1.4315178862716977e-11,0.00849575212393803,0.9260369815092454,2000,5.654495650773206e-10,2.8006599791167233e-09,0.06316841579210394,0.31287185450210553,1.0,1.0
phrase_typ_1_2gram,Königspsalm,325,13088,0.024230224409155298,0.025020608133044207,0.015345407164272408,0.039822688528590805,0.4991575371450066,0.4320468282967462,0.6186829932043542,0.5207260103850385,0.48575712143928035,1.0,2000,0.9997904174423975,1.0,0.8824094446283351,1.0,1.0,1.0
phrase_typ_1_2gram,Legende,3,1579,0.0018963337547408343,0.022022529708235074,0.006195264429774041,0.041765424441287606,0.924424741397509,0.8146892114147561,0.9792740385703899,0.0055000308522372,0.0029985007496251873,0.04397801099450275,2000,0.009244732709079549,0.045788969547460846,0.005508873470241623,0.02728533614843944,0.0847381187455053,0.4197061462833124
phrase_typ_1_2gram,Liturgie,153,9176,0.01640047164755065,0.027564167215964684,0.015581010013053315,0.04694686149745128,0.6986369671379159,0.6383595053758233,0.7873368167400998,1.5764135542913566e-17,0.0009995002498750624,0.4962518740629685,2000,1.5567083848627147e-16,7.710344373585768e-16,0.003760024749529997,0.01862332467274438,1.0,1.0
phrase_typ_1_2gram,Mischgedicht,45,5099,0.008748055987558321,0.031220802444006643,0.013026487361521332,0.06955233624885072,0.842032206750779,0.7589979340818522,0.9253102612329424,1.261868790626631e-15,0.0004997501249375312,0.13843078460769614,2000,1.993752689190077e-14,9.875015756900351e-14,0.0017165330378289116,0.008501952567991999,1.0,1.0
phrase_typ_1_2gram,Segensspruch,253,11656,0.021244436980434964,0.017688221013439705,0.010843649925636545,0.028204513939007053,0.4194275760198144,0.35109447573025,0.5359755853274274,0.9999943830024476,0.9880059970014993,1.0,2000,0.9999999994948561,1.0,0.9985007496251874,1.0,1.0,1.0
phrase_typ_1_2gram,Segenswunsch,45,5196,0.008586147681740127,0.008879398434748775,0.0034345326417521264,0.022705710802411006,0.48527499786160294,0.3453210922142711,0.6516913673218557,0.6333439177824278,0.5847076461769115,1.0,2000,0.9999999999519258,1.0,1.0,1.0,1.0,1.0
phrase_typ_1_2gram,Siegeslied,10,2622,0.003799392097264438,0.004548539417971719,0.0020017138473722644,0.021979877392395604,0.4813882532418002,0.3008513382377826,0.9229822909787508,0.5806918095989141,0.5377311344327836,1.0,2000,0.9208285219226607,1.0,0.9063042008407561,1.0,1.0,1.0
phrase_typ_1_2gram,Thronbesteigungslied,36,4685,0.007625503071383181,0.01488929643332491,0.006016907172973029,0.14941732286520804,0.6248132337246531,0.5181997213544999,0.8733286221708376,0.004883806080311419,0.04847576211894053,0.7991004497751124,2000,0.01483925693633085,0.07349853212059522,0.10941672021132291,0.5419387479768615,1.0,1.0
phrase_typ_1_2gram,Tora,3,1578,0.0018975332068311196,0.0022871981472608804,0.0017447727058233858,0.004354550720494886,0.3443177017321504,0.31302320543199386,0.3953912625882923,0.8247307208373471,0.8335832083958021,1.0,2000,0.8687163592820055,1.0,0.8780409795102448,1.0,1.0,1.0
phrase_typ_1_2gram,Wallfahrtslied,0,528,0.0,nan,nan,nan,nan,nan,nan,nan,nan,0.0004997501249375312,2000,nan,nan,nan,nan,0.0004997501249375312,0.002475252013466025
phrase_typ_1_2gram,Weisheitsgedicht,465,15452,0.029214047873342967,0.02805285824205273,0.018832189852709187,0.041231536757998975,0.4929586315165382,0.4324979239705782,0.5633393211701304,0.6978527675119796,0.5722138930534733,1.0,2000,0.999985157416146,1.0,0.8930058780133743,1.0,1.0,1.0
phrase_typ_1_2gram,Zionslied,15,3140,0.004754358161648178,0.023976701984785596,0.007300586104198009,0.08105045799329437,0.8495647558386412,0.695372341124561,0.9508637410789025,1.4494351541122303e-06,0.0004997501249375312,0.12543728135932034,2000,1.0409579743169654e-05,5.155843277045029e-05,0.0026320173246709975,0.013036327270921067,0.7219247519097595,1.0
phrase_typ_1_2gram,prophetische Gerichtsrede,1,1050,0.0009514747859181732,0.0029850746268656717,nan,nan,0.6828571428571428,nan,nan,0.26395962255949246,0.2459839357429719,0.5497251374312844,2000,0.5182474132699125,1.0,0.5092529207740051,1.0,1.0,1.0
phrase_typ_1_2gram,prophetische Redeweise,91,7217,0.012452107279693486,0.010110464506798573,0.0051703354278727544,0.018203657730683494,0.4251241345601883,0.3424812066844472,0.5644606027351129,0.9930281022788415,0.9415292353823088,1.0,2000,0.9999613427340172,1.0,0.9930034982508745,1.0,1.0,1.0
phrase_typ_1_2gram,"prophetische Schelt-, Droh- und Mahnrede",21,3656,0.005711177590426979,0.01540588064429125,0.0033328368502062284,0.5,0.5183130144836928,0.3720180017980021,0.740750187386326,0.38600899928952526,0.3853073463268366,1.0,2000,0.8287155809202843,1.0,0.7514409461935699,1.0,1.0,1.0
phrase_typ_1_2gram,prophetische Tora,0,525,0.0,nan,nan,nan,nan,nan,nan,nan,nan,0.0004997501249375312,2000,nan,nan,nan,nan,0.0004997501249375312,0.002475252013466025
phrase_typ_1_2gram,prophetisches Stück,28,4173,0.006665079742918353,0.005884802421516736,0.0025912901722657997,0.012289497567463375,0.4528816199376947,0.3432777323883397,0.7609158896560713,0.8053222660204629,0.7186406796601699,1.0,2000,0.9714858056745862,1.0,0.9288827808318064,1.0,1.0,1.0
phrase_typ_1_2gram_psalm,Danklied Israels,6,2097,0.0028530670470756064,0.0026057224768210718,0.0012828659297970837,0.005535367114723563,0.3870608806231124,0.18602872617056357,0.6707696999003311,0.8307373312091471,0.8365817091454273,1.0,2000,0.9789087076252553,1.0,0.9895372826407309,1.0,1.0,1.0
phrase_typ_1_2gram_psalm,Danklied des Einzelnen,1596,26866,0.056074766355140186,0.06582576703812382,0.04868518561217983,0.09671068176517944,0.5672198180443292,0.5097616391695436,0.6200701047908456,7.988053325012275e-20,0.005497251374312844,0.975512243878061,2000,4.854278559045921e-19,2.4043141117183944e-18,0.034545227386306845,0.171101795430839,1.0,1.0
phrase_typ_1_2gram_psalm,Fluch,15,3142,0.004751346214760849,0.004152993836460563,0.0020593614012443516,0.00816708732763836,0.4012624655208996,0.2292569478912304,0.7216066633000999,0.9068323340546336,0.8810594702648675,1.0,2000,0.988782647201491,1.0,0.9860069965017492,1.0,1.0,1.0
phrase_typ_1_2gram_psalm,Hymnus,11026,56707,0.16278623418422336,0.1847162239994588,0.14881192189511686,0.22360496607142252,0.5364140242716009,0.5023459247629897,0.5761894676950408,4.164732767803734e-34,0.014992503748125937,0.999000499750125,2000,3.655709873961055e-33,1.810665525556563e-32,0.13571339330334833,0.6721856249068675,1.0,1.0
phrase_typ_1_2gram_psalm,Klagelied des Einzelnen,5565,44872,0.11033566627674128,0.1432944204827904,0.08810805011282112,0.2155092691011033,0.567077470795636,0.5123521354376988,0.6509484588874664,2.1866794549993907e-60,0.0009995002498750624,0.975512243878061,2000,3.755384281411997e-60,1.860034053031132e-59,0.001518471533464037,0.007520958040915999,1.0,1.0
phrase_typ_1_2gram_psalm,Klagelied des Volkes,496,15918,0.030218106494455953,0.028805421487519113,0.012176891388165276,0.0467178828038614,0.4913104940035424,0.39017532723056736,0.569156029805234,0.7454266055488615,0.5732133933033483,1.0,2000,0.9999906926869576,1.0,0.9272799497687054,1.0,1.0,1.0
phrase_typ_1_2gram_psalm,Königspsalm,325,13088,0.024230224409155298,0.022892733016871017,0.010435477976111383,0.03636382601214523,0.48822585574572125,0.397983210773552,0.564575296285988,0.7661764997965572,0.6201899050474763,1.0,2000,0.9997904174423975,1.0,0.8824094446283351,1.0,1.0,1.0
phrase_typ_1_2gram_psalm,Legende,3,1579,0.0018963337547408343,0.012053872053872055,0.0018972281569632373,0.02791095431717707,0.8387164872282035,0.4564668562123948,0.9573382317198493,0.021220071638674745,0.02498750624687656,0.14142928535732133,2000,0.02941027472728605,0.1456684813123428,0.03463180690356576,0.1715306219858035,0.1960160270741822,0.9708633204396477
phrase_typ_1_2gram_psalm,Liturgie,153,9176,0.01640047164755065,0.01230533754351775,0.005807948633022208,0.01998848006176228,0.38845011994917117,0.2962249139082413,0.4546535249579494,0.9999989322650455,0.9975012493753124,1.0,2000,0.9999999998364674,1.0,1.0,1.0,1.0,1.0
phrase_typ_1_2gram_psalm,Mischgedicht,45,5099,0.008748055987558321,0.009267015136231679,0.004906152957702341,0.017295168511687383,0.5405046741191083,0.43796916507654055,0.6282197655346539,0.1743846063019775,0.24037981009495252,0.999000499750125,2000,0.2931145510182175,1.0,0.3900649675162419,1.0,1.0,1.0
phrase_typ_1_2gram_psalm,Segensspruch,253,11656,0.021244436980434964,0.017405395375878645,0.009292268937738933,0.027771974394160716,0.4285149923634302,0.3658452130810048,0.4916776292277015,0.9999512243478718,0.9785107446276862,1.0,2000,0.9999999994948561,1.0,0.9985007496251874,1.0,1.0,1.0
phrase_typ_1_2gram_psalm,Segenswunsch,45,5196,0.008586147681740127,0.005680511428233292,0.0025646942471521557,0.010417771553968226,0.3030707381746643,0.18617343627842964,0.4209606258939849,0.999997395206818,1.0,1.0,2000,0.9999999999519258,1.0,1.0,1.0,1.0,1.0
phrase_typ_1_2gram_psalm,Siegeslied,10,2622,0.003799392097264438,0.004149241001641898,0.0014510071301229379,0.011710139679206696,0.4874141876430206,0.10786121468859107,0.8029051697510494,0.554797920950453,0.5167416291854073,1.0,2000,0.9208285219226607,1.0,0.9063042008407561,1.0,1.0,1.0
phrase_typ_1_2gram_psalm,Thronbesteigungslied,36,4685,0.007625503071383181,0.02539161466701901,0.0012961830001160233,0.050650126078940726,0.5668860429265979,0.2807802507073986,0.808092572410288,0.08307332312148913,0.14992503748125938,0.9760119940029985,2000,0.12153319493699336,0.6019513962269742,0.2193347770559165,1.0,1.0,1.0
phrase_typ_1_2gram_psalm,Tora,3,1578,0.0018975332068311196,0.75,0.75,0.75,0.9993662864385298,0.9988465802526986,0.9995625509260984,0.0013851685209603619,0.0009995002498750624,0.0014992503748125937,2000,0.0027897801675024784,0.013817723362452928,0.0019740129935032482,0.009777245453190798,0.0031168626213209185,0.015437755978722316
phrase_typ_1_2gram_psalm,Wallfahrtslied,0,528,0.0,nan,nan,nan,nan,nan,nan,nan,nan,0.0004997501249375312,2000,nan,nan,nan,nan,0.0004997501249375312,0.002475252013466025
phrase_typ_1_2gram_psalm,Weisheitsgedicht,465,15452,0.029214047873342967,0.029690176421630694,0.01984606833899748,0.04542635675646255,0.49204814632340454,0.4269746107355382,0.557670281873604,0.7208084802560581,0.5772113943028486,1.0,2000,0.999985157416146,1.0,0.8930058780133743,1.0,1.0,1.0
phrase_typ_1_2gram_psalm,Zionslied,15,3140,0.004754358161648178,0.007483899635880633,0.0015494959498988305,0.017689464098898225,0.6366772823779193,0.27090702469118005,0.8359146505111021,0.033704267775690924,0.06146926536731634,0.7481259370314842,2000,0.05665185434637411,0.28059546069143043,0.1041606856146395,0.5159057175300676,1.0,1.0
phrase_typ_1_2gram_psalm,prophetische Gerichtsrede,1,1050,0.0009514747859181732,0.0015128593040847202,nan,nan,0.37238095238095237,nan,nan,0.6712448555757595,0.6877510040160643,1.0,2000,0.7365047720900696,1.0,0.7491262402581798,1.0,1.0,1.0
phrase_typ_1_2gram_psalm,prophetische Redeweise,91,7217,0.012452107279693486,0.012256943995250104,0.002571635959201107,0.04999507304701988,0.45732603270361344,0.33344451637498695,0.5543936901562063,0.9194385441400483,0.7896051974012993,1.0,2000,0.9999613427340172,1.0,0.9930034982508745,1.0,1.0,1.0
phrase_typ_1_2gram_psalm,"prophetische Schelt-, Droh- und Mahnrede",21,3656,0.005711177590426979,0.011321258194705043,0.0014316021279050877,0.09720453260270419,0.39014145045326665,0.15973300153281184,0.6020387765664802,0.9589687944032314,0.9390304847576212,1.0,2000,0.9589687944032314,1.0,0.9390304847576212,1.0,1.0,1.0
phrase_typ_1_2gram_psalm,prophetische Tora,0,525,0.0,nan,nan,nan,nan,nan,nan,nan,nan,0.0004997501249375312,2000,nan,nan,nan,nan,0.0004997501249375312,0.002475252013466025
phrase_typ_1_2gram_psalm,prophetisches Stück,28,4173,0.006665079742918353,0.024338784076792238,0.00205774558808846,0.26229916791770724,0.4452218342405258,0.28854577674090615,0.7227001844395818,0.8415172918572773,0.7726136931534233,1.0,2000,0.9714858056745862,1.0,0.9288827808318064,1.0,1.0,1.0
phrase_typ_1gram,Danklied Israels,6,2097,0.0028530670470756064,0.004616593511100345,0.0018794737172871865,0.010459249640685767,0.6269273565410904,0.2921665340218488,0.8843053872034407,0.14121317475579825,0.1489255372313843,0.7816091954022989,2000,0.7139318490897003,1.0,0.7501249375312344,1.0,1.0,1.0
phrase_typ_1gram,Danklied des Einzelnen,1596,26866,0.056074766355140186,0.057804056608597165,0.04528252592130661,0.07731727518014904,0.5072648097389308,0.45945623874886743,0.5612051252959998,0.1643418099640243,0.35582208895552225,1.0,2000,0.21283611454357249,1.0,0.4608187709423977,1.0,1.0,1.0
phrase_typ_1gram,Fluch,15,3142,0.004751346214760849,0.004038353306987315,0.001711333706361847,0.00891499014296177,0.3949077021005729,0.19936573625467138,0.8722976400624466,0.9202161365461812,0.894552723638181,1.0,2000,0.988782647201491,1.0,0.9860069965017492,1.0,1.0,1.0
phrase_typ_1gram,Hymnus,11026,56707,0.16278623418422336,0.14664951739287332,0.1231829411831779,0.1705360700595357,0.45502108062513646,0.41719514035196426,0.4932398066208626,1.0,0.999000499750125,1.0,2000,1.0,1.0,1.0,1.0,1.0,1.0
phrase_typ_1gram,Klagelied des Einzelnen,5565,44872,0.11033566627674128,0.1450911126882582,0.1072346908733185,0.20415673441156998,0.558688755813281,0.5034934699494442,0.6166461674598894,1.01866236876014e-46,0.001999000499750125,0.9810094952523738,2000,1.3874883988284664e-46,6.872201289174687e-46,0.002722776542763101,0.01348585579750455,1.0,1.0
phrase_typ_1gram,Klagelied des Volkes,496,15918,0.030218106494455953,0.03620201969121137,0.021589960189927284,0.05189666152700272,0.5715703008158749,0.509780307015266,0.6573501778831435,2.703859007154909e-08,0.017491254372813594,0.9555222388805598,2000,1.1866936753624324e-07,5.877669184525825e-07,0.06580043311677494,0.3259081817730267,1.0,1.0
phrase_typ_1gram,Königspsalm,325,13088,0.024230224409155298,0.024671375081371044,0.01507723902680046,0.038194748624268304,0.5068371497084823,0.4368025439518241,0.6203102629668583,0.3366029266581634,0.41379310344827586,1.0,2000,0.9300732712125533,1.0,0.8824094446283351,1.0,1.0,1.0
phrase_typ_1gram,Legende,3,1579,0.0018963337547408343,0.012723049308415162,0.0036698357384793716,0.026330373881159493,0.8794595735697699,0.6882988901799777,0.9660196110060993,0.011505649190689487,0.015992003998001,0.11494252873563218,2000,0.01683233863082351,0.08337022445466298,0.022560148497179983,0.11173994803646627,0.1621510673234811,0.8031308765121014
phrase_typ_1gram,Liturgie,153,9176,0.01640047164755065,0.024381174836191632,0.012806844742692423,0.04485770679870679,0.63353889943074,0.5648113098393708,0.7282243564311072,6.954049509384244e-09,0.001999000499750125,0.7571214392803598,2000,2.1129611970821356e-08,1.046545302636373e-07,0.006580043311677494,0.03259081817730266,1.0,1.0
phrase_typ_1gram,Mischgedicht,45,5099,0.008748055987558321,0.023681483911912958,0.009843815467520391,0.058587864396161746,0.7981543221982523,0.7122343378788104,0.9118542674787211,2.6483737839911375e-12,0.0009995002498750624,0.2563718140929535,2000,1.1623418274183326e-11,5.757054986254667e-11,0.0031584207896051975,0.01564359272510528,1.0,1.0
phrase_typ_1gram,Segensspruch,253,11656,0.021244436980434964,0.01855602692509497,0.011042758199788038,0.029918362616555963,0.42930764253799975,0.38658742520192363,0.5835002025027004,0.9999417538604712,0.9815092453773113,1.0,2000,0.9999999994948561,1.0,0.9985007496251874,1.0,1.0,1.0
phrase_typ_1gram,Segenswunsch,45,5196,0.008586147681740127,0.008788349202575851,0.003409486234832694,0.01732202545034167,0.501806945513643,0.3716780598036289,0.6720918986001205,0.4833468027233283,0.46276861569215394,1.0,2000,0.9999999999519258,1.0,1.0,1.0,1.0,1.0
phrase_typ_1gram,Siegeslied,10,2622,0.003799392097264438,0.003683369221195951,0.001732359709537662,0.01097566841475017,0.4232646834477498,0.2526642800510136,0.8349085462785392,0.7992777086312604,0.7711144427786107,1.0,2000,0.9208285219226607,1.0,0.9063042008407561,1.0,1.0,1.0
phrase_typ_1gram,Thronbesteigungslied,36,4685,0.007625503071383181,0.01632837822837234,0.005341272263955776,0.06702020406701997,0.6959148582947943,0.5992240293765344,0.8381242072181988,2.4963575817321557e-05,0.004997501249375313,0.5242378810594702,2000,0.00021912472106315592,0.0010853202029305273,0.06502631037422466,0.32207396786981457,1.0,1.0
phrase_typ_1gram,Tora,3,1578,0.0018975332068311196,0.002878218238490149,0.0020944052218791077,0.0053941469228559686,0.43346007604562736,0.4031754344527809,0.4847475878934467,0.6551887774301427,0.6206896551724138,1.0,2000,0.7725360211489742,1.0,0.7395183005512169,1.0,1.0,1.0
phrase_typ_1gram,Wallfahrtslied,0,528,0.0,nan,nan,nan,nan,nan,nan,nan,nan,0.0004997501249375312,2000,nan,nan,nan,nan,0.0004997501249375312,0.002475252013466025
phrase_typ_1gram,Weisheitsgedicht,465,15452,0.029214047873342967,0.0285945960462358,0.01914965424024631,0.04135966046885263,0.5027599169401462,0.4493899145059153,0.5729709577707849,0.4195210633389753,0.4352823588205897,1.0,2000,0.999985157416146,1.0,0.8930058780133743,1.0,1.0,1.0
phrase_typ_1gram,Zionslied,15,3140,0.004754358161648178,0.023875678896980657,0.00578041448580263,0.08772180862760423,0.8314331210191083,0.6879747246537501,0.9706962764768642,4.5990400875368814e-06,0.0004997501249375312,0.19490254872563717,2000,2.270776043221335e-05,0.00011247106689201161,0.0026320173246709975,0.013036327270921067,0.7907018712865791,1.0
phrase_typ_1gram,prophetische Gerichtsrede,1,1050,0.0009514747859181732,0.003875968992248062,nan,nan,0.7561904761904762,nan,nan,0.1880841918390337,0.19879518072289157,0.3548225887056472,2000,0.42058802398310174,1.0,0.43624497991967875,1.0,0.7786384585485037,1.0
phrase_typ_1gram,prophetische Redeweise,91,7217,0.012452107279693486,0.010649221671338197,0.005670466291942569,0.020568017620811774,0.4407922685600391,0.3657950254998764,0.5657045994689972,0.9740653465045889,0.8915542228885557,1.0,2000,0.9999613427340172,1.0,0.9930034982508745,1.0,1.0,1.0
phrase_typ_1gram,"prophetische Schelt-, Droh- und Mahnrede",21,3656,0.005711177590426979,0.0071312602876288595,0.002277569840143201,0.04862143262078606,0.5112795665312077,0.3067615203780398,0.743187004928957,0.4291972859234896,0.40879560219890054,1.0,2000,0.8287155809202843,1.0,0.7514409461935699,1.0,1.0,1.0
phrase_typ_1gram,prophetische Tora,0,525,0.0,nan,nan,nan,nan,nan,nan,nan,nan,0.0004997501249375312,2000,nan,nan,nan,nan,0.0004997501249375312,0.002475252013466025
phrase_typ_1gram,prophetisches Stück,28,4173,0.006665079742918353,0.006027488023935148,0.002238881606613103,0.012640349558303255,0.45623652048885693,0.26598889917282015,0.659171748688885,0.7880006117003839,0.6931534232883558,1.0,2000,0.9714858056745862,1.0,0.9205480593036816,1.0,1.0,1.0
phrase_typ_1gram_psalm,Danklied Israels,6,2097,0.0028530670470756064,0.0031973367891428685,0.0011682977333676253,0.008942446679865242,0.4313304721030043,0.14274118654689663,0.9509464783878342,0.7197395145049883,0.68015992003998,1.0,2000,0.9789087076252553,1.0,0.9895372826407309,1.0,1.0,1.0
phrase_typ_1gram_psalm,Danklied des Einzelnen,1596,26866,0.056074766355140186,0.06417547630176729,0.04823354218905326,0.08852504047153362,0.5608255568758865,0.5051841722261202,0.6107886068614918,1.4412205348331856e-16,0.0079960019990005,0.975512243878061,2000,5.421734392943888e-16,2.685373810419733e-15,0.037157891642414086,0.18404226735417975,1.0,1.0
phrase_typ_1gram_psalm,Fluch,15,3142,0.004751346214760849,0.004199942396598499,0.0021657852460835805,0.008688285736419344,0.42956715467854867,0.2764240612739243,0.6604781743242648,0.8270869141368787,0.7821089455272364,1.0,2000,0.988782647201491,1.0,0.9860069965017492,1.0,1.0,1.0
phrase_typ_1gram_psalm,Hymnus,11026,56707,0.16278623418422336,0.18243942516734304,0.14888585931648896,0.22071544201548962,0.5298793429935993,0.4967059538242614,0.5641922347663051,1.331461290919046e-23,0.026986506746626688,0.9995002498750625,2000,5.843635665700258e-23,2.8943406365920363e-22,0.13571339330334833,0.6721856249068675,1.0,1.0
phrase_typ_1gram_psalm,Klagelied des Einzelnen,5565,44872,0.11033566627674128,0.14106335456281888,0.08828993661741356,0.21468726608616612,0.5626552183893906,0.5144923885537129,0.6359098655934877,5.893926917711624e-53,0.0004997501249375312,0.9740129935032483,2000,8.622596787022563e-53,4.270754321682493e-52,0.0008773391082236659,0.004345442423640355,1.0,1.0
phrase_typ_1gram_psalm,Klagelied des Volkes,496,15918,0.030218106494455953,0.027950471459514355,0.01322458017270103,0.04316858788826897,0.4745845264439932,0.3994670445964591,0.5358714793703294,0.9732509255351565,0.8040979510244878,1.0,2000,0.9999906926869576,1.0,0.9272799497687054,1.0,1.0,1.0
phrase_typ_1gram_psalm,Königspsalm,325,13088,0.024230224409155298,0.023437754441898547,0.012084118936176043,0.036570659631203574,0.4769188452134662,0.40984438874920553,0.5453209197124617,0.922748261351219,0.7646176911544228,1.0,2000,0.9997904174423975,1.0,0.8824094446283351,1.0,1.0,1.0
phrase_typ_1gram_psalm,Legende,3,1579,0.0018963337547408343,0.0037141191030983403,0.0014524352861653345,0.006265410123518674,0.6611779607346422,0.28248935091251204,0.8790791038317757,0.1672037495718004,0.1714142928535732,0.6431784107946027,2000,0.18345966966905877,0.9086719423930373,0.1880795713254484,0.9315542195679012,0.7057096451774113,1.0
phrase_typ_1gram_psalm,Liturgie,153,9176,0.01640047164755065,0.013437679615594902,0.006408077923516544,0.022206586837587552,0.42349892587084237,0.34243533149583116,0.49120067077852386,0.9994246314211237,0.9850074962518741,1.0,2000,0.9999999998364674,1.0,1.0,1.0,1.0,1.0
phrase_typ_1gram_psalm,Mischgedicht,45,5099,0.008748055987558321,0.009571640345791249,0.004790031959576555,0.020145579141057975,0.5438037959512758,0.43645161870615423,0.6522820083708687,0.15545776743112477,0.20689655172413793,0.9940029985007496,2000,0.2698870653309048,1.0,0.36321839080459767,1.0,1.0,1.0
phrase_typ_1gram_psalm,Segensspruch,253,11656,0.021244436980434964,0.017501264179743185,0.008597647286937477,0.029047791528883968,0.4301106353137776,0.37761072264855683,0.48212914310394467,0.9999304119857828,0.9845077461269365,1.0,2000,0.9999999994948561,1.0,0.9985007496251874,1.0,1.0,1.0
phrase_typ_1gram_psalm,Segenswunsch,45,5196,0.008586147681740127,0.007093988757937628,0.002801154254382188,0.013609583067623242,0.4153964588144727,0.27398407604898467,0.5699405477246052,0.9748512043965747,0.9505247376311844,1.0,2000,0.9999999999519258,1.0,1.0,1.0,1.0,1.0
phrase_typ_1gram_psalm,Siegeslied,10,2622,0.003799392097264438,0.005815201297900646,0.0015158163219980445,0.02354261256696789,0.5579328756674294,0.1302765318527865,0.9373482016006172,0.2633335286642056,0.25737131434282856,0.9810094952523738,2000,0.9208285219226607,1.0,0.9063042008407561,1.0,1.0,1.0
phrase_typ_1gram_psalm,Thronbesteigungslied,36,4685,0.007625503071383181,0.06043870786245322,0.002019734339538418,0.27996662574608716,0.6075240128068303,0.3330378633328428,0.8829393451612586,0.01300585087305953,0.053973013493253376,0.8565717141429285,2000,0.025686555474292574,0.1272249770116556,0.11428496278176702,0.5660510525531516,1.0,1.0
phrase_typ_1gram_psalm,Tora,3,1578,0.0018975332068311196,1.0,1.0,1.0,1.0,1.0,1.0,0.0013670721864921947,0.0009995002498750624,0.0009995002498750624,2000,0.0027897801675024784,0.013817723362452928,0.0019740129935032482,0.009777245453190798,0.0026320173246709975,0.013036327270921067
phrase_typ_1gram_psalm,Wallfahrtslied,0,528,0.0,nan,nan,nan,nan,nan,nan,nan,nan,0.0004997501249375312,2000,nan,nan,nan,nan,0.0004997501249375312,0.002475252013466025
phrase_typ_1gram_psalm,Weisheitsgedicht,465,15452,0.029214047873342967,0.028925635922465325,0.0201016602138507,0.04453296848562331,0.48699413236689965,0.42978039418435493,0.5490750804561043,0.8307696465369949,0.6491754122938531,1.0,2000,0.999985157416146,1.0,0.8930058780133743,1.0,1.0,1.0
phrase_typ_1gram_psalm,Zionslied,15,3140,0.004754358161648178,0.013615859954793967,0.004469892165647015,0.03976634787881081,0.7685668789808917,0.5250956158651325,0.911275473317784,0.000162836627053367,0.0034982508745627187,0.3188405797101449,2000,0.0005145637414886397,0.00254862354928991,0.011515075795435615,0.05703393181027966,0.7907018712865791,1.0
phrase_typ_1gram_psalm,prophetische Gerichtsrede,1,1050,0.0009514747859181732,0.002070393374741201,nan,nan,0.5419047619047619,nan,nan,0.4429882958159006,0.4292168674698795,0.9965017491254373,2000,0.5832679228242691,1.0,0.5457783515012431,1.0,1.0,1.0
phrase_typ_1gram_psalm,prophetische Redeweise,91,7217,0.012452107279693486,0.01248303306864877,0.002446472445524929,0.04420145152549818,0.45340062459364106,0.33529795335398177,0.5684225092770826,0.9370170702224152,0.8305847076461769,1.0,2000,0.9999613427340172,1.0,0.9930034982508745,1.0,1.0,1.0
phrase_typ_1gram_psalm,"prophetische Schelt-, Droh- und Mahnrede",21,3656,0.005711177590426979,0.011778104585528984,0.0016771238982326592,0.1075139218660644,0.3980996665624674,0.19763801148907348,0.6142816486578893,0.9466163027118135,0.928535732133933,1.0,2000,0.9587524091568367,1.0,0.9390304847576212,1.0,1.0,1.0
phrase_typ_1gram_psalm,prophetische Tora,0,525,0.0,nan,nan,nan,nan,nan,nan,nan,nan,0.0004997501249375312,2000,nan,nan,nan,nan,0.0004997501249375312,0.002475252013466025
phrase_typ_1gram_psalm,prophetisches Stück,28,4173,0.006665079742918353,0.012102526465048818,0.0025296057793110635,0.30697749790693735,0.4376476327410907,0.2787195932208988,0.6720062942472607,0.8726657832990057,0.8190904547726137,1.0,2000,0.9714858056745862,1.0,0.9288827808318064,1.0,1.0,1.0
